Date,GC=F_Close,GC=F_High,GC=F_Low,GC=F_Open,GC=F_Volume
8/30/2000,273.8999939,273.8999939,273.8999939,273.8999939,0
8/31/2000,278.2999878,278.2999878,274.7999878,274.7999878,0
9/1/2000,277,277,277,277,0
9/5/2000,275.7999878,275.7999878,275.7999878,275.7999878,2
9/6/2000,274.2000122,274.2000122,274.2000122,274.2000122,0
9/7/2000,274,274,274,274,125
9/8/2000,273.2999878,273.2999878,273.2999878,273.2999878,0
9/11/2000,273.1000061,273.1000061,273.1000061,273.1000061,0
9/12/2000,272.8999939,272.8999939,272.8999939,272.8999939,0
9/13/2000,272.7999878,272.7999878,272.7999878,272.7999878,0
9/14/2000,272.3999939,272.3999939,272.3999939,272.3999939,0
9/15/2000,272.2999878,272.2999878,272.2999878,272.2999878,0
9/18/2000,271.3999939,271.3999939,271.3999939,271.3999939,0
9/19/2000,271.8999939,271.8999939,271.8999939,271.8999939,0
9/20/2000,269,269,269,269,0
9/21/2000,270.2999878,270.2999878,270.2999878,270.2999878,0
9/22/2000,271.7999878,271.7999878,271.7999878,271.7999878,0
9/25/2000,274.1000061,274.1000061,274.1000061,274.1000061,0
9/26/2000,273.8999939,273.8999939,273.8999939,273.8999939,0
9/27/2000,278.3999939,278.3999939,278.3999939,278.3999939,3511
9/28/2000,275.6000061,277.5,275.1000061,277.5,631
9/29/2000,273.6000061,274.6000061,272,274.6000061,22
10/2/2000,273.1000061,273.5,272.5,272.7999878,161
10/3/2000,271.6000061,272.7999878,271.5,272.1000061,25
10/4/2000,270.2999878,271,270.1000061,270.5,11
10/5/2000,270.6000061,270.6000061,270,270.2999878,6
10/6/2000,269.2999878,270.2000122,269.2999878,269.7999878,2
10/9/2000,270.1000061,270.1000061,269.1000061,269.1000061,4
10/10/2000,272.3999939,272.3999939,272.3999939,272.3999939,13
10/11/2000,270.5,273.5,270.5,272.5,18
10/12/2000,276.3999939,276.3999939,274,274,3
10/13/2000,272.3999939,274.2000122,272.3999939,274.2000122,0
10/16/2000,271.5,271.5,271.5,271.5,5
10/17/2000,271.1000061,271.1000061,271.1000061,271.1000061,0
10/18/2000,270.2999878,270.2999878,270.2999878,270.2999878,0
10/19/2000,270.1000061,270.1000061,270.1000061,270.1000061,1
10/20/2000,271.2000122,271.2000122,271.2000122,271.2000122,32
10/23/2000,270.1000061,271.7000122,270.1000061,271.7000122,1
10/24/2000,270.1000061,270.1000061,269.7999878,269.7999878,16
10/25/2000,266.2000122,267.1000061,266,266.2000122,20
10/26/2000,264.8999939,267,264.8999939,266,0
10/27/2000,264.3999939,265.5,264.3999939,265.5,1
10/30/2000,264.2999878,264.2999878,264.2999878,264.2999878,2
10/31/2000,264.8999939,265,264.5,264.5,0
11/1/2000,263.8999939,263.8999939,263.8999939,263.8999939,0
11/2/2000,264.3999939,264.3999939,264.3999939,264.3999939,0
11/3/2000,264.6000061,264.6000061,264.6000061,264.6000061,0
11/6/2000,264.5,264.5,264.5,264.5,0
11/7/2000,264.2999878,264.2999878,264.2999878,264.2999878,0
11/8/2000,265,265,265,265,0
11/9/2000,265.7999878,265.7999878,265.7999878,265.7999878,0
11/10/2000,264.5,264.5,264.5,264.5,0
11/13/2000,264.2999878,264.2999878,264.2999878,264.2999878,100
11/14/2000,264.8999939,264.8999939,264.8999939,264.8999939,0
11/15/2000,265.1000061,265.1000061,265.1000061,265.1000061,0
11/16/2000,265.7999878,265.7999878,265.7999878,265.7999878,3
11/17/2000,265.7000122,265.7000122,265.2000122,265.2000122,7
11/20/2000,266.2999878,266.2999878,266.2999878,266.2999878,0
11/21/2000,265.7000122,265.7000122,265.7000122,265.7000122,0
11/22/2000,266.2999878,266.2999878,266.2999878,266.2999878,0
11/27/2000,270.1000061,270.1000061,270.1000061,270.1000061,0
11/28/2000,269.7999878,269.7999878,269.7999878,269.7999878,28696
11/29/2000,266.3999939,270.1000061,265.7999878,269.6000061,2849
11/30/2000,270.1000061,270.2000122,266.2000122,266.3999939,810
12/1/2000,268.7000122,272,268.5,269.7000122,332
12/4/2000,270.7000122,272,270,271,137
12/5/2000,270.3999939,271,269.8999939,270.8999939,407
12/6/2000,274.2999878,274.2999878,270.6000061,271,81
12/7/2000,273.2000122,276,272.6000061,274.2999878,36
12/8/2000,272.2000122,273,272.2000122,272.7000122,120
12/11/2000,270.2000122,270.7000122,269.2000122,270.7000122,15
12/12/2000,270.2999878,270.2999878,269.5,270.2999878,62
12/13/2000,268.6000061,270,268.1000061,270,30
12/14/2000,269,269,268,268.6000061,31
12/15/2000,270.3999939,270.3999939,269.2000122,269.2000122,63
12/18/2000,269.7000122,270,269.7000122,270,17
12/19/2000,269.7000122,269.7000122,269,269.7000122,203
12/20/2000,272.5,272.5,272,272.5,5
12/21/2000,273.7000122,273.7000122,273,273,110
12/22/2000,273.7000122,274,273.7000122,273.7000122,13
12/26/2000,274.1000061,274.7999878,273.2000122,273.2000122,0
12/27/2000,275.2000122,275.2000122,274.5,274.5,1
12/28/2000,271.7000122,273.2000122,271.7000122,273.2000122,1
12/29/2000,272,272,272,272,0
1/2/2001,268.3999939,268.3999939,268.3999939,268.3999939,0
1/3/2001,268,268,268,268,1
1/4/2001,267.2999878,267.2999878,267.2999878,267.2999878,1
1/5/2001,268,268,268,268,0
1/8/2001,268,268,268,268,0
1/9/2001,267.5,267.5,267.5,267.5,0
1/10/2001,264.7000122,264.7000122,264.7000122,264.7000122,0
1/11/2001,264,264,264,264,0
1/12/2001,263.8999939,263.8999939,263.8999939,263.8999939,0
1/16/2001,263.2999878,263.2999878,263.2999878,263.2999878,0
1/17/2001,263.2000122,263.2000122,263.2000122,263.2000122,0
1/18/2001,264.2000122,264.2000122,264.2000122,264.2000122,0
1/19/2001,264.2999878,264.2999878,264.2999878,264.2999878,0
1/22/2001,266.3999939,266.3999939,266.3999939,266.3999939,0
1/23/2001,266.1000061,266.1000061,266.1000061,266.1000061,0
1/24/2001,264.2999878,264.2999878,264.2999878,264.2999878,0
1/25/2001,264.5,264.5,264.5,264.5,0
1/26/2001,262.7999878,262.7999878,262.7999878,262.7999878,0
1/29/2001,262.7999878,262.7999878,262.7999878,262.7999878,15489
1/30/2001,265.5,266.6000061,262.8999939,262.8999939,1754
1/31/2001,265.6000061,266,263.7000122,265.2000122,566
2/1/2001,268.5,268.8999939,266.2999878,266.2999878,410
2/2/2001,267.1000061,268.2000122,266.5,268,107
2/5/2001,265.2000122,265.7999878,265.1000061,265.1000061,192
2/6/2001,263.2999878,263.8999939,261.7999878,263.8999939,25
2/7/2001,262.7999878,263.5,262.3999939,262.7999878,166
2/8/2001,260.1000061,263.5,259.7999878,263.5,13
2/9/2001,259.8999939,260.5,259,260.5,0
2/12/2001,260.7000122,262.5,260.1000061,262.5,17
2/13/2001,260.2999878,261,261,261,0
2/14/2001,259.3999939,260,259.3999939,260,30
2/15/2001,255.1000061,259.5,255.1000061,259.5,23
2/16/2001,258.2000122,258.5,255,255,2
2/20/2001,256.1000061,256.1000061,255,256.1000061,24
2/21/2001,258.2000122,258.2000122,256.6000061,256.7000122,40
2/22/2001,258.5,258.5,257.5,258.5,16
2/23/2001,260.8999939,260.8999939,259.6000061,260,0
2/26/2001,265.7999878,265.7999878,261.5,262,1
2/27/2001,267.3999939,267.3999939,267,267,0
2/28/2001,266.7999878,266.7999878,266.7999878,266.7999878,0
3/1/2001,265.2000122,265.2000122,265.2000122,265.2000122,0
3/2/2001,262.1000061,262.1000061,262.1000061,262.1000061,0
3/5/2001,262.5,262.5,262.5,262.5,11
3/6/2001,259.8999939,260,259.8999939,260,20
3/7/2001,261.3999939,261.3999939,259,259,0
3/8/2001,265.3999939,265.3999939,265.3999939,265.3999939,0
3/9/2001,270.7999878,270.7999878,270.7999878,270.7999878,0
3/12/2001,271.6000061,271.6000061,271.6000061,271.6000061,8
3/13/2001,266.7999878,266.7999878,266.7999878,266.7999878,0
3/14/2001,262.5,262.5,262.5,262.5,0
3/15/2001,260,260,260,260,2
3/16/2001,258.1000061,258.1000061,257,257,0
3/19/2001,259.7999878,259.7999878,259.7999878,259.7999878,0
3/20/2001,260.5,260.5,260.5,260.5,0
3/21/2001,261.8999939,261.8999939,261.8999939,261.8999939,0
3/22/2001,261.1000061,261.1000061,261.1000061,261.1000061,1
3/23/2001,261.5,261.5,261.5,261.5,0
3/26/2001,261.8999939,261.8999939,261.8999939,261.8999939,0
3/27/2001,261,261,261,261,0
3/28/2001,259.7000122,259.7000122,259.7000122,259.7000122,22994
3/29/2001,258.7999878,260.3999939,258.2000122,259.7000122,5646
3/30/2001,257.8999939,259.2999878,256.6000061,258.7999878,2479
4/2/2001,255.6000061,257.7999878,255,257.2000122,456
4/3/2001,256.7999878,258.6000061,255.5,255.5,326
4/4/2001,258.3999939,260.5,258,258.2999878,175
4/5/2001,258.1000061,259.1000061,257.7000122,259.1000061,150
4/6/2001,260,260.2000122,257.7999878,259.5,86
4/9/2001,258.2999878,260.5,258,260.5,28
4/10/2001,257.2999878,258.2999878,256.6000061,258.2999878,31
4/11/2001,258.7000122,260,256.5,257.7000122,95
4/12/2001,260.1000061,261,259,260.1000061,20
4/16/2001,263.2999878,263.7999878,260.2999878,260.5,71
4/17/2001,261.1000061,262.3999939,260.5,260.5,38
4/18/2001,261.2999878,262.2999878,259.5,260,0
4/19/2001,265.2999878,265.2999878,262.2999878,263,101
4/20/2001,264.7999878,265,263.5,264.7000122,16
4/23/2001,263.7000122,263.7000122,262.6000061,263.6000061,69
4/24/2001,264.1000061,265,264,265,64
4/25/2001,262.3999939,264.3999939,262,263.5,0
4/26/2001,264.3999939,264.3999939,263.5,264.3999939,1
4/27/2001,263.8999939,263.8999939,263.8999939,263.8999939,6
4/30/2001,264,264,264,264,0
5/1/2001,264.3999939,264.3999939,264.3999939,264.3999939,0
5/2/2001,265.3999939,265.3999939,265.3999939,265.3999939,0
5/3/2001,266.2999878,266.2999878,266.2999878,266.2999878,0
5/4/2001,266.1000061,266.1000061,266.1000061,266.1000061,0
5/7/2001,266.1000061,266.1000061,266.1000061,266.1000061,0
5/8/2001,265.1000061,265.1000061,265.1000061,265.1000061,0
5/9/2001,270,270,270,270,0
5/10/2001,269.1000061,269.1000061,269.1000061,269.1000061,0
5/11/2001,267.8999939,267.8999939,267.8999939,267.8999939,0
5/14/2001,268.2999878,268.2999878,268.2999878,268.2999878,0
5/15/2001,268.1000061,268.1000061,268.1000061,268.1000061,0
5/16/2001,272,272,272,272,0
5/17/2001,273.6000061,273.6000061,273.6000061,273.6000061,0
5/18/2001,287.3999939,287.3999939,287.3999939,287.3999939,0
5/21/2001,285.3999939,285.3999939,285.3999939,285.3999939,0
5/22/2001,285.1000061,285.1000061,285.1000061,285.1000061,0
5/23/2001,283.6000061,283.6000061,283.6000061,283.6000061,6
5/24/2001,279.1000061,279.1000061,279.1000061,279.1000061,6
5/25/2001,277.8999939,277.8999939,277.8999939,277.8999939,0
5/29/2001,273.7999878,273.7999878,273.7999878,273.7999878,28775
5/30/2001,265.7000122,275,264.2000122,274.3999939,2955
5/31/2001,265.2999878,268.1000061,264.7999878,265.1000061,1108
6/1/2001,266.3999939,266.8999939,264.5,264.7000122,251
6/4/2001,264.8999939,266.8999939,264.5,266.8999939,122
6/5/2001,265.7000122,265.8999939,264.5,265,126
6/6/2001,265.7000122,267,265.2000122,266.7000122,112
6/7/2001,266,266.5,265,266.2999878,119
6/8/2001,273.3999939,274.2000122,266.2000122,266.2000122,166
6/11/2001,267.8999939,271.2000122,266.5,271.1000061,131
6/12/2001,271.5,271.5,269,270,91
6/13/2001,272,272.5,270,271.8999939,38
6/14/2001,275.2999878,276,272,272,76
6/15/2001,271.2000122,274.7000122,271.2000122,274.2999878,20
6/18/2001,272.3999939,272.5,271.2999878,272,31
6/19/2001,273.3999939,273.3999939,273,273,21
6/20/2001,272.3999939,272.7000122,271,272.7000122,26
6/21/2001,272.6000061,272.6000061,271.7999878,271.7999878,12
6/22/2001,272.2999878,273.6000061,272,273.6000061,0
6/25/2001,273.7000122,275,273.7000122,275,8
6/26/2001,276.2000122,277,274,274,0
6/27/2001,272.1000061,275.7000122,272.1000061,275.7000122,0
6/28/2001,269.2999878,269.2999878,269.2999878,269.2999878,0
6/29/2001,270.6000061,270.6000061,270.6000061,270.6000061,0
7/2/2001,269.3999939,269.3999939,269.3999939,269.3999939,0
7/3/2001,267.6000061,267.6000061,267.6000061,267.6000061,1
7/5/2001,265.1000061,265.1000061,263.7000122,265.1000061,1
7/6/2001,265.8999939,265.8999939,265.8999939,265.8999939,70
7/9/2001,266.5,266.5,266.5,266.5,0
7/10/2001,266.2000122,266.2000122,266.2000122,266.2000122,5
7/11/2001,268.2999878,268.2999878,268.2999878,268.2999878,0
7/12/2001,266.6000061,266.6000061,266.6000061,266.6000061,0
7/13/2001,267.1000061,267.1000061,267.1000061,267.1000061,0
7/16/2001,266.8999939,266.8999939,266.8999939,266.8999939,0
7/17/2001,268.1000061,268.1000061,268.1000061,268.1000061,5
7/18/2001,270.3999939,270.3999939,270.3999939,270.3999939,0
7/19/2001,269.3999939,269.3999939,269.3999939,269.3999939,5
7/20/2001,269.8999939,269.8999939,269.8999939,269.8999939,0
7/23/2001,268.7999878,268.7999878,268.7999878,268.7999878,0
7/24/2001,269.7000122,269.7000122,269.7000122,269.7000122,0
7/25/2001,267.7000122,267.7000122,267.7000122,267.7000122,0
7/26/2001,266.2000122,266.2000122,266.2000122,266.2000122,0
7/27/2001,267.3999939,267.3999939,267.3999939,267.3999939,17975
7/30/2001,264.6000061,267.5,264.1000061,267.2999878,1912
7/31/2001,266.2000122,266.5,264.3999939,264.7999878,348
8/1/2001,267.3999939,268.1000061,265.7999878,266.2000122,284
8/2/2001,267.3999939,268,266.1000061,267,136
8/3/2001,267.8999939,268.5,266.5,267,234
8/6/2001,267.1000061,267.7999878,267,267.7999878,156
8/7/2001,267.2000122,267.2000122,265.8999939,267,291
8/8/2001,267.8999939,268,265.8999939,266.1000061,436
8/9/2001,273.3999939,274,268,268,107
8/10/2001,273.8999939,275.7999878,273,273.3999939,3
8/13/2001,275.7000122,275.7000122,275.2000122,275.2000122,8
8/14/2001,276.2999878,276.2999878,273.2000122,274.7999878,10
8/15/2001,275.7000122,276,275,275,2
8/16/2001,275.2000122,275.2000122,275,275,6
8/17/2001,279.2999878,279.2999878,277.2000122,277.6000061,26
8/20/2001,276.1000061,277.2000122,276.1000061,277.2000122,1
8/21/2001,275,275,275,275,2
8/22/2001,274.8999939,274.8999939,274.8999939,274.8999939,0
8/23/2001,275.2999878,275.2999878,275.2999878,275.2999878,0
8/24/2001,272.5,272.5,272.5,272.5,59
8/27/2001,272.6000061,272.6000061,272.3999939,272.5,56
8/28/2001,272.2999878,272.2999878,272.2999878,272.2999878,0
8/29/2001,273.7000122,274.2000122,273.7000122,274.2000122,0
8/30/2001,275.3999939,275.3999939,275.3999939,275.3999939,0
8/31/2001,274.3999939,274.3999939,274.3999939,274.3999939,0
9/4/2001,271.6000061,271.6000061,271.6000061,271.6000061,0
9/5/2001,272,272,272,272,0
9/6/2001,273,273,273,273,0
9/7/2001,273.1000061,273.1000061,273,273.1000061,0
9/10/2001,271.6000061,271.6000061,271.6000061,271.6000061,0
9/14/2001,290.2000122,290.2000122,290.2000122,290.2000122,0
9/17/2001,289.7999878,289.7999878,289.7999878,289.7999878,0
9/18/2001,288.1000061,288.1000061,288.1000061,288.1000061,0
9/19/2001,291.5,291.5,291.5,291.5,1
9/20/2001,289,289.5,289,289.5,1
9/21/2001,291.8999939,291.8999939,291.8999939,291.8999939,0
9/24/2001,289.7000122,289.7999878,289.7000122,289.7999878,0
9/25/2001,290.5,290.5,290.5,290.5,0
9/26/2001,293.2999878,293.2999878,293.2999878,293.2999878,1010
9/27/2001,291.7000122,293.5,289,293.5,942
9/28/2001,292.3999939,294,290.7000122,290.7000122,1183
10/1/2001,292.2000122,292.8999939,290.5,291.7999878,91
10/2/2001,289.8999939,292.1000061,289.8999939,292.1000061,157
10/3/2001,290.5,291.2000122,290.1000061,291,84
10/4/2001,290.5,292,290,290,20
10/5/2001,291.3999939,292.5,291.3999939,291.5,10
10/8/2001,292.3999939,292.5,292,292,10
10/9/2001,288.8999939,292.7000122,288.8999939,292.7000122,17
10/10/2001,285.7000122,287.5,284,287.5,71
10/11/2001,281.7999878,283.5,280.5,283.5,140
10/12/2001,284.8999939,284.8999939,282.2000122,282.2000122,27
10/15/2001,282.1000061,282.7000122,282.1000061,282.7000122,51
10/16/2001,282.2999878,282.7999878,281.7000122,282.2000122,140
10/17/2001,283.3999939,283.3999939,282.2000122,282.2000122,7
10/18/2001,279.2000122,282.5,279.2000122,282.5,7
10/19/2001,280.1000061,280.1000061,279,279.5,4
10/22/2001,275.5,275.5,275.5,275.5,4
10/23/2001,276.1000061,277,276.1000061,277,42
10/24/2001,275.8999939,275.8999939,275.8999939,275.8999939,1
10/25/2001,277.7999878,277.7999878,277.7999878,277.7999878,1
10/26/2001,277.8999939,277.8999939,277.8999939,277.8999939,1
10/29/2001,279.1000061,279.1000061,278.5,278.5,6
10/30/2001,280.6000061,281.2000122,279.5,281.2000122,2
10/31/2001,279.5,280.5,279.5,279.5,0
11/1/2001,279.7000122,279.7000122,279.7000122,279.7000122,0
11/2/2001,279.7999878,279.7999878,279.7999878,279.7999878,0
11/5/2001,278.5,278.5,278.5,278.5,0
11/6/2001,279.7000122,279.7000122,279.7000122,279.7000122,90
11/7/2001,281,281,280.5,280.5,5
11/8/2001,276.7999878,278,276.7999878,278,1
11/9/2001,277.3999939,277.3999939,277.2000122,277.2000122,0
11/12/2001,278.2999878,278.2999878,278.2999878,278.2999878,4
11/13/2001,277.7999878,277.7999878,277.7999878,277.7999878,0
11/14/2001,277.7999878,277.7999878,277.7999878,277.7999878,0
11/15/2001,275.1000061,275.1000061,275.1000061,275.1000061,0
11/16/2001,274.7000122,274.7000122,274.7000122,274.7000122,0
11/19/2001,272.7000122,272.7000122,272.7000122,272.7000122,0
11/20/2001,273,273,273,273,0
11/21/2001,272.8999939,272.8999939,272.8999939,272.8999939,0
11/26/2001,272.2999878,272.2999878,272.2999878,272.2999878,0
11/27/2001,273.2000122,273.2000122,273.2000122,273.2000122,0
11/28/2001,274.1000061,274.1000061,274.1000061,274.1000061,22395
11/29/2001,273.5,275.3999939,273,274.1000061,4710
11/30/2001,273.8999939,275.5,272.6000061,273.2000122,744
12/3/2001,276.8999939,277.5,273.5,273.5,389
12/4/2001,275.3999939,277.2000122,275,276.8999939,214
12/5/2001,273.7000122,275.6000061,273,275.2999878,198
12/6/2001,274.2000122,274.2999878,273.1000061,274.2000122,73
12/7/2001,273.8999939,274.3999939,273.2999878,274.1000061,478
12/10/2001,272.2000122,273.2000122,271.2000122,272.5,357
12/11/2001,272.2000122,272.5,271.5,272.5,79
12/12/2001,273.7999878,273.7999878,272.5,272.7000122,57
12/13/2001,273.8999939,274.3999939,273.5,274,44
12/14/2001,278,278.5,275,275,51
12/17/2001,277.7000122,278.2000122,277,278.2000122,17
12/18/2001,280.3999939,281.2999878,278.2999878,280.3999939,119
12/19/2001,275.5,280,275.5,280,18
12/20/2001,276,276.5,276,276.5,18
12/21/2001,278,278.6000061,276,276,39
12/26/2001,279.7000122,280.8999939,278.2999878,278.2999878,0
12/27/2001,277.3999939,278.5,277.2000122,278,2
12/28/2001,276.5,276.5,276.5,276.5,2
12/31/2001,278.7000122,278.7000122,276.7999878,276.7999878,2
1/2/2002,278.8999939,278.8999939,278.8999939,278.8999939,2
1/3/2002,278.2000122,278.2000122,278.2000122,278.2000122,2
1/4/2002,278.8999939,278.8999939,278.8999939,278.8999939,2
1/7/2002,278.6000061,279,278.6000061,278.6000061,1
1/8/2002,278.8999939,278.8999939,278.8999939,278.8999939,1
1/9/2002,283.3999939,283.3999939,283.3999939,283.3999939,1
1/10/2002,287.1000061,287.1000061,287.1000061,287.1000061,2
1/11/2002,287.3999939,287.3999939,287.3999939,287.3999939,2
1/14/2002,285.3999939,285.3999939,285.3999939,285.3999939,2
1/15/2002,284.3999939,284.3999939,284.3999939,284.3999939,2
1/16/2002,287.2999878,287.2999878,287.2999878,287.2999878,2
1/17/2002,284.3999939,284.3999939,284.3999939,284.3999939,2
1/18/2002,283.1000061,283.1000061,283.1000061,283.1000061,2
1/22/2002,281.5,281.5,281.5,281.5,2
1/23/2002,278.6000061,278.6000061,278.6000061,278.6000061,2
1/24/2002,278.1000061,278.1000061,278.1000061,278.1000061,2
1/25/2002,278.7999878,278.7999878,278.7999878,278.7999878,2
1/28/2002,278.2999878,278.2999878,278.2999878,278.2999878,2
1/29/2002,281.3999939,281.3999939,281.3999939,281.3999939,23818
1/30/2002,281.8999939,283.2000122,280.5,281.8999939,3680
1/31/2002,282.1000061,282.7999878,280.7999878,281,1082
2/1/2002,286,287.5,282.2000122,282.2999878,536
2/4/2002,289.2999878,290,285.3999939,286,336
2/5/2002,298.2000122,298.2000122,290,290,1043
2/6/2002,297.5,308,296.2000122,297.2999878,239
2/7/2002,299.7000122,301.5,296.2000122,297.2000122,264
2/8/2002,303.5,307.3999939,302.7999878,304.5,187
2/11/2002,300.1000061,303.5,297.5,303.5,362
2/12/2002,300.7000122,300.7000122,297,299,454
2/13/2002,299.3999939,300.7000122,296.7000122,300.5,229
2/14/2002,299.7000122,300.5,299.3999939,300,20
2/15/2002,298.3999939,301.6000061,298.3999939,300.5,62
2/19/2002,293.2000122,297.2999878,293.2000122,297,35
2/20/2002,292.2999878,294.2000122,290.7999878,294.1000061,24
2/21/2002,293.2000122,293.3999939,291.7999878,291.7999878,13
2/22/2002,293.2000122,293.2000122,292.5,293.2000122,151
2/25/2002,292.7000122,293,291.5,292.7000122,0
2/26/2002,298,298,293.2000122,294,4
2/27/2002,296.2999878,296.2999878,295.2999878,295.2999878,5
2/28/2002,296.7000122,296.7000122,296,296,0
3/1/2002,298,298,298,298,0
3/4/2002,296.7000122,296.7000122,296.7000122,296.7000122,5
3/5/2002,294,298,294,298,0
3/6/2002,293.5,293.5,293.3999939,293.5,0
3/7/2002,290.1000061,290.1000061,290.1000061,290.1000061,76
3/8/2002,290.1000061,290.1000061,290.1000061,290.1000061,0
3/11/2002,291.1000061,291.1000061,291.1000061,291.1000061,44
3/12/2002,293.6000061,293.6000061,293.6000061,293.6000061,0
3/13/2002,293.6000061,293.6000061,293.6000061,293.6000061,0
3/14/2002,291,291,291,291,0
3/15/2002,289.8999939,289.8999939,289.8999939,289.8999939,0
3/18/2002,292.1000061,292.1000061,292.1000061,292.1000061,0
3/19/2002,292.7999878,292.7999878,292.7999878,292.7999878,0
3/20/2002,292.1000061,292.1000061,292.1000061,292.1000061,6
3/21/2002,292.7999878,292.7999878,292.7999878,292.7999878,0
3/22/2002,297.2999878,297.2999878,297.2999878,297.2999878,0
3/25/2002,297.3999939,297.3999939,297.3999939,297.3999939,0
3/26/2002,296.6000061,296.6000061,296.6000061,296.6000061,24896
3/27/2002,302.2000122,303.1000061,296.2999878,296.7999878,4104
3/28/2002,302.6000061,304.5,300.5,302.7999878,334
4/1/2002,303.2000122,303.2000122,300.7000122,302.6000061,436
4/2/2002,305.8999939,306.7999878,302.5,303,276
4/3/2002,302.6000061,306,302,306,251
4/4/2002,301.1000061,302.6000061,299,302.6000061,86
4/5/2002,300.1000061,302.5,298.7000122,300.7000122,97
4/8/2002,300.5,301.5,299,299,133
4/9/2002,298.7999878,300,298.5,300,66
4/10/2002,301.7000122,302.5,297.7000122,298,42
4/11/2002,302.2000122,303.2000122,301.5,301.7000122,108
4/12/2002,302.1000061,302.1000061,300.5,301.5,118
4/15/2002,300,303.2999878,299.8999939,303.2999878,132
4/16/2002,298.7999878,299.2000122,297.5,299.2000122,39
4/17/2002,302.1000061,303.2999878,298.7999878,298.7999878,11
4/18/2002,304.5,306,303.6000061,303.6000061,68
4/19/2002,302.2999878,302.5,301.8999939,302.5,30
4/22/2002,303,304.1000061,303,304.1000061,40
4/23/2002,304,304,302.7999878,302.8999939,120
4/24/2002,304.2999878,305.7000122,304.2999878,305,173
4/25/2002,308.1000061,309.2999878,305.3999939,305.3999939,0
4/26/2002,311.6000061,312.5,306.5,308.3999939,0
4/29/2002,311.2000122,311.2000122,311.2000122,311.2000122,0
4/30/2002,308.8999939,308.8999939,308.8999939,308.8999939,0
5/1/2002,309.1000061,309.1000061,309.1000061,309.1000061,0
5/2/2002,308.2999878,308.2999878,308.2999878,308.2999878,0
5/3/2002,312.2000122,312.2000122,312.2000122,312.2000122,0
5/6/2002,311.2000122,311.2000122,311.2000122,311.2000122,0
5/7/2002,311.6000061,311.6000061,311.6000061,311.6000061,0
5/8/2002,308.2000122,308.2000122,308.2000122,308.2000122,2
5/9/2002,309.5,309.5,307.5,307.5,0
5/10/2002,311,311,311,311,0
5/13/2002,310.6000061,311,310.6000061,311,7
5/14/2002,307.2999878,307.5,306.7999878,307.5,0
5/15/2002,308.7000122,308.7000122,308.7000122,308.7000122,0
5/16/2002,309.7999878,309.7999878,309.7999878,309.7999878,0
5/17/2002,310.6000061,310.6000061,310.6000061,310.6000061,0
5/20/2002,315.7000122,315.7000122,315.7000122,315.7000122,0
5/21/2002,315.7999878,315.7999878,315.7999878,315.7999878,0
5/22/2002,318,318,318,318,0
5/23/2002,322.5,322.5,322.5,322.5,0
5/24/2002,320.3999939,320.3999939,320.3999939,320.3999939,0
5/28/2002,323.8999939,323.8999939,323.8999939,323.8999939,0
5/29/2002,325.3999939,325.3999939,325.3999939,325.3999939,22051
5/30/2002,325.5,326.7000122,323.5,325.3999939,6764
5/31/2002,326.5,329,324.2000122,325,919
6/3/2002,326.7000122,328.5,325,326.6000061,1866
6/4/2002,327.7999878,330.2999878,327,327,996
6/5/2002,321.2000122,327.2999878,320.1000061,327.2999878,190
6/6/2002,324.8999939,326,321.1000061,321.1000061,422
6/7/2002,324.6000061,327.5,323.8999939,325.5,237
6/10/2002,318.7000122,323.8999939,318,323,171
6/11/2002,319.7000122,319.7000122,316,319.2999878,602
6/12/2002,320.2999878,322.2999878,318.7999878,319.6000061,71
6/13/2002,317.7000122,320.1000061,317,320.1000061,67
6/14/2002,319.1000061,321.5,319.1000061,321.2000122,43
6/17/2002,317.3999939,318.7999878,317.2999878,318,329
6/18/2002,319.2000122,319.2000122,317,317,19
6/19/2002,319.7999878,320.6000061,319.7999878,320.2000122,116
6/20/2002,323.2000122,324.5,321.2999878,321.2999878,52
6/21/2002,324.6000061,325.2000122,322.2000122,322.8999939,329
6/24/2002,324.2999878,327.2999878,324,326.5,294
6/25/2002,320.2000122,323.7000122,318,323.7000122,0
6/26/2002,320.5,324,320.5,322.1000061,13
6/27/2002,319.2000122,320.2999878,319.2000122,320.2999878,0
6/28/2002,313.5,313.5,313.5,313.5,0
7/1/2002,314,314,314,314,20
7/2/2002,312.7999878,315.2999878,312.7999878,315,0
7/3/2002,310.8999939,311,310.8999939,311,2
7/8/2002,312.1000061,313.2999878,312.1000061,313.2999878,10
7/9/2002,316.1000061,316.1000061,312.6000061,313.3999939,0
7/10/2002,314.7000122,314.7000122,314.7000122,314.7000122,0
7/11/2002,317.2000122,317.2000122,317.2000122,317.2000122,0
7/12/2002,315.6000061,315.6000061,315.6000061,315.6000061,2
7/15/2002,319.6000061,320.5,319,320.5,18
7/16/2002,317.2000122,318.2000122,317.2000122,318.2000122,0
7/17/2002,317.3999939,317.3999939,317.3999939,317.3999939,24
7/18/2002,317,317,317,317,29
7/19/2002,323.8999939,323.8999939,323.8999939,323.8999939,403
7/22/2002,323.6000061,323.6000061,323.6000061,323.6000061,0
7/23/2002,312.7000122,312.7000122,312.7000122,312.7000122,0
7/24/2002,311.5,311.5,311.5,311.5,0
7/25/2002,309.7999878,309.7999878,309.7999878,309.7999878,3
7/26/2002,303.3999939,303.3999939,303.3999939,303.3999939,0
7/29/2002,302.5,302.5,300.7999878,302.5,23830
7/30/2002,303.7000122,305.2000122,301.5,301.5,3224
7/31/2002,303.2000122,305.2999878,301.7999878,303.7000122,965
8/1/2002,304,304.7999878,298,303.2000122,217
8/2/2002,307,307.8999939,303.6000061,303.6000061,392
8/5/2002,307.7999878,309.6000061,306.5,307.5,139
8/6/2002,305.5,307.5,304.7999878,307.5,52
8/7/2002,314.2999878,315.5,307.8999939,308,177
8/8/2002,310.3999939,314.6000061,310.2999878,314.6000061,86
8/9/2002,314.2000122,315,310,310,29
8/12/2002,314.1000061,318,313.7999878,313.7999878,8
8/13/2002,314.2000122,315,313.6000061,313.6000061,68
8/14/2002,311.7999878,317,311,317,152
8/15/2002,314.2999878,316.5,311.1000061,311.6000061,132
8/16/2002,313.7000122,315,312.2000122,313.1000061,725
8/19/2002,306,313.1000061,305.5,313.1000061,118
8/20/2002,308.7000122,308.7000122,306.2000122,307.3999939,219
8/21/2002,307.6000061,308,306,307.5,105
8/22/2002,306.6000061,306.6000061,304.8999939,305.7999878,378
8/23/2002,306.7000122,306.7000122,305.2000122,305.5,53
8/26/2002,309.3999939,310.5,309.3999939,310.5,153
8/27/2002,312.2999878,312.8999939,308.5,308.5,0
8/28/2002,309.3999939,312.5,309.3999939,311.8999939,17
8/29/2002,312.8999939,312.8999939,312,312,0
8/30/2002,312.3999939,312.3999939,312.3999939,312.3999939,36
9/3/2002,313.3999939,313.3999939,312.5,312.5,0
9/4/2002,314.8999939,314.8999939,314.8999939,314.8999939,0
9/5/2002,318.2000122,318.2000122,318.2000122,318.2000122,7
9/6/2002,319.8999939,320,319.8999939,320,0
9/9/2002,321.2999878,321.2999878,321.2999878,321.2999878,0
9/10/2002,317.8999939,317.8999939,317.8999939,317.8999939,0
9/11/2002,316.6000061,316.6000061,316.6000061,316.6000061,0
9/12/2002,318.8999939,318.8999939,318.8999939,318.8999939,0
9/13/2002,316.6000061,319,316.6000061,319,0
9/16/2002,317.1000061,317.1000061,317.1000061,317.1000061,0
9/17/2002,317,317,317,317,0
9/18/2002,320.6000061,320.6000061,320.6000061,320.6000061,0
9/19/2002,322.6000061,322.6000061,322.6000061,322.6000061,0
9/20/2002,321.8999939,321.8999939,321.8999939,321.8999939,7
9/23/2002,323,323,323,323,0
9/24/2002,325.8999939,325.8999939,325.8999939,325.8999939,0
9/25/2002,322.2000122,322.2000122,322.2000122,322.2000122,0
9/26/2002,320.2999878,320.2999878,320.2999878,320.2999878,3485
9/27/2002,319.7000122,321.2000122,319,319.6000061,858
9/30/2002,323.8999939,324.2000122,320.3999939,320.7000122,43
10/1/2002,320.8999939,322,320.8999939,322,2837
10/2/2002,321.5,321.5,319.6000061,319.6000061,41
10/3/2002,321.1000061,322.8999939,321,321,9
10/4/2002,322.1000061,322.1000061,321.3999939,321.3999939,117
10/7/2002,321.8999939,322.2000122,321.8999939,322,12
10/8/2002,318.2000122,319.7000122,318.2000122,319,5
10/9/2002,319.6000061,319.6000061,318.2000122,318.2000122,35
10/10/2002,316.5,319.2999878,316.5,319,10
10/11/2002,316.2999878,317,316.2999878,316.7000122,18
10/14/2002,317.7999878,318,317.7999878,318,6
10/15/2002,312.6000061,315.5,312.6000061,315.5,31
10/16/2002,314,314.5,314,314.5,539
10/17/2002,311.6000061,314,311.5,314,17
10/18/2002,312.7000122,313.2000122,311.7999878,312.2000122,17
10/21/2002,310.8999939,313,310.8999939,310.8999939,12
10/22/2002,313,313.2999878,312.2999878,313.2999878,12
10/23/2002,312,313.2999878,312,313.2999878,80
10/24/2002,310.7000122,311.7000122,309.7999878,311.7000122,10
10/25/2002,313.3999939,314,312.7999878,314,26
10/28/2002,315.2000122,315.2000122,314,314,0
10/29/2002,317.7000122,317.7000122,316,317.7000122,13
10/30/2002,316.5,316.5,316,316.5,2
10/31/2002,318,318,318,318,0
11/1/2002,318.7999878,318.7999878,318.7999878,318.7999878,0
11/4/2002,318.2999878,318.2999878,318.2999878,318.2999878,0
11/5/2002,318.2000122,318.2000122,318.2000122,318.2000122,0
11/6/2002,317.5,317.5,317.5,317.5,0
11/7/2002,320.5,320.5,320.5,320.5,2
11/8/2002,321.2999878,321.5,321.2999878,321.5,0
11/11/2002,321.2000122,321.2000122,321.2000122,321.2000122,0
11/12/2002,324.5,324.5,324.5,324.5,4
11/13/2002,318.7000122,318.7000122,317.5,318.7000122,0
11/14/2002,317.8999939,318.7999878,317.8999939,318.7999878,0
11/15/2002,320.7000122,320.7000122,320.7000122,320.7000122,0
11/18/2002,319.2000122,319.2000122,319.2000122,319.2000122,0
11/19/2002,318.6000061,318.6000061,318.6000061,318.6000061,0
11/20/2002,317.3999939,317.3999939,317.3999939,317.3999939,0
11/21/2002,317.3999939,317.3999939,317.3999939,317.3999939,2
11/22/2002,320.7000122,320.7000122,317.2000122,317.3999939,4
11/25/2002,317.7999878,317.7999878,316.5,316.5,50896
11/26/2002,317.7000122,318.8999939,317.1000061,318.1000061,0
11/27/2002,316.7999878,318.5,316.7000122,318,3643
12/2/2002,317.6000061,318.5,315.5,318.1000061,750
12/3/2002,320.2000122,321.2000122,317.1000061,317.3999939,628
12/4/2002,322.2000122,323,319.7999878,319.7999878,395
12/5/2002,324.7999878,324.7999878,321,321.7000122,859
12/6/2002,326.2999878,328,324.2999878,324.2999878,134
12/9/2002,325.7999878,326.6000061,324.7999878,325.7000122,124
12/10/2002,323.5,326.2000122,323,326,274
12/11/2002,324.7999878,325,323.2000122,323.2000122,224
12/12/2002,331.3999939,333,326.5,333,234
12/13/2002,333.2000122,336,330.2999878,331,64
12/16/2002,337,337,332.5,334,175
12/17/2002,337.3999939,342,336.5,337.5,27
12/18/2002,342.1000061,342.5,337,337.2999878,84
12/19/2002,345.8999939,349.2000122,342.5,344.3999939,48
12/20/2002,340.5,346,340,346,57
12/23/2002,345.1000061,345.1000061,342,344.5,227
12/24/2002,346.7999878,347.7000122,346,346.1000061,43
12/26/2002,348.8999939,350.3999939,346,346,0
12/27/2002,349.2000122,350.5,347.2000122,348.7999878,95
12/30/2002,343.3999939,350.3999939,343.3999939,350.3999939,11
12/31/2002,347.6000061,347.6000061,341,343.6000061,0
1/2/2003,346.1000061,346.1000061,346.1000061,346.1000061,3
1/3/2003,351.2000122,351.2000122,345.2000122,345.2000122,0
1/6/2003,351.7000122,351.7000122,351.1000061,351.7000122,2
1/7/2003,347.2999878,349.2999878,347.2999878,349.2999878,4
1/8/2003,353.8999939,353.8999939,346.2999878,346.7999878,0
1/9/2003,353.2999878,353.2999878,353.2999878,353.2999878,2
1/10/2003,354.5,354.5,354.2000122,354.2000122,1
1/13/2003,354.7000122,354.7000122,352,352,0
1/14/2003,352,352,352,352,1
1/15/2003,350.7000122,350.7000122,350,350,0
1/16/2003,357.7000122,357.7000122,357.7000122,357.7000122,0
1/17/2003,356.6000061,356.6000061,356.6000061,356.6000061,0
1/21/2003,357.2999878,357.2999878,356.2000122,357.2999878,20
1/22/2003,359.7000122,360.5,359,360.5,0
1/23/2003,364.5,364.5,364.5,364.5,1
1/24/2003,368.2000122,368.2000122,367,368.2000122,44
1/27/2003,369.3999939,372,369.3999939,371,28
1/28/2003,370,370,369,369,0
1/29/2003,366.2999878,366.2999878,366.2999878,366.2999878,834
1/30/2003,368.6000061,370,362.6000061,366,6537
1/31/2003,368.2999878,371.5,367,368.7999878,821
2/3/2003,370.7999878,372,368,368,1358
2/4/2003,379,379.5,371.2000122,371.3999939,833
2/5/2003,376.3999939,388.8999939,374,379,730
2/6/2003,370.1000061,377,368.3999939,370,179
2/7/2003,369.8999939,374.5,367.5,370.5,572
2/10/2003,363.7000122,372,363.7000122,370.3999939,611
2/11/2003,362.5,365.3999939,361.7999878,363.2000122,801
2/12/2003,352.6000061,364.6000061,352.6000061,363.7999878,221
2/13/2003,357.3999939,359,349,352.3999939,207
2/14/2003,351.8999939,357.6000061,349.8999939,354.8999939,518
2/18/2003,344.2000122,348,342,347.7999878,319
2/19/2003,349.8999939,350,344,344,160
2/20/2003,353.1000061,355,350,351.7000122,202
2/21/2003,351.7999878,353.7999878,351.7999878,352.5,83
2/24/2003,356.2999878,358,353,353.8999939,115
2/25/2003,352.2999878,359,352,357.3999939,0
2/26/2003,354,356,351.5,353,3
2/27/2003,346.1000061,346.1000061,346.1000061,346.1000061,0
2/28/2003,350.2000122,350.2000122,350.2000122,350.2000122,16
3/3/2003,349.2000122,349.2000122,349.2000122,349.2000122,0
3/4/2003,353.2000122,353.2000122,353.2000122,353.2000122,0
3/5/2003,353.1000061,353.1000061,353.1000061,353.1000061,0
3/6/2003,356.7999878,356.7999878,356.7999878,356.7999878,0
3/7/2003,350.7999878,350.7999878,350.7999878,350.7999878,0
3/10/2003,354.7000122,354.7000122,354.7000122,354.7000122,0
3/11/2003,350.5,350.5,350.5,350.5,0
3/12/2003,346.5,346.5,346.5,346.5,1
3/13/2003,335.8999939,342.7000122,335.8999939,342.7000122,1
3/14/2003,336.5,336.5,336.5,336.5,4
3/17/2003,337.1000061,343,337.1000061,343,24
3/18/2003,337.6000061,340.1000061,336,336,5
3/19/2003,336.1000061,336.1000061,336.1000061,336.1000061,0
3/20/2003,332.8999939,332.8999939,332.8999939,332.8999939,0
3/21/2003,326,326,326,326,0
3/24/2003,329.5,329.5,329.5,329.5,5
3/25/2003,328.3999939,328.3999939,328.3999939,328.3999939,13
3/26/2003,330.2999878,330.2999878,330.2999878,330.2999878,0
3/27/2003,328.7000122,328.7000122,328.7000122,328.7000122,0
3/28/2003,328.7000122,331.5,328.7000122,331.5,4021
3/31/2003,335.8999939,336.3999939,331.6000061,331.6000061,2026
4/1/2003,334.2999878,338.3999939,333.7999878,336,434
4/2/2003,329.6000061,335.7000122,327.5,334.3999939,293
4/3/2003,324.8999939,329.7000122,323.2000122,329.7000122,636
4/4/2003,325.2999878,325.5,323,324.7000122,154
4/7/2003,321.5,323.5,319.2999878,321,55
4/8/2003,322.2000122,323.8999939,321.5,322.2999878,860
4/9/2003,325.6000061,327,322,323,163
4/10/2003,326.7000122,327.2999878,324.3999939,327,45
4/11/2003,327.8999939,327.8999939,323.3999939,326.5,139
4/14/2003,324.2000122,326,324.2000122,325.6000061,25
4/15/2003,324.8999939,325.8999939,322.5,324.5,149
4/16/2003,325.7999878,325.7999878,323.5,325.5,0
4/17/2003,327.2000122,328.2999878,326,326,16
4/21/2003,333.5,333.5,329.5,329.7000122,0
4/22/2003,334.3999939,336.5,333.2000122,333.5,22
4/23/2003,331.5,334.7000122,331.5,334.2999878,77
4/24/2003,334.7999878,335.2000122,331.7999878,332.6000061,21
4/25/2003,333.3999939,334.5,333.2999878,333.3999939,0
4/28/2003,334.5,335,334.5,335,1
4/29/2003,333.7000122,333,333,333,1
4/30/2003,339.1000061,337,337,337,6
5/1/2003,342.1000061,339,339,339,1
5/2/2003,341,342.2000122,342.2000122,342.1000061,1
5/5/2003,342.2999878,342.2999878,342.2999878,342.2999878,1
5/6/2003,342.5,342.5,342.5,342.5,5
5/7/2003,341.8999939,342.1000061,342.1000061,342.1000061,5
5/8/2003,348.3999939,344.6000061,344.6000061,344.6000061,6
5/9/2003,348.6000061,348.2000122,348.2000122,348.2999878,1
5/12/2003,351.6000061,351.6000061,351.6000061,351.6000061,1
5/13/2003,350,350,350,350,1
5/14/2003,352.2999878,350.1000061,350.1000061,350.1000061,1
5/15/2003,352.6000061,352.6000061,352.6000061,352.6000061,1
5/16/2003,354.7000122,352.7000122,352.7000122,352.6000061,1
5/19/2003,364.2000122,364.2000122,364.2000122,364.2000122,1
5/20/2003,366.2999878,366.2999878,366.2999878,366.2999878,1
5/21/2003,372,366.3999939,366.3999939,366.3999939,1
5/22/2003,368.1000061,368.1000061,368.1000061,368.1000061,1
5/23/2003,368.7999878,368.7999878,368.7999878,368.7999878,1
5/27/2003,367.7999878,367.7999878,367.7999878,367.7999878,68840
5/28/2003,365.2000122,367.2999878,358.6000061,367,57228
5/29/2003,369.6000061,370,360.2000122,365.1000061,33180
5/30/2003,364.5,369.6000061,360.5,368.6000061,4747
6/2/2003,366,367,360,360,1955
6/3/2003,365.2000122,366.8999939,363,365,987
6/4/2003,362.6000061,366.1000061,361.5,366.1000061,452
6/5/2003,368.6000061,370,360.8999939,361.7999878,1831
6/6/2003,363.7000122,368.1000061,362,368.1000061,942
6/9/2003,361.7999878,366.1000061,361.2000122,362.7999878,453
6/10/2003,352.2000122,362.2999878,351.5,359.5,1371
6/11/2003,355.5,356.1000061,352.2000122,352.2000122,558
6/12/2003,353.2999878,355.6000061,351,354.5,114
6/13/2003,356.6000061,357,352.2999878,353.7000122,82
6/16/2003,359,359.2999878,356.5,359.1000061,560
6/17/2003,363.2000122,365,359.8999939,359.8999939,146
6/18/2003,357.2000122,361,356.7999878,360.7000122,67
6/19/2003,361.2999878,363,356,356,29
6/20/2003,356.2999878,362.2999878,356,362.2999878,93
6/23/2003,353,357.2999878,351.5,355.8999939,178
6/24/2003,346.2999878,354,346.2999878,354,83
6/25/2003,349.2999878,349.8999939,347.7000122,348.1000061,514
6/26/2003,343.8999939,345.5,343.3999939,346.5,1
6/27/2003,345.2000122,345.2000122,345.2000122,345.2000122,3
6/30/2003,346,345.2999878,345.2999878,345.2999878,3
7/1/2003,351.3999939,351.3999939,351.3999939,351.3999939,3
7/2/2003,351.2999878,351.3999939,351.3999939,351.3999939,3
7/3/2003,351,351,351,351,3
7/7/2003,348.1000061,351,351,351,3
7/8/2003,344.1000061,344.1000061,344.1000061,344.1000061,3
7/9/2003,343.6000061,343.6000061,343.6000061,343.6000061,3
7/10/2003,344.2999878,343.6000061,343.6000061,343.6000061,3
7/11/2003,344.7999878,344,344,344,1
7/14/2003,347.7000122,346.8999939,346.8999939,344.5,120
7/15/2003,342.1000061,347.7000122,347.7000122,347.7000122,120
7/16/2003,343.1000061,342.1000061,342.1000061,342.1000061,100
7/17/2003,344.2000122,343.1000061,343.1000061,343.1000061,100
7/18/2003,347.2000122,344.2999878,344.2999878,343.5,100
7/21/2003,350.8999939,350.8999939,350.8999939,350.8999939,100
7/22/2003,350.6000061,350.8999939,350.8999939,350.8999939,100
7/23/2003,358.6000061,350.6000061,350.6000061,350.6000061,100
7/24/2003,362.2000122,358.7000122,358.7000122,358.6000061,100
7/25/2003,362.7000122,362.7000122,362.7000122,362.7000122,100
7/28/2003,364.7999878,362.7000122,362.7000122,362.7000122,100
7/29/2003,361.7000122,364.7999878,364.7999878,364.7000122,48032
7/30/2003,356.2000122,362,354.5,361.1000061,34582
7/31/2003,354,357.5,353,354.7000122,2554
8/1/2003,346.1000061,355.1000061,346,354.1000061,2275
8/4/2003,349.2000122,350.7999878,346.2999878,346.5,1783
8/5/2003,349.6000061,349.7999878,348.2000122,349.1000061,102
8/6/2003,350.7999878,352.2000122,349,352,384
8/7/2003,352.5,353.3999939,350.1000061,351,407
8/8/2003,356.2999878,357.5,352,354,151
8/11/2003,361.7000122,361,358.7000122,359.6000061,45
8/12/2003,358.5,359.6000061,358.1000061,359.6000061,25
8/13/2003,362.1000061,363.7999878,357.2000122,357.2000122,15
8/14/2003,366,366,363,363.7999878,15
8/15/2003,363.2000122,366,363.5,366,25
8/18/2003,358.3999939,360,358,360,21
8/19/2003,361.6000061,361.2999878,357,357,91
8/20/2003,365.6000061,367,361.1000061,361.1000061,86
8/21/2003,360.6000061,364.6000061,362.7000122,364.6000061,49
8/22/2003,363.1000061,363.5,362,362,37
8/25/2003,361.2999878,364,361,364,26
8/26/2003,365.7999878,366.5,361,361.5,187
8/27/2003,373.5,375,370.5,365.8999939,6
8/28/2003,370.5,369,369,369,7
8/29/2003,375.7000122,375,375,375,6
9/2/2003,373.2000122,375,375,375,8
9/3/2003,373.8999939,373.8999939,373.8999939,373.8999939,8
9/4/2003,372.8999939,372.8999939,372.8999939,372.8999939,8
9/5/2003,377.6000061,377.6000061,377.6000061,377.6000061,8
9/8/2003,375.1000061,375.1000061,375.1000061,375.1000061,8
9/9/2003,381.7000122,381.7000122,381.7000122,381.7000122,8
9/10/2003,380,380,380,380,8
9/11/2003,379.7000122,378,378,378,1
9/12/2003,375.7999878,375.7999878,375.7999878,375.7999878,1
9/15/2003,374.5,375.3999939,375.3999939,375.3999939,1
9/16/2003,373.5,373.5,373.5,373.5,1
9/17/2003,376.2000122,376.2000122,376.2000122,376.2000122,1
9/18/2003,376.6000061,376.6000061,376.6000061,376.6000061,1
9/19/2003,381.7999878,381.7999878,381.7999878,381.7999878,1
9/22/2003,387.2000122,387.2000122,387.2000122,387.2000122,1
9/23/2003,385.8999939,385.8999939,385.8999939,385.8999939,1
9/24/2003,387.5,387.5,387.5,387.5,1
9/25/2003,385,385,385,385,1
9/26/2003,380.7999878,380.7999878,380.7999878,380.7999878,7322
9/29/2003,382.3999939,385,380.1000061,381,5080
9/30/2003,385.3999939,388.7000122,382.2999878,382.2999878,3738
10/1/2003,384.2999878,386.2999878,383,385.5,83
10/2/2003,383.1000061,385.1000061,380.5,385.1000061,146
10/3/2003,369.3999939,384.5,368,383,708
10/6/2003,372.7000122,373.2999878,370.7000122,371.5,93
10/7/2003,377.2000122,376.7999878,374.6000061,374.6000061,89
10/8/2003,375.3999939,377.7999878,376,376.7000122,89
10/9/2003,369.2000122,373.5,369,373.5,1556
10/10/2003,373.6000061,370.7999878,370.7999878,370.7999878,96
10/13/2003,375.2000122,371.2999878,370,371.2999878,13
10/14/2003,375.7000122,375.7999878,373.5,373.5,35
10/15/2003,372.6000061,374,374,374,2
10/16/2003,372.7000122,372.7000122,372.7000122,372.7000122,18
10/17/2003,371.7999878,369.5,369.5,369.5,2
10/20/2003,374,374.5,373,373.5,9
10/21/2003,381.7000122,382,377.6000061,378.7000122,98
10/22/2003,386.5,386.6000061,385,376.5,178
10/23/2003,384.7000122,387.7999878,384.6000061,386,28
10/24/2003,388.8999939,394,384.1000061,384.7000122,62
10/27/2003,387.8999939,389,387,387.7999878,54
10/28/2003,383.2000122,385.5,383,385,229
10/29/2003,386.7999878,387,380.7999878,383,2
10/30/2003,384.2999878,387.1000061,387.1000061,387.1000061,2
10/31/2003,384.5,384.5,384.5,384.5,2
11/3/2003,377,383,382.7999878,382.7999878,3
11/4/2003,379.8999939,377,377,377,3
11/5/2003,382.6000061,382.6000061,382.6000061,382.6000061,3
11/6/2003,380.6000061,380.6000061,380.6000061,380.6000061,3
11/7/2003,383.2999878,383.2999878,383.2999878,383.2999878,3
11/10/2003,386.6000061,386.6000061,386.6000061,386.6000061,3
11/11/2003,388.1000061,388.7000122,388.7000122,388.7000122,3
11/12/2003,394.8999939,396.5,396,391.7000122,1
11/13/2003,394.1000061,396,396,396,101
11/14/2003,397.7999878,397.7999878,397.7999878,397.7999878,101
11/17/2003,391.5,398,398,397.6000061,101
11/18/2003,397.6000061,397.6000061,397.6000061,397.6000061,101
11/19/2003,394.8999939,397.7000122,397.7000122,397.7000122,101
11/20/2003,393.7000122,393.7000122,393.7000122,393.7000122,101
11/21/2003,396,395.7999878,394,394,2
11/24/2003,391.5,391.5,391.5,391.5,77377
11/25/2003,391.1000061,393.2000122,389.5,391.5,74334
11/26/2003,396.7999878,402,390.6000061,390.7000122,12662
12/1/2003,402.7000122,402.8999939,397,397.2000122,1664
12/2/2003,403.7000122,406,399.5,402,1519
12/3/2003,403.8999939,404,401.5,403.2000122,2672
12/4/2003,403.2999878,405,400,403.8999939,304
12/5/2003,406.3999939,406.7999878,400,402.5,655
12/8/2003,406.6000061,409.5,405.2999878,409,221
12/9/2003,408.2000122,409.1000061,406.5,407,1224
12/10/2003,406.2000122,412,405.7999878,406.8999939,842
12/11/2003,404.6000061,407,402.7000122,405.7999878,101
12/12/2003,409.3999939,409.8999939,406.1000061,406.1000061,171
12/15/2003,409.2000122,411,401.6000061,401.6000061,86
12/16/2003,407.7000122,410,407,410,39
12/17/2003,412,410.7999878,407.7000122,409.1000061,185
12/18/2003,410.3999939,413.2000122,408,413.2000122,85
12/19/2003,409.2000122,411.2000122,408.1000061,410.7999878,94
12/22/2003,410.6000061,411.5,409.6000061,409.6000061,52
12/23/2003,411,411.5,409.7999878,410.3999939,185
12/24/2003,412.2999878,413.2000122,410.5,411.5,165
12/29/2003,414.7999878,415.7999878,413,414.1000061,1
12/30/2003,416.8999939,416.8999939,416.8999939,416.8999939,1
12/31/2003,415.7000122,417.2000122,417.2000122,416.8999939,1
1/5/2004,424.3999939,422.5,422.5,415.7000122,20
1/6/2004,422.7999878,424.2999878,424.2999878,424.3999939,20
1/7/2004,421.8999939,423,423,423,20
1/8/2004,424,422,422,421.8999939,20
1/9/2004,426.3999939,423.8999939,423.8999939,424,20
1/12/2004,426.2999878,428.2000122,425.7999878,425.7999878,3
1/13/2004,423.7000122,425.8999939,423,425.3999939,12
1/14/2004,421.7000122,421.7000122,421.7000122,421.7000122,12
1/15/2004,408.3999939,422,422,421.7999878,12
1/16/2004,406.7000122,408.2999878,408.2999878,408.2999878,12
1/20/2004,412.7000122,406.7000122,406.7000122,406.7000122,12
1/21/2004,411.1000061,412.6000061,412.6000061,412.6000061,2
1/22/2004,410,411.2999878,411.2999878,411.2999878,2
1/23/2004,407.8999939,407.8999939,407.8999939,407.8999939,2
1/26/2004,406.6000061,406.6000061,406.6000061,406.6000061,2
1/27/2004,410,410,410,410,2
1/28/2004,414.5,414.5,414.5,414.5,76523
1/29/2004,398.5,412,396.5,412,42434
1/30/2004,402.2000122,402.6000061,398,398,13533
2/2/2004,398.7000122,403.2999878,394,403,2646
2/3/2004,399.2000122,403,398.5,398.5,490
2/4/2004,401,401.2999878,398.5,399.7999878,977
2/5/2004,398.1000061,400.2999878,397.5,399.3999939,131
2/6/2004,403.6000061,407,397,397,313
2/9/2004,406.7999878,407.5,403.7999878,403.7999878,101
2/10/2004,406.3999939,410.5,407.2999878,407.2999878,71
2/11/2004,410.2000122,412,406,407.7999878,134
2/12/2004,413.7000122,413.5,410,411.8999939,146
2/13/2004,410.2999878,416,408,412.7000122,146
2/17/2004,416,415.3999939,413.3999939,414,146
2/18/2004,412.2999878,415.2999878,412,414.7999878,146
2/19/2004,409.7999878,411.2999878,409,411,63
2/20/2004,397.5,409,395,409,109
2/23/2004,399,400.2000122,399,399,162
2/24/2004,404.5,403.2000122,399,401.6000061,77
2/25/2004,395.7999878,404.7999878,395,404.7999878,31
2/26/2004,395.7999878,395.1000061,395.1000061,395.1000061,40
2/27/2004,396.3999939,395,395,395.1000061,2
3/1/2004,399.2999878,396.3999939,396.3999939,396.3999939,2
3/2/2004,393.5,398.7999878,393.5,397.5,104
3/3/2004,392.3999939,391.2999878,391.1000061,391.1000061,4
3/4/2004,392.8999939,394.7999878,393,394.7999878,86
3/5/2004,401.2999878,401,401,401,1
3/8/2004,400.6000061,399.5,399,399.5,11
3/9/2004,404.2000122,402.3999939,401.2000122,401.7000122,5
3/10/2004,400,400,400,400,1
3/11/2004,400.7000122,399.1000061,399.1000061,399.2000122,5
3/12/2004,395.2999878,395.2999878,395.2999878,395.2999878,5
3/15/2004,399.3999939,399.3999939,399.3999939,399.3999939,5
3/16/2004,402.3999939,402,402,402,8
3/17/2004,406.8999939,404,404,402.5,8
3/18/2004,411.1000061,411.1000061,411.1000061,411.1000061,8
3/19/2004,412.5,412,412,412,16
3/22/2004,417.3999939,417.3999939,417.3999939,417.3999939,2
3/23/2004,419.7999878,417.3999939,417.3999939,417.3999939,2
3/24/2004,417.2000122,417.2000122,417.2000122,417.2000122,2
3/25/2004,416.7000122,417,416,416,8
3/26/2004,422.1000061,422,422,422,8
3/29/2004,417.1000061,422.1000061,422.1000061,422.1000061,64296
3/30/2004,421.7000122,424.3999939,416.5,416.5,36663
3/31/2004,427.2999878,428,420.6000061,421,4496
4/1/2004,427.7999878,432,424.5,427.2000122,1561
4/2/2004,421.6000061,429,417.5,426.6000061,1455
4/5/2004,415.3999939,421.6000061,414,421.6000061,572
4/6/2004,418.8999939,419.7999878,415.6000061,415.6000061,202
4/7/2004,422.7999878,423.6000061,417.7999878,418.8999939,381
4/8/2004,419.8999939,423.2999878,419,423.2999878,790
4/12/2004,420.1000061,422.1000061,418,421.1000061,39
4/13/2004,407,417.7999878,406,417.7999878,496
4/14/2004,399.7999878,407.8999939,399,407.2999878,161
4/15/2004,397.7000122,401,396.5,401,333
4/16/2004,401,402.2000122,398.5,399.6000061,177
4/19/2004,400.6000061,404.6000061,400.2000122,404.6000061,76
4/20/2004,397.7000122,400.2999878,396.7999878,400.2999878,49
4/21/2004,390.7999878,395,390,393.3999939,63
4/22/2004,393.2999878,393.5,390.5,390.5,50
4/23/2004,395.1000061,396.7999878,393,393,41
4/26/2004,396,396.7000122,396.2999878,396.5,45
4/27/2004,398.6000061,399,395.7999878,397.7000122,61
4/28/2004,385.3999939,396,384.1000061,395.5,19
4/29/2004,386.6000061,386,380,380,6
4/30/2004,387,389,389,389,2
5/3/2004,387,387,387,387,4
5/4/2004,391.3999939,392,392,392,2
5/5/2004,393.3999939,391.3999939,391.3999939,391.3999939,0
5/6/2004,388,387.2000122,387.2000122,387.2000122,1
5/7/2004,378.7000122,377,377,388.1000061,3
5/10/2004,378.2999878,378.6000061,378.6000061,378.6000061,0
5/11/2004,376.8999939,376.8999939,376.8999939,376.8999939,0
5/12/2004,377.3999939,377.3999939,377.3999939,377.3999939,0
5/13/2004,374.7999878,377.3999939,377.3999939,377.3999939,20
5/14/2004,377,377,377,377,5
5/17/2004,379.5,379.5,379.5,379.5,0
5/18/2004,375.7999878,375.7999878,375.7999878,375.7999878,0
5/19/2004,382.8999939,382.8999939,382.8999939,382.8999939,0
5/20/2004,378.3999939,382.7999878,382.7999878,382.7999878,0
5/21/2004,384.7999878,384.7999878,384.7999878,384.7999878,0
5/24/2004,385.6000061,385.6000061,385.6000061,385.6000061,0
5/25/2004,388.2999878,388.2999878,388.2999878,388.2999878,0
5/26/2004,388.2999878,388.2999878,388.2999878,388.2999878,81917
5/27/2004,394.8999939,395.8999939,388.1000061,388.2000122,53047
5/28/2004,394,396.2999878,392.6000061,395.2999878,9836
6/1/2004,394.6000061,399,393.2999878,393.8999939,1864
6/2/2004,390.7000122,397.5,390,394.5,937
6/3/2004,388.1000061,393,387.3999939,390.7000122,601
6/4/2004,390.8999939,391.5,385.5,388.3999939,234
6/7/2004,393.7999878,394,392,392.6000061,130
6/8/2004,391,395,390.2999878,393.7999878,611
6/9/2004,384.5,391.6000061,383,391.6000061,543
6/10/2004,385.8999939,385.5,384.5,385.2999878,71
6/14/2004,383.6000061,385.2999878,383,383.6000061,209
6/15/2004,388.1000061,388.5,383,383.1000061,51
6/16/2004,384.6000061,386.5,383.5,386.5,102
6/17/2004,388.8999939,385.2999878,385.2999878,385.2999878,17
6/18/2004,395.1000061,396.3999939,393,392,108
6/21/2004,394,394.6000061,393.2000122,394.6000061,133
6/22/2004,395,396.5,394,394,56
6/23/2004,395,397.2000122,394.5,395.5,50
6/24/2004,403.1000061,403.7000122,394.6000061,394.6000061,148
6/25/2004,402.8999939,403.6000061,401.2999878,402.2999878,189
6/28/2004,401,405,401.2999878,403,2
6/29/2004,392.5,400.2000122,398,400.2000122,5
6/30/2004,392.6000061,395.3999939,394.2999878,395.3999939,146
7/1/2004,396,396,396,396,146
7/2/2004,398.2999878,397.2000122,397.2000122,396,20
7/6/2004,392.6000061,393,393,398.2999878,20
7/7/2004,402.2999878,397.7999878,397.7999878,397.7999878,6
7/8/2004,407.7999878,407.7999878,407.7999878,407.7999878,6
7/9/2004,407.5,407.8999939,407.8999939,407.7000122,15
7/12/2004,408.1000061,407.5,407.5,407.5,15
7/13/2004,402,408.1000061,408.1000061,408.1000061,15
7/14/2004,405.3999939,402,402,402,15
7/15/2004,404.2000122,404.2000122,404.2000122,404.2000122,15
7/16/2004,406.6000061,404.1000061,404.1000061,404.2000122,15
7/19/2004,405.6000061,406.6000061,406.6000061,406.6000061,15
7/20/2004,401.8999939,405.6000061,405.6000061,405.6000061,15
7/21/2004,397.1000061,401.8999939,401.8999939,401.7999878,15
7/22/2004,395.2000122,395.2000122,395.2000122,395.2000122,15
7/23/2004,390.5,391,391,395.2000122,4
7/26/2004,390.2999878,389.8999939,389.8999939,389.8999939,1
7/27/2004,387,390.2000122,390.2000122,390.2999878,0
7/28/2004,389,387,387,387,69175
7/29/2004,387,391,385,389,42070
7/30/2004,391,392,387,388.2000122,4977
8/2/2004,391.7000122,394.5,391,394,1102
8/3/2004,394,394.7999878,388.7999878,392,2692
8/4/2004,392.2000122,393.6000061,390.5,393.6000061,149
8/5/2004,392.2999878,393.5,391,393,108
8/6/2004,399.7999878,401.5,391,392.5,132
8/9/2004,400.7000122,400.7000122,398.5,399.1000061,318
8/10/2004,400,401.2999878,398.5,399.2999878,92
8/11/2004,395.5,399.5,393.2999878,399.5,185
8/12/2004,394.2999878,396,393.5,395.7000122,69
8/13/2004,398.8999939,399.5,393.5,394.2999878,64
8/16/2004,402.8999939,403,399,399,288
8/17/2004,404.3999939,404,400.2999878,402.5,208
8/18/2004,404.2999878,404.5,402.7000122,403,61
8/19/2004,407.1000061,407.8999939,404.2999878,404.2999878,128
8/20/2004,413.2000122,412.7999878,407,407,254
8/23/2004,410.5,411.7999878,409.7000122,411.2999878,18
8/24/2004,403,407,404,410.5,33
8/25/2004,407.8999939,407,405.2000122,405.2999878,164
8/26/2004,407.3999939,409,406.2000122,409,28
8/27/2004,403.2999878,408,403,407.3999939,19
8/30/2004,407.7999878,407.8999939,404.7000122,407,114
8/31/2004,410.3999939,410.3999939,410.3999939,410.3999939,114
9/1/2004,408.7999878,407.2999878,407.2999878,407.2999878,0
9/2/2004,406,406.3999939,406.3999939,407.5,34
9/3/2004,400.5,400.5,400.5,400.5,34
9/7/2004,397.3999939,398,398,398,60
9/8/2004,399.3999939,396.7999878,396.7999878,396.7999878,20
9/9/2004,398.5,398.8999939,398.8999939,398.8999939,20
9/10/2004,401.8999939,402,401,401,120
9/13/2004,404.1000061,404.1000061,404.1000061,404.1000061,120
9/14/2004,405.7000122,405.1000061,405.1000061,405.1000061,43
9/15/2004,405,404,404,407,24
9/16/2004,404.7000122,404.7000122,404.7000122,404.7000122,24
9/17/2004,405.7999878,405.7999878,405.7999878,405.7999878,24
9/20/2004,405.2999878,403.6000061,403.6000061,403.6000061,44
9/21/2004,408.2999878,408.2999878,408.2999878,408.2999878,44
9/22/2004,407.2000122,407.2000122,407.2000122,407.2000122,44
9/23/2004,410.8999939,410.8999939,410.8999939,410.8999939,44
9/24/2004,408.1000061,408.1000061,408.1000061,408.1000061,44
9/27/2004,409.1000061,409.1000061,409.1000061,409.1000061,44
9/28/2004,412.5,410.7999878,410.7999878,410.7999878,9143
9/29/2004,413,414,411.6000061,412,5052
9/30/2004,418.7000122,418.7999878,412.7000122,412.8999939,1162
10/1/2004,419.5,419.1000061,417,419.1000061,167
10/4/2004,414,415,411.5,419,327
10/5/2004,418.2000122,419.2999878,415,415.2999878,164
10/6/2004,418.3999939,419,417,417.5,186
10/7/2004,418,419,417.5,418,93
10/8/2004,423.1000061,425,418,418.7000122,75
10/11/2004,422,422.2000122,421,422.2000122,20
10/12/2004,415.1000061,419.1000061,413.5,419.1000061,299
10/13/2004,413.2000122,411.7999878,410.2999878,411,74
10/14/2004,418.1000061,418.7999878,415.2000122,416,101
10/15/2004,418.7000122,419.7000122,417.7999878,418.2999878,51
10/18/2004,416.2000122,419,417.1000061,419,6
10/19/2004,420.2999878,420.7000122,420.7000122,420.7000122,3
10/20/2004,423.5,425.1000061,420.2999878,420.2999878,7
10/21/2004,424.3999939,423.5,422,423.5,9
10/22/2004,424.6000061,424.6000061,424.6000061,424.6000061,193
10/25/2004,429,430,428.5,429,128
10/26/2004,426.7999878,429.1000061,425.3999939,429.1000061,55
10/27/2004,424.7999878,429.7000122,423.5,429.5,50
10/28/2004,425.1000061,425.1000061,425.1000061,425.1000061,319
10/29/2004,428.5,428.5,428.5,428.5,319
11/1/2004,427.2999878,427.2999878,427.2999878,427.2999878,319
11/2/2004,420,427.2000122,427.2000122,427.2000122,319
11/3/2004,424.6000061,424.6000061,424.6000061,424.6000061,319
11/4/2004,430.1000061,430.1000061,430.1000061,430.1000061,319
11/5/2004,433.6000061,433.6000061,433.6000061,433.6000061,319
11/8/2004,432.7000122,432.7000122,432.7000122,432.7000122,319
11/9/2004,435.7000122,434,434,434,2
11/10/2004,434,434.5,434.5,434.5,2
11/11/2004,434.8999939,434.8999939,434.8999939,434.8999939,2
11/12/2004,437.8999939,437.8999939,437.8999939,437.8999939,0
11/15/2004,437,437,437,437,0
11/16/2004,440.2000122,440.2000122,440.2000122,440.2000122,0
11/17/2004,444.7999878,444.7999878,444.7999878,444.7999878,0
11/18/2004,442.6000061,442.6000061,442.6000061,442.6000061,1
11/19/2004,446.7999878,446.7999878,446.7999878,446.7999878,0
11/22/2004,448.7999878,446.8999939,446.8999939,446.8999939,0
11/23/2004,447.7999878,447.7999878,447.7999878,447.7999878,0
11/24/2004,449.2999878,449.2999878,449.2999878,449.2999878,110725
11/29/2004,453.7000122,454.7999878,449.2999878,450.7999878,56709
11/30/2004,451.2999878,454.1000061,448.2999878,453.7999878,14253
12/1/2004,454,456,450.5,451.6000061,2682
12/2/2004,450.3999939,456.5,447,454,1419
12/3/2004,456,455.5,448.5,450.3999939,1231
12/6/2004,454.2000122,456.1000061,451.5,454.3999939,674
12/7/2004,452,455.5,451.5,453,550
12/8/2004,437.2000122,450,434,449,2065
12/9/2004,435.7999878,440.6000061,432.6000061,437.5,1347
12/10/2004,433.8999939,437.1000061,432.6000061,436.5,209
12/13/2004,438.8999939,439.5,436,437,628
12/14/2004,435.8999939,438.8999939,435.3999939,438.8999939,199
12/15/2004,440.7999878,442,435.7000122,435.7000122,356
12/16/2004,436.8999939,442.6000061,437,440.7999878,232
12/17/2004,441.6000061,440,436.7999878,436.7999878,94
12/20/2004,442.3999939,444,442,442.5,461
12/21/2004,441.7999878,443.2000122,441.1000061,443,57
12/22/2004,440.2999878,442.7000122,439,442.1000061,70
12/23/2004,441.8999939,442.6000061,441,441.2999878,98
12/27/2004,445.2000122,445.8999939,443,444,348
12/28/2004,444.2999878,445.5,443,445.5,2
12/29/2004,436,440.5,440.5,440.5,3
12/30/2004,437.5,439,438.8999939,437.7000122,3
1/3/2005,428.7000122,431,431,431,4
1/4/2005,428.5,428.5,428.5,428.5,108
1/5/2005,426.6000061,425.7000122,425.7000122,425.7000122,2
1/6/2005,421,421,421,421,1
1/7/2005,418.8999939,423.7000122,418.7000122,423.7000122,1
1/10/2005,419.1000061,419.1000061,419.1000061,419.1000061,1
1/11/2005,421.8999939,421.8999939,421.8999939,421.8999939,1
1/12/2005,426.1000061,423.7999878,423.7999878,423.7999878,1
1/13/2005,424.5,424.7000122,424.7000122,424.7000122,1
1/14/2005,422.7000122,423.2000122,422,422,20
1/18/2005,423.2000122,423.2000122,423.2000122,423.2000122,20
1/19/2005,423,426.5,426.5,426.5,20
1/20/2005,422.3999939,421.7999878,421.7999878,421.7999878,20
1/21/2005,426.7000122,425.8999939,425.8999939,425.8999939,20
1/24/2005,426.8999939,426.8999939,426.8999939,426.8999939,20
1/25/2005,422,422,422,422,20
1/26/2005,426.8999939,426.8999939,426.8999939,426.8999939,20
1/27/2005,426.2999878,426.2999878,426.2999878,426.2999878,66923
1/28/2005,425.7999878,427.5,424,426.1000061,41282
1/31/2005,421.7999878,426.5,419.2999878,426,6857
2/1/2005,420.7999878,422.2999878,419.2000122,422.2000122,1461
2/2/2005,421.1000061,422.2999878,419.7999878,420.8999939,426
2/3/2005,416.6000061,421.2999878,414.7000122,421.2999878,574
2/4/2005,414,417.7999878,413.7000122,416.3999939,320
2/7/2005,413.6000061,416,412.5,414.1000061,534
2/8/2005,412.6000061,413.6000061,410.1000061,413.6000061,1432
2/9/2005,412.8999939,413.7999878,410.2999878,412.2000122,1300
2/10/2005,417.2000122,418.5,412.5,412,397
2/11/2005,420.5,422,417.6000061,416.7999878,801
2/14/2005,425.7999878,425.6000061,422.2999878,420,55
2/15/2005,425.8999939,426.2000122,424,425.8999939,113
2/16/2005,425.5,425,422.7999878,426,146
2/17/2005,427.2999878,428,425.2999878,425.5,712
2/18/2005,427.1000061,427.1000061,426.7000122,426.7000122,14
2/22/2005,434.5,435,426.5,426.5,53
2/23/2005,434.8999939,435.5,433.2000122,434,107
2/24/2005,434.5,436,432.5,436,6
2/25/2005,434.8999939,436,436,434.5,1
2/28/2005,436.5,435.5,435.5,435.5,16
3/1/2005,432.8999939,433,433,435,1
3/2/2005,432.7999878,433.3999939,433.3999939,433.3999939,1
3/3/2005,429.8999939,429.8999939,429.8999939,429.8999939,1
3/4/2005,434.2000122,434.2000122,434.2000122,434.2000122,0
3/7/2005,435,435,435,435,0
3/8/2005,440.2999878,440.2999878,440.2999878,440.2999878,0
3/9/2005,442.1000061,442.1000061,442.1000061,442.1000061,0
3/10/2005,442.7999878,442.7999878,442.7999878,442.7999878,1
3/11/2005,446.2000122,446.3999939,446.3999939,446.3999939,0
3/14/2005,441.1000061,441.1000061,441.1000061,441.1000061,0
3/15/2005,440.8999939,440.8999939,440.8999939,440.8999939,0
3/16/2005,443.7000122,443.7000122,443.7000122,443.7000122,0
3/17/2005,438.7000122,438.7000122,438.7000122,438.7000122,0
3/18/2005,439.2999878,439.2999878,439.2999878,439.2999878,0
3/21/2005,431.1000061,431.1000061,431.1000061,431.1000061,100
3/22/2005,431.2999878,431.2999878,431.2999878,431.2999878,16
3/23/2005,425.2000122,425.2000122,425.2000122,425.2000122,0
3/24/2005,424.7000122,424.7000122,424.7000122,424.7000122,0
3/28/2005,425.8999939,425.8999939,425.8999939,425.8999939,0
3/29/2005,426,426,426,426,0
3/31/2005,428.7000122,428.7000122,428.7000122,428.7000122,3051
4/1/2005,425.8999939,428.5,424.5,428.2999878,552
4/4/2005,423.8999939,426.2999878,422.7000122,426,486
4/5/2005,424.5,425.5,423.6000061,423.7999878,313
4/6/2005,427.1000061,427.7000122,424.1000061,424.8999939,62
4/7/2005,426.5,428.5,426.5,426.5,181
4/8/2005,426.8999939,427.2999878,424.7999878,425.2000122,49
4/11/2005,428.6000061,429.7999878,426,426,26
4/12/2005,427.6000061,430.2000122,426.5,428.1000061,148
4/13/2005,429.2999878,430,427.5,428,27
4/14/2005,424,429.5,423.5,429.5,116
4/15/2005,424.8999939,425.6000061,423.2000122,423.2000122,73
4/18/2005,427.5,427.5,423.6000061,423.6000061,29
4/19/2005,432.8999939,433,426.7999878,426.7999878,128
4/20/2005,435.2999878,435.7999878,432.3999939,433.6000061,42
4/21/2005,433,435,432.2999878,434.1000061,52
4/22/2005,434.2999878,435.7999878,433.5,433.5,88
4/25/2005,434.6000061,434.3999939,432.7000122,432.7000122,19
4/26/2005,437.8999939,438.2000122,435.8999939,438,169
4/27/2005,433,437,433.6000061,436.3999939,19
4/29/2005,435,435,435,435,0
5/2/2005,429.5,429.5,429.5,429.5,0
5/3/2005,426.7000122,426.7000122,426.7000122,426.7000122,0
5/4/2005,429,429,429,429,17
5/5/2005,429.7999878,429.7999878,429.7999878,429.7999878,0
5/6/2005,426.1000061,429.7999878,429.7999878,429.7999878,0
5/9/2005,426.2000122,426.2000122,426.2000122,426.2000122,0
5/10/2005,427.2000122,426.2000122,426.2000122,426.2000122,0
5/11/2005,427.2000122,427.2000122,427.2000122,427.2000122,0
5/12/2005,421.6000061,421.6000061,421.6000061,421.6000061,0
5/13/2005,420.2000122,420.2000122,420.2000122,420.2000122,0
5/16/2005,418.8999939,418.8999939,418.8999939,418.8999939,0
5/17/2005,419.3999939,419.3999939,419.3999939,419.3999939,0
5/18/2005,421.5,421.5,421.5,421.5,0
5/19/2005,420.5,421.2000122,421.2000122,421.2000122,0
5/20/2005,417.3999939,416.5,416.5,420.2000122,4
5/23/2005,416.6000061,416.6000061,416.6000061,416.6000061,4
5/24/2005,417.5,417.5,417.5,417.5,4
5/25/2005,418.7999878,418.7999878,418.7999878,418.7999878,4
5/26/2005,418,418.1000061,418.1000061,418.7999878,72619
5/27/2005,419.7999878,420,417.3999939,417.7999878,51363
5/31/2005,416.2999878,420.2000122,413.2000122,418,7494
6/1/2005,415.2999878,417.2999878,414,416.3999939,2816
6/2/2005,422.7000122,423.5,415.7999878,415.7999878,1984
6/3/2005,423.7000122,425.5,421.7000122,422.2000122,416
6/6/2005,426.5,427.7999878,422.6000061,423.6000061,558
6/7/2005,424.7999878,426.7000122,424,426.7000122,232
6/8/2005,424.7000122,425.8999939,424.5,425.6000061,171
6/9/2005,424.2000122,424,422,423.7000122,101
6/10/2005,427.3999939,428.5,422,423.7999878,65
6/13/2005,429.2999878,431.5,428.2999878,428.2999878,66
6/14/2005,427.5,428.2000122,426.5,428.2000122,73
6/15/2005,429.1000061,428.2999878,427.5,427.5,20
6/16/2005,436.2000122,436.7999878,429.5,429.5,157
6/17/2005,438.2999878,439.2999878,436.1000061,436.1000061,29
6/20/2005,438.3999939,440.3999939,438,440,18
6/21/2005,438.8999939,439,439,438.3999939,5
6/22/2005,438.1000061,438.5,437.5,438.7999878,169
6/23/2005,441.7000122,442.5,438.2999878,438.2999878,29
6/24/2005,440.5,441.5,438.5,441.5,31
6/27/2005,440.2999878,440.7000122,439.5,440.7000122,10
6/28/2005,436.3999939,437.5,436,436,0
6/30/2005,435.8999939,435.8999939,435.8999939,435.8999939,0
7/1/2005,427.7999878,427.7999878,427.7999878,427.7999878,0
7/5/2005,422.8999939,422.8999939,422.8999939,422.8999939,0
7/6/2005,423.5,423.7999878,423.5,423.5,16
7/7/2005,423.2999878,423.5,423.5,423.5,125
7/8/2005,422.8999939,422.8999939,422.8999939,422.8999939,0
7/11/2005,425.5,425.5,425.5,425.5,0
7/12/2005,426.2999878,426.2999878,426.2999878,426.2999878,0
7/13/2005,423.8999939,423.8999939,423.8999939,423.8999939,70
7/14/2005,419.6000061,419.6000061,419.6000061,419.6000061,70
7/15/2005,420.7000122,420.7000122,420.7000122,420.7000122,0
7/18/2005,420.5,420.3999939,420.3999939,420.3999939,0
7/19/2005,419.7000122,420,420,420,0
7/20/2005,421.7000122,419.7000122,419.7000122,419.7000122,0
7/21/2005,425.3999939,425.3999939,425.3999939,425.3999939,0
7/22/2005,424.7000122,425.3999939,425.3999939,425.3999939,0
7/25/2005,425.7000122,425.7000122,425.7000122,425.7000122,2
7/26/2005,423.3999939,423.3999939,423.3999939,423.3999939,2
7/27/2005,424.7000122,424.7000122,424.7000122,424.7000122,2
7/28/2005,427.2999878,424.7000122,424.7000122,424.7000122,40680
7/29/2005,429.8999939,430.5,427,427.7000122,3607
8/1/2005,431.8999939,432.2999878,429.1000061,430,776
8/2/2005,431.8999939,433,430.7000122,431.7000122,206
8/3/2005,436.8999939,437.5,430.7000122,431.5,270
8/4/2005,437.8999939,439,436.1000061,436.5,91
8/5/2005,437.2000122,438.5,437,437.7000122,91
8/8/2005,434.7000122,437,434,437,51
8/9/2005,434.2000122,434.3999939,432.5,432.5,52
8/10/2005,436.5,437,434.8999939,434.8999939,187
8/11/2005,445.5,446.5,437.2000122,437.2000122,306
8/12/2005,445.8999939,449.5,444.5,445.7999878,169
8/15/2005,442.2000122,442.5,441.3999939,441.3999939,61
8/16/2005,446.1000061,442.5,441.7000122,441.7000122,234
8/17/2005,439.8999939,443.2999878,439.5,442.5,276
8/18/2005,439.5,440.3999939,438.5,440.3999939,46
8/19/2005,437.2000122,439.6000061,438,439.1000061,73
8/22/2005,438.1000061,439,437,437,12
8/23/2005,439.3999939,438.7999878,438.5,438.7999878,2
8/24/2005,437.2999878,439.7000122,437,439.7000122,29
8/25/2005,438.3999939,438.5,438,438.5,54
8/26/2005,437.3999939,439,438.3999939,438.3999939,52
8/29/2005,437,439.5,437.2999878,438.5,37
8/30/2005,431.2000122,439.5,437.2999878,438.5,0
8/31/2005,433.7999878,431.2000122,431.2000122,431.2000122,10
9/1/2005,442.2999878,442.5,438.5,438.5,4
9/2/2005,444.2000122,444.2000122,444.2000122,444.2000122,4
9/6/2005,444.3999939,444.3999939,444.3999939,444.3999939,4
9/7/2005,444.8999939,444.7000122,444.7000122,444.7000122,1006
9/8/2005,446.7000122,446.7000122,446.7000122,446.7000122,6
9/9/2005,449,449,449,449,6
9/12/2005,449.7000122,449.7000122,449.7000122,449.7000122,6
9/13/2005,446.1000061,446.1000061,446.1000061,446.1000061,6
9/14/2005,449.7999878,449.7999878,449.7999878,449.7999878,6
9/15/2005,455.5,455.5,455.5,455.5,6
9/16/2005,459.5,459.5,459.5,459.5,6
9/19/2005,466.7000122,466.7000122,466.7000122,466.7000122,6
9/20/2005,466.2000122,466.2000122,466.2000122,466.2000122,2
9/21/2005,468.8999939,468.8999939,468.8999939,468.8999939,2
9/22/2005,466.6000061,467.5,467.5,467.5,2
9/23/2005,463.5,466.7999878,466.7999878,467.2000122,2
9/26/2005,465.8999939,463.8999939,463.8999939,463.8999939,2
9/27/2005,462.6000061,462.6000061,462.6000061,462.6000061,2
9/28/2005,469.7000122,469.7000122,469.7000122,469.7000122,2
9/29/2005,472.2000122,469.7000122,469.7000122,469.7000122,7799
9/30/2005,469,474,468.5,472.7000122,2926
10/3/2005,466.1000061,468,464.2000122,467.7999878,493
10/4/2005,466.1000061,468.7999878,465.2999878,466.7999878,210
10/5/2005,466.1000061,465,463.5,465,226
10/6/2005,471.8999939,471.6000061,465.6000061,465.6000061,243
10/7/2005,474.7000122,475.5,470,473,96
10/10/2005,475.1000061,477.2999878,473.6000061,474.7999878,248
10/11/2005,477.1000061,477.5,475.2000122,475.2000122,99
10/12/2005,473.8999939,478.5,473.2999878,478.5,49
10/13/2005,471.1000061,472,468.2999878,472,48
10/14/2005,469.2000122,469.2999878,467,469.2999878,113
10/17/2005,474.1000061,475,473,473,18
10/18/2005,472.1000061,472.5,472,472,13
10/19/2005,463.5,471,465,471,46
10/20/2005,461,465,460.5,465,9
10/21/2005,467,462,462,462,9
10/24/2005,465,465.5,465.5,465.5,2
10/25/2005,472.7999878,474,465,465,18
10/26/2005,471.2000122,473.5,471.5,472.5,159
10/27/2005,473.7999878,475.5,471,471,2
10/28/2005,473,473.5,471.6000061,473.5,4
10/31/2005,465.1000061,471.1000061,471.1000061,471.1000061,1
11/1/2005,458.7999878,463,460,463,5
11/2/2005,462.7999878,462.7999878,462.7999878,462.7999878,2
11/3/2005,460.1000061,460.1000061,460.1000061,460.1000061,2
11/4/2005,456.2999878,455.2999878,455.2999878,455.2999878,2
11/7/2005,459,459,459,459,0
11/8/2005,460.8999939,458.5,458.5,458.5,10
11/9/2005,466.2999878,466.2999878,466.2999878,466.2999878,100
11/10/2005,466.6000061,466.6000061,466.6000061,466.6000061,100
11/11/2005,468.2999878,468.2999878,468.2999878,468.2999878,0
11/14/2005,468.2000122,468.2999878,468.2999878,468.2999878,0
11/15/2005,468.1000061,468.1000061,468.1000061,468.1000061,50
11/16/2005,478.2999878,478.2999878,478.2999878,478.2999878,0
11/17/2005,486.2000122,486,486,476,38
11/18/2005,485.6000061,485.6000061,485.6000061,485.6000061,38
11/21/2005,489,485.6000061,485.6000061,485.6000061,38
11/22/2005,492.6000061,489,489,489,0
11/23/2005,492.1000061,492.6000061,492.6000061,492.6000061,0
11/28/2005,498.2999878,502.2000122,502.2000122,502.2000122,109050
11/29/2005,499.1000061,502.2999878,494.2999878,498.7000122,42519
11/30/2005,494.6000061,500,492.2999878,500,5688
12/1/2005,502.5,503,490.5,494.2000122,2665
12/2/2005,503.2999878,507,500,503,1610
12/5/2005,508.8999939,509.7000122,503.5,504.5,431
12/6/2005,510.2000122,511.2000122,504.5,509.2000122,720
12/7/2005,514.2999878,517,509.2999878,510.7000122,985
12/8/2005,519.2999878,520,512,514.5999756,337
12/9/2005,527,531,520,520.4000244,472
12/12/2005,528.4000244,538.5,526.5,526.5,995
12/13/2005,521,530.7000122,520,528.4000244,583
12/14/2005,506.5,521,506,521,712
12/15/2005,503.8999939,509,501,506,378
12/16/2005,503.3999939,508,495.2000122,503.8999939,276
12/19/2005,503.6000061,509.5,504.5,509.5,150
12/20/2005,494.6000061,506.8999939,496,506.8999939,120
12/21/2005,493,495.5,490.1000061,495.5,56
12/22/2005,502.7000122,503,494,494,1632
12/23/2005,503,505.7000122,502.2999878,502.2999878,37
12/27/2005,508,509,506,508.7000122,57
12/28/2005,514.2000122,517.2999878,516.9000244,506.8999939,20
12/29/2005,515.7000122,515.7000122,515.7000122,515.7000122,2
12/30/2005,517.0999756,515.7000122,515.7000122,515.7000122,2
1/3/2006,530.7000122,528.5,518.5999756,518.5999756,7
1/4/2006,533.9000244,533.5999756,533.5,533.5999756,8
1/5/2006,526.2999878,529,526,529,10
1/6/2006,539.7000122,539.7000122,539.7000122,539.7000122,10
1/9/2006,549.0999756,539.7000122,539.7000122,539.7000122,10
1/10/2006,544.2999878,544.2999878,544.2999878,544.2999878,2
1/11/2006,548.7999878,548.7999878,548.7999878,548.7999878,0
1/12/2006,548.2999878,548.2999878,548.2999878,548.2999878,0
1/13/2006,556.0999756,547.0999756,547.0999756,547.0999756,0
1/17/2006,553.4000244,553.4000244,553.4000244,553.4000244,0
1/18/2006,543.7000122,543.7000122,543.7000122,543.7000122,0
1/19/2006,558.4000244,552,551,543.7000122,22
1/20/2006,553.5,558.4000244,558.4000244,558.4000244,22
1/23/2006,558.2999878,555,555,555,1
1/24/2006,557.7000122,555,555,555,2
1/25/2006,562.2000122,562.2000122,562.2000122,562.2000122,2
1/26/2006,559.7000122,559.7000122,559.7000122,559.7000122,2
1/27/2006,558.7000122,558.7000122,558.7000122,558.7000122,79958
1/30/2006,565.7999878,566,557.5999756,559.2000122,35179
1/31/2006,570.7999878,572.7000122,565,566.5,6749
2/1/2006,569.4000244,571.5999756,563,570.7999878,3768
2/2/2006,572.5,575.2999878,568,569.7999878,887
2/3/2006,567.4000244,574.2000122,565,571.5,686
2/6/2006,570.2000122,574,567.5,568.4000244,649
2/7/2006,551,571,550.5999756,569.5,1276
2/8/2006,550.0999756,553.2999878,545.5,551,762
2/9/2006,564.5,566,549.9000244,549.9000244,227
2/10/2006,550.2000122,561.9000244,548,561.9000244,222
2/13/2006,539,549.5,540,548.5,645
2/14/2006,545.9000244,546,535.5,538,142
2/15/2006,539.7000122,545,538,544.9000244,150
2/16/2006,546,546,537.2000122,539,96
2/17/2006,551.7999878,552.5,546,548,55
2/21/2006,553.9000244,556.5,550.5,550.5,86
2/22/2006,553.9000244,554.7999878,551,552.5999756,253
2/23/2006,548.4000244,555.5,548.5,554.5,174
2/24/2006,558.7999878,560,547.5,547.5,14
2/27/2006,554.7000122,556.0999756,552.5,556.0999756,24
2/28/2006,561.5999756,558,553.0999756,553.0999756,49
3/1/2006,563.5,564.5,562.5,562.5,1
3/2/2006,568.2000122,568.2000122,568.2000122,568.2000122,1
3/3/2006,566,569.7999878,568.7000122,569.7999878,2
3/6/2006,554.9000244,554.7999878,554.7999878,554.7999878,2
3/7/2006,552.7000122,554.5,554,554.5,3
3/8/2006,542.5,540,540,540,3
3/9/2006,545.5,545.2000122,544.2999878,545,25
3/10/2006,539.9000244,539.9000244,539.9000244,539.9000244,3
3/13/2006,546.0999756,542.5,541,541,4
3/14/2006,551.7000122,551.7000122,551.7000122,551.7000122,4
3/15/2006,553.0999756,553.0999756,553.0999756,553.0999756,4
3/16/2006,554.4000244,554.4000244,554.4000244,554.4000244,4
3/17/2006,554.0999756,554.0999756,554.0999756,554.0999756,4
3/20/2006,555.2000122,555.2000122,555.2000122,555.2000122,4
3/21/2006,552.4000244,552.4000244,552.4000244,552.4000244,4
3/22/2006,550.9000244,550.9000244,550.9000244,550.9000244,300
3/23/2006,550.0999756,550.0999756,550.0999756,550.0999756,547
3/24/2006,560,560,560,560,547
3/27/2006,567,567,567,567,547
3/28/2006,566.5999756,566.5999756,566.5999756,566.5999756,547
3/29/2006,573,573,573,573,64190
3/30/2006,586.7000122,587.4000244,571.2999878,572.5999756,25210
3/31/2006,581.7999878,589.5999756,579,586,2845
4/3/2006,589.4000244,592,582,582,729
4/4/2006,586,590.5,585.5,588,1293
4/5/2006,587.9000244,590.7999878,582.5999756,587,736
4/6/2006,595.2000122,595.5999756,588,588,855
4/7/2006,588.4000244,598.2999878,585.5,595.5,450
4/10/2006,597.5999756,599,589,589,316
4/11/2006,595.2000122,604,595,602,697
4/12/2006,597.5,600,597.2999878,597.2999878,38
4/13/2006,596.5,597.5,592,596.5,107
4/17/2006,615.4000244,616.5,605,605,1125
4/18/2006,620,620.5,614.5999756,614.5999756,502
4/19/2006,632.5999756,632,620.5,620.5,99
4/20/2006,619.7999878,642,611,640,537
4/21/2006,632.2000122,637,611.2000122,615,222
4/24/2006,620.5999756,634,620,634,288
4/25/2006,631,632,620.5999756,620.5999756,112
4/26/2006,638.7999878,639.5,635,635,3
4/27/2006,633.2999878,636.5,636.5,636.5,6
4/28/2006,651.7999878,651.7999878,651.7999878,651.7999878,6
5/1/2006,657.5,658,658,658,9
5/2/2006,664.7000122,666,666,666,2
5/3/2006,665.9000244,669.2000122,669.2000122,669.2000122,1
5/4/2006,674.2000122,674.2000122,674.2000122,674.2000122,1
5/5/2006,682.2000122,682.2000122,682.2000122,682.2000122,1
5/8/2006,677.7999878,679,679,679,2
5/9/2006,699.4000244,679,679,679,8
5/10/2006,703.7000122,695.5,695.5,695.5,4
5/11/2006,719.7999878,723,723,723,10
5/12/2006,710.2999878,714,706,714,32
5/15/2006,683.5999756,710.2999878,710.2999878,710.2999878,32
5/16/2006,691.5,710.2999878,710.2999878,710.2999878,0
5/17/2006,690.5,690.5,690.5,690.5,0
5/18/2006,679.5999756,679.5999756,679.5999756,679.5999756,0
5/19/2006,656.7000122,679.5999756,679.5999756,679.5999756,0
5/22/2006,657,656.5,656.5,656.5,0
5/23/2006,673,673,673,673,0
5/24/2006,637,637,637,637,0
5/25/2006,648.4000244,648.2999878,648.2999878,648.2999878,0
5/26/2006,650.9000244,648.4000244,648.4000244,648.4000244,80564
5/30/2006,653.9000244,664.5,648.2000122,650.7000122,51461
5/31/2006,642.5,658.5,638,651,5034
6/1/2006,627.5999756,645.0999756,620,642.7999878,1682
6/2/2006,635.5,637.5,622.5999756,628,1151
6/5/2006,643.2000122,645,635.5,635.5,613
6/6/2006,629.4000244,643.4000244,625,643.4000244,361
6/7/2006,627.4000244,629.7999878,617.5,629.2000122,793
6/8/2006,609.0999756,627.5999756,608.5,627.5999756,532
6/9/2006,608.2000122,615.7999878,606.9000244,610,73
6/12/2006,606.7999878,610,606,606,19
6/13/2006,562.5,605.5999756,568,571.2000122,207
6/14/2006,562.2999878,571,555,555,243
6/15/2006,566.5,577,557.2999878,557.2999878,135
6/16/2006,578,574.7000122,572,566.5,4
6/19/2006,568.7999878,568.7999878,568.7999878,568.7999878,6
6/20/2006,576.9000244,571,568,571,4
6/21/2006,587.5,585,572,572,60
6/22/2006,582.2000122,588,587,588,14
6/23/2006,584.7999878,584,574,583.9000244,19
6/26/2006,584.7999878,584,580,583,119
6/27/2006,581.5999756,589,589,589,39
6/28/2006,578.2999878,586,580,585.5,1
6/29/2006,586.5,586.5,586.5,586.5,104
6/30/2006,613.5,614.5,609,560.9000244,18
7/5/2006,627.2999878,631,631,631,94
7/6/2006,634.0999756,624,624,624,6
7/7/2006,632.7999878,634.2999878,634.2999878,634.2999878,6
7/10/2006,624.0999756,632.7999878,632.7999878,632.7999878,6
7/11/2006,641.2000122,632.7999878,632.7999878,632.7999878,6
7/12/2006,649.4000244,632.7999878,632.7999878,632.7999878,6
7/13/2006,652.9000244,652.9000244,652.9000244,652.9000244,6
7/14/2006,666.5999756,666.5999756,666.5999756,666.5999756,6
7/17/2006,650.5999756,677,675.0999756,675.0999756,40
7/18/2006,628.2999878,628.2999878,628.2999878,628.2999878,40
7/19/2006,641.5999756,641.5999756,641.5999756,641.5999756,40
7/20/2006,631.7000122,641.5999756,641.5999756,641.5999756,40
7/21/2006,619.5999756,631.7000122,631.7000122,631.7000122,600
7/24/2006,612.7000122,619.5999756,619.5999756,619.5999756,600
7/25/2006,617.5999756,612.7000122,612.7000122,612.7000122,600
7/26/2006,621.5999756,621.5999756,621.5999756,621.5999756,1
7/27/2006,632.4000244,632.4000244,632.4000244,632.4000244,66412
7/28/2006,634.7999878,636.5999756,625,632.5,27652
7/31/2006,634.2000122,646.5,627,634.5,3183
8/1/2006,646.2999878,646.5,629.5,635.4000244,1360
8/2/2006,651.5999756,656,644.7000122,645.7999878,414
8/3/2006,644.9000244,651,638,651,429
8/4/2006,644,653.5,643,646,97
8/7/2006,647.7999878,652,646.5,651.2000122,139
8/8/2006,645.7000122,646.7999878,640,646.7999878,43
8/9/2006,650.5,654.5,638.5,645,65
8/10/2006,634.9000244,651.2999878,634,650.2000122,127
8/11/2006,633.5,642.2999878,626,638,596
8/14/2006,628.5,629.9000244,620,629.9000244,147
8/15/2006,622.5,625.5,622,625,124
8/16/2006,628.7000122,631,627,631,206
8/17/2006,615.4000244,628.5,615.5,627.5,295
8/18/2006,612.0999756,617,609,614.2000122,102
8/21/2006,625.7000122,626.5,613.5999756,613.5999756,117
8/22/2006,624.5999756,628,623.5,626,19
8/23/2006,623.7000122,628,623.2000122,624.5999756,20
8/24/2006,619.5,624.5,618,621.5999756,35
8/25/2006,622,623.5,621.7999878,622.5,173
8/28/2006,615.2999878,621.7000122,614,621.7000122,46
8/29/2006,610.7000122,616.7999878,610.5,616.7999878,2
8/30/2006,617.7000122,618,611.7999878,615.5999756,26
8/31/2006,625.9000244,625.9000244,625.9000244,625.9000244,26
9/1/2006,624.4000244,624.4000244,624.4000244,624.4000244,26
9/4/2006,624.4000244,624.4000244,624.4000244,624.4000244,26
9/5/2006,638.5,638.5,638.5,638.5,23
9/6/2006,633.5,633.5,633.5,633.5,102
9/7/2006,617,617,617,617,102
9/8/2006,609.5999756,609.5999756,609.5999756,609.5999756,102
9/11/2006,590,590,590,590,0
9/12/2006,586.9000244,591,591,591,10
9/13/2006,589.0999756,589.0999756,589.0999756,589.0999756,10
9/14/2006,579.2999878,579.2999878,579.2999878,579.2999878,0
9/15/2006,576.4000244,576.4000244,576.4000244,576.4000244,0
9/18/2006,586.2000122,586.2000122,586.2000122,586.2000122,0
9/19/2006,576.7999878,576.7999878,576.7999878,576.7999878,0
9/20/2006,580,584,584,584,2
9/21/2006,582.2000122,582.2000122,582.2000122,582.2000122,0
9/22/2006,589.4000244,589.4000244,589.4000244,589.4000244,0
9/25/2006,589.9000244,589.9000244,589.9000244,589.9000244,0
9/26/2006,591.2000122,591.2000122,591.2000122,591.2000122,0
9/27/2006,597.2999878,597.2999878,597.2999878,597.2999878,7818
9/28/2006,605,606.2000122,597.7000122,597.7000122,8709
9/29/2006,598.5999756,605.0999756,595,605.0999756,662
10/2/2006,597.7000122,604,598,598.9000244,109
10/3/2006,576.2999878,591.9000244,580,591,160
10/4/2006,562,577,561,573.9000244,4584
10/5/2006,571,575,565.9000244,565.9000244,22
10/6/2006,572.4000244,572.5,560.5,572,24
10/9/2006,578.4000244,578,578,578,93
10/10/2006,571.9000244,574.5,568,574.5,136
10/11/2006,572.2999878,578,578,578,1
10/12/2006,576.2999878,575,575,575,5
10/13/2006,588.7999878,585.5,585.5,585.5,8
10/16/2006,594.7000122,594.5,593.5,593.5,210
10/17/2006,589.7000122,598.5,588.5,598.5,14
10/18/2006,588.9000244,594,591.5,592.5,18
10/19/2006,599,588.9000244,588.7000122,588.9000244,103
10/20/2006,593,597.5,597,597.5,4
10/23/2006,579.7000122,579.7000122,579.7000122,579.7000122,4
10/24/2006,584.4000244,576.5,576.5,576.5,501
10/25/2006,587.5999756,587.5999756,587.5999756,587.5999756,199
10/26/2006,596.7999878,595.5,595,595,26
10/27/2006,598.2000122,598.2000122,598.2000122,598.2000122,5
10/30/2006,604.7000122,608.9000244,608,608.5,13
10/31/2006,604.0999756,604.0999756,604.0999756,604.0999756,0
11/1/2006,616.5999756,612.5,612.5,612.5,6
11/2/2006,625.4000244,625.4000244,625.4000244,625.4000244,6
11/3/2006,626.9000244,626.9000244,626.9000244,626.9000244,0
11/6/2006,625.7999878,625.7999878,625.7999878,625.7999878,0
11/7/2006,625.7000122,625.7000122,625.7000122,625.7000122,0
11/8/2006,616.4000244,616.4000244,616.4000244,616.4000244,0
11/9/2006,635,617,617,617,2
11/10/2006,628.4000244,628.4000244,628.4000244,628.4000244,2
11/13/2006,624.2000122,629,629,629,1
11/14/2006,623.7999878,620.5,620.5,620.5,1
11/15/2006,622.5,622.5,622.5,622.5,0
11/16/2006,620.5999756,620.5999756,620.5999756,620.5999756,0
11/17/2006,621.5,617.5,617.5,617.5,10
11/20/2006,621.2000122,621.5,621.5,621.5,0
11/21/2006,628.2000122,628.0999756,628.0999756,628.0999756,0
11/22/2006,628.7000122,628.7000122,628.7000122,628.7000122,0
11/24/2006,628.7000122,628.7000122,628.7000122,628.7000122,0
11/28/2006,637.2000122,637.2000122,637.2000122,637.2000122,82649
11/29/2006,635.5,640.2999878,634.5,638.4000244,29111
11/30/2006,646.9000244,648,635,635,2327
12/1/2006,644.7000122,649.7000122,643.5,645.7000122,728
12/4/2006,645.2000122,648,640.5,647.0999756,562
12/5/2006,642.2999878,648,640.5,644.2999878,214
12/6/2006,630.5,640.5,631,640.5,247
12/7/2006,631.9000244,632.5,625,628.2999878,316
12/8/2006,626.0999756,636.5,626,633.2999878,104
12/11/2006,630,629.7000122,622.4000244,623,467
12/12/2006,627,630.5,627.5,630.2999878,222
12/13/2006,627.9000244,632.5,624,634.7999878,81
12/14/2006,626.5999756,628.5,627.5,628,43
12/15/2006,615,627.7000122,613,625.5,118
12/18/2006,614,616.5,612,614,57
12/19/2006,621.5999756,620.9000244,616.5,620.9000244,40
12/20/2006,620.5999756,622.7000122,619.7000122,621.4000244,385
12/21/2006,618.2000122,620.7999878,618,620.7999878,22
12/22/2006,619.0999756,619,618.7000122,619,122
12/26/2006,623.7000122,628,623,625.0999756,58
12/27/2006,627.2000122,627.2000122,627.2000122,627.2000122,3
12/28/2006,634.0999756,627.0999756,626,627.0999756,17
12/29/2006,635.2000122,635.2000122,635.2000122,635.2000122,17
1/2/2007,635.2000122,635.2000122,635.2000122,635.2000122,17
1/3/2007,627.0999756,640.4000244,628.5,640.4000244,38
1/4/2007,623.9000244,624.5,624.5,624.5,4
1/5/2007,604.9000244,623.7000122,617.2999878,623.7000122,531
1/8/2007,607.5,607.5,607.5,607.5,1000
1/9/2007,613.0999756,607,607,607,2
1/10/2007,611.5999756,611.5999756,611.5999756,611.5999756,2
1/11/2007,612.4000244,612.4000244,612.4000244,612.4000244,0
1/12/2007,625.5,616.2000122,616.2000122,616.2000122,1
1/16/2007,624.5999756,623.5999756,623.5999756,623.5999756,2
1/17/2007,632.0999756,632.5999756,630.5,630.5,2
1/18/2007,627.0999756,627.0999756,627.0999756,627.0999756,2
1/19/2007,635.5,633.5,633.5,633.5,2
1/22/2007,633.2999878,633.2999878,633.2999878,633.2999878,2
1/23/2007,645.2000122,642.2000122,642.2000122,642.2000122,1
1/24/2007,647.5999756,640.2999878,640.2999878,640.2999878,1
1/25/2007,647.7999878,647.7999878,647.7999878,647.7999878,1
1/26/2007,644.5,644.5,644.5,644.5,2
1/29/2007,643.0999756,643.0999756,643.0999756,643.0999756,71048
1/30/2007,644.2000122,647.5,640.7999878,643,25819
1/31/2007,652,655.5,641.7999878,646.5,3048
2/1/2007,657.4000244,661.5,652.5999756,652.9000244,1198
2/2/2007,646.2000122,659.2999878,642,655.7000122,449
2/5/2007,650.9000244,651,647,649,196
2/6/2007,653.5999756,659,648.0999756,648.2000122,169
2/7/2007,652.2999878,655.5,650.4000244,654.7999878,156
2/8/2007,658,659.2999878,649.0999756,650,463
2/9/2007,667.5,669.5,658,659.0999756,127
2/12/2007,662.5999756,665.9000244,661,664.2999878,65
2/13/2007,663.9000244,669,663.7999878,664.2999878,41
2/14/2007,667.4000244,672,666.7000122,666.7000122,167
2/15/2007,667.2999878,668.5,663,668.5,93
2/16/2007,668.7999878,668.4000244,664.5,664.5,93
2/20/2007,657.0999756,671,658.2999878,671,26
2/21/2007,680.2000122,682.2999878,657.5,660.4000244,33
2/22/2007,679.4000244,679.2999878,676.5,676.5,344
2/23/2007,683.0999756,685.2999878,674,678.2999878,146
2/26/2007,686.5,687.5999756,683.7999878,684.5999756,34
2/27/2007,683.9000244,687.7000122,668.5,684,150
2/28/2007,669.4000244,674.5,662,665.5999756,6
3/1/2007,662.2999878,673,673,673,1
3/2/2007,641.5,641.5,641.5,641.5,24
3/5/2007,636.7000122,640.2000122,640,640.2000122,17
3/6/2007,643.7999878,644.5,641.2999878,643.7000122,15
3/7/2007,650.5999756,650.5999756,650.5999756,650.5999756,13
3/8/2007,653.4000244,653.4000244,653.4000244,653.4000244,13
3/9/2007,650,650,650,650,320
3/12/2007,648.4000244,648,648,648,8
3/13/2007,647.5999756,647.5999756,647.5999756,647.5999756,20
3/14/2007,640.9000244,640.9000244,640.9000244,640.9000244,8
3/15/2007,645.7000122,645.7000122,645.7000122,645.7000122,8
3/16/2007,652.5999756,652.9000244,652.7000122,652.9000244,15
3/19/2007,653.0999756,653.0999756,653.0999756,653.0999756,15
3/20/2007,657.9000244,657.9000244,657.9000244,657.9000244,0
3/21/2007,659,659,659,659,0
3/22/2007,663.4000244,663.4000244,663.4000244,663.4000244,27
3/23/2007,656.7000122,656.7000122,656.7000122,656.7000122,200
3/26/2007,663.4000244,663.4000244,663.4000244,663.4000244,0
3/27/2007,662.0999756,662.0999756,662.0999756,662.0999756,0
3/28/2007,666.5,666.5,666.5,666.5,10244
3/29/2007,661.5,666.2000122,654.5999756,665.9000244,37425
3/30/2007,663,667.7000122,659.0999756,661.2000122,4623
4/2/2007,665.7000122,665.5,656.0999756,665.5,1468
4/3/2007,664,667.2999878,662.2000122,663.0999756,291
4/4/2007,672.0999756,675,664,664,1718
4/5/2007,674.2000122,676,671.5,674.2000122,226
4/9/2007,671.9000244,677.5,671.0999756,671.0999756,35
4/10/2007,676.5,681.5,673.9000244,673.9000244,29
4/11/2007,676.7999878,680.2999878,674.7999878,678.2999878,31
4/12/2007,675.0999756,677.5,673.0999756,677,63
4/13/2007,685.4000244,683.5999756,680.2000122,680.2000122,25
4/16/2007,690.0999756,690.0999756,685.0999756,685.0999756,55
4/17/2007,688.2000122,689.4000244,687.2000122,689,29
4/18/2007,689.0999756,690.5999756,687,689.0999756,13
4/19/2007,684.2999878,685.7000122,681.9000244,681.9000244,58
4/20/2007,692,692.5,690.0999756,690.0999756,24
4/23/2007,690.5999756,689,688,689,16
4/24/2007,684.2000122,691.2999878,683,689.4000244,220
4/25/2007,684.0999756,686.5,683.7999878,686.5,17
4/26/2007,674.9000244,686.7999878,673.5,684.5,51
4/27/2007,678.7000122,678.2999878,673,673,55
4/30/2007,680.5,680,677.2999878,677.4000244,12
5/1/2007,674.4000244,673.7000122,673,673.7000122,6
5/2/2007,672.2999878,672.2999878,672.2999878,672.2999878,0
5/3/2007,681.7999878,681.7999878,681.7999878,681.7999878,0
5/4/2007,687.2000122,687.2000122,687.2000122,687.2000122,0
5/7/2007,688,688,688,688,1
5/8/2007,685.0999756,685.0999756,685.0999756,685.0999756,1
5/9/2007,680.2999878,680.2999878,680.2999878,680.2999878,1
5/10/2007,665.0999756,651,651,651,0
5/11/2007,670.5999756,670.5999756,670.5999756,670.5999756,0
5/14/2007,668.5,668.5,668.5,668.5,0
5/15/2007,673,673,673,673,0
5/16/2007,660.2000122,660.2000122,660.2000122,660.2000122,0
5/17/2007,656.2000122,656.2000122,656.2000122,656.2000122,0
5/18/2007,661,661,661,661,0
5/21/2007,662.9000244,661.4000244,660,660.7000122,6
5/22/2007,659.0999756,659.0999756,659.0999756,659.0999756,6
5/23/2007,661.9000244,661.9000244,661.9000244,661.9000244,6
5/24/2007,653,656,654,654,5
5/25/2007,655.0999756,655.9000244,655.7000122,655.9000244,5
5/29/2007,657.0999756,657.0999756,657.0999756,657.0999756,100718
5/30/2007,653.0999756,658.4000244,651.5,655.7000122,49921
5/31/2007,661,662,652.5,652.5,8065
6/1/2007,671.2000122,672,660.7999878,661.5,1496
6/4/2007,670.7000122,673.7000122,668.9000244,671.2000122,612
6/5/2007,669.5999756,674,669.2999878,672.0999756,242
6/6/2007,669.2999878,670.9000244,665.4000244,670.4000244,489
6/7/2007,660.0999756,671.4000244,658.2999878,671.4000244,282
6/8/2007,645.5,659.5999756,645.2000122,658.5,261
6/11/2007,654.2999878,654.4000244,649.2000122,649.2000122,91
6/12/2007,648.5,653.7999878,646.9000244,653.7999878,61
6/13/2007,648.2000122,651.5,644.2999878,646.5999756,82
6/14/2007,651.5999756,652.7999878,650,652.5999756,15
6/15/2007,654.5,655.2000122,650.7000122,651,28
6/18/2007,655.7999878,658.2000122,655.7000122,657.9000244,57
6/19/2007,660.7000122,660.2000122,653,656.2000122,36
6/20/2007,656.0999756,660.7999878,658,660.7999878,8
6/21/2007,650.5999756,648.5999756,648.5999756,648.5999756,6
6/22/2007,653.5,649.9000244,649.9000244,649.9000244,3
6/25/2007,651.2999878,650.5,650,650,21
6/26/2007,642.0999756,647.5999756,640,647.5999756,60
6/27/2007,641.7000122,643.5,640.4000244,640.4000244,43
6/28/2007,647.5,648.4000244,643.9000244,643.9000244,89
6/29/2007,648.0999756,649.2000122,647.5,647.5,45
7/2/2007,656.5,656.7999878,656.7999878,656.7999878,1
7/3/2007,652.9000244,655.7000122,655.7000122,655.7000122,1
7/5/2007,648.4000244,648.4000244,648.4000244,648.4000244,18
7/6/2007,652.7000122,652.7000122,652.7000122,652.7000122,18
7/9/2007,660.5,660.5,660.5,660.5,0
7/10/2007,662.5,662.5,662.5,662.5,0
7/11/2007,660.2999878,660.2999878,660.2999878,660.2999878,6
7/12/2007,666.7000122,665,665,665,2
7/13/2007,665.7999878,666.7000122,666.7000122,666.7000122,8
7/16/2007,665,667.0999756,667.0999756,667.0999756,1
7/17/2007,664.7000122,664.7000122,664.7000122,664.7000122,0
7/18/2007,672.5999756,672.5999756,672.5999756,672.5999756,0
7/19/2007,677.2000122,677.2000122,677.2000122,677.2000122,0
7/20/2007,683.9000244,683.9000244,683.9000244,683.9000244,0
7/23/2007,680.7999878,680.7999878,680.7999878,680.7999878,0
7/24/2007,684.2000122,684.2000122,684.2000122,684.2000122,0
7/25/2007,673.2999878,673.2999878,673.2999878,673.2999878,0
7/26/2007,662.5,662.5,662.5,662.5,0
7/27/2007,660,660,660,660,95749
7/30/2007,664.0999756,665.2000122,659.2999878,659.9000244,36526
7/31/2007,666.9000244,668.2999878,662.5999756,665,5769
8/1/2007,663.5999756,666.2999878,658.5,663.2000122,2026
8/2/2007,664.5999756,666.7000122,662.7999878,666.7000122,1062
8/3/2007,672.5,674.4000244,665.7000122,665.7999878,575
8/6/2007,671.5,672.0999756,668.7999878,672.0999756,212
8/7/2007,670.5999756,670,666.5,670,313
8/8/2007,674.5,676.2000122,674,674.7000122,136
8/9/2007,661.4000244,667.7999878,661.4000244,667.7999878,377
8/10/2007,670.2999878,673.4000244,659.5,659.5,1101
8/13/2007,669.7000122,671,668.5999756,669.9000244,52
8/14/2007,668.5999756,670.5,665,665,106
8/15/2007,668.9000244,669.7000122,662.5,665,845
8/16/2007,648.2999878,665.2000122,642.9000244,665.2000122,130
8/17/2007,656.9000244,657.7000122,648.4000244,648.4000244,219
8/20/2007,656.7000122,660,658.5999756,658.5999756,189
8/21/2007,656.7000122,658.4000244,657.5,657.9000244,9
8/22/2007,659.0999756,661.0999756,658.9000244,658.9000244,303
8/23/2007,658.9000244,663.7000122,663.2000122,663.5999756,135
8/24/2007,668,668.7999878,662.0999756,662.0999756,208
8/27/2007,666.7999878,668,666,667.9000244,77
8/28/2007,664.4000244,665.9000244,664.2000122,665.5,22
8/29/2007,666.2999878,667.7000122,667,667,78
8/30/2007,665,666.5,665.5,665.5,186
8/31/2007,673,672.7999878,672.5,672.5,186
9/4/2007,682.5,682.5,682.5,682.5,0
9/5/2007,681.7000122,679.0999756,678.5999756,678.5999756,80
9/6/2007,695.5999756,692.4000244,692.2000122,692.2000122,2
9/7/2007,700.7999878,700.7999878,700.7999878,700.7999878,1
9/10/2007,703.2999878,705,702,704.5,43
9/11/2007,712.2000122,703.5,702.7999878,703.5,55
9/12/2007,711.9000244,713.9000244,712.5,713.9000244,6
9/13/2007,709.5,707.4000244,706.9000244,706.9000244,19
9/14/2007,709.5999756,717.2000122,714.9000244,717.2000122,33
9/17/2007,715.7999878,719.0999756,719.0999756,719.0999756,36
9/18/2007,715.7999878,715.7999878,715.7999878,715.7999878,104
9/19/2007,722,724.5999756,724.5999756,724.5999756,12
9/20/2007,732.4000244,732.4000244,732.4000244,732.4000244,12
9/21/2007,731.4000244,731.4000244,731.4000244,731.4000244,6
9/24/2007,732.0999756,732.0999756,732.0999756,732.0999756,150
9/25/2007,731.5999756,731.5999756,731.5999756,731.5999756,60
9/26/2007,728.2999878,728.2999878,728.2999878,728.2999878,12901
9/27/2007,732.7000122,735.5,727.4000244,728.2000122,11841
9/28/2007,742.7999878,745.7000122,733.7000122,733.7000122,2004
10/1/2007,747.2000122,747.4000244,741.7999878,745.0999756,644
10/2/2007,729.7999878,746.5,726.5,746.5,319
10/3/2007,729.2999878,732.5,726.7000122,727.5999756,61
10/4/2007,737.7999878,736.7999878,724.2999878,725.0999756,17
10/5/2007,741.2999878,741.7000122,731,731,6
10/8/2007,732.7999878,737,732.4000244,735.2000122,88
10/9/2007,737.4000244,736.5,735.5,736.0999756,44
10/10/2007,740.4000244,741,740.7000122,740.9000244,32
10/11/2007,751.2999878,749.7000122,746,747.4000244,180
10/12/2007,748.7000122,750.4000244,748.7000122,750.4000244,371
10/15/2007,757.0999756,759.5999756,757.9000244,758,344
10/16/2007,757,762.4000244,756.0999756,762.4000244,151
10/17/2007,757.5,760,757,760,45
10/18/2007,764.0999756,765.7999878,765.7999878,765.7999878,9
10/19/2007,764,765.2000122,762.7000122,765.2000122,7
10/22/2007,755.7999878,766.7000122,751.9000244,766.7000122,60
10/23/2007,759,756,756,755.7000122,7
10/24/2007,761.5999756,758.2000122,753.5,758.2000122,55
10/25/2007,767.2999878,767.9000244,767.9000244,767.9000244,10
10/26/2007,783.9000244,783.4000244,771.4000244,771.4000244,81
10/29/2007,789.0999756,793.7999878,787.2999878,793.7999878,9
10/30/2007,784.2999878,785.5,780.7000122,785.5,168
10/31/2007,792,795.4000244,789.2999878,789.2999878,12
11/1/2007,790.7000122,791.2999878,785.2999878,785.2999878,4
11/2/2007,805.7000122,806.5,794.0999756,794.0999756,4
11/5/2007,808.0999756,804.5999756,804.2000122,804.5999756,17
11/6/2007,820.7999878,825.2999878,821.9000244,821.9000244,4
11/7/2007,831,831.2000122,830,830,3
11/8/2007,835.2000122,841.2999878,829.7999878,829.7999878,8
11/9/2007,832.5,835.7999878,831.7000122,835.7000122,7
11/12/2007,805.7999878,803.9000244,798.7000122,803.9000244,3
11/13/2007,797.2000122,804.2999878,800,804.2999878,6
11/14/2007,813,817,816.7000122,816.7000122,11
11/15/2007,785.9000244,794.5,793.7000122,794.5,0
11/16/2007,785.7000122,785.7000122,785.7000122,785.7000122,0
11/19/2007,776.7999878,777.5999756,777.5999756,777.5999756,1
11/20/2007,790.2999878,802.5,792.9000244,792.9000244,5
11/21/2007,797.5999756,797.5999756,797.5999756,797.5999756,5
11/23/2007,824,824,824,824,6
11/26/2007,826,826,826,826,6
11/27/2007,813.7000122,824.7999878,812.5,823.2000122,32
11/28/2007,800.0999756,800.0999756,800.0999756,800.0999756,165342
11/29/2007,795.2999878,807.7999878,791.9000244,804,66669
11/30/2007,782.2000122,798.5999756,778.4000244,795,7212
12/3/2007,788.2999878,794.5999756,777,783.9000244,3728
12/4/2007,801.2999878,805,787.2000122,794,925
12/5/2007,797.5,803.9000244,791.7000122,802.2000122,389
12/6/2007,801.2000122,804.7999878,786.5,794.4000244,332
12/7/2007,794.4000244,801.2000122,792,800.7000122,218
12/10/2007,807.7000122,809.7000122,799.2999878,799.2999878,274
12/11/2007,811.4000244,812,796,808.0999756,347
12/12/2007,813.5,815.9000244,809.5999756,809.7000122,291
12/13/2007,799,810.2999878,792.7000122,810.2999878,200
12/14/2007,793.2999878,803.5,789.5999756,800.2999878,196
12/17/2007,794.7999878,794.5,788.4000244,793.5,115
12/18/2007,803,804.7999878,793,793,72
12/19/2007,801.0999756,804,799.0999756,799.2000122,68
12/20/2007,799.2000122,800,794.2000122,799.5,114
12/21/2007,811.5999756,812.5,800,800,64
12/24/2007,812.7999878,814.0999756,809.7999878,811.5,41
12/26/2007,826,826.9000244,815.7000122,815.7000122,36
12/27/2007,828.5999756,832.5,824.7999878,824.7999878,160
12/28/2007,839.5999756,840.2000122,826.5999756,826.5999756,107
12/31/2007,834.9000244,843.2000122,843.2000122,843.2000122,4
1/2/2008,857,857.7999878,846.4000244,848.7000122,130
1/3/2008,866.4000244,865.5,856.2999878,863,181
1/4/2008,863.0999756,865.5,860.2000122,861.4000244,28
1/7/2008,859.5999756,860.9000244,857.4000244,860.9000244,4
1/8/2008,878,879.4000244,861.5999756,861.5999756,21
1/9/2008,879.5,885,876,885,48
1/10/2008,891.7000122,891.4000244,881.2000122,882,6
1/11/2008,896.0999756,899.7000122,889.7000122,889.7999878,183
1/14/2008,901.5999756,907.2999878,905,907.2999878,89
1/15/2008,901,887.5999756,887.5999756,887.5999756,101
1/16/2008,880.5999756,885.7999878,880.5,880.5,102
1/17/2008,879.5,888.2000122,876.7999878,888.2000122,11
1/18/2008,880.7999878,886.7999878,871,871.7999878,30
1/22/2008,889.5999756,891,863.2000122,878.7000122,30
1/23/2008,882.5,895.7000122,880,885,49
1/24/2008,905.5,906.5999756,890.9000244,890.9000244,6
1/25/2008,910.5,910.5,910.5,910.5,6
1/28/2008,927.0999756,922,914.5,916.5999756,25
1/29/2008,925.0999756,925,925,925,157692
1/30/2008,920.5999756,936.2999878,915.2999878,924.4000244,68820
1/31/2008,922.7000122,928.5999756,918.2999878,928.2000122,4289
2/1/2008,908.7000122,936.2000122,903.7000122,924.7999878,2152
2/4/2008,904.9000244,912,892.5,903.7000122,1493
2/5/2008,885.9000244,905.2000122,884.7000122,905.0999756,476
2/6/2008,900.7000122,910,887.5,887.9000244,430
2/7/2008,906.0999756,909.2999878,896.4000244,900.5999756,463
2/8/2008,918.4000244,920,911.5,915.2999878,339
2/11/2008,922.9000244,926.9000244,917.5,920.7000122,181
2/12/2008,907.4000244,924.7999878,904.2000122,921,278
2/13/2008,906.5,909.4000244,897.2000122,903,89
2/14/2008,907.4000244,911,904,904,128
2/15/2008,902.7999878,913.5999756,898.7000122,910.0999756,128
2/19/2008,926.5999756,928.7999878,900.5,904.2999878,174
2/20/2008,934.5999756,945,919.5999756,926.5,73
2/21/2008,946.0999756,953.4000244,940.0999756,940.0999756,138
2/22/2008,944.7000122,948.5,942.5,944.9000244,79
2/25/2008,937.5999756,948.9000244,933,946.5,312
2/26/2008,946.0999756,949,931.2999878,931.2999878,224
2/27/2008,958.2000122,960,955,960,215
2/28/2008,964.5,972.0999756,954.4000244,957.4000244,238
2/29/2008,972.0999756,973.0999756,963.5,971.4000244,39
3/3/2008,981.5,986.9000244,979.7000122,984.2000122,26
3/4/2008,963.9000244,984.5,963.7999878,982.4000244,41
3/5/2008,986.2000122,992.7000122,963.9000244,965,45
3/6/2008,975,987.7000122,973.4000244,984.2999878,46
3/7/2008,972.2000122,984.9000244,972.4000244,982.7999878,96
3/10/2008,969.9000244,976.7999878,964.7000122,975.5,92
3/11/2008,974.2000122,976.7000122,971.5,975.7000122,12
3/12/2008,978.7999878,979.2999878,973.5,973.5999756,6
3/13/2008,992.2999878,998.5,983.7000122,983.7000122,10
3/14/2008,998.2000122,1004.599976,993,993.9000244,27
3/17/2008,1001.400024,1014.599976,996.4000244,1005,82
3/18/2008,1003.200012,1010,978.2000122,1003.599976,30
3/19/2008,944.7000122,979.2999878,938.4000244,979.2999878,84
3/20/2008,919.5999756,943.2000122,917.7000122,939.9000244,34
3/24/2008,918.2999878,922,915.2000122,915.5,71
3/25/2008,934.5999756,933.9000244,927.2000122,931.5,102
3/26/2008,949,949.5999756,949.5999756,949.5999756,1
3/27/2008,948.7999878,951.7000122,945.7000122,947.4000244,145634
3/28/2008,930.5999756,951.0999756,921.7999878,947.5,64013
3/31/2008,916.2000122,940.0999756,912,931,5980
4/1/2008,882.9000244,919.7999878,871.7999878,915,3204
4/2/2008,895.2000122,906.5,881.2000122,884,2367
4/3/2008,905,907.5,889.5999756,901.2000122,984
4/4/2008,909,914.9000244,898.7999878,904.7000122,279
4/7/2008,922.7000122,927.2000122,912.2999878,915.2999878,2086
4/8/2008,914,925.2999878,909.2999878,924.2000122,405
4/9/2008,933.5999756,935.5,904.0999756,916,390
4/10/2008,928.2999878,939.2000122,922.4000244,931.2999878,409
4/11/2008,923.5999756,931.2000122,919.5999756,919.5999756,141
4/14/2008,925.4000244,929.4000244,915.5999756,917,153
4/15/2008,928.7000122,936,924.2999878,924.2999878,168
4/16/2008,945.0999756,948.7000122,927.2000122,927.2000122,161
4/17/2008,939.7999878,947.9000244,938.7000122,927.2000122,209
4/18/2008,912.2000122,936,907.2000122,936,145
4/21/2008,914.7000122,924.5999756,914.0999756,922.5,449
4/22/2008,922.2999878,922.7999878,916.2000122,920.5999756,625
4/23/2008,906.2000122,921.5,898.7999878,916.7999878,111
4/24/2008,886.7999878,904.7999878,885.0999756,902.4000244,80
4/25/2008,887.2000122,893.5999756,878.0999756,878.2000122,77
4/28/2008,892.9000244,893.7999878,887,887,339
4/29/2008,874.2000122,890.5999756,869.5999756,890.5999756,136
4/30/2008,862.7999878,875.2000122,863,868.7000122,88
5/1/2008,848.9000244,873.5,849.5999756,855,28
5/2/2008,856.0999756,857.7000122,853.2999878,853.2999878,6
5/5/2008,872.2999878,872.7999878,861.2000122,861.2000122,35
5/6/2008,876,881.4000244,872.2999878,872.2999878,47
5/7/2008,869.5999756,869.4000244,864.7999878,868,43
5/8/2008,880.5999756,883.2999878,867.0999756,871,71
5/9/2008,884.5,884.7000122,883.9000244,883.9000244,25
5/12/2008,883.7000122,886.5,879.2000122,879.2000122,56
5/13/2008,868.5,870.4000244,862.9000244,862.9000244,17
5/14/2008,865.4000244,868.5999756,862.7999878,862.7999878,41
5/15/2008,879,886.2999878,865.7999878,865.7999878,121
5/16/2008,899,904.2000122,892,892,85
5/19/2008,905,905,905,905,2
5/20/2008,919.5,919.5,919.5,919.5,2
5/21/2008,928,924,923.2000122,923.5,3
5/22/2008,917.9000244,917.5999756,917.5999756,917.5999756,1
5/23/2008,925.5999756,925.5999756,916,916.9000244,1
5/27/2008,907.7000122,912,906.5,912,25
5/28/2008,900.5,900.5,900.5,900.5,149889
5/29/2008,877.2000122,903.2000122,872.0999756,903,64624
5/30/2008,887.2999878,888.5,868.5999756,880.2000122,6671
6/2/2008,892.9000244,898,881.7999878,887.2999878,2132
6/3/2008,881.5999756,896.0999756,874.5999756,889.7999878,2079
6/4/2008,879.9000244,886.0999756,876,879.5,612
6/5/2008,871.7999878,878.7999878,865.4000244,876.0999756,340
6/6/2008,895.4000244,901,877.7000122,878.5,230
6/9/2008,894.7000122,908.9000244,890.5,900.7000122,1930
6/10/2008,867.9000244,886.5999756,866,886.5999756,457
6/11/2008,879.7000122,882,869.5,869.5,146
6/12/2008,869.2000122,873.5999756,858.2000122,873.5999756,135
6/13/2008,870.2999878,870.2999878,860.5,870.2999878,361
6/16/2008,883.5999756,893,871.2999878,872.5,70
6/17/2008,884.2999878,887,876.2999878,883.4000244,62
6/18/2008,890.9000244,891.9000244,885.0999756,888,135
6/19/2008,901.7000122,906.5,888.5999756,888.5999756,44
6/20/2008,901.2999878,907.2999878,901,903.7999878,21
6/23/2008,884.7999878,903.4000244,879.2000122,903.4000244,54
6/24/2008,889.2000122,891.2000122,885.5,889.5999756,64
6/25/2008,880,883.7999878,876.4000244,883.5999756,97
6/26/2008,913.0999756,912.5999756,909.5999756,909.5999756,182
6/27/2008,929.2999878,927.5999756,910.7000122,913.0999756,167
6/30/2008,926.2000122,933.7000122,922.2999878,927.7000122,144
7/1/2008,942.5,945.7999878,938,943.5999756,32
7/2/2008,944.7999878,944.7999878,933.0999756,938.7999878,58
7/3/2008,931.9000244,944.7999878,928,944.7999878,58
7/7/2008,927.2999878,931.4000244,915.4000244,931.4000244,141
7/8/2008,921.9000244,922.7999878,919.2000122,922.7999878,37
7/9/2008,927.2999878,928.2000122,919.7999878,919.7999878,31
7/10/2008,940.9000244,942.0999756,928.0999756,928.0999756,18
7/11/2008,959.5,965.7000122,948.2000122,948.2000122,58
7/14/2008,972.7000122,974.5999756,955,964.7000122,55
7/15/2008,977.7000122,986.2000122,976,983.5,12
7/16/2008,961.7999878,960,960,960,1
7/17/2008,970,976.2000122,957.2999878,957.2999878,37
7/18/2008,957.2999878,957,956.7999878,956.7999878,2
7/21/2008,963.0999756,964.5,963.5,964.5,2
7/22/2008,948,974.9000244,973,973,3
7/23/2008,922.4000244,935,924.2000122,935,203
7/24/2008,922,926.4000244,920.9000244,920.9000244,47
7/25/2008,926.5999756,929.2000122,921.2000122,928.4000244,35
7/28/2008,927.5999756,931.0999756,927,928.7999878,28
7/29/2008,916.4000244,917.7000122,916.2000122,916.2000122,147310
7/30/2008,902.9000244,919.0999756,893.2999878,917.9000244,93759
7/31/2008,913.9000244,925.5999756,906.0999756,906.9000244,8550
8/1/2008,909,916.0999756,902.0999756,904.9000244,1834
8/4/2008,900.0999756,915.2999878,894.4000244,912.7000122,2415
8/5/2008,878.5999756,895.4000244,873.2999878,895.4000244,790
8/6/2008,875.5999756,885.5999756,875,880.7000122,1330
8/7/2008,870.7000122,883.7999878,870.2999878,882.2000122,335
8/8/2008,857.7999878,869.5,851.0999756,868.7999878,303
8/11/2008,821.5,863.4000244,818,858.2999878,286
8/12/2008,808.2000122,826.4000244,803.5999756,826.4000244,99
8/13/2008,825,829.0999756,810.9000244,810.9000244,155
8/14/2008,808.2000122,831.9000244,805,831.4000244,67
8/15/2008,786,799.2000122,780.9000244,796.9000244,134
8/18/2008,799.7000122,801.7000122,792,792,22
8/19/2008,811.0999756,814.5,789.5999756,789.5999756,48
8/20/2008,810.2999878,814.9000244,804.7000122,814.9000244,87
8/21/2008,833,835.5999756,825.7999878,825.7999878,99
8/22/2008,827.4000244,836.5999756,823.0999756,832.2999878,21
8/25/2008,819.7999878,819.7999878,819.7999878,819.7999878,44
8/26/2008,822.2000122,826,826,826,142
8/27/2008,828.0999756,830.2999878,825.2999878,830.2999878,423
8/28/2008,830.9000244,842.5999756,824.5,828,503
8/29/2008,829.2999878,833,831.7000122,831.7000122,116
9/2/2008,805,840.7000122,790.7999878,829.9000244,185
9/3/2008,802.7000122,805.5999756,791.5999756,805.5999756,28
9/4/2008,797.9000244,809.0999756,794.9000244,801.4000244,76
9/5/2008,797.5999756,809,794,794.7000122,85
9/8/2008,797.5,813.2000122,796.4000244,811,88
9/9/2008,787.0999756,802,780,802,29
9/10/2008,757.9000244,781,752.7999878,776.5999756,56
9/11/2008,741.2999878,756.5999756,739,756.5999756,25
9/12/2008,760.2999878,756,750.5,750.5,12
9/15/2008,783.0999756,778.5999756,764,778.0999756,19
9/16/2008,776.5,777.7000122,777,777.7000122,2
9/17/2008,846.5999756,808,782.9000244,782.9000244,26
9/18/2008,892.7000122,910.9000244,836,869.9000244,59
9/19/2008,860.5999756,860.5999756,860.5999756,860.5999756,112
9/22/2008,903.9000244,908.0999756,888.7999878,888.7999878,20
9/23/2008,885.5,898.9000244,886,892.4000244,184
9/24/2008,889,891.2999878,879.5,879.5,185
9/25/2008,877.7000122,891.5,884.5,891.5,92
9/26/2008,882.9000244,890.2000122,884.2000122,884.2000122,13695
9/29/2008,888.2000122,919,866.4000244,871.2999878,2943
9/30/2008,874.2000122,912.5,855,904.7999878,879
10/1/2008,880.7000122,889.0999756,869.2000122,878,304
10/2/2008,839,870.4000244,829.2999878,870.4000244,462
10/3/2008,828.9000244,844.2999878,823,832.5,228
10/6/2008,862.7000122,868.7999878,826,828.7999878,510
10/7/2008,878.4000244,883,858.2000122,862.0999756,41
10/8/2008,903.0999756,915.5,877.7000122,879.7000122,310
10/9/2008,883.0999756,919.7000122,883,902.7000122,76
10/10/2008,855.4000244,925.7000122,843,925.7000122,104
10/13/2008,838.9000244,861.0999756,830.2999878,861.0999756,186
10/14/2008,836.2999878,848.0999756,833.5,848.0999756,48
10/15/2008,835.5,848.7000122,831.5999756,839.5,120
10/16/2008,801.5,846,790,846,34
10/17/2008,785.0999756,807,773.7999878,798,55
10/20/2008,787.5999756,803.7999878,787.5,803.7999878,19
10/21/2008,766.0999756,793.7000122,767.7000122,793.7000122,83
10/22/2008,733.2999878,771.7000122,721,771.7000122,244
10/23/2008,713.2999878,719.7999878,705,705,37
10/24/2008,729.0999756,734.2000122,681,715.2999878,99
10/27/2008,741.7000122,744.5,712,742.7999878,268
10/28/2008,739.2999878,748.7999878,730.5999756,731,6
10/29/2008,752.7999878,750.7999878,750.7999878,750.7999878,90
10/30/2008,737.2000122,774,739.0999756,760.5,24
10/31/2008,716.7999878,736,718.4000244,731.4000244,17
11/3/2008,725.4000244,731.5,728.7000122,728.7999878,16
11/4/2008,756,760,726,726,30
11/5/2008,741.2999878,757.4000244,739,757.4000244,22
11/6/2008,731.2000122,759,731.9000244,743.4000244,30
11/7/2008,733.2000122,743,727.2000122,731.5,17
11/10/2008,745.5999756,753.5999756,747.9000244,749,42
11/11/2008,732,735.5999756,729.7999878,734.2000122,39
11/12/2008,717.7000122,734.7000122,722.5,730.4000244,71
11/13/2008,704.9000244,715.5,707,714.2999878,922
11/14/2008,742.4000244,747.0999756,726.5,726.5,9
11/17/2008,741.9000244,741.9000244,741.9000244,741.9000244,9
11/18/2008,732.5999756,744.9000244,734,738,13
11/19/2008,735.9000244,758.7999878,735,736,55
11/20/2008,748.5999756,750,739.5,740.5,62
11/21/2008,791.7000122,784.0999756,771.2000122,771.2999878,20
11/24/2008,819.4000244,824,819.9000244,819.9000244,3
11/25/2008,818.4000244,818.4000244,818.4000244,818.4000244,158862
11/26/2008,808.5,822,806.7999878,819.0999756,158862
11/28/2008,816.2000122,819,808.2000122,811.0999756,6325
12/1/2008,774.5999756,817.2999878,766,817.2000122,2791
12/2/2008,781.2999878,786,759.7000122,765.2999878,1393
12/3/2008,768.7999878,781.9000244,762.9000244,780,439
12/4/2008,763.7999878,780.4000244,761.7000122,770,606
12/5/2008,750.5,769.5999756,740,764.5,888
12/8/2008,767.4000244,780.2000122,754.2000122,755,573
12/9/2008,772.4000244,776.5,762.2999878,775,101
12/10/2008,807.0999756,811,783.0999756,784.0999756,235
12/11/2008,824.9000244,832.0999756,801,803.4000244,260
12/12/2008,818.9000244,827,813.7999878,821.5,182
12/15/2008,835.4000244,842,824,828,470
12/16/2008,841.7000122,859,831.5999756,839,73
12/17/2008,867.5,880.7999878,849.2999878,854.4000244,122
12/18/2008,859.5999756,873,852,862.4000244,242
12/19/2008,836.4000244,852.0999756,833.2999878,846.5999756,106
12/22/2008,846.2000122,851,844,848.5,235
12/23/2008,837.2000122,848,835,848,176
12/24/2008,847.0999756,848.9000244,838.5,838.9000244,19
12/26/2008,870.4000244,872.4000244,845.7999878,847,88
12/29/2008,874.5999756,882.9000244,875,882.9000244,426
12/30/2008,869.2999878,878.0999756,866.5,878.0999756,139
12/31/2008,883.5999756,883.5999756,858.4000244,860,35
1/2/2009,878.7999878,881.5,868.9000244,881.5,46
1/5/2009,857.2000122,883.5,847,882,35
1/6/2009,865.4000244,867.5999756,840,855.0999756,113
1/7/2009,841.0999756,867,837.7000122,862,101
1/8/2009,853.9000244,861,837.9000244,837.9000244,255
1/9/2009,854.2999878,862.0999756,855.9000244,855.9000244,123
1/12/2009,820.2999878,844.4000244,815.4000244,844.4000244,72
1/13/2009,820.0999756,825.5999756,815.7000122,825.5999756,20
1/14/2009,808.2000122,827.0999756,814,825.9000244,5
1/15/2009,806.7000122,808.7999878,805.5999756,805.5999756,16
1/16/2009,839.2999878,842.5,834,834,64
1/20/2009,854.5999756,862.7000122,824,838.7000122,20
1/21/2009,849.5999756,852.5999756,843.7999878,850.5,37
1/22/2009,858.2000122,860.9000244,846.2000122,856.7999878,57
1/23/2009,895.2999878,899.0999756,875,875,52
1/26/2009,908.5,911.5999756,901.2000122,907.2999878,18
1/27/2009,899.2000122,903,895.2000122,902.7999878,48
1/28/2009,888.0999756,894.5999756,883.7000122,886.0999756,137271
1/29/2009,905.0999756,909.7000122,874.2000122,888.0999756,66607
1/30/2009,927.2999878,930.2999878,902,909.7999878,10460
2/2/2009,906.7000122,928.7999878,902.2000122,924.2999878,3220
2/3/2009,892,913.2999878,889.7999878,903.2000122,1451
2/4/2009,901.5999756,909.2000122,897,900.0999756,465
2/5/2009,913.5999756,924.4000244,904.4000244,906.2999878,770
2/6/2009,913.9000244,918.5,909.5,914.5,334
2/9/2009,892.4000244,911,891.7999878,910,984
2/10/2009,913.7000122,917.5,892,898,252
2/11/2009,943.7999878,947.2000122,912.2000122,913.7000122,892
2/12/2009,948.5,952.7999878,936.4000244,938.7999878,335
2/13/2009,941.5,947.2999878,934.2000122,947.2999878,137
2/17/2009,967,973.7999878,937.2999878,939.5,1639
2/18/2009,977.7000122,988,962.2000122,968.4000244,422
2/19/2009,976.0999756,986.2000122,972,982.7000122,202
2/20/2009,1001.799988,1004.900024,971.5999756,974,219
2/23/2009,994.5999756,996.5,980,995.5999756,215
2/24/2009,969.0999756,991.5999756,963.2000122,988,243
2/25/2009,965.7000122,977.5,953.0999756,963.2999878,1019
2/26/2009,941.7999878,956,933,953,687
2/27/2009,941.5,963.2000122,928.0999756,943.4000244,730
3/2/2009,939,963.2000122,924.5,945,474
3/3/2009,912.9000244,931.7999878,906.4000244,927,362
3/4/2009,906,923.2000122,900.0999756,914.9000244,155
3/5/2009,927,932.5999756,908.9000244,912,141
3/6/2009,942.0999756,944.5,931.7999878,933.5,308
3/9/2009,917.7000122,940.5,914.5,940.5,838
3/10/2009,895.5999756,921.7999878,892.0999756,921.5999756,120
3/11/2009,910.4000244,912.4000244,894.0999756,894.7000122,221
3/12/2009,923.7000122,927.5,908,909.2000122,118
3/13/2009,929.7999878,937,924.4000244,924.4000244,69
3/16/2009,921.5999756,929.5999756,916.7000122,926.4000244,139
3/17/2009,916.4000244,924.4000244,912.4000244,923.2000122,48
3/18/2009,888.7000122,944,885,915.4000244,120
3/19/2009,958.2999878,960.7999878,933.7999878,938,360
3/20/2009,955.7999878,960.5999756,954,960.5999756,23
3/23/2009,952.0999756,952.5999756,937.9000244,950.7000122,30
3/24/2009,923.2999878,923.2999878,923.2999878,923.2999878,1494
3/25/2009,935.4000244,936.5,920.7999878,921.2000122,97
3/26/2009,939.5999756,943,937.5999756,939.5999756,66
3/27/2009,923,923,923,923,106869
3/30/2009,915.5,932.5,908.5999756,924.5999756,58837
3/31/2009,922.5999756,924.5,911.5999756,918,7403
4/1/2009,926.0999756,932.5,916.9000244,918.5999756,3659
4/2/2009,907.4000244,930.2999878,894.9000244,926.9000244,3389
4/3/2009,895.5999756,910.2999878,891.2999878,904.5999756,1616
4/6/2009,871.5,895,865.0999756,895,1078
4/7/2009,882.2000122,884.7000122,872.2000122,872.2000122,395
4/8/2009,884.7999878,889.0999756,879,884,119
4/9/2009,882.2000122,886.0999756,874.7000122,882.4000244,360
4/13/2009,894.7000122,899.4000244,882.5,882.5,418
4/14/2009,890.9000244,897.7999878,887.4000244,896.0999756,362
4/15/2009,892.7999878,895.2999878,888.9000244,890,665
4/16/2009,879.2999878,893.4000244,872.7999878,890.9000244,632
4/17/2009,867.4000244,875.7000122,865,874,212
4/20/2009,887,889,866.0999756,868.7999878,655
4/21/2009,882.0999756,895.0999756,880.7000122,886.9000244,230
4/22/2009,891.7999878,893,883,883.0999756,330
4/23/2009,905.9000244,909,892.5999756,893.5999756,234
4/24/2009,913.5999756,913.5999756,906.7000122,911.2000122,438
4/27/2009,907.4000244,918,906.2999878,918,1179
4/28/2009,892.7999878,899.7000122,890.0999756,899.7000122,308
4/29/2009,899.7999878,902.5,887.7999878,890.0999756,809
4/30/2009,890.7000122,898.9000244,881.2999878,898.2000122,212
5/1/2009,887.5999756,889.2000122,881.5,884,506
5/4/2009,901.5999756,907.5,885.7999878,885.7999878,83
5/5/2009,903.7000122,912.2999878,902,903.5,69
5/6/2009,910.5,911.0999756,901.2999878,901.2999878,30
5/7/2009,915,924,910.4000244,922.4000244,64
5/8/2009,914.4000244,915.2999878,910.0999756,910.0999756,156
5/11/2009,913,914.4000244,913.0999756,913.0999756,2
5/12/2009,923.5,923.5,916.0999756,918.5,24
5/13/2009,925.5,929.7000122,921.2000122,922,71
5/14/2009,928,922.5999756,922.5999756,922.5999756,1
5/15/2009,930.9000244,931.5999756,925.2000122,925.2000122,45
5/18/2009,921.2999878,932.9000244,918.7000122,929.5999756,71
5/19/2009,926.2999878,926.2999878,926.2999878,926.2999878,71
5/20/2009,937,940.5,931,933,67
5/21/2009,950.7999878,943.9000244,937.4000244,939.0999756,71
5/22/2009,958.5,958.7000122,956.9000244,956.9000244,12
5/26/2009,953.0999756,953.5,944,953,20
5/27/2009,953.2000122,956,947.2000122,947.2000122,151332
5/28/2009,961.5,964.9000244,944,948.5999756,74257
5/29/2009,978.7999878,980.4000244,959,959.2000122,7607
6/1/2009,978.5999756,988.0999756,973,978.7999878,2883
6/2/2009,983.2000122,986.5,969.7999878,974.7000122,2345
6/3/2009,964.5,990.2999878,961,981.7000122,1187
6/4/2009,981.2000122,982,960.9000244,963.5999756,600
6/5/2009,961.7000122,983,954,981.4000244,714
6/8/2009,951.7000122,960.0999756,944.4000244,958,580
6/9/2009,954,963.7000122,948.4000244,953.5,684
6/10/2009,954,966,949.2000122,956,698
6/11/2009,961.2999878,961.9000244,943.0999756,954.2999878,583
6/12/2009,940.0999756,956.5,935.7999878,955.9000244,166
6/15/2009,926.9000244,938.5,926.9000244,938.5,258
6/16/2009,931.5999756,938.5999756,930.9000244,930.9000244,149
6/17/2009,935.4000244,937.7999878,930.4000244,931.5,29
6/18/2009,934,942,931,942,91
6/19/2009,935.5999756,936.5,932,932,73
6/22/2009,920.5999756,926.2000122,919,925,134
6/23/2009,923.9000244,926.5,917.2999878,921.9000244,181
6/24/2009,934.0999756,942.7000122,922.9000244,925.4000244,588
6/25/2009,939.0999756,939.0999756,932.2999878,932.2999878,72
6/26/2009,940.7000122,946,939.5999756,945.2999878,185
6/29/2009,940.4000244,942.5,934.7999878,940.2000122,445
6/30/2009,927.0999756,943.9000244,925.2999878,941.4000244,128
7/1/2009,941,944.2000122,928,929.2999878,88
7/2/2009,930.7000122,941.5,926.5999756,941.4000244,67
7/6/2009,924,933.5,920.2000122,933.5,108
7/7/2009,928.7999878,931.7000122,921.2000122,924.2000122,57
7/8/2009,909,919.5999756,905.5999756,919.5999756,41
7/9/2009,915.9000244,917.4000244,907.2000122,907.2000122,74
7/10/2009,912.2000122,913.5,908.5,910.7000122,40
7/13/2009,922.2000122,922.2000122,908.4000244,911.5,30
7/14/2009,922.5,926.2000122,920.2000122,920.2000122,64
7/15/2009,939.0999756,941,928.2999878,928.9000244,67
7/16/2009,935.0999756,938.4000244,934.7999878,938.4000244,63
7/17/2009,937.2000122,937.7999878,931.7999878,936.9000244,34
7/20/2009,948.5,954.5,950.9000244,954.0999756,5
7/21/2009,946.5999756,948.5999756,945.7999878,948.5999756,15
7/22/2009,953,953,946.4000244,949.2000122,71
7/23/2009,954.5,954.2000122,949.7999878,954.2000122,47
7/24/2009,952.7999878,952.7999878,950.2999878,950.2999878,77
7/27/2009,953.2999878,957.0999756,953.2999878,955.0999756,5
7/28/2009,939,949.5,937.5,949.5,10
7/29/2009,927.2000122,927.2000122,927.2000122,927.2000122,129090
7/30/2009,934.9000244,937,928.4000244,929.2000122,36620
7/31/2009,953.7000122,958.0999756,932,934.4000244,10747
8/3/2009,956.5999756,964,952.4000244,952.5999756,2602
8/4/2009,967.5,969.5,950.7999878,956.5999756,565
8/5/2009,964.2000122,968.0999756,959.7999878,967.5999756,742
8/6/2009,960.7000122,971.0999756,956.5,964.0999756,543
8/7/2009,957.2999878,964.2999878,954.5999756,964.2999878,641
8/10/2009,945,956.0999756,943.5,955,395
8/11/2009,945.7999878,949.7000122,943.0999756,947.2000122,106
8/12/2009,950.7000122,951.5,943,947.5,102
8/13/2009,954.7000122,960.0999756,952.2999878,952.5999756,104
8/14/2009,947,957.4000244,942.0999756,957.4000244,141
8/17/2009,934.2999878,947.4000244,931.5,947.4000244,128
8/18/2009,937.7000122,938.5999756,935.5,938.5999756,276
8/19/2009,943.2999878,944.9000244,933.4000244,941.7999878,194
8/20/2009,940.2999878,945.7000122,940.0999756,942.9000244,35
8/21/2009,953.2000122,957.5999756,952.5999756,957,53
8/24/2009,942.2999878,957,941.2999878,953.5,198
8/25/2009,944.5,954.5,943.5,946.2999878,143
8/26/2009,944.2999878,948.2000122,940.2999878,947.5,128
8/27/2009,945.5,949.4000244,942.9000244,944.2000122,193
8/28/2009,957,962.2000122,948.0999756,949.2999878,182
8/31/2009,951.7000122,959.5,944.7999878,959.5,21
9/1/2009,954.7000122,956.5,948.7000122,954.2000122,17
9/2/2009,976.5999756,978.7999878,954,954,65
9/3/2009,995.7999878,995.7999878,978.0999756,978.0999756,55
9/4/2009,994.9000244,995,985.5,992.5999756,75
9/8/2009,997.9000244,1006.900024,993.2000122,993.5,90
9/9/2009,995.2999878,1002.799988,988.7999878,1002,84
9/10/2009,995.4000244,997.2000122,987.2999878,996.2000122,51
9/11/2009,1004.900024,1011.900024,999.7000122,999.7000122,198
9/14/2009,999.9000244,1003.799988,998.5,1002.900024,91
9/15/2009,1005,1008,994.9000244,998,118
9/16/2009,1018.900024,1019.799988,1014.700012,1014.700012,92
9/17/2009,1012.299988,1019.5,1011.599976,1017.200012,48
9/18/2009,1009.200012,1017.599976,1009.200012,1013.900024,26
9/21/2009,1003.700012,1003.700012,998,1003.700012,26
9/22/2009,1014.200012,1019.400024,1011.5,1011.5,67
9/23/2009,1013,1015.200012,1008.200012,1014.400024,212
9/24/2009,997.5,1015,993.9000244,1015,123
9/25/2009,990.2000122,997.4000244,986.7000122,997.2999878,70
9/28/2009,992.5,993.2000122,991.4000244,993.2000122,6999
9/29/2009,993.0999756,995.7000122,984.7000122,990.5,5742
9/30/2009,1008,1009,992.5,992.5,1393
10/1/2009,999.5,1008.799988,998,1007.400024,213
10/2/2009,1003.200012,1007.299988,986.7999878,998.7999878,247
10/5/2009,1016.700012,1017.599976,1003,1004.099976,180
10/6/2009,1038.599976,1043.800049,1018.299988,1019.5,180
10/7/2009,1043.300049,1048.199951,1038.300049,1038.300049,180
10/8/2009,1055.400024,1060.400024,1045.099976,1045.800049,160
10/9/2009,1047.800049,1051.5,1044,1049.300049,175
10/12/2009,1056.699951,1058.400024,1049,1049,209
10/13/2009,1064.199951,1068.400024,1056.5,1064,183
10/14/2009,1063.900024,1070.199951,1057.599976,1064,140
10/15/2009,1049.800049,1062.199951,1048,1062.199951,179
10/16/2009,1050.699951,1056.199951,1043.699951,1051.5,76
10/19/2009,1057.300049,1061.199951,1049.199951,1053.599976,157
10/20/2009,1057.800049,1066.199951,1054,1065.5,231
10/21/2009,1063.699951,1064,1047.5,1053.699951,35
10/22/2009,1057.800049,1061.199951,1051.5,1061.199951,173
10/23/2009,1055.599976,1065.900024,1050.199951,1063.800049,116
10/26/2009,1042.099976,1055.599976,1039.900024,1055.599976,76
10/27/2009,1034.699951,1042.099976,1034.699951,1039.5,100
10/28/2009,1029.900024,1042.099976,1028,1042.099976,307
10/29/2009,1046.400024,1047.300049,1032.400024,1035.199951,234
10/30/2009,1039.699951,1045.800049,1035.599976,1045.5,148
11/2/2009,1053.400024,1061.800049,1043.5,1053.400024,41
11/3/2009,1084.300049,1087,1056.800049,1084.300049,196
11/4/2009,1086.699951,1097.400024,1082.199951,1086.699951,114
11/5/2009,1088.699951,1092.300049,1086,1088.699951,63
11/6/2009,1095.099976,1100,1090.199951,1095.099976,102
11/9/2009,1100.800049,1109.300049,1098.599976,1098.599976,102
11/10/2009,1101.900024,1108.599976,1098.199951,1100.900024,92
11/11/2009,1114,1117.599976,1106.300049,1114,104
11/12/2009,1106,1121.300049,1104.300049,1106,68
11/13/2009,1116.099976,1118.199951,1105,1116.099976,56
11/16/2009,1138.599976,1140.5,1127.199951,1138.599976,64
11/17/2009,1138.800049,1140.400024,1131.300049,1138.800049,67
11/18/2009,1140.699951,1149.400024,1136.5,1140.699951,77
11/19/2009,1141.400024,1144.800049,1135.5,1141.400024,20
11/20/2009,1146.400024,1147.900024,1137.300049,1146.400024,18
11/23/2009,1164.300049,1163,1164.300049,1164.300049,3
11/24/2009,1165.5,1169.800049,1167.5,1165.5,26
11/25/2009,1186.900024,1186.900024,1186.900024,1186.900024,205513
11/27/2009,1174.199951,1195,1130.099976,1190.800049,112015
11/30/2009,1181.099976,1183.699951,1163.699951,1179.900024,14549
12/1/2009,1199.099976,1202.699951,1176,1181,3787
12/2/2009,1212,1217.300049,1196.300049,1196.400024,2145
12/3/2009,1217.400024,1226.400024,1204.599976,1218,1530
12/4/2009,1168.800049,1211.199951,1147,1207.800049,4288
12/7/2009,1163.400024,1165.5,1136.300049,1157.599976,3669
12/8/2009,1142.800049,1169.300049,1125.300049,1159.5,784
12/9/2009,1120.400024,1147,1116.5,1130.300049,2256
12/10/2009,1125.699951,1134.800049,1122.199951,1125.699951,344
12/11/2009,1119.400024,1141.400024,1110.800049,1132.699951,912
12/14/2009,1123.300049,1127.5,1114.5,1123.300049,230
12/15/2009,1122.400024,1128.599976,1111.900024,1127.900024,242
12/16/2009,1135.5,1140,1122.400024,1125.699951,205
12/17/2009,1106.800049,1141.5,1095.699951,1141.5,422
12/18/2009,1110.800049,1115.199951,1097.800049,1110.800049,404
12/21/2009,1095.400024,1119.199951,1090.800049,1095.400024,248
12/22/2009,1086,1097.400024,1075,1095.300049,480
12/23/2009,1093.300049,1094.599976,1080,1093.300049,168
12/24/2009,1104.099976,1105.300049,1092,1092,127
12/28/2009,1107.199951,1111.900024,1102.800049,1107.199951,350
12/29/2009,1097,1105.199951,1097,1097,1038
12/30/2009,1091.5,1097.099976,1086,1091.5,399
12/31/2009,1095.199951,1106.099976,1094,1095.199951,149
1/4/2010,1117.699951,1122.300049,1097.099976,1117.699951,184
1/5/2010,1118.099976,1126.5,1115,1118.099976,53
1/6/2010,1135.900024,1139.199951,1120.699951,1135.900024,363
1/7/2010,1133.099976,1133.099976,1129.199951,1133.099976,56
1/8/2010,1138.199951,1138.199951,1122.699951,1138.199951,54
1/11/2010,1150.699951,1161.199951,1143,1150.699951,177
1/12/2010,1128.900024,1157.199951,1127.199951,1128.900024,51
1/13/2010,1136.400024,1136.400024,1121,1136.400024,58
1/14/2010,1142.599976,1145.900024,1132.800049,1137,81
1/15/2010,1130.099976,1133.400024,1127.199951,1132.800049,50
1/19/2010,1139.699951,1139.699951,1130.5,1139.699951,22
1/20/2010,1112.300049,1133,1109.800049,1123.300049,28
1/21/2010,1102.699951,1107.5,1090.199951,1102.699951,99
1/22/2010,1089.199951,1095.400024,1083,1089.199951,58
1/25/2010,1095.199951,1095.199951,1095.199951,1095.199951,8
1/26/2010,1097.900024,1097.900024,1097.900024,1097.900024,4
1/27/2010,1084.400024,1084.400024,1084.400024,1084.400024,206694
1/28/2010,1083.599976,1095.699951,1073.199951,1087.800049,101168
1/29/2010,1083,1090.800049,1074.5,1085,11456
2/1/2010,1104.300049,1107.300049,1076.800049,1081,2452
2/2/2010,1117.400024,1118.5,1100.199951,1117.400024,3326
2/3/2010,1111.400024,1124.900024,1108.599976,1115.800049,853
2/4/2010,1062.400024,1110.699951,1059,1110,1426
2/5/2010,1052.199951,1068.5,1045.199951,1052.199951,1956
2/8/2010,1065.699951,1073.400024,1061.599976,1065.699951,549
2/9/2010,1076.699951,1082,1063.099976,1076.699951,387
2/10/2010,1075.800049,1081.099976,1063.300049,1075.800049,640
2/11/2010,1094.199951,1097.099976,1075.599976,1076.800049,1491
2/12/2010,1089.5,1092,1079.800049,1089.5,197
2/16/2010,1119.300049,1120.400024,1092.400024,1119.300049,928
2/17/2010,1119.5,1127,1108.5,1119.5,1083
2/18/2010,1118,1123.699951,1100.800049,1118,989
2/19/2010,1121.300049,1126.199951,1099.699951,1121.300049,137
2/22/2010,1112.599976,1127.400024,1110,1112.599976,124
2/23/2010,1102.699951,1118.300049,1102.599976,1116.400024,152
2/24/2010,1096.5,1096.5,1096.5,1096.5,751
2/25/2010,1107.800049,1108.199951,1088.699951,1107.800049,386
2/26/2010,1118.300049,1118.300049,1106.800049,1106.800049,382
3/1/2010,1117.800049,1121.900024,1113.599976,1119.300049,184
3/2/2010,1136.900024,1137.400024,1115.699951,1136.900024,155
3/3/2010,1142.699951,1145,1133.699951,1142.699951,170
3/4/2010,1132.599976,1139,1128.599976,1132.599976,118
3/5/2010,1134.800049,1134.800049,1134.800049,1134.800049,129
3/8/2010,1123.599976,1123.599976,1123.599976,1123.599976,17
3/9/2010,1122,1124,1113.099976,1122,27
3/10/2010,1107.800049,1127.099976,1106.900024,1107.800049,21
3/11/2010,1108,1108,1108,1108,46
3/12/2010,1101.5,1117.400024,1099.900024,1101.5,135
3/15/2010,1105.099976,1107.099976,1101.400024,1105.099976,21
3/16/2010,1122.199951,1127,1114.5,1122.199951,66
3/17/2010,1124,1131.400024,1118,1124,29
3/18/2010,1127.400024,1127.800049,1121.099976,1127.400024,86
3/19/2010,1107.400024,1107.400024,1107.400024,1107.400024,54
3/22/2010,1099.300049,1099.300049,1099.300049,1099.300049,71
3/23/2010,1103.5,1103.5,1103.5,1103.5,16
3/24/2010,1088.599976,1092.400024,1085.5,1088.599976,9
3/25/2010,1092.699951,1092.699951,1086.699951,1092.699951,8
3/26/2010,1104.199951,1104.199951,1104.199951,1104.199951,5
3/29/2010,1110.300049,1110.300049,1110.300049,1110.300049,158733
3/30/2010,1104.5,1112.900024,1101.099976,1109.699951,56533
3/31/2010,1113.300049,1118.699951,1102,1103.099976,5950
4/1/2010,1125.099976,1127.699951,1111.300049,1125.099976,2696
4/5/2010,1132.900024,1133.300049,1119.900024,1122.300049,567
4/6/2010,1135.099976,1138.5,1122.699951,1130.800049,2490
4/7/2010,1152.300049,1153,1132.599976,1152.300049,1342
4/8/2010,1152.199951,1152.300049,1144,1152.199951,254
4/9/2010,1161.099976,1164.800049,1150.5,1161.099976,505
4/12/2010,1161.599976,1169,1154.599976,1161.599976,483
4/13/2010,1152.800049,1157,1145,1152.800049,278
4/14/2010,1159,1160.599976,1151.199951,1159,162
4/15/2010,1159.699951,1159.800049,1151,1157.5,179
4/16/2010,1136.300049,1160,1130.400024,1136.300049,483
4/19/2010,1135.199951,1137.099976,1124,1135.199951,145
4/20/2010,1138.599976,1145.800049,1136,1138.599976,80
4/21/2010,1148.199951,1150,1138.400024,1148.199951,68
4/22/2010,1142.300049,1144,1133.599976,1142.300049,213
4/23/2010,1153.099976,1153.099976,1153.099976,1153.099976,40
4/26/2010,1153.5,1160.099976,1151.400024,1160.099976,108
4/27/2010,1161.699951,1170.699951,1148.599976,1152.800049,213
4/28/2010,1171.300049,1171.300049,1171.300049,1171.300049,299
4/29/2010,1168.400024,1171.199951,1164,1168.400024,166
4/30/2010,1180.099976,1181.300049,1170,1180.099976,146
5/3/2010,1182.699951,1187.5,1177.300049,1178.599976,90
5/4/2010,1168.599976,1191.800049,1168.300049,1168.599976,94
5/5/2010,1174.599976,1177.199951,1159.199951,1174.599976,98
5/6/2010,1196.900024,1210.599976,1175.900024,1196.900024,79
5/7/2010,1210,1210.800049,1194.599976,1210,112
5/10/2010,1200.400024,1203.800049,1189.199951,1200.400024,118
5/11/2010,1219.900024,1233.5,1201.5,1219.900024,201
5/12/2010,1242.699951,1246.5,1227.099976,1242.699951,213
5/13/2010,1228.800049,1240,1228.699951,1235.300049,37
5/14/2010,1227.400024,1227.400024,1227.400024,1227.400024,99
5/17/2010,1227.699951,1235.900024,1225.199951,1233.300049,49
5/18/2010,1214.300049,1216.099976,1208.199951,1214.300049,73
5/19/2010,1192.599976,1192.599976,1192.599976,1192.599976,75
5/20/2010,1187.800049,1191.800049,1179.400024,1187.800049,297
5/21/2010,1175.699951,1175.699951,1175.699951,1175.699951,177
5/24/2010,1193.800049,1193.800049,1193.800049,1193.800049,14
5/25/2010,1197.800049,1200,1195.599976,1197.800049,9
5/26/2010,1213.300049,1213.300049,1213.300049,1213.300049,237497
5/27/2010,1211.900024,1218.5,1205.400024,1211.699951,109434
5/28/2010,1212.199951,1214.800049,1201.099976,1210.400024,12895
6/1/2010,1224.800049,1228.199951,1209.300049,1224.800049,4547
6/2/2010,1220.599976,1225.800049,1213.199951,1220.599976,2799
6/3/2010,1208.300049,1224,1201,1208.300049,1552
6/4/2010,1216.199951,1220.400024,1196.900024,1207.599976,1070
6/7/2010,1239.300049,1244.699951,1211,1239.300049,859
6/8/2010,1244,1252.099976,1234.099976,1241.5,763
6/9/2010,1228.5,1238.199951,1222,1237,446
6/10/2010,1220.800049,1233.5,1215.099976,1232.800049,488
6/11/2010,1228.900024,1229.599976,1218,1228.900024,481
6/14/2010,1223.300049,1232.699951,1217.699951,1223.199951,989
6/15/2010,1233.199951,1236,1222.400024,1222.599976,251
6/16/2010,1229.300049,1229.300049,1229.300049,1229.300049,318
6/17/2010,1247.5,1251.099976,1233.900024,1233.900024,266
6/18/2010,1257.199951,1261.5,1242.900024,1247.699951,130
6/21/2010,1239.699951,1264.800049,1232,1257.400024,219
6/22/2010,1239.900024,1242.800049,1232.099976,1239.900024,172
6/23/2010,1234.099976,1245.099976,1226.900024,1233.900024,100
6/24/2010,1245.5,1248.099976,1230.699951,1236.400024,253
6/25/2010,1255.800049,1256.900024,1243.699951,1246.699951,159
6/28/2010,1238.199951,1238.199951,1238.199951,1238.199951,351
6/29/2010,1242,1245,1228.5,1242,417
6/30/2010,1245.5,1246.199951,1236.699951,1245.5,73
7/1/2010,1206.300049,1242.400024,1204.5,1206.300049,50
7/2/2010,1207.400024,1211.599976,1200.800049,1201.400024,169
7/6/2010,1194.800049,1211.800049,1190.5,1207.300049,52
7/7/2010,1198.599976,1198.599976,1198.599976,1198.599976,18
7/8/2010,1195.800049,1203.300049,1189.300049,1195.800049,93
7/9/2010,1209.599976,1213,1195,1209.599976,22
7/12/2010,1198.5,1198.5,1198.5,1198.5,45
7/13/2010,1213.300049,1217.400024,1205.199951,1213.300049,53
7/14/2010,1206.800049,1213.800049,1202.400024,1212,54
7/15/2010,1208.099976,1208.099976,1208.099976,1208.099976,32
7/16/2010,1188,1188,1188,1188,46
7/19/2010,1181.699951,1182.199951,1180,1181.699951,4
7/20/2010,1191.5,1191.5,1191.5,1191.5,8
7/21/2010,1191.599976,1194.5,1184.099976,1191.599976,24
7/22/2010,1195.5,1196,1194.400024,1195.5,79
7/23/2010,1187.699951,1198.599976,1187.699951,1187.699951,32
7/26/2010,1183,1183,1183,1183,37
7/27/2010,1158,1158,1158,1158,29
7/28/2010,1160.400024,1160.400024,1160.400024,1160.400024,206828
7/29/2010,1168.400024,1169.199951,1158.699951,1163.800049,54384
7/30/2010,1181.699951,1183.099976,1166,1168.199951,5466
8/2/2010,1183.400024,1191.800049,1174.699951,1183.400024,2504
8/3/2010,1185.199951,1190.5,1180,1185.199951,598
8/4/2010,1193.699951,1203,1186.300049,1186.300049,1068
8/5/2010,1197.199951,1199.300049,1190,1197.199951,214
8/6/2010,1203.400024,1211,1195.300049,1203.300049,347
8/9/2010,1200.699951,1209.5,1199.800049,1205.800049,658
8/10/2010,1196.199951,1206.5,1191,1196.199951,713
8/11/2010,1197.5,1208,1193,1197.5,351
8/12/2010,1214.800049,1215.5,1199,1214.800049,289
8/13/2010,1214.900024,1214.900024,1214.900024,1214.900024,138
8/16/2010,1224.5,1225.400024,1218,1224.5,252
8/17/2010,1226.599976,1227.400024,1224,1226.599976,84
8/18/2010,1229.699951,1231.599976,1218,1229.699951,169
8/19/2010,1233.800049,1237.599976,1228.800049,1233.800049,46
8/20/2010,1227.199951,1232.800049,1223,1227.199951,236
8/23/2010,1226.900024,1228.900024,1222.900024,1226.900024,56
8/24/2010,1231.800049,1234,1211.5,1231.800049,300
8/25/2010,1239.5,1240.699951,1230.699951,1239.5,298
8/26/2010,1235.400024,1243.300049,1235,1235.400024,104
8/27/2010,1236,1236,1236,1236,573
8/30/2010,1237.099976,1237.900024,1234,1237.099976,128
8/31/2010,1248.300049,1249.400024,1233,1248.300049,124
9/1/2010,1246.300049,1254.300049,1243.599976,1246.300049,41
9/2/2010,1251.5,1252.5,1246.900024,1251.5,100
9/3/2010,1249.199951,1249.199951,1240,1249.199951,3
9/7/2010,1257.300049,1258,1255.5,1257.300049,7
9/8/2010,1255.599976,1260.199951,1254.699951,1255.599976,27
9/9/2010,1248.900024,1256,1244.099976,1248.900024,9
9/10/2010,1244.5,1244.5,1244.5,1244.5,20
9/13/2010,1245.099976,1245.099976,1245.099976,1245.099976,18
9/14/2010,1269.699951,1272.400024,1253.400024,1269.699951,87
9/15/2010,1266.699951,1269.800049,1263.5,1266.599976,34
9/16/2010,1271.900024,1275.199951,1268.699951,1271.900024,37
9/17/2010,1275.599976,1279.599976,1273.800049,1275.599976,54
9/20/2010,1279,1282,1279,1279,27
9/21/2010,1272.400024,1289.800049,1271.800049,1272.400024,56
9/22/2010,1290.199951,1290.199951,1290.199951,1290.199951,17
9/23/2010,1294.300049,1294.300049,1289.400024,1294.300049,45
9/24/2010,1296,1297.400024,1294.199951,1296,37
9/27/2010,1296.699951,1296.699951,1296.699951,1296.699951,67
9/28/2010,1306.599976,1308.599976,1287.5,1287.5,25190
9/29/2010,1308.5,1312.5,1305,1309.400024,6745
9/30/2010,1307.800049,1315.199951,1295.699951,1307.199951,579
10/1/2010,1316.099976,1320,1309,1309,153
10/4/2010,1315.400024,1319.099976,1312,1318.300049,95
10/5/2010,1338.900024,1341.099976,1312.900024,1312.900024,197
10/6/2010,1346.400024,1349,1339,1339.099976,215
10/7/2010,1333.900024,1363,1325.699951,1347.900024,261
10/8/2010,1344.199951,1348.400024,1325,1333.5,80
10/11/2010,1353.300049,1353.699951,1344,1346.699951,79
10/12/2010,1345.699951,1352.199951,1343.599976,1346.900024,112
10/13/2010,1369.5,1374,1355.099976,1356.400024,251
10/14/2010,1376.699951,1383.900024,1371.300049,1372.800049,106
10/15/2010,1371.099976,1382.400024,1364.699951,1379.199951,170
10/18/2010,1371.199951,1372.599976,1358,1358,46
10/19/2010,1335.099976,1370.5,1328.5,1366.800049,301
10/20/2010,1343.300049,1345.800049,1334.199951,1336,148
10/21/2010,1324.699951,1346.199951,1317.5,1344.199951,102
10/22/2010,1324.400024,1328.099976,1319,1326.699951,113
10/25/2010,1338.300049,1349.099976,1333.099976,1333.599976,194
10/26/2010,1338,1341.199951,1328.300049,1341.199951,195
10/27/2010,1322.199951,1341,1321.099976,1341,106
10/28/2010,1342.099976,1343.599976,1325.900024,1327.900024,192
10/29/2010,1357.099976,1358.699951,1336.800049,1340.199951,74
11/1/2010,1350.199951,1360.300049,1350.699951,1360.300049,40
11/2/2010,1356.400024,1356.800049,1355.5,1356.800049,17
11/3/2010,1337.099976,1359.199951,1327.5,1351.400024,135
11/4/2010,1382.699951,1392.5,1368.599976,1368.599976,109
11/5/2010,1397.300049,1398,1378.199951,1390.699951,109
11/8/2010,1402.800049,1409.199951,1387.099976,1390.5,112
11/9/2010,1409.800049,1423.199951,1382.900024,1405.199951,84
11/10/2010,1399.099976,1408.099976,1384,1395.199951,29
11/11/2010,1403.099976,1413.5,1397.300049,1400.699951,26
11/12/2010,1365.400024,1407.900024,1360.099976,1407.900024,182
11/15/2010,1368.400024,1372.599976,1355.300049,1363.699951,46
11/16/2010,1338.300049,1358.199951,1329.5,1356.5,67
11/17/2010,1336.800049,1341.800049,1331.300049,1336.900024,50
11/18/2010,1352.900024,1353.199951,1347.699951,1349.5,17
11/19/2010,1352.199951,1352,1344.5,1350.699951,7
11/22/2010,1357.699951,1357.699951,1357.699951,1357.699951,7
11/23/2010,1377.5,1377.5,1364.5,1369.400024,15
11/24/2010,1372.900024,1377.800049,1377.800049,1377.800049,3
11/26/2010,1362.300049,1372.099976,1372.099976,1372.099976,138416
11/29/2010,1366,1369.300049,1352.599976,1364,94486
11/30/2010,1385,1390.099976,1362.800049,1366.699951,11370
12/1/2010,1387.300049,1396.599976,1382.300049,1386.800049,4759
12/2/2010,1388.5,1398.599976,1383.300049,1387.599976,1550
12/3/2010,1405.400024,1415.099976,1385.099976,1385.099976,2341
12/6/2010,1415.300049,1428.400024,1410,1414,833
12/7/2010,1408.300049,1431.099976,1398,1424.5,866
12/8/2010,1382.5,1403.800049,1372,1402.5,1675
12/9/2010,1392.099976,1394.199951,1380.5,1380.599976,971
12/10/2010,1384.300049,1392,1373.099976,1388.900024,457
12/13/2010,1397.300049,1399.199951,1384.5,1384.5,193
12/14/2010,1403.599976,1407.300049,1391.800049,1401.900024,431
12/15/2010,1385.5,1394,1379.5,1394,215
12/16/2010,1370.400024,1385,1362.5,1380.900024,228
12/17/2010,1378.599976,1378.599976,1365.900024,1376.400024,102
12/20/2010,1385.5,1386.699951,1376.5,1383.199951,125
12/21/2010,1388.199951,1389.5,1381.5,1385.800049,113
12/22/2010,1386.800049,1389.5,1385,1388,58
12/23/2010,1380,1388.400024,1373.699951,1388.400024,101
12/27/2010,1382.400024,1384.199951,1373.5,1373.5,322
12/28/2010,1405.199951,1406.699951,1389.800049,1389.800049,519
12/29/2010,1413.099976,1412.199951,1402.900024,1403.400024,413
12/30/2010,1405.599976,1413.800049,1403.099976,1413.800049,185
12/31/2010,1421.099976,1421.099976,1405.699951,1405.699951,54
1/3/2011,1422.599976,1423.900024,1413.699951,1415.599976,28
1/4/2011,1378.5,1410.900024,1375.800049,1409.599976,122
1/5/2011,1373.400024,1384,1364.199951,1383.400024,175
1/6/2011,1371.400024,1376.5,1368.900024,1374.800049,158
1/7/2011,1368.5,1377.199951,1355.5,1372.699951,225
1/10/2011,1373.699951,1374,1365.699951,1369,181
1/11/2011,1384,1384.5,1373.900024,1375.400024,13
1/12/2011,1385.699951,1385.5,1378,1382.599976,204
1/13/2011,1386.900024,1392.5,1371.400024,1386.099976,66
1/14/2011,1360.400024,1376,1356.699951,1375,252
1/18/2011,1368.099976,1371,1359.199951,1365.099976,106
1/19/2011,1370.199951,1376.199951,1367,1371.900024,40
1/20/2011,1346.5,1367.699951,1345,1367.699951,10
1/21/2011,1341,1345.599976,1338.599976,1341.699951,20
1/24/2011,1344.5,1352.300049,1341.800049,1352.300049,2
1/25/2011,1332.300049,1331.5,1323.599976,1330.400024,394
1/26/2011,1333,1341.699951,1333,1333,4
1/27/2011,1318.400024,1342,1318.400024,1342,210699
1/28/2011,1340.699951,1346.599976,1307.699951,1314,73023
1/31/2011,1333.800049,1345.900024,1323.300049,1339,13657
2/1/2011,1339.599976,1342.900024,1325.300049,1333.099976,3180
2/2/2011,1331.5,1344,1327,1344,1363
2/3/2011,1352.300049,1355.800049,1324.900024,1335.599976,1865
2/4/2011,1348.300049,1360,1345,1354.800049,591
2/7/2011,1347.599976,1353.800049,1343.800049,1345.800049,1004
2/8/2011,1363.400024,1367,1350,1351.199951,2536
2/9/2011,1364.800049,1366.5,1359.599976,1362.800049,146
2/10/2011,1361.900024,1364.5,1351.699951,1364.300049,312
2/11/2011,1359.900024,1368.800049,1355.199951,1364,488
2/14/2011,1364.599976,1365.599976,1356.599976,1357.800049,181
2/15/2011,1373.599976,1376,1361.599976,1361.599976,321
2/16/2011,1374.699951,1382,1370.5,1373.599976,156
2/17/2011,1384.699951,1384.699951,1377,1377.699951,113
2/18/2011,1388.199951,1391.800049,1381.800049,1384.099976,98
2/22/2011,1400.5,1408.699951,1395.099976,1395.099976,430
2/23/2011,1413.400024,1413.800049,1397.800049,1397.800049,318
2/24/2011,1415.300049,1415.300049,1408.300049,1415.099976,809
2/25/2011,1408.699951,1411,1401,1401.699951,352
2/28/2011,1409.300049,1415.699951,1407.699951,1410.699951,205
3/1/2011,1430.699951,1434.400024,1415.300049,1415.300049,116
3/2/2011,1437.199951,1440.5,1428.800049,1432.5,1600
3/3/2011,1416,1432.300049,1415.900024,1432.300049,244
3/4/2011,1428.199951,1429.800049,1416.800049,1418.900024,60
3/7/2011,1434.099976,1445,1429.5,1434.5,613
3/8/2011,1426.900024,1432.599976,1424.300049,1431.599976,198
3/9/2011,1429.300049,1435.699951,1426.099976,1430,98
3/10/2011,1412.199951,1429.800049,1403.800049,1429.5,23
3/11/2011,1421.5,1422.599976,1404.900024,1413.699951,23
3/14/2011,1424.599976,1427.699951,1420,1420,58
3/15/2011,1392.599976,1413.300049,1385.5,1413.300049,20
3/16/2011,1396,1404.199951,1394.300049,1398,38
3/17/2011,1404,1393.599976,1387.699951,1387.699951,27
3/18/2011,1415.900024,1419.300049,1406.400024,1406.400024,6
3/21/2011,1426.199951,1433.5,1430.800049,1433.5,43
3/22/2011,1427.5,1430.400024,1430.400024,1430.400024,85
3/23/2011,1437.900024,1439.699951,1432.199951,1432.199951,19
3/24/2011,1434.800049,1446.900024,1437.5,1437.699951,27
3/25/2011,1426.099976,1436,1436,1436,1
3/28/2011,1419.800049,1415.599976,1413.199951,1413.199951,6
3/29/2011,1416,1416,1416,1416,135792
3/30/2011,1423.800049,1430.300049,1412,1418.699951,47011
3/31/2011,1438.900024,1440,1420.699951,1423.300049,8230
4/1/2011,1428.099976,1436.5,1413,1433.400024,5318
4/4/2011,1432.199951,1439.099976,1428.800049,1429.099976,683
4/5/2011,1451.800049,1457.599976,1430.300049,1437.900024,2609
4/6/2011,1457.699951,1462.300049,1452,1456.900024,901
4/7/2011,1458.5,1462.5,1453.900024,1459.699951,229
4/8/2011,1473.400024,1475.5,1457.5,1457.599976,1407
4/11/2011,1467.400024,1476,1459.699951,1476,378
4/12/2011,1452.900024,1467.199951,1444.400024,1461.800049,345
4/13/2011,1454.900024,1462,1454,1455,197
4/14/2011,1471.699951,1476,1452.699951,1456.800049,535
4/15/2011,1485.300049,1487.5,1473.199951,1477.599976,293
4/18/2011,1492.300049,1497.300049,1477.5,1486.300049,650
4/19/2011,1494.5,1499.5,1489,1493.300049,168
4/20/2011,1498.300049,1505.300049,1494,1494,386
4/21/2011,1503.199951,1508.300049,1501.699951,1503.699951,237
4/25/2011,1508.599976,1518,1502.800049,1513.300049,233
4/26/2011,1503,1506.300049,1495,1501.5,223
4/27/2011,1516.699951,1512.800049,1505.199951,1507.099976,460
4/28/2011,1530.800049,1536,1526.599976,1528.599976,425
4/29/2011,1556,1568.699951,1537.300049,1538.699951,124
5/2/2011,1556.699951,1576.599976,1543.099976,1572.900024,200
5/3/2011,1540.099976,1547,1527.5,1542.5,246
5/4/2011,1514.900024,1539,1506.199951,1535,272
5/5/2011,1480.900024,1520.699951,1471,1514.699951,133
5/6/2011,1491.199951,1494.800049,1472.300049,1473.199951,144
5/9/2011,1502.900024,1512.800049,1501.300049,1501.5,44
5/10/2011,1516.599976,1516.900024,1508.400024,1508.400024,13
5/11/2011,1501.099976,1524.099976,1495.199951,1524,30
5/12/2011,1506.599976,1498.5,1484.800049,1492.099976,11
5/13/2011,1493.400024,1511.300049,1490.199951,1503.5,16
5/16/2011,1490.400024,1494.900024,1489.300049,1489.300049,10
5/17/2011,1479.800049,1491.800049,1473,1489.800049,41
5/18/2011,1495.599976,1497,1496.300049,1496.400024,82
5/19/2011,1492.199951,1491.5,1491.5,1491.5,1
5/20/2011,1508.800049,1512.699951,1488.699951,1499,93
5/23/2011,1515.300049,1512.300049,1507,1510.5,42
5/24/2011,1523.199951,1527.099976,1521.900024,1527.099976,4
5/25/2011,1526.599976,1527.5,1526.099976,1526.400024,10
5/26/2011,1522.800049,1521.199951,1519.5,1521.199951,186986
5/27/2011,1536.300049,1538.5,1518.400024,1519.400024,76719
5/31/2011,1535.900024,1541.099976,1532.400024,1536.699951,6152
6/1/2011,1542.400024,1550.599976,1529.699951,1535.699951,2845
6/2/2011,1532,1544.5,1520,1541.300049,1651
6/3/2011,1541.699951,1546.300049,1525,1534.699951,1745
6/6/2011,1546.5,1553.900024,1542,1542.900024,691
6/7/2011,1543.300049,1549.900024,1537.199951,1545,2530
6/8/2011,1538.099976,1544.199951,1531.300049,1544.199951,489
6/9/2011,1542.099976,1548.800049,1534.400024,1536.099976,288
6/10/2011,1528.599976,1543.900024,1526.400024,1543.699951,632
6/13/2011,1515,1533,1511.300049,1528.099976,851
6/14/2011,1523.800049,1526.199951,1513.099976,1517.199951,306
6/15/2011,1525.599976,1533.400024,1515,1525,648
6/16/2011,1529.300049,1531.199951,1522,1526,164
6/17/2011,1538.599976,1541.599976,1523,1523,72
6/20/2011,1541.5,1545.699951,1535.199951,1536,99
6/21/2011,1546,1547.5,1540,1540.099976,125
6/22/2011,1552.900024,1558.5,1544.400024,1547.199951,222
6/23/2011,1520.099976,1547.199951,1514.699951,1547.199951,300
6/24/2011,1500.5,1525,1498.5,1524.699951,257
6/27/2011,1496,1503.5,1490.699951,1503.5,140
6/28/2011,1499.699951,1505,1496.099976,1499.900024,508
6/29/2011,1509.900024,1512.199951,1504.099976,1504.099976,395
6/30/2011,1502.300049,1514,1498.800049,1511.5,69
7/1/2011,1482.300049,1502.199951,1480,1502.199951,66
7/5/2011,1512.300049,1515,1490.300049,1490.400024,199
7/6/2011,1528.699951,1531.5,1510.300049,1513.699951,71
7/7/2011,1530.199951,1533.099976,1522.699951,1529.099976,55
7/8/2011,1541.199951,1542.599976,1526.599976,1527,3
7/11/2011,1548.800049,1555.199951,1543.099976,1550,14
7/12/2011,1561.900024,1565,1542,1548.199951,8
7/13/2011,1585.199951,1585.599976,1570.800049,1574,29
7/14/2011,1589,1592.800049,1583.599976,1586.300049,19
7/15/2011,1589.800049,1592.199951,1582.300049,1582.300049,8
7/18/2011,1602.099976,1605,1592.800049,1592.800049,13
7/19/2011,1600.900024,1608.800049,1583.300049,1608.099976,63
7/20/2011,1596.699951,1596.699951,1582.400024,1584.300049,9
7/21/2011,1586.800049,1601.599976,1586.599976,1598,24
7/22/2011,1601.300049,1606.5,1588.5,1588.5,12
7/25/2011,1612,1619.400024,1610,1610,67
7/26/2011,1616.599976,1618.5,1609.800049,1609.800049,28
7/27/2011,1615,1619.699951,1617,1619.699951,232220
7/28/2011,1613.400024,1620.599976,1602.800049,1614.199951,70263
7/29/2011,1628.300049,1634.900024,1610.599976,1617.099976,6761
8/1/2011,1619,1631.800049,1607,1623,2889
8/2/2011,1641.900024,1660.599976,1616.800049,1619.300049,2440
8/3/2011,1663.400024,1672.300049,1651.599976,1659.900024,2024
8/4/2011,1656.199951,1681.800049,1640,1660.5,1952
8/5/2011,1648.800049,1666.099976,1642.699951,1647.5,825
8/8/2011,1710.199951,1720,1678.099976,1679.099976,1885
8/9/2011,1740,1779,1720.099976,1722.5,1861
8/10/2011,1781.300049,1795.599976,1741.300049,1744,969
8/11/2011,1748.800049,1813.5,1733.300049,1795.099976,1503
8/12/2011,1740.199951,1764.199951,1723.800049,1760.599976,1166
8/15/2011,1755.5,1765.199951,1730.5,1734.900024,976
8/16/2011,1782.400024,1787.300049,1761.599976,1769,278
8/17/2011,1791.199951,1794.300049,1782,1784.800049,231
8/18/2011,1818.900024,1828.5,1785.5,1786.5,868
8/19/2011,1848.900024,1874.400024,1823.699951,1823.699951,328
8/22/2011,1888.699951,1895,1858.400024,1868.599976,1106
8/23/2011,1858.300049,1909.300049,1824.599976,1909,458
8/24/2011,1754.099976,1853.099976,1753.099976,1833,992
8/25/2011,1759.800049,1772.5,1707.300049,1748.400024,864
8/26/2011,1794.099976,1829.300049,1768.5,1768.5,270
8/29/2011,1788.400024,1817.900024,1786.699951,1817.900024,828
8/30/2011,1826.699951,1839.599976,1783.099976,1787.199951,598
8/31/2011,1828.5,1837.900024,1811.400024,1830.599976,336
9/1/2011,1826,1829.5,1814.400024,1825.800049,263
9/2/2011,1873.699951,1884.199951,1828.599976,1828.599976,442
9/6/2011,1869.900024,1911.599976,1864,1886.300049,536
9/7/2011,1814.199951,1873.699951,1792.800049,1868.900024,470
9/8/2011,1854.400024,1870,1835,1839.300049,142
9/9/2011,1856.400024,1881.300049,1830,1858.099976,188
9/12/2011,1809.900024,1852.400024,1806,1852.400024,245
9/13/2011,1826.800049,1835.300049,1808.099976,1817.800049,52
9/14/2011,1823.5,1843,1809,1843,156
9/15/2011,1778.5,1816.300049,1775.800049,1816.300049,80
9/16/2011,1812.099976,1819.099976,1768.5,1768.5,111
9/19/2011,1776.400024,1818.900024,1788,1814.699951,13
9/20/2011,1806.599976,1807.800049,1776,1778.800049,86
9/21/2011,1805.5,1811.699951,1782.800049,1808,22
9/22/2011,1739.199951,1773.199951,1730.900024,1773.199951,23
9/23/2011,1637.5,1737.300049,1636.300049,1737.300049,81
9/26/2011,1592.5,1661.800049,1562.400024,1646.400024,151
9/27/2011,1650.599976,1665.400024,1653.699951,1653.800049,47
9/28/2011,1616.300049,1650,1650,1650,21275
9/29/2011,1615.5,1633.800049,1585,1604,7181
9/30/2011,1620.400024,1639.400024,1609.400024,1620.800049,284
10/3/2011,1656,1660.800049,1627.599976,1627.800049,101
10/4/2011,1614.699951,1678.099976,1596.599976,1661,159
10/5/2011,1640.300049,1640.300049,1599.599976,1629.300049,114
10/6/2011,1651.900024,1654.699951,1637.599976,1642.599976,38
10/7/2011,1634.5,1665,1626.199951,1657,66
10/10/2011,1669.599976,1676.800049,1645.599976,1645.599976,61
10/11/2011,1659.699951,1685,1657.599976,1685,151
10/12/2011,1681.300049,1691,1667.099976,1667.099976,37
10/13/2011,1667.300049,1678.800049,1656.199951,1676.099976,148
10/14/2011,1681.800049,1683.300049,1665.800049,1665.800049,51
10/17/2011,1675.5,1693.5,1667.300049,1683.599976,41
10/18/2011,1651.699951,1666,1627.5,1666,85
10/19/2011,1646,1659.300049,1641.300049,1659.300049,22
10/20/2011,1611.900024,1643.199951,1608.699951,1643.199951,92
10/21/2011,1635.099976,1647.400024,1626.099976,1626.099976,32
10/24/2011,1651.5,1657.800049,1646.199951,1646.199951,313
10/25/2011,1699.599976,1706.800049,1645,1645,355
10/26/2011,1722.699951,1723.599976,1708.900024,1717,135
10/27/2011,1746.699951,1735.5,1717.800049,1717.800049,494
10/28/2011,1746.199951,1752,1733,1752,158
10/31/2011,1724.199951,1741.900024,1717,1741.900024,62
11/1/2011,1711,1720.099976,1682.5,1706.699951,246
11/2/2011,1728.699951,1741.400024,1723.199951,1724.300049,294
11/3/2011,1764.199951,1766,1726.599976,1740.5,290
11/4/2011,1755.300049,1761.199951,1754.900024,1757,47
11/7/2011,1790.300049,1797,1755.300049,1755.300049,35
11/8/2011,1798.400024,1798.400024,1785.699951,1798.400024,14
11/9/2011,1790.900024,1793,1774.199951,1793,6
11/10/2011,1758.900024,1766.800049,1754.800049,1766.800049,16
11/11/2011,1787.5,1789.099976,1777,1777,28
11/14/2011,1777.800049,1779,1779,1779,24
11/15/2011,1781.699951,1783.099976,1761.300049,1779.199951,18
11/16/2011,1773.800049,1777.5,1757.699951,1777.5,65
11/17/2011,1719.800049,1755.300049,1714,1755.300049,54
11/18/2011,1724.699951,1736,1719,1725,14
11/21/2011,1678.300049,1704.599976,1674.400024,1704.599976,9
11/22/2011,1702.199951,1702.199951,1675.400024,1675.400024,13
11/23/2011,1695.699951,1700,1681.599976,1691.199951,34
11/25/2011,1685.5,1693.5,1675.300049,1690.099976,28
11/28/2011,1710.800049,1710.800049,1710.800049,1710.800049,175525
11/29/2011,1713.400024,1718.400024,1704,1711.300049,64786
11/30/2011,1745.5,1749.199951,1699.900024,1714,15463
12/1/2011,1735.300049,1753.300049,1734.5,1747,1350
12/2/2011,1747,1762.900024,1741.599976,1744.800049,1067
12/5/2011,1730.699951,1752.599976,1718.699951,1748.900024,756
12/6/2011,1727.900024,1731.800049,1703,1722.099976,648
12/7/2011,1740.900024,1741.900024,1720,1730.599976,300
12/8/2011,1709.800049,1752.300049,1705.400024,1742,942
12/9/2011,1712.800049,1720.699951,1705.699951,1713.300049,568
12/12/2011,1664.199951,1708.199951,1658.5,1707.5,894
12/13/2011,1659.900024,1671.800049,1628,1654.699951,274
12/14/2011,1584.300049,1639.5,1565.800049,1636.5,890
12/15/2011,1574.599976,1592.800049,1565.599976,1571.400024,589
12/16/2011,1595.599976,1595.900024,1586,1587.400024,57
12/19/2011,1594.400024,1603.400024,1589.699951,1596.400024,92
12/20/2011,1615.599976,1617,1596.400024,1596.400024,215
12/21/2011,1611.900024,1635,1608.300049,1615.599976,38
12/22/2011,1608.900024,1610,1601.900024,1608.800049,599
12/23/2011,1604.699951,1612.800049,1604.699951,1612,62
12/27/2011,1594.199951,1599,1592.599976,1599,52
12/28/2011,1562.900024,1588.599976,1561.300049,1584.900024,763
12/29/2011,1539.900024,1559.300049,1525,1559.300049,866
12/30/2011,1565.800049,1579.5,1547.900024,1549.400024,289
1/3/2012,1599.699951,1604.300049,1566,1568.900024,229
1/4/2012,1611.900024,1618.599976,1594.5,1596.599976,172
1/5/2012,1619.400024,1624.099976,1597.800049,1610.800049,362
1/6/2012,1616.099976,1627.800049,1616.099976,1622.5,20
1/9/2012,1607.5,1620.099976,1607.5,1614.300049,8
1/10/2012,1631,1638,1619.900024,1619.900024,47
1/11/2012,1639.199951,1645.400024,1633.800049,1634.800049,65
1/12/2012,1647.300049,1656.099976,1645.199951,1645.199951,84
1/13/2012,1630.400024,1643.400024,1630.400024,1638.900024,368
1/17/2012,1655.199951,1657.800049,1642.099976,1643.699951,16
1/18/2012,1659.5,1660.300049,1654,1654,11
1/19/2012,1654.099976,1664.400024,1653.5,1663,58
1/20/2012,1663.699951,1664.300049,1652.800049,1652.800049,8
1/23/2012,1678,1680,1669.900024,1676.900024,10
1/24/2012,1664.199951,1668.199951,1664.199951,1666.900024,5
1/25/2012,1699.800049,1706.199951,1672,1673,239
1/26/2012,1726.300049,1729,1721,1729,16
1/27/2012,1731.800049,1734.099976,1727,1727,175023
1/30/2012,1731,1739.900024,1715.699951,1737.199951,53427
1/31/2012,1737.800049,1747.699951,1725,1731.699951,7540
2/1/2012,1747.099976,1751.099976,1734,1738.199951,2027
2/2/2012,1756.800049,1761.099976,1742.900024,1745.099976,2062
2/3/2012,1737.900024,1761.300049,1724.5,1758.699951,543
2/6/2012,1722.800049,1738.300049,1713.300049,1728,726
2/7/2012,1746.400024,1748,1713.199951,1722,272
2/8/2012,1729.300049,1751.5,1728.199951,1744,955
2/9/2012,1739,1749.699951,1726.099976,1731.400024,119
2/10/2012,1723.300049,1734.400024,1706.400024,1732.699951,248
2/13/2012,1723,1733,1718.400024,1725,104
2/14/2012,1715.900024,1724.900024,1715,1720,94
2/15/2012,1726.300049,1737,1723.599976,1723.599976,110
2/16/2012,1726.800049,1728.400024,1707,1718.400024,38
2/17/2012,1724.5,1735.099976,1718.800049,1733.599976,80
2/21/2012,1757.099976,1760,1733.599976,1736.099976,115
2/22/2012,1770,1781.900024,1750,1758.699951,161
2/23/2012,1784.900024,1786,1773,1774,298
2/24/2012,1775.099976,1780.699951,1771.300049,1778.5,129
2/27/2012,1773.599976,1775.599976,1768.099976,1773.599976,841
2/28/2012,1787,1789.400024,1767.900024,1767.900024,306
2/29/2012,1709.900024,1790.400024,1669,1789.900024,359
3/1/2012,1721.099976,1724.599976,1698.599976,1698.599976,214
3/2/2012,1708.800049,1723,1705.199951,1723,135
3/5/2012,1703,1709.5,1695.400024,1705.5,421
3/6/2012,1671.400024,1708.699951,1666,1708.699951,176
3/7/2012,1683.300049,1684,1673.099976,1676,39
3/8/2012,1698.099976,1702.400024,1686.400024,1686.400024,301
3/9/2012,1710.900024,1710.900024,1680.699951,1698.800049,73
3/12/2012,1699.199951,1708.099976,1694.900024,1708.099976,98
3/13/2012,1693.699951,1698.400024,1685.099976,1698.400024,47
3/14/2012,1642.5,1681,1637.400024,1676.900024,201
3/15/2012,1659.099976,1660.199951,1640,1646.300049,405
3/16/2012,1655.5,1661.400024,1641.300049,1660,317
3/19/2012,1666.900024,1668,1652.099976,1661.199951,462
3/20/2012,1646.699951,1652.300049,1642,1648.099976,250
3/21/2012,1650,1660,1646.099976,1657.800049,546
3/22/2012,1642.300049,1649.400024,1633.800049,1648,321
3/23/2012,1662.300049,1665.099976,1646.300049,1652.5,76
3/26/2012,1685.5,1692.900024,1657.800049,1665,84
3/27/2012,1684.800049,1690.800049,1684.400024,1687.800049,100
3/28/2012,1657.900024,1670.099976,1657.900024,1670.099976,193107
3/29/2012,1652.199951,1664.5,1644.300049,1661.800049,47342
3/30/2012,1669.300049,1670,1659,1660.599976,9825
4/2/2012,1677.5,1682.800049,1662,1670.400024,2531
4/3/2012,1670,1679.5,1638.699951,1677.599976,1165
4/4/2012,1612.300049,1647,1612.300049,1646.5,1122
4/5/2012,1628.5,1633.199951,1620.400024,1620.800049,289
4/9/2012,1642.5,1646.400024,1636.5,1645.300049,158
4/10/2012,1659.5,1661.699951,1636.199951,1649,350
4/11/2012,1659,1659.699951,1654.699951,1654.800049,426
4/12/2012,1679.5,1680.099976,1650,1660,1309
4/13/2012,1659.099976,1674.800049,1650,1673.300049,220
4/16/2012,1648.699951,1656.800049,1641.199951,1650.800049,717
4/17/2012,1650.300049,1652.900024,1637,1652,69
4/18/2012,1638.800049,1653.300049,1638.099976,1653.199951,273
4/19/2012,1640.599976,1653.099976,1632,1642.099976,77
4/20/2012,1642.099976,1645.599976,1640.900024,1641.699951,54
4/23/2012,1631.900024,1642.400024,1625.099976,1642.400024,226
4/24/2012,1643,1648.599976,1634.400024,1634.400024,123
4/25/2012,1641.400024,1643.800049,1626.900024,1641.300049,82
4/26/2012,1659.599976,1659.599976,1658.300049,1658.300049,280
4/27/2012,1664,1666.900024,1654,1654.5,236
4/30/2012,1663.400024,1665.699951,1653,1663,36
5/1/2012,1661.699951,1670.5,1661.699951,1665,25
5/2/2012,1653.400024,1659.199951,1648.300049,1659.199951,50
5/3/2012,1634.199951,1652.199951,1631.300049,1651.199951,78
5/4/2012,1644.699951,1645.599976,1629.400024,1635.699951,68
5/7/2012,1638.599976,1640,1632.599976,1637.900024,21
5/8/2012,1604,1636.699951,1596,1636.699951,154
5/9/2012,1593.699951,1595.300049,1586.300049,1595.300049,30
5/10/2012,1595.099976,1595.099976,1592.400024,1594.199951,6
5/11/2012,1583.599976,1589.599976,1583.599976,1586.099976,6
5/14/2012,1560.599976,1563.099976,1555.5,1563,5
5/15/2012,1556.800049,1558.300049,1542.400024,1555.400024,28
5/16/2012,1536.199951,1541.400024,1528.5,1541.400024,26
5/17/2012,1574.5,1579,1546.900024,1546.900024,51
5/18/2012,1591.599976,1591.599976,1568.199951,1573.699951,26
5/21/2012,1588.400024,1594.099976,1588.400024,1591.900024,32
5/22/2012,1576.300049,1578.099976,1568.400024,1575.699951,27
5/23/2012,1548.099976,1548.099976,1534.400024,1538.199951,6
5/24/2012,1557.300049,1569.400024,1551.5,1559,23
5/25/2012,1568.800049,1568.800049,1557.300049,1558.199951,7
5/29/2012,1548.599976,1582.5,1548.599976,1574.699951,259050
5/30/2012,1563.400024,1569,1530.400024,1553.900024,79887
5/31/2012,1562.599976,1572.599976,1551.800049,1562.699951,5901
6/1/2012,1620.5,1630,1545.5,1560,2820
6/4/2012,1612.199951,1627.900024,1609,1623,2134
6/5/2012,1615.199951,1622.699951,1612.900024,1619.300049,604
6/6/2012,1632.800049,1639.699951,1616.5,1619.699951,419
6/7/2012,1586.599976,1627.199951,1581.900024,1622.599976,1200
6/8/2012,1590.099976,1593.900024,1566.5,1589.900024,157
6/11/2012,1595.5,1608,1583,1608,129
6/12/2012,1612.699951,1612.800049,1588.5,1594.099976,523
6/13/2012,1618.099976,1622.400024,1608.199951,1608.199951,655
6/14/2012,1618.400024,1626.400024,1610.099976,1621.199951,493
6/15/2012,1627,1630,1621.5,1624.300049,1015
6/18/2012,1625.699951,1627.599976,1615,1622.599976,246
6/19/2012,1622.199951,1630.699951,1622,1629.800049,32
6/20/2012,1614.800049,1618.300049,1601.300049,1618.300049,140
6/21/2012,1564.5,1603.300049,1564.5,1603.199951,29
6/22/2012,1566,1568.400024,1560,1565.5,16
6/25/2012,1587.5,1587.5,1571,1574.900024,32
6/26/2012,1574,1583.5,1567.699951,1583.5,104
6/27/2012,1577.5,1577.5,1563,1567,220
6/28/2012,1549.699951,1573.699951,1548.400024,1573.699951,133
6/29/2012,1603.5,1603.5,1561.900024,1562.599976,61
7/2/2012,1597.199951,1598.300049,1589.699951,1597.099976,35
7/3/2012,1621.300049,1624,1603.800049,1603.800049,44
7/5/2012,1608.900024,1619.199951,1598,1618.5,27
7/6/2012,1578.400024,1593.800049,1578.400024,1592.300049,15
7/9/2012,1588.599976,1588.599976,1580.900024,1582.099976,5
7/10/2012,1579.300049,1599.800049,1567.599976,1599.199951,12
7/11/2012,1575.199951,1579.5,1575.199951,1577.400024,12
7/12/2012,1564.900024,1574.699951,1557.199951,1569.300049,44
7/13/2012,1591.599976,1594.099976,1567.800049,1567.800049,26
7/16/2012,1591.199951,1591.199951,1585.800049,1586.199951,7
7/17/2012,1589.099976,1596,1576.300049,1596,27
7/18/2012,1570.400024,1583.699951,1569.900024,1581.199951,30
7/19/2012,1580.099976,1586.900024,1578.400024,1580,60
7/20/2012,1582.5,1584.400024,1576.099976,1583.900024,5
7/23/2012,1577.099976,1577.099976,1569.800049,1571.699951,4
7/24/2012,1576,1581.900024,1574,1574,9
7/25/2012,1608,1608,1583.300049,1583.699951,12
7/26/2012,1615,1615,1614.099976,1614.900024,7
7/27/2012,1617.900024,1617.900024,1613.400024,1613.400024,197976
7/30/2012,1619.699951,1625.800049,1613.099976,1622.900024,52890
7/31/2012,1610.5,1627.5,1610,1621.099976,6281
8/1/2012,1603.699951,1617.199951,1592,1613.400024,3530
8/2/2012,1587.400024,1615,1583.099976,1600,933
8/3/2012,1606,1606,1585.099976,1589.300049,676
8/6/2012,1612.900024,1614.099976,1603.199951,1604.699951,662
8/7/2012,1609.699951,1615.699951,1609.300049,1610.800049,449
8/8/2012,1612.900024,1614.800049,1603,1610.199951,341
8/9/2012,1617.099976,1617.199951,1610.099976,1612.800049,433
8/10/2012,1619.699951,1624.099976,1605,1615.800049,1219
8/13/2012,1609.599976,1623.699951,1607.300049,1622,402
8/14/2012,1599.400024,1615.599976,1591.199951,1612.800049,910
8/15/2012,1603.699951,1604.599976,1592,1593.800049,280
8/16/2012,1616.099976,1616.099976,1600.199951,1600.199951,199
8/17/2012,1616.300049,1617.800049,1611.400024,1617.800049,249
8/20/2012,1620.099976,1621.400024,1611.599976,1614,68
8/21/2012,1639.900024,1639.900024,1620,1620,258
8/22/2012,1637.400024,1653.099976,1635,1638.400024,37
8/23/2012,1669.599976,1672.699951,1658,1659.900024,141
8/24/2012,1669.800049,1669.800049,1662.199951,1665.800049,24
8/27/2012,1672.400024,1674.900024,1663.900024,1674.900024,42
8/28/2012,1666.5,1671,1659.199951,1659.900024,51
8/29/2012,1659.800049,1667.300049,1659.800049,1667.199951,403
8/30/2012,1653.5,1662,1650.699951,1655.400024,418
8/31/2012,1684.599976,1690,1646.199951,1658.599976,58
9/4/2012,1692.900024,1698,1687.699951,1689.099976,43
9/5/2012,1690.800049,1693.300049,1690.400024,1690.400024,82
9/6/2012,1702.599976,1712.400024,1696.400024,1696.400024,39
9/7/2012,1737.5,1738.199951,1696.699951,1696.699951,109
9/10/2012,1728.699951,1733.5,1727.199951,1733.099976,14
9/11/2012,1731.800049,1736,1731.800049,1736,2
9/12/2012,1730.599976,1742.300049,1730.5,1742.199951,15
9/13/2012,1769.099976,1769.099976,1728.699951,1728.699951,33
9/14/2012,1769.800049,1774.5,1766,1771,25
9/17/2012,1767.699951,1774.800049,1753.800049,1774.800049,54
9/18/2012,1768.400024,1768.400024,1766.300049,1766.300049,13
9/19/2012,1769,1778.5,1768,1776,27
9/20/2012,1767.699951,1771.300049,1760.599976,1769.099976,17
9/21/2012,1775.5,1785.300049,1772.300049,1785.300049,10
9/24/2012,1762.099976,1762.099976,1762.099976,1762.099976,4
9/25/2012,1763.800049,1772.699951,1763.800049,1772.599976,5
9/26/2012,1750.599976,1764.199951,1743,1762.800049,15237
9/27/2012,1777.599976,1780.199951,1750.699951,1752.599976,6989
9/28/2012,1771.099976,1782.199951,1767.5,1776.800049,2839
10/1/2012,1780.5,1791,1763.300049,1766,816
10/2/2012,1772.699951,1779.300049,1772.699951,1777.900024,94
10/3/2012,1777.300049,1779.900024,1771.900024,1772.199951,134
10/4/2012,1794.099976,1794.800049,1783.5,1783.5,199
10/5/2012,1778.599976,1792.199951,1776.599976,1792.199951,257
10/8/2012,1773.5,1778,1766.800049,1778,33
10/9/2012,1763,1776.699951,1762.300049,1776.699951,24
10/10/2012,1763.199951,1764.199951,1758.099976,1762.400024,29
10/11/2012,1768.800049,1771,1761.599976,1761.599976,30
10/12/2012,1758,1769.5,1753.599976,1769.5,84
10/15/2012,1736,1750,1729.900024,1750,108
10/16/2012,1744.699951,1744.699951,1736.599976,1736.699951,15
10/17/2012,1751.5,1751.5,1746,1749.400024,36
10/18/2012,1743.300049,1749.099976,1740.5,1749.099976,27
10/19/2012,1722.800049,1741.099976,1721,1741.099976,70
10/22/2012,1725.099976,1728.300049,1715,1715,12
10/23/2012,1708.300049,1726.599976,1708.300049,1726.599976,75
10/24/2012,1700.5,1708.5,1698.599976,1708.400024,27
10/25/2012,1712,1716.699951,1711.699951,1711.699951,33
10/26/2012,1710.900024,1716.199951,1706.099976,1706.099976,77
10/31/2012,1717.5,1724.5,1714.400024,1714.400024,64
11/1/2012,1714.099976,1725.099976,1714.099976,1722.300049,24
11/2/2012,1674.099976,1711.300049,1674.099976,1711.300049,50
11/5/2012,1682.199951,1683.099976,1674.300049,1682.800049,7
11/6/2012,1714.099976,1718,1690.099976,1690.099976,47
11/7/2012,1713.199951,1726.5,1703.699951,1707.699951,42
11/8/2012,1725.400024,1725.400024,1714.199951,1715.900024,34
11/9/2012,1730.300049,1734.099976,1727.599976,1733.699951,6
11/12/2012,1730.300049,1733.400024,1730.300049,1733.199951,6
11/13/2012,1724.199951,1728.199951,1718.5,1721.599976,12
11/14/2012,1729.5,1729.5,1722,1722,11
11/15/2012,1713.300049,1724.900024,1706.300049,1724.900024,10
11/16/2012,1714.300049,1714.300049,1706.900024,1710,16
11/19/2012,1734,1734,1721.800049,1721.800049,4
11/20/2012,1723.199951,1731.099976,1722.5,1730.599976,21
11/21/2012,1727.900024,1727.900024,1725.800049,1725.800049,23
11/23/2012,1751.300049,1751.300049,1735,1735,8
11/26/2012,1749.5,1750.5,1749.400024,1750.300049,24
11/27/2012,1742.199951,1746.400024,1742.199951,1746.400024,7
11/28/2012,1716.5,1739.800049,1716.5,1739.800049,276136
11/29/2012,1727.199951,1729,1717.699951,1719.599976,65599
11/30/2012,1710.900024,1731.199951,1708.400024,1725.199951,3690
12/3/2012,1719.599976,1721.900024,1714.5,1714.900024,1238
12/4/2012,1694.400024,1716.800049,1691.599976,1716.300049,1428
12/5/2012,1692.400024,1706,1685,1697.099976,1262
12/6/2012,1700.300049,1702.099976,1686.400024,1694.300049,525
12/7/2012,1704,1704.5,1684,1701.199951,169
12/10/2012,1713,1717,1704.199951,1704.199951,88
12/11/2012,1708.199951,1714.099976,1705.900024,1710,88
12/12/2012,1716.599976,1722.300049,1708,1710.099976,195
12/13/2012,1695.599976,1707.199951,1689.900024,1707.199951,240
12/14/2012,1695.800049,1699.199951,1694.400024,1698.300049,72
12/17/2012,1697,1698.5,1689.5,1690.5,65
12/18/2012,1669.5,1702.800049,1661,1701.400024,501
12/19/2012,1666.5,1676,1664.599976,1675.300049,76
12/20/2012,1644.900024,1671,1637.599976,1667.900024,158
12/21/2012,1659.099976,1659.099976,1635.800049,1648,78
12/24/2012,1658.599976,1663.800049,1654.900024,1657.699951,73
12/26/2012,1659.800049,1666.699951,1654.5,1654.5,73
12/27/2012,1662.599976,1662.599976,1656.199951,1656.199951,446
12/28/2012,1654.900024,1664,1653.699951,1664,197
12/31/2012,1674.800049,1677.099976,1655.400024,1655.400024,89
1/2/2013,1687.900024,1693.800049,1670,1672.800049,35
1/3/2013,1673.699951,1686.800049,1662,1686.099976,140
1/4/2013,1648.099976,1658.300049,1625.699951,1647,199
1/7/2013,1645.5,1659.900024,1643.800049,1656.5,49
1/8/2013,1661.5,1661.5,1647.699951,1647.699951,17
1/9/2013,1654.800049,1662.099976,1651.900024,1658.599976,9
1/10/2013,1677.300049,1677.300049,1672.5,1672.5,9
1/11/2013,1660,1673.099976,1654.199951,1673.099976,147
1/14/2013,1668.900024,1673.800049,1664.099976,1665.400024,10
1/15/2013,1683.400024,1684.300049,1671.599976,1671.599976,20
1/16/2013,1682.699951,1682.699951,1674.400024,1674.400024,11
1/17/2013,1690.400024,1694.599976,1671,1676.400024,81
1/18/2013,1686.599976,1692,1686.599976,1687.400024,14
1/22/2013,1692.800049,1694.699951,1687.800049,1690.300049,15
1/23/2013,1686.300049,1693.699951,1685.199951,1691.300049,28
1/24/2013,1669.5,1681.699951,1668,1680.800049,13
1/25/2013,1656.400024,1663,1656.400024,1663,44
1/28/2013,1652.400024,1655.5,1651.599976,1651.599976,82
1/29/2013,1660.699951,1661.5,1660.699951,1661.199951,145863
1/30/2013,1679.900024,1683,1661.800049,1662.400024,44893
1/31/2013,1660.599976,1680,1657.400024,1675.400024,6044
2/1/2013,1669.400024,1681.199951,1659.900024,1663.900024,3250
2/4/2013,1675.300049,1676.5,1661.599976,1668,450
2/5/2013,1672.400024,1683.400024,1666.5,1674.199951,353
2/6/2013,1677.699951,1678.5,1668,1672.199951,376
2/7/2013,1670.400024,1682.099976,1663.099976,1677,475
2/8/2013,1666,1672.5,1664.800049,1671.5,289
2/11/2013,1648.199951,1668,1643.699951,1666.5,868
2/12/2013,1648.699951,1650.400024,1642.400024,1643.800049,85
2/13/2013,1644.199951,1652.300049,1640.199951,1652.199951,236
2/14/2013,1634.699951,1646.900024,1632.699951,1641.099976,219
2/15/2013,1608.800049,1633.900024,1599.5,1633.199951,460
2/19/2013,1603.599976,1617,1599.699951,1610,272
2/20/2013,1577.599976,1606.900024,1561.800049,1604.699951,278
2/21/2013,1578.199951,1581.199951,1555.199951,1568.5,2019
2/22/2013,1572.400024,1585.400024,1572.400024,1580,76
2/25/2013,1586.199951,1596,1577.699951,1579.400024,118
2/26/2013,1615.199951,1615.199951,1589,1593.300049,1158
2/27/2013,1595.199951,1612.800049,1591.800049,1612.800049,700
2/28/2013,1577.699951,1601.599976,1575.099976,1596,102
3/1/2013,1571.900024,1585.599976,1566,1579.599976,68
3/4/2013,1572.099976,1580.800049,1569.699951,1580.800049,64
3/5/2013,1574.599976,1585.5,1571.400024,1577.599976,65
3/6/2013,1574.599976,1582.599976,1566.800049,1577.599976,106
3/7/2013,1574.800049,1583.5,1573.900024,1580,52
3/8/2013,1576.599976,1581.199951,1561.800049,1578.599976,68
3/11/2013,1577.800049,1579.699951,1576,1576,1115
3/12/2013,1591.5,1595.599976,1579.800049,1579.800049,159
3/13/2013,1588.300049,1596,1585,1592.300049,396
3/14/2013,1590.599976,1590.599976,1575.699951,1585.699951,137
3/15/2013,1592.5,1594.400024,1590.199951,1590.5,11
3/18/2013,1604.599976,1607.699951,1601.599976,1605.900024,613
3/19/2013,1611.300049,1613.099976,1611.300049,1613.099976,202
3/20/2013,1607.5,1612.5,1606.199951,1610,5
3/21/2013,1613.800049,1613.800049,1611.900024,1612.800049,7
3/22/2013,1606.199951,1611,1604.099976,1611,101
3/25/2013,1604.599976,1607.800049,1596.099976,1607.099976,27
3/26/2013,1595.800049,1595.800049,1595.800049,1595.800049,165484
3/27/2013,1606.199951,1608.099976,1590.300049,1598.5,50450
3/28/2013,1594.800049,1606.599976,1593.599976,1604.699951,4717
4/1/2013,1600,1600.5,1594.800049,1596.800049,688
4/2/2013,1575.099976,1602.599976,1574.099976,1599.199951,2289
4/3/2013,1552.800049,1576.400024,1549.199951,1575.699951,2171
4/4/2013,1551.800049,1557.300049,1539.099976,1557.300049,829
4/5/2013,1575.400024,1580.599976,1550.099976,1553.199951,1184
4/8/2013,1572,1577.800049,1567.800049,1575.800049,101
4/9/2013,1586.199951,1589.300049,1570,1571.599976,215
4/10/2013,1558.300049,1586,1557,1584.400024,359
4/11/2013,1564.300049,1566.699951,1554.800049,1557.099976,1070
4/12/2013,1501,1560.800049,1480.199951,1560.800049,881
4/15/2013,1360.599976,1487.400024,1338,1478.199951,1309
4/16/2013,1386.800049,1401,1323,1358,619
4/17/2013,1382.199951,1394.199951,1370.199951,1373.199951,92
4/18/2013,1392,1396.400024,1347.5,1347.5,57
4/19/2013,1395.300049,1420.300049,1395.099976,1419.300049,241
4/22/2013,1421,1434.900024,1406.800049,1406.800049,70
4/23/2013,1408.599976,1429.5,1405.800049,1429.5,334
4/24/2013,1423.400024,1430.099976,1420.400024,1423.199951,138
4/25/2013,1461.800049,1461.800049,1433,1433,222
4/26/2013,1453.599976,1476.199951,1451.400024,1467.400024,976
4/29/2013,1467.400024,1475.5,1462.300049,1462.699951,269
4/30/2013,1472.199951,1476.599976,1461,1471.099976,534
5/1/2013,1446.300049,1477.099976,1440,1475.800049,131
5/2/2013,1467.699951,1471.199951,1453.5,1459,244
5/3/2013,1464.300049,1487.099976,1461.400024,1465.5,68
5/6/2013,1468.099976,1477.199951,1466.800049,1468.099976,33
5/7/2013,1449,1466.199951,1441.199951,1462,91
5/8/2013,1473.900024,1474.699951,1450.699951,1455.5,81
5/9/2013,1468.800049,1473.400024,1453,1471.199951,27
5/10/2013,1436.800049,1459.300049,1423,1455.599976,569
5/13/2013,1434.5,1440.599976,1427.800049,1440,344
5/14/2013,1424.699951,1444.400024,1422,1430.099976,72
5/15/2013,1396.5,1425.699951,1390.099976,1425.699951,364
5/16/2013,1387.099976,1395.099976,1370.599976,1390.400024,38
5/17/2013,1364.900024,1391.099976,1359.099976,1386.699951,50
5/20/2013,1384.300049,1387.5,1342.900024,1342.900024,21
5/21/2013,1377.800049,1392.300049,1358.5,1386.5,51
5/22/2013,1367.599976,1395.699951,1364.5,1387.199951,14
5/23/2013,1392,1394.800049,1377.800049,1380.599976,58
5/24/2013,1386.800049,1386.800049,1386.800049,1386.800049,2
5/28/2013,1379.099976,1390.400024,1379.099976,1380.800049,55
5/29/2013,1391.300049,1391.300049,1391.300049,1391.300049,168665
5/30/2013,1411.5,1417.5,1388.300049,1392.099976,45133
5/31/2013,1392.599976,1421.099976,1384.199951,1412.400024,5997
6/3/2013,1411.699951,1416.300049,1388.300049,1389.099976,1420
6/4/2013,1397.099976,1413.699951,1389,1410.900024,930
6/5/2013,1398.400024,1410,1395.599976,1397.5,1687
6/6/2013,1415.699951,1422.699951,1391.599976,1401.699951,782
6/7/2013,1383,1416.099976,1377.900024,1411.5,1163
6/10/2013,1386.199951,1386.900024,1375.599976,1378.800049,367
6/11/2013,1377,1384.400024,1366,1384.199951,482
6/12/2013,1391.800049,1393.5,1373.699951,1375,514
6/13/2013,1377.599976,1390.900024,1373.400024,1386.800049,458
6/14/2013,1387.300049,1389.599976,1377.800049,1383.900024,90
6/17/2013,1382.800049,1390.5,1380,1390.300049,114
6/18/2013,1366.599976,1383.5,1363,1383.099976,346
6/19/2013,1373.599976,1373.599976,1348.099976,1368.099976,198
6/20/2013,1285.900024,1348.099976,1275.400024,1348.099976,712
6/21/2013,1291.599976,1300,1268.900024,1280.400024,456
6/24/2013,1276.800049,1297.300049,1275.699951,1297.300049,321
6/25/2013,1274.800049,1286,1273.199951,1281.300049,953
6/26/2013,1229.599976,1273.900024,1228.800049,1273.900024,981
6/27/2013,1211.400024,1241.400024,1198.300049,1224.699951,533
6/28/2013,1223.800049,1232.300049,1183.199951,1200.900024,232
7/1/2013,1255.900024,1261,1234.199951,1234.699951,150
7/2/2013,1243.599976,1266.300049,1241.199951,1254.099976,107
7/3/2013,1252.099976,1258.199951,1240.300049,1243.800049,19
7/5/2013,1212.900024,1254.099976,1208.900024,1252.699951,72
7/8/2013,1234.900024,1235.199951,1215.400024,1218.800049,58
7/9/2013,1245.900024,1254.5,1234.400024,1234.699951,33
7/10/2013,1247.400024,1263.900024,1244.599976,1244.599976,58
7/11/2013,1280.099976,1285,1278.900024,1284.599976,18
7/12/2013,1277.800049,1282.300049,1274.300049,1282.300049,6
7/15/2013,1283.800049,1292.400024,1281.599976,1292.099976,19
7/16/2013,1290.800049,1291.400024,1279.400024,1279.400024,13
7/17/2013,1277.900024,1294.400024,1272.900024,1286.199951,11
7/18/2013,1284.599976,1286.400024,1275.199951,1275.300049,26
7/19/2013,1293.300049,1293.300049,1290,1291.699951,9
7/22/2013,1336.400024,1336.400024,1317,1317,18
7/23/2013,1335.099976,1342.300049,1327.900024,1334.800049,10
7/24/2013,1319.699951,1343.5,1318.599976,1342.199951,42
7/25/2013,1329,1336.800049,1318.5,1318.5,55
7/26/2013,1321.699951,1326.5,1321.699951,1326.5,66
7/29/2013,1328.400024,1328.400024,1328.400024,1328.400024,134359
7/30/2013,1324,1329.599976,1316.199951,1327.199951,44769
7/31/2013,1312.400024,1338.400024,1304.900024,1325.5,6252
8/1/2013,1311,1328.5,1306.900024,1323,1562
8/2/2013,1310.599976,1317,1283,1306.699951,1451
8/5/2013,1302.599976,1318.300049,1297.5,1311.199951,904
8/6/2013,1283.199951,1305.900024,1279.300049,1303,1314
8/7/2013,1286.099976,1288.400024,1274,1282.5,989
8/8/2013,1310.699951,1312.800049,1283.699951,1283.900024,482
8/9/2013,1312.900024,1315.800049,1306.699951,1315.099976,449
8/12/2013,1334.699951,1342.400024,1317.199951,1317.199951,312
8/13/2013,1321.199951,1339.099976,1320.199951,1331.900024,209
8/14/2013,1334,1336.300049,1317.699951,1317.699951,333
8/15/2013,1361.599976,1369.599976,1319.900024,1340.099976,235
8/16/2013,1371.699951,1378.900024,1361,1366.800049,175
8/19/2013,1366.199951,1384.400024,1363.900024,1379,139
8/20/2013,1373.099976,1377,1355,1355,123
8/21/2013,1370.599976,1377.300049,1360.900024,1372.5,109
8/22/2013,1371.199951,1380.400024,1362,1362,79
8/23/2013,1395.699951,1398.199951,1373.900024,1376.800049,178
8/26/2013,1393,1402.800049,1391.300049,1398.599976,203
8/27/2013,1420.599976,1421.099976,1398.699951,1403.800049,397
8/28/2013,1419,1428,1417.300049,1417.300049,489
8/29/2013,1412.900024,1417.400024,1404.5,1417.400024,375
8/30/2013,1396.099976,1409.800049,1392.300049,1407.199951,0
9/3/2013,1412,1414.400024,1382.300049,1393,139
9/4/2013,1389.900024,1413,1387.099976,1413,104
9/5/2013,1373.099976,1397.5,1367.099976,1393.5,37
9/6/2013,1386.699951,1390.099976,1368.900024,1371,52
9/9/2013,1386.800049,1389.800049,1386.5,1389.800049,44
9/10/2013,1364.099976,1377.5,1357.599976,1377.5,21
9/11/2013,1363.900024,1365.800049,1356.699951,1365.800049,60
9/12/2013,1330.400024,1360,1322.400024,1360,120
9/13/2013,1308.400024,1323,1305.300049,1322.900024,38
9/16/2013,1317.900024,1329.599976,1310.800049,1328.400024,107
9/17/2013,1309.5,1313.099976,1309.5,1313,24
9/18/2013,1307.800049,1347.699951,1292.099976,1292.099976,29
9/19/2013,1369.400024,1373,1362.900024,1362.900024,35
9/20/2013,1332.5,1347.5,1330.699951,1347.5,2
9/23/2013,1326.900024,1327.800049,1317.599976,1327.099976,78
9/24/2013,1316,1324.900024,1309.400024,1321.199951,61
9/25/2013,1335.900024,1335.900024,1322.699951,1322.699951,51
9/26/2013,1323.599976,1338.300049,1323.599976,1335.199951,13170
9/27/2013,1338.400024,1343.800049,1319.699951,1321.5,2990
9/30/2013,1326.5,1350.900024,1322,1345.800049,597
10/1/2013,1286,1334,1284.5,1328,815
10/2/2013,1320.599976,1321,1280,1288.5,152
10/3/2013,1317.400024,1319.5,1302.5,1312,217
10/4/2013,1309.699951,1318.099976,1305.699951,1316.199951,38
10/7/2013,1324.800049,1325.400024,1311.800049,1313.800049,84
10/8/2013,1324.199951,1330,1321.199951,1326.5,57
10/9/2013,1306.900024,1319,1295.300049,1317.599976,140
10/10/2013,1296.599976,1310.800049,1285,1303.400024,89
10/11/2013,1268,1291.599976,1263.800049,1286.900024,210
10/14/2013,1276.400024,1285.800049,1273.900024,1275.800049,61
10/15/2013,1273,1283.599976,1254.099976,1270.5,208
10/16/2013,1282,1284,1269.199951,1282.800049,86
10/17/2013,1322.699951,1322.699951,1307,1307,72
10/18/2013,1314.400024,1326,1312.599976,1318.800049,65
10/21/2013,1315.699951,1317.699951,1315.699951,1316.800049,23
10/22/2013,1342.5,1342.599976,1313.900024,1313.900024,55
10/23/2013,1333.900024,1333.900024,1331.900024,1331.900024,13
10/24/2013,1350.199951,1350.199951,1334.5,1334.5,18
10/25/2013,1352.400024,1353,1346.199951,1346.199951,23
10/28/2013,1352,1359.199951,1349,1351.400024,23
10/29/2013,1345.199951,1359.699951,1345.199951,1359.599976,168
10/30/2013,1349,1355.800049,1335.599976,1340.800049,44
10/31/2013,1323.599976,1334,1321.699951,1334,62
11/1/2013,1313.099976,1325.699951,1308,1325.699951,21
11/4/2013,1314.599976,1320.5,1312.099976,1314.599976,39
11/5/2013,1308,1317.5,1306.900024,1313.300049,98
11/6/2013,1317.699951,1318.599976,1312.5,1313.5,11
11/7/2013,1308.400024,1323.599976,1298,1323.599976,129
11/8/2013,1284.5,1308.099976,1281.300049,1308,22
11/11/2013,1281,1281.800049,1281,1281.599976,5
11/12/2013,1271.099976,1282.300049,1271.099976,1282.300049,3
11/13/2013,1268.300049,1280.5,1268.300049,1274,17
11/14/2013,1286.199951,1293.300049,1278.099976,1280.199951,29
11/15/2013,1287.300049,1288.5,1281.5,1287.699951,16
11/18/2013,1272.199951,1284.800049,1272.199951,1284.699951,10
11/19/2013,1273.400024,1275.199951,1271,1274.199951,10
11/20/2013,1257.900024,1269,1241.900024,1269,120
11/21/2013,1243.5,1247.099976,1236.5,1245.699951,90
11/22/2013,1244,1247,1241.400024,1243.199951,77
11/25/2013,1241.099976,1241.099976,1229,1231.099976,19
11/26/2013,1241.400024,1243,1241.400024,1243,178417
11/27/2013,1237.800049,1254.800049,1235.5,1241.599976,82331
11/29/2013,1250.599976,1254.5,1233.699951,1237.800049,9203
12/2/2013,1222.300049,1251.5,1217.800049,1251.400024,4979
12/3/2013,1221.699951,1225.699951,1215.599976,1219.199951,1932
12/4/2013,1248.199951,1250.400024,1212.900024,1225.099976,1823
12/5/2013,1233.199951,1241.5,1218.599976,1240,446
12/6/2013,1230.300049,1242,1213,1228.699951,1032
12/9/2013,1235.300049,1243.199951,1229,1230.199951,352
12/10/2013,1262.400024,1267,1239,1239,882
12/11/2013,1258.5,1261.900024,1252.099976,1261.900024,147
12/12/2013,1226,1255.400024,1225.900024,1253.5,609
12/13/2013,1235.699951,1239,1222.199951,1226.699951,446
12/16/2013,1245.5,1250.599976,1228.900024,1238.400024,242
12/17/2013,1231.199951,1240.400024,1231.199951,1237,22
12/18/2013,1236.099976,1245.099976,1217,1231.5,114
12/19/2013,1195,1226.599976,1188.699951,1226.599976,124
12/20/2013,1205.099976,1207.800049,1190.900024,1190.900024,204
12/23/2013,1198.400024,1205.199951,1195.900024,1205.199951,123
12/24/2013,1205.099976,1205.599976,1197.699951,1199.800049,184
12/26/2013,1214.099976,1215.900024,1207.099976,1207.099976,140
12/27/2013,1216.099976,1218.5,1212.900024,1213.400024,278
12/30/2013,1203.099976,1215,1194.400024,1215,351
12/31/2013,1201.900024,1212.400024,1182,1196.400024,124
1/2/2014,1225,1227.300049,1204.300049,1204.300049,209
1/3/2014,1238.400024,1239,1221.699951,1221.699951,142
1/6/2014,1237.800049,1247,1221.900024,1232.800049,127
1/7/2014,1229.400024,1242.400024,1226.300049,1239.300049,73
1/8/2014,1225.300049,1227.5,1218.599976,1227.5,189
1/9/2014,1229.300049,1229.300049,1225.800049,1225.800049,7
1/10/2014,1246.699951,1246.800049,1234,1235,58
1/13/2014,1250.900024,1252.699951,1245.5,1250.599976,46
1/14/2014,1245.199951,1251.300049,1242,1251,37
1/15/2014,1238.099976,1243.199951,1238.099976,1243.099976,68
1/16/2014,1240,1242.800049,1239,1239.300049,48
1/17/2014,1251.699951,1254.300049,1239.699951,1239.699951,101
1/21/2014,1242.300049,1257.5,1240,1256.400024,224
1/22/2014,1239,1242,1239,1241.699951,58
1/23/2014,1262.599976,1264.199951,1235.199951,1235.199951,40
1/24/2014,1264.5,1269.400024,1258.300049,1258.300049,38
1/27/2014,1263.599976,1264.400024,1254.400024,1259.800049,92
1/28/2014,1251,1258.400024,1251,1257.900024,20
1/29/2014,1262.199951,1262.199951,1262.199951,1262.199951,137028
1/30/2014,1242.199951,1267.699951,1237.5,1267,45276
1/31/2014,1240.099976,1254.5,1238.400024,1243.599976,5820
2/3/2014,1260.400024,1266.300049,1241.199951,1242.400024,2914
2/4/2014,1251.699951,1260.699951,1247.800049,1258.400024,1745
2/5/2014,1257.300049,1273.699951,1253.099976,1254,1616
2/6/2014,1257.599976,1267,1253.5,1258,274
2/7/2014,1263.300049,1271.400024,1257.900024,1258.300049,436
2/10/2014,1274.800049,1277.300049,1265.699951,1269.599976,742
2/11/2014,1290.099976,1292,1273.800049,1274,562
2/12/2014,1295.300049,1296.199951,1285.5,1290.5,140
2/13/2014,1300.400024,1303.5,1287.5,1293.300049,877
2/14/2014,1319,1320.699951,1301.699951,1301.699951,308
2/18/2014,1324.699951,1330.599976,1313.900024,1322.900024,373
2/19/2014,1320.599976,1321.599976,1309.099976,1318.300049,193
2/20/2014,1317.099976,1323.5,1309.599976,1310.699951,116
2/21/2014,1323.900024,1328.300049,1317.400024,1320,171
2/24/2014,1338.300049,1339,1321.400024,1324.300049,93
2/25/2014,1343,1343.900024,1333.099976,1336.400024,290
2/26/2014,1328.199951,1342,1325.599976,1341.199951,485
2/27/2014,1331.599976,1335,1324.599976,1329.300049,369
2/28/2014,1321.400024,1332.599976,1321.099976,1329.800049,239
3/3/2014,1350.099976,1354.099976,1332.900024,1335.900024,232
3/4/2014,1337.800049,1350.400024,1332.199951,1350.400024,80
3/5/2014,1340.199951,1341,1334.800049,1334.800049,32
3/6/2014,1351.699951,1351.699951,1333.300049,1338,59
3/7/2014,1338.099976,1352.699951,1329.199951,1349.5,97
3/10/2014,1341.400024,1344.699951,1330.5,1336,97
3/11/2014,1346.5,1352.400024,1338.099976,1340,53
3/12/2014,1370.300049,1370.5,1348.699951,1349.099976,58
3/13/2014,1372.199951,1374.5,1366.5,1366.800049,23
3/14/2014,1379,1386.599976,1371.099976,1376.099976,91
3/17/2014,1372.900024,1391.400024,1372.199951,1386.099976,29
3/18/2014,1359,1361.800049,1353.400024,1359.300049,35
3/19/2014,1341.400024,1358,1332.699951,1357.099976,57
3/20/2014,1330.5,1333.699951,1325.800049,1333.699951,72
3/21/2014,1336,1339.099976,1335.800049,1339.099976,3
3/24/2014,1311.199951,1333,1310.5,1333,103
3/25/2014,1311.400024,1315.5,1307.5,1315.5,46
3/26/2014,1303.400024,1315.199951,1303.400024,1315.199951,4
3/27/2014,1294.699951,1294.699951,1294.699951,1294.699951,185016
3/28/2014,1293.800049,1299.400024,1285.900024,1292.199951,65486
3/31/2014,1283.400024,1298.800049,1282.400024,1294.300049,4121
4/1/2014,1279.599976,1287.900024,1277.300049,1285.099976,884
4/2/2014,1290.5,1294.099976,1280.199951,1280.199951,1099
4/3/2014,1284.400024,1293.5,1282.699951,1290.800049,775
4/4/2014,1303.199951,1306.099976,1284.400024,1285.5,976
4/7/2014,1298,1304,1296.300049,1301.400024,361
4/8/2014,1308.699951,1314.099976,1296.599976,1296.599976,264
4/9/2014,1305.5,1313.599976,1301.099976,1309.5,191
4/10/2014,1320.099976,1323.800049,1311.199951,1311.800049,127
4/11/2014,1318.699951,1322.800049,1316.300049,1319,76
4/14/2014,1327.199951,1330,1320.099976,1320.099976,328
4/15/2014,1300,1322.699951,1291.5,1322.699951,238
4/16/2014,1303.099976,1303.5,1295,1302.699951,177
4/17/2014,1293.400024,1303,1292.5,1300.099976,124
4/21/2014,1288,1299.199951,1283.800049,1290,100
4/22/2014,1280.599976,1291.599976,1276,1289.199951,100
4/23/2014,1284.199951,1287.699951,1282.400024,1284.300049,176
4/24/2014,1290.5,1297.900024,1272.400024,1284.599976,522
4/25/2014,1300.699951,1304.599976,1293.800049,1293.800049,274
4/28/2014,1298.900024,1305.400024,1293,1305.400024,388
4/29/2014,1296,1300.5,1289.099976,1295.5,904
4/30/2014,1295.599976,1296.5,1286.599976,1296,181
5/1/2014,1283.099976,1288.699951,1278,1288.699951,25
5/2/2014,1302.599976,1302.699951,1276.699951,1276.699951,90
5/5/2014,1309,1314.199951,1305.5,1305.599976,31
5/6/2014,1308.300049,1309.400024,1306.900024,1309.400024,14
5/7/2014,1288.599976,1312,1288,1310.300049,21
5/8/2014,1287.400024,1291.5,1285.5,1291.5,65
5/9/2014,1287.300049,1287.300049,1287.300049,1287.300049,3
5/12/2014,1295.599976,1295.900024,1281.199951,1282.099976,19
5/13/2014,1294.599976,1295.5,1292,1295.5,20
5/14/2014,1305.699951,1306.900024,1292.800049,1292.800049,25
5/15/2014,1293.5,1302.5,1292.800049,1302.5,27
5/16/2014,1293.300049,1293.300049,1293.300049,1293.300049,8
5/19/2014,1293.699951,1293.699951,1293.699951,1293.699951,44
5/20/2014,1294.5,1294.5,1290.099976,1290.699951,8
5/21/2014,1288,1288,1287.400024,1287.400024,2
5/22/2014,1294.900024,1295,1294.199951,1294.199951,4
5/23/2014,1291.599976,1293.400024,1291.599976,1293.199951,3
5/27/2014,1265.400024,1291.900024,1265.400024,1291.900024,25
5/28/2014,1259.300049,1259.300049,1259.300049,1259.300049,168825
5/29/2014,1256.300049,1260.599976,1250.900024,1258.300049,38045
5/30/2014,1245.599976,1259.599976,1241.800049,1255.099976,3839
6/2/2014,1243.699951,1250.699951,1240.900024,1250,774
6/3/2014,1244.300049,1247.5,1240.5,1244.099976,654
6/4/2014,1244,1248.800049,1242.699951,1245.099976,604
6/5/2014,1253,1256.599976,1241.199951,1244,1317
6/6/2014,1252.099976,1256.599976,1246.300049,1253.400024,381
6/9/2014,1253.5,1256.099976,1252.599976,1252.699951,97
6/10/2014,1259.800049,1262.300049,1251,1252.400024,1007
6/11/2014,1260.800049,1264.400024,1259.099976,1259.900024,128
6/12/2014,1273.599976,1274.5,1260,1260,129
6/13/2014,1273.699951,1274.699951,1271.300049,1272.5,145
6/16/2014,1274.900024,1282.099976,1270.800049,1279.800049,334
6/17/2014,1271.699951,1272.800049,1260.900024,1272.800049,819
6/18/2014,1272.400024,1272.699951,1267.400024,1269.900024,143
6/19/2014,1313.699951,1321,1277.199951,1277.199951,601
6/20/2014,1316.199951,1321.400024,1306.800049,1321.400024,254
6/23/2014,1318,1318,1312.300049,1312.300049,142
6/24/2014,1320.900024,1325.599976,1315.599976,1315.599976,223
6/25/2014,1322.199951,1323.400024,1312,1315.300049,294
6/26/2014,1316.099976,1319.599976,1312.400024,1319.599976,1204
6/27/2014,1319,1320.900024,1313.300049,1317.400024,625
6/30/2014,1321.800049,1328.699951,1311.800049,1315.300049,744
7/1/2014,1326.400024,1331.400024,1326.199951,1326.699951,51
7/2/2014,1330.699951,1330.699951,1326.800049,1326.800049,226
7/3/2014,1320.400024,1327.699951,1313,1327.300049,40
7/7/2014,1316.5,1320.300049,1313.199951,1318.699951,93
7/8/2014,1316,1323.5,1316,1318.400024,6
7/9/2014,1323.800049,1330.400024,1323.800049,1324,16
7/10/2014,1338.699951,1343.699951,1328,1330.5,28
7/11/2014,1337,1339,1336.199951,1337.900024,112
7/14/2014,1306.300049,1332.800049,1304.699951,1332.800049,103
7/15/2014,1296.900024,1311.900024,1294.099976,1307.400024,368
7/16/2014,1299.599976,1303.099976,1296.900024,1298.400024,34
7/17/2014,1316.699951,1323.800049,1303.099976,1303.099976,16
7/18/2014,1309.199951,1322.699951,1306.199951,1322.699951,27
7/21/2014,1313.699951,1315.5,1311,1311,18
7/22/2014,1306.099976,1306.099976,1306.099976,1306.099976,2
7/23/2014,1304.5,1304.5,1304.5,1304.5,0
7/24/2014,1290.599976,1297.5,1290.599976,1297.5,1
7/25/2014,1303.099976,1303.099976,1294.800049,1294.800049,8
7/28/2014,1303.300049,1308,1303.300049,1307.400024,52
7/29/2014,1298.300049,1310.900024,1298.300049,1310.900024,181554
7/30/2014,1294.900024,1303,1291,1298.599976,36189
7/31/2014,1281.300049,1297.300049,1280.599976,1295.099976,5663
8/1/2014,1293.599976,1296.599976,1279.699951,1284.099976,1985
8/4/2014,1287.699951,1295,1285.900024,1294.400024,917
8/5/2014,1284,1292.699951,1282.599976,1288,825
8/6/2014,1306.699951,1309,1287.800049,1288.099976,706
8/7/2014,1310.800049,1313.099976,1302.5,1305.300049,225
8/8/2014,1308.900024,1321.400024,1308,1310.800049,586
8/11/2014,1308.5,1309.699951,1305.300049,1308.400024,194
8/12/2014,1308.800049,1315.800049,1305.800049,1306.199951,438
8/13/2014,1312.800049,1312.800049,1305,1308.800049,238
8/14/2014,1313.900024,1316.400024,1309.699951,1311.800049,320
8/15/2014,1304.5,1312.800049,1292,1311.699951,199
8/18/2014,1297.699951,1302.099976,1295.699951,1301.400024,100
8/19/2014,1295.099976,1301.599976,1294,1298.800049,144
8/20/2014,1293.400024,1295.800049,1288.400024,1295.400024,332
8/21/2014,1273.699951,1290,1272,1290,264
8/22/2014,1278.599976,1280,1275,1276,119
8/25/2014,1277.300049,1277.599976,1273.699951,1277.300049,251
8/26/2014,1283.800049,1289.5,1281.099976,1289.400024,74
8/27/2014,1281.900024,1282.300049,1281.5,1281.5,783
8/28/2014,1288.699951,1293.699951,1284.300049,1284.5,817
8/29/2014,1285.800049,1289.699951,1284.800049,1289.5,116
9/2/2014,1263.699951,1286.400024,1262.5,1284.5,280
9/3/2014,1268.900024,1271.099976,1263.099976,1266.300049,279
9/4/2014,1265.099976,1272.699951,1260.400024,1268.699951,290
9/5/2014,1265.800049,1268.099976,1263.199951,1263.199951,123
9/8/2014,1252.699951,1268.400024,1252.699951,1268.400024,2
9/9/2014,1246.800049,1246.800049,1246.800049,1246.800049,0
9/10/2014,1243.5,1256.699951,1243.5,1256.699951,95
9/11/2014,1237.400024,1237.400024,1237.400024,1237.400024,0
9/12/2014,1229.900024,1229.900024,1227,1227,47
9/15/2014,1233.599976,1235,1226.699951,1226.699951,21
9/16/2014,1235.199951,1238.300049,1235.199951,1238.300049,3
9/17/2014,1234.400024,1236.199951,1221.900024,1236.199951,10
9/18/2014,1225.699951,1225.699951,1216.199951,1216.199951,5
9/19/2014,1215.300049,1218.300049,1215.300049,1218.300049,4
9/22/2014,1216.800049,1216.800049,1212.400024,1214.900024,7
9/23/2014,1221,1221,1221,1221,5
9/24/2014,1218.599976,1218.599976,1216.800049,1218.599976,2
9/25/2014,1221.199951,1221.199951,1209.5,1209.5,11
9/26/2014,1214.099976,1214.099976,1214.099976,1214.099976,19497
9/29/2014,1217.5,1222.199951,1214.800049,1216.300049,6344
9/30/2014,1210.5,1218.199951,1204,1214.800049,680
10/1/2014,1214.599976,1217.800049,1205.5,1207.699951,178
10/2/2014,1214.199951,1219.5,1210.300049,1215.300049,176
10/3/2014,1192.199951,1212.400024,1191,1212.400024,499
10/6/2014,1206.699951,1208,1182.800049,1187.699951,415
10/7/2014,1211.699951,1211.699951,1205.300049,1209.099976,272
10/8/2014,1205.300049,1217.900024,1205.300049,1210.199951,9
10/9/2014,1224.599976,1229,1223.900024,1223.900024,19
10/10/2014,1221,1223.5,1217,1223.5,186
10/13/2014,1229.300049,1234,1227,1229.800049,103
10/14/2014,1233.599976,1235.900024,1233.599976,1235.900024,73
10/15/2014,1244.099976,1247,1243.699951,1243.699951,250
10/16/2014,1240.5,1243,1236.699951,1242.099976,6
10/17/2014,1238.300049,1238.300049,1232.599976,1237.400024,356
10/20/2014,1244,1244,1235.400024,1237.300049,105
10/21/2014,1251,1251,1251,1251,48
10/22/2014,1244.800049,1244.800049,1244.800049,1244.800049,2
10/23/2014,1228.5,1228.5,1227.900024,1228,2
10/24/2014,1231.199951,1232.699951,1229.400024,1229.400024,71
10/27/2014,1229.099976,1230.199951,1227.300049,1230.199951,282
10/28/2014,1229.199951,1231,1224.699951,1224.900024,46
10/29/2014,1224.300049,1224.300049,1224.300049,1224.300049,631
10/30/2014,1198.099976,1214.699951,1195.800049,1213.699951,521
10/31/2014,1171.099976,1199.699951,1161.400024,1199.599976,260
11/3/2014,1169.400024,1172.300049,1163.099976,1166.400024,60
11/4/2014,1167.400024,1171,1165,1166.900024,40
11/5/2014,1145.400024,1168.699951,1137.800049,1168.099976,157
11/6/2014,1142.300049,1147.5,1137.900024,1141.099976,137
11/7/2014,1169.599976,1169.699951,1133,1139.900024,97
11/10/2014,1159.599976,1171,1150.699951,1171,40
11/11/2014,1162.800049,1170.5,1151.599976,1155,22
11/12/2014,1158.900024,1168.099976,1157.5,1162.5,17
11/13/2014,1161.099976,1164.5,1155,1163.699951,1047
11/14/2014,1185,1191,1148,1155.199951,486
11/17/2014,1183,1186.900024,1180.599976,1183.099976,17
11/18/2014,1196.699951,1197.099976,1193.900024,1197.099976,2
11/19/2014,1193.599976,1198.300049,1190.599976,1196.5,23
11/20/2014,1190.699951,1191.900024,1190.699951,1191.800049,3
11/21/2014,1197.5,1202.400024,1189,1191,20
11/24/2014,1195.5,1197.900024,1195.5,1197.699951,17
11/25/2014,1197.099976,1197.099976,1197.099976,1197.099976,210753
11/26/2014,1196.599976,1201,1193.699951,1200.5,75297
11/28/2014,1175.199951,1198.199951,1163.800049,1197,11175
12/1/2014,1218,1220.400024,1141.699951,1160,5524
12/2/2014,1199.199951,1212.300049,1191.300049,1212.300049,1236
12/3/2014,1208.5,1213.699951,1196.099976,1198.099976,440
12/4/2014,1207.5,1213,1201.599976,1208.199951,358
12/5/2014,1190.099976,1206,1186.699951,1203.099976,560
12/8/2014,1194.699951,1207,1187.199951,1190.599976,183
12/9/2014,1231.5,1238,1202,1202,314
12/10/2014,1228.900024,1234.599976,1226.599976,1231.199951,306
12/11/2014,1225.099976,1231.199951,1216.199951,1226.599976,264
12/12/2014,1222,1227.800049,1216.199951,1227.800049,203
12/15/2014,1207.199951,1223.099976,1198.400024,1223.099976,77
12/16/2014,1193.900024,1222,1192.699951,1197.199951,223
12/17/2014,1194.300049,1199.599976,1184,1198.199951,94
12/18/2014,1194.699951,1207.300049,1189.699951,1189.699951,197
12/19/2014,1195.900024,1200.800049,1195.900024,1198,96
12/22/2014,1179.699951,1198,1172.699951,1198,223
12/23/2014,1177.900024,1180.300049,1175,1179.300049,232
12/24/2014,1173.5,1179.300049,1173.5,1177,23
12/26/2014,1195.300049,1195.300049,1177.199951,1177.199951,124
12/29/2014,1181.699951,1186.5,1181.300049,1186.5,180
12/30/2014,1200.199951,1210.300049,1181.400024,1181.400024,191
12/31/2014,1183.900024,1199.199951,1182.699951,1199.199951,92
1/2/2015,1186,1194.5,1169.5,1184,138
1/5/2015,1203.900024,1206.900024,1180.099976,1180.300049,470
1/6/2015,1219.300049,1220,1203.5,1203.5,97
1/7/2015,1210.599976,1219.199951,1210.599976,1219.199951,29
1/8/2015,1208.400024,1215.699951,1206.300049,1207,92
1/9/2015,1216,1220.199951,1210.300049,1211.099976,43
1/12/2015,1232.699951,1234.400024,1219.099976,1224.199951,100
1/13/2015,1234.300049,1239.300049,1230.300049,1239.199951,20
1/14/2015,1234.400024,1243.800049,1225.599976,1229.599976,21
1/15/2015,1264.699951,1265,1227.300049,1231.5,130
1/16/2015,1276.900024,1279.699951,1256.099976,1256.099976,44
1/20/2015,1294.199951,1297.300049,1273.800049,1278.900024,157
1/21/2015,1293.699951,1303.5,1286.699951,1295.199951,78
1/22/2015,1300.699951,1302.099976,1283.5,1293.199951,131
1/23/2015,1292.599976,1299.800049,1292.599976,1299.800049,23
1/26/2015,1279.400024,1290.599976,1279.400024,1289.5,26
1/27/2015,1291.699951,1291.699951,1277.199951,1277.199951,20
1/28/2015,1285.900024,1286.800049,1285.900024,1285.900024,180387
1/29/2015,1254.599976,1285.400024,1251,1283.300049,67983
1/30/2015,1278.5,1284.300049,1257,1258,8626
2/2/2015,1276.199951,1284.099976,1266,1284.099976,1654
2/3/2015,1259.699951,1284.699951,1255.300049,1273.5,2380
2/4/2015,1263.800049,1271.599976,1256.800049,1262,668
2/5/2015,1262,1272.599976,1257.800049,1271.800049,133
2/6/2015,1233.900024,1267.599976,1228,1265,432
2/9/2015,1240.800049,1242.300049,1235.400024,1237.5,319
2/10/2015,1231.599976,1245,1231.199951,1237.5,231
2/11/2015,1219,1237.400024,1219,1233.300049,102
2/12/2015,1220.099976,1229.800049,1217.900024,1217.900024,99
2/13/2015,1226.5,1232.800049,1222.199951,1222.199951,65
2/17/2015,1208.099976,1234,1203,1227.699951,204
2/18/2015,1199.699951,1210.199951,1197.800049,1207.099976,147
2/19/2015,1207.099976,1220,1205,1216.5,65
2/20/2015,1204.400024,1213.099976,1199.099976,1206.5,51
2/23/2015,1200.300049,1203.300049,1191.599976,1201.300049,268
2/24/2015,1196.900024,1203.5,1193.800049,1203.400024,151
2/25/2015,1201,1204.599976,1201,1204.300049,570
2/26/2015,1209.599976,1219,1204.800049,1204.800049,560
2/27/2015,1212.599976,1217.800049,1204.5,1207.699951,195
3/2/2015,1207.699951,1222.699951,1204.900024,1214.300049,124
3/3/2015,1204,1212,1195,1201.5,51
3/4/2015,1200.599976,1206.900024,1198,1204.800049,27
3/5/2015,1195.900024,1205.400024,1195.900024,1201.699951,29
3/6/2015,1164.099976,1195.699951,1163.699951,1195,168
3/9/2015,1166.400024,1174.199951,1166.300049,1169.400024,45
3/10/2015,1160.099976,1168.400024,1156.5,1166.400024,94
3/11/2015,1150.699951,1162,1147.699951,1162,74
3/12/2015,1152.099976,1160.5,1149.699951,1155.400024,63
3/13/2015,1152.599976,1159.199951,1152.599976,1158.199951,44
3/16/2015,1153.300049,1162.300049,1150.099976,1159.699951,56
3/17/2015,1148.300049,1158.199951,1144.300049,1153.599976,71
3/18/2015,1151.400024,1174.300049,1147,1148.699951,112
3/19/2015,1169.099976,1171.599976,1159.300049,1171.599976,39
3/20/2015,1184.800049,1185.400024,1171,1171,54
3/23/2015,1188,1188,1181.199951,1181.599976,5
3/24/2015,1191.699951,1193,1186,1188,411
3/25/2015,1197.300049,1199.199951,1192.5,1192.5,11
3/26/2015,1205.099976,1213.699951,1198.199951,1198.199951,68
3/27/2015,1199.800049,1199.800049,1196.300049,1197,172260
3/30/2015,1184.800049,1198.5,1181.599976,1198,37990
3/31/2015,1183.099976,1190.099976,1178.199951,1185.800049,3409
4/1/2015,1208.099976,1208.199951,1181,1182.900024,1632
4/2/2015,1200.900024,1205.699951,1194.800049,1204,1684
4/6/2015,1218.599976,1224.199951,1209.900024,1209.900024,343
4/7/2015,1210.599976,1214.800049,1208.199951,1214.800049,406
4/8/2015,1203.099976,1211.400024,1197.599976,1208.900024,236
4/9/2015,1193.599976,1202.5,1193,1201.699951,521
4/10/2015,1204.599976,1209.599976,1195.800049,1195.800049,202
4/13/2015,1199.300049,1208.099976,1198.300049,1208.099976,424
4/14/2015,1192.800049,1200.599976,1184.099976,1198.800049,546
4/15/2015,1201.5,1203.099976,1188.599976,1194.599976,196
4/16/2015,1198,1208.5,1194.599976,1204.300049,199
4/17/2015,1202.900024,1206,1200.199951,1200.199951,21
4/20/2015,1193.5,1206.900024,1191,1205.699951,67
4/21/2015,1202.900024,1202.900024,1192.800049,1193.199951,33
4/22/2015,1186.900024,1202.599976,1185.199951,1199.099976,93
4/23/2015,1194.400024,1197,1186.099976,1187.199951,331
4/24/2015,1175.199951,1194.699951,1174.599976,1192.300049,52
4/27/2015,1203.300049,1206.699951,1181.400024,1182.300049,194
4/28/2015,1214,1214,1199.699951,1199.699951,401
4/29/2015,1209.800049,1212.599976,1201.900024,1211.199951,114
4/30/2015,1182.400024,1205.900024,1176.699951,1203.099976,143
5/1/2015,1174.5,1178.099976,1170,1178.099976,23
5/4/2015,1186.800049,1189.400024,1177.5,1177.5,38
5/5/2015,1193.199951,1198.699951,1186.900024,1187.5,48
5/6/2015,1190.300049,1194.599976,1189.900024,1194.5,14
5/7/2015,1182.400024,1186,1179.699951,1181.5,44
5/8/2015,1189.099976,1189.099976,1182.900024,1183.300049,51
5/11/2015,1183.199951,1190.5,1179.300049,1189.699951,26
5/12/2015,1192.599976,1194.800049,1189.699951,1194.599976,10
5/13/2015,1218.400024,1218.400024,1191,1192.699951,34
5/14/2015,1225.400024,1225.599976,1214.5,1214.5,35
5/15/2015,1225.5,1225.5,1214.800049,1218.5,12
5/18/2015,1227.800049,1228.099976,1222.599976,1224.5,8
5/19/2015,1206.900024,1223.900024,1206,1223.900024,9
5/20/2015,1208.900024,1210.800049,1205.099976,1205.099976,11
5/21/2015,1204.400024,1204.5,1203.699951,1204.5,43
5/22/2015,1204.300049,1211.900024,1204.300049,1211.599976,8
5/26/2015,1187.199951,1193.599976,1186,1193.599976,40
5/27/2015,1185.900024,1185.900024,1185.900024,1185.900024,200216
5/28/2015,1188.099976,1192,1179.599976,1187.099976,52705
5/29/2015,1189.400024,1193.300049,1185.699951,1187.800049,4748
6/1/2015,1188.300049,1204,1184.300049,1190.599976,1236
6/2/2015,1194.099976,1194.300049,1186,1189,1003
6/3/2015,1184.699951,1193.900024,1179.099976,1193.900024,630
6/4/2015,1174.900024,1185.300049,1173,1184.900024,447
6/5/2015,1167.800049,1177.300049,1164,1176.400024,390
6/8/2015,1173.199951,1176.099976,1169.099976,1169.5,173
6/9/2015,1177.300049,1180.300049,1172.699951,1172.900024,144
6/10/2015,1186.099976,1190.099976,1175.599976,1176.099976,295
6/11/2015,1179.900024,1183.199951,1174.400024,1183.199951,69
6/12/2015,1178.800049,1181.199951,1176.199951,1180.400024,141
6/15/2015,1185.300049,1188.5,1172.699951,1179.900024,102
6/16/2015,1180.5,1186.5,1175.900024,1186.5,29
6/17/2015,1176.400024,1186.300049,1174.900024,1177.599976,168
6/18/2015,1201.5,1202,1183.400024,1183.400024,130
6/19/2015,1201.5,1203.099976,1199.699951,1199.699951,142
6/22/2015,1183.699951,1197.800049,1182.699951,1197.800049,30
6/23/2015,1176.199951,1186,1176.199951,1183.800049,60
6/24/2015,1172.599976,1176.599976,1170.699951,1176.599976,263
6/25/2015,1171.5,1175.900024,1171.5,1175.800049,95
6/26/2015,1172.900024,1172.900024,1170.5,1170.5,308
6/29/2015,1178.5,1186,1173.800049,1185.099976,174
6/30/2015,1171.5,1176.400024,1166.599976,1176.300049,223
7/1/2015,1169,1173.099976,1166.599976,1173.099976,455
7/2/2015,1163,1168.099976,1155.5,1166.400024,316
7/6/2015,1172.900024,1173,1162.199951,1171.099976,634
7/7/2015,1152.400024,1166.800049,1149.5,1166.800049,469
7/8/2015,1163.300049,1163.300049,1146.400024,1152.599976,65
7/9/2015,1159,1163.599976,1154.800049,1154.800049,65
7/10/2015,1157.699951,1161.400024,1157.5,1160.099976,27
7/13/2015,1155.199951,1159,1151.199951,1159,14
7/14/2015,1153.300049,1157.199951,1153,1157.199951,39
7/15/2015,1147.199951,1154,1144.800049,1154,15
7/16/2015,1143.800049,1146.199951,1142.900024,1146.199951,14
7/17/2015,1131.800049,1144,1130.199951,1144,120
7/20/2015,1106.699951,1130.699951,1095.099976,1130.400024,189
7/21/2015,1103.400024,1106.400024,1097.099976,1097.099976,118
7/22/2015,1091.400024,1095,1086,1093,46
7/23/2015,1094,1097.599976,1087.800049,1097.400024,64
7/24/2015,1085.599976,1100.699951,1078.599976,1078.599976,52
7/27/2015,1096.5,1102.5,1093.900024,1100,19
7/28/2015,1096.300049,1097.699951,1096.300049,1097.199951,31
7/29/2015,1092.699951,1096.900024,1092.699951,1096.400024,159142
7/30/2015,1088.400024,1097.5,1081,1096.099976,49298
7/31/2015,1094.900024,1102.800049,1079.099976,1087.699951,5700
8/3/2015,1089.400024,1097.099976,1085,1095.5,2418
8/4/2015,1090.699951,1093.900024,1080.5,1085.099976,1139
8/5/2015,1085.699951,1090.599976,1082.5,1086.5,1207
8/6/2015,1090.199951,1092.199951,1083.599976,1084.400024,269
8/7/2015,1094.099976,1098.300049,1081.699951,1088.900024,614
8/10/2015,1104.199951,1107.599976,1089.5,1093.199951,900
8/11/2015,1107.599976,1116.699951,1094,1103.800049,997
8/12/2015,1123.199951,1124.5,1101.5,1106,797
8/13/2015,1115.699951,1124.300049,1113,1124.300049,441
8/14/2015,1112.900024,1118.800049,1112.5,1113.900024,908
8/17/2015,1118.599976,1122,1113.800049,1113.800049,399
8/18/2015,1117.099976,1118.400024,1110,1118.199951,475
8/19/2015,1128.099976,1134.300049,1116.800049,1117,348
8/20/2015,1153,1153.300049,1132.800049,1132.800049,409
8/21/2015,1159.599976,1166.5,1150.5,1154.099976,261
8/24/2015,1153.400024,1169,1147.5,1164,299
8/25/2015,1138.199951,1155.5,1134,1151.5,217
8/26/2015,1124.599976,1143,1119.599976,1139.199951,116
8/27/2015,1122.400024,1127.400024,1118.400024,1127.199951,564
8/28/2015,1133.099976,1139,1123.599976,1125.300049,279
8/31/2015,1131.599976,1134,1124.800049,1131.099976,194
9/1/2015,1138.699951,1144.699951,1133.5,1133.5,375
9/2/2015,1132.5,1140.400024,1130.800049,1137.300049,201
9/3/2015,1123.699951,1132.900024,1120.300049,1130.300049,122
9/4/2015,1120.599976,1125.199951,1116.199951,1123.400024,51
9/8/2015,1120.400024,1124.300049,1116.400024,1119.800049,138
9/9/2015,1102.199951,1123.5,1102.099976,1123.5,150
9/10/2015,1109.5,1113.5,1105.5,1107.300049,56
9/11/2015,1103.5,1111.699951,1098.199951,1110.800049,81
9/14/2015,1107.699951,1108.599976,1104.099976,1107.800049,19
9/15/2015,1102.800049,1104.5,1102.800049,1104.5,8
9/16/2015,1119.199951,1119.900024,1109.800049,1109.800049,31
9/17/2015,1117.300049,1130.5,1117.099976,1118.599976,14
9/18/2015,1138.099976,1141.199951,1127.800049,1128.300049,59
9/21/2015,1133.099976,1138.5,1130.800049,1137.599976,17
9/22/2015,1125,1135,1122.5,1132.599976,43
9/23/2015,1131.599976,1132.199951,1128.300049,1128.599976,33
9/24/2015,1153.800049,1155.900024,1133,1133,37
9/25/2015,1146,1149.800049,1143.400024,1149.800049,56
9/28/2015,1132,1133.199951,1132,1133.199951,4346
9/29/2015,1127.099976,1134.400024,1124.300049,1132.199951,2417
9/30/2015,1115.5,1126,1112.099976,1124.300049,865
10/1/2015,1114.199951,1119,1113.300049,1115.199951,1181
10/2/2015,1137.099976,1141.199951,1105.800049,1112.199951,323
10/5/2015,1138.099976,1141.699951,1132.5,1137.099976,226
10/6/2015,1146.800049,1150,1136.300049,1136.300049,145
10/7/2015,1149,1152.900024,1143,1147.599976,104
10/8/2015,1144.699951,1146.699951,1138.699951,1142.699951,138
10/9/2015,1156.300049,1157.199951,1151.599976,1151.599976,22
10/12/2015,1164.900024,1166.800049,1155.900024,1155.900024,40
10/13/2015,1165.800049,1166.199951,1154.900024,1163.5,132
10/14/2015,1180.099976,1189,1167.300049,1172.400024,143
10/15/2015,1187.900024,1188.300049,1177.800049,1184.199951,143
10/16/2015,1183.599976,1184.099976,1176.199951,1182.5,243
10/19/2015,1173.300049,1177.800049,1169.300049,1176.5,62
10/20/2015,1178,1179.099976,1168.699951,1168.699951,19
10/21/2015,1167.599976,1176.400024,1164.900024,1175.900024,41
10/22/2015,1166.599976,1168.599976,1163.5,1166.199951,48
10/23/2015,1163.300049,1178.699951,1163.300049,1166.199951,38
10/26/2015,1167,1170,1163.800049,1165.099976,176
10/27/2015,1166.800049,1166.800049,1162,1164.5,302
10/28/2015,1177.099976,1182.699951,1175.099976,1175.099976,217
10/29/2015,1147.199951,1162,1144.900024,1158,329
10/30/2015,1141.5,1147.599976,1139.199951,1147.5,249
11/2/2015,1135.800049,1138.699951,1132.599976,1137.900024,180
11/3/2015,1114.199951,1134.699951,1114.199951,1133.300049,185
11/4/2015,1106.5,1121.900024,1106.5,1119,141
11/5/2015,1104.400024,1110.699951,1104.400024,1107.900024,84
11/6/2015,1087.599976,1109.5,1084.800049,1105.199951,78
11/9/2015,1087.900024,1088.599976,1087.900024,1088.599976,5
11/10/2015,1088.199951,1091.300049,1085,1090.099976,18
11/11/2015,1084.699951,1091.400024,1084.199951,1091.400024,15
11/12/2015,1080.800049,1086.599976,1080.800049,1086,4
11/13/2015,1080.800049,1085.900024,1080.800049,1083.099976,23
11/16/2015,1083.699951,1092.400024,1083.699951,1092,11
11/17/2015,1068.699951,1075.800049,1065.099976,1075.5,6
11/18/2015,1068.800049,1071.900024,1064,1064,5
11/19/2015,1078,1082.400024,1077.400024,1077.400024,10
11/20/2015,1076.400024,1082.900024,1076.400024,1082.900024,5
11/23/2015,1066.800049,1071.5,1066.800049,1070,57
11/24/2015,1074.300049,1079.400024,1073.199951,1073.199951,222
11/25/2015,1070.5,1072,1068.5,1070.199951,148662
11/27/2015,1056.199951,1074.199951,1051.099976,1070.699951,52133
11/30/2015,1065.800049,1068.400024,1052.099976,1056.5,4601
12/1/2015,1063.800049,1074.599976,1063.400024,1064.599976,3441
12/2/2015,1054.199951,1069.5,1049.599976,1068.699951,503
12/3/2015,1061.699951,1064.599976,1046.199951,1054.400024,1161
12/4/2015,1084.5,1088.800049,1058.699951,1063,889
12/7/2015,1076.400024,1086.5,1067.400024,1084.900024,656
12/8/2015,1076.300049,1078.400024,1069.599976,1071,306
12/9/2015,1077.599976,1086,1070.599976,1075.099976,386
12/10/2015,1073.099976,1076.300049,1071.699951,1073,226
12/11/2015,1076.900024,1079.400024,1064.400024,1067.800049,410
12/14/2015,1064.699951,1076.699951,1060,1074,509
12/15/2015,1062.900024,1066.199951,1061.800049,1064.599976,220
12/16/2015,1078,1078.699951,1064.300049,1064.800049,81
12/17/2015,1050.800049,1072.599976,1050.5,1072.599976,56
12/18/2015,1066.199951,1070.300049,1052.699951,1053.699951,253
12/21/2015,1081.900024,1081.900024,1070.199951,1070.199951,26
12/22/2015,1074.800049,1078.599976,1073.800049,1078.599976,106
12/23/2015,1069.400024,1074.800049,1069.400024,1074.5,202
12/24/2015,1077.199951,1077.800049,1073.5,1074.300049,24
12/28/2015,1070.5,1098.800049,1070.5,1077.900024,361
12/29/2015,1077.5,1079.699951,1077.5,1079.099976,252
12/30/2015,1060.099976,1070.199951,1059.699951,1068.599976,71
12/31/2015,1060.300049,1062,1058.5,1061.900024,10
1/4/2016,1075.099976,1082.5,1063.199951,1063.400024,143
1/5/2016,1078.400024,1081.5,1075.300049,1075.599976,82
1/6/2016,1091.900024,1093.699951,1081.599976,1081.599976,52
1/7/2016,1107.699951,1109.400024,1091.599976,1091.599976,122
1/8/2016,1097.800049,1111.099976,1093,1111.099976,98
1/11/2016,1096.5,1107.900024,1096.5,1105.699951,43
1/12/2016,1085.599976,1098.5,1084,1093.800049,87
1/13/2016,1087.5,1093.900024,1081.5,1081.5,50
1/14/2016,1073.900024,1091.5,1073.699951,1091.5,59
1/15/2016,1091.5,1095.800049,1081.800049,1085,44
1/19/2016,1089.900024,1094.400024,1084.900024,1089.800049,17
1/20/2016,1107.099976,1109.800049,1099.800049,1099.800049,30
1/21/2016,1099.099976,1103.599976,1094.099976,1103.599976,16
1/22/2016,1097.199951,1103.199951,1097.199951,1098,4
1/25/2016,1106.199951,1109.300049,1099.300049,1099.300049,8
1/26/2016,1121.699951,1121.699951,1114.300049,1115.099976,181
1/27/2016,1116.099976,1117.800049,1115.800049,1117.800049,168706
1/28/2016,1115.599976,1125.699951,1109.800049,1125.400024,52861
1/29/2016,1116.400024,1118.599976,1108.800049,1114.400024,6955
2/1/2016,1127.900024,1130,1115.300049,1116.699951,1682
2/2/2016,1127.300049,1131.400024,1123,1128.300049,1230
2/3/2016,1141.300049,1146,1125,1128.5,1630
2/4/2016,1157.599976,1157.599976,1141,1142.5,771
2/5/2016,1157.800049,1174.800049,1146,1155.599976,877
2/8/2016,1197.900024,1200.400024,1165,1173.5,931
2/9/2016,1198.699951,1199.199951,1186.699951,1188.699951,700
2/10/2016,1194.699951,1197.699951,1182.099976,1189.800049,671
2/11/2016,1247.900024,1260.800049,1204.599976,1205.599976,995
2/12/2016,1239.099976,1247.800049,1233.5,1247.800049,250
2/16/2016,1207.900024,1233.599976,1193.599976,1233.099976,422
2/17/2016,1211.099976,1212.900024,1196.5,1196.5,53
2/18/2016,1226.099976,1239.199951,1201.599976,1209.599976,315
2/19/2016,1230.400024,1232.800049,1221.800049,1230.800049,76
2/22/2016,1209.5,1226.099976,1203,1226.099976,280
2/23/2016,1222.300049,1226.099976,1207.400024,1207.400024,351
2/24/2016,1238.699951,1250.099976,1230,1230,111
2/25/2016,1238.199951,1241.5,1235,1239.400024,1349
2/26/2016,1219.800049,1239.099976,1212.199951,1232.400024,656
2/29/2016,1233.900024,1241,1218.599976,1218.599976,580
3/1/2016,1230.300049,1248.400024,1229,1240.5,477
3/2/2016,1241.099976,1242.599976,1226,1232.800049,267
3/3/2016,1257.400024,1267.900024,1238,1238.400024,123
3/4/2016,1269.900024,1279.900024,1250.900024,1263,268
3/7/2016,1263.199951,1272.300049,1259.699951,1259.800049,67
3/8/2016,1262.099976,1276.300049,1261,1268.699951,43
3/9/2016,1256.599976,1260,1244.800049,1254.5,79
3/10/2016,1272,1273,1237.5,1250,119
3/11/2016,1258.699951,1280.699951,1249.400024,1270,87
3/14/2016,1244.400024,1258,1234.5,1256,58
3/15/2016,1230.400024,1236,1228,1228.300049,37
3/16/2016,1229.300049,1263.800049,1228.900024,1229.5,45
3/17/2016,1264.5,1270.099976,1255.900024,1261.5,27
3/18/2016,1253.800049,1264.400024,1251.5,1257.099976,542
3/21/2016,1243.800049,1256.199951,1243.400024,1256.199951,1061
3/22/2016,1248.199951,1252.400024,1243.800049,1244,20
3/23/2016,1223.699951,1247.699951,1218.599976,1247.699951,28
3/24/2016,1221.400024,1221.400024,1214.199951,1214.199951,13
3/28/2016,1219.900024,1222.199951,1210,1211.5,33
3/29/2016,1235.599976,1235.599976,1217.699951,1217.800049,189732
3/30/2016,1226.900024,1245,1223.400024,1241.400024,48248
3/31/2016,1234.199951,1239.599976,1224.5,1225.599976,3377
4/1/2016,1222.199951,1235.199951,1209.199951,1232.300049,1602
4/4/2016,1218,1222.300049,1215,1221.699951,2038
4/5/2016,1228.400024,1236.699951,1215.400024,1215.400024,477
4/6/2016,1222.5,1230.400024,1217.599976,1230.400024,248
4/7/2016,1236.199951,1242.900024,1224.599976,1224.800049,375
4/8/2016,1242.5,1242.800049,1232,1241,409
4/11/2016,1256.699951,1258.699951,1241.5,1241.5,437
4/12/2016,1259.400024,1261.699951,1253.699951,1260,185
4/13/2016,1246.800049,1256.900024,1241.300049,1256.5,203
4/14/2016,1225,1243.699951,1224.5,1231.400024,264
4/15/2016,1233.099976,1235,1225.699951,1225.699951,97
4/18/2016,1233.599976,1241.099976,1232.199951,1238.699951,304
4/19/2016,1253,1256.199951,1228.800049,1231.599976,386
4/20/2016,1253.199951,1256.099976,1243,1256.099976,180
4/21/2016,1249,1270.599976,1247.599976,1247.699951,124
4/22/2016,1228.699951,1248.5,1228,1248.5,188
4/25/2016,1238.900024,1240.900024,1231.599976,1231.599976,442
4/26/2016,1242.199951,1244.199951,1233,1239.800049,97
4/27/2016,1249.199951,1249.5,1248.599976,1248.599976,547
4/28/2016,1265.5,1270.099976,1238.5,1245.900024,887
4/29/2016,1289.199951,1295.5,1267.199951,1267.300049,464
5/2/2016,1294.699951,1304.400024,1290.400024,1292.099976,192
5/3/2016,1290.699951,1301.5,1284.5,1292.699951,151
5/4/2016,1273.300049,1290,1273,1286.900024,109
5/5/2016,1271.400024,1286,1270.800049,1282.900024,330
5/6/2016,1292.900024,1295.599976,1276.900024,1278.599976,305
5/9/2016,1265.599976,1286.5,1262.300049,1286.5,341
5/10/2016,1263.900024,1267.400024,1258.699951,1265.099976,23
5/11/2016,1274.599976,1279.199951,1266.900024,1266.900024,50
5/12/2016,1270.300049,1281.199951,1264,1267,101
5/13/2016,1271.900024,1275.699951,1264.599976,1271.400024,66
5/16/2016,1273.400024,1287.800049,1272.800049,1272.800049,44
5/17/2016,1276.199951,1281.599976,1270.800049,1272.5,16
5/18/2016,1273.699951,1276.400024,1256.800049,1276.400024,17
5/19/2016,1254.199951,1255.5,1247.5,1248,69
5/20/2016,1252.400024,1256.599976,1252.400024,1256.599976,44
5/23/2016,1251.099976,1251.599976,1247.5,1251.599976,56
5/24/2016,1228.900024,1240,1228.199951,1240,20
5/25/2016,1223.5,1223.5,1218.599976,1219.300049,5
5/26/2016,1220.099976,1232.599976,1220.099976,1232.599976,199778
5/27/2016,1213.800049,1223.199951,1206.400024,1220.300049,63739
5/31/2016,1214.800049,1217.599976,1199,1212.5,6432
6/1/2016,1211.900024,1219.800049,1205.400024,1215.699951,2717
6/2/2016,1209.800049,1217,1209.599976,1212.400024,1627
6/3/2016,1240.099976,1244.5,1206.400024,1209.099976,1622
6/6/2016,1244.599976,1247.300049,1240,1244.400024,1135
6/7/2016,1244.400024,1244.900024,1236.5,1244,281
6/8/2016,1259.800049,1264,1247.300049,1247.599976,406
6/9/2016,1270.199951,1271.400024,1258.099976,1262.5,381
6/10/2016,1273.400024,1278,1265.300049,1267.599976,397
6/13/2016,1284.400024,1287.300049,1273,1276.199951,328
6/14/2016,1285.599976,1289.699951,1277.800049,1281.800049,554
6/15/2016,1285.800049,1296.199951,1278.800049,1284.599976,162
6/16/2016,1296.099976,1316.400024,1281.099976,1296.300049,251
6/17/2016,1292.5,1300.099976,1280.300049,1280.300049,129
6/20/2016,1290,1291.199951,1280.300049,1288.900024,153
6/21/2016,1270.5,1293.900024,1266.300049,1293.900024,134
6/22/2016,1268,1269.199951,1264.900024,1267,53
6/23/2016,1261.199951,1270.5,1255.199951,1263.400024,218
6/24/2016,1320,1355.599976,1253.699951,1253.699951,694
6/27/2016,1322.5,1331.699951,1320,1330,92
6/28/2016,1315.300049,1315.599976,1314.099976,1314.800049,1072
6/29/2016,1323.900024,1327.400024,1311.599976,1311.599976,414
6/30/2016,1318.400024,1323.5,1314.5,1315.800049,560
7/1/2016,1336.699951,1344.199951,1321.900024,1324.5,137
7/5/2016,1356.400024,1356.800049,1339.699951,1342.199951,90
7/6/2016,1364.900024,1374.900024,1359,1359,130
7/7/2016,1360.099976,1368.599976,1350.5,1366.800049,207
7/8/2016,1356.599976,1365.800049,1335,1361.300049,249
7/11/2016,1355,1371.800049,1353,1371.699951,26
7/12/2016,1334.099976,1356,1330.300049,1353.599976,252
7/13/2016,1342.400024,1342.400024,1336.699951,1341.5,7
7/14/2016,1331.300049,1341.400024,1322.699951,1341.400024,20
7/15/2016,1326.5,1333.699951,1322.900024,1333.699951,52
7/18/2016,1328.400024,1335,1326.199951,1327.5,54
7/19/2016,1331.5,1333.199951,1326.400024,1328.5,322
7/20/2016,1318.800049,1337.5,1315.5,1331,751
7/21/2016,1330.5,1330.5,1312.800049,1312.800049,318
7/22/2016,1323.099976,1330.699951,1320.400024,1330.699951,55
7/25/2016,1319.300049,1319.300049,1313.800049,1315.699951,548
7/26/2016,1320.699951,1320.699951,1315.199951,1315.199951,63
7/27/2016,1326.599976,1326.599976,1326,1326,215388
7/28/2016,1332.300049,1344.300049,1330.099976,1339.5,56908
7/29/2016,1349,1353.300049,1325.800049,1333.199951,6076
8/1/2016,1351.400024,1353.5,1345.599976,1348.800049,1257
8/2/2016,1364.400024,1366,1346.599976,1352.099976,2941
8/3/2016,1356.099976,1364.699951,1353.300049,1362.400024,715
8/4/2016,1358.800049,1361.599976,1347,1354.400024,381
8/5/2016,1336.400024,1360.800049,1333.699951,1357.599976,1107
8/8/2016,1333.400024,1335.400024,1327.800049,1330,587
8/9/2016,1339,1339.400024,1328.5,1331.800049,620
8/10/2016,1344.300049,1354.199951,1344.300049,1344.800049,110
8/11/2016,1342.5,1350.400024,1334.800049,1341.599976,666
8/12/2016,1335.800049,1351.800049,1333.199951,1336.800049,113
8/15/2016,1340.300049,1340.599976,1333.599976,1336.5,62
8/16/2016,1350.5,1355,1341,1342.199951,338
8/17/2016,1342.699951,1347.300049,1338.599976,1345.5,135
8/18/2016,1351.199951,1354.400024,1348.199951,1351.300049,140
8/19/2016,1340.400024,1350.099976,1338.599976,1350.099976,197
8/22/2016,1337.699951,1337.699951,1333.300049,1334.400024,117
8/23/2016,1340.599976,1341.199951,1334.300049,1337,551
8/24/2016,1324.400024,1337.199951,1322.900024,1337.199951,262
8/25/2016,1320.099976,1324,1317,1321.400024,58
8/26/2016,1321.5,1340.5,1320.099976,1323.800049,141
8/29/2016,1322.900024,1323,1315,1315,437
8/30/2016,1311.699951,1322.099976,1308,1322,705
8/31/2016,1306.900024,1313.699951,1306.300049,1310.300049,214
9/1/2016,1312.199951,1313.099976,1301.5,1305.300049,225
9/2/2016,1322.099976,1326.699951,1309.199951,1309.599976,55
9/6/2016,1349.400024,1349.400024,1323.199951,1323.300049,46
9/7/2016,1344.300049,1350.5,1343.900024,1348.400024,14
9/8/2016,1336.800049,1345.400024,1335.699951,1344.800049,30
9/9/2016,1330.099976,1338.5,1328,1338.5,35
9/12/2016,1321,1329.300049,1319.900024,1327,177
9/13/2016,1319,1324.599976,1315,1324.599976,79
9/14/2016,1321.5,1322.300049,1319.199951,1319.199951,73
9/15/2016,1313.5,1320.699951,1310.800049,1320.699951,37
9/16/2016,1305.800049,1312.599976,1305.800049,1312.199951,4
9/19/2016,1313.5,1313.5,1313.5,1313.5,20
9/20/2016,1313.699951,1313.699951,1313.699951,1313.699951,97
9/21/2016,1326.900024,1326.900024,1324,1326.300049,76
9/22/2016,1340.400024,1340.400024,1338.199951,1338.599976,23
9/23/2016,1337.199951,1337.199951,1337.199951,1337.199951,40
9/26/2016,1339.699951,1341.800049,1335.199951,1335.199951,24
9/27/2016,1325.900024,1328.699951,1325.900024,1328,48
9/28/2016,1319.400024,1319.400024,1319.400024,1319.400024,10551
9/29/2016,1321.699951,1325,1314.699951,1321.199951,6108
9/30/2016,1313.300049,1327.699951,1312.900024,1320.599976,868
10/3/2016,1309,1316.800049,1308.199951,1313.5,299
10/4/2016,1266.300049,1310.199951,1266.300049,1307.599976,1893
10/5/2016,1265.199951,1274,1261.300049,1272.099976,246
10/6/2016,1249.800049,1265.300049,1249.800049,1265.300049,114
10/7/2016,1248.900024,1263.599976,1248.900024,1253.900024,169
10/11/2016,1253,1258.900024,1253,1258.900024,26
10/12/2016,1251.099976,1254,1251.099976,1251.699951,127
10/13/2016,1255,1259,1255,1258.699951,315
10/14/2016,1253.099976,1253.900024,1250.599976,1253.900024,311
10/17/2016,1254.400024,1255,1249.900024,1249.900024,41
10/18/2016,1260.800049,1261.699951,1260.800049,1260.900024,11
10/19/2016,1267.900024,1271.5,1262.900024,1262.900024,219
10/20/2016,1265.599976,1270.5,1265.5,1270,415
10/21/2016,1265.900024,1265.900024,1265.900024,1265.900024,224
10/24/2016,1262,1269.199951,1261.800049,1269.199951,42
10/25/2016,1271.900024,1274.099976,1264.099976,1264.099976,61
10/26/2016,1264.800049,1274,1264.800049,1274,279
10/27/2016,1267.900024,1269.400024,1267.900024,1269.400024,338
10/28/2016,1275.5,1281.5,1262,1270.300049,560
10/31/2016,1271.5,1276.599976,1271.5,1276.599976,58
11/1/2016,1286.400024,1290.699951,1279,1279.300049,49
11/2/2016,1306.800049,1307,1288.300049,1288.300049,30
11/3/2016,1302.099976,1303.099976,1287.300049,1296.400024,73
11/4/2016,1303.300049,1303.300049,1296.699951,1300,11
11/7/2016,1278.300049,1294.5,1278.300049,1292,34
11/8/2016,1273.400024,1289.400024,1273.199951,1284.099976,50
11/9/2016,1272.599976,1318.599976,1270,1272.199951,108
11/10/2016,1265.5,1287.5,1253.300049,1274.400024,63
11/14/2016,1221.199951,1229.5,1210.400024,1227.800049,216
11/15/2016,1224,1226,1222.5,1224.300049,20
11/16/2016,1223.400024,1229.300049,1223,1229.300049,66
11/17/2016,1216.5,1225,1211,1224.599976,1139
11/18/2016,1208.5,1211.900024,1207.199951,1211.900024,607
11/21/2016,1209.599976,1209.599976,1209.599976,1209.599976,19
11/22/2016,1211,1211.099976,1207.599976,1210.400024,19
11/23/2016,1189.099976,1213.800049,1186.800049,1212.800049,309
11/25/2016,1178.199951,1189.300049,1177,1177,14
11/28/2016,1190.599976,1190.599976,1188,1188,189914
11/29/2016,1187.900024,1194.800049,1179.400024,1193.199951,42124
11/30/2016,1170.800049,1193.300049,1167.900024,1187.099976,7158
12/1/2016,1166.900024,1174.599976,1160,1172.699951,1588
12/2/2016,1175.099976,1177.300049,1166.400024,1172.300049,1521
12/5/2016,1174,1186.699951,1157,1181.800049,358
12/6/2016,1167.599976,1174.5,1167.099976,1170.900024,652
12/7/2016,1175,1178.5,1166.400024,1167.699951,182
12/8/2016,1169.800049,1177.800049,1169.099976,1173.800049,322
12/9/2016,1159.400024,1168.800049,1156,1166.599976,365
12/12/2016,1163.5,1163.900024,1153,1158.300049,331
12/13/2016,1156.699951,1164,1155.400024,1163.5,637
12/14/2016,1161.300049,1164,1142,1159.800049,487
12/15/2016,1127.800049,1143.300049,1123.900024,1139.800049,244
12/16/2016,1135.300049,1140.900024,1126.900024,1126.900024,146
12/19/2016,1140.5,1140.699951,1137.900024,1139.400024,249
12/20/2016,1131.5,1133.5,1126.5,1133.5,46
12/21/2016,1131.099976,1136.099976,1130,1136.099976,50
12/22/2016,1128.800049,1132.800049,1128.300049,1131.199951,104
12/23/2016,1131.900024,1132.800049,1130.300049,1130.900024,70
12/27/2016,1137.300049,1142.199951,1134.300049,1134.300049,84
12/28/2016,1139.400024,1141.199951,1138,1141.199951,1570
12/29/2016,1156.400024,1158.800049,1143.599976,1143.800049,950
12/30/2016,1150,1162,1150,1162,16
1/3/2017,1160.400024,1160.800049,1146.5,1155.199951,52
1/4/2017,1163.800049,1165,1156.300049,1156.300049,36
1/5/2017,1179.699951,1183.300049,1171.5,1172,500
1/6/2017,1171.900024,1176.5,1171.900024,1176.5,16
1/9/2017,1183.5,1183.599976,1173,1173.900024,62
1/10/2017,1184.199951,1188.900024,1182.300049,1184.300049,8
1/11/2017,1195.599976,1197,1176.5,1187.5,20
1/12/2017,1198.900024,1204.300049,1192.300049,1192.699951,110
1/13/2017,1195.300049,1196,1187.699951,1195.699951,65
1/17/2017,1212,1214.599976,1200.800049,1205.5,79
1/18/2017,1211.300049,1214.699951,1203.099976,1213.599976,114
1/19/2017,1200.900024,1204,1195.800049,1200.5,26
1/20/2017,1204.300049,1212.099976,1202.800049,1202.800049,38
1/23/2017,1215,1215,1210,1212,16
1/24/2017,1210.300049,1219,1207.699951,1219,24
1/25/2017,1197.300049,1202.800049,1194.900024,1202,403
1/26/2017,1189.5,1199.699951,1185.599976,1199.699951,19
1/27/2017,1188.099976,1188.300049,1187.900024,1187.900024,234352
1/30/2017,1193.199951,1198.5,1187.099976,1191.699951,50503
1/31/2017,1208.599976,1214.699951,1193.5,1194.900024,3212
2/1/2017,1205.599976,1211.900024,1197.900024,1211.900024,1145
2/2/2017,1216.699951,1224.199951,1208.900024,1209.699951,1512
2/3/2017,1218.5,1220.599976,1206.199951,1214.900024,865
2/6/2017,1230,1235.400024,1218.5,1221.900024,908
2/7/2017,1234.199951,1236.199951,1228.5,1234.199951,1177
2/8/2017,1237.599976,1243.900024,1231,1232.099976,288
2/9/2017,1235.099976,1243.5,1226.900024,1239.400024,885
2/10/2017,1234.400024,1234.400024,1221.5,1227.599976,391
2/13/2017,1224.400024,1231.099976,1219,1230.5,398
2/14/2017,1223.900024,1233.5,1222.099976,1225.900024,159
2/15/2017,1231.699951,1231.699951,1217.300049,1225.5,175
2/16/2017,1240,1240.699951,1233.199951,1234.5,87
2/17/2017,1237.599976,1241.199951,1234.800049,1240.699951,301
2/21/2017,1237.5,1237.5,1228.099976,1237.300049,119
2/22/2017,1232,1238.599976,1231.800049,1236.099976,36
2/23/2017,1250.199951,1250.300049,1236.099976,1236.099976,112
2/24/2017,1256.900024,1258.800049,1250,1250,1264
2/27/2017,1257.400024,1263.099976,1250.400024,1254.699951,544
2/28/2017,1252.599976,1257.300049,1247.199951,1253.599976,721
3/1/2017,1248.900024,1248.900024,1236.900024,1247.800049,138
3/2/2017,1231.900024,1247.599976,1230.699951,1247.199951,79
3/3/2017,1225.5,1235.199951,1222.900024,1231.699951,121
3/6/2017,1224.5,1235.199951,1224.5,1235.199951,29
3/7/2017,1215.099976,1225.400024,1213.699951,1224.300049,53
3/8/2017,1208.5,1212.199951,1206.699951,1212.199951,24
3/9/2017,1202.400024,1205.599976,1202.300049,1204.5,37
3/10/2017,1200.699951,1203.300049,1196.199951,1196.199951,3
3/13/2017,1202.400024,1210,1202.300049,1206.199951,35
3/14/2017,1201.900024,1205.900024,1196.800049,1203.099976,22
3/15/2017,1200.099976,1221.199951,1197.699951,1198.199951,36
3/16/2017,1226.5,1231.400024,1222.199951,1222.199951,47
3/17/2017,1229.800049,1230.900024,1227.099976,1227.099976,26
3/20/2017,1233.599976,1234.400024,1229.300049,1229.300049,23
3/21/2017,1246.099976,1246.099976,1226.400024,1226.400024,11
3/22/2017,1249.300049,1249.5,1247.699951,1247.900024,3
3/23/2017,1246.900024,1247.5,1244.800049,1246.400024,16
3/24/2017,1248.199951,1248.300049,1247.599976,1248,3
3/27/2017,1255.400024,1257.699951,1253.800049,1255.800049,72
3/28/2017,1255.300049,1255.900024,1255.300049,1255.900024,19
3/29/2017,1253.400024,1253.400024,1252.099976,1252.199951,190678
3/30/2017,1245,1253.599976,1241.099976,1253.099976,51328
3/31/2017,1247.300049,1248.800049,1238.699951,1242.099976,8223
4/3/2017,1250.800049,1252.400024,1243.599976,1247.5,1160
4/4/2017,1255,1260.300049,1253,1253.099976,724
4/5/2017,1245.400024,1255.400024,1243,1255.400024,907
4/6/2017,1250.300049,1257.5,1249,1256.099976,169
4/7/2017,1254.300049,1269.099976,1249.5,1249.5,445
4/10/2017,1251.099976,1255.199951,1246.800049,1252.699951,182
4/11/2017,1271.199951,1273.5,1254.5,1254.5,401
4/12/2017,1275.300049,1285.099976,1272,1275,492
4/13/2017,1285.900024,1287.599976,1282,1285.300049,915
4/17/2017,1289.400024,1294.800049,1284.300049,1291.800049,73
4/18/2017,1291.699951,1291.699951,1278.599976,1283.900024,394
4/19/2017,1281.400024,1288,1274,1288,194
4/20/2017,1281.900024,1281.900024,1276.199951,1279.699951,127
4/21/2017,1287.400024,1287.400024,1279.199951,1279.800049,474
4/24/2017,1275.800049,1276.400024,1265,1275,605
4/25/2017,1265.599976,1276.900024,1262.099976,1275.599976,356
4/26/2017,1262.099976,1266,1262.099976,1266,1156
4/27/2017,1263.699951,1267.199951,1262.199951,1266.699951,206
4/28/2017,1266.099976,1267.199951,1264.699951,1265.900024,85
5/1/2017,1253.300049,1269.300049,1253.300049,1268.699951,34
5/2/2017,1255.099976,1256.199951,1251.199951,1256.199951,90
5/3/2017,1246.400024,1255.800049,1238.699951,1255.099976,195
5/4/2017,1226.5,1239.800049,1224.199951,1239.800049,72
5/5/2017,1224.800049,1233.699951,1224.800049,1227,16
5/8/2017,1225.300049,1234,1224,1224,43
5/9/2017,1214.300049,1226.199951,1214,1226.099976,55
5/10/2017,1217.300049,1220.199951,1217.300049,1219.800049,23
5/11/2017,1222.699951,1222.699951,1218.300049,1218.5,13
5/12/2017,1226.199951,1229.5,1226.099976,1228,29
5/15/2017,1228.599976,1232.699951,1227.5,1227.5,13
5/16/2017,1235,1237.300049,1230.400024,1230.400024,20
5/17/2017,1257.5,1259.199951,1240.699951,1241,26
5/18/2017,1251.699951,1260,1245.800049,1254.800049,43
5/19/2017,1252.699951,1252.699951,1252.699951,1252.699951,14
5/22/2017,1260.699951,1260.699951,1251.699951,1251.699951,14
5/23/2017,1254.800049,1261.599976,1250.599976,1261.5,20
5/24/2017,1252.400024,1257.800049,1249.699951,1251.900024,14
5/25/2017,1255.800049,1258.300049,1255.800049,1257.099976,11
5/26/2017,1267.599976,1267.599976,1267.599976,1267.599976,271457
5/30/2017,1262.099976,1270,1258.400024,1267.400024,129819
5/31/2017,1272,1273.199951,1258.5,1262.400024,2712
6/1/2017,1267,1269.199951,1260.800049,1268,825
6/2/2017,1276.800049,1279,1259,1265.199951,1732
6/5/2017,1279.300049,1282,1277,1279.199951,433
6/6/2017,1294.400024,1295.199951,1279.400024,1279.400024,942
6/7/2017,1290.099976,1293.099976,1284.300049,1291.599976,641
6/8/2017,1276.300049,1287.599976,1268.099976,1285.400024,319
6/9/2017,1268.5,1277.900024,1264.599976,1277.900024,467
6/12/2017,1266.099976,1269.300049,1263.199951,1266.400024,255
6/13/2017,1265.800049,1266.900024,1259.699951,1264.099976,150
6/14/2017,1272.800049,1278,1256.800049,1269.400024,336
6/15/2017,1252.199951,1264.199951,1250.300049,1263.199951,743
6/16/2017,1254,1255.300049,1251.300049,1252.800049,34
6/19/2017,1244.199951,1252.199951,1241.900024,1252.099976,108
6/20/2017,1241,1245.5,1240.5,1242.199951,75
6/21/2017,1243.400024,1245,1240,1244.099976,205
6/22/2017,1247.599976,1252.699951,1246.300049,1251,156
6/23/2017,1256.199951,1273.599976,1249.800049,1250,269
6/26/2017,1246.300049,1260.199951,1241.599976,1260.199951,194
6/27/2017,1246.400024,1251.800049,1245.900024,1251.599976,111
6/28/2017,1248,1248.5,1248,1248.5,370
6/29/2017,1244.199951,1250.699951,1238.099976,1248.199951,540
6/30/2017,1240.699951,1243.699951,1239.099976,1243.699951,43
7/3/2017,1217.900024,1236,1217.900024,1236,33
7/5/2017,1220.400024,1225,1217.099976,1222.5,40
7/6/2017,1222.199951,1225.099976,1222.199951,1225.099976,5
7/7/2017,1208.599976,1220.400024,1208.599976,1219.099976,116
7/10/2017,1212.099976,1212.099976,1209.599976,1211.400024,28
7/11/2017,1213.599976,1214.900024,1208.699951,1208.699951,12
7/12/2017,1218.099976,1219.400024,1217.900024,1218.300049,7
7/13/2017,1216.300049,1221.400024,1216.300049,1221.400024,7
7/14/2017,1226.599976,1227.5,1214.800049,1214.900024,23
7/17/2017,1232.800049,1233.400024,1229.900024,1229.900024,7
7/18/2017,1241.099976,1241.199951,1236.199951,1236.199951,29
7/19/2017,1241.199951,1241.199951,1240.099976,1240.400024,3
7/20/2017,1244.800049,1244.800049,1236.599976,1236.599976,5
7/21/2017,1254.300049,1254.300049,1250.5,1250.699951,16
7/24/2017,1253.900024,1256,1253.900024,1256,8
7/25/2017,1251.699951,1253.599976,1249.199951,1252.699951,18
7/26/2017,1249,1249,1244.800049,1244.800049,7
7/27/2017,1259.599976,1259.599976,1259.599976,1259.599976,220309
7/28/2017,1268.400024,1270,1256.900024,1258.400024,64180
7/31/2017,1266.599976,1270.800049,1265.800049,1268.900024,7780
8/1/2017,1272.599976,1273.300049,1262,1268.400024,1061
8/2/2017,1271.800049,1272.099976,1262.900024,1268.5,393
8/3/2017,1267.800049,1269.800049,1256.599976,1265.900024,878
8/4/2017,1258.300049,1269.599976,1253.900024,1269,521
8/7/2017,1258.199951,1259.099976,1255.300049,1258.699951,260
8/8/2017,1256.400024,1264.099976,1251.400024,1256.900024,555
8/9/2017,1273,1277.800049,1260.199951,1260.199951,574
8/10/2017,1283.699951,1287.400024,1274.900024,1276.599976,608
8/11/2017,1287.699951,1291.099976,1282,1286.300049,139
8/14/2017,1284.199951,1288.400024,1278.800049,1288.400024,338
8/15/2017,1273.699951,1280.5,1267.400024,1280.5,188
8/16/2017,1276.900024,1282.599976,1269.400024,1271.300049,110
8/17/2017,1286.400024,1288.5,1283.199951,1283.800049,43
8/18/2017,1285.699951,1300.699951,1284.300049,1288.599976,358
8/21/2017,1290.800049,1290.800049,1284.699951,1285.199951,18
8/22/2017,1285.099976,1288.400024,1283.199951,1287.199951,100
8/23/2017,1288.900024,1289.400024,1286.900024,1289.400024,250
8/24/2017,1286.5,1288.699951,1284,1288.699951,550
8/25/2017,1292.5,1292.699951,1280.300049,1285.400024,280
8/28/2017,1309.699951,1311.300049,1293.5,1293.5,145
8/29/2017,1313.099976,1323.800049,1313.099976,1318.800049,1178
8/30/2017,1308.099976,1312.5,1304.900024,1308.199951,1178
8/31/2017,1316.199951,1322.300049,1301.699951,1306.599976,373
9/1/2017,1324.5,1327.699951,1316.900024,1320.199951,313
9/5/2017,1339.199951,1339.199951,1328.599976,1335.199951,39
9/6/2017,1333.900024,1340.300049,1332.599976,1340,20
9/7/2017,1345.099976,1349,1336.400024,1336.400024,26
9/8/2017,1346,1355.800049,1345.599976,1351,37
9/11/2017,1331,1331,1327.300049,1331,9
9/12/2017,1328,1328,1325.199951,1327,15
9/13/2017,1323.400024,1323.400024,1323.400024,1323.400024,16
9/14/2017,1324.699951,1329.300049,1319.599976,1319.599976,316
9/15/2017,1320.400024,1321.199951,1319.800049,1320.599976,15
9/18/2017,1306.300049,1310.400024,1306,1309.800049,129
9/19/2017,1306.199951,1310.300049,1305.099976,1307.900024,20
9/20/2017,1312,1312,1298.699951,1312,12
9/21/2017,1290.599976,1304.099976,1290.300049,1299.099976,336
9/22/2017,1293.300049,1295.699951,1293.300049,1295,209
9/25/2017,1306.800049,1309.199951,1291,1293.099976,51
9/26/2017,1297,1305.599976,1297,1304.5,39
9/27/2017,1283.400024,1283.400024,1283.400024,1283.400024,19488
9/28/2017,1285.5,1288,1277,1283.099976,5226
9/29/2017,1281.5,1289.400024,1281.5,1284.199951,492
10/2/2017,1272.699951,1276.099976,1270.400024,1275,136
10/3/2017,1271.5,1273.300049,1268.599976,1269.699951,192
10/4/2017,1273.699951,1280.800049,1270,1273.800049,218
10/5/2017,1269.900024,1277.800049,1267.599976,1277.800049,36
10/6/2017,1271.599976,1272,1260.5,1267.599976,46
10/9/2017,1281.800049,1284,1279,1280.599976,19
10/10/2017,1290.599976,1293,1281.699951,1282.599976,18
10/11/2017,1285.800049,1292,1284.900024,1287.300049,21
10/12/2017,1293.300049,1294.5,1289.300049,1291.5,14
10/13/2017,1301.5,1301.699951,1291.699951,1293.300049,74
10/16/2017,1299.900024,1303.800049,1291.900024,1302,173
10/17/2017,1283,1295.099976,1283,1295.099976,571
10/18/2017,1279.900024,1279.900024,1279.900024,1279.900024,163
10/19/2017,1286.900024,1286.900024,1285.099976,1286.400024,134
10/20/2017,1277.400024,1279.599976,1277.400024,1279.599976,304
10/23/2017,1277.699951,1280.800049,1271.5,1274.699951,115
10/24/2017,1275,1275.5,1273.699951,1275.5,111
10/25/2017,1275.400024,1275.400024,1269.900024,1269.900024,105
10/26/2017,1266.300049,1273.5,1264.699951,1273.5,39
10/27/2017,1268.5,1268.5,1267.099976,1268.400024,567
10/30/2017,1274.099976,1274.099976,1267.900024,1270,222
10/31/2017,1267,1274.599976,1266.099976,1273.099976,235
11/1/2017,1274.099976,1274.800049,1270.300049,1272.199951,78
11/2/2017,1274.900024,1274.900024,1274.900024,1274.900024,70
11/3/2017,1266.5,1267.900024,1265.300049,1265.300049,75
11/6/2017,1279.400024,1280.5,1269,1269,128
11/7/2017,1273.699951,1276.800049,1270.400024,1276.800049,11
11/8/2017,1281.599976,1284.900024,1274.699951,1275.900024,15
11/9/2017,1285.599976,1286.900024,1279.699951,1279.699951,18
11/10/2017,1272.400024,1283.5,1272.400024,1283.5,10
11/13/2017,1277.300049,1277.300049,1277,1277.300049,3
11/14/2017,1281.5,1281.5,1276.900024,1276.900024,4
11/15/2017,1276.5,1284.699951,1275.900024,1281.400024,13
11/16/2017,1277.400024,1277.5,1277.400024,1277.5,43
11/17/2017,1295.800049,1295.800049,1288.300049,1288.300049,1
11/20/2017,1274.599976,1275.900024,1274.599976,1274.599976,1
11/21/2017,1281.099976,1281.099976,1281.099976,1281.099976,4
11/22/2017,1291.599976,1291.599976,1282.900024,1284.699951,4
11/24/2017,1286.699951,1286.699951,1286.699951,1286.699951,0
11/27/2017,1293.800049,1293.800049,1293.800049,1293.800049,1
11/28/2017,1294.699951,1294.699951,1294.699951,1294.699951,275442
11/29/2017,1282.099976,1296.199951,1281.099976,1293.400024,47244
11/30/2017,1273.199951,1284.5,1269.699951,1283.099976,3049
12/1/2017,1278.800049,1288.599976,1271,1274.099976,823
12/4/2017,1274.300049,1276.099976,1270.300049,1272.5,850
12/5/2017,1261.599976,1275.800049,1260,1275.400024,1499
12/6/2017,1262.800049,1267.800049,1261.599976,1264.900024,373
12/7/2017,1249.800049,1262.400024,1243.900024,1262.300049,358
12/8/2017,1245.199951,1249.300049,1241.5,1246.300049,157
12/11/2017,1243.699951,1249.199951,1239.900024,1248.400024,146
12/12/2017,1238.5,1244.400024,1236.5,1241.300049,692
12/13/2017,1245.400024,1254.5,1239.800049,1241.900024,349
12/14/2017,1253.800049,1257.699951,1250.300049,1252.900024,139
12/15/2017,1254.300049,1260.300049,1253.099976,1253.099976,578
12/18/2017,1262.199951,1262.400024,1255.699951,1256.199951,45
12/19/2017,1260.699951,1264.300049,1259.5,1261.099976,329
12/20/2017,1266.099976,1266.599976,1261.300049,1261.300049,63
12/21/2017,1267.300049,1267.400024,1264.300049,1266.400024,226
12/22/2017,1275.400024,1276.300049,1266.300049,1266.300049,119
12/26/2017,1284.099976,1284.099976,1281.800049,1282.400024,84
12/27/2017,1287,1287,1284,1284,456
12/28/2017,1294.099976,1294.099976,1288.199951,1288.199951,245
12/29/2017,1306.300049,1306.300049,1294,1294.199951,65
1/2/2018,1313.699951,1317.599976,1302.300049,1302.300049,68
1/3/2018,1316.199951,1320.099976,1312.099976,1320,42
1/4/2018,1319.400024,1322,1319.400024,1319.400024,2
1/5/2018,1320.300049,1320.300049,1320.300049,1320.300049,1
1/8/2018,1318.599976,1319.900024,1314.599976,1319.900024,41
1/9/2018,1311.699951,1311.699951,1309.599976,1309.599976,16
1/10/2018,1317.400024,1320.699951,1315.300049,1320.300049,70
1/11/2018,1320.599976,1320.599976,1316.300049,1317.099976,9
1/12/2018,1333.400024,1338.199951,1327.800049,1327.800049,14
1/16/2018,1335.400024,1335.400024,1331,1331.099976,13
1/17/2018,1338,1338,1326.800049,1334.400024,27
1/18/2018,1326,1328.900024,1326,1328.900024,211
1/19/2018,1331.900024,1333,1330.099976,1330.099976,50
1/22/2018,1330.900024,1330.900024,1328.400024,1328.400024,162
1/23/2018,1335.699951,1335.900024,1335.699951,1335.800049,47
1/24/2018,1355.900024,1357.199951,1355.900024,1355.900024,18
1/25/2018,1362.400024,1362.400024,1346.699951,1356.300049,4
1/26/2018,1351.599976,1352,1350.900024,1351.599976,280546
1/30/2018,1335.400024,1347.800049,1332.800049,1338.699951,52100
1/31/2018,1339,1346.900024,1331.800049,1337.5,4881
2/1/2018,1344.300049,1350.599976,1336.800049,1343.800049,1680
2/2/2018,1333.699951,1352.099976,1327.699951,1348.5,2841
2/5/2018,1333,1340.199951,1329,1331.099976,641
2/6/2018,1326.099976,1343.699951,1319.5,1338.199951,529
2/7/2018,1311.599976,1331.099976,1310.5,1325.400024,491
2/8/2018,1316.900024,1321.099976,1307,1317.099976,459
2/9/2018,1313.099976,1322,1311.900024,1320.900024,451
2/12/2018,1324.199951,1325.5,1318,1323.800049,140
2/13/2018,1328.099976,1329.599976,1323.400024,1324.5,71
2/14/2018,1355.5,1355.5,1324,1332.800049,400
2/15/2018,1352.099976,1355.900024,1349.699951,1352,111
2/16/2018,1353.199951,1361.400024,1344.900024,1354,110
2/20/2018,1328.800049,1350.199951,1328.5,1348.400024,283
2/21/2018,1330,1331.5,1324.400024,1326.800049,119
2/22/2018,1330.599976,1331.400024,1322,1322,70
2/23/2018,1328.199951,1332.099976,1327.699951,1328,427
2/26/2018,1330.699951,1340.5,1330.699951,1335,652
2/27/2018,1315.5,1332.599976,1312.699951,1331.699951,710
2/28/2018,1315.5,1321,1315.400024,1315.400024,58
3/1/2018,1302.900024,1318.099976,1301.800049,1310.400024,43
3/2/2018,1321.099976,1323.199951,1314.300049,1314.300049,155
3/5/2018,1318.099976,1325.900024,1318.099976,1323.5,18
3/6/2018,1333.599976,1333.599976,1321.400024,1321.599976,18
3/7/2018,1326,1338.099976,1326,1338.099976,27
3/8/2018,1319.900024,1326.800049,1319.300049,1324.800049,62
3/9/2018,1322.400024,1322.400024,1313,1316.800049,88
3/12/2018,1319.400024,1319.400024,1319.400024,1319.400024,0
3/13/2018,1325.900024,1325.900024,1325.300049,1325.900024,13
3/14/2018,1324.400024,1324.400024,1322.199951,1322.199951,19
3/15/2018,1316.800049,1316.800049,1316.800049,1316.800049,0
3/16/2018,1311.300049,1311.300049,1310.099976,1310.099976,34
3/19/2018,1316.800049,1316.900024,1307.300049,1309.400024,6
3/20/2018,1311.099976,1311.099976,1311.099976,1311.099976,4
3/21/2018,1320.699951,1328.800049,1312.400024,1312.400024,34
3/22/2018,1326.599976,1326.599976,1326.599976,1326.599976,0
3/23/2018,1349.300049,1349.300049,1343.199951,1343.199951,8
3/26/2018,1354.400024,1354.400024,1345.099976,1348.5,10
3/27/2018,1341.300049,1341.300049,1341,1341,290889
3/28/2018,1324.199951,1346.400024,1322.400024,1345,59284
3/29/2018,1322.800049,1327.099976,1321.699951,1324,5585
4/2/2018,1342.099976,1344.199951,1324.699951,1327,649
4/3/2018,1332.800049,1341.5,1328.5,1340.400024,702
4/4/2018,1335.800049,1347.300049,1331.599976,1331.800049,718
4/5/2018,1324.300049,1333.699951,1322.599976,1333.5,258
4/6/2018,1331.900024,1333,1319,1326.5,348
4/9/2018,1336.300049,1337.5,1327,1333,290
4/10/2018,1342,1342,1333,1335.199951,105
4/11/2018,1356.5,1365.400024,1340.099976,1340.099976,118
4/12/2018,1338.400024,1351.5,1334.599976,1351.199951,34
4/13/2018,1344.800049,1346,1335.900024,1335.900024,67
4/16/2018,1347.5,1348.800049,1341,1341,60
4/17/2018,1347.199951,1348.099976,1339,1348,409
4/18/2018,1351.199951,1354.199951,1343.5,1343.5,45
4/19/2018,1346.800049,1355.199951,1341.599976,1348.599976,387
4/20/2018,1336.699951,1343.400024,1335.300049,1342.5,310
4/23/2018,1322.5,1334.400024,1322.5,1334,68
4/24/2018,1331.400024,1331.699951,1326.199951,1326.400024,28
4/25/2018,1321.199951,1325,1320,1324,278
4/26/2018,1316.300049,1316.300049,1315.699951,1315.699951,569
4/27/2018,1320.300049,1321.699951,1312.800049,1315.300049,622
4/30/2018,1316.199951,1316.199951,1309.599976,1309.599976,49
5/1/2018,1303.800049,1313.800049,1303.400024,1313.199951,28
5/2/2018,1302.599976,1309.300049,1302.599976,1309,23
5/3/2018,1310.699951,1310.699951,1310.699951,1310.699951,4
5/4/2018,1312.699951,1312.699951,1312.699951,1312.699951,0
5/7/2018,1312.199951,1312.5,1310.199951,1310.599976,4
5/8/2018,1312,1312,1308.5,1310.099976,337
5/9/2018,1311.300049,1311.300049,1311.300049,1311.300049,70
5/10/2018,1320.800049,1320.800049,1312.199951,1312.199951,8
5/11/2018,1319,1319,1319,1319,3
5/14/2018,1316.5,1319.900024,1316.5,1319.900024,4
5/15/2018,1288.900024,1304.699951,1288.900024,1304.599976,8
5/16/2018,1290.199951,1294,1285.400024,1290.900024,26
5/17/2018,1288.199951,1291.300049,1288.199951,1291.300049,2
5/18/2018,1290.199951,1290.199951,1285.199951,1285.199951,2
5/21/2018,1290.199951,1292.099976,1287.400024,1287.400024,52
5/22/2018,1291.699951,1291.699951,1291.699951,1291.699951,50
5/23/2018,1289.300049,1289.300049,1289.300049,1289.300049,10
5/24/2018,1303.699951,1303.699951,1303.699951,1303.699951,0
5/25/2018,1303.300049,1303.300049,1303.300049,1303.300049,1
5/29/2018,1298.699951,1298.699951,1298.699951,1298.699951,386334
5/30/2018,1301.5,1303.699951,1295.199951,1298,50845
5/31/2018,1300.099976,1306.800049,1296.599976,1301,4082
6/1/2018,1294.800049,1299.5,1288.900024,1298.599976,663
6/4/2018,1293.099976,1297.099976,1290,1293.900024,144
6/5/2018,1297.5,1299.800049,1289.900024,1292.099976,357
6/6/2018,1297.099976,1300.400024,1294.099976,1296.099976,373
6/7/2018,1298.699951,1302.800049,1296.199951,1298.400024,79
6/8/2018,1298.099976,1299.400024,1294.800049,1295.300049,650
6/11/2018,1298.900024,1302,1295.199951,1299.300049,71
6/12/2018,1295.099976,1298.099976,1292.699951,1297.800049,153
6/13/2018,1296.900024,1299.400024,1290.900024,1294,135
6/14/2018,1304,1307.699951,1297.199951,1297.199951,42
6/15/2018,1274.599976,1307.699951,1274,1297.199951,589
6/18/2018,1276.199951,1280.699951,1276.199951,1280.699951,35
6/19/2018,1275.599976,1281.800049,1269.900024,1278.699951,34
6/20/2018,1271.199951,1274.400024,1271.199951,1274.400024,7
6/21/2018,1267.199951,1268.900024,1260,1262.699951,46
6/22/2018,1267.400024,1270.199951,1267,1268.099976,74
6/25/2018,1265.599976,1271.199951,1265.599976,1270.599976,37
6/26/2018,1256.599976,1267.199951,1256.599976,1267.199951,89
6/27/2018,1252.800049,1255.5,1252.300049,1255.5,1162
6/28/2018,1247.800049,1251.699951,1244.800049,1251.699951,378
6/29/2018,1251.300049,1253.300049,1249.099976,1250.300049,48
7/2/2018,1239.800049,1249.900024,1239.800049,1249.900024,29
7/3/2018,1251.599976,1254.099976,1237,1238.099976,36
7/5/2018,1257.300049,1257.300049,1253.599976,1255.5,9
7/6/2018,1254.300049,1255.5,1254.300049,1255.5,7
7/9/2018,1258.099976,1262.300049,1257.699951,1258.199951,37
7/10/2018,1253.800049,1256.900024,1249.300049,1256.199951,65
7/11/2018,1242.800049,1253.199951,1242.800049,1253.199951,30
7/12/2018,1245,1246.699951,1240.900024,1240.900024,7
7/13/2018,1239.599976,1247,1239.599976,1244.699951,2
7/16/2018,1238.099976,1243.800049,1238.099976,1242.699951,2
7/17/2018,1225.699951,1225.699951,1225.699951,1225.699951,0
7/18/2018,1226.300049,1226.699951,1222.199951,1226.699951,67
7/19/2018,1222.400024,1228,1211.699951,1227.199951,33
7/20/2018,1229.5,1229.5,1229.5,1229.5,0
7/23/2018,1224,1224,1222,1222,1
7/24/2018,1223.900024,1223.900024,1223.900024,1223.900024,0
7/25/2018,1231.400024,1231.400024,1231.400024,1231.400024,0
7/26/2018,1225.300049,1227.800049,1225.300049,1227.800049,1
7/27/2018,1222.599976,1222.599976,1222.599976,1222.599976,254428
7/30/2018,1221.300049,1223.900024,1218.099976,1222.5,62239
7/31/2018,1223.699951,1228.099976,1213,1220.400024,2722
8/1/2018,1217.900024,1223.699951,1214.400024,1222.900024,1026
8/2/2018,1210.599976,1219.300049,1205.800049,1214.699951,411
8/3/2018,1214.199951,1218.599976,1205.099976,1206.5,784
8/6/2018,1208.599976,1214.400024,1206.599976,1214.400024,297
8/7/2018,1209.599976,1214.800049,1207.800049,1207.800049,715
8/8/2018,1212.599976,1215.199951,1205.900024,1212,209
8/9/2018,1211.900024,1215.300049,1211.599976,1214.5,44
8/10/2018,1211.099976,1216.400024,1205.599976,1212.5,75
8/13/2018,1191.300049,1207.400024,1191.300049,1207,78
8/14/2018,1193,1197.5,1192.800049,1193.099976,92
8/15/2018,1177.5,1188.099976,1174.599976,1187.800049,71
8/16/2018,1176.199951,1180.199951,1161.400024,1173.199951,123
8/17/2018,1176.5,1181.199951,1174.699951,1174.699951,66
8/20/2018,1186.800049,1190,1184.400024,1184.800049,68
8/21/2018,1192.599976,1192.599976,1189.800049,1189.800049,22
8/22/2018,1196.300049,1196.300049,1194.699951,1194.699951,17
8/23/2018,1187,1190.300049,1184.900024,1189.300049,95
8/24/2018,1206.300049,1208,1185.300049,1185.300049,12
8/27/2018,1209,1211.400024,1205.199951,1210.300049,154
8/28/2018,1207.400024,1217,1202.300049,1209.699951,136
8/29/2018,1204.5,1205.199951,1202.400024,1205.199951,817
8/30/2018,1197.699951,1205.599976,1196,1205.400024,493
8/31/2018,1200.300049,1208.199951,1199.099976,1207.099976,191
9/4/2018,1192.699951,1193.800049,1189.900024,1193.800049,26
9/5/2018,1194.900024,1196,1192.5,1192.5,21
9/6/2018,1197.900024,1202,1197.900024,1202,7
9/7/2018,1193.599976,1198.300049,1193.099976,1198.300049,29
9/10/2018,1193,1193,1193,1193,11
9/11/2018,1195.400024,1196.300049,1190.400024,1190.400024,21
9/12/2018,1204.699951,1205,1204.699951,1205,37
9/13/2018,1202,1203.400024,1200,1203.400024,22
9/14/2018,1195,1195,1195,1195,1
9/17/2018,1199.699951,1199.699951,1199.699951,1199.699951,0
9/18/2018,1196.800049,1198.699951,1196.800049,1198.699951,2
9/19/2018,1202.199951,1202.199951,1202.199951,1202.199951,0
9/20/2018,1206.199951,1206.199951,1206.199951,1206.199951,0
9/21/2018,1196.199951,1196.199951,1196.199951,1196.199951,0
9/24/2018,1199.300049,1199.300049,1199.300049,1199.300049,0
9/25/2018,1200,1202.800049,1200,1202.099976,21
9/26/2018,1194,1194,1194,1194,17857
9/27/2018,1182.300049,1197.300049,1180.5,1194.599976,4947
9/28/2018,1191.5,1191.900024,1180,1181.699951,404
10/1/2018,1187.099976,1191.599976,1185.800049,1191.599976,180
10/2/2018,1202.400024,1206,1190.300049,1193,451
10/3/2018,1198.300049,1202.599976,1196.599976,1202.599976,76
10/4/2018,1197.199951,1204.599976,1197.199951,1199.300049,496
10/5/2018,1201.199951,1205.300049,1196.900024,1197.099976,34
10/8/2018,1184.400024,1201,1183.699951,1201,250
10/9/2018,1187.199951,1189.099976,1185.599976,1185.599976,9
10/10/2018,1189.300049,1192,1189.300049,1189.300049,1078
10/11/2018,1223.5,1224.599976,1196.300049,1198.099976,126
10/12/2018,1218.099976,1221.599976,1216,1221.599976,122
10/15/2018,1226.400024,1232.300049,1222.400024,1222.400024,136
10/16/2018,1227.300049,1230.5,1227.099976,1227.099976,426
10/17/2018,1223.699951,1225.900024,1223.699951,1225.900024,1
10/18/2018,1226.5,1226.5,1226.5,1226.5,165
10/19/2018,1225.300049,1225.300049,1225.300049,1225.300049,55
10/22/2018,1221.199951,1224.5,1219.599976,1224.5,18
10/23/2018,1233.400024,1237.800049,1224.800049,1224.800049,33
10/24/2018,1227.800049,1231.599976,1227.800049,1231.599976,36
10/25/2018,1229.099976,1238.599976,1229.099976,1238.599976,7
10/26/2018,1232.5,1234.800049,1232.5,1234.300049,20
10/29/2018,1224.5,1224.5,1224.5,1224.5,214
10/30/2018,1222.599976,1227.699951,1219.800049,1227.699951,72
10/31/2018,1212.300049,1216.599976,1212,1216,121
11/1/2018,1236,1236,1215.400024,1215.400024,14
11/2/2018,1230.900024,1233.300049,1230.900024,1233.300049,18
11/5/2018,1229.800049,1231.5,1226.699951,1230.599976,15
11/6/2018,1223.800049,1233.800049,1223.800049,1230.699951,4
11/7/2018,1226.199951,1228.599976,1226.199951,1228.599976,1
11/8/2018,1222.900024,1222.900024,1222.900024,1222.900024,2
11/9/2018,1206.400024,1207.900024,1206.400024,1207.900024,14
11/12/2018,1201.300049,1201.599976,1201.300049,1201.599976,1
11/13/2018,1199.199951,1201.300049,1196.300049,1196.300049,5
11/14/2018,1207.900024,1207.900024,1207.900024,1207.900024,0
11/15/2018,1212.800049,1212.800049,1212.800049,1212.800049,0
11/16/2018,1220.800049,1223.800049,1216.699951,1216.699951,5
11/19/2018,1223.099976,1223.099976,1223.099976,1223.099976,0
11/20/2018,1219,1228.800049,1219,1225.300049,12
11/21/2018,1225.800049,1225.800049,1225.800049,1225.800049,0
11/23/2018,1221,1224.800049,1221,1224.800049,1
11/26/2018,1220.199951,1222,1220.199951,1220.199951,2
11/27/2018,1211.199951,1222,1211.199951,1221.900024,5
11/28/2018,1221.400024,1221.400024,1211.5,1211.5,247168
11/29/2018,1224.099976,1228.699951,1220.5,1221,55478
11/30/2018,1220.199951,1225,1216.099976,1224.099976,2060
12/3/2018,1233.900024,1234.099976,1221.300049,1222.5,751
12/4/2018,1241.099976,1241.400024,1230.400024,1231,474
12/6/2018,1238.099976,1244.400024,1234.800049,1237.5,434
12/7/2018,1246.800049,1249.800049,1237.599976,1238.300049,211
12/10/2018,1243.699951,1249.599976,1241.699951,1249.599976,131
12/11/2018,1241.900024,1248.699951,1241.5,1245.800049,117
12/12/2018,1244.400024,1245.599976,1244.099976,1245.300049,84
12/13/2018,1242.699951,1243.5,1241,1243.5,194
12/14/2018,1237,1241.699951,1234.099976,1241.699951,33
12/17/2018,1247.400024,1247.400024,1239.300049,1239.300049,10
12/18/2018,1249.199951,1249.199951,1245.599976,1248.199951,31
12/19/2018,1252.099976,1255.800049,1252.099976,1255.800049,268
12/20/2018,1263.599976,1263.599976,1243.199951,1243.199951,49
12/21/2018,1253.800049,1261.300049,1253.800049,1260.300049,96
12/24/2018,1267.5,1268.5,1260.300049,1260.300049,27
12/26/2018,1269.199951,1277.400024,1269.199951,1269.300049,63
12/27/2018,1277.300049,1277.300049,1276.699951,1276.699951,480
12/28/2018,1279.900024,1280.099976,1273.5,1273.5,805
12/31/2018,1278.300049,1281.300049,1277.599976,1278,19
1/2/2019,1281,1286,1277.599976,1286,149
1/3/2019,1291.800049,1292,1286.699951,1286.800049,10
1/4/2019,1282.699951,1294.199951,1275.300049,1294.199951,34
1/7/2019,1286.800049,1286.800049,1286.599976,1286.800049,2
1/8/2019,1283.199951,1283.199951,1278.199951,1280.5,54
1/9/2019,1289.300049,1289.300049,1279.199951,1279.400024,102
1/10/2019,1284.699951,1284.699951,1284.699951,1284.699951,0
1/11/2019,1287.099976,1291.199951,1286.300049,1291.199951,11
1/14/2019,1289.099976,1293.900024,1289.099976,1292.400024,7
1/15/2019,1286.199951,1292.699951,1286.199951,1290.099976,3
1/16/2019,1291.599976,1291.599976,1291.599976,1291.599976,2
1/17/2019,1291,1292.699951,1288.5,1291.599976,10
1/18/2019,1281.300049,1281.300049,1281.300049,1281.300049,3
1/22/2019,1282.5,1283.300049,1282.5,1282.5,7
1/23/2019,1283.099976,1283.900024,1278.699951,1281.699951,14
1/24/2019,1279.099976,1279.099976,1278.5,1279.099976,1
1/25/2019,1297.400024,1297.400024,1297.400024,1297.400024,0
1/28/2019,1302.400024,1307.099976,1298.400024,1300.800049,54
1/29/2019,1308.199951,1308.199951,1308.199951,1308.199951,213607
1/30/2019,1309.900024,1323.400024,1308.099976,1310.400024,54958
1/31/2019,1319.699951,1325.400024,1316.699951,1320,1970
2/1/2019,1316.900024,1320.699951,1315.400024,1320.300049,878
2/4/2019,1314.300049,1318.099976,1308.300049,1318.099976,675
2/5/2019,1314.199951,1315.099976,1311,1311.099976,362
2/6/2019,1309.5,1313.5,1305,1312.5,358
2/7/2019,1309.400024,1310.400024,1302.199951,1302.900024,203
2/8/2019,1313.699951,1314,1307.800049,1309.5,122
2/11/2019,1307,1313.400024,1304.699951,1313.400024,119
2/12/2019,1309.199951,1312,1307.599976,1310,109
2/13/2019,1310.800049,1316,1308.099976,1311.599976,143
2/14/2019,1309.800049,1311.800049,1301.599976,1305,858
2/15/2019,1318.099976,1318.800049,1313.599976,1313.599976,190
2/19/2019,1340.099976,1340.099976,1320.5,1320.900024,390
2/20/2019,1343.300049,1344,1338,1342.199951,581
2/21/2019,1323.5,1334.900024,1320.900024,1331.300049,414
2/22/2019,1329.199951,1331.300049,1321,1324.199951,718
2/25/2019,1325.900024,1331.599976,1325.599976,1329.199951,185
2/26/2019,1325.099976,1325.5,1323.300049,1323.300049,939
2/27/2019,1317.699951,1327.900024,1316.5,1327.699951,604
2/28/2019,1312.800049,1323.699951,1311.5,1321.099976,141
3/1/2019,1296.400024,1312.199951,1288.900024,1312.199951,110
3/4/2019,1284.800049,1287,1281.900024,1285.5,28
3/5/2019,1282,1287,1282,1287,114
3/6/2019,1284.900024,1287.099976,1282.599976,1287.099976,14
3/7/2019,1283.800049,1284.599976,1281,1281,11
3/8/2019,1297,1297.400024,1291.599976,1292.099976,10
3/11/2019,1288.800049,1291,1288.800049,1291,9
3/12/2019,1296.300049,1296.300049,1294.699951,1294.699951,1
3/13/2019,1307.5,1307.5,1307.5,1307.5,0
3/14/2019,1293.400024,1293.400024,1293.400024,1293.400024,1
3/15/2019,1301.800049,1304.699951,1300.5,1300.900024,26
3/18/2019,1300.300049,1302.199951,1297.300049,1297.300049,8
3/19/2019,1305,1306.900024,1304.800049,1306.900024,20
3/20/2019,1300.5,1300.699951,1300.5,1300.699951,2
3/21/2019,1306.099976,1306.099976,1306.099976,1306.099976,0
3/22/2019,1311.599976,1311.599976,1311.599976,1311.599976,0
3/25/2019,1321.900024,1322.900024,1320.699951,1320.699951,19
3/26/2019,1314.300049,1315.599976,1314.300049,1315.599976,1
3/27/2019,1309.900024,1309.900024,1309.900024,1309.900024,206263
3/28/2019,1289.800049,1311.099976,1287.699951,1308.400024,87798
3/29/2019,1293,1298.5,1286.099976,1289.599976,1265
4/1/2019,1288.400024,1295.900024,1285.699951,1291.800049,675
4/2/2019,1290,1290.900024,1284.5,1286.300049,525
4/3/2019,1289.900024,1293.099976,1287.5,1291.400024,172
4/4/2019,1289,1292.599976,1279.5,1290.599976,269
4/5/2019,1290.400024,1292,1283.599976,1292,181
4/8/2019,1297.099976,1302.099976,1291.800049,1292.199951,63
4/9/2019,1303.5,1304.900024,1298.5,1298.5,30
4/10/2019,1309.099976,1309.099976,1301.5,1304,66
4/11/2019,1288.599976,1307.099976,1288.599976,1307,420
4/12/2019,1290.599976,1293.400024,1289.199951,1293.400024,607
4/15/2019,1286.800049,1287.300049,1282.300049,1284.800049,523
4/16/2019,1272.599976,1285.199951,1272.199951,1285.199951,643
4/17/2019,1272.199951,1273.5,1271.599976,1273.5,308
4/18/2019,1271.900024,1273.599976,1270.099976,1270.800049,27
4/22/2019,1273.5,1273.5,1273.5,1273.5,147
4/23/2019,1269.300049,1269.800049,1266,1266.400024,206
4/24/2019,1275.5,1275.5,1267.800049,1268.400024,518
4/25/2019,1275.800049,1280.800049,1275.800049,1280.599976,95
4/26/2019,1284.900024,1284.900024,1284.900024,1284.900024,804
4/29/2019,1278.599976,1284.900024,1277.099976,1284.800049,568
4/30/2019,1282.800049,1283.300049,1280.800049,1281.699951,114
5/1/2019,1281.400024,1283.300049,1278.699951,1278.699951,70
5/2/2019,1269.699951,1270.800049,1266.599976,1269.199951,63
5/3/2019,1279.199951,1279.199951,1270.099976,1270.099976,15
5/6/2019,1281.699951,1282.199951,1280.300049,1282.199951,12
5/7/2019,1283.5,1283.5,1280.5,1280.5,8
5/8/2019,1279.400024,1279.400024,1279.400024,1279.400024,5
5/9/2019,1283.5,1285,1278.800049,1278.900024,38
5/10/2019,1285.699951,1286.5,1283.300049,1285.400024,6
5/13/2019,1300.099976,1300.099976,1281.800049,1286.699951,56
5/14/2019,1294.699951,1297.800049,1294.699951,1297.800049,6
5/15/2019,1296.300049,1296.900024,1296,1296.900024,55
5/16/2019,1285,1285.400024,1285,1285.199951,3
5/17/2019,1274.5,1280,1274.5,1280,1
5/20/2019,1276.099976,1276.099976,1276.099976,1276.099976,20
5/21/2019,1272,1272,1272,1272,0
5/22/2019,1273.599976,1273.599976,1273.599976,1273.599976,0
5/23/2019,1284.800049,1284.800049,1284.800049,1284.800049,0
5/24/2019,1283,1283,1283,1283,9
5/28/2019,1276.5,1276.5,1276.5,1276.5,0
5/29/2019,1280.599976,1280.599976,1280.599976,1280.599976,189694
5/30/2019,1287.099976,1288.300049,1273.900024,1279.400024,55573
5/31/2019,1305.800049,1306.400024,1287.5,1287.699951,2814
6/3/2019,1322.699951,1327.800049,1307,1307,812
6/4/2019,1323.400024,1328.599976,1320.800049,1324.300049,302
6/5/2019,1328.300049,1343.300049,1326.300049,1328.900024,622
6/6/2019,1337.599976,1338.699951,1326.199951,1330.800049,161
6/7/2019,1341.199951,1347.699951,1329.800049,1333.099976,240
6/10/2019,1324.699951,1336.5,1324.099976,1335.800049,268
6/11/2019,1326.400024,1328.400024,1319.099976,1328.400024,201
6/12/2019,1331.900024,1334.5,1326.900024,1326.900024,139
6/13/2019,1339.199951,1341.099976,1331.599976,1331.599976,157
6/14/2019,1340.099976,1355.400024,1339.300049,1345.400024,914
6/17/2019,1338.699951,1340.300049,1335,1339,76
6/18/2019,1346.599976,1349.300049,1341.599976,1349.300049,29
6/19/2019,1344.599976,1344.599976,1344,1344,129
6/20/2019,1392.900024,1392.900024,1379.5,1381.5,76
6/21/2019,1396.199951,1406,1390.300049,1406,35
6/24/2019,1414.300049,1420.599976,1402.099976,1406,125
6/25/2019,1414.900024,1433.300049,1414.900024,1418.099976,105
6/26/2019,1411.599976,1413.300049,1405.800049,1407.199951,1333
6/27/2019,1408.400024,1410.800049,1399.800049,1407,437
6/28/2019,1409.699951,1422,1408.300049,1408.300049,356
7/1/2019,1385.599976,1395.800049,1382.800049,1386.599976,214
7/2/2019,1404.599976,1418.400024,1390.800049,1391.099976,38
7/3/2019,1417.699951,1434,1413.099976,1431,46
7/5/2019,1396.699951,1418.300049,1390.199951,1418.300049,20
7/8/2019,1397,1397,1393.599976,1395.900024,14
7/9/2019,1397.5,1397.5,1386.199951,1394.5,53
7/10/2019,1410.099976,1410.099976,1409.900024,1409.900024,50
7/11/2019,1404.300049,1424,1404.300049,1424,6
7/12/2019,1409.900024,1410.099976,1405.599976,1405.599976,8
7/15/2019,1411.400024,1415,1411.400024,1414.400024,25
7/16/2019,1409.199951,1413.699951,1405,1413.599976,13
7/17/2019,1421.300049,1421.300049,1404.599976,1404.599976,6
7/18/2019,1426.099976,1444.199951,1419.5,1422.300049,66
7/19/2019,1425.099976,1442,1425.099976,1440.5,22
7/22/2019,1425.300049,1425.300049,1424,1425.300049,1
7/23/2019,1420.099976,1421.300049,1416.300049,1418.599976,5
7/24/2019,1422.800049,1422.800049,1422.800049,1422.800049,20
7/25/2019,1413.900024,1413.900024,1413.900024,1413.900024,4
7/26/2019,1418.5,1423,1418.5,1422.800049,5
7/29/2019,1419.599976,1419.599976,1419.599976,1419.599976,224267
7/30/2019,1429.699951,1433.900024,1422.099976,1426.300049,73874
7/31/2019,1426.099976,1435.800049,1411.199951,1431.300049,3294
8/1/2019,1420.900024,1445.199951,1400.900024,1411.300049,2431
8/2/2019,1445.599976,1448,1432.300049,1448,1873
8/5/2019,1464.599976,1469.699951,1440.400024,1440.400024,1008
8/6/2019,1472.400024,1475,1457.699951,1469.699951,460
8/7/2019,1507.300049,1509.900024,1473.199951,1473.5,824
8/8/2019,1497.699951,1508.5,1492,1498.400024,367
8/9/2019,1496.599976,1507.5,1495.599976,1506.199951,74
8/12/2019,1505.300049,1514.900024,1488.099976,1496,257
8/13/2019,1502.199951,1531.400024,1483.699951,1510.400024,672
8/14/2019,1515.900024,1520.5,1497,1500,328
8/15/2019,1519.599976,1522.699951,1510.599976,1519.800049,87
8/16/2019,1512.5,1524.599976,1504.699951,1524.599976,1815
8/19/2019,1500.400024,1507.599976,1492.900024,1507.199951,205
8/20/2019,1504.599976,1506.099976,1497.5,1497.5,486
8/21/2019,1504.599976,1505,1498.800049,1504.900024,350
8/22/2019,1497.300049,1497.300049,1493.800049,1495.099976,686
8/23/2019,1526.599976,1527.599976,1493.5,1493.5,983
8/26/2019,1526.300049,1543.300049,1524.300049,1543.199951,334
8/27/2019,1541,1542.099976,1528.5,1530.5,166
8/28/2019,1537.800049,1538.099976,1537.800049,1538.099976,2756
8/29/2019,1526.5,1549.300049,1519.599976,1537.5,704
8/30/2019,1519.099976,1530.400024,1516.699951,1524.599976,276
9/3/2019,1545.900024,1547.300049,1521,1522.900024,139
9/4/2019,1550.300049,1553.199951,1534.800049,1549,46
9/5/2019,1515.400024,1551.099976,1511.099976,1551,125
9/6/2019,1506.199951,1526,1504.5,1517.300049,54
9/9/2019,1502.199951,1513,1498,1509,69
9/10/2019,1490.300049,1498.5,1486.900024,1498.5,23
9/11/2019,1494.400024,1496.599976,1490.199951,1491.699951,8
9/12/2019,1498.699951,1515.400024,1498.699951,1499.5,27
9/13/2019,1490.900024,1490.900024,1486.900024,1490.900024,1
9/16/2019,1503.099976,1506.800049,1496.900024,1506.599976,21
9/17/2019,1505.099976,1505.099976,1497.900024,1497.900024,3
9/18/2019,1507.5,1509.400024,1489.300049,1508.900024,8
9/19/2019,1498.400024,1502.400024,1496.099976,1496.099976,10
9/20/2019,1507.300049,1507.300049,1503,1503,2
9/23/2019,1523.699951,1523.699951,1515.5,1515.5,5
9/24/2019,1532.099976,1533,1515.099976,1515.099976,25
9/25/2019,1504.599976,1527.900024,1504.599976,1527.599976,25
9/26/2019,1507.5,1507.5,1507.5,1507.5,8178
9/27/2019,1499.099976,1506.099976,1485.599976,1504.199951,7827
9/30/2019,1465.699951,1495.900024,1463.5,1495.900024,1078
10/1/2019,1482,1485.5,1458.300049,1468.699951,219
10/2/2019,1501,1503.699951,1474.099976,1476.599976,205
10/3/2019,1507.099976,1518.199951,1496.599976,1497.400024,1213
10/4/2019,1506.199951,1508.699951,1497.099976,1505.599976,233
10/7/2019,1497.699951,1505.800049,1489.099976,1504.800049,121
10/8/2019,1497.199951,1506.300049,1489.300049,1489.400024,46
10/9/2019,1506.099976,1507.699951,1498.400024,1507.699951,120
10/10/2019,1494.800049,1511.199951,1490.599976,1511.199951,78
10/11/2019,1482.699951,1494.900024,1476.900024,1491.900024,57
10/14/2019,1491.699951,1493.5,1481.300049,1484.400024,400
10/15/2019,1477.599976,1495.400024,1476.599976,1488.900024,367
10/16/2019,1488,1488,1480,1482,383
10/17/2019,1492.300049,1493.199951,1485.800049,1486.199951,271
10/18/2019,1488.199951,1489.099976,1486.599976,1487.300049,82
10/21/2019,1482.400024,1489.900024,1481.5,1489.900024,72
10/22/2019,1481.699951,1483.5,1481.699951,1483.400024,99
10/23/2019,1489.900024,1490.300049,1486.400024,1486.400024,67
10/24/2019,1498.900024,1501.199951,1485.900024,1490.5,115
10/25/2019,1499.5,1514.300049,1499,1501.400024,93
10/28/2019,1490,1504.099976,1490,1504.099976,37
10/29/2019,1487,1487,1485.900024,1485.900024,425
10/30/2019,1493.199951,1495.400024,1481,1487.199951,320
10/31/2019,1511.400024,1513.099976,1496.099976,1496.099976,210
11/1/2019,1508,1511.599976,1503,1511,235
11/4/2019,1508,1511.599976,1508,1511.599976,101
11/5/2019,1480.800049,1507.099976,1480.800049,1507.099976,31
11/6/2019,1490.199951,1491,1483.199951,1483.199951,567
11/7/2019,1464.199951,1489.099976,1464.199951,1489.099976,581
11/8/2019,1461.300049,1469.099976,1461.300049,1469.099976,21
11/11/2019,1455.5,1461,1449.300049,1461,22
11/12/2019,1452.099976,1454.900024,1447.099976,1454.900024,6
11/13/2019,1461.699951,1463.300049,1456.800049,1456.800049,56
11/14/2019,1471.800049,1471.800049,1463.699951,1463.800049,83
11/15/2019,1467.300049,1469.099976,1467.300049,1469.099976,13
11/18/2019,1470.900024,1472,1469.699951,1472,141
11/19/2019,1473.300049,1474.300049,1467.699951,1467.699951,18
11/20/2019,1473.300049,1474.5,1467.300049,1472.599976,31
11/21/2019,1463.099976,1463.099976,1463.099976,1463.099976,16
11/22/2019,1463.099976,1468.599976,1463.099976,1468.599976,19
11/25/2019,1456.599976,1457.099976,1455.5,1457.099976,14
11/26/2019,1459.800049,1459.800049,1459.800049,1459.800049,346362
11/27/2019,1453.400024,1461.900024,1452,1461.099976,88364
11/29/2019,1465.599976,1465.599976,1452.099976,1453.599976,7020
12/2/2019,1462.300049,1464.400024,1453.300049,1462.800049,2172
12/3/2019,1478.199951,1480.400024,1459.5,1461.599976,1460
12/4/2019,1474,1483.400024,1471.199951,1477.5,613
12/5/2019,1476.900024,1478,1472.300049,1474.699951,907
12/6/2019,1459.099976,1476,1458.199951,1475,899
12/9/2019,1459.300049,1464.199951,1458.599976,1458.800049,1461
12/10/2019,1462.599976,1467.199951,1460.699951,1460.699951,367
12/11/2019,1469.400024,1475.400024,1463.099976,1463.099976,393
12/12/2019,1466.699951,1483.900024,1463.699951,1475.099976,955
12/13/2019,1475.599976,1475.900024,1463.099976,1463.099976,468
12/16/2019,1475,1475.300049,1473.800049,1473.800049,99
12/17/2019,1474.599976,1476.900024,1474,1474.099976,410
12/18/2019,1472.599976,1472.599976,1472.599976,1472.599976,250
12/19/2019,1478.199951,1478.900024,1473.300049,1475.900024,319
12/20/2019,1474.699951,1478.099976,1474.699951,1476.699951,118
12/23/2019,1482.5,1482.5,1479.900024,1482.300049,391
12/24/2019,1499.099976,1499.099976,1488.699951,1488.699951,52
12/26/2019,1509.300049,1512.300049,1505,1505.199951,126
12/27/2019,1513.800049,1513.800049,1513.800049,1513.800049,839
12/30/2019,1514.5,1515.099976,1510,1512.599976,446
12/31/2019,1519.5,1523.400024,1513.800049,1513.800049,301
1/2/2020,1524.5,1528.699951,1518,1518.099976,214
1/3/2020,1549.199951,1552.699951,1530.099976,1530.099976,107
1/6/2020,1566.199951,1580,1560.400024,1580,416
1/7/2020,1571.800049,1576.300049,1558.300049,1558.300049,47
1/8/2020,1557.400024,1604.199951,1552.300049,1579.699951,236
1/9/2020,1551.699951,1555.699951,1543.300049,1555.699951,54
1/10/2020,1557.5,1558.800049,1545.400024,1551.199951,16
1/13/2020,1548.400024,1558,1548.400024,1557.400024,48
1/14/2020,1542.400024,1546.699951,1534.900024,1546.699951,32
1/15/2020,1552.099976,1553.900024,1545.599976,1548,11
1/16/2020,1549,1556.099976,1548.5,1555.699951,98
1/17/2020,1558.800049,1558.800049,1553.599976,1554.099976,108
1/21/2020,1556.400024,1566.199951,1551,1559.300049,45
1/22/2020,1555.300049,1557.099976,1549.800049,1549.800049,42
1/23/2020,1564.599976,1564.599976,1552.199951,1553.099976,15
1/24/2020,1571.099976,1571.099976,1556.300049,1556.300049,43
1/27/2020,1576.800049,1584.5,1576.800049,1584.300049,22
1/28/2020,1569.199951,1576.400024,1569.199951,1576.400024,3
1/29/2020,1569.800049,1569.800049,1569.800049,1569.800049,251274
1/30/2020,1583.5,1585,1571.400024,1576.800049,62336
1/31/2020,1582.900024,1589,1570,1573.400024,1095
2/3/2020,1577.199951,1593.300049,1568.199951,1592.900024,1062
2/4/2020,1550.400024,1577.699951,1547.800049,1577.699951,978
2/5/2020,1557.800049,1560.699951,1547.699951,1553.199951,1305
2/6/2020,1565.099976,1565.599976,1551.599976,1553.599976,110
2/7/2020,1568.599976,1571.900024,1560.5,1564.900024,431
2/10/2020,1574.699951,1574.699951,1568.599976,1569.300049,128
2/11/2020,1565.599976,1571.099976,1561.900024,1570.900024,440
2/12/2020,1567.400024,1568.699951,1561,1565.199951,36
2/13/2020,1575.099976,1575.099976,1570.199951,1570.199951,74
2/14/2020,1582.699951,1582.699951,1574.800049,1575.800049,68
2/18/2020,1600,1604.300049,1579.800049,1579.800049,310
2/19/2020,1607.5,1610.5,1599.699951,1600.599976,542
2/20/2020,1616.599976,1621,1603,1606.5,117
2/21/2020,1644.599976,1645,1619.300049,1619.300049,186
2/24/2020,1672.400024,1686.599976,1650,1657,435
2/25/2020,1646.900024,1653.699951,1632.300049,1645.099976,409
2/26/2020,1640,1648.099976,1636.400024,1644,1990
2/27/2020,1640,1658,1638.5,1641.099976,707
2/28/2020,1564.099976,1642.5,1564.099976,1640.300049,289
3/2/2020,1592.300049,1608.300049,1574.300049,1583.900024,537
3/3/2020,1642.099976,1645.300049,1594,1594.5,610
3/4/2020,1641.099976,1645.900024,1631.300049,1645.400024,83
3/5/2020,1666.400024,1672.900024,1637.199951,1637.300049,154
3/6/2020,1670.800049,1686.199951,1647.199951,1670.800049,175
3/9/2020,1674.5,1701.599976,1657.699951,1696.099976,161
3/10/2020,1659.099976,1674.599976,1643,1671.599976,48
3/11/2020,1641.400024,1666.5,1635,1656.599976,47
3/12/2020,1589.300049,1647.5,1566.400024,1637,256
3/13/2020,1515.699951,1589.800049,1513.800049,1574.900024,89
3/16/2020,1485.900024,1569.099976,1452.099976,1569.099976,193
3/17/2020,1524.900024,1537.699951,1469.300049,1469.300049,122
3/18/2020,1477.300049,1542,1477.300049,1537.5,333
3/19/2020,1478.599976,1491.599976,1471,1481.5,262
3/20/2020,1484,1484,1483.5,1483.5,14
3/23/2020,1567,1567,1490.199951,1505.300049,51
3/24/2020,1660.199951,1685.5,1592.699951,1592.699951,442
3/25/2020,1632.300049,1676.5,1631.099976,1676.5,476
3/26/2020,1650.099976,1660.5,1650.099976,1660.5,3
3/27/2020,1623.900024,1623.900024,1623.900024,1623.900024,100638
3/30/2020,1622,1652.800049,1607.199951,1641.199951,16389
3/31/2020,1583.400024,1621,1576,1618.699951,2874
4/1/2020,1578.199951,1600,1570,1570,2158
4/2/2020,1625.699951,1631.199951,1586,1590.900024,1294
4/3/2020,1633.699951,1636,1619.800049,1624.5,643
4/6/2020,1677,1696.699951,1625.900024,1629.099976,1063
4/7/2020,1664.800049,1724.400024,1658,1695.699951,1144
4/8/2020,1665.400024,1677,1662.5,1669.699951,747
4/9/2020,1736.199951,1736.199951,1662.699951,1662.699951,825
4/13/2020,1744.800049,1756.800049,1710.699951,1722,696
4/14/2020,1756.699951,1775,1739.5,1756.800049,675
4/15/2020,1727.199951,1744.900024,1722.699951,1739.400024,642
4/16/2020,1720.400024,1750.599976,1715,1731,162
4/17/2020,1689.199951,1725,1684.900024,1715.699951,223
4/20/2020,1701.599976,1701.599976,1680,1686,106
4/21/2020,1678.199951,1707.099976,1659.900024,1697,666
4/22/2020,1728.699951,1728.699951,1684.800049,1696,453
4/23/2020,1733.300049,1745.099976,1733.300049,1734,482
4/24/2020,1723.5,1744,1714.5,1744,221
4/27/2020,1711.900024,1731.900024,1711.900024,1731.900024,169
4/28/2020,1710.5,1716.599976,1707.099976,1716.599976,1255
4/29/2020,1703.400024,1713.5,1702,1710,373
4/30/2020,1684.199951,1719.300049,1680.800049,1719.300049,327
5/1/2020,1694.5,1701.5,1670.5,1686.599976,337
5/4/2020,1706.900024,1709,1699.599976,1702.599976,320
5/5/2020,1704.400024,1704.400024,1697.199951,1701.5,82
5/6/2020,1684.199951,1704,1684.199951,1704,469
5/7/2020,1721.800049,1721.800049,1685.599976,1686.199951,853
5/8/2020,1709.900024,1728.900024,1703.800049,1726.199951,330
5/11/2020,1695.300049,1704.5,1690.199951,1702.300049,749
5/12/2020,1704.400024,1713.099976,1699.300049,1699.300049,324
5/13/2020,1713.900024,1721.300049,1701.900024,1702,431
5/14/2020,1738.099976,1743.099976,1720.5,1724.300049,672
5/15/2020,1753.400024,1753.400024,1739.699951,1739.699951,719
5/18/2020,1731.800049,1770.5,1731.800049,1755.699951,229
5/19/2020,1744.199951,1749.5,1744.199951,1744.199951,167
5/20/2020,1750.599976,1752.099976,1745.599976,1751.599976,16
5/21/2020,1720.5,1746.800049,1720.5,1746.800049,528
5/22/2020,1734.599976,1734.599976,1726.599976,1726.599976,6
5/26/2020,1704.800049,1726.400024,1704.800049,1726.400024,39
5/27/2020,1710.300049,1710.300049,1685.599976,1685.599976,137416
5/28/2020,1713.300049,1727.800049,1705,1709.300049,23355
5/29/2020,1736.900024,1738.300049,1715.099976,1718.800049,1526
6/1/2020,1737.800049,1747,1727.099976,1740.400024,871
6/2/2020,1725.199951,1745.5,1721.800049,1743,741
6/3/2020,1697.800049,1726.300049,1684.5,1726.300049,2755
6/4/2020,1718.900024,1718.900024,1694.5,1694.5,807
6/5/2020,1676.199951,1711.800049,1668.599976,1711.800049,1502
6/8/2020,1698.300049,1699.400024,1675.900024,1679.099976,587
6/9/2020,1714.699951,1720.900024,1692,1694.599976,690
6/10/2020,1713.300049,1740.800049,1711.900024,1716.099976,718
6/11/2020,1732,1744.099976,1720,1737.199951,347
6/12/2020,1729.300049,1743,1724.900024,1724.900024,318
6/15/2020,1720.300049,1730,1703.300049,1730,188
6/16/2020,1729.599976,1729.599976,1722.400024,1726.300049,22
6/17/2020,1729.199951,1729.199951,1714.699951,1714.699951,51
6/18/2020,1724.800049,1734.099976,1717.300049,1730.5,110
6/19/2020,1745.900024,1750.699951,1723.5,1723.699951,1329
6/22/2020,1756.699951,1767.599976,1750.5,1755.199951,1356
6/23/2020,1772.099976,1776.300049,1754.199951,1755.400024,666
6/24/2020,1765.800049,1783.099976,1764.5,1778.300049,961
6/25/2020,1762.099976,1764.800049,1759.800049,1761.699951,207
6/26/2020,1772.5,1772.5,1764.699951,1766,640
6/29/2020,1774.800049,1780.199951,1774.300049,1779.800049,584
6/30/2020,1793,1793.199951,1774.400024,1777.300049,986
7/1/2020,1773.199951,1798,1765.800049,1793.599976,331
7/2/2020,1784,1784,1768.699951,1773.400024,215
7/6/2020,1788.5,1790.099976,1788.199951,1788.199951,172
7/7/2020,1804.199951,1804.199951,1783.300049,1789.300049,751
7/8/2020,1815.5,1817.900024,1801.5,1801.5,209
7/9/2020,1799.199951,1819.800049,1799.199951,1816.099976,396
7/10/2020,1798.199951,1805.5,1797.699951,1805.5,236
7/13/2020,1811,1811,1805,1805,164
7/14/2020,1810.599976,1811.5,1791,1791,339
7/15/2020,1811.400024,1813.5,1806.099976,1806.099976,167
7/16/2020,1798.699951,1810.900024,1794.300049,1810.900024,146
7/17/2020,1808.300049,1810.099976,1798.5,1798.5,24
7/20/2020,1815.900024,1817.300049,1807,1807,89
7/21/2020,1842.400024,1842.400024,1822,1822,117
7/22/2020,1864.099976,1867,1854.699951,1858.099976,213
7/23/2020,1889.099976,1890.300049,1868.5,1868.699951,133
7/24/2020,1897.300049,1897.300049,1884.300049,1884.300049,474
7/27/2020,1931,1938,1901.5,1901.699951,364
7/28/2020,1944.699951,1944.699951,1928.599976,1931.5,825
7/29/2020,1953.5,1953.5,1952.599976,1953.199951,209835
7/30/2020,1942.300049,1965.099976,1930,1963.400024,28853
7/31/2020,1962.800049,1981.099976,1948,1948.599976,2914
8/3/2020,1966,1984.300049,1955.5,1984.300049,683
8/4/2020,2001.199951,2016.199951,1968.800049,1971,2010
8/5/2020,2031.099976,2050.199951,2011,2024,1422
8/6/2020,2051.5,2063,2040,2045.5,294
8/7/2020,2010.099976,2055,2009.599976,2040.099976,808
8/10/2020,2024.400024,2043.800049,2017.5,2026.400024,233
8/11/2020,1932.599976,2016,1904,2012.400024,971
8/12/2020,1934.900024,1946.599976,1871.599976,1923,404
8/13/2020,1956.699951,1957.400024,1916.900024,1921.5,71
8/14/2020,1937,1947.400024,1937,1938.699951,201
8/17/2020,1985,1985,1949.599976,1949.599976,97
8/18/2020,1999.400024,2002.800049,1972.099976,2001.099976,92
8/19/2020,1958.699951,1980,1938.699951,1980,347
8/20/2020,1933.800049,1948.300049,1922.300049,1941.199951,106
8/21/2020,1934.599976,1945,1908.900024,1941,184
8/24/2020,1927.699951,1940,1922.199951,1930.199951,85
8/25/2020,1911.800049,1928.5,1911.800049,1927.5,176
8/26/2020,1940.699951,1950.800049,1909.699951,1909.699951,287
8/27/2020,1921.599976,1972.5,1921.599976,1948.900024,2303
8/28/2020,1964.599976,1971.300049,1922.5,1927.099976,778
8/31/2020,1967.599976,1971.300049,1953.300049,1970,158
9/1/2020,1968.199951,1986.300049,1961.699951,1961.699951,186
9/2/2020,1934.400024,1967.300049,1934.400024,1967.300049,71
9/3/2020,1927.599976,1938.800049,1923,1937.099976,179
9/4/2020,1923.900024,1939.699951,1917.699951,1927.900024,607
9/8/2020,1933,1937.900024,1903.099976,1930.900024,271
9/9/2020,1944.699951,1946.199951,1924.599976,1926.900024,219
9/10/2020,1954.199951,1962.699951,1944.099976,1944.099976,722
9/11/2020,1937.800049,1949.5,1937.800049,1944,73
9/14/2020,1953.099976,1953.099976,1943,1946.300049,55
9/15/2020,1956.300049,1968.5,1955.800049,1955.800049,74
9/16/2020,1960.199951,1961.400024,1956.699951,1961.300049,124
9/17/2020,1940,1946,1933.699951,1939,67
9/18/2020,1952.099976,1952.099976,1949,1950.5,38
9/21/2020,1901.199951,1946.199951,1883.400024,1946.199951,52
9/22/2020,1898.599976,1913.099976,1898.599976,1913.099976,331
9/23/2020,1859.900024,1875.5,1859.900024,1875.5,5
9/24/2020,1868.300049,1868.300049,1851.5,1851.5,365
9/25/2020,1857.699951,1857.699951,1856.300049,1856.300049,4
9/28/2020,1872.800049,1872.800049,1872.800049,1872.800049,10455
9/29/2020,1894.300049,1895.400024,1872.400024,1876.5,3283
9/30/2020,1887.5,1899.699951,1879.800049,1893,600
10/1/2020,1908.400024,1909.599976,1882.5,1884.099976,730
10/2/2020,1900.199951,1913,1893.900024,1893.900024,530
10/5/2020,1912.5,1915.599976,1884.699951,1898.900024,1360
10/6/2020,1901.099976,1918,1874.400024,1906.599976,968
10/7/2020,1883.599976,1889.800049,1873.099976,1874.099976,50
10/8/2020,1888.599976,1893,1882.699951,1893,348
10/9/2020,1919.5,1929.099976,1905.099976,1909.300049,580
10/12/2020,1922.5,1926.5,1921.599976,1924,96
10/13/2020,1888.5,1922.199951,1887,1921.900024,191
10/14/2020,1901.300049,1910.800049,1882.5,1889.699951,33
10/15/2020,1903.199951,1906.300049,1889.599976,1897.300049,254
10/16/2020,1900.800049,1900.800049,1898.5,1898.5,53
10/19/2020,1906.400024,1907.800049,1899.5,1907.300049,43
10/20/2020,1910.400024,1910.400024,1896.099976,1901.300049,329
10/21/2020,1924.599976,1927.300049,1913.599976,1913.599976,1202
10/22/2020,1901.099976,1924.300049,1898.199951,1924.300049,899
10/23/2020,1902,1913.300049,1896.199951,1899.900024,287
10/26/2020,1902.699951,1907,1893.5,1895.5,242
10/27/2020,1908.800049,1908.800049,1904.400024,1904.599976,176
10/28/2020,1876.199951,1876.199951,1870.900024,1870.900024,277
10/29/2020,1865.599976,1879.800049,1858.800049,1876.099976,240
10/30/2020,1877.400024,1886.599976,1862.800049,1862.800049,725
11/2/2020,1890.400024,1894.699951,1872.900024,1872.900024,190
11/3/2020,1908.5,1908.5,1891.5,1891.5,712
11/4/2020,1894.599976,1907,1885.300049,1893.800049,782
11/5/2020,1945.300049,1948,1901.699951,1901.699951,135
11/6/2020,1950.300049,1958.800049,1940.800049,1940.800049,304
11/9/2020,1853.199951,1963.199951,1847.099976,1955.599976,745
11/10/2020,1875.400024,1885.300049,1871.199951,1879.300049,276
11/11/2020,1860.699951,1878.800049,1855.5,1878.800049,222
11/12/2020,1872.599976,1878.5,1866.599976,1869,220
11/13/2020,1885.699951,1890.099976,1876.800049,1877,240
11/16/2020,1887.300049,1887.300049,1871,1874.599976,6
11/17/2020,1884.5,1888.400024,1884.5,1888.400024,59
11/18/2020,1873.5,1873.5,1873.5,1873.5,152
11/19/2020,1861.099976,1865.800049,1856,1865.800049,59
11/20/2020,1872.599976,1872.599976,1871.199951,1871.199951,1900
11/23/2020,1837.800049,1837.800049,1829.199951,1834.800049,843
11/24/2020,1804.800049,1829.300049,1799.300049,1829.300049,1041
11/25/2020,1805.699951,1805.699951,1801.400024,1801.400024,205754
11/27/2020,1781.900024,1817,1770.699951,1806.099976,71804
11/30/2020,1775.699951,1787.199951,1762.300049,1785,3145
12/1/2020,1814.099976,1815.900024,1774.900024,1775,1859
12/2/2020,1825.699951,1830,1807.800049,1811.300049,771
12/3/2020,1836.800049,1842,1825.300049,1829.199951,1765
12/4/2020,1835.900024,1847.599976,1828.199951,1840.699951,1213
12/7/2020,1861.800049,1866.900024,1820.800049,1836.5,1427
12/8/2020,1870.800049,1875.800049,1861.800049,1863,121
12/9/2020,1834.599976,1867.099976,1827,1867.099976,215
12/10/2020,1833.599976,1849.099976,1828,1833.199951,177
12/11/2020,1839.800049,1846,1829.099976,1838.5,109
12/14/2020,1828.699951,1835.699951,1822.699951,1835.5,258
12/15/2020,1852.300049,1853.599976,1833.199951,1833.5,961
12/16/2020,1856.099976,1864.699951,1850.5,1856.5,1090
12/17/2020,1887.199951,1896.199951,1874.199951,1874.199951,414
12/18/2020,1885.699951,1889.5,1882.300049,1882.400024,276
12/21/2020,1879.199951,1908,1869.099976,1884.800049,136
12/22/2020,1866.599976,1882.199951,1861,1882.199951,233
12/23/2020,1874.699951,1878.800049,1864.5,1867,82
12/24/2020,1879.900024,1879.900024,1875.699951,1877.300049,46
12/28/2020,1877.199951,1895.800049,1873.699951,1895.5,75
12/29/2020,1879.699951,1881.300049,1879.699951,1881.300049,343
12/30/2020,1891,1895.800049,1877.300049,1879.900024,444
12/31/2020,1893.099976,1901.300049,1892.699951,1897,127
1/4/2021,1944.699951,1945.099976,1912.199951,1912.199951,154
1/5/2021,1952.699951,1952.699951,1941.300049,1941.699951,113
1/6/2021,1906.900024,1959.900024,1901.5,1952,331
1/7/2021,1912.300049,1926.699951,1912,1922.599976,122
1/8/2021,1834.099976,1908,1834.099976,1908,60
1/11/2021,1849.599976,1849.599976,1826.5,1826.5,20
1/12/2021,1842.900024,1859.699951,1839.400024,1849,176
1/13/2021,1853.599976,1858.599976,1853.599976,1858,189
1/14/2021,1850.300049,1850.699951,1836.699951,1836.699951,149
1/15/2021,1829.300049,1829.400024,1825,1829.400024,31
1/19/2021,1839.5,1842.900024,1802,1802,13
1/20/2021,1865.900024,1866.599976,1844.400024,1847.800049,16
1/21/2021,1865.300049,1868,1865.300049,1865.300049,6
1/22/2021,1855.699951,1855.699951,1852.699951,1854.900024,8
1/25/2021,1854.900024,1864.699951,1851.800049,1864.699951,26
1/26/2021,1850.699951,1855.800049,1850.699951,1855.800049,59
1/27/2021,1844.900024,1844.900024,1844.900024,1844.900024,195540
1/28/2021,1837.900024,1862.900024,1831.5,1843.400024,27283
1/29/2021,1847.300049,1876,1838.699951,1842,1634
2/1/2021,1860.800049,1871.900024,1850,1866.599976,1494
2/2/2021,1830.5,1861.300049,1827.599976,1859.599976,1293
2/3/2021,1832.199951,1842.400024,1829.800049,1834.800049,1195
2/4/2021,1788.900024,1832.199951,1782.800049,1832.199951,2375
2/5/2021,1810.900024,1813.5,1790.900024,1794.300049,1278
2/8/2021,1831.900024,1836.699951,1809,1816.300049,254
2/9/2021,1835.300049,1843.300049,1830.699951,1841.900024,184
2/10/2021,1840.599976,1851.099976,1837,1842.599976,543
2/11/2021,1824.900024,1845,1820.900024,1840.5,602
2/12/2021,1821.599976,1827.5,1809.199951,1825,259
2/16/2021,1797.199951,1823.400024,1787.300049,1820.900024,1141
2/17/2021,1771.099976,1789.699951,1768.800049,1785.800049,614
2/18/2021,1773.400024,1784.599976,1766,1776.099976,587
2/19/2021,1775.800049,1787.599976,1764.300049,1764.300049,118
2/22/2021,1806.699951,1807.800049,1784,1784,165
2/23/2021,1804.400024,1811.300049,1796.400024,1809.599976,569
2/24/2021,1796.400024,1805.800049,1796.400024,1805.800049,1500
2/25/2021,1774.400024,1802,1766.699951,1801.5,1049
2/26/2021,1728.099976,1768.199951,1718.800049,1768.099976,1593
3/1/2021,1722.5,1747,1720.300049,1737.099976,407
3/2/2021,1733.099976,1733.099976,1708.699951,1709.400024,867
3/3/2021,1715.300049,1732.400024,1703.5,1730,501
3/4/2021,1700.199951,1717.400024,1700.199951,1706.5,521
3/5/2021,1698,1701,1685,1690.599976,302
3/8/2021,1677.699951,1705.400024,1673.699951,1704.699951,1290
3/9/2021,1716.599976,1717.5,1685.199951,1686.199951,335
3/10/2021,1721.5,1722.900024,1711,1713.599976,412
3/11/2021,1722.300049,1737.5,1720.199951,1725.599976,18
3/12/2021,1719.5,1722.5,1699,1715.900024,80
3/15/2021,1728.900024,1731.900024,1722.800049,1729.5,147
3/16/2021,1730.599976,1733.900024,1726,1732.300049,729
3/17/2021,1726.800049,1750.099976,1725.599976,1735.300049,488
3/18/2021,1732.199951,1750.300049,1721.800049,1745.800049,138
3/19/2021,1741.400024,1742.199951,1733.599976,1742.199951,13
3/22/2021,1737.800049,1737.800049,1737.800049,1737.800049,51
3/23/2021,1724.699951,1724.699951,1724.699951,1724.699951,6
3/24/2021,1732.900024,1732.900024,1727.5,1727.5,26
3/25/2021,1724.900024,1733.199951,1724.5,1732.699951,15
3/26/2021,1732.199951,1732.199951,1721.300049,1721.300049,33
3/29/2021,1712.099976,1712.099976,1712.099976,1712.099976,135457
3/30/2021,1683.900024,1712.599976,1676.5,1711,25316
3/31/2021,1713.800049,1713.800049,1676.5,1683.699951,762
4/1/2021,1726.5,1728.800049,1706.400024,1706.800049,720
4/5/2021,1727,1729.699951,1721.900024,1727.900024,275
4/6/2021,1741.5,1744.800049,1726.900024,1726.900024,890
4/7/2021,1740.099976,1742.699951,1733.699951,1742.699951,557
4/8/2021,1756.800049,1758,1734.599976,1736,1298
4/9/2021,1743.300049,1750.800049,1733.300049,1750.800049,484
4/12/2021,1731.199951,1740.800049,1726.699951,1740.800049,40
4/13/2021,1746.199951,1746.900024,1722.099976,1733.800049,367
4/14/2021,1734.900024,1745.900024,1732.699951,1741.300049,1037
4/15/2021,1765.400024,1767.900024,1740.099976,1740.099976,368
4/16/2021,1779,1779.5,1770.099976,1770.400024,625
4/19/2021,1769.400024,1788.5,1769.400024,1782.099976,144
4/20/2021,1777.300049,1777.300049,1765.5,1769.300049,1464
4/21/2021,1792.300049,1794.099976,1777.699951,1783,250
4/22/2021,1781.199951,1794.199951,1779.5,1794.199951,159
4/23/2021,1777,1794.5,1772,1786.099976,332
4/26/2021,1779.199951,1779.699951,1770.800049,1778,549
4/27/2021,1778,1782,1777.699951,1780,117
4/28/2021,1773.199951,1774,1764.599976,1768.199951,756
4/29/2021,1768.099976,1789,1758.599976,1781,196
4/30/2021,1767.300049,1771.800049,1763.900024,1771.800049,18
5/3/2021,1791.400024,1793,1788.5,1788.5,18
5/4/2021,1775.800049,1788.5,1774.800049,1788.199951,182
5/5/2021,1784.099976,1784.099976,1779.199951,1781.5,57
5/6/2021,1815.5,1815.5,1787.599976,1788.900024,13
5/7/2021,1831.099976,1842.900024,1831.099976,1842.900024,2
5/10/2021,1837.5,1845.599976,1835.400024,1835.599976,13
5/11/2021,1835.900024,1838.099976,1831.599976,1837.199951,420
5/12/2021,1822.599976,1825.199951,1821.699951,1825.199951,3
5/13/2021,1823.800049,1826.800049,1814.099976,1814.699951,100
5/14/2021,1837.900024,1842.900024,1824.5,1824.5,41
5/17/2021,1867.5,1867.5,1847.199951,1849.900024,13
5/18/2021,1867.800049,1870.5,1867.800049,1870.5,3
5/19/2021,1881.300049,1884.900024,1863.599976,1866.400024,348
5/20/2021,1881.800049,1885,1864.800049,1865.5,85
5/21/2021,1876.699951,1876.699951,1872.099976,1872.099976,5
5/24/2021,1884.599976,1884.599976,1882.099976,1882.099976,39
5/25/2021,1898.099976,1898.099976,1882.5,1882.5,56
5/26/2021,1901.300049,1901.300049,1901.300049,1901.300049,170526
5/27/2021,1895.699951,1903.900024,1888.199951,1896.800049,35794
5/28/2021,1902.5,1905.400024,1881.900024,1897.5,2415
6/1/2021,1902.900024,1916.199951,1892.800049,1905.099976,640
6/2/2021,1907.5,1908.800049,1896,1899.199951,1267
6/3/2021,1871.199951,1908.800049,1865,1908.800049,1021
6/4/2021,1889.800049,1895.5,1854,1869.300049,367
6/7/2021,1896.800049,1899.699951,1883.199951,1890.5,87
6/8/2021,1892.199951,1902.900024,1890,1896.5,930
6/9/2021,1893.199951,1897.699951,1889.199951,1894.900024,148
6/10/2021,1894.199951,1899.800049,1871.5,1887.699951,186
6/11/2021,1877.400024,1902.300049,1875.199951,1900.900024,349
6/14/2021,1864,1866.599976,1846.5,1866.199951,41
6/15/2021,1854.5,1867.199951,1854.400024,1866.400024,78
6/16/2021,1859.5,1860.099976,1809.199951,1859.400024,117
6/17/2021,1773.800049,1823.300049,1769.599976,1811.800049,1135
6/18/2021,1767.900024,1792.400024,1767.900024,1775.699951,354
6/21/2021,1781.800049,1785.199951,1766.800049,1768.800049,38
6/22/2021,1776.300049,1786.900024,1775.900024,1783.400024,101
6/23/2021,1782.300049,1793.199951,1780.599976,1780.699951,136
6/24/2021,1775.599976,1786.400024,1775.599976,1778.900024,78
6/25/2021,1776.599976,1788,1775.199951,1777.699951,35
6/28/2021,1779.599976,1779.599976,1779.599976,1779.599976,888
6/29/2021,1762.800049,1777.099976,1752.099976,1776.800049,419
6/30/2021,1770.800049,1770.800049,1759.199951,1761.099976,51
7/1/2021,1775.900024,1781.199951,1768.800049,1775.699951,44
7/2/2021,1782.599976,1787.900024,1778.300049,1778.699951,23
7/6/2021,1793.5,1809.800049,1786.699951,1786.699951,332
7/7/2021,1801.5,1808.400024,1797.199951,1798.699951,244
7/8/2021,1799.599976,1818.5,1797,1797,148
7/9/2021,1810,1810.099976,1798.800049,1803.599976,218
7/12/2021,1805.5,1805.5,1799.5,1802.599976,147
7/13/2021,1809.400024,1812,1800.599976,1808.099976,78
7/14/2021,1824.300049,1829,1813.099976,1813.099976,707
7/15/2021,1828.400024,1833,1823.400024,1831.599976,99
7/16/2021,1814.5,1831.400024,1814.5,1830.099976,78
7/19/2021,1808.699951,1813.400024,1803.300049,1803.300049,33
7/20/2021,1810.900024,1824,1810.900024,1812.900024,128
7/21/2021,1802.900024,1807,1800,1807,135
7/22/2021,1805,1805,1793.599976,1793.599976,2
7/23/2021,1801.400024,1801.400024,1800,1800,1
7/26/2021,1798.699951,1802.5,1797.199951,1802.5,17
7/27/2021,1799.5,1803.699951,1799.5,1803.699951,1
7/28/2021,1799.5,1799.5,1799.5,1799.5,209783
7/29/2021,1831.199951,1832.599976,1806.099976,1806.599976,30496
7/30/2021,1812.599976,1830.5,1808.900024,1828,3100
8/2/2021,1818.099976,1818.699951,1804.800049,1812.400024,1334
8/3/2021,1810.099976,1813.5,1806,1812.300049,3341
8/4/2021,1810.5,1831.300049,1806.300049,1809.300049,2860
8/5/2021,1805.099976,1813.699951,1796,1810.800049,588
8/6/2021,1760,1800.099976,1758.400024,1799.800049,859
8/9/2021,1723.400024,1753.800049,1692.599976,1753.5,1621
8/10/2021,1728.800049,1735.199951,1720.099976,1728.599976,1363
8/11/2021,1750.400024,1752.199951,1727.300049,1727.300049,542
8/12/2021,1749,1752.400024,1745.5,1749.699951,739
8/13/2021,1775.199951,1777.300049,1757.400024,1758.300049,436
8/16/2021,1786.900024,1787.800049,1771.900024,1776.900024,219
8/17/2021,1785,1794.199951,1780,1787.699951,200
8/18/2021,1781.599976,1791.5,1779,1787.800049,263
8/19/2021,1780.199951,1789.300049,1775.5,1780,245
8/20/2021,1781,1787.5,1778.199951,1784.099976,235
8/23/2021,1803.199951,1804.800049,1776.800049,1776.800049,32
8/24/2021,1805.599976,1805.599976,1801,1801,22
8/25/2021,1788.199951,1792.900024,1784,1792,812
8/26/2021,1792.199951,1792.199951,1781,1787.400024,61
8/27/2021,1816.599976,1816.599976,1803.099976,1803.400024,1219
8/30/2021,1809,1820.300049,1807.800049,1818.199951,684
8/31/2021,1815,1815.900024,1801.099976,1815.900024,82
9/1/2021,1813.099976,1815.900024,1809.5,1813.5,114
9/2/2021,1808.699951,1813.900024,1806.800049,1813.199951,26
9/3/2021,1830.900024,1833.900024,1818.900024,1820.900024,53
9/7/2021,1795.900024,1825.699951,1792.699951,1825.699951,48
9/8/2021,1790.699951,1790.699951,1781.699951,1781.699951,69
9/9/2021,1797.400024,1798.699951,1787.900024,1798.699951,49
9/10/2021,1789.599976,1789.599976,1789.599976,1789.599976,0
9/13/2021,1792,1796,1784,1789.800049,533
9/14/2021,1804.699951,1806.199951,1783,1791.400024,764
9/15/2021,1792.400024,1803.699951,1792.400024,1803.699951,59
9/16/2021,1754.599976,1792.900024,1743.900024,1792.900024,1645
9/17/2021,1749.400024,1763,1749.400024,1758.800049,581
9/20/2021,1761.800049,1761.800049,1750.900024,1751.800049,185
9/21/2021,1776,1776,1759,1762.199951,106
9/22/2021,1776.699951,1784.300049,1767,1776.699951,17
9/23/2021,1747.699951,1766.800049,1738.199951,1766.800049,31
9/24/2021,1749.699951,1749.699951,1745,1749.699951,76
9/27/2021,1750,1754.400024,1747.5,1751.699951,808
9/28/2021,1735.800049,1741.699951,1726.800049,1739.599976,15748
9/29/2021,1721.5,1744.099976,1721.400024,1732.400024,6634
9/30/2021,1755.300049,1760.300049,1724.5,1725.5,997
10/1/2021,1757,1762.599976,1748.5,1754.300049,2220
10/4/2021,1766.199951,1768.900024,1749.5,1764.5,417
10/5/2021,1759.599976,1764.300049,1749,1764.300049,98
10/6/2021,1760.5,1762.900024,1744.699951,1759.300049,56
10/7/2021,1757.900024,1762.400024,1752.800049,1762.400024,336
10/8/2021,1756.300049,1780,1754.199951,1757,254
10/11/2021,1754.599976,1757.800049,1752.199951,1756.599976,128
10/12/2021,1758.300049,1768,1749.800049,1751.900024,139
10/13/2021,1793.699951,1794.5,1760.800049,1760.800049,150
10/14/2021,1796.699951,1799.900024,1792,1792.199951,337
10/15/2021,1767.199951,1795.400024,1766.599976,1794.5,874
10/18/2021,1764.800049,1770.099976,1759.5,1761.599976,266
10/19/2021,1769.699951,1785,1767.5,1777.599976,51
10/20/2021,1784.099976,1785.599976,1774,1774.599976,127
10/21/2021,1781.199951,1785.699951,1781,1782,146
10/22/2021,1795.5,1806.900024,1784,1787.099976,532
10/25/2021,1806,1809,1794,1794.300049,140
10/26/2021,1792.699951,1808.800049,1788.599976,1808.800049,359
10/27/2021,1797.900024,1798.099976,1791.5,1791.5,543
10/28/2021,1801.599976,1807.300049,1795.5,1795.5,452
10/29/2021,1783,1797,1774.599976,1793.099976,583
11/1/2021,1795.099976,1795.099976,1786.699951,1787.5,142
11/2/2021,1788.699951,1795.5,1787.699951,1790.5,213
11/3/2021,1763.599976,1768,1761.800049,1768,108
11/4/2021,1793,1798.199951,1776.199951,1776.599976,103
11/5/2021,1816.400024,1817.099976,1794.900024,1794.900024,239
11/8/2021,1827.400024,1827.400024,1816.900024,1817,261
11/9/2021,1830.199951,1832.699951,1820.699951,1826.099976,170
11/10/2021,1847.599976,1865,1824.900024,1825.800049,795
11/11/2021,1863.199951,1866.5,1853.900024,1853.900024,292
11/12/2021,1867.900024,1867.900024,1847.599976,1860.800049,210
11/15/2021,1866.099976,1866.900024,1864.5,1864.5,87
11/16/2021,1853.599976,1853.599976,1853.599976,1853.599976,1
11/17/2021,1869.699951,1869.699951,1862.599976,1862.599976,2
11/18/2021,1861,1861,1861,1861,9
11/19/2021,1851.199951,1851.199951,1851.199951,1851.199951,21
11/22/2021,1806,1841.599976,1805.699951,1841.599976,14
11/23/2021,1783.5,1795.5,1783.5,1795.5,264
11/24/2021,1784.099976,1793,1781.400024,1793,188
11/26/2021,1785.300049,1791.400024,1785.300049,1791.099976,186800
11/29/2021,1782.300049,1798.900024,1779.099976,1791.699951,26926
11/30/2021,1773.599976,1808.099976,1768.699951,1783.900024,4903
12/1/2021,1781.599976,1790.5,1772.300049,1774.800049,1128
12/2/2021,1760.699951,1780.900024,1760.599976,1780.900024,1557
12/3/2021,1782,1785.099976,1766.5,1767.5,694
12/6/2021,1777.5,1783,1777.199951,1780.199951,381
12/7/2021,1782.599976,1786.099976,1772.300049,1779.5,308
12/8/2021,1783.400024,1789.900024,1779,1789.900024,1383
12/9/2021,1774.599976,1783.5,1771.800049,1783.5,455
12/10/2021,1782.900024,1785.400024,1769.099976,1773.800049,545
12/13/2021,1786.300049,1787.099976,1783.800049,1784.400024,206
12/14/2021,1770.400024,1787,1769,1787,322
12/15/2021,1762.599976,1778.699951,1753.900024,1767.400024,283
12/16/2021,1796.599976,1798.099976,1781,1781,21
12/17/2021,1803.800049,1812.900024,1803.800049,1804,654
12/20/2021,1793.699951,1799.800049,1792,1796.800049,226
12/21/2021,1787.900024,1796.5,1787.900024,1791.400024,575
12/22/2021,1801.599976,1805.199951,1785.5,1786,567
12/23/2021,1811.199951,1811.199951,1800.800049,1806,193
12/27/2021,1808.099976,1812.099976,1807,1810,150
12/28/2021,1810.199951,1818,1805.5,1812,146
12/29/2021,1805.099976,1805.099976,1791.400024,1803.199951,623
12/30/2021,1812.699951,1816,1796,1801.699951,306
12/31/2021,1827.5,1827.800049,1821.400024,1825.099976,80
1/3/2022,1799.400024,1830.099976,1798.800049,1830.099976,116
1/4/2022,1814,1815.300049,1800,1800.5,38
1/5/2022,1824.599976,1824.599976,1813.099976,1813.099976,8
1/6/2022,1788.699951,1791.300049,1787.099976,1787.099976,30
1/7/2022,1797,1797,1784.400024,1791.800049,17
1/10/2022,1798.400024,1798.699951,1790.400024,1794.900024,534
1/11/2022,1818.599976,1822.5,1803,1803.900024,743
1/12/2022,1827.199951,1827.199951,1816.900024,1819,1547
1/13/2022,1821.199951,1823,1815.400024,1819.800049,40
1/14/2022,1816.5,1822,1816.5,1821.5,816
1/18/2022,1812.300049,1820.099976,1812.300049,1816.800049,900
1/19/2022,1843.099976,1843.099976,1817.400024,1817.400024,4
1/20/2022,1842.5,1843,1838.199951,1840.599976,20
1/21/2022,1831.800049,1842.400024,1828.900024,1838,19
1/24/2022,1841.699951,1842.099976,1837.900024,1837.900024,8
1/25/2022,1852.699951,1852.699951,1842,1843,11
1/26/2022,1829.900024,1829.900024,1829.900024,1829.900024,55
1/27/2022,1793.300049,1793.300049,1793.300049,1793.300049,196036
1/28/2022,1784.900024,1798.400024,1778.800049,1797.5,28521
1/31/2022,1795,1798.5,1785.099976,1788.5,1735
2/1/2022,1800.300049,1806.099976,1797.099976,1797.199951,223
2/2/2022,1809.199951,1810.099976,1795.099976,1797.800049,1690
2/3/2022,1803,1808.099976,1787.900024,1805.800049,466
2/4/2022,1806.599976,1813.699951,1792.5,1806,571
2/7/2022,1820.599976,1821.300049,1809.099976,1812.199951,601
2/8/2022,1826.599976,1827.599976,1815,1818.900024,108
2/9/2022,1835.199951,1835.199951,1825.300049,1825.400024,683
2/10/2022,1836.199951,1842.099976,1820.800049,1833.300049,365
2/11/2022,1840.800049,1864.800049,1822,1822,181
2/14/2022,1868,1870.599976,1854.599976,1861.800049,79
2/15/2022,1854.800049,1879.699951,1847.400024,1872.599976,86
2/16/2022,1870.199951,1870.199951,1856.300049,1858.699951,34
2/17/2022,1900.699951,1900.699951,1876.199951,1876.300049,393
2/18/2022,1898.599976,1899.400024,1890.699951,1899.400024,51
2/22/2022,1906.099976,1912,1890.800049,1908.099976,173
2/23/2022,1909.199951,1910.599976,1895.699951,1896.599976,73
2/24/2022,1925.099976,1972.5,1911.699951,1911.900024,2706
2/25/2022,1886.5,1920,1883.599976,1906.900024,586
2/28/2022,1899.400024,1928.400024,1894.199951,1928.300049,390
3/1/2022,1942.400024,1942.400024,1903.800049,1908.300049,547
3/2/2022,1920.900024,1948.199951,1919.800049,1945.599976,109
3/3/2022,1934.400024,1940.300049,1924.800049,1930.5,122
3/4/2022,1965.099976,1970.900024,1935.599976,1937,47
3/7/2022,1993.900024,2001.099976,1963,1989,2516
3/8/2022,2040.099976,2072,1998,1999.400024,1813
3/9/2022,1985.900024,2063,1980.800049,2053.600098,1022
3/10/2022,1998.099976,2010.5,1978.099976,1978.099976,670
3/11/2022,1982.699951,1996,1959.900024,1985,865
3/14/2022,1959.599976,1977.699951,1959.599976,1976.5,145
3/15/2022,1928.5,1939.900024,1910.699951,1939.800049,71
3/16/2022,1908,1922.400024,1907.199951,1922.400024,104
3/17/2022,1942.099976,1947.199951,1933.900024,1933.900024,39
3/18/2022,1928.199951,1939.300049,1928.199951,1934.5,28
3/21/2022,1928.599976,1928.599976,1925,1925.400024,5
3/22/2022,1920.699951,1920.699951,1920.699951,1920.699951,26
3/23/2022,1936.599976,1936.599976,1936.599976,1936.599976,204
3/24/2022,1961.599976,1964,1961.599976,1963.599976,8
3/25/2022,1953.800049,1953.800049,1953.800049,1953.800049,83
3/28/2022,1939.599976,1939.599976,1932.599976,1932.599976,7
3/29/2022,1912,1912,1893.5,1893.5,128051
3/30/2022,1933.5,1937,1914.5,1918.400024,17765
3/31/2022,1949.199951,1949.900024,1919.099976,1933.5,3617
4/1/2022,1919.099976,1938,1917,1935,1016
4/4/2022,1929.199951,1936.099976,1915.599976,1921.199951,371
4/5/2022,1922.900024,1943.5,1918.400024,1927.099976,412
4/6/2022,1918.400024,1931.800049,1916.699951,1916.699951,138
4/7/2022,1933.800049,1934.800049,1919.5,1919.5,311
4/8/2022,1941.599976,1947.699951,1928.800049,1928.800049,153
4/11/2022,1944.300049,1968.400024,1941.800049,1946.599976,163
4/12/2022,1972.099976,1977.099976,1950.599976,1952.5,246
4/13/2022,1981,1981,1969.5,1969.5,204
4/14/2022,1970.900024,1978.699951,1963,1977.199951,101
4/18/2022,1982.900024,1997.099976,1972.800049,1973.400024,196
4/19/2022,1955.699951,1978.300049,1945.699951,1973.800049,130
4/20/2022,1952.300049,1953.599976,1945.5,1945.5,621
4/21/2022,1944.900024,1944.900024,1942.5,1942.5,4
4/22/2022,1931,1950.400024,1930.199951,1949.599976,178
4/25/2022,1893.199951,1925,1889.300049,1925,748
4/26/2022,1901.400024,1909.099976,1894,1900.5,302
4/27/2022,1885.900024,1900.599976,1882.199951,1897.800049,1786
4/28/2022,1888.699951,1893,1872.900024,1883.800049,513
4/29/2022,1909.300049,1918.199951,1902.400024,1902.699951,132
5/2/2022,1861.800049,1896.800049,1853,1896.699951,385
5/3/2022,1868.800049,1868.800049,1868.800049,1868.800049,466
5/4/2022,1867,1867,1867,1867,1
5/5/2022,1874,1904.300049,1874,1897,80
5/6/2022,1881.199951,1890.300049,1871.5,1874.699951,214
5/9/2022,1857.099976,1867.5,1854,1866.599976,304
5/10/2022,1839.900024,1839.900024,1839.900024,1839.900024,1540
5/11/2022,1852.599976,1852.599976,1841,1841.5,892
5/12/2022,1823.800049,1851.900024,1822.199951,1849.800049,153
5/13/2022,1807.400024,1825,1807.400024,1825,335
5/16/2022,1813.5,1813.5,1787,1790.5,34
5/17/2022,1818.199951,1828.599976,1816.699951,1824.900024,121
5/18/2022,1815.900024,1819.699951,1805,1815,311
5/19/2022,1841.199951,1841.199951,1810.699951,1810.900024,138
5/20/2022,1841.800049,1841.800049,1836.300049,1839.099976,110
5/23/2022,1847.800049,1863,1845.800049,1846.300049,216
5/24/2022,1865.099976,1867,1852.5,1852.5,33
5/25/2022,1846.199951,1846.199951,1846.199951,1846.199951,0
5/26/2022,1847.400024,1847.400024,1840.400024,1840.400024,123355
5/27/2022,1851.300049,1860.699951,1845.900024,1848.300049,30091
5/31/2022,1842.699951,1862.099976,1832.800049,1850.300049,4073
6/1/2022,1843.300049,1847.900024,1825.300049,1831,1623
6/2/2022,1866.5,1868.699951,1842.099976,1845.400024,551
6/3/2022,1845.400024,1871.800049,1845.400024,1867.599976,53
6/6/2022,1839.199951,1854.099976,1839.199951,1849,142
6/7/2022,1847.5,1851.599976,1835,1836.900024,1168
6/8/2022,1851.900024,1855,1844.400024,1844.800049,218
6/9/2022,1848.800049,1850.099976,1837.900024,1846.099976,159
6/10/2022,1871.5,1875.599976,1823.900024,1842.699951,1490
6/13/2022,1828,1873.800049,1818.699951,1873.800049,127
6/14/2022,1809.5,1825.5,1805.300049,1825,536
6/15/2022,1815.300049,1839,1810.800049,1814.099976,108
6/16/2022,1845.699951,1850.599976,1814.900024,1819.199951,136
6/17/2022,1835.599976,1853.699951,1833.599976,1853.699951,170
6/21/2022,1834.599976,1838.599976,1830.099976,1835.300049,216
6/22/2022,1834.300049,1842.699951,1821.599976,1829.5,115
6/23/2022,1825.699951,1841.199951,1825.699951,1835.5,9
6/24/2022,1826.5,1826.5,1815.800049,1820.5,61
6/27/2022,1820.900024,1830.699951,1819.900024,1830.5,77
6/28/2022,1817.5,1826,1817.5,1824.199951,391
6/29/2022,1813.699951,1830.300049,1812.800049,1818.300049,173
6/30/2022,1804.099976,1817.300049,1801,1809.599976,328
7/1/2022,1798.900024,1806.099976,1791.599976,1795.5,77
7/5/2022,1761.800049,1805.400024,1761.800049,1805.400024,64
7/6/2022,1734.900024,1768,1734,1762.5,1729
7/7/2022,1737.900024,1745.199951,1737,1745.199951,1869
7/8/2022,1740.599976,1749.300049,1732.099976,1738.099976,370
7/11/2022,1730,1736.699951,1730,1732.5,75
7/12/2022,1723.300049,1735.5,1723.300049,1734.199951,451
7/13/2022,1734.199951,1734.199951,1710,1710,368
7/14/2022,1704.5,1710.5,1704.5,1710.300049,1289
7/15/2022,1702.400024,1709.699951,1701.099976,1705.400024,721
7/18/2022,1709.199951,1712.400024,1709.199951,1712.199951,264
7/19/2022,1710,1714.400024,1706.099976,1712.300049,1684
7/20/2022,1699.5,1708.5,1699.5,1707.099976,130
7/21/2022,1712.699951,1715.5,1679.800049,1687,183
7/22/2022,1727.099976,1735,1713,1713.300049,61
7/25/2022,1719,1732,1719,1727,67
7/26/2022,1717.699951,1718,1717.699951,1718,1
7/27/2022,1719.099976,1719.099976,1719.099976,1719.099976,144865
7/28/2022,1750.300049,1755,1732,1732.300049,37236
7/29/2022,1762.900024,1765.699951,1750,1754,3485
8/1/2022,1769,1772.5,1756.099976,1763.900024,705
8/2/2022,1771.099976,1786.599976,1759.400024,1772.099976,1078
8/3/2022,1758,1770.5,1753,1756.699951,399
8/4/2022,1788.5,1792.099976,1767.699951,1769.400024,285
8/5/2022,1772.900024,1791.400024,1764.199951,1791.199951,645
8/8/2022,1786.800049,1786.800049,1771.800049,1771.800049,127
8/9/2022,1794,1796.099976,1789,1790,249
8/10/2022,1795.599976,1804.900024,1787.800049,1804.400024,601
8/11/2022,1789.699951,1794.300049,1785.699951,1794.300049,1235
8/12/2022,1798.599976,1800.400024,1784.300049,1786.300049,187
8/15/2022,1781.400024,1799,1774.699951,1799,64
8/16/2022,1773.199951,1777.400024,1771.400024,1777.400024,308
8/17/2022,1760.300049,1769.699951,1760,1769.699951,23
8/18/2022,1755.300049,1762.900024,1753.400024,1762.900024,321
8/19/2022,1747.599976,1754.300049,1747.5,1753.699951,49
8/22/2022,1734,1740.5,1726.5,1740.5,347
8/23/2022,1746.800049,1748.900024,1731.900024,1738,509
8/24/2022,1747.800049,1751.800049,1743.599976,1745,187
8/25/2022,1757.699951,1761.800049,1755,1761.599976,172
8/26/2022,1736.099976,1755,1736.099976,1754,202
8/29/2022,1736.599976,1741.199951,1732.099976,1732.400024,950
8/30/2022,1723.199951,1739,1720.699951,1736.400024,385
8/31/2022,1712.800049,1720.900024,1708.5,1718.300049,2133
9/1/2022,1696.599976,1707.900024,1693.900024,1707.900024,683
9/2/2022,1709.800049,1715.699951,1703.099976,1703.400024,182
9/6/2022,1700.400024,1717.400024,1699.699951,1709.699951,697
9/7/2022,1715.300049,1715.300049,1694.699951,1694.800049,651
9/8/2022,1708,1718.199951,1705.300049,1718.199951,1193
9/9/2022,1716.199951,1720,1712.800049,1719.199951,635
9/12/2022,1728.099976,1728.099976,1727.400024,1727.400024,68
9/13/2022,1705,1720.5,1697.300049,1720.5,432
9/14/2022,1696.5,1701.800049,1696.5,1698.699951,532
9/15/2022,1665.400024,1686,1662.300049,1685.5,1125
9/16/2022,1671.699951,1674.900024,1651.699951,1660.400024,464
9/19/2022,1666.199951,1669.400024,1658.5,1661.800049,580
9/20/2022,1659.699951,1659.699951,1659.699951,1659.699951,2830
9/21/2022,1664.599976,1680.099976,1664.599976,1665.5,2337
9/22/2022,1670.800049,1670.800049,1668.300049,1668.300049,973
9/23/2022,1645.300049,1667,1645.300049,1667,1224
9/26/2022,1623.300049,1623.300049,1623.300049,1623.300049,1205
9/27/2022,1626.699951,1636.599976,1626.699951,1632.199951,888
9/28/2022,1660.400024,1660.400024,1620.400024,1620.400024,18311
9/29/2022,1658.5,1662.599976,1640,1657,6028
9/30/2022,1662.400024,1672.699951,1658,1661.699951,548
10/3/2022,1692.900024,1700,1661.900024,1667.199951,410
10/4/2022,1721.099976,1728,1696,1701.199951,291
10/5/2022,1711.400024,1726.599976,1703,1724.099976,418
10/6/2022,1711.699951,1723.300049,1709.099976,1721,133
10/7/2022,1700.5,1710.099976,1693.699951,1710.099976,179
10/10/2022,1667.300049,1693.400024,1667,1693.400024,195
10/11/2022,1678.699951,1678.699951,1661,1661.800049,167
10/12/2022,1670.300049,1672.699951,1668,1668,149
10/13/2022,1670,1675.300049,1641.5,1675.199951,729
10/14/2022,1641.699951,1667,1640,1665.300049,82
10/17/2022,1657,1657,1646.800049,1650.199951,238
10/18/2022,1649,1655.199951,1649,1651.400024,597
10/19/2022,1627.5,1637.5,1627.5,1637.5,84
10/20/2022,1630.800049,1641.400024,1622.800049,1622.800049,477
10/21/2022,1651,1653.900024,1634.099976,1634.099976,224
10/24/2022,1648.699951,1662.699951,1648.699951,1662.699951,29
10/25/2022,1652.800049,1652.800049,1637.300049,1648.199951,880
10/26/2022,1664,1667,1649.800049,1649.800049,89
10/27/2022,1660.699951,1660.699951,1660.699951,1660.699951,2298
10/28/2022,1639.599976,1661,1638.699951,1661,626
10/31/2022,1635.900024,1641.800049,1633.400024,1641.800049,522
11/1/2022,1645,1653.699951,1630.800049,1630.800049,985
11/2/2022,1645.699951,1664.699951,1634,1650.800049,612
11/3/2022,1627.300049,1629.199951,1615.099976,1629.199951,1427
11/4/2022,1672.5,1674.5,1629,1630.199951,159
11/7/2022,1676.5,1677.900024,1672.900024,1676.900024,42
11/8/2022,1712.099976,1712.099976,1703.199951,1703.199951,23
11/9/2022,1710.099976,1720.199951,1706,1707.400024,497
11/10/2022,1750.300049,1750.300049,1708.199951,1708.199951,325
11/11/2022,1766,1766,1757.599976,1763.800049,257
11/14/2022,1773.599976,1773.599976,1761.599976,1762,358
11/15/2022,1773.800049,1773.800049,1769.900024,1770.800049,57
11/16/2022,1773,1778.900024,1773,1776.599976,303
11/17/2022,1760.800049,1763,1756,1763,18
11/18/2022,1751.900024,1763.300049,1747.599976,1763.300049,414
11/21/2022,1737.400024,1744.900024,1736.099976,1739,544
11/22/2022,1738.300049,1741.699951,1738.300049,1741.699951,15
11/23/2022,1744.900024,1750.900024,1736.5,1736.5,39
11/25/2022,1753.300049,1757.900024,1749.199951,1753,216
11/28/2022,1740.099976,1741.300049,1740.099976,1741.300049,132767
11/29/2022,1748.400024,1758.199951,1737.900024,1739.5,19416
11/30/2022,1746,1769.400024,1745.099976,1748.099976,3339
12/1/2022,1801.099976,1803.699951,1768.699951,1768.699951,1053
12/2/2022,1795.900024,1802.300049,1779.400024,1802,1725
12/5/2022,1767.400024,1808,1764.300049,1795.699951,1713
12/6/2022,1769.300049,1779.400024,1767.900024,1768.599976,105
12/7/2022,1785.5,1790.300049,1769.300049,1769.300049,422
12/8/2022,1788.699951,1790.900024,1782,1782,713
12/9/2022,1798.099976,1804.300049,1791.099976,1794.900024,125
12/12/2022,1780.5,1793.900024,1777.699951,1787.300049,85
12/13/2022,1813.900024,1819.800049,1780.5,1780.699951,205
12/14/2022,1807.5,1812.800049,1797.900024,1810.800049,1074
12/15/2022,1777.199951,1801,1774.800049,1801,421
12/16/2022,1790,1791.400024,1777.900024,1777.900024,206
12/19/2022,1787.699951,1796.300049,1785.599976,1791.599976,79
12/20/2022,1815.900024,1821.400024,1786.5,1786.5,51
12/21/2022,1815.900024,1821.400024,1814.400024,1817.400024,35
12/22/2022,1787,1818.099976,1785,1818.099976,411
12/23/2022,1795.900024,1802.800049,1794.099976,1794.300049,49
12/27/2022,1814.800049,1826.300049,1803.400024,1803.400024,69
12/28/2022,1807.900024,1807.900024,1803.099976,1803.199951,434
12/29/2022,1819.5,1819.5,1805.800049,1805.800049,277
12/30/2022,1819.699951,1822.300049,1816.800049,1817,95
1/3/2023,1839.699951,1839.699951,1836.199951,1836.199951,29
1/4/2023,1852.800049,1859.099976,1845.599976,1845.599976,25
1/5/2023,1834.800049,1855.199951,1834.800049,1855.199951,24
1/6/2023,1864.199951,1868.199951,1835.300049,1838.400024,26
1/9/2023,1872.699951,1880,1867,1867,62
1/10/2023,1871.599976,1878.099976,1871.599976,1877.800049,101
1/11/2023,1874.599976,1877.800049,1873.099976,1873.099976,1236
1/12/2023,1895.5,1897.400024,1877.199951,1877.199951,59
1/13/2023,1918.400024,1920.900024,1898.300049,1899,512
1/17/2023,1907.199951,1920.099976,1905.199951,1920.099976,706
1/18/2023,1904.400024,1911.099976,1903.099976,1911.099976,1027
1/19/2023,1922.099976,1931.800049,1922.099976,1922.099976,371
1/20/2023,1926.400024,1928.5,1921.400024,1922.099976,1346
1/23/2023,1927.099976,1927.099976,1915,1926.5,218
1/24/2023,1933.900024,1936.800049,1931.800049,1931.800049,201
1/25/2023,1941.199951,1941.199951,1939.800049,1941.199951,7
1/26/2023,1929.099976,1937.099976,1927.099976,1936.599976,131
1/27/2023,1928.599976,1928.599976,1928.599976,1928.599976,150902
1/30/2023,1922.900024,1933.599976,1920.300049,1928.300049,27220
1/31/2023,1929.5,1930.400024,1900.599976,1923,1910
2/1/2023,1927.800049,1955,1922,1927.199951,2290
2/2/2023,1916.300049,1959.099976,1911.300049,1952.300049,748
2/3/2023,1862.900024,1917,1861.5,1912.400024,992
2/6/2023,1866.199951,1880,1863.400024,1865.599976,424
2/7/2023,1871.699951,1875.699951,1868,1870,297
2/8/2023,1877.400024,1880.400024,1872.099976,1872.099976,230
2/9/2023,1866.199951,1884.599976,1859.800049,1875.300049,223
2/10/2023,1862.800049,1863.5,1852.400024,1861.599976,27
2/13/2023,1851.900024,1861,1850,1859,569
2/14/2023,1854,1862,1846.199951,1854.099976,656
2/15/2023,1834.199951,1842,1828.199951,1842,368
2/16/2023,1842,1843.699951,1827.199951,1838.599976,222
2/17/2023,1840.400024,1842.199951,1818.400024,1827.400024,35
2/21/2023,1833,1843,1833,1842.599976,862
2/22/2023,1832,1836.199951,1825.099976,1835.699951,278
2/23/2023,1818,1827.5,1818,1826.400024,291
2/24/2023,1808.800049,1808.800049,1808.800049,1808.800049,404
2/27/2023,1817,1817.5,1808.900024,1811.599976,829
2/28/2023,1828.900024,1830,1808.099976,1808.099976,618
3/1/2023,1837.699951,1841.699951,1827.099976,1827.099976,211
3/2/2023,1833.5,1836.300049,1830,1830,154
3/3/2023,1847.699951,1855.400024,1837.300049,1837.300049,61
3/6/2023,1847.900024,1853.800049,1844.199951,1853.300049,5
3/7/2023,1813.900024,1840.900024,1813.900024,1840.900024,450
3/8/2023,1812.699951,1812.900024,1811.5,1811.599976,75
3/9/2023,1829.300049,1829.300049,1815.599976,1816.400024,332
3/10/2023,1862,1868.5,1852,1852.300049,248
3/13/2023,1911.699951,1913.099976,1875.099976,1890.800049,503
3/14/2023,1906.199951,1912.199951,1901.099976,1912.199951,107
3/15/2023,1926.599976,1926.599976,1898.5,1903.900024,564
3/16/2023,1919,1931.699951,1909.900024,1909.900024,394
3/17/2023,1969.800049,1985.099976,1946,1946,82
3/20/2023,1979.199951,2003.900024,1968.900024,1988.300049,389
3/21/2023,1938,1973.800049,1938,1973.800049,47
3/22/2023,1946.800049,1974,1946.800049,1946.800049,50
3/23/2023,1993.800049,1994.599976,1990.5,1990.5,33
3/24/2023,1982.099976,1995.400024,1982.099976,1991.699951,19
3/27/2023,1952.400024,1957.199951,1952.400024,1957.199951,877
3/28/2023,1972.400024,1972.400024,1972.400024,1972.400024,21
3/29/2023,1966.099976,1966.099976,1966.099976,1966.099976,88563
3/30/2023,1980.300049,1984.400024,1954.900024,1965.900024,10119
3/31/2023,1969,1986.800049,1968,1981.300049,957
4/3/2023,1983.900024,1991.699951,1950,1968.099976,737
4/4/2023,2022.199951,2027.099976,1979,1984.599976,811
4/5/2023,2020.900024,2033.800049,2013.599976,2022.099976,525
4/6/2023,2011.900024,2023.300049,2005,2022.199951,0
4/10/2023,1989.099976,2006.599976,1984,2000,652
4/11/2023,2004.800049,2006.5,1991.400024,1991.400024,68
4/12/2023,2010.900024,2025.699951,2005.199951,2005.199951,172
4/13/2023,2041.300049,2048.600098,2015.599976,2015.599976,1043
4/14/2023,2002.199951,2047.800049,1995,2041,718
4/17/2023,1994.199951,2007.599976,1983.199951,2002.699951,554
4/18/2023,2007.400024,2007.400024,1996.900024,1996.900024,72
4/19/2023,1995.199951,2006.400024,1969.800049,2005.699951,61
4/20/2023,2007.599976,2007.599976,1998,1998,164
4/21/2023,1979.5,1996.199951,1974.099976,1996.199951,132
4/24/2023,1989.099976,1989.800049,1977.400024,1981.300049,145
4/25/2023,1994,1999.099976,1982.300049,1995.699951,306
4/26/2023,1985.699951,1998.800049,1985.599976,1997.800049,615
4/27/2023,1989.900024,2002.300049,1979.900024,1990.599976,355
4/28/2023,1990.099976,1990.099976,1977.699951,1986.900024,152
5/1/2023,1983.400024,2005,1976.900024,1980.099976,210
5/2/2023,2014.300049,2018,1994.699951,1994.699951,1896
5/3/2023,2028.599976,2035.099976,2015.199951,2017.099976,1349
5/4/2023,2048,2072,2040,2045,930
5/5/2023,2017.400024,2046.400024,2004.300049,2046.400024,59
5/8/2023,2026.300049,2026.300049,2022.5,2022.5,3
5/9/2023,2036.199951,2037.300049,2025.900024,2026.599976,241
5/10/2023,2030.5,2044.300049,2029.5,2032.300049,248
5/11/2023,2014.699951,2038.300049,2014,2034.099976,90
5/12/2023,2014.5,2014.5,2014.5,2014.5,115
5/15/2023,2018,2018,2013.800049,2013.800049,3
5/16/2023,1988.400024,1988.400024,1988.400024,1988.400024,49
5/17/2023,1980.699951,1983.599976,1980.699951,1983.599976,13
5/18/2023,1956.5,1956.800049,1956.5,1956.5,23
5/19/2023,1978.699951,1978.699951,1960,1960,106
5/22/2023,1974.800049,1980.5,1974.800049,1980.5,8
5/23/2023,1972.400024,1972.400024,1972.400024,1972.400024,1
5/24/2023,1962.800049,1975.400024,1962.800049,1975.400024,189
5/25/2023,1943.099976,1943.099976,1943.099976,1943.099976,1
5/26/2023,1944.099976,1948.400024,1944.099976,1948.199951,166036
5/30/2023,1958,1962.599976,1931,1942.699951,37838
5/31/2023,1963.900024,1973,1953,1958.199951,5959
6/1/2023,1978,1983,1954.300049,1963.199951,750
6/2/2023,1952.400024,1982.5,1947.400024,1977.099976,356
6/5/2023,1958,1961.900024,1937.800049,1947.5,713
6/6/2023,1965.5,1965.5,1958.800049,1960.800049,164
6/7/2023,1942.699951,1968.400024,1940.699951,1959,139
6/8/2023,1963.599976,1969,1943.099976,1943.199951,433
6/9/2023,1962.199951,1969.800049,1960.300049,1965.099976,49
6/12/2023,1955.300049,1963.5,1951.400024,1959.699951,212
6/13/2023,1944.599976,1967.5,1940.300049,1960.599976,343
6/14/2023,1955.300049,1958.199951,1940.300049,1946.199951,202
6/15/2023,1957.800049,1958.800049,1926,1941.699951,329
6/16/2023,1958.400024,1962.900024,1953.5,1961.400024,119
6/20/2023,1935.5,1958.599976,1931.300049,1958.599976,193
6/21/2023,1933.300049,1936.800049,1920,1935.599976,557
6/22/2023,1912.699951,1921,1912.099976,1920,237
6/23/2023,1919.099976,1932.5,1918.699951,1918.699951,105
6/26/2023,1923.699951,1928.5,1922.5,1922.900024,71
6/27/2023,1914,1929.400024,1914,1927,49
6/28/2023,1912.300049,1912.300049,1912.300049,1912.300049,628
6/29/2023,1909.199951,1909.900024,1892.5,1909.900024,289
6/30/2023,1921.099976,1921.099976,1900.599976,1908.599976,445
7/3/2023,1921.699951,1929.5,1917.900024,1917.900024,41
7/5/2023,1919.599976,1933.900024,1914.699951,1923.5,193
7/6/2023,1908.699951,1910.199951,1903.199951,1909.300049,81
7/7/2023,1926.199951,1934.099976,1913.400024,1913.400024,61
7/10/2023,1925,1926.099976,1912.300049,1923.599976,269
7/11/2023,1931.300049,1937,1924.199951,1925,142
7/12/2023,1956.199951,1958,1932.199951,1932.300049,132
7/13/2023,1959.199951,1961.099976,1953,1961.099976,121
7/14/2023,1960.099976,1960.599976,1952.699951,1958.400024,94
7/17/2023,1952.400024,1956.5,1946.599976,1954,29
7/18/2023,1977.199951,1978.400024,1963.400024,1968.800049,83
7/19/2023,1977.5,1977.5,1973,1977,35
7/20/2023,1968.300049,1973.699951,1965.599976,1973.699951,638
7/21/2023,1964.300049,1964.300049,1961.800049,1961.800049,50
7/24/2023,1960.300049,1965.5,1960.300049,1965.300049,2
7/25/2023,1962.099976,1962.5,1953,1953,19
7/26/2023,1968.900024,1972,1966.199951,1966.199951,51
7/27/2023,1945.400024,1945.400024,1945.400024,1945.400024,194253
7/28/2023,1960.400024,1962.199951,1944.199951,1945.5,23155
7/31/2023,1970.5,1971.599976,1950,1959.199951,1025
8/1/2023,1940.699951,1965.400024,1940.699951,1964.900024,688
8/2/2023,1937.400024,1953.599976,1933.199951,1948.400024,652
8/3/2023,1932,1936.5,1928,1934.199951,773
8/4/2023,1939.599976,1945,1920,1934.900024,290
8/7/2023,1933.5,1941,1929.800049,1941,376
8/8/2023,1924.099976,1933.199951,1923,1931.699951,555
8/9/2023,1915.400024,1928.800049,1913.699951,1925.400024,451
8/10/2023,1914.400024,1927.800049,1911.400024,1921.099976,178
8/11/2023,1912.900024,1916.599976,1911.800049,1913,57
8/14/2023,1910.599976,1912.599976,1903.300049,1909.300049,46
8/15/2023,1902.5,1907.699951,1895,1906,73
8/16/2023,1896.099976,1904.5,1890.300049,1904.5,22
8/17/2023,1884.099976,1902.400024,1884,1893.699951,245
8/18/2023,1886.099976,1891.800049,1886.099976,1891.800049,19
8/21/2023,1893.300049,1893.599976,1893.300049,1893.599976,876
8/22/2023,1896.400024,1896.800049,1892.800049,1894.599976,46
8/23/2023,1918.5,1918.5,1909.599976,1909.599976,547
8/24/2023,1918.199951,1920.800049,1918.199951,1920,337
8/25/2023,1911.099976,1919.800049,1911.099976,1919.800049,195
8/28/2023,1917.900024,1921.5,1915.5,1915.5,99
8/29/2023,1936.5,1936.5,1916.900024,1917.900024,1674
8/30/2023,1944.300049,1946.400024,1934.599976,1936,396
8/31/2023,1938.199951,1944.400024,1938.199951,1944.400024,491
9/1/2023,1939.800049,1950,1936.599976,1950,167
9/5/2023,1926.199951,1934.400024,1924.699951,1934.400024,113
9/6/2023,1918.099976,1925.300049,1916.300049,1924.099976,24
9/7/2023,1917.5,1921.5,1917.5,1917.599976,41
9/8/2023,1918.400024,1924.699951,1918.400024,1924,105
9/11/2023,1923.300049,1928.300049,1921.800049,1923,50
9/12/2023,1911.300049,1920.800049,1911.300049,1920.800049,365
9/13/2023,1909.099976,1914.599976,1908.900024,1910.300049,15
9/14/2023,1910,1910,1903,1903,169
9/15/2023,1923.699951,1927.300049,1923.5,1923.5,8
9/18/2023,1931.5,1931.5,1926.400024,1928.199951,19
9/19/2023,1932,1934,1932,1934,6
9/20/2023,1945.599976,1945.599976,1929.199951,1945.599976,119
9/21/2023,1919.199951,1924,1919.199951,1924,9
9/22/2023,1925.400024,1925.400024,1925.400024,1925.400024,1
9/25/2023,1916.599976,1916.599976,1916.599976,1916.599976,114
9/26/2023,1900.400024,1905.099976,1900.400024,1905,161
9/27/2023,1871.599976,1871.599976,1871.599976,1871.599976,12251
9/28/2023,1860.400024,1878.199951,1856.699951,1875.5,4654
9/29/2023,1848.099976,1872.300049,1846,1864.300049,1605
10/2/2023,1830,1845.900024,1826.699951,1844.099976,2309
10/3/2023,1824.599976,1830.900024,1816.800049,1825,310
10/4/2023,1818.5,1828.199951,1816.400024,1821.800049,357
10/5/2023,1816.599976,1826.300049,1815.599976,1826.300049,393
10/6/2023,1830.199951,1831.800049,1809.400024,1819,390
10/9/2023,1849.5,1861.5,1842.5,1842.5,232
10/10/2023,1861,1861.400024,1852.800049,1857,236
10/11/2023,1872.800049,1874.599976,1869.099976,1869.5,65
10/12/2023,1869.300049,1881.199951,1867,1874.699951,46
10/13/2023,1927.400024,1930.099976,1877.5,1877.5,43
10/16/2023,1921.099976,1921.099976,1910.300049,1910.400024,53
10/17/2023,1922.699951,1925.800049,1914.300049,1914.300049,103
10/18/2023,1955.300049,1957.900024,1935,1935,67
10/19/2023,1968.400024,1977.699951,1945.699951,1950.099976,1945
10/20/2023,1982.5,1988.599976,1980.400024,1981.099976,557
10/23/2023,1976.300049,1978.900024,1972.900024,1976.199951,127
10/24/2023,1975,1975,1970.300049,1970.300049,10
10/25/2023,1984.099976,1985.300049,1971.199951,1971.199951,97
10/26/2023,1987.199951,1988.199951,1980.400024,1988.199951,521
10/27/2023,1988.599976,1988.599976,1988.599976,1988.599976,372
10/30/2023,1996.199951,2004.099976,1992.5,2004.099976,157
10/31/2023,1985.199951,2001,1983.699951,1996.5,84
11/1/2023,1978.800049,1990.5,1977.800049,1990.5,41
11/2/2023,1985.599976,1990.300049,1979.5,1989.099976,39
11/3/2023,1991.5,1991.5,1989,1989,12
11/6/2023,1981.599976,1981.599976,1977.400024,1981.599976,130
11/7/2023,1966.800049,1966.800049,1960.699951,1966.5,20
11/8/2023,1951.5,1967.800049,1947.699951,1967.800049,43
11/9/2023,1964.199951,1964.199951,1945.300049,1951.699951,10
11/10/2023,1932.599976,1959.599976,1932.599976,1959.599976,375
11/13/2023,1945.5,1947.199951,1934,1939.900024,191
11/14/2023,1961.800049,1965.800049,1961.800049,1965.800049,2
11/15/2023,1960.099976,1962.800049,1960,1962.800049,6
11/16/2023,1983.900024,1983.900024,1964.599976,1965.300049,39
11/17/2023,1981.599976,1984,1979.800049,1982.5,32
11/20/2023,1977.699951,1979.400024,1969.699951,1978.699951,182
11/21/2023,1999.300049,2005.5,1988.5,1990.699951,16
11/22/2023,1991.400024,1999.400024,1991,1999.099976,6075
11/24/2023,2002.199951,2002.199951,1991.5,1991.900024,63
11/27/2023,2011.800049,2011.800049,2011.699951,2011.699951,228
11/28/2023,2039.699951,2042.699951,2039.699951,2040.599976,174665
11/29/2023,2047.099976,2052.100098,2036,2041.699951,15290
11/30/2023,2038.099976,2047.099976,2033.099976,2046.099976,2506
12/1/2023,2071,2073.199951,2036,2038.300049,614
12/4/2023,2024.099976,2130.199951,2021,2075.300049,1071
12/5/2023,2018.5,2037,2010.199951,2035.099976,289
12/6/2023,2030.5,2035.800049,2019,2019.900024,417
12/7/2023,2029.900024,2034.900024,2024,2029.199951,67
12/8/2023,1998.300049,2033.099976,1995,2031.699951,449
12/11/2023,1978,2004.199951,1977.199951,2004.099976,651
12/12/2023,1977.800049,1994.199951,1977.800049,1984.199951,95
12/13/2023,1982.300049,2024.800049,1975,1978.5,2252
12/14/2023,2030.199951,2040.099976,2024.300049,2024.699951,236
12/15/2023,2021.099976,2043.400024,2018.300049,2032.599976,261
12/18/2023,2026.300049,2032.800049,2024,2024.300049,100
12/19/2023,2038.400024,2042.699951,2025.199951,2025.199951,498
12/20/2023,2034.5,2037.099976,2030.300049,2037.099976,258
12/21/2023,2039.099976,2044.5,2033,2035.800049,228
12/22/2023,2057.100098,2068.699951,2052.199951,2055.699951,202
12/26/2023,2058.199951,2060.800049,2054.199951,2060,64
12/27/2023,2081.899902,2081.899902,2064.800049,2067.300049,586
12/28/2023,2073.899902,2087.300049,2066.5,2081.600098,338
12/29/2023,2062.399902,2068.899902,2062.100098,2068,47
1/2/2024,2064.399902,2073.699951,2057.100098,2063.5,61
1/3/2024,2034.199951,2044,2034.199951,2034.199951,54
1/4/2024,2042.300049,2044.5,2038,2041.599976,88
1/5/2024,2042.400024,2048.100098,2042.400024,2044.5,12
1/8/2024,2026.599976,2033.699951,2019.099976,2019.099976,10
1/9/2024,2026.400024,2035.800049,2026.400024,2035.800049,27
1/10/2024,2021.699951,2035.599976,2021.699951,2029,538
1/11/2024,2014.300049,2025.099976,2014.300049,2025.099976,97
1/12/2024,2046.699951,2057,2031.099976,2031.099976,390
1/16/2024,2026,2054.800049,2026,2051.699951,46
1/17/2024,2002.599976,2026.5,2002.599976,2026.5,764
1/18/2024,2018.599976,2018.599976,2009.5,2012.800049,1474
1/19/2024,2026.5,2036,2019.5,2023.199951,50
1/22/2024,2019.800049,2021.300049,2019.800049,2021.300049,12
1/23/2024,2023.699951,2030.300049,2022.5,2030.300049,15
1/24/2024,2013.900024,2033.199951,2013.900024,2023.199951,253
1/25/2024,2016.900024,2022.400024,2012.099976,2012.099976,548
1/26/2024,2016.800049,2022.400024,2016.800049,2021.699951,49
1/29/2024,2025.199951,2025.199951,2025.199951,2025.199951,150708
1/30/2024,2031.5,2048.5,2028.099976,2032.5,26907
1/31/2024,2048.399902,2055,2030,2035.400024,2007
2/1/2024,2053,2064.5,2029,2040.199951,947
2/2/2024,2036.099976,2055.899902,2027.699951,2054.800049,888
2/5/2024,2025.699951,2040.800049,2013.800049,2038.900024,412
2/6/2024,2034.5,2037.300049,2025.900024,2025.900024,249
2/7/2024,2035.199951,2039.5,2032.699951,2032.800049,71
2/8/2024,2032.199951,2036.699951,2020.300049,2028,341
2/9/2024,2023.300049,2032,2020,2032,62
2/12/2024,2018.199951,2025.5,2011.599976,2025.5,317
2/13/2024,1992.900024,2025.800049,1990,2025.099976,198
2/14/2024,1990.300049,1993.5,1984.800049,1990.300049,1916
2/15/2024,2002.099976,2007.199951,1993.599976,1993.599976,286
2/16/2024,2011.5,2011.5,1996.5,2005,32
2/20/2024,2027.5,2029,2015.599976,2015.599976,1326
2/21/2024,2022.300049,2028.199951,2022.300049,2028.199951,15
2/22/2024,2019.699951,2033.199951,2019.699951,2033.199951,964
2/23/2024,2038.599976,2038.599976,2014.900024,2026,22
2/26/2024,2028.5,2035.400024,2024.800049,2034.099976,143
2/27/2024,2034,2035.900024,2034,2035.900024,964
2/28/2024,2033,2037,2024.800049,2029.5,581
2/29/2024,2045.699951,2049.800049,2034.300049,2034.300049,706
3/1/2024,2086.899902,2086.899902,2041.800049,2043.099976,1210
3/4/2024,2117.699951,2119.800049,2080.699951,2083.600098,805
3/5/2024,2133.5,2133.5,2111.399902,2114.899902,1287
3/6/2024,2150.300049,2150.300049,2125.5,2125.5,443
3/7/2024,2158,2163,2147,2147,152
3/8/2024,2178.600098,2194.899902,2166.300049,2167.300049,259
3/11/2024,2182.5,2184,2177.199951,2181,738
3/12/2024,2160.399902,2182.699951,2160.399902,2182.5,550
3/13/2024,2175.399902,2175.399902,2162.5,2162.5,20
3/14/2024,2163,2163,2162.300049,2163,515
3/15/2024,2157.300049,2161.699951,2157.300049,2161.699951,100
3/18/2024,2160.699951,2160.699951,2146.199951,2146.199951,21
3/19/2024,2156.300049,2156.300049,2156.100098,2156.100098,12
3/20/2024,2157.899902,2185.899902,2150.899902,2157.300049,17
3/21/2024,2182.399902,2211.600098,2182.399902,2207,63
3/22/2024,2158.100098,2179.600098,2157.5,2179.199951,19
3/25/2024,2174.800049,2179.399902,2166.199951,2166.199951,79
3/26/2024,2175.600098,2182.699951,2175.600098,2182.699951,202373
3/27/2024,2190.600098,2196.199951,2172.100098,2179.399902,31200
3/28/2024,2217.399902,2234.100098,2187.100098,2193.600098,2040
4/1/2024,2236.5,2264.199951,2230,2235.699951,400
4/2/2024,2261,2279.199951,2247.600098,2252,435
4/3/2024,2294.399902,2298.800049,2267.899902,2281.699951,285
4/4/2024,2288.800049,2302.899902,2280,2301.699951,251
4/5/2024,2325.699951,2328.399902,2267.399902,2289.199951,344
4/8/2024,2331.699951,2341.800049,2319,2325.600098,202
4/9/2024,2343.5,2364.699951,2337.800049,2337.800049,211
4/10/2024,2329.600098,2358.100098,2327.699951,2346.600098,377
4/11/2024,2354.800049,2376.300049,2330.600098,2341.5,283
4/12/2024,2356.199951,2429,2334.300049,2377.300049,584
4/15/2024,2365.800049,2384.699951,2326,2362.100098,1801
4/16/2024,2390.800049,2390.800049,2371.399902,2384,41
4/17/2024,2371.699951,2391.399902,2369.300049,2384.199951,37
4/18/2024,2382.300049,2384.399902,2368.399902,2368.399902,128
4/19/2024,2398.399902,2399.800049,2377.300049,2379.300049,160
4/22/2024,2332.199951,2383.300049,2326.899902,2383.300049,53
4/23/2024,2327.699951,2330.800049,2294.199951,2327.699951,171
4/24/2024,2324.5,2328.699951,2314.600098,2321.300049,95
4/25/2024,2329.800049,2329.800049,2305,2315,1024
4/26/2024,2334.800049,2347.899902,2332.800049,2347.899902,717
4/29/2024,2345.399902,2345.5,2327.899902,2334.800049,405
4/30/2024,2291.399902,2322.5,2291.399902,2322.5,113
5/1/2024,2299.899902,2327.300049,2283.800049,2287.699951,42
5/2/2024,2299.199951,2324.699951,2292.300049,2321.699951,56
5/3/2024,2299,2301,2277.600098,2300,194
5/6/2024,2321.600098,2325.5,2314.199951,2322.800049,9
5/7/2024,2315.199951,2324.300049,2315.199951,2324.300049,25
5/8/2024,2313.600098,2313.600098,2313.600098,2313.600098,4
5/9/2024,2332.100098,2339.5,2310.699951,2310.699951,5
5/10/2024,2367.300049,2367.300049,2367.300049,2367.300049,126
5/13/2024,2336.100098,2358.300049,2336.100098,2358.300049,14
5/14/2024,2353.399902,2358,2336,2336,6
5/15/2024,2388.699951,2388.699951,2356,2361.600098,29
5/16/2024,2380,2392.199951,2380,2389.5,7
5/17/2024,2412.199951,2415.800049,2380.699951,2380.699951,213
5/20/2024,2433.899902,2435.800049,2409.699951,2415.800049,40
5/21/2024,2421.699951,2429.5,2421,2429.5,6
5/22/2024,2389.199951,2417.600098,2375.800049,2417.5,180
5/23/2024,2335,2371.199951,2335,2371.199951,365
5/24/2024,2332.5,2345.399902,2332.5,2342.600098,25
5/28/2024,2355.199951,2359.699951,2336.899902,2336.899902,26
5/29/2024,2340.300049,2340.300049,2340.300049,2340.300049,119317
5/30/2024,2342.899902,2349.5,2320.800049,2336.899902,32587
5/31/2024,2322.899902,2354,2319,2344.100098,941
6/3/2024,2346.600098,2347.5,2312,2322.600098,781
6/4/2024,2325.5,2347.699951,2313.899902,2347.5,890
6/5/2024,2354.100098,2354.300049,2326.199951,2326.399902,295
6/6/2024,2370.300049,2375.800049,2355,2355,179
6/7/2024,2305.199951,2385.100098,2285.399902,2379.899902,269
6/10/2024,2307.699951,2309.300049,2290.5,2290.600098,69
6/11/2024,2307.5,2314.100098,2300,2300,871
6/12/2024,2336,2338.699951,2310.300049,2314.899902,132
6/13/2024,2300.199951,2317.699951,2296.199951,2309.399902,298
6/14/2024,2331.399902,2331.399902,2305.800049,2307,948
6/17/2024,2312.399902,2320.199951,2309.600098,2320.199951,110
6/18/2024,2330.399902,2330.399902,2311.800049,2311.800049,43
6/20/2024,2353.800049,2354,2328.300049,2328.899902,183
6/21/2024,2316.399902,2331.199951,2316.399902,2331.199951,76
6/24/2024,2330,2332.899902,2322.699951,2323.300049,99
6/25/2024,2316.600098,2333,2316.600098,2324.399902,105
6/26/2024,2299.199951,2314.399902,2298,2307.899902,986
6/27/2024,2324.5,2329,2295,2296.800049,1532
6/28/2024,2327.699951,2338.300049,2319,2325.399902,92
7/1/2024,2327.600098,2329.699951,2321.699951,2323.800049,237
7/2/2024,2323,2334.600098,2323,2330.699951,30
7/3/2024,2359.800049,2361.600098,2330.899902,2330.899902,59
7/5/2024,2388.5,2388.5,2354.899902,2354.899902,72
7/8/2024,2355.199951,2383.800049,2352.800049,2381.699951,64
7/9/2024,2360.100098,2363.699951,2360.100098,2363.100098,9
7/10/2024,2372.199951,2377,2365.800049,2366.300049,19
7/11/2024,2415,2416.699951,2378.699951,2378.699951,72
7/12/2024,2414,2414,2391.300049,2399.800049,355
7/15/2024,2422.899902,2436,2422.899902,2430,540
7/16/2024,2462.399902,2462.399902,2427.399902,2427.399902,93
7/17/2024,2454.800049,2473.100098,2454.800049,2472.899902,10
7/18/2024,2451.800049,2466,2451.800049,2466,2
7/19/2024,2395.5,2419.199951,2395.5,2418.800049,15
7/22/2024,2392,2402.100098,2392,2402.100098,18
7/23/2024,2404.600098,2404.600098,2388.699951,2395.800049,41
7/24/2024,2413.300049,2421,2411.600098,2421,6
7/25/2024,2351.899902,2365.5,2351.899902,2365.5,31
7/26/2024,2380,2386.899902,2368.699951,2368.699951,95
7/29/2024,2377.300049,2377.300049,2377.300049,2377.300049,126409
7/30/2024,2405,2409.300049,2373.800049,2380.899902,25944
7/31/2024,2426.5,2447.600098,2402.800049,2407.100098,1313
8/1/2024,2435,2455.100098,2430.399902,2446.699951,690
8/2/2024,2425.699951,2477,2416,2444,550
8/5/2024,2401.699951,2449.800049,2367.399902,2442,334
8/6/2024,2389.100098,2421.800049,2380,2414.5,163
8/7/2024,2390.5,2401,2384.5,2392.199951,130
8/8/2024,2422.199951,2422.800049,2384.300049,2384.300049,201
8/9/2024,2432.100098,2432.100098,2418.5,2422.300049,611
8/12/2024,2462.399902,2469.800049,2432,2432.699951,566
8/13/2024,2466.699951,2470,2456.5,2461,510
8/14/2024,2439.399902,2472.100098,2439.399902,2468,274
8/15/2024,2453.100098,2467.699951,2431.199951,2451.800049,285
8/16/2024,2498.600098,2508,2451.399902,2453.5,197
8/19/2024,2501.800049,2508.5,2487.199951,2508.5,88
8/20/2024,2511.300049,2527.300049,2500.699951,2503.5,187
8/21/2024,2508.399902,2515.399902,2503.899902,2511,96
8/22/2024,2478.899902,2504.100098,2471.100098,2504.100098,210
8/23/2024,2508.399902,2508.399902,2486.5,2486.5,94
8/26/2024,2517.699951,2523.100098,2509.100098,2509.899902,290
8/27/2024,2516,2523.100098,2506.899902,2515.199951,100
8/28/2024,2501,2501,2501,2501,2353
8/29/2024,2525.699951,2525.699951,2503.899902,2504.100098,3966
8/30/2024,2493.800049,2525.399902,2493.800049,2519.5,208
9/3/2024,2489.899902,2501.800049,2476.300049,2501.600098,206
9/4/2024,2493.399902,2493.399902,2483.5,2490.899902,470
9/5/2024,2511.399902,2513.300049,2493.399902,2493.699951,54
9/6/2024,2493.5,2517.899902,2483.699951,2510.300049,96
9/9/2024,2501.800049,2504.699951,2491.300049,2491.300049,96
9/10/2024,2512.300049,2512.300049,2512.300049,2512.300049,5
9/11/2024,2512.100098,2525.800049,2502.300049,2525.800049,90
9/12/2024,2551.199951,2557,2523.399902,2529.100098,132
9/13/2024,2581.300049,2581.800049,2565,2568.800049,31
9/16/2024,2580.399902,2580.399902,2580.399902,2580.399902,28
9/17/2024,2564.300049,2581.800049,2564.300049,2581.199951,22
9/18/2024,2570.699951,2570.699951,2549.199951,2570.699951,25
9/19/2024,2588,2588,2566,2566,99
9/20/2024,2619.899902,2621.800049,2590.399902,2590.399902,17
9/23/2024,2626.5,2626.5,2626.5,2626.5,9
9/24/2024,2651.199951,2662.300049,2625.5,2636.800049,35
9/25/2024,2659.199951,2664.199951,2649.300049,2656.300049,175
9/26/2024,2669.899902,2669.899902,2660.800049,2662.300049,17216
9/27/2024,2644.300049,2672.100098,2641.699951,2670,4228
9/30/2024,2636.100098,2662.100098,2623.199951,2660.899902,973
10/1/2024,2667.300049,2670.899902,2631.399902,2631.399902,153
10/2/2024,2647.100098,2657.199951,2640,2650.600098,72
10/3/2024,2657.100098,2657.100098,2640,2642.800049,354
10/4/2024,2645.800049,2667,2639,2656,114
10/7/2024,2644.800049,2657.399902,2639,2648.699951,284
10/8/2024,2615,2639,2609.300049,2639,687
10/9/2024,2606,2607.699951,2603,2603,152
10/10/2024,2620.600098,2628.300049,2602.5,2602.5,320
10/11/2024,2657.600098,2658.100098,2638.199951,2638.300049,12
10/14/2024,2647.800049,2655.300049,2647.800049,2655,40
10/15/2024,2661.399902,2661.399902,2661.399902,2661.399902,39
10/16/2024,2674,2674,2674,2674,6
10/17/2024,2691,2691.699951,2677.199951,2677.399902,30
10/18/2024,2713.699951,2719.600098,2713.699951,2713.699951,29
10/21/2024,2723.100098,2738.399902,2719.5,2721.899902,52
10/22/2024,2744.199951,2746,2728.600098,2731.699951,93
10/23/2024,2714.399902,2742.5,2714.199951,2742.5,18
10/24/2024,2734.899902,2736.100098,2729,2729,27
10/25/2024,2740.899902,2742.399902,2725.5,2725.5,29
10/28/2024,2742.899902,2742.899902,2729.5,2736.100098,56
10/29/2024,2768.399902,2768.399902,2768.399902,2768.399902,848
10/30/2024,2788.5,2789,2774.600098,2774.600098,231
10/31/2024,2738.300049,2787.5,2733.5,2787.399902,849
11/1/2024,2738.600098,2756,2734.199951,2745.5,109
11/4/2024,2736.100098,2737.100098,2736.100098,2736.5,16
11/5/2024,2740.300049,2743.899902,2740.300049,2743,23
11/6/2024,2667.600098,2734.5,2659.399902,2734.5,427
11/7/2024,2698.399902,2699.100098,2662.5,2662.5,676
11/8/2024,2687.5,2694.600098,2682.899902,2688.5,1038
11/11/2024,2611.199951,2671.699951,2611.199951,2671.699951,20
11/12/2024,2600,2605.5,2592.800049,2605.5,118
11/13/2024,2580.800049,2611.800049,2580.800049,2611.100098,53
11/14/2024,2568.199951,2576.199951,2554.199951,2555.100098,27
11/15/2024,2565.699951,2565.699951,2565.699951,2565.699951,20
11/18/2024,2610.600098,2610.699951,2589.399902,2591.699951,136
11/19/2024,2627.100098,2627.699951,2619.300049,2621.899902,87
11/20/2024,2648.199951,2648.199951,2638.5,2638.5,27
11/21/2024,2672.100098,2672.100098,2655.699951,2659.300049,33
11/22/2024,2709.899902,2710.5,2685.600098,2687.5,41
11/25/2024,2616.800049,2689.399902,2616.800049,2689.399902,94
11/26/2024,2620.300049,2625.600098,2620.300049,2625.600098,177858
11/27/2024,2639.899902,2657.899902,2627.199951,2633.5,61653
11/29/2024,2657,2664.300049,2620.699951,2636.399902,3861
12/2/2024,2634.899902,2649.800049,2621.699951,2649,695
12/3/2024,2644.699951,2654.699951,2636,2639,1062
12/4/2024,2653.800049,2658.300049,2637,2639.199951,249
12/5/2024,2626.600098,2655,2625.699951,2652.399902,573
12/6/2024,2638.600098,2643.100098,2617.5,2620.199951,571
12/9/2024,2664.899902,2677.100098,2630.800049,2632.100098,935
12/10/2024,2697.600098,2698.199951,2661,2662.300049,437
12/11/2024,2733.800049,2733.800049,2693.100098,2701.800049,3387
12/12/2024,2687.5,2725.100098,2677.399902,2725.100098,2365
12/13/2024,2656,2689.300049,2647.899902,2688.199951,1125
12/16/2024,2651.399902,2663.300049,2651,2658.300049,877
12/17/2024,2644.399902,2652.300049,2632.5,2651.800049,705
12/18/2024,2636.5,2647.100098,2590.199951,2644.300049,566
12/19/2024,2592.199951,2610.300049,2582.100098,2582.100098,238
12/20/2024,2628.699951,2631.600098,2604.899902,2605.300049,592
12/23/2024,2612.300049,2627.699951,2611.100098,2620,451
12/24/2024,2620,2620,2609.5,2613,35
12/26/2024,2638.800049,2638.800049,2627.899902,2628.5,84
12/27/2024,2617.199951,2617.699951,2616.399902,2617.699951,642
12/30/2024,2606.100098,2626.899902,2597,2620.699951,794
12/31/2024,2629.199951,2629.199951,2604.899902,2608.399902,401
1/2/2025,2658.899902,2663.100098,2633,2633,1728
1/3/2025,2645,2658.699951,2641.800049,2658.699951,591
1/6/2025,2638.399902,2647,2617.300049,2645.5,960
1/7/2025,2656.699951,2657.5,2653,2653.399902,643
1/8/2025,2664.5,2676.899902,2653.5,2655.5,999
1/9/2025,2683.800049,2686.300049,2667.899902,2669.699951,1139
1/10/2025,2708.5,2720.100098,2683.699951,2686.100098,403
1/13/2025,2673.5,2711.199951,2673.5,2711.100098,765
1/14/2025,2677.5,2688.300049,2670.800049,2673.600098,794
1/15/2025,2712.5,2712.5,2690.800049,2690.800049,930
1/16/2025,2746.399902,2749.800049,2731.699951,2731.699951,1721
1/17/2025,2744.300049,2751.600098,2725.5,2736,1214
1/21/2025,2755,2755,2724.800049,2746,1439
1/22/2025,2767.600098,2768.800049,2753.5,2754.5,2079
1/23/2025,2763.100098,2765,2745.399902,2760,2201
1/24/2025,2777.300049,2792,2759.800049,2759.800049,1593
1/27/2025,2737.5,2762.199951,2737.5,2761.100098,984
1/28/2025,2766.800049,2766.800049,2738,2738,2307
1/29/2025,2769.100098,2769.100098,2769.100098,2769.100098,125692
1/30/2025,2823,2829.5,2770,2772.5,40141
1/31/2025,2812.5,2838,2804,2829,3443
2/3/2025,2833.899902,2848.399902,2780.899902,2818.199951,2649
2/4/2025,2853.300049,2853.300049,2816.100098,2827.600098,2187
2/5/2025,2871.600098,2880.5,2848,2850,4519
2/6/2025,2856,2871.699951,2836.300049,2865.199951,3116
2/7/2025,2867.300049,2889.5,2857.800049,2859.899902,1822
2/10/2025,2914.300049,2916.100098,2863.800049,2864.199951,2237
2/11/2025,2912.5,2945.399902,2890,2925.5,2554
2/12/2025,2909,2912.300049,2868.600098,2902,2504
2/13/2025,2925.899902,2937.699951,2910.600098,2911.300049,4670
2/14/2025,2883.600098,2944.399902,2874.800049,2937.300049,1992
2/18/2025,2931.600098,2936.399902,2873.800049,2879.199951,4010
2/19/2025,2919.399902,2946,2917.100098,2938.699951,2630
2/20/2025,2940,2955.800049,2924.199951,2949.100098,656
2/21/2025,2937.600098,2940,2917.300049,2938.800049,570
2/24/2025,2947.899902,2957.899902,2933.100098,2933.100098,415
2/25/2025,2904.5,2943.199951,2890,2938.699951,1854
2/26/2025,2916.800049,2917,2913,2913.5,2050
2/27/2025,2883.199951,2922.800049,2870.399902,2918.5,3215
2/28/2025,2836.800049,2877.100098,2834.100098,2877.100098,990
3/3/2025,2890.199951,2891.800049,2863.399902,2872.699951,423
3/4/2025,2909.600098,2927.899902,2886.100098,2886.100098,885
3/5/2025,2915.300049,2922,2893,2916.699951,551
3/6/2025,2916.600098,2918.600098,2903.800049,2904,870
3/7/2025,2904.699951,2927.300049,2900.5,2900.899902,531
3/10/2025,2891,2915.100098,2880.199951,2910.100098,55
3/11/2025,2912.899902,2916.699951,2880.399902,2884.399902,197
3/12/2025,2939.100098,2939.100098,2910,2912,213
3/13/2025,2984.300049,2988,2935.199951,2937.100098,2366
3/14/2025,2994.5,3004.800049,2986,2994.399902,1800
3/17/2025,3000,3001.5,2989,2991,214
3/18/2025,3035.100098,3039.199951,3004.399902,3006.399902,428
3/19/2025,3035.899902,3050.899902,3030.899902,3035.199951,175
3/20/2025,3040,3047.300049,3034.399902,3047.300049,185
3/21/2025,3018.199951,3037.5,3000.899902,3034.5,151
3/24/2025,3013.100098,3024.300049,3006,3024.300049,137
3/25/2025,3023.699951,3028.800049,3023.699951,3026.399902,74
3/26/2025,3020.899902,3033.199951,3019.5,3033.199951,83
3/27/2025,3060.199951,3065,3025.5,3025.5,124359
3/28/2025,3086.5,3094.899902,3066.800049,3069.699951,31206
3/31/2025,3122.800049,3132.5,3086,3091,3438
4/1/2025,3118.899902,3149.5,3104,3129.699951,1721
4/2/2025,3139.899902,3168.600098,3117.399902,3120.699951,5946
4/3/2025,3097,3166.899902,3052,3150,5516
4/4/2025,3012,3127.699951,3011,3110.5,3247
4/7/2025,2951.300049,3050.800049,2949.699951,3016.399902,4424
4/8/2025,2968.399902,3014.5,2968.399902,2994,3213
4/9/2025,3056.5,3090.399902,2965.800049,2965.800049,2175
4/10/2025,3155.199951,3167,3072.100098,3073.899902,3456
4/11/2025,3222.199951,3235,3182.100098,3182.100098,862
4/14/2025,3204.800049,3228.800049,3194.5,3215.5,263
4/15/2025,3218.699951,3218.699951,3214,3216,390
4/16/2025,3326.600098,3334.899902,3238.300049,3238.300049,1874
4/17/2025,3308.699951,3345,3287.800049,3345,824
4/21/2025,3406.199951,3418.5,3342.199951,3342.199951,78
4/22/2025,3400.800049,3485.600098,3361.699951,3422.199951,785
4/23/2025,3276.300049,3370.300049,3256.199951,3321.199951,331
4/24/2025,3332,3353.899902,3304.899902,3305.399902,560
4/25/2025,3282.399902,3355.5,3266.100098,3355.5,162
4/28/2025,3332.5,3332.5,3284.5,3284.5,1300
4/29/2025,3318.800049,3340,3299.899902,3340,1278
4/30/2025,3305,3318.699951,3268,3318.699951,207
5/1/2025,3210,3275,3198.600098,3272.899902,2131
5/2/2025,3231.899902,3257,3225,3239.899902,1349
5/5/2025,3311.300049,3315.699951,3239.699951,3242.699951,244
5/6/2025,3411.399902,3430.899902,3356.800049,3365.5,2357
5/7/2025,3381.399902,3418.699951,3364.699951,3418.699951,1080
5/8/2025,3296.600098,3390,3288.699951,3390,200
5/9/2025,3335.399902,3335.5,3299,3299,216
5/12/2025,3220,3300.699951,3205,3300.699951,886
5/13/2025,3240.300049,3251.399902,3223.5,3232,2424
5/14/2025,3181.399902,3233,3171.699951,3233,3518
5/15/2025,3220.699951,3228.100098,3125,3151,652
5/16/2025,3182,3228.100098,3173.899902,3227.699951,199
5/19/2025,3228.899902,3241,3228.300049,3234.399902,266
5/20/2025,3280.300049,3293.199951,3207.5,3219,356
5/21/2025,3309.300049,3317.5,3290.199951,3293.399902,979
5/22/2025,3292.300049,3328,3282.699951,3327.300049,1210
5/23/2025,3363.600098,3363.600098,3323.5,3328,47
5/27/2025,3299.100098,3341,3296.300049,3332.5,189
5/28/2025,3293.600098,3293.600098,3293.600098,3293.600098,127758
5/29/2025,3317.100098,3328.800049,3242.399902,3283.699951,24370
5/30/2025,3288.899902,3318,3270.899902,3315.100098,2213
6/2/2025,3370.600098,3380.800049,3296.899902,3296.899902,976
6/3/2025,3350.199951,3390,3331.300049,3385.100098,6410
6/4/2025,3373.5,3380,3344,3355,207
6/5/2025,3350.699951,3400,3343.699951,3371.5,731
6/6/2025,3322.699951,3364.300049,3306,3364.300049,81
6/9/2025,3332.100098,3334.600098,3290,3315.600098,1887
6/10/2025,3320.899902,3344.300049,3302,3302,65
6/11/2025,3321.300049,3356,3321.300049,3328,2106
6/12/2025,3380.899902,3395.899902,3353.399902,3363,1818
6/13/2025,3431.199951,3444,3407.300049,3407.300049,499
6/16/2025,3396.399902,3442,3385.399902,3442,480
6/17/2025,3386.600098,3398.300049,3376.100098,3398.300049,1477
6/18/2025,3389.800049,3391.899902,3365.100098,3385.300049,0
6/20/2025,3368.100098,3372.899902,3341,3350,709
6/23/2025,3377.699951,3387.899902,3350,3365.899902,30
6/24/2025,3317.399902,3358,3301,3358,538
6/25/2025,3327.100098,3331.199951,3310.600098,3321.600098,373
6/26/2025,3333.5,3333.5,3332.399902,3332.399902,2058
6/27/2025,3273.699951,3318.699951,3253.800049,3318.699951,284
6/30/2025,3294.399902,3306.899902,3262,3265.899902,1242
7/1/2025,3336.699951,3354.100098,3310.100098,3310.100098,371
7/2/2025,3348,3357.5,3329,3329,39
7/3/2025,3331.600098,3362,3322.300049,3362,0
7/4/2025,3332.5,3342,3332.5,3342,0
7/7/2025,3332.199951,3333.300049,3299.199951,3305.5,254
7/8/2025,3307,3334.5,3287.600098,3330.399902,909
7/9/2025,3311.600098,3314,3282,3289.399902,114
7/10/2025,3317.399902,3330.5,3311.600098,3323.600098,209
7/11/2025,3356,3370,3330.5,3330.5,776
7/14/2025,3351.5,3375.5,3350,3367,583
7/15/2025,3329.800049,3341,3329.800049,3341,210
7/16/2025,3352.5,3352.899902,3329.5,3341.199951,10
7/17/2025,3340.100098,3340.800049,3313.800049,3313.800049,667
7/18/2025,3353,3353,3338.199951,3338.199951,602
7/21/2025,3401.899902,3411.699951,3350.300049,3350.300049,53
7/22/2025,3439.199951,3441,3395.600098,3411,39
7/23/2025,3394.100098,3433.899902,3388.100098,3430.300049,63
7/24/2025,3371,3371,3367,3367,1175
7/25/2025,3334,3345,3326.5,3344,67
7/28/2025,3309.100098,3326.800049,3309.100098,3326.600098,533
7/29/2025,3323.399902,3323.399902,3323.399902,3323.399902,113144
7/30/2025,3295.800049,3331.800049,3263.899902,3325.800049,19252
7/31/2025,3293.199951,3312,3272.899902,3272.899902,3704
8/1/2025,3347.699951,3360.600098,3281,3286.199951,3420
8/4/2025,3374.399902,3386.5,3347.399902,3367.600098,351
8/5/2025,3381.899902,3387.199951,3351.199951,3378.5,915
8/6/2025,3380,3383.300049,3361.300049,3380.699951,1492
8/7/2025,3400.300049,3422.899902,3384.899902,3384.899902,5464
8/8/2025,3439.100098,3477,3402.5,3438.800049,7657
8/11/2025,3353.100098,3383.899902,3349.199951,3383.899902,1488
8/12/2025,3348.899902,3356.199951,3330.100098,3356.199951,1611
8/13/2025,3358.699951,3363.399902,3358.699951,3358.800049,1011
8/14/2025,3335.199951,3356,3328.899902,3346.800049,592
8/15/2025,3336,3346.800049,3335.899902,3346.800049,1185
8/18/2025,3331.699951,3347.800049,3331.699951,3333.5,646
8/19/2025,3313.399902,3343.5,3313.399902,3330.199951,1655
8/20/2025,3343.399902,3343.5,3310.100098,3310.600098,1213
8/21/2025,3336.899902,3349.399902,3326.5,3349.399902,142
8/22/2025,3374.399902,3377.699951,3349.399902,3349.399902,1240
8/25/2025,3373.800049,3378,3366,3366,1044
8/26/2025,3388.600098,3396.5,3371.100098,3378.899902,905
8/27/2025,3404.600098,3404.600098,3382,3397,3222
8/28/2025,3431.800049,3434.600098,3400,3409,1035
8/29/2025,3473.699951,3475.600098,3426.600098,3432.5,0
9/2/2025,3549.399902,3559.199951,3485.699951,3485.699951,658
9/3/2025,3593.199951,3593.699951,3553.199951,3554.800049,72
9/4/2025,3565.800049,3573.600098,3549.899902,3549.899902,237
9/5/2025,3613.199951,3613.199951,3567.800049,3567.800049,925
9/8/2025,3638.100098,3641,3590,3594.5,97
9/9/2025,3643.300049,3670.399902,3627.800049,3647.100098,535
9/10/2025,3643.600098,3655.399902,3620.800049,3625,136
9/11/2025,3636.899902,3636.899902,3618.399902,3632.899902,307
9/12/2025,3649.399902,3656.800049,3643,3655.5,1300
9/15/2025,3682.199951,3686.399902,3635.100098,3640,210
9/16/2025,3688.899902,3698.600098,3681.399902,3681.399902,373
9/17/2025,3681.800049,3685.199951,3661.600098,3669,183
9/18/2025,3643.699951,3667.399902,3637,3654.600098,80
9/19/2025,3671.5,3685.899902,3658.199951,3659,211
9/22/2025,3740.699951,3748.199951,3688,3688.199951,410
9/23/2025,3780.600098,3786,3740,3747,627
9/24/2025,3732.100098,3772.5,3732.100098,3769.800049,588
9/25/2025,3736.899902,3756,3724.699951,3742.800049,1899
9/26/2025,3775.300049,3775.300049,3775.300049,3775.300049,19308
9/29/2025,3820.899902,3827.600098,3754.800049,3754.800049,8860
9/30/2025,3840.800049,3865.5,3793.399902,3827.5,1611
10/1/2025,3867.5,3891.899902,3853.300049,3863.5,1778
10/2/2025,3839.699951,3888.600098,3823.699951,3856.199951,3418
10/3/2025,3880.800049,3886.800049,3853.699951,3855.199951,392
10/6/2025,3948.5,3960,3926.800049,3931.300049,1267
10/7/2025,3976.600098,3981.5,3940,3959.399902,2903
10/8/2025,4043.300049,4049.199951,3987.199951,3987.199951,2179
10/9/2025,3946.300049,4046.199951,3940,4011.199951,3130
10/10/2025,3975.899902,4012,3945.5,3957,1697
10/13/2025,4108.600098,4111,4016,4016,1697
10/14/2025,4138.700195,4160.100098,4085.800049,4131.700195,2424
10/15/2025,4176.899902,4210.600098,4145,4145,3287
10/16/2025,4280.200195,4307,4196.600098,4198.799805,4705
10/17/2025,4189.899902,4358,4182.200195,4354.700195,4060
10/20/2025,4336.399902,4356.600098,4214.600098,4244.100098,1750
10/21/2025,4087.699951,4332.700195,4087.699951,4332.700195,2943
10/22/2025,4044.399902,4148.5,4006,4109.700195,1237
10/23/2025,4125.5,4136.799805,4070.699951,4078.399902,354
10/24/2025,4118.399902,4120.600098,4074.899902,4117.5,123
10/27/2025,4001.899902,4078.600098,3971.300049,4060,220
10/28/2025,3966.199951,3966.199951,3923.600098,3929.699951,219
10/29/2025,3983.699951,3983.699951,3983.699951,3983.699951,1344
10/30/2025,4001.300049,4027.199951,3913.699951,3960,935
10/31/2025,3982.199951,4034.5,3976.600098,4034.5,559
11/3/2025,4000.300049,4020,3959,3976.199951,0
11/4/2025,3947.699951,3995.399902,3927.399902,3994.199951,657
11/5/2025,3980.300049,3983.5,3929.899902,3929.899902,559
11/6/2025,3979.899902,4007.5,3979.899902,4004,650
11/7/2025,3999.399902,3999.399902,3980.800049,3980.800049,245
11/10/2025,4111.799805,4111.799805,4060,4060,189
11/11/2025,4106.799805,4140.100098,4106.799805,4140.100098,569
11/12/2025,4204.399902,4204.399902,4102.899902,4115.600098,396
11/13/2025,4186.899902,4228.700195,4163.700195,4228.700195,167
11/14/2025,4087.600098,4197.899902,4047,4197.700195,483
11/17/2025,4068.300049,4099.5,4019.399902,4070,1552
11/18/2025,4061.300049,4063.399902,4035.600098,4037.399902,1375
11/19/2025,4077.699951,4122.700195,4072,4086.100098,486
11/20/2025,4056.5,4090.399902,4040.199951,4045,202
11/21/2025,4076.699951,4085.199951,4031.800049,4031.800049,171
11/24/2025,4091.899902,4091.899902,4060.5,4060.5,591
11/25/2025,4139.200195,4139.200195,4139.200195,4139.200195,132704
11/26/2025,4165.200195,4171,4127.5,4128.600098,25088
11/28/2025,4218.299805,4223.899902,4140,4163.399902,3615
12/1/2025,4239.299805,4262.100098,4214.899902,4218.5,913
12/2/2025,4186.600098,4230.5,4167,4230.5,366
12/3/2025,4199.299805,4234.100098,4195.700195,4215.700195,1897
12/4/2025,4211.799805,4211.799805,4175,4211,616
12/5/2025,4212.899902,4255.700195,4194.5,4204.100098,533
12/8/2025,4187.200195,4215.799805,4175.5,4205.5,318
12/9/2025,4206.700195,4219.700195,4177.700195,4190.700195,660
12/10/2025,4196.399902,4234.5,4183.600098,4209,692
12/11/2025,4285.5,4286.899902,4214.299805,4224,528
12/12/2025,4300.100098,4355,4260,4276.399902,1531
12/15/2025,4306.700195,4349.200195,4292.899902,4308.299805,854
12/16/2025,4304.5,4321.399902,4270.5,4270.5,1796
12/17/2025,4347.5,4351.399902,4308.5,4308.5,2169
12/18/2025,4339.5,4348.100098,4328.200195,4331,705
12/19/2025,4361.399902,4361.399902,4350.100098,4350.100098,1065
12/22/2025,4444.600098,4447.600098,4371.100098,4371.100098,449
12/23/2025,4482.799805,4503.799805,4450.399902,4503.299805,694
12/24/2025,4480.600098,4503.399902,4468.399902,4500.700195,500
12/26/2025,4529.100098,4556.299805,4502,4512,263
12/29/2025,4325.100098,4379,4325.100098,4371.5,2044
12/30/2025,4370.100098,4403.600098,4338,4346.399902,1837
12/31/2025,4325.600098,4363.799805,4285,4333.5,785
1/2/2026,4314.399902,4350.600098,4314.399902,4350.600098,589
1/5/2026,4436.899902,4443.5,4384.799805,4386.700195,618
1/6/2026,4482.200195,4482.200195,4449,4449.700195,459
1/7/2026,4449.299805,4450,4449.299805,4450,972
1/8/2026,4449.700195,4461.299805,4418,4460.200195,2423
1/9/2026,4490.299805,4490.299805,4473,4473,237
1/12/2026,4604.299805,4620,4577.799805,4579.100098,156
1/13/2026,4589.200195,4617.100098,4578.600098,4578.600098,239
1/14/2026,4626.299805,4635,4608.200195,4610.299805,1313
1/15/2026,4616.299805,4616.299805,4612.899902,4612.899902,4358
1/16/2026,4588.399902,4608,4588.399902,4608,352
1/20/2026,4759.600098,4764,4661.799805,4662.200195,175
1/21/2026,4831.799805,4872.299805,4771.5,4863.5,1706
1/22/2026,4908.799805,4908.799805,4791.899902,4791.899902,1175
1/23/2026,4976.200195,4976.200195,4936,4949.600098,169
1/26/2026,5079.700195,5095.600098,5052.200195,5081.5,180
1/27/2026,5079.899902,5079.899902,5079.899902,5079.899902,34
1/28/2026,5301.600098,5301.600098,5301.600098,5301.600098,112054
1/29/2026,5318.399902,5586.200195,5097.5,5415.700195,23709
1/30/2026,4713.899902,5440.5,4700,5376.399902,8374
2/2/2026,4622.5,4855.799805,4400,4807.700195,3588
2/3/2026,4903.700195,4984.600098,4674.299805,4680,1213
2/4/2026,4920.399902,5082.200195,4897.899902,4923.299805,3886
2/5/2026,4861.399902,5012.299805,4786,5008.700195,793
2/6/2026,4951.200195,4958.5,4655,4762,793
2/9/2026,5041,5069,4988.600098,5003.600098,67247
