,Date,RESPPNGNWW
0,2002-12-18,11039
1,2002-12-19,11039
2,2002-12-20,11039
3,2002-12-21,11039
4,2002-12-22,11039
5,2002-12-23,11039
6,2002-12-24,11039
7,2002-12-25,11039
8,2002-12-26,11039
9,2002-12-27,11039
10,2002-12-28,11039
11,2002-12-29,11039
12,2002-12-30,11039
13,2002-12-31,11039
14,2003-01-01,11039
15,2003-01-02,11039
16,2003-01-03,11039
17,2003-01-04,11039
18,2003-01-05,11039
19,2003-01-06,11039
20,2003-01-07,11039
21,2003-01-08,11039
22,2003-01-09,11039
23,2003-01-10,11039
24,2003-01-11,11039
25,2003-01-12,11039
26,2003-01-13,11039
27,2003-01-14,11039
28,2003-01-15,11039
29,2003-01-16,11039
30,2003-01-17,11039
31,2003-01-18,11039
32,2003-01-19,11039
33,2003-01-20,11039
34,2003-01-21,11039
35,2003-01-22,11039
36,2003-01-23,11039
37,2003-01-24,11039
38,2003-01-25,11039
39,2003-01-26,11039
40,2003-01-27,11039
41,2003-01-28,11039
42,2003-01-29,11039
43,2003-01-30,11039
44,2003-01-31,11039
45,2003-02-01,11039
46,2003-02-02,11039
47,2003-02-03,11039
48,2003-02-04,11039
49,2003-02-05,11039
50,2003-02-06,11039
51,2003-02-07,11039
52,2003-02-08,11039
53,2003-02-09,11039
54,2003-02-10,11039
55,2003-02-11,11039
56,2003-02-12,11039
57,2003-02-13,11039
58,2003-02-14,11039
59,2003-02-15,11039
60,2003-02-16,11039
61,2003-02-17,11039
62,2003-02-18,11039
63,2003-02-19,11039
64,2003-02-20,11039
65,2003-02-21,11039
66,2003-02-22,11039
67,2003-02-23,11039
68,2003-02-24,11039
69,2003-02-25,11039
70,2003-02-26,11039
71,2003-02-27,11039
72,2003-02-28,11039
73,2003-03-01,11039
74,2003-03-02,11039
75,2003-03-03,11039
76,2003-03-04,11039
77,2003-03-05,11039
78,2003-03-06,11039
79,2003-03-07,11039
80,2003-03-08,11039
81,2003-03-09,11039
82,2003-03-10,11039
83,2003-03-11,11039
84,2003-03-12,11039
85,2003-03-13,11039
86,2003-03-14,11039
87,2003-03-15,11039
88,2003-03-16,11039
89,2003-03-17,11039
90,2003-03-18,11039
91,2003-03-19,11039
92,2003-03-20,11039
93,2003-03-21,11039
94,2003-03-22,11039
95,2003-03-23,11039
96,2003-03-24,11039
97,2003-03-25,11039
98,2003-03-26,11039
99,2003-03-27,11039
100,2003-03-28,11039
101,2003-03-29,11039
102,2003-03-30,11039
103,2003-03-31,11039
104,2003-04-01,11039
105,2003-04-02,11038
106,2003-04-03,11038
107,2003-04-04,11038
108,2003-04-05,11038
109,2003-04-06,11038
110,2003-04-07,11038
111,2003-04-08,11038
112,2003-04-09,11038
113,2003-04-10,11038
114,2003-04-11,11038
115,2003-04-12,11038
116,2003-04-13,11038
117,2003-04-14,11038
118,2003-04-15,11038
119,2003-04-16,11038
120,2003-04-17,11038
121,2003-04-18,11038
122,2003-04-19,11038
123,2003-04-20,11038
124,2003-04-21,11038
125,2003-04-22,11038
126,2003-04-23,11038
127,2003-04-24,11038
128,2003-04-25,11038
129,2003-04-26,11038
130,2003-04-27,11038
131,2003-04-28,11038
132,2003-04-29,11038
133,2003-04-30,11039
134,2003-05-01,11039
135,2003-05-02,11039
136,2003-05-03,11039
137,2003-05-04,11039
138,2003-05-05,11039
139,2003-05-06,11039
140,2003-05-07,11039
141,2003-05-08,11039
142,2003-05-09,11039
143,2003-05-10,11039
144,2003-05-11,11039
145,2003-05-12,11039
146,2003-05-13,11039
147,2003-05-14,11039
148,2003-05-15,11039
149,2003-05-16,11039
150,2003-05-17,11039
151,2003-05-18,11039
152,2003-05-19,11039
153,2003-05-20,11039
154,2003-05-21,11039
155,2003-05-22,11039
156,2003-05-23,11039
157,2003-05-24,11039
158,2003-05-25,11039
159,2003-05-26,11039
160,2003-05-27,11039
161,2003-05-28,11039
162,2003-05-29,11039
163,2003-05-30,11039
164,2003-05-31,11039
165,2003-06-01,11039
166,2003-06-02,11039
167,2003-06-03,11039
168,2003-06-04,11040
169,2003-06-05,11040
170,2003-06-06,11040
171,2003-06-07,11040
172,2003-06-08,11040
173,2003-06-09,11040
174,2003-06-10,11040
175,2003-06-11,11040
176,2003-06-12,11040
177,2003-06-13,11040
178,2003-06-14,11040
179,2003-06-15,11040
180,2003-06-16,11040
181,2003-06-17,11040
182,2003-06-18,11040
183,2003-06-19,11040
184,2003-06-20,11040
185,2003-06-21,11040
186,2003-06-22,11040
187,2003-06-23,11040
188,2003-06-24,11040
189,2003-06-25,11040
190,2003-06-26,11040
191,2003-06-27,11040
192,2003-06-28,11040
193,2003-06-29,11040
194,2003-06-30,11040
195,2003-07-01,11040
196,2003-07-02,11039
197,2003-07-03,11039
198,2003-07-04,11039
199,2003-07-05,11039
200,2003-07-06,11039
201,2003-07-07,11039
202,2003-07-08,11039
203,2003-07-09,11039
204,2003-07-10,11039
205,2003-07-11,11039
206,2003-07-12,11039
207,2003-07-13,11039
208,2003-07-14,11039
209,2003-07-15,11039
210,2003-07-16,11039
211,2003-07-17,11039
212,2003-07-18,11039
213,2003-07-19,11039
214,2003-07-20,11039
215,2003-07-21,11039
216,2003-07-22,11039
217,2003-07-23,11039
218,2003-07-24,11039
219,2003-07-25,11039
220,2003-07-26,11039
221,2003-07-27,11039
222,2003-07-28,11039
223,2003-07-29,11039
224,2003-07-30,11039
225,2003-07-31,11039
226,2003-08-01,11039
227,2003-08-02,11039
228,2003-08-03,11039
229,2003-08-04,11039
230,2003-08-05,11039
231,2003-08-06,11039
232,2003-08-07,11039
233,2003-08-08,11039
234,2003-08-09,11039
235,2003-08-10,11039
236,2003-08-11,11039
237,2003-08-12,11039
238,2003-08-13,11039
239,2003-08-14,11039
240,2003-08-15,11039
241,2003-08-16,11039
242,2003-08-17,11039
243,2003-08-18,11039
244,2003-08-19,11039
245,2003-08-20,11039
246,2003-08-21,11039
247,2003-08-22,11039
248,2003-08-23,11039
249,2003-08-24,11039
250,2003-08-25,11039
251,2003-08-26,11039
252,2003-08-27,11039
253,2003-08-28,11039
254,2003-08-29,11039
255,2003-08-30,11039
256,2003-08-31,11039
257,2003-09-01,11039
258,2003-09-02,11039
259,2003-09-03,11039
260,2003-09-04,11039
261,2003-09-05,11039
262,2003-09-06,11039
263,2003-09-07,11039
264,2003-09-08,11039
265,2003-09-09,11039
266,2003-09-10,11039
267,2003-09-11,11039
268,2003-09-12,11039
269,2003-09-13,11039
270,2003-09-14,11039
271,2003-09-15,11039
272,2003-09-16,11039
273,2003-09-17,11039
274,2003-09-18,11039
275,2003-09-19,11039
276,2003-09-20,11039
277,2003-09-21,11039
278,2003-09-22,11039
279,2003-09-23,11039
280,2003-09-24,11039
281,2003-09-25,11039
282,2003-09-26,11039
283,2003-09-27,11039
284,2003-09-28,11039
285,2003-09-29,11039
286,2003-09-30,11039
287,2003-10-01,11039
288,2003-10-02,11039
289,2003-10-03,11039
290,2003-10-04,11039
291,2003-10-05,11039
292,2003-10-06,11039
293,2003-10-07,11039
294,2003-10-08,11039
295,2003-10-09,11039
296,2003-10-10,11039
297,2003-10-11,11039
298,2003-10-12,11039
299,2003-10-13,11039
300,2003-10-14,11039
301,2003-10-15,11039
302,2003-10-16,11039
303,2003-10-17,11039
304,2003-10-18,11039
305,2003-10-19,11039
306,2003-10-20,11039
307,2003-10-21,11039
308,2003-10-22,11039
309,2003-10-23,11039
310,2003-10-24,11039
311,2003-10-25,11039
312,2003-10-26,11039
313,2003-10-27,11039
314,2003-10-28,11039
315,2003-10-29,11039
316,2003-10-30,11039
317,2003-10-31,11039
318,2003-11-01,11039
319,2003-11-02,11039
320,2003-11-03,11039
321,2003-11-04,11039
322,2003-11-05,11039
323,2003-11-06,11039
324,2003-11-07,11039
325,2003-11-08,11039
326,2003-11-09,11039
327,2003-11-10,11039
328,2003-11-11,11039
329,2003-11-12,11039
330,2003-11-13,11039
331,2003-11-14,11039
332,2003-11-15,11039
333,2003-11-16,11039
334,2003-11-17,11039
335,2003-11-18,11039
336,2003-11-19,11039
337,2003-11-20,11039
338,2003-11-21,11039
339,2003-11-22,11039
340,2003-11-23,11039
341,2003-11-24,11039
342,2003-11-25,11039
343,2003-11-26,11039
344,2003-11-27,11039
345,2003-11-28,11039
346,2003-11-29,11039
347,2003-11-30,11039
348,2003-12-01,11039
349,2003-12-02,11039
350,2003-12-03,11039
351,2003-12-04,11039
352,2003-12-05,11039
353,2003-12-06,11039
354,2003-12-07,11039
355,2003-12-08,11039
356,2003-12-09,11039
357,2003-12-10,11039
358,2003-12-11,11039
359,2003-12-12,11039
360,2003-12-13,11039
361,2003-12-14,11039
362,2003-12-15,11039
363,2003-12-16,11039
364,2003-12-17,11039
365,2003-12-18,11039
366,2003-12-19,11039
367,2003-12-20,11039
368,2003-12-21,11039
369,2003-12-22,11039
370,2003-12-23,11039
371,2003-12-24,11039
372,2003-12-25,11039
373,2003-12-26,11039
374,2003-12-27,11039
375,2003-12-28,11039
376,2003-12-29,11039
377,2003-12-30,11039
378,2003-12-31,11039
379,2004-01-01,11039
380,2004-01-02,11039
381,2004-01-03,11039
382,2004-01-04,11039
383,2004-01-05,11039
384,2004-01-06,11039
385,2004-01-07,11039
386,2004-01-08,11039
387,2004-01-09,11039
388,2004-01-10,11039
389,2004-01-11,11039
390,2004-01-12,11039
391,2004-01-13,11039
392,2004-01-14,11039
393,2004-01-15,11039
394,2004-01-16,11039
395,2004-01-17,11039
396,2004-01-18,11039
397,2004-01-19,11039
398,2004-01-20,11039
399,2004-01-21,11039
400,2004-01-22,11039
401,2004-01-23,11039
402,2004-01-24,11039
403,2004-01-25,11039
404,2004-01-26,11039
405,2004-01-27,11039
406,2004-01-28,11039
407,2004-01-29,11039
408,2004-01-30,11039
409,2004-01-31,11039
410,2004-02-01,11039
411,2004-02-02,11039
412,2004-02-03,11039
413,2004-02-04,11038
414,2004-02-05,11038
415,2004-02-06,11038
416,2004-02-07,11038
417,2004-02-08,11038
418,2004-02-09,11038
419,2004-02-10,11038
420,2004-02-11,11038
421,2004-02-12,11038
422,2004-02-13,11038
423,2004-02-14,11038
424,2004-02-15,11038
425,2004-02-16,11038
426,2004-02-17,11038
427,2004-02-18,11038
428,2004-02-19,11038
429,2004-02-20,11038
430,2004-02-21,11038
431,2004-02-22,11038
432,2004-02-23,11038
433,2004-02-24,11038
434,2004-02-25,11038
435,2004-02-26,11038
436,2004-02-27,11038
437,2004-02-28,11038
438,2004-02-29,11038
439,2004-03-01,11038
440,2004-03-02,11038
441,2004-03-03,11041
442,2004-03-04,11041
443,2004-03-05,11041
444,2004-03-06,11041
445,2004-03-07,11041
446,2004-03-08,11041
447,2004-03-09,11041
448,2004-03-10,11041
449,2004-03-11,11041
450,2004-03-12,11041
451,2004-03-13,11041
452,2004-03-14,11041
453,2004-03-15,11041
454,2004-03-16,11041
455,2004-03-17,11041
456,2004-03-18,11041
457,2004-03-19,11041
458,2004-03-20,11041
459,2004-03-21,11041
460,2004-03-22,11041
461,2004-03-23,11041
462,2004-03-24,11041
463,2004-03-25,11041
464,2004-03-26,11041
465,2004-03-27,11041
466,2004-03-28,11041
467,2004-03-29,11041
468,2004-03-30,11041
469,2004-03-31,11041
470,2004-04-01,11041
471,2004-04-02,11041
472,2004-04-03,11041
473,2004-04-04,11041
474,2004-04-05,11041
475,2004-04-06,11041
476,2004-04-07,11041
477,2004-04-08,11041
478,2004-04-09,11041
479,2004-04-10,11041
480,2004-04-11,11041
481,2004-04-12,11041
482,2004-04-13,11041
483,2004-04-14,11041
484,2004-04-15,11041
485,2004-04-16,11041
486,2004-04-17,11041
487,2004-04-18,11041
488,2004-04-19,11041
489,2004-04-20,11041
490,2004-04-21,11041
491,2004-04-22,11041
492,2004-04-23,11041
493,2004-04-24,11041
494,2004-04-25,11041
495,2004-04-26,11041
496,2004-04-27,11041
497,2004-04-28,11041
498,2004-04-29,11041
499,2004-04-30,11041
500,2004-05-01,11041
501,2004-05-02,11041
502,2004-05-03,11041
503,2004-05-04,11041
504,2004-05-05,11041
505,2004-05-06,11041
506,2004-05-07,11041
507,2004-05-08,11041
508,2004-05-09,11041
509,2004-05-10,11041
510,2004-05-11,11041
511,2004-05-12,11041
512,2004-05-13,11041
513,2004-05-14,11041
514,2004-05-15,11041
515,2004-05-16,11041
516,2004-05-17,11041
517,2004-05-18,11041
518,2004-05-19,11041
519,2004-05-20,11041
520,2004-05-21,11041
521,2004-05-22,11041
522,2004-05-23,11041
523,2004-05-24,11041
524,2004-05-25,11041
525,2004-05-26,11041
526,2004-05-27,11041
527,2004-05-28,11041
528,2004-05-29,11041
529,2004-05-30,11041
530,2004-05-31,11041
531,2004-06-01,11041
532,2004-06-02,11041
533,2004-06-03,11041
534,2004-06-04,11041
535,2004-06-05,11041
536,2004-06-06,11041
537,2004-06-07,11041
538,2004-06-08,11041
539,2004-06-09,11041
540,2004-06-10,11041
541,2004-06-11,11041
542,2004-06-12,11041
543,2004-06-13,11041
544,2004-06-14,11041
545,2004-06-15,11041
546,2004-06-16,11041
547,2004-06-17,11041
548,2004-06-18,11041
549,2004-06-19,11041
550,2004-06-20,11041
551,2004-06-21,11041
552,2004-06-22,11041
553,2004-06-23,11041
554,2004-06-24,11041
555,2004-06-25,11041
556,2004-06-26,11041
557,2004-06-27,11041
558,2004-06-28,11041
559,2004-06-29,11041
560,2004-06-30,11040
561,2004-07-01,11040
562,2004-07-02,11040
563,2004-07-03,11040
564,2004-07-04,11040
565,2004-07-05,11040
566,2004-07-06,11040
567,2004-07-07,11040
568,2004-07-08,11040
569,2004-07-09,11040
570,2004-07-10,11040
571,2004-07-11,11040
572,2004-07-12,11040
573,2004-07-13,11040
574,2004-07-14,11040
575,2004-07-15,11040
576,2004-07-16,11040
577,2004-07-17,11040
578,2004-07-18,11040
579,2004-07-19,11040
580,2004-07-20,11040
581,2004-07-21,11040
582,2004-07-22,11040
583,2004-07-23,11040
584,2004-07-24,11040
585,2004-07-25,11040
586,2004-07-26,11040
587,2004-07-27,11040
588,2004-07-28,11040
589,2004-07-29,11040
590,2004-07-30,11040
591,2004-07-31,11040
592,2004-08-01,11040
593,2004-08-02,11040
594,2004-08-03,11040
595,2004-08-04,11040
596,2004-08-05,11040
597,2004-08-06,11040
598,2004-08-07,11040
599,2004-08-08,11040
600,2004-08-09,11040
601,2004-08-10,11040
602,2004-08-11,11040
603,2004-08-12,11040
604,2004-08-13,11040
605,2004-08-14,11040
606,2004-08-15,11040
607,2004-08-16,11040
608,2004-08-17,11040
609,2004-08-18,11040
610,2004-08-19,11040
611,2004-08-20,11040
612,2004-08-21,11040
613,2004-08-22,11040
614,2004-08-23,11040
615,2004-08-24,11040
616,2004-08-25,11040
617,2004-08-26,11040
618,2004-08-27,11040
619,2004-08-28,11040
620,2004-08-29,11040
621,2004-08-30,11040
622,2004-08-31,11040
623,2004-09-01,11039
624,2004-09-02,11039
625,2004-09-03,11039
626,2004-09-04,11039
627,2004-09-05,11039
628,2004-09-06,11039
629,2004-09-07,11039
630,2004-09-08,11039
631,2004-09-09,11039
632,2004-09-10,11039
633,2004-09-11,11039
634,2004-09-12,11039
635,2004-09-13,11039
636,2004-09-14,11039
637,2004-09-15,11039
638,2004-09-16,11039
639,2004-09-17,11039
640,2004-09-18,11039
641,2004-09-19,11039
642,2004-09-20,11039
643,2004-09-21,11039
644,2004-09-22,11039
645,2004-09-23,11039
646,2004-09-24,11039
647,2004-09-25,11039
648,2004-09-26,11039
649,2004-09-27,11039
650,2004-09-28,11039
651,2004-09-29,11039
652,2004-09-30,11039
653,2004-10-01,11039
654,2004-10-02,11039
655,2004-10-03,11039
656,2004-10-04,11039
657,2004-10-05,11039
658,2004-10-06,11039
659,2004-10-07,11039
660,2004-10-08,11039
661,2004-10-09,11039
662,2004-10-10,11039
663,2004-10-11,11039
664,2004-10-12,11039
665,2004-10-13,11039
666,2004-10-14,11039
667,2004-10-15,11039
668,2004-10-16,11039
669,2004-10-17,11039
670,2004-10-18,11039
671,2004-10-19,11039
672,2004-10-20,11039
673,2004-10-21,11039
674,2004-10-22,11039
675,2004-10-23,11039
676,2004-10-24,11039
677,2004-10-25,11039
678,2004-10-26,11039
679,2004-10-27,11039
680,2004-10-28,11039
681,2004-10-29,11039
682,2004-10-30,11039
683,2004-10-31,11039
684,2004-11-01,11039
685,2004-11-02,11039
686,2004-11-03,11039
687,2004-11-04,11039
688,2004-11-05,11039
689,2004-11-06,11039
690,2004-11-07,11039
691,2004-11-08,11039
692,2004-11-09,11039
693,2004-11-10,11039
694,2004-11-11,11039
695,2004-11-12,11039
696,2004-11-13,11039
697,2004-11-14,11039
698,2004-11-15,11039
699,2004-11-16,11039
700,2004-11-17,11039
701,2004-11-18,11039
702,2004-11-19,11039
703,2004-11-20,11039
704,2004-11-21,11039
705,2004-11-22,11039
706,2004-11-23,11039
707,2004-11-24,11039
708,2004-11-25,11039
709,2004-11-26,11039
710,2004-11-27,11039
711,2004-11-28,11039
712,2004-11-29,11039
713,2004-11-30,11039
714,2004-12-01,11039
715,2004-12-02,11039
716,2004-12-03,11039
717,2004-12-04,11039
718,2004-12-05,11039
719,2004-12-06,11039
720,2004-12-07,11039
721,2004-12-08,11039
722,2004-12-09,11039
723,2004-12-10,11039
724,2004-12-11,11039
725,2004-12-12,11039
726,2004-12-13,11039
727,2004-12-14,11039
728,2004-12-15,11039
729,2004-12-16,11039
730,2004-12-17,11039
731,2004-12-18,11039
732,2004-12-19,11039
733,2004-12-20,11039
734,2004-12-21,11039
735,2004-12-22,11039
736,2004-12-23,11039
737,2004-12-24,11039
738,2004-12-25,11039
739,2004-12-26,11039
740,2004-12-27,11039
741,2004-12-28,11039
742,2004-12-29,11041
743,2004-12-30,11041
744,2004-12-31,11041
745,2005-01-01,11041
746,2005-01-02,11041
747,2005-01-03,11041
748,2005-01-04,11041
749,2005-01-05,11041
750,2005-01-06,11041
751,2005-01-07,11041
752,2005-01-08,11041
753,2005-01-09,11041
754,2005-01-10,11041
755,2005-01-11,11041
756,2005-01-12,11041
757,2005-01-13,11041
758,2005-01-14,11041
759,2005-01-15,11041
760,2005-01-16,11041
761,2005-01-17,11041
762,2005-01-18,11041
763,2005-01-19,11041
764,2005-01-20,11041
765,2005-01-21,11041
766,2005-01-22,11041
767,2005-01-23,11041
768,2005-01-24,11041
769,2005-01-25,11041
770,2005-01-26,11041
771,2005-01-27,11041
772,2005-01-28,11041
773,2005-01-29,11041
774,2005-01-30,11041
775,2005-01-31,11041
776,2005-02-01,11041
777,2005-02-02,11038
778,2005-02-03,11038
779,2005-02-04,11038
780,2005-02-05,11038
781,2005-02-06,11038
782,2005-02-07,11038
783,2005-02-08,11038
784,2005-02-09,11038
785,2005-02-10,11038
786,2005-02-11,11038
787,2005-02-12,11038
788,2005-02-13,11038
789,2005-02-14,11038
790,2005-02-15,11038
791,2005-02-16,11038
792,2005-02-17,11038
793,2005-02-18,11038
794,2005-02-19,11038
795,2005-02-20,11038
796,2005-02-21,11038
797,2005-02-22,11038
798,2005-02-23,11038
799,2005-02-24,11038
800,2005-02-25,11038
801,2005-02-26,11038
802,2005-02-27,11038
803,2005-02-28,11038
804,2005-03-01,11038
805,2005-03-02,11037
806,2005-03-03,11037
807,2005-03-04,11037
808,2005-03-05,11037
809,2005-03-06,11037
810,2005-03-07,11037
811,2005-03-08,11037
812,2005-03-09,11037
813,2005-03-10,11037
814,2005-03-11,11037
815,2005-03-12,11037
816,2005-03-13,11037
817,2005-03-14,11037
818,2005-03-15,11037
819,2005-03-16,11037
820,2005-03-17,11037
821,2005-03-18,11037
822,2005-03-19,11037
823,2005-03-20,11037
824,2005-03-21,11037
825,2005-03-22,11037
826,2005-03-23,11037
827,2005-03-24,11037
828,2005-03-25,11037
829,2005-03-26,11037
830,2005-03-27,11037
831,2005-03-28,11037
832,2005-03-29,11037
833,2005-03-30,11037
834,2005-03-31,11037
835,2005-04-01,11037
836,2005-04-02,11037
837,2005-04-03,11037
838,2005-04-04,11037
839,2005-04-05,11037
840,2005-04-06,11037
841,2005-04-07,11037
842,2005-04-08,11037
843,2005-04-09,11037
844,2005-04-10,11037
845,2005-04-11,11037
846,2005-04-12,11037
847,2005-04-13,11037
848,2005-04-14,11037
849,2005-04-15,11037
850,2005-04-16,11037
851,2005-04-17,11037
852,2005-04-18,11037
853,2005-04-19,11037
854,2005-04-20,11037
855,2005-04-21,11037
856,2005-04-22,11037
857,2005-04-23,11037
858,2005-04-24,11037
859,2005-04-25,11037
860,2005-04-26,11037
861,2005-04-27,11037
862,2005-04-28,11037
863,2005-04-29,11037
864,2005-04-30,11037
865,2005-05-01,11037
866,2005-05-02,11037
867,2005-05-03,11037
868,2005-05-04,11037
869,2005-05-05,11037
870,2005-05-06,11037
871,2005-05-07,11037
872,2005-05-08,11037
873,2005-05-09,11037
874,2005-05-10,11037
875,2005-05-11,11037
876,2005-05-12,11037
877,2005-05-13,11037
878,2005-05-14,11037
879,2005-05-15,11037
880,2005-05-16,11037
881,2005-05-17,11037
882,2005-05-18,11037
883,2005-05-19,11037
884,2005-05-20,11037
885,2005-05-21,11037
886,2005-05-22,11037
887,2005-05-23,11037
888,2005-05-24,11037
889,2005-05-25,11037
890,2005-05-26,11037
891,2005-05-27,11037
892,2005-05-28,11037
893,2005-05-29,11037
894,2005-05-30,11037
895,2005-05-31,11037
896,2005-06-01,11037
897,2005-06-02,11037
898,2005-06-03,11037
899,2005-06-04,11037
900,2005-06-05,11037
901,2005-06-06,11037
902,2005-06-07,11037
903,2005-06-08,11037
904,2005-06-09,11037
905,2005-06-10,11037
906,2005-06-11,11037
907,2005-06-12,11037
908,2005-06-13,11037
909,2005-06-14,11037
910,2005-06-15,11037
911,2005-06-16,11037
912,2005-06-17,11037
913,2005-06-18,11037
914,2005-06-19,11037
915,2005-06-20,11037
916,2005-06-21,11037
917,2005-06-22,11037
918,2005-06-23,11037
919,2005-06-24,11037
920,2005-06-25,11037
921,2005-06-26,11037
922,2005-06-27,11037
923,2005-06-28,11037
924,2005-06-29,11037
925,2005-06-30,11037
926,2005-07-01,11037
927,2005-07-02,11037
928,2005-07-03,11037
929,2005-07-04,11037
930,2005-07-05,11037
931,2005-07-06,11037
932,2005-07-07,11037
933,2005-07-08,11037
934,2005-07-09,11037
935,2005-07-10,11037
936,2005-07-11,11037
937,2005-07-12,11037
938,2005-07-13,11037
939,2005-07-14,11037
940,2005-07-15,11037
941,2005-07-16,11037
942,2005-07-17,11037
943,2005-07-18,11037
944,2005-07-19,11037
945,2005-07-20,11037
946,2005-07-21,11037
947,2005-07-22,11037
948,2005-07-23,11037
949,2005-07-24,11037
950,2005-07-25,11037
951,2005-07-26,11037
952,2005-07-27,11037
953,2005-07-28,11037
954,2005-07-29,11037
955,2005-07-30,11037
956,2005-07-31,11037
957,2005-08-01,11037
958,2005-08-02,11037
959,2005-08-03,11037
960,2005-08-04,11037
961,2005-08-05,11037
962,2005-08-06,11037
963,2005-08-07,11037
964,2005-08-08,11037
965,2005-08-09,11037
966,2005-08-10,11037
967,2005-08-11,11037
968,2005-08-12,11037
969,2005-08-13,11037
970,2005-08-14,11037
971,2005-08-15,11037
972,2005-08-16,11037
973,2005-08-17,11037
974,2005-08-18,11037
975,2005-08-19,11037
976,2005-08-20,11037
977,2005-08-21,11037
978,2005-08-22,11037
979,2005-08-23,11037
980,2005-08-24,11037
981,2005-08-25,11037
982,2005-08-26,11037
983,2005-08-27,11037
984,2005-08-28,11037
985,2005-08-29,11037
986,2005-08-30,11037
987,2005-08-31,11037
988,2005-09-01,11037
989,2005-09-02,11037
990,2005-09-03,11037
991,2005-09-04,11037
992,2005-09-05,11037
993,2005-09-06,11037
994,2005-09-07,11037
995,2005-09-08,11037
996,2005-09-09,11037
997,2005-09-10,11037
998,2005-09-11,11037
999,2005-09-12,11037
1000,2005-09-13,11037
1001,2005-09-14,11037
1002,2005-09-15,11037
1003,2005-09-16,11037
1004,2005-09-17,11037
1005,2005-09-18,11037
1006,2005-09-19,11037
1007,2005-09-20,11037
1008,2005-09-21,11037
1009,2005-09-22,11037
1010,2005-09-23,11037
1011,2005-09-24,11037
1012,2005-09-25,11037
1013,2005-09-26,11037
1014,2005-09-27,11037
1015,2005-09-28,11037
1016,2005-09-29,11037
1017,2005-09-30,11037
1018,2005-10-01,11037
1019,2005-10-02,11037
1020,2005-10-03,11037
1021,2005-10-04,11037
1022,2005-10-05,11037
1023,2005-10-06,11037
1024,2005-10-07,11037
1025,2005-10-08,11037
1026,2005-10-09,11037
1027,2005-10-10,11037
1028,2005-10-11,11037
1029,2005-10-12,11037
1030,2005-10-13,11037
1031,2005-10-14,11037
1032,2005-10-15,11037
1033,2005-10-16,11037
1034,2005-10-17,11037
1035,2005-10-18,11037
1036,2005-10-19,11037
1037,2005-10-20,11037
1038,2005-10-21,11037
1039,2005-10-22,11037
1040,2005-10-23,11037
1041,2005-10-24,11037
1042,2005-10-25,11037
1043,2005-10-26,11037
1044,2005-10-27,11037
1045,2005-10-28,11037
1046,2005-10-29,11037
1047,2005-10-30,11037
1048,2005-10-31,11037
1049,2005-11-01,11037
1050,2005-11-02,11036
1051,2005-11-03,11036
1052,2005-11-04,11036
1053,2005-11-05,11036
1054,2005-11-06,11036
1055,2005-11-07,11036
1056,2005-11-08,11036
1057,2005-11-09,11036
1058,2005-11-10,11036
1059,2005-11-11,11036
1060,2005-11-12,11036
1061,2005-11-13,11036
1062,2005-11-14,11036
1063,2005-11-15,11036
1064,2005-11-16,11036
1065,2005-11-17,11036
1066,2005-11-18,11036
1067,2005-11-19,11036
1068,2005-11-20,11036
1069,2005-11-21,11036
1070,2005-11-22,11036
1071,2005-11-23,11036
1072,2005-11-24,11036
1073,2005-11-25,11036
1074,2005-11-26,11036
1075,2005-11-27,11036
1076,2005-11-28,11036
1077,2005-11-29,11036
1078,2005-11-30,11037
1079,2005-12-01,11037
1080,2005-12-02,11037
1081,2005-12-03,11037
1082,2005-12-04,11037
1083,2005-12-05,11037
1084,2005-12-06,11037
1085,2005-12-07,11037
1086,2005-12-08,11037
1087,2005-12-09,11037
1088,2005-12-10,11037
1089,2005-12-11,11037
1090,2005-12-12,11037
1091,2005-12-13,11037
1092,2005-12-14,11037
1093,2005-12-15,11037
1094,2005-12-16,11037
1095,2005-12-17,11037
1096,2005-12-18,11037
1097,2005-12-19,11037
1098,2005-12-20,11037
1099,2005-12-21,11037
1100,2005-12-22,11037
1101,2005-12-23,11037
1102,2005-12-24,11037
1103,2005-12-25,11037
1104,2005-12-26,11037
1105,2005-12-27,11037
1106,2005-12-28,11037
1107,2005-12-29,11037
1108,2005-12-30,11037
1109,2005-12-31,11037
1110,2006-01-01,11037
1111,2006-01-02,11037
1112,2006-01-03,11037
1113,2006-01-04,11039
1114,2006-01-05,11039
1115,2006-01-06,11039
1116,2006-01-07,11039
1117,2006-01-08,11039
1118,2006-01-09,11039
1119,2006-01-10,11039
1120,2006-01-11,11039
1121,2006-01-12,11039
1122,2006-01-13,11039
1123,2006-01-14,11039
1124,2006-01-15,11039
1125,2006-01-16,11039
1126,2006-01-17,11039
1127,2006-01-18,11039
1128,2006-01-19,11039
1129,2006-01-20,11039
1130,2006-01-21,11039
1131,2006-01-22,11039
1132,2006-01-23,11039
1133,2006-01-24,11039
1134,2006-01-25,11039
1135,2006-01-26,11039
1136,2006-01-27,11039
1137,2006-01-28,11039
1138,2006-01-29,11039
1139,2006-01-30,11039
1140,2006-01-31,11039
1141,2006-02-01,11040
1142,2006-02-02,11040
1143,2006-02-03,11040
1144,2006-02-04,11040
1145,2006-02-05,11040
1146,2006-02-06,11040
1147,2006-02-07,11040
1148,2006-02-08,11040
1149,2006-02-09,11040
1150,2006-02-10,11040
1151,2006-02-11,11040
1152,2006-02-12,11040
1153,2006-02-13,11040
1154,2006-02-14,11040
1155,2006-02-15,11040
1156,2006-02-16,11040
1157,2006-02-17,11040
1158,2006-02-18,11040
1159,2006-02-19,11040
1160,2006-02-20,11040
1161,2006-02-21,11040
1162,2006-02-22,11040
1163,2006-02-23,11040
1164,2006-02-24,11040
1165,2006-02-25,11040
1166,2006-02-26,11040
1167,2006-02-27,11040
1168,2006-02-28,11040
1169,2006-03-01,11040
1170,2006-03-02,11040
1171,2006-03-03,11040
1172,2006-03-04,11040
1173,2006-03-05,11040
1174,2006-03-06,11040
1175,2006-03-07,11040
1176,2006-03-08,11040
1177,2006-03-09,11040
1178,2006-03-10,11040
1179,2006-03-11,11040
1180,2006-03-12,11040
1181,2006-03-13,11040
1182,2006-03-14,11040
1183,2006-03-15,11040
1184,2006-03-16,11040
1185,2006-03-17,11040
1186,2006-03-18,11040
1187,2006-03-19,11040
1188,2006-03-20,11040
1189,2006-03-21,11040
1190,2006-03-22,11040
1191,2006-03-23,11040
1192,2006-03-24,11040
1193,2006-03-25,11040
1194,2006-03-26,11040
1195,2006-03-27,11040
1196,2006-03-28,11040
1197,2006-03-29,11040
1198,2006-03-30,11040
1199,2006-03-31,11040
1200,2006-04-01,11040
1201,2006-04-02,11040
1202,2006-04-03,11040
1203,2006-04-04,11040
1204,2006-04-05,11039
1205,2006-04-06,11039
1206,2006-04-07,11039
1207,2006-04-08,11039
1208,2006-04-09,11039
1209,2006-04-10,11039
1210,2006-04-11,11039
1211,2006-04-12,11039
1212,2006-04-13,11039
1213,2006-04-14,11039
1214,2006-04-15,11039
1215,2006-04-16,11039
1216,2006-04-17,11039
1217,2006-04-18,11039
1218,2006-04-19,11039
1219,2006-04-20,11039
1220,2006-04-21,11039
1221,2006-04-22,11039
1222,2006-04-23,11039
1223,2006-04-24,11039
1224,2006-04-25,11039
1225,2006-04-26,11039
1226,2006-04-27,11039
1227,2006-04-28,11039
1228,2006-04-29,11039
1229,2006-04-30,11039
1230,2006-05-01,11039
1231,2006-05-02,11039
1232,2006-05-03,11037
1233,2006-05-04,11037
1234,2006-05-05,11037
1235,2006-05-06,11037
1236,2006-05-07,11037
1237,2006-05-08,11037
1238,2006-05-09,11037
1239,2006-05-10,11037
1240,2006-05-11,11037
1241,2006-05-12,11037
1242,2006-05-13,11037
1243,2006-05-14,11037
1244,2006-05-15,11037
1245,2006-05-16,11037
1246,2006-05-17,11037
1247,2006-05-18,11037
1248,2006-05-19,11037
1249,2006-05-20,11037
1250,2006-05-21,11037
1251,2006-05-22,11037
1252,2006-05-23,11037
1253,2006-05-24,11037
1254,2006-05-25,11037
1255,2006-05-26,11037
1256,2006-05-27,11037
1257,2006-05-28,11037
1258,2006-05-29,11037
1259,2006-05-30,11037
1260,2006-05-31,11037
1261,2006-06-01,11037
1262,2006-06-02,11037
1263,2006-06-03,11037
1264,2006-06-04,11037
1265,2006-06-05,11037
1266,2006-06-06,11037
1267,2006-06-07,11037
1268,2006-06-08,11037
1269,2006-06-09,11037
1270,2006-06-10,11037
1271,2006-06-11,11037
1272,2006-06-12,11037
1273,2006-06-13,11037
1274,2006-06-14,11037
1275,2006-06-15,11037
1276,2006-06-16,11037
1277,2006-06-17,11037
1278,2006-06-18,11037
1279,2006-06-19,11037
1280,2006-06-20,11037
1281,2006-06-21,11037
1282,2006-06-22,11037
1283,2006-06-23,11037
1284,2006-06-24,11037
1285,2006-06-25,11037
1286,2006-06-26,11037
1287,2006-06-27,11037
1288,2006-06-28,11037
1289,2006-06-29,11037
1290,2006-06-30,11037
1291,2006-07-01,11037
1292,2006-07-02,11037
1293,2006-07-03,11037
1294,2006-07-04,11037
1295,2006-07-05,11037
1296,2006-07-06,11037
1297,2006-07-07,11037
1298,2006-07-08,11037
1299,2006-07-09,11037
1300,2006-07-10,11037
1301,2006-07-11,11037
1302,2006-07-12,11037
1303,2006-07-13,11037
1304,2006-07-14,11037
1305,2006-07-15,11037
1306,2006-07-16,11037
1307,2006-07-17,11037
1308,2006-07-18,11037
1309,2006-07-19,11037
1310,2006-07-20,11037
1311,2006-07-21,11037
1312,2006-07-22,11037
1313,2006-07-23,11037
1314,2006-07-24,11037
1315,2006-07-25,11037
1316,2006-07-26,11037
1317,2006-07-27,11037
1318,2006-07-28,11037
1319,2006-07-29,11037
1320,2006-07-30,11037
1321,2006-07-31,11037
1322,2006-08-01,11037
1323,2006-08-02,11037
1324,2006-08-03,11037
1325,2006-08-04,11037
1326,2006-08-05,11037
1327,2006-08-06,11037
1328,2006-08-07,11037
1329,2006-08-08,11037
1330,2006-08-09,11037
1331,2006-08-10,11037
1332,2006-08-11,11037
1333,2006-08-12,11037
1334,2006-08-13,11037
1335,2006-08-14,11037
1336,2006-08-15,11037
1337,2006-08-16,11037
1338,2006-08-17,11037
1339,2006-08-18,11037
1340,2006-08-19,11037
1341,2006-08-20,11037
1342,2006-08-21,11037
1343,2006-08-22,11037
1344,2006-08-23,11037
1345,2006-08-24,11037
1346,2006-08-25,11037
1347,2006-08-26,11037
1348,2006-08-27,11037
1349,2006-08-28,11037
1350,2006-08-29,11037
1351,2006-08-30,11037
1352,2006-08-31,11037
1353,2006-09-01,11037
1354,2006-09-02,11037
1355,2006-09-03,11037
1356,2006-09-04,11037
1357,2006-09-05,11037
1358,2006-09-06,11037
1359,2006-09-07,11037
1360,2006-09-08,11037
1361,2006-09-09,11037
1362,2006-09-10,11037
1363,2006-09-11,11037
1364,2006-09-12,11037
1365,2006-09-13,11037
1366,2006-09-14,11037
1367,2006-09-15,11037
1368,2006-09-16,11037
1369,2006-09-17,11037
1370,2006-09-18,11037
1371,2006-09-19,11037
1372,2006-09-20,11037
1373,2006-09-21,11037
1374,2006-09-22,11037
1375,2006-09-23,11037
1376,2006-09-24,11037
1377,2006-09-25,11037
1378,2006-09-26,11037
1379,2006-09-27,11037
1380,2006-09-28,11037
1381,2006-09-29,11037
1382,2006-09-30,11037
1383,2006-10-01,11037
1384,2006-10-02,11037
1385,2006-10-03,11037
1386,2006-10-04,11037
1387,2006-10-05,11037
1388,2006-10-06,11037
1389,2006-10-07,11037
1390,2006-10-08,11037
1391,2006-10-09,11037
1392,2006-10-10,11037
1393,2006-10-11,11037
1394,2006-10-12,11037
1395,2006-10-13,11037
1396,2006-10-14,11037
1397,2006-10-15,11037
1398,2006-10-16,11037
1399,2006-10-17,11037
1400,2006-10-18,11037
1401,2006-10-19,11037
1402,2006-10-20,11037
1403,2006-10-21,11037
1404,2006-10-22,11037
1405,2006-10-23,11037
1406,2006-10-24,11037
1407,2006-10-25,11037
1408,2006-10-26,11037
1409,2006-10-27,11037
1410,2006-10-28,11037
1411,2006-10-29,11037
1412,2006-10-30,11037
1413,2006-10-31,11037
1414,2006-11-01,11037
1415,2006-11-02,11037
1416,2006-11-03,11037
1417,2006-11-04,11037
1418,2006-11-05,11037
1419,2006-11-06,11037
1420,2006-11-07,11037
1421,2006-11-08,11037
1422,2006-11-09,11037
1423,2006-11-10,11037
1424,2006-11-11,11037
1425,2006-11-12,11037
1426,2006-11-13,11037
1427,2006-11-14,11037
1428,2006-11-15,11037
1429,2006-11-16,11037
1430,2006-11-17,11037
1431,2006-11-18,11037
1432,2006-11-19,11037
1433,2006-11-20,11037
1434,2006-11-21,11037
1435,2006-11-22,11037
1436,2006-11-23,11037
1437,2006-11-24,11037
1438,2006-11-25,11037
1439,2006-11-26,11037
1440,2006-11-27,11037
1441,2006-11-28,11037
1442,2006-11-29,11037
1443,2006-11-30,11037
1444,2006-12-01,11037
1445,2006-12-02,11037
1446,2006-12-03,11037
1447,2006-12-04,11037
1448,2006-12-05,11037
1449,2006-12-06,11037
1450,2006-12-07,11037
1451,2006-12-08,11037
1452,2006-12-09,11037
1453,2006-12-10,11037
1454,2006-12-11,11037
1455,2006-12-12,11037
1456,2006-12-13,11037
1457,2006-12-14,11037
1458,2006-12-15,11037
1459,2006-12-16,11037
1460,2006-12-17,11037
1461,2006-12-18,11037
1462,2006-12-19,11037
1463,2006-12-20,11037
1464,2006-12-21,11037
1465,2006-12-22,11037
1466,2006-12-23,11037
1467,2006-12-24,11037
1468,2006-12-25,11037
1469,2006-12-26,11037
1470,2006-12-27,11037
1471,2006-12-28,11037
1472,2006-12-29,11037
1473,2006-12-30,11037
1474,2006-12-31,11037
1475,2007-01-01,11037
1476,2007-01-02,11037
1477,2007-01-03,11037
1478,2007-01-04,11037
1479,2007-01-05,11037
1480,2007-01-06,11037
1481,2007-01-07,11037
1482,2007-01-08,11037
1483,2007-01-09,11037
1484,2007-01-10,11037
1485,2007-01-11,11037
1486,2007-01-12,11037
1487,2007-01-13,11037
1488,2007-01-14,11037
1489,2007-01-15,11037
1490,2007-01-16,11037
1491,2007-01-17,11037
1492,2007-01-18,11037
1493,2007-01-19,11037
1494,2007-01-20,11037
1495,2007-01-21,11037
1496,2007-01-22,11037
1497,2007-01-23,11037
1498,2007-01-24,11037
1499,2007-01-25,11037
1500,2007-01-26,11037
1501,2007-01-27,11037
1502,2007-01-28,11037
1503,2007-01-29,11037
1504,2007-01-30,11037
1505,2007-01-31,11037
1506,2007-02-01,11037
1507,2007-02-02,11037
1508,2007-02-03,11037
1509,2007-02-04,11037
1510,2007-02-05,11037
1511,2007-02-06,11037
1512,2007-02-07,11037
1513,2007-02-08,11037
1514,2007-02-09,11037
1515,2007-02-10,11037
1516,2007-02-11,11037
1517,2007-02-12,11037
1518,2007-02-13,11037
1519,2007-02-14,11037
1520,2007-02-15,11037
1521,2007-02-16,11037
1522,2007-02-17,11037
1523,2007-02-18,11037
1524,2007-02-19,11037
1525,2007-02-20,11037
1526,2007-02-21,11037
1527,2007-02-22,11037
1528,2007-02-23,11037
1529,2007-02-24,11037
1530,2007-02-25,11037
1531,2007-02-26,11037
1532,2007-02-27,11037
1533,2007-02-28,11037
1534,2007-03-01,11037
1535,2007-03-02,11037
1536,2007-03-03,11037
1537,2007-03-04,11037
1538,2007-03-05,11037
1539,2007-03-06,11037
1540,2007-03-07,11037
1541,2007-03-08,11037
1542,2007-03-09,11037
1543,2007-03-10,11037
1544,2007-03-11,11037
1545,2007-03-12,11037
1546,2007-03-13,11037
1547,2007-03-14,11037
1548,2007-03-15,11037
1549,2007-03-16,11037
1550,2007-03-17,11037
1551,2007-03-18,11037
1552,2007-03-19,11037
1553,2007-03-20,11037
1554,2007-03-21,11037
1555,2007-03-22,11037
1556,2007-03-23,11037
1557,2007-03-24,11037
1558,2007-03-25,11037
1559,2007-03-26,11037
1560,2007-03-27,11037
1561,2007-03-28,11037
1562,2007-03-29,11037
1563,2007-03-30,11037
1564,2007-03-31,11037
1565,2007-04-01,11037
1566,2007-04-02,11037
1567,2007-04-03,11037
1568,2007-04-04,11037
1569,2007-04-05,11037
1570,2007-04-06,11037
1571,2007-04-07,11037
1572,2007-04-08,11037
1573,2007-04-09,11037
1574,2007-04-10,11037
1575,2007-04-11,11037
1576,2007-04-12,11037
1577,2007-04-13,11037
1578,2007-04-14,11037
1579,2007-04-15,11037
1580,2007-04-16,11037
1581,2007-04-17,11037
1582,2007-04-18,11037
1583,2007-04-19,11037
1584,2007-04-20,11037
1585,2007-04-21,11037
1586,2007-04-22,11037
1587,2007-04-23,11037
1588,2007-04-24,11037
1589,2007-04-25,11037
1590,2007-04-26,11037
1591,2007-04-27,11037
1592,2007-04-28,11037
1593,2007-04-29,11037
1594,2007-04-30,11037
1595,2007-05-01,11037
1596,2007-05-02,11037
1597,2007-05-03,11037
1598,2007-05-04,11037
1599,2007-05-05,11037
1600,2007-05-06,11037
1601,2007-05-07,11037
1602,2007-05-08,11037
1603,2007-05-09,11037
1604,2007-05-10,11037
1605,2007-05-11,11037
1606,2007-05-12,11037
1607,2007-05-13,11037
1608,2007-05-14,11037
1609,2007-05-15,11037
1610,2007-05-16,11037
1611,2007-05-17,11037
1612,2007-05-18,11037
1613,2007-05-19,11037
1614,2007-05-20,11037
1615,2007-05-21,11037
1616,2007-05-22,11037
1617,2007-05-23,11037
1618,2007-05-24,11037
1619,2007-05-25,11037
1620,2007-05-26,11037
1621,2007-05-27,11037
1622,2007-05-28,11037
1623,2007-05-29,11037
1624,2007-05-30,11037
1625,2007-05-31,11037
1626,2007-06-01,11037
1627,2007-06-02,11037
1628,2007-06-03,11037
1629,2007-06-04,11037
1630,2007-06-05,11037
1631,2007-06-06,11037
1632,2007-06-07,11037
1633,2007-06-08,11037
1634,2007-06-09,11037
1635,2007-06-10,11037
1636,2007-06-11,11037
1637,2007-06-12,11037
1638,2007-06-13,11037
1639,2007-06-14,11037
1640,2007-06-15,11037
1641,2007-06-16,11037
1642,2007-06-17,11037
1643,2007-06-18,11037
1644,2007-06-19,11037
1645,2007-06-20,11037
1646,2007-06-21,11037
1647,2007-06-22,11037
1648,2007-06-23,11037
1649,2007-06-24,11037
1650,2007-06-25,11037
1651,2007-06-26,11037
1652,2007-06-27,11037
1653,2007-06-28,11037
1654,2007-06-29,11037
1655,2007-06-30,11037
1656,2007-07-01,11037
1657,2007-07-02,11037
1658,2007-07-03,11037
1659,2007-07-04,11037
1660,2007-07-05,11037
1661,2007-07-06,11037
1662,2007-07-07,11037
1663,2007-07-08,11037
1664,2007-07-09,11037
1665,2007-07-10,11037
1666,2007-07-11,11037
1667,2007-07-12,11037
1668,2007-07-13,11037
1669,2007-07-14,11037
1670,2007-07-15,11037
1671,2007-07-16,11037
1672,2007-07-17,11037
1673,2007-07-18,11037
1674,2007-07-19,11037
1675,2007-07-20,11037
1676,2007-07-21,11037
1677,2007-07-22,11037
1678,2007-07-23,11037
1679,2007-07-24,11037
1680,2007-07-25,11037
1681,2007-07-26,11037
1682,2007-07-27,11037
1683,2007-07-28,11037
1684,2007-07-29,11037
1685,2007-07-30,11037
1686,2007-07-31,11037
1687,2007-08-01,11037
1688,2007-08-02,11037
1689,2007-08-03,11037
1690,2007-08-04,11037
1691,2007-08-05,11037
1692,2007-08-06,11037
1693,2007-08-07,11037
1694,2007-08-08,11037
1695,2007-08-09,11037
1696,2007-08-10,11037
1697,2007-08-11,11037
1698,2007-08-12,11037
1699,2007-08-13,11037
1700,2007-08-14,11037
1701,2007-08-15,11037
1702,2007-08-16,11037
1703,2007-08-17,11037
1704,2007-08-18,11037
1705,2007-08-19,11037
1706,2007-08-20,11037
1707,2007-08-21,11037
1708,2007-08-22,11037
1709,2007-08-23,11037
1710,2007-08-24,11037
1711,2007-08-25,11037
1712,2007-08-26,11037
1713,2007-08-27,11037
1714,2007-08-28,11037
1715,2007-08-29,11037
1716,2007-08-30,11037
1717,2007-08-31,11037
1718,2007-09-01,11037
1719,2007-09-02,11037
1720,2007-09-03,11037
1721,2007-09-04,11037
1722,2007-09-05,11037
1723,2007-09-06,11037
1724,2007-09-07,11037
1725,2007-09-08,11037
1726,2007-09-09,11037
1727,2007-09-10,11037
1728,2007-09-11,11037
1729,2007-09-12,11037
1730,2007-09-13,11037
1731,2007-09-14,11037
1732,2007-09-15,11037
1733,2007-09-16,11037
1734,2007-09-17,11037
1735,2007-09-18,11037
1736,2007-09-19,11037
1737,2007-09-20,11037
1738,2007-09-21,11037
1739,2007-09-22,11037
1740,2007-09-23,11037
1741,2007-09-24,11037
1742,2007-09-25,11037
1743,2007-09-26,11037
1744,2007-09-27,11037
1745,2007-09-28,11037
1746,2007-09-29,11037
1747,2007-09-30,11037
1748,2007-10-01,11037
1749,2007-10-02,11037
1750,2007-10-03,11037
1751,2007-10-04,11037
1752,2007-10-05,11037
1753,2007-10-06,11037
1754,2007-10-07,11037
1755,2007-10-08,11037
1756,2007-10-09,11037
1757,2007-10-10,11037
1758,2007-10-11,11037
1759,2007-10-12,11037
1760,2007-10-13,11037
1761,2007-10-14,11037
1762,2007-10-15,11037
1763,2007-10-16,11037
1764,2007-10-17,11037
1765,2007-10-18,11037
1766,2007-10-19,11037
1767,2007-10-20,11037
1768,2007-10-21,11037
1769,2007-10-22,11037
1770,2007-10-23,11037
1771,2007-10-24,11037
1772,2007-10-25,11037
1773,2007-10-26,11037
1774,2007-10-27,11037
1775,2007-10-28,11037
1776,2007-10-29,11037
1777,2007-10-30,11037
1778,2007-10-31,11037
1779,2007-11-01,11037
1780,2007-11-02,11037
1781,2007-11-03,11037
1782,2007-11-04,11037
1783,2007-11-05,11037
1784,2007-11-06,11037
1785,2007-11-07,11037
1786,2007-11-08,11037
1787,2007-11-09,11037
1788,2007-11-10,11037
1789,2007-11-11,11037
1790,2007-11-12,11037
1791,2007-11-13,11037
1792,2007-11-14,11037
1793,2007-11-15,11037
1794,2007-11-16,11037
1795,2007-11-17,11037
1796,2007-11-18,11037
1797,2007-11-19,11037
1798,2007-11-20,11037
1799,2007-11-21,11037
1800,2007-11-22,11037
1801,2007-11-23,11037
1802,2007-11-24,11037
1803,2007-11-25,11037
1804,2007-11-26,11037
1805,2007-11-27,11037
1806,2007-11-28,11037
1807,2007-11-29,11037
1808,2007-11-30,11037
1809,2007-12-01,11037
1810,2007-12-02,11037
1811,2007-12-03,11037
1812,2007-12-04,11037
1813,2007-12-05,11037
1814,2007-12-06,11037
1815,2007-12-07,11037
1816,2007-12-08,11037
1817,2007-12-09,11037
1818,2007-12-10,11037
1819,2007-12-11,11037
1820,2007-12-12,11037
1821,2007-12-13,11037
1822,2007-12-14,11037
1823,2007-12-15,11037
1824,2007-12-16,11037
1825,2007-12-17,11037
1826,2007-12-18,11037
1827,2007-12-19,11037
1828,2007-12-20,11037
1829,2007-12-21,11037
1830,2007-12-22,11037
1831,2007-12-23,11037
1832,2007-12-24,11037
1833,2007-12-25,11037
1834,2007-12-26,11037
1835,2007-12-27,11037
1836,2007-12-28,11037
1837,2007-12-29,11037
1838,2007-12-30,11037
1839,2007-12-31,11037
1840,2008-01-01,11037
1841,2008-01-02,11037
1842,2008-01-03,11037
1843,2008-01-04,11037
1844,2008-01-05,11037
1845,2008-01-06,11037
1846,2008-01-07,11037
1847,2008-01-08,11037
1848,2008-01-09,11037
1849,2008-01-10,11037
1850,2008-01-11,11037
1851,2008-01-12,11037
1852,2008-01-13,11037
1853,2008-01-14,11037
1854,2008-01-15,11037
1855,2008-01-16,11037
1856,2008-01-17,11037
1857,2008-01-18,11037
1858,2008-01-19,11037
1859,2008-01-20,11037
1860,2008-01-21,11037
1861,2008-01-22,11037
1862,2008-01-23,11037
1863,2008-01-24,11037
1864,2008-01-25,11037
1865,2008-01-26,11037
1866,2008-01-27,11037
1867,2008-01-28,11037
1868,2008-01-29,11037
1869,2008-01-30,11037
1870,2008-01-31,11037
1871,2008-02-01,11037
1872,2008-02-02,11037
1873,2008-02-03,11037
1874,2008-02-04,11037
1875,2008-02-05,11037
1876,2008-02-06,11037
1877,2008-02-07,11037
1878,2008-02-08,11037
1879,2008-02-09,11037
1880,2008-02-10,11037
1881,2008-02-11,11037
1882,2008-02-12,11037
1883,2008-02-13,11037
1884,2008-02-14,11037
1885,2008-02-15,11037
1886,2008-02-16,11037
1887,2008-02-17,11037
1888,2008-02-18,11037
1889,2008-02-19,11037
1890,2008-02-20,11037
1891,2008-02-21,11037
1892,2008-02-22,11037
1893,2008-02-23,11037
1894,2008-02-24,11037
1895,2008-02-25,11037
1896,2008-02-26,11037
1897,2008-02-27,11037
1898,2008-02-28,11037
1899,2008-02-29,11037
1900,2008-03-01,11037
1901,2008-03-02,11037
1902,2008-03-03,11037
1903,2008-03-04,11037
1904,2008-03-05,11037
1905,2008-03-06,11037
1906,2008-03-07,11037
1907,2008-03-08,11037
1908,2008-03-09,11037
1909,2008-03-10,11037
1910,2008-03-11,11037
1911,2008-03-12,11037
1912,2008-03-13,11037
1913,2008-03-14,11037
1914,2008-03-15,11037
1915,2008-03-16,11037
1916,2008-03-17,11037
1917,2008-03-18,11037
1918,2008-03-19,11037
1919,2008-03-20,11037
1920,2008-03-21,11037
1921,2008-03-22,11037
1922,2008-03-23,11037
1923,2008-03-24,11037
1924,2008-03-25,11037
1925,2008-03-26,11037
1926,2008-03-27,11037
1927,2008-03-28,11037
1928,2008-03-29,11037
1929,2008-03-30,11037
1930,2008-03-31,11037
1931,2008-04-01,11037
1932,2008-04-02,11037
1933,2008-04-03,11037
1934,2008-04-04,11037
1935,2008-04-05,11037
1936,2008-04-06,11037
1937,2008-04-07,11037
1938,2008-04-08,11037
1939,2008-04-09,11037
1940,2008-04-10,11037
1941,2008-04-11,11037
1942,2008-04-12,11037
1943,2008-04-13,11037
1944,2008-04-14,11037
1945,2008-04-15,11037
1946,2008-04-16,11037
1947,2008-04-17,11037
1948,2008-04-18,11037
1949,2008-04-19,11037
1950,2008-04-20,11037
1951,2008-04-21,11037
1952,2008-04-22,11037
1953,2008-04-23,11037
1954,2008-04-24,11037
1955,2008-04-25,11037
1956,2008-04-26,11037
1957,2008-04-27,11037
1958,2008-04-28,11037
1959,2008-04-29,11037
1960,2008-04-30,11037
1961,2008-05-01,11037
1962,2008-05-02,11037
1963,2008-05-03,11037
1964,2008-05-04,11037
1965,2008-05-05,11037
1966,2008-05-06,11037
1967,2008-05-07,11037
1968,2008-05-08,11037
1969,2008-05-09,11037
1970,2008-05-10,11037
1971,2008-05-11,11037
1972,2008-05-12,11037
1973,2008-05-13,11037
1974,2008-05-14,11037
1975,2008-05-15,11037
1976,2008-05-16,11037
1977,2008-05-17,11037
1978,2008-05-18,11037
1979,2008-05-19,11037
1980,2008-05-20,11037
1981,2008-05-21,11037
1982,2008-05-22,11037
1983,2008-05-23,11037
1984,2008-05-24,11037
1985,2008-05-25,11037
1986,2008-05-26,11037
1987,2008-05-27,11037
1988,2008-05-28,11037
1989,2008-05-29,11037
1990,2008-05-30,11037
1991,2008-05-31,11037
1992,2008-06-01,11037
1993,2008-06-02,11037
1994,2008-06-03,11037
1995,2008-06-04,11037
1996,2008-06-05,11037
1997,2008-06-06,11037
1998,2008-06-07,11037
1999,2008-06-08,11037
2000,2008-06-09,11037
2001,2008-06-10,11037
2002,2008-06-11,11037
2003,2008-06-12,11037
2004,2008-06-13,11037
2005,2008-06-14,11037
2006,2008-06-15,11037
2007,2008-06-16,11037
2008,2008-06-17,11037
2009,2008-06-18,11037
2010,2008-06-19,11037
2011,2008-06-20,11037
2012,2008-06-21,11037
2013,2008-06-22,11037
2014,2008-06-23,11037
2015,2008-06-24,11037
2016,2008-06-25,11037
2017,2008-06-26,11037
2018,2008-06-27,11037
2019,2008-06-28,11037
2020,2008-06-29,11037
2021,2008-06-30,11037
2022,2008-07-01,11037
2023,2008-07-02,11037
2024,2008-07-03,11037
2025,2008-07-04,11037
2026,2008-07-05,11037
2027,2008-07-06,11037
2028,2008-07-07,11037
2029,2008-07-08,11037
2030,2008-07-09,11037
2031,2008-07-10,11037
2032,2008-07-11,11037
2033,2008-07-12,11037
2034,2008-07-13,11037
2035,2008-07-14,11037
2036,2008-07-15,11037
2037,2008-07-16,11037
2038,2008-07-17,11037
2039,2008-07-18,11037
2040,2008-07-19,11037
2041,2008-07-20,11037
2042,2008-07-21,11037
2043,2008-07-22,11037
2044,2008-07-23,11037
2045,2008-07-24,11037
2046,2008-07-25,11037
2047,2008-07-26,11037
2048,2008-07-27,11037
2049,2008-07-28,11037
2050,2008-07-29,11037
2051,2008-07-30,11037
2052,2008-07-31,11037
2053,2008-08-01,11037
2054,2008-08-02,11037
2055,2008-08-03,11037
2056,2008-08-04,11037
2057,2008-08-05,11037
2058,2008-08-06,11037
2059,2008-08-07,11037
2060,2008-08-08,11037
2061,2008-08-09,11037
2062,2008-08-10,11037
2063,2008-08-11,11037
2064,2008-08-12,11037
2065,2008-08-13,11037
2066,2008-08-14,11037
2067,2008-08-15,11037
2068,2008-08-16,11037
2069,2008-08-17,11037
2070,2008-08-18,11037
2071,2008-08-19,11037
2072,2008-08-20,11037
2073,2008-08-21,11037
2074,2008-08-22,11037
2075,2008-08-23,11037
2076,2008-08-24,11037
2077,2008-08-25,11037
2078,2008-08-26,11037
2079,2008-08-27,11037
2080,2008-08-28,11037
2081,2008-08-29,11037
2082,2008-08-30,11037
2083,2008-08-31,11037
2084,2008-09-01,11037
2085,2008-09-02,11037
2086,2008-09-03,11037
2087,2008-09-04,11037
2088,2008-09-05,11037
2089,2008-09-06,11037
2090,2008-09-07,11037
2091,2008-09-08,11037
2092,2008-09-09,11037
2093,2008-09-10,11037
2094,2008-09-11,11037
2095,2008-09-12,11037
2096,2008-09-13,11037
2097,2008-09-14,11037
2098,2008-09-15,11037
2099,2008-09-16,11037
2100,2008-09-17,11037
2101,2008-09-18,11037
2102,2008-09-19,11037
2103,2008-09-20,11037
2104,2008-09-21,11037
2105,2008-09-22,11037
2106,2008-09-23,11037
2107,2008-09-24,11037
2108,2008-09-25,11037
2109,2008-09-26,11037
2110,2008-09-27,11037
2111,2008-09-28,11037
2112,2008-09-29,11037
2113,2008-09-30,11037
2114,2008-10-01,11037
2115,2008-10-02,11037
2116,2008-10-03,11037
2117,2008-10-04,11037
2118,2008-10-05,11037
2119,2008-10-06,11037
2120,2008-10-07,11037
2121,2008-10-08,11037
2122,2008-10-09,11037
2123,2008-10-10,11037
2124,2008-10-11,11037
2125,2008-10-12,11037
2126,2008-10-13,11037
2127,2008-10-14,11037
2128,2008-10-15,11037
2129,2008-10-16,11037
2130,2008-10-17,11037
2131,2008-10-18,11037
2132,2008-10-19,11037
2133,2008-10-20,11037
2134,2008-10-21,11037
2135,2008-10-22,11037
2136,2008-10-23,11037
2137,2008-10-24,11037
2138,2008-10-25,11037
2139,2008-10-26,11037
2140,2008-10-27,11037
2141,2008-10-28,11037
2142,2008-10-29,11037
2143,2008-10-30,11037
2144,2008-10-31,11037
2145,2008-11-01,11037
2146,2008-11-02,11037
2147,2008-11-03,11037
2148,2008-11-04,11037
2149,2008-11-05,11037
2150,2008-11-06,11037
2151,2008-11-07,11037
2152,2008-11-08,11037
2153,2008-11-09,11037
2154,2008-11-10,11037
2155,2008-11-11,11037
2156,2008-11-12,11037
2157,2008-11-13,11037
2158,2008-11-14,11037
2159,2008-11-15,11037
2160,2008-11-16,11037
2161,2008-11-17,11037
2162,2008-11-18,11037
2163,2008-11-19,11037
2164,2008-11-20,11037
2165,2008-11-21,11037
2166,2008-11-22,11037
2167,2008-11-23,11037
2168,2008-11-24,11037
2169,2008-11-25,11037
2170,2008-11-26,11037
2171,2008-11-27,11037
2172,2008-11-28,11037
2173,2008-11-29,11037
2174,2008-11-30,11037
2175,2008-12-01,11037
2176,2008-12-02,11037
2177,2008-12-03,11037
2178,2008-12-04,11037
2179,2008-12-05,11037
2180,2008-12-06,11037
2181,2008-12-07,11037
2182,2008-12-08,11037
2183,2008-12-09,11037
2184,2008-12-10,11037
2185,2008-12-11,11037
2186,2008-12-12,11037
2187,2008-12-13,11037
2188,2008-12-14,11037
2189,2008-12-15,11037
2190,2008-12-16,11037
2191,2008-12-17,11037
2192,2008-12-18,11037
2193,2008-12-19,11037
2194,2008-12-20,11037
2195,2008-12-21,11037
2196,2008-12-22,11037
2197,2008-12-23,11037
2198,2008-12-24,11037
2199,2008-12-25,11037
2200,2008-12-26,11037
2201,2008-12-27,11037
2202,2008-12-28,11037
2203,2008-12-29,11037
2204,2008-12-30,11037
2205,2008-12-31,11037
2206,2009-01-01,11037
2207,2009-01-02,11037
2208,2009-01-03,11037
2209,2009-01-04,11037
2210,2009-01-05,11037
2211,2009-01-06,11037
2212,2009-01-07,11037
2213,2009-01-08,11037
2214,2009-01-09,11037
2215,2009-01-10,11037
2216,2009-01-11,11037
2217,2009-01-12,11037
2218,2009-01-13,11037
2219,2009-01-14,11037
2220,2009-01-15,11037
2221,2009-01-16,11037
2222,2009-01-17,11037
2223,2009-01-18,11037
2224,2009-01-19,11037
2225,2009-01-20,11037
2226,2009-01-21,11037
2227,2009-01-22,11037
2228,2009-01-23,11037
2229,2009-01-24,11037
2230,2009-01-25,11037
2231,2009-01-26,11037
2232,2009-01-27,11037
2233,2009-01-28,11037
2234,2009-01-29,11037
2235,2009-01-30,11037
2236,2009-01-31,11037
2237,2009-02-01,11037
2238,2009-02-02,11037
2239,2009-02-03,11037
2240,2009-02-04,11037
2241,2009-02-05,11037
2242,2009-02-06,11037
2243,2009-02-07,11037
2244,2009-02-08,11037
2245,2009-02-09,11037
2246,2009-02-10,11037
2247,2009-02-11,11037
2248,2009-02-12,11037
2249,2009-02-13,11037
2250,2009-02-14,11037
2251,2009-02-15,11037
2252,2009-02-16,11037
2253,2009-02-17,11037
2254,2009-02-18,11037
2255,2009-02-19,11037
2256,2009-02-20,11037
2257,2009-02-21,11037
2258,2009-02-22,11037
2259,2009-02-23,11037
2260,2009-02-24,11037
2261,2009-02-25,11037
2262,2009-02-26,11037
2263,2009-02-27,11037
2264,2009-02-28,11037
2265,2009-03-01,11037
2266,2009-03-02,11037
2267,2009-03-03,11037
2268,2009-03-04,11037
2269,2009-03-05,11037
2270,2009-03-06,11037
2271,2009-03-07,11037
2272,2009-03-08,11037
2273,2009-03-09,11037
2274,2009-03-10,11037
2275,2009-03-11,11037
2276,2009-03-12,11037
2277,2009-03-13,11037
2278,2009-03-14,11037
2279,2009-03-15,11037
2280,2009-03-16,11037
2281,2009-03-17,11037
2282,2009-03-18,11037
2283,2009-03-19,11037
2284,2009-03-20,11037
2285,2009-03-21,11037
2286,2009-03-22,11037
2287,2009-03-23,11037
2288,2009-03-24,11037
2289,2009-03-25,11037
2290,2009-03-26,11037
2291,2009-03-27,11037
2292,2009-03-28,11037
2293,2009-03-29,11037
2294,2009-03-30,11037
2295,2009-03-31,11037
2296,2009-04-01,11037
2297,2009-04-02,11037
2298,2009-04-03,11037
2299,2009-04-04,11037
2300,2009-04-05,11037
2301,2009-04-06,11037
2302,2009-04-07,11037
2303,2009-04-08,11037
2304,2009-04-09,11037
2305,2009-04-10,11037
2306,2009-04-11,11037
2307,2009-04-12,11037
2308,2009-04-13,11037
2309,2009-04-14,11037
2310,2009-04-15,11037
2311,2009-04-16,11037
2312,2009-04-17,11037
2313,2009-04-18,11037
2314,2009-04-19,11037
2315,2009-04-20,11037
2316,2009-04-21,11037
2317,2009-04-22,11037
2318,2009-04-23,11037
2319,2009-04-24,11037
2320,2009-04-25,11037
2321,2009-04-26,11037
2322,2009-04-27,11037
2323,2009-04-28,11037
2324,2009-04-29,11037
2325,2009-04-30,11037
2326,2009-05-01,11037
2327,2009-05-02,11037
2328,2009-05-03,11037
2329,2009-05-04,11037
2330,2009-05-05,11037
2331,2009-05-06,11037
2332,2009-05-07,11037
2333,2009-05-08,11037
2334,2009-05-09,11037
2335,2009-05-10,11037
2336,2009-05-11,11037
2337,2009-05-12,11037
2338,2009-05-13,11037
2339,2009-05-14,11037
2340,2009-05-15,11037
2341,2009-05-16,11037
2342,2009-05-17,11037
2343,2009-05-18,11037
2344,2009-05-19,11037
2345,2009-05-20,11037
2346,2009-05-21,11037
2347,2009-05-22,11037
2348,2009-05-23,11037
2349,2009-05-24,11037
2350,2009-05-25,11037
2351,2009-05-26,11037
2352,2009-05-27,11037
2353,2009-05-28,11037
2354,2009-05-29,11037
2355,2009-05-30,11037
2356,2009-05-31,11037
2357,2009-06-01,11037
2358,2009-06-02,11037
2359,2009-06-03,11037
2360,2009-06-04,11037
2361,2009-06-05,11037
2362,2009-06-06,11037
2363,2009-06-07,11037
2364,2009-06-08,11037
2365,2009-06-09,11037
2366,2009-06-10,11037
2367,2009-06-11,11037
2368,2009-06-12,11037
2369,2009-06-13,11037
2370,2009-06-14,11037
2371,2009-06-15,11037
2372,2009-06-16,11037
2373,2009-06-17,11037
2374,2009-06-18,11037
2375,2009-06-19,11037
2376,2009-06-20,11037
2377,2009-06-21,11037
2378,2009-06-22,11037
2379,2009-06-23,11037
2380,2009-06-24,11037
2381,2009-06-25,11037
2382,2009-06-26,11037
2383,2009-06-27,11037
2384,2009-06-28,11037
2385,2009-06-29,11037
2386,2009-06-30,11037
2387,2009-07-01,11037
2388,2009-07-02,11037
2389,2009-07-03,11037
2390,2009-07-04,11037
2391,2009-07-05,11037
2392,2009-07-06,11037
2393,2009-07-07,11037
2394,2009-07-08,11037
2395,2009-07-09,11037
2396,2009-07-10,11037
2397,2009-07-11,11037
2398,2009-07-12,11037
2399,2009-07-13,11037
2400,2009-07-14,11037
2401,2009-07-15,11037
2402,2009-07-16,11037
2403,2009-07-17,11037
2404,2009-07-18,11037
2405,2009-07-19,11037
2406,2009-07-20,11037
2407,2009-07-21,11037
2408,2009-07-22,11037
2409,2009-07-23,11037
2410,2009-07-24,11037
2411,2009-07-25,11037
2412,2009-07-26,11037
2413,2009-07-27,11037
2414,2009-07-28,11037
2415,2009-07-29,11037
2416,2009-07-30,11037
2417,2009-07-31,11037
2418,2009-08-01,11037
2419,2009-08-02,11037
2420,2009-08-03,11037
2421,2009-08-04,11037
2422,2009-08-05,11037
2423,2009-08-06,11037
2424,2009-08-07,11037
2425,2009-08-08,11037
2426,2009-08-09,11037
2427,2009-08-10,11037
2428,2009-08-11,11037
2429,2009-08-12,11037
2430,2009-08-13,11037
2431,2009-08-14,11037
2432,2009-08-15,11037
2433,2009-08-16,11037
2434,2009-08-17,11037
2435,2009-08-18,11037
2436,2009-08-19,11037
2437,2009-08-20,11037
2438,2009-08-21,11037
2439,2009-08-22,11037
2440,2009-08-23,11037
2441,2009-08-24,11037
2442,2009-08-25,11037
2443,2009-08-26,11037
2444,2009-08-27,11037
2445,2009-08-28,11037
2446,2009-08-29,11037
2447,2009-08-30,11037
2448,2009-08-31,11037
2449,2009-09-01,11037
2450,2009-09-02,11037
2451,2009-09-03,11037
2452,2009-09-04,11037
2453,2009-09-05,11037
2454,2009-09-06,11037
2455,2009-09-07,11037
2456,2009-09-08,11037
2457,2009-09-09,11037
2458,2009-09-10,11037
2459,2009-09-11,11037
2460,2009-09-12,11037
2461,2009-09-13,11037
2462,2009-09-14,11037
2463,2009-09-15,11037
2464,2009-09-16,11037
2465,2009-09-17,11037
2466,2009-09-18,11037
2467,2009-09-19,11037
2468,2009-09-20,11037
2469,2009-09-21,11037
2470,2009-09-22,11037
2471,2009-09-23,11037
2472,2009-09-24,11037
2473,2009-09-25,11037
2474,2009-09-26,11037
2475,2009-09-27,11037
2476,2009-09-28,11037
2477,2009-09-29,11037
2478,2009-09-30,11037
2479,2009-10-01,11037
2480,2009-10-02,11037
2481,2009-10-03,11037
2482,2009-10-04,11037
2483,2009-10-05,11037
2484,2009-10-06,11037
2485,2009-10-07,11037
2486,2009-10-08,11037
2487,2009-10-09,11037
2488,2009-10-10,11037
2489,2009-10-11,11037
2490,2009-10-12,11037
2491,2009-10-13,11037
2492,2009-10-14,11037
2493,2009-10-15,11037
2494,2009-10-16,11037
2495,2009-10-17,11037
2496,2009-10-18,11037
2497,2009-10-19,11037
2498,2009-10-20,11037
2499,2009-10-21,11037
2500,2009-10-22,11037
2501,2009-10-23,11037
2502,2009-10-24,11037
2503,2009-10-25,11037
2504,2009-10-26,11037
2505,2009-10-27,11037
2506,2009-10-28,11037
2507,2009-10-29,11037
2508,2009-10-30,11037
2509,2009-10-31,11037
2510,2009-11-01,11037
2511,2009-11-02,11037
2512,2009-11-03,11037
2513,2009-11-04,11037
2514,2009-11-05,11037
2515,2009-11-06,11037
2516,2009-11-07,11037
2517,2009-11-08,11037
2518,2009-11-09,11037
2519,2009-11-10,11037
2520,2009-11-11,11037
2521,2009-11-12,11037
2522,2009-11-13,11037
2523,2009-11-14,11037
2524,2009-11-15,11037
2525,2009-11-16,11037
2526,2009-11-17,11037
2527,2009-11-18,11037
2528,2009-11-19,11037
2529,2009-11-20,11037
2530,2009-11-21,11037
2531,2009-11-22,11037
2532,2009-11-23,11037
2533,2009-11-24,11037
2534,2009-11-25,11037
2535,2009-11-26,11037
2536,2009-11-27,11037
2537,2009-11-28,11037
2538,2009-11-29,11037
2539,2009-11-30,11037
2540,2009-12-01,11037
2541,2009-12-02,11037
2542,2009-12-03,11037
2543,2009-12-04,11037
2544,2009-12-05,11037
2545,2009-12-06,11037
2546,2009-12-07,11037
2547,2009-12-08,11037
2548,2009-12-09,11037
2549,2009-12-10,11037
2550,2009-12-11,11037
2551,2009-12-12,11037
2552,2009-12-13,11037
2553,2009-12-14,11037
2554,2009-12-15,11037
2555,2009-12-16,11037
2556,2009-12-17,11037
2557,2009-12-18,11037
2558,2009-12-19,11037
2559,2009-12-20,11037
2560,2009-12-21,11037
2561,2009-12-22,11037
2562,2009-12-23,11037
2563,2009-12-24,11037
2564,2009-12-25,11037
2565,2009-12-26,11037
2566,2009-12-27,11037
2567,2009-12-28,11037
2568,2009-12-29,11037
2569,2009-12-30,11037
2570,2009-12-31,11037
2571,2010-01-01,11037
2572,2010-01-02,11037
2573,2010-01-03,11037
2574,2010-01-04,11037
2575,2010-01-05,11037
2576,2010-01-06,11037
2577,2010-01-07,11037
2578,2010-01-08,11037
2579,2010-01-09,11037
2580,2010-01-10,11037
2581,2010-01-11,11037
2582,2010-01-12,11037
2583,2010-01-13,11037
2584,2010-01-14,11037
2585,2010-01-15,11037
2586,2010-01-16,11037
2587,2010-01-17,11037
2588,2010-01-18,11037
2589,2010-01-19,11037
2590,2010-01-20,11037
2591,2010-01-21,11037
2592,2010-01-22,11037
2593,2010-01-23,11037
2594,2010-01-24,11037
2595,2010-01-25,11037
2596,2010-01-26,11037
2597,2010-01-27,11037
2598,2010-01-28,11037
2599,2010-01-29,11037
2600,2010-01-30,11037
2601,2010-01-31,11037
2602,2010-02-01,11037
2603,2010-02-02,11037
2604,2010-02-03,11037
2605,2010-02-04,11037
2606,2010-02-05,11037
2607,2010-02-06,11037
2608,2010-02-07,11037
2609,2010-02-08,11037
2610,2010-02-09,11037
2611,2010-02-10,11037
2612,2010-02-11,11037
2613,2010-02-12,11037
2614,2010-02-13,11037
2615,2010-02-14,11037
2616,2010-02-15,11037
2617,2010-02-16,11037
2618,2010-02-17,11037
2619,2010-02-18,11037
2620,2010-02-19,11037
2621,2010-02-20,11037
2622,2010-02-21,11037
2623,2010-02-22,11037
2624,2010-02-23,11037
2625,2010-02-24,11037
2626,2010-02-25,11037
2627,2010-02-26,11037
2628,2010-02-27,11037
2629,2010-02-28,11037
2630,2010-03-01,11037
2631,2010-03-02,11037
2632,2010-03-03,11037
2633,2010-03-04,11037
2634,2010-03-05,11037
2635,2010-03-06,11037
2636,2010-03-07,11037
2637,2010-03-08,11037
2638,2010-03-09,11037
2639,2010-03-10,11037
2640,2010-03-11,11037
2641,2010-03-12,11037
2642,2010-03-13,11037
2643,2010-03-14,11037
2644,2010-03-15,11037
2645,2010-03-16,11037
2646,2010-03-17,11037
2647,2010-03-18,11037
2648,2010-03-19,11037
2649,2010-03-20,11037
2650,2010-03-21,11037
2651,2010-03-22,11037
2652,2010-03-23,11037
2653,2010-03-24,11037
2654,2010-03-25,11037
2655,2010-03-26,11037
2656,2010-03-27,11037
2657,2010-03-28,11037
2658,2010-03-29,11037
2659,2010-03-30,11037
2660,2010-03-31,11037
2661,2010-04-01,11037
2662,2010-04-02,11037
2663,2010-04-03,11037
2664,2010-04-04,11037
2665,2010-04-05,11037
2666,2010-04-06,11037
2667,2010-04-07,11037
2668,2010-04-08,11037
2669,2010-04-09,11037
2670,2010-04-10,11037
2671,2010-04-11,11037
2672,2010-04-12,11037
2673,2010-04-13,11037
2674,2010-04-14,11037
2675,2010-04-15,11037
2676,2010-04-16,11037
2677,2010-04-17,11037
2678,2010-04-18,11037
2679,2010-04-19,11037
2680,2010-04-20,11037
2681,2010-04-21,11037
2682,2010-04-22,11037
2683,2010-04-23,11037
2684,2010-04-24,11037
2685,2010-04-25,11037
2686,2010-04-26,11037
2687,2010-04-27,11037
2688,2010-04-28,11037
2689,2010-04-29,11037
2690,2010-04-30,11037
2691,2010-05-01,11037
2692,2010-05-02,11037
2693,2010-05-03,11037
2694,2010-05-04,11037
2695,2010-05-05,11037
2696,2010-05-06,11037
2697,2010-05-07,11037
2698,2010-05-08,11037
2699,2010-05-09,11037
2700,2010-05-10,11037
2701,2010-05-11,11037
2702,2010-05-12,11037
2703,2010-05-13,11037
2704,2010-05-14,11037
2705,2010-05-15,11037
2706,2010-05-16,11037
2707,2010-05-17,11037
2708,2010-05-18,11037
2709,2010-05-19,11037
2710,2010-05-20,11037
2711,2010-05-21,11037
2712,2010-05-22,11037
2713,2010-05-23,11037
2714,2010-05-24,11037
2715,2010-05-25,11037
2716,2010-05-26,11037
2717,2010-05-27,11037
2718,2010-05-28,11037
2719,2010-05-29,11037
2720,2010-05-30,11037
2721,2010-05-31,11037
2722,2010-06-01,11037
2723,2010-06-02,11037
2724,2010-06-03,11037
2725,2010-06-04,11037
2726,2010-06-05,11037
2727,2010-06-06,11037
2728,2010-06-07,11037
2729,2010-06-08,11037
2730,2010-06-09,11037
2731,2010-06-10,11037
2732,2010-06-11,11037
2733,2010-06-12,11037
2734,2010-06-13,11037
2735,2010-06-14,11037
2736,2010-06-15,11037
2737,2010-06-16,11037
2738,2010-06-17,11037
2739,2010-06-18,11037
2740,2010-06-19,11037
2741,2010-06-20,11037
2742,2010-06-21,11037
2743,2010-06-22,11037
2744,2010-06-23,11037
2745,2010-06-24,11037
2746,2010-06-25,11037
2747,2010-06-26,11037
2748,2010-06-27,11037
2749,2010-06-28,11037
2750,2010-06-29,11037
2751,2010-06-30,11037
2752,2010-07-01,11037
2753,2010-07-02,11037
2754,2010-07-03,11037
2755,2010-07-04,11037
2756,2010-07-05,11037
2757,2010-07-06,11037
2758,2010-07-07,11037
2759,2010-07-08,11037
2760,2010-07-09,11037
2761,2010-07-10,11037
2762,2010-07-11,11037
2763,2010-07-12,11037
2764,2010-07-13,11037
2765,2010-07-14,11037
2766,2010-07-15,11037
2767,2010-07-16,11037
2768,2010-07-17,11037
2769,2010-07-18,11037
2770,2010-07-19,11037
2771,2010-07-20,11037
2772,2010-07-21,11037
2773,2010-07-22,11037
2774,2010-07-23,11037
2775,2010-07-24,11037
2776,2010-07-25,11037
2777,2010-07-26,11037
2778,2010-07-27,11037
2779,2010-07-28,11037
2780,2010-07-29,11037
2781,2010-07-30,11037
2782,2010-07-31,11037
2783,2010-08-01,11037
2784,2010-08-02,11037
2785,2010-08-03,11037
2786,2010-08-04,11037
2787,2010-08-05,11037
2788,2010-08-06,11037
2789,2010-08-07,11037
2790,2010-08-08,11037
2791,2010-08-09,11037
2792,2010-08-10,11037
2793,2010-08-11,11037
2794,2010-08-12,11037
2795,2010-08-13,11037
2796,2010-08-14,11037
2797,2010-08-15,11037
2798,2010-08-16,11037
2799,2010-08-17,11037
2800,2010-08-18,11037
2801,2010-08-19,11037
2802,2010-08-20,11037
2803,2010-08-21,11037
2804,2010-08-22,11037
2805,2010-08-23,11037
2806,2010-08-24,11037
2807,2010-08-25,11037
2808,2010-08-26,11037
2809,2010-08-27,11037
2810,2010-08-28,11037
2811,2010-08-29,11037
2812,2010-08-30,11037
2813,2010-08-31,11037
2814,2010-09-01,11037
2815,2010-09-02,11037
2816,2010-09-03,11037
2817,2010-09-04,11037
2818,2010-09-05,11037
2819,2010-09-06,11037
2820,2010-09-07,11037
2821,2010-09-08,11037
2822,2010-09-09,11037
2823,2010-09-10,11037
2824,2010-09-11,11037
2825,2010-09-12,11037
2826,2010-09-13,11037
2827,2010-09-14,11037
2828,2010-09-15,11037
2829,2010-09-16,11037
2830,2010-09-17,11037
2831,2010-09-18,11037
2832,2010-09-19,11037
2833,2010-09-20,11037
2834,2010-09-21,11037
2835,2010-09-22,11037
2836,2010-09-23,11037
2837,2010-09-24,11037
2838,2010-09-25,11037
2839,2010-09-26,11037
2840,2010-09-27,11037
2841,2010-09-28,11037
2842,2010-09-29,11037
2843,2010-09-30,11037
2844,2010-10-01,11037
2845,2010-10-02,11037
2846,2010-10-03,11037
2847,2010-10-04,11037
2848,2010-10-05,11037
2849,2010-10-06,11037
2850,2010-10-07,11037
2851,2010-10-08,11037
2852,2010-10-09,11037
2853,2010-10-10,11037
2854,2010-10-11,11037
2855,2010-10-12,11037
2856,2010-10-13,11037
2857,2010-10-14,11037
2858,2010-10-15,11037
2859,2010-10-16,11037
2860,2010-10-17,11037
2861,2010-10-18,11037
2862,2010-10-19,11037
2863,2010-10-20,11037
2864,2010-10-21,11037
2865,2010-10-22,11037
2866,2010-10-23,11037
2867,2010-10-24,11037
2868,2010-10-25,11037
2869,2010-10-26,11037
2870,2010-10-27,11037
2871,2010-10-28,11037
2872,2010-10-29,11037
2873,2010-10-30,11037
2874,2010-10-31,11037
2875,2010-11-01,11037
2876,2010-11-02,11037
2877,2010-11-03,11037
2878,2010-11-04,11037
2879,2010-11-05,11037
2880,2010-11-06,11037
2881,2010-11-07,11037
2882,2010-11-08,11037
2883,2010-11-09,11037
2884,2010-11-10,11037
2885,2010-11-11,11037
2886,2010-11-12,11037
2887,2010-11-13,11037
2888,2010-11-14,11037
2889,2010-11-15,11037
2890,2010-11-16,11037
2891,2010-11-17,11037
2892,2010-11-18,11037
2893,2010-11-19,11037
2894,2010-11-20,11037
2895,2010-11-21,11037
2896,2010-11-22,11037
2897,2010-11-23,11037
2898,2010-11-24,11037
2899,2010-11-25,11037
2900,2010-11-26,11037
2901,2010-11-27,11037
2902,2010-11-28,11037
2903,2010-11-29,11037
2904,2010-11-30,11037
2905,2010-12-01,11037
2906,2010-12-02,11037
2907,2010-12-03,11037
2908,2010-12-04,11037
2909,2010-12-05,11037
2910,2010-12-06,11037
2911,2010-12-07,11037
2912,2010-12-08,11037
2913,2010-12-09,11037
2914,2010-12-10,11037
2915,2010-12-11,11037
2916,2010-12-12,11037
2917,2010-12-13,11037
2918,2010-12-14,11037
2919,2010-12-15,11037
2920,2010-12-16,11037
2921,2010-12-17,11037
2922,2010-12-18,11037
2923,2010-12-19,11037
2924,2010-12-20,11037
2925,2010-12-21,11037
2926,2010-12-22,11037
2927,2010-12-23,11037
2928,2010-12-24,11037
2929,2010-12-25,11037
2930,2010-12-26,11037
2931,2010-12-27,11037
2932,2010-12-28,11037
2933,2010-12-29,11037
2934,2010-12-30,11037
2935,2010-12-31,11037
2936,2011-01-01,11037
2937,2011-01-02,11037
2938,2011-01-03,11037
2939,2011-01-04,11037
2940,2011-01-05,11037
2941,2011-01-06,11037
2942,2011-01-07,11037
2943,2011-01-08,11037
2944,2011-01-09,11037
2945,2011-01-10,11037
2946,2011-01-11,11037
2947,2011-01-12,11037
2948,2011-01-13,11037
2949,2011-01-14,11037
2950,2011-01-15,11037
2951,2011-01-16,11037
2952,2011-01-17,11037
2953,2011-01-18,11037
2954,2011-01-19,11037
2955,2011-01-20,11037
2956,2011-01-21,11037
2957,2011-01-22,11037
2958,2011-01-23,11037
2959,2011-01-24,11037
2960,2011-01-25,11037
2961,2011-01-26,11037
2962,2011-01-27,11037
2963,2011-01-28,11037
2964,2011-01-29,11037
2965,2011-01-30,11037
2966,2011-01-31,11037
2967,2011-02-01,11037
2968,2011-02-02,11037
2969,2011-02-03,11037
2970,2011-02-04,11037
2971,2011-02-05,11037
2972,2011-02-06,11037
2973,2011-02-07,11037
2974,2011-02-08,11037
2975,2011-02-09,11037
2976,2011-02-10,11037
2977,2011-02-11,11037
2978,2011-02-12,11037
2979,2011-02-13,11037
2980,2011-02-14,11037
2981,2011-02-15,11037
2982,2011-02-16,11037
2983,2011-02-17,11037
2984,2011-02-18,11037
2985,2011-02-19,11037
2986,2011-02-20,11037
2987,2011-02-21,11037
2988,2011-02-22,11037
2989,2011-02-23,11037
2990,2011-02-24,11037
2991,2011-02-25,11037
2992,2011-02-26,11037
2993,2011-02-27,11037
2994,2011-02-28,11037
2995,2011-03-01,11037
2996,2011-03-02,11037
2997,2011-03-03,11037
2998,2011-03-04,11037
2999,2011-03-05,11037
3000,2011-03-06,11037
3001,2011-03-07,11037
3002,2011-03-08,11037
3003,2011-03-09,11037
3004,2011-03-10,11037
3005,2011-03-11,11037
3006,2011-03-12,11037
3007,2011-03-13,11037
3008,2011-03-14,11037
3009,2011-03-15,11037
3010,2011-03-16,11037
3011,2011-03-17,11037
3012,2011-03-18,11037
3013,2011-03-19,11037
3014,2011-03-20,11037
3015,2011-03-21,11037
3016,2011-03-22,11037
3017,2011-03-23,11037
3018,2011-03-24,11037
3019,2011-03-25,11037
3020,2011-03-26,11037
3021,2011-03-27,11037
3022,2011-03-28,11037
3023,2011-03-29,11037
3024,2011-03-30,11037
3025,2011-03-31,11037
3026,2011-04-01,11037
3027,2011-04-02,11037
3028,2011-04-03,11037
3029,2011-04-04,11037
3030,2011-04-05,11037
3031,2011-04-06,11037
3032,2011-04-07,11037
3033,2011-04-08,11037
3034,2011-04-09,11037
3035,2011-04-10,11037
3036,2011-04-11,11037
3037,2011-04-12,11037
3038,2011-04-13,11037
3039,2011-04-14,11037
3040,2011-04-15,11037
3041,2011-04-16,11037
3042,2011-04-17,11037
3043,2011-04-18,11037
3044,2011-04-19,11037
3045,2011-04-20,11037
3046,2011-04-21,11037
3047,2011-04-22,11037
3048,2011-04-23,11037
3049,2011-04-24,11037
3050,2011-04-25,11037
3051,2011-04-26,11037
3052,2011-04-27,11037
3053,2011-04-28,11037
3054,2011-04-29,11037
3055,2011-04-30,11037
3056,2011-05-01,11037
3057,2011-05-02,11037
3058,2011-05-03,11037
3059,2011-05-04,11037
3060,2011-05-05,11037
3061,2011-05-06,11037
3062,2011-05-07,11037
3063,2011-05-08,11037
3064,2011-05-09,11037
3065,2011-05-10,11037
3066,2011-05-11,11037
3067,2011-05-12,11037
3068,2011-05-13,11037
3069,2011-05-14,11037
3070,2011-05-15,11037
3071,2011-05-16,11037
3072,2011-05-17,11037
3073,2011-05-18,11037
3074,2011-05-19,11037
3075,2011-05-20,11037
3076,2011-05-21,11037
3077,2011-05-22,11037
3078,2011-05-23,11037
3079,2011-05-24,11037
3080,2011-05-25,11037
3081,2011-05-26,11037
3082,2011-05-27,11037
3083,2011-05-28,11037
3084,2011-05-29,11037
3085,2011-05-30,11037
3086,2011-05-31,11037
3087,2011-06-01,11037
3088,2011-06-02,11037
3089,2011-06-03,11037
3090,2011-06-04,11037
3091,2011-06-05,11037
3092,2011-06-06,11037
3093,2011-06-07,11037
3094,2011-06-08,11037
3095,2011-06-09,11037
3096,2011-06-10,11037
3097,2011-06-11,11037
3098,2011-06-12,11037
3099,2011-06-13,11037
3100,2011-06-14,11037
3101,2011-06-15,11037
3102,2011-06-16,11037
3103,2011-06-17,11037
3104,2011-06-18,11037
3105,2011-06-19,11037
3106,2011-06-20,11037
3107,2011-06-21,11037
3108,2011-06-22,11037
3109,2011-06-23,11037
3110,2011-06-24,11037
3111,2011-06-25,11037
3112,2011-06-26,11037
3113,2011-06-27,11037
3114,2011-06-28,11037
3115,2011-06-29,11037
3116,2011-06-30,11037
3117,2011-07-01,11037
3118,2011-07-02,11037
3119,2011-07-03,11037
3120,2011-07-04,11037
3121,2011-07-05,11037
3122,2011-07-06,11037
3123,2011-07-07,11037
3124,2011-07-08,11037
3125,2011-07-09,11037
3126,2011-07-10,11037
3127,2011-07-11,11037
3128,2011-07-12,11037
3129,2011-07-13,11037
3130,2011-07-14,11037
3131,2011-07-15,11037
3132,2011-07-16,11037
3133,2011-07-17,11037
3134,2011-07-18,11037
3135,2011-07-19,11037
3136,2011-07-20,11037
3137,2011-07-21,11037
3138,2011-07-22,11037
3139,2011-07-23,11037
3140,2011-07-24,11037
3141,2011-07-25,11037
3142,2011-07-26,11037
3143,2011-07-27,11037
3144,2011-07-28,11037
3145,2011-07-29,11037
3146,2011-07-30,11037
3147,2011-07-31,11037
3148,2011-08-01,11037
3149,2011-08-02,11037
3150,2011-08-03,11037
3151,2011-08-04,11037
3152,2011-08-05,11037
3153,2011-08-06,11037
3154,2011-08-07,11037
3155,2011-08-08,11037
3156,2011-08-09,11037
3157,2011-08-10,11037
3158,2011-08-11,11037
3159,2011-08-12,11037
3160,2011-08-13,11037
3161,2011-08-14,11037
3162,2011-08-15,11037
3163,2011-08-16,11037
3164,2011-08-17,11037
3165,2011-08-18,11037
3166,2011-08-19,11037
3167,2011-08-20,11037
3168,2011-08-21,11037
3169,2011-08-22,11037
3170,2011-08-23,11037
3171,2011-08-24,11037
3172,2011-08-25,11037
3173,2011-08-26,11037
3174,2011-08-27,11037
3175,2011-08-28,11037
3176,2011-08-29,11037
3177,2011-08-30,11037
3178,2011-08-31,11037
3179,2011-09-01,11037
3180,2011-09-02,11037
3181,2011-09-03,11037
3182,2011-09-04,11037
3183,2011-09-05,11037
3184,2011-09-06,11037
3185,2011-09-07,11037
3186,2011-09-08,11037
3187,2011-09-09,11037
3188,2011-09-10,11037
3189,2011-09-11,11037
3190,2011-09-12,11037
3191,2011-09-13,11037
3192,2011-09-14,11037
3193,2011-09-15,11037
3194,2011-09-16,11037
3195,2011-09-17,11037
3196,2011-09-18,11037
3197,2011-09-19,11037
3198,2011-09-20,11037
3199,2011-09-21,11037
3200,2011-09-22,11037
3201,2011-09-23,11037
3202,2011-09-24,11037
3203,2011-09-25,11037
3204,2011-09-26,11037
3205,2011-09-27,11037
3206,2011-09-28,11037
3207,2011-09-29,11037
3208,2011-09-30,11037
3209,2011-10-01,11037
3210,2011-10-02,11037
3211,2011-10-03,11037
3212,2011-10-04,11037
3213,2011-10-05,11037
3214,2011-10-06,11037
3215,2011-10-07,11037
3216,2011-10-08,11037
3217,2011-10-09,11037
3218,2011-10-10,11037
3219,2011-10-11,11037
3220,2011-10-12,11037
3221,2011-10-13,11037
3222,2011-10-14,11037
3223,2011-10-15,11037
3224,2011-10-16,11037
3225,2011-10-17,11037
3226,2011-10-18,11037
3227,2011-10-19,11037
3228,2011-10-20,11037
3229,2011-10-21,11037
3230,2011-10-22,11037
3231,2011-10-23,11037
3232,2011-10-24,11037
3233,2011-10-25,11037
3234,2011-10-26,11037
3235,2011-10-27,11037
3236,2011-10-28,11037
3237,2011-10-29,11037
3238,2011-10-30,11037
3239,2011-10-31,11037
3240,2011-11-01,11037
3241,2011-11-02,11037
3242,2011-11-03,11037
3243,2011-11-04,11037
3244,2011-11-05,11037
3245,2011-11-06,11037
3246,2011-11-07,11037
3247,2011-11-08,11037
3248,2011-11-09,11037
3249,2011-11-10,11037
3250,2011-11-11,11037
3251,2011-11-12,11037
3252,2011-11-13,11037
3253,2011-11-14,11037
3254,2011-11-15,11037
3255,2011-11-16,11037
3256,2011-11-17,11037
3257,2011-11-18,11037
3258,2011-11-19,11037
3259,2011-11-20,11037
3260,2011-11-21,11037
3261,2011-11-22,11037
3262,2011-11-23,11037
3263,2011-11-24,11037
3264,2011-11-25,11037
3265,2011-11-26,11037
3266,2011-11-27,11037
3267,2011-11-28,11037
3268,2011-11-29,11037
3269,2011-11-30,11037
3270,2011-12-01,11037
3271,2011-12-02,11037
3272,2011-12-03,11037
3273,2011-12-04,11037
3274,2011-12-05,11037
3275,2011-12-06,11037
3276,2011-12-07,11037
3277,2011-12-08,11037
3278,2011-12-09,11037
3279,2011-12-10,11037
3280,2011-12-11,11037
3281,2011-12-12,11037
3282,2011-12-13,11037
3283,2011-12-14,11037
3284,2011-12-15,11037
3285,2011-12-16,11037
3286,2011-12-17,11037
3287,2011-12-18,11037
3288,2011-12-19,11037
3289,2011-12-20,11037
3290,2011-12-21,11037
3291,2011-12-22,11037
3292,2011-12-23,11037
3293,2011-12-24,11037
3294,2011-12-25,11037
3295,2011-12-26,11037
3296,2011-12-27,11037
3297,2011-12-28,11037
3298,2011-12-29,11037
3299,2011-12-30,11037
3300,2011-12-31,11037
3301,2012-01-01,11037
3302,2012-01-02,11037
3303,2012-01-03,11037
3304,2012-01-04,11037
3305,2012-01-05,11037
3306,2012-01-06,11037
3307,2012-01-07,11037
3308,2012-01-08,11037
3309,2012-01-09,11037
3310,2012-01-10,11037
3311,2012-01-11,11037
3312,2012-01-12,11037
3313,2012-01-13,11037
3314,2012-01-14,11037
3315,2012-01-15,11037
3316,2012-01-16,11037
3317,2012-01-17,11037
3318,2012-01-18,11037
3319,2012-01-19,11037
3320,2012-01-20,11037
3321,2012-01-21,11037
3322,2012-01-22,11037
3323,2012-01-23,11037
3324,2012-01-24,11037
3325,2012-01-25,11037
3326,2012-01-26,11037
3327,2012-01-27,11037
3328,2012-01-28,11037
3329,2012-01-29,11037
3330,2012-01-30,11037
3331,2012-01-31,11037
3332,2012-02-01,11037
3333,2012-02-02,11037
3334,2012-02-03,11037
3335,2012-02-04,11037
3336,2012-02-05,11037
3337,2012-02-06,11037
3338,2012-02-07,11037
3339,2012-02-08,11037
3340,2012-02-09,11037
3341,2012-02-10,11037
3342,2012-02-11,11037
3343,2012-02-12,11037
3344,2012-02-13,11037
3345,2012-02-14,11037
3346,2012-02-15,11037
3347,2012-02-16,11037
3348,2012-02-17,11037
3349,2012-02-18,11037
3350,2012-02-19,11037
3351,2012-02-20,11037
3352,2012-02-21,11037
3353,2012-02-22,11037
3354,2012-02-23,11037
3355,2012-02-24,11037
3356,2012-02-25,11037
3357,2012-02-26,11037
3358,2012-02-27,11037
3359,2012-02-28,11037
3360,2012-02-29,11037
3361,2012-03-01,11037
3362,2012-03-02,11037
3363,2012-03-03,11037
3364,2012-03-04,11037
3365,2012-03-05,11037
3366,2012-03-06,11037
3367,2012-03-07,11037
3368,2012-03-08,11037
3369,2012-03-09,11037
3370,2012-03-10,11037
3371,2012-03-11,11037
3372,2012-03-12,11037
3373,2012-03-13,11037
3374,2012-03-14,11037
3375,2012-03-15,11037
3376,2012-03-16,11037
3377,2012-03-17,11037
3378,2012-03-18,11037
3379,2012-03-19,11037
3380,2012-03-20,11037
3381,2012-03-21,11037
3382,2012-03-22,11037
3383,2012-03-23,11037
3384,2012-03-24,11037
3385,2012-03-25,11037
3386,2012-03-26,11037
3387,2012-03-27,11037
3388,2012-03-28,11037
3389,2012-03-29,11037
3390,2012-03-30,11037
3391,2012-03-31,11037
3392,2012-04-01,11037
3393,2012-04-02,11037
3394,2012-04-03,11037
3395,2012-04-04,11037
3396,2012-04-05,11037
3397,2012-04-06,11037
3398,2012-04-07,11037
3399,2012-04-08,11037
3400,2012-04-09,11037
3401,2012-04-10,11037
3402,2012-04-11,11037
3403,2012-04-12,11037
3404,2012-04-13,11037
3405,2012-04-14,11037
3406,2012-04-15,11037
3407,2012-04-16,11037
3408,2012-04-17,11037
3409,2012-04-18,11037
3410,2012-04-19,11037
3411,2012-04-20,11037
3412,2012-04-21,11037
3413,2012-04-22,11037
3414,2012-04-23,11037
3415,2012-04-24,11037
3416,2012-04-25,11037
3417,2012-04-26,11037
3418,2012-04-27,11037
3419,2012-04-28,11037
3420,2012-04-29,11037
3421,2012-04-30,11037
3422,2012-05-01,11037
3423,2012-05-02,11037
3424,2012-05-03,11037
3425,2012-05-04,11037
3426,2012-05-05,11037
3427,2012-05-06,11037
3428,2012-05-07,11037
3429,2012-05-08,11037
3430,2012-05-09,11037
3431,2012-05-10,11037
3432,2012-05-11,11037
3433,2012-05-12,11037
3434,2012-05-13,11037
3435,2012-05-14,11037
3436,2012-05-15,11037
3437,2012-05-16,11037
3438,2012-05-17,11037
3439,2012-05-18,11037
3440,2012-05-19,11037
3441,2012-05-20,11037
3442,2012-05-21,11037
3443,2012-05-22,11037
3444,2012-05-23,11037
3445,2012-05-24,11037
3446,2012-05-25,11037
3447,2012-05-26,11037
3448,2012-05-27,11037
3449,2012-05-28,11037
3450,2012-05-29,11037
3451,2012-05-30,11037
3452,2012-05-31,11037
3453,2012-06-01,11037
3454,2012-06-02,11037
3455,2012-06-03,11037
3456,2012-06-04,11037
3457,2012-06-05,11037
3458,2012-06-06,11037
3459,2012-06-07,11037
3460,2012-06-08,11037
3461,2012-06-09,11037
3462,2012-06-10,11037
3463,2012-06-11,11037
3464,2012-06-12,11037
3465,2012-06-13,11037
3466,2012-06-14,11037
3467,2012-06-15,11037
3468,2012-06-16,11037
3469,2012-06-17,11037
3470,2012-06-18,11037
3471,2012-06-19,11037
3472,2012-06-20,11037
3473,2012-06-21,11037
3474,2012-06-22,11037
3475,2012-06-23,11037
3476,2012-06-24,11037
3477,2012-06-25,11037
3478,2012-06-26,11037
3479,2012-06-27,11037
3480,2012-06-28,11037
3481,2012-06-29,11037
3482,2012-06-30,11037
3483,2012-07-01,11037
3484,2012-07-02,11037
3485,2012-07-03,11037
3486,2012-07-04,11037
3487,2012-07-05,11037
3488,2012-07-06,11037
3489,2012-07-07,11037
3490,2012-07-08,11037
3491,2012-07-09,11037
3492,2012-07-10,11037
3493,2012-07-11,11037
3494,2012-07-12,11037
3495,2012-07-13,11037
3496,2012-07-14,11037
3497,2012-07-15,11037
3498,2012-07-16,11037
3499,2012-07-17,11037
3500,2012-07-18,11037
3501,2012-07-19,11037
3502,2012-07-20,11037
3503,2012-07-21,11037
3504,2012-07-22,11037
3505,2012-07-23,11037
3506,2012-07-24,11037
3507,2012-07-25,11037
3508,2012-07-26,11037
3509,2012-07-27,11037
3510,2012-07-28,11037
3511,2012-07-29,11037
3512,2012-07-30,11037
3513,2012-07-31,11037
3514,2012-08-01,11037
3515,2012-08-02,11037
3516,2012-08-03,11037
3517,2012-08-04,11037
3518,2012-08-05,11037
3519,2012-08-06,11037
3520,2012-08-07,11037
3521,2012-08-08,11037
3522,2012-08-09,11037
3523,2012-08-10,11037
3524,2012-08-11,11037
3525,2012-08-12,11037
3526,2012-08-13,11037
3527,2012-08-14,11037
3528,2012-08-15,11037
3529,2012-08-16,11037
3530,2012-08-17,11037
3531,2012-08-18,11037
3532,2012-08-19,11037
3533,2012-08-20,11037
3534,2012-08-21,11037
3535,2012-08-22,11037
3536,2012-08-23,11037
3537,2012-08-24,11037
3538,2012-08-25,11037
3539,2012-08-26,11037
3540,2012-08-27,11037
3541,2012-08-28,11037
3542,2012-08-29,11037
3543,2012-08-30,11037
3544,2012-08-31,11037
3545,2012-09-01,11037
3546,2012-09-02,11037
3547,2012-09-03,11037
3548,2012-09-04,11037
3549,2012-09-05,11037
3550,2012-09-06,11037
3551,2012-09-07,11037
3552,2012-09-08,11037
3553,2012-09-09,11037
3554,2012-09-10,11037
3555,2012-09-11,11037
3556,2012-09-12,11037
3557,2012-09-13,11037
3558,2012-09-14,11037
3559,2012-09-15,11037
3560,2012-09-16,11037
3561,2012-09-17,11037
3562,2012-09-18,11037
3563,2012-09-19,11037
3564,2012-09-20,11037
3565,2012-09-21,11037
3566,2012-09-22,11037
3567,2012-09-23,11037
3568,2012-09-24,11037
3569,2012-09-25,11037
3570,2012-09-26,11037
3571,2012-09-27,11037
3572,2012-09-28,11037
3573,2012-09-29,11037
3574,2012-09-30,11037
3575,2012-10-01,11037
3576,2012-10-02,11037
3577,2012-10-03,11037
3578,2012-10-04,11037
3579,2012-10-05,11037
3580,2012-10-06,11037
3581,2012-10-07,11037
3582,2012-10-08,11037
3583,2012-10-09,11037
3584,2012-10-10,11037
3585,2012-10-11,11037
3586,2012-10-12,11037
3587,2012-10-13,11037
3588,2012-10-14,11037
3589,2012-10-15,11037
3590,2012-10-16,11037
3591,2012-10-17,11037
3592,2012-10-18,11037
3593,2012-10-19,11037
3594,2012-10-20,11037
3595,2012-10-21,11037
3596,2012-10-22,11037
3597,2012-10-23,11037
3598,2012-10-24,11037
3599,2012-10-25,11037
3600,2012-10-26,11037
3601,2012-10-27,11037
3602,2012-10-28,11037
3603,2012-10-29,11037
3604,2012-10-30,11037
3605,2012-10-31,11037
3606,2012-11-01,11037
3607,2012-11-02,11037
3608,2012-11-03,11037
3609,2012-11-04,11037
3610,2012-11-05,11037
3611,2012-11-06,11037
3612,2012-11-07,11037
3613,2012-11-08,11037
3614,2012-11-09,11037
3615,2012-11-10,11037
3616,2012-11-11,11037
3617,2012-11-12,11037
3618,2012-11-13,11037
3619,2012-11-14,11037
3620,2012-11-15,11037
3621,2012-11-16,11037
3622,2012-11-17,11037
3623,2012-11-18,11037
3624,2012-11-19,11037
3625,2012-11-20,11037
3626,2012-11-21,11037
3627,2012-11-22,11037
3628,2012-11-23,11037
3629,2012-11-24,11037
3630,2012-11-25,11037
3631,2012-11-26,11037
3632,2012-11-27,11037
3633,2012-11-28,11037
3634,2012-11-29,11037
3635,2012-11-30,11037
3636,2012-12-01,11037
3637,2012-12-02,11037
3638,2012-12-03,11037
3639,2012-12-04,11037
3640,2012-12-05,11037
3641,2012-12-06,11037
3642,2012-12-07,11037
3643,2012-12-08,11037
3644,2012-12-09,11037
3645,2012-12-10,11037
3646,2012-12-11,11037
3647,2012-12-12,11037
3648,2012-12-13,11037
3649,2012-12-14,11037
3650,2012-12-15,11037
3651,2012-12-16,11037
3652,2012-12-17,11037
3653,2012-12-18,11037
3654,2012-12-19,11037
3655,2012-12-20,11037
3656,2012-12-21,11037
3657,2012-12-22,11037
3658,2012-12-23,11037
3659,2012-12-24,11037
3660,2012-12-25,11037
3661,2012-12-26,11037
3662,2012-12-27,11037
3663,2012-12-28,11037
3664,2012-12-29,11037
3665,2012-12-30,11037
3666,2012-12-31,11037
3667,2013-01-01,11037
3668,2013-01-02,11037
3669,2013-01-03,11037
3670,2013-01-04,11037
3671,2013-01-05,11037
3672,2013-01-06,11037
3673,2013-01-07,11037
3674,2013-01-08,11037
3675,2013-01-09,11037
3676,2013-01-10,11037
3677,2013-01-11,11037
3678,2013-01-12,11037
3679,2013-01-13,11037
3680,2013-01-14,11037
3681,2013-01-15,11037
3682,2013-01-16,11037
3683,2013-01-17,11037
3684,2013-01-18,11037
3685,2013-01-19,11037
3686,2013-01-20,11037
3687,2013-01-21,11037
3688,2013-01-22,11037
3689,2013-01-23,11037
3690,2013-01-24,11037
3691,2013-01-25,11037
3692,2013-01-26,11037
3693,2013-01-27,11037
3694,2013-01-28,11037
3695,2013-01-29,11037
3696,2013-01-30,11037
3697,2013-01-31,11037
3698,2013-02-01,11037
3699,2013-02-02,11037
3700,2013-02-03,11037
3701,2013-02-04,11037
3702,2013-02-05,11037
3703,2013-02-06,11037
3704,2013-02-07,11037
3705,2013-02-08,11037
3706,2013-02-09,11037
3707,2013-02-10,11037
3708,2013-02-11,11037
3709,2013-02-12,11037
3710,2013-02-13,11037
3711,2013-02-14,11037
3712,2013-02-15,11037
3713,2013-02-16,11037
3714,2013-02-17,11037
3715,2013-02-18,11037
3716,2013-02-19,11037
3717,2013-02-20,11037
3718,2013-02-21,11037
3719,2013-02-22,11037
3720,2013-02-23,11037
3721,2013-02-24,11037
3722,2013-02-25,11037
3723,2013-02-26,11037
3724,2013-02-27,11037
3725,2013-02-28,11037
3726,2013-03-01,11037
3727,2013-03-02,11037
3728,2013-03-03,11037
3729,2013-03-04,11037
3730,2013-03-05,11037
3731,2013-03-06,11037
3732,2013-03-07,11037
3733,2013-03-08,11037
3734,2013-03-09,11037
3735,2013-03-10,11037
3736,2013-03-11,11037
3737,2013-03-12,11037
3738,2013-03-13,11037
3739,2013-03-14,11037
3740,2013-03-15,11037
3741,2013-03-16,11037
3742,2013-03-17,11037
3743,2013-03-18,11037
3744,2013-03-19,11037
3745,2013-03-20,11037
3746,2013-03-21,11037
3747,2013-03-22,11037
3748,2013-03-23,11037
3749,2013-03-24,11037
3750,2013-03-25,11037
3751,2013-03-26,11037
3752,2013-03-27,11037
3753,2013-03-28,11037
3754,2013-03-29,11037
3755,2013-03-30,11037
3756,2013-03-31,11037
3757,2013-04-01,11037
3758,2013-04-02,11037
3759,2013-04-03,11037
3760,2013-04-04,11037
3761,2013-04-05,11037
3762,2013-04-06,11037
3763,2013-04-07,11037
3764,2013-04-08,11037
3765,2013-04-09,11037
3766,2013-04-10,11037
3767,2013-04-11,11037
3768,2013-04-12,11037
3769,2013-04-13,11037
3770,2013-04-14,11037
3771,2013-04-15,11037
3772,2013-04-16,11037
3773,2013-04-17,11037
3774,2013-04-18,11037
3775,2013-04-19,11037
3776,2013-04-20,11037
3777,2013-04-21,11037
3778,2013-04-22,11037
3779,2013-04-23,11037
3780,2013-04-24,11037
3781,2013-04-25,11037
3782,2013-04-26,11037
3783,2013-04-27,11037
3784,2013-04-28,11037
3785,2013-04-29,11037
3786,2013-04-30,11037
3787,2013-05-01,11037
3788,2013-05-02,11037
3789,2013-05-03,11037
3790,2013-05-04,11037
3791,2013-05-05,11037
3792,2013-05-06,11037
3793,2013-05-07,11037
3794,2013-05-08,11037
3795,2013-05-09,11037
3796,2013-05-10,11037
3797,2013-05-11,11037
3798,2013-05-12,11037
3799,2013-05-13,11037
3800,2013-05-14,11037
3801,2013-05-15,11037
3802,2013-05-16,11037
3803,2013-05-17,11037
3804,2013-05-18,11037
3805,2013-05-19,11037
3806,2013-05-20,11037
3807,2013-05-21,11037
3808,2013-05-22,11037
3809,2013-05-23,11037
3810,2013-05-24,11037
3811,2013-05-25,11037
3812,2013-05-26,11037
3813,2013-05-27,11037
3814,2013-05-28,11037
3815,2013-05-29,11037
3816,2013-05-30,11037
3817,2013-05-31,11037
3818,2013-06-01,11037
3819,2013-06-02,11037
3820,2013-06-03,11037
3821,2013-06-04,11037
3822,2013-06-05,11037
3823,2013-06-06,11037
3824,2013-06-07,11037
3825,2013-06-08,11037
3826,2013-06-09,11037
3827,2013-06-10,11037
3828,2013-06-11,11037
3829,2013-06-12,11037
3830,2013-06-13,11037
3831,2013-06-14,11037
3832,2013-06-15,11037
3833,2013-06-16,11037
3834,2013-06-17,11037
3835,2013-06-18,11037
3836,2013-06-19,11037
3837,2013-06-20,11037
3838,2013-06-21,11037
3839,2013-06-22,11037
3840,2013-06-23,11037
3841,2013-06-24,11037
3842,2013-06-25,11037
3843,2013-06-26,11037
3844,2013-06-27,11037
3845,2013-06-28,11037
3846,2013-06-29,11037
3847,2013-06-30,11037
3848,2013-07-01,11037
3849,2013-07-02,11037
3850,2013-07-03,11037
3851,2013-07-04,11037
3852,2013-07-05,11037
3853,2013-07-06,11037
3854,2013-07-07,11037
3855,2013-07-08,11037
3856,2013-07-09,11037
3857,2013-07-10,11037
3858,2013-07-11,11037
3859,2013-07-12,11037
3860,2013-07-13,11037
3861,2013-07-14,11037
3862,2013-07-15,11037
3863,2013-07-16,11037
3864,2013-07-17,11037
3865,2013-07-18,11037
3866,2013-07-19,11037
3867,2013-07-20,11037
3868,2013-07-21,11037
3869,2013-07-22,11037
3870,2013-07-23,11037
3871,2013-07-24,11037
3872,2013-07-25,11037
3873,2013-07-26,11037
3874,2013-07-27,11037
3875,2013-07-28,11037
3876,2013-07-29,11037
3877,2013-07-30,11037
3878,2013-07-31,11037
3879,2013-08-01,11037
3880,2013-08-02,11037
3881,2013-08-03,11037
3882,2013-08-04,11037
3883,2013-08-05,11037
3884,2013-08-06,11037
3885,2013-08-07,11037
3886,2013-08-08,11037
3887,2013-08-09,11037
3888,2013-08-10,11037
3889,2013-08-11,11037
3890,2013-08-12,11037
3891,2013-08-13,11037
3892,2013-08-14,11037
3893,2013-08-15,11037
3894,2013-08-16,11037
3895,2013-08-17,11037
3896,2013-08-18,11037
3897,2013-08-19,11037
3898,2013-08-20,11037
3899,2013-08-21,11037
3900,2013-08-22,11037
3901,2013-08-23,11037
3902,2013-08-24,11037
3903,2013-08-25,11037
3904,2013-08-26,11037
3905,2013-08-27,11037
3906,2013-08-28,11037
3907,2013-08-29,11037
3908,2013-08-30,11037
3909,2013-08-31,11037
3910,2013-09-01,11037
3911,2013-09-02,11037
3912,2013-09-03,11037
3913,2013-09-04,11037
3914,2013-09-05,11037
3915,2013-09-06,11037
3916,2013-09-07,11037
3917,2013-09-08,11037
3918,2013-09-09,11037
3919,2013-09-10,11037
3920,2013-09-11,11037
3921,2013-09-12,11037
3922,2013-09-13,11037
3923,2013-09-14,11037
3924,2013-09-15,11037
3925,2013-09-16,11037
3926,2013-09-17,11037
3927,2013-09-18,11037
3928,2013-09-19,11037
3929,2013-09-20,11037
3930,2013-09-21,11037
3931,2013-09-22,11037
3932,2013-09-23,11037
3933,2013-09-24,11037
3934,2013-09-25,11037
3935,2013-09-26,11037
3936,2013-09-27,11037
3937,2013-09-28,11037
3938,2013-09-29,11037
3939,2013-09-30,11037
3940,2013-10-01,11037
3941,2013-10-02,11037
3942,2013-10-03,11037
3943,2013-10-04,11037
3944,2013-10-05,11037
3945,2013-10-06,11037
3946,2013-10-07,11037
3947,2013-10-08,11037
3948,2013-10-09,11037
3949,2013-10-10,11037
3950,2013-10-11,11037
3951,2013-10-12,11037
3952,2013-10-13,11037
3953,2013-10-14,11037
3954,2013-10-15,11037
3955,2013-10-16,11037
3956,2013-10-17,11037
3957,2013-10-18,11037
3958,2013-10-19,11037
3959,2013-10-20,11037
3960,2013-10-21,11037
3961,2013-10-22,11037
3962,2013-10-23,11037
3963,2013-10-24,11037
3964,2013-10-25,11037
3965,2013-10-26,11037
3966,2013-10-27,11037
3967,2013-10-28,11037
3968,2013-10-29,11037
3969,2013-10-30,11037
3970,2013-10-31,11037
3971,2013-11-01,11037
3972,2013-11-02,11037
3973,2013-11-03,11037
3974,2013-11-04,11037
3975,2013-11-05,11037
3976,2013-11-06,11037
3977,2013-11-07,11037
3978,2013-11-08,11037
3979,2013-11-09,11037
3980,2013-11-10,11037
3981,2013-11-11,11037
3982,2013-11-12,11037
3983,2013-11-13,11037
3984,2013-11-14,11037
3985,2013-11-15,11037
3986,2013-11-16,11037
3987,2013-11-17,11037
3988,2013-11-18,11037
3989,2013-11-19,11037
3990,2013-11-20,11037
3991,2013-11-21,11037
3992,2013-11-22,11037
3993,2013-11-23,11037
3994,2013-11-24,11037
3995,2013-11-25,11037
3996,2013-11-26,11037
3997,2013-11-27,11037
3998,2013-11-28,11037
3999,2013-11-29,11037
4000,2013-11-30,11037
4001,2013-12-01,11037
4002,2013-12-02,11037
4003,2013-12-03,11037
4004,2013-12-04,11037
4005,2013-12-05,11037
4006,2013-12-06,11037
4007,2013-12-07,11037
4008,2013-12-08,11037
4009,2013-12-09,11037
4010,2013-12-10,11037
4011,2013-12-11,11037
4012,2013-12-12,11037
4013,2013-12-13,11037
4014,2013-12-14,11037
4015,2013-12-15,11037
4016,2013-12-16,11037
4017,2013-12-17,11037
4018,2013-12-18,11037
4019,2013-12-19,11037
4020,2013-12-20,11037
4021,2013-12-21,11037
4022,2013-12-22,11037
4023,2013-12-23,11037
4024,2013-12-24,11037
4025,2013-12-25,11037
4026,2013-12-26,11037
4027,2013-12-27,11037
4028,2013-12-28,11037
4029,2013-12-29,11037
4030,2013-12-30,11037
4031,2013-12-31,11037
4032,2014-01-01,11037
4033,2014-01-02,11037
4034,2014-01-03,11037
4035,2014-01-04,11037
4036,2014-01-05,11037
4037,2014-01-06,11037
4038,2014-01-07,11037
4039,2014-01-08,11037
4040,2014-01-09,11037
4041,2014-01-10,11037
4042,2014-01-11,11037
4043,2014-01-12,11037
4044,2014-01-13,11037
4045,2014-01-14,11037
4046,2014-01-15,11037
4047,2014-01-16,11037
4048,2014-01-17,11037
4049,2014-01-18,11037
4050,2014-01-19,11037
4051,2014-01-20,11037
4052,2014-01-21,11037
4053,2014-01-22,11037
4054,2014-01-23,11037
4055,2014-01-24,11037
4056,2014-01-25,11037
4057,2014-01-26,11037
4058,2014-01-27,11037
4059,2014-01-28,11037
4060,2014-01-29,11037
4061,2014-01-30,11037
4062,2014-01-31,11037
4063,2014-02-01,11037
4064,2014-02-02,11037
4065,2014-02-03,11037
4066,2014-02-04,11037
4067,2014-02-05,11037
4068,2014-02-06,11037
4069,2014-02-07,11037
4070,2014-02-08,11037
4071,2014-02-09,11037
4072,2014-02-10,11037
4073,2014-02-11,11037
4074,2014-02-12,11037
4075,2014-02-13,11037
4076,2014-02-14,11037
4077,2014-02-15,11037
4078,2014-02-16,11037
4079,2014-02-17,11037
4080,2014-02-18,11037
4081,2014-02-19,11037
4082,2014-02-20,11037
4083,2014-02-21,11037
4084,2014-02-22,11037
4085,2014-02-23,11037
4086,2014-02-24,11037
4087,2014-02-25,11037
4088,2014-02-26,11037
4089,2014-02-27,11037
4090,2014-02-28,11037
4091,2014-03-01,11037
4092,2014-03-02,11037
4093,2014-03-03,11037
4094,2014-03-04,11037
4095,2014-03-05,11037
4096,2014-03-06,11037
4097,2014-03-07,11037
4098,2014-03-08,11037
4099,2014-03-09,11037
4100,2014-03-10,11037
4101,2014-03-11,11037
4102,2014-03-12,11037
4103,2014-03-13,11037
4104,2014-03-14,11037
4105,2014-03-15,11037
4106,2014-03-16,11037
4107,2014-03-17,11037
4108,2014-03-18,11037
4109,2014-03-19,11037
4110,2014-03-20,11037
4111,2014-03-21,11037
4112,2014-03-22,11037
4113,2014-03-23,11037
4114,2014-03-24,11037
4115,2014-03-25,11037
4116,2014-03-26,11037
4117,2014-03-27,11037
4118,2014-03-28,11037
4119,2014-03-29,11037
4120,2014-03-30,11037
4121,2014-03-31,11037
4122,2014-04-01,11037
4123,2014-04-02,11037
4124,2014-04-03,11037
4125,2014-04-04,11037
4126,2014-04-05,11037
4127,2014-04-06,11037
4128,2014-04-07,11037
4129,2014-04-08,11037
4130,2014-04-09,11037
4131,2014-04-10,11037
4132,2014-04-11,11037
4133,2014-04-12,11037
4134,2014-04-13,11037
4135,2014-04-14,11037
4136,2014-04-15,11037
4137,2014-04-16,11037
4138,2014-04-17,11037
4139,2014-04-18,11037
4140,2014-04-19,11037
4141,2014-04-20,11037
4142,2014-04-21,11037
4143,2014-04-22,11037
4144,2014-04-23,11037
4145,2014-04-24,11037
4146,2014-04-25,11037
4147,2014-04-26,11037
4148,2014-04-27,11037
4149,2014-04-28,11037
4150,2014-04-29,11037
4151,2014-04-30,11037
4152,2014-05-01,11037
4153,2014-05-02,11037
4154,2014-05-03,11037
4155,2014-05-04,11037
4156,2014-05-05,11037
4157,2014-05-06,11037
4158,2014-05-07,11037
4159,2014-05-08,11037
4160,2014-05-09,11037
4161,2014-05-10,11037
4162,2014-05-11,11037
4163,2014-05-12,11037
4164,2014-05-13,11037
4165,2014-05-14,11037
4166,2014-05-15,11037
4167,2014-05-16,11037
4168,2014-05-17,11037
4169,2014-05-18,11037
4170,2014-05-19,11037
4171,2014-05-20,11037
4172,2014-05-21,11037
4173,2014-05-22,11037
4174,2014-05-23,11037
4175,2014-05-24,11037
4176,2014-05-25,11037
4177,2014-05-26,11037
4178,2014-05-27,11037
4179,2014-05-28,11037
4180,2014-05-29,11037
4181,2014-05-30,11037
4182,2014-05-31,11037
4183,2014-06-01,11037
4184,2014-06-02,11037
4185,2014-06-03,11037
4186,2014-06-04,11037
4187,2014-06-05,11037
4188,2014-06-06,11037
4189,2014-06-07,11037
4190,2014-06-08,11037
4191,2014-06-09,11037
4192,2014-06-10,11037
4193,2014-06-11,11037
4194,2014-06-12,11037
4195,2014-06-13,11037
4196,2014-06-14,11037
4197,2014-06-15,11037
4198,2014-06-16,11037
4199,2014-06-17,11037
4200,2014-06-18,11037
4201,2014-06-19,11037
4202,2014-06-20,11037
4203,2014-06-21,11037
4204,2014-06-22,11037
4205,2014-06-23,11037
4206,2014-06-24,11037
4207,2014-06-25,11037
4208,2014-06-26,11037
4209,2014-06-27,11037
4210,2014-06-28,11037
4211,2014-06-29,11037
4212,2014-06-30,11037
4213,2014-07-01,11037
4214,2014-07-02,11037
4215,2014-07-03,11037
4216,2014-07-04,11037
4217,2014-07-05,11037
4218,2014-07-06,11037
4219,2014-07-07,11037
4220,2014-07-08,11037
4221,2014-07-09,11037
4222,2014-07-10,11037
4223,2014-07-11,11037
4224,2014-07-12,11037
4225,2014-07-13,11037
4226,2014-07-14,11037
4227,2014-07-15,11037
4228,2014-07-16,11037
4229,2014-07-17,11037
4230,2014-07-18,11037
4231,2014-07-19,11037
4232,2014-07-20,11037
4233,2014-07-21,11037
4234,2014-07-22,11037
4235,2014-07-23,11037
4236,2014-07-24,11037
4237,2014-07-25,11037
4238,2014-07-26,11037
4239,2014-07-27,11037
4240,2014-07-28,11037
4241,2014-07-29,11037
4242,2014-07-30,11037
4243,2014-07-31,11037
4244,2014-08-01,11037
4245,2014-08-02,11037
4246,2014-08-03,11037
4247,2014-08-04,11037
4248,2014-08-05,11037
4249,2014-08-06,11037
4250,2014-08-07,11037
4251,2014-08-08,11037
4252,2014-08-09,11037
4253,2014-08-10,11037
4254,2014-08-11,11037
4255,2014-08-12,11037
4256,2014-08-13,11037
4257,2014-08-14,11037
4258,2014-08-15,11037
4259,2014-08-16,11037
4260,2014-08-17,11037
4261,2014-08-18,11037
4262,2014-08-19,11037
4263,2014-08-20,11037
4264,2014-08-21,11037
4265,2014-08-22,11037
4266,2014-08-23,11037
4267,2014-08-24,11037
4268,2014-08-25,11037
4269,2014-08-26,11037
4270,2014-08-27,11037
4271,2014-08-28,11037
4272,2014-08-29,11037
4273,2014-08-30,11037
4274,2014-08-31,11037
4275,2014-09-01,11037
4276,2014-09-02,11037
4277,2014-09-03,11037
4278,2014-09-04,11037
4279,2014-09-05,11037
4280,2014-09-06,11037
4281,2014-09-07,11037
4282,2014-09-08,11037
4283,2014-09-09,11037
4284,2014-09-10,11037
4285,2014-09-11,11037
4286,2014-09-12,11037
4287,2014-09-13,11037
4288,2014-09-14,11037
4289,2014-09-15,11037
4290,2014-09-16,11037
4291,2014-09-17,11037
4292,2014-09-18,11037
4293,2014-09-19,11037
4294,2014-09-20,11037
4295,2014-09-21,11037
4296,2014-09-22,11037
4297,2014-09-23,11037
4298,2014-09-24,11037
4299,2014-09-25,11037
4300,2014-09-26,11037
4301,2014-09-27,11037
4302,2014-09-28,11037
4303,2014-09-29,11037
4304,2014-09-30,11037
4305,2014-10-01,11037
4306,2014-10-02,11037
4307,2014-10-03,11037
4308,2014-10-04,11037
4309,2014-10-05,11037
4310,2014-10-06,11037
4311,2014-10-07,11037
4312,2014-10-08,11037
4313,2014-10-09,11037
4314,2014-10-10,11037
4315,2014-10-11,11037
4316,2014-10-12,11037
4317,2014-10-13,11037
4318,2014-10-14,11037
4319,2014-10-15,11037
4320,2014-10-16,11037
4321,2014-10-17,11037
4322,2014-10-18,11037
4323,2014-10-19,11037
4324,2014-10-20,11037
4325,2014-10-21,11037
4326,2014-10-22,11037
4327,2014-10-23,11037
4328,2014-10-24,11037
4329,2014-10-25,11037
4330,2014-10-26,11037
4331,2014-10-27,11037
4332,2014-10-28,11037
4333,2014-10-29,11037
4334,2014-10-30,11037
4335,2014-10-31,11037
4336,2014-11-01,11037
4337,2014-11-02,11037
4338,2014-11-03,11037
4339,2014-11-04,11037
4340,2014-11-05,11037
4341,2014-11-06,11037
4342,2014-11-07,11037
4343,2014-11-08,11037
4344,2014-11-09,11037
4345,2014-11-10,11037
4346,2014-11-11,11037
4347,2014-11-12,11037
4348,2014-11-13,11037
4349,2014-11-14,11037
4350,2014-11-15,11037
4351,2014-11-16,11037
4352,2014-11-17,11037
4353,2014-11-18,11037
4354,2014-11-19,11037
4355,2014-11-20,11037
4356,2014-11-21,11037
4357,2014-11-22,11037
4358,2014-11-23,11037
4359,2014-11-24,11037
4360,2014-11-25,11037
4361,2014-11-26,11037
4362,2014-11-27,11037
4363,2014-11-28,11037
4364,2014-11-29,11037
4365,2014-11-30,11037
4366,2014-12-01,11037
4367,2014-12-02,11037
4368,2014-12-03,11037
4369,2014-12-04,11037
4370,2014-12-05,11037
4371,2014-12-06,11037
4372,2014-12-07,11037
4373,2014-12-08,11037
4374,2014-12-09,11037
4375,2014-12-10,11037
4376,2014-12-11,11037
4377,2014-12-12,11037
4378,2014-12-13,11037
4379,2014-12-14,11037
4380,2014-12-15,11037
4381,2014-12-16,11037
4382,2014-12-17,11037
4383,2014-12-18,11037
4384,2014-12-19,11037
4385,2014-12-20,11037
4386,2014-12-21,11037
4387,2014-12-22,11037
4388,2014-12-23,11037
4389,2014-12-24,11037
4390,2014-12-25,11037
4391,2014-12-26,11037
4392,2014-12-27,11037
4393,2014-12-28,11037
4394,2014-12-29,11037
4395,2014-12-30,11037
4396,2014-12-31,11037
4397,2015-01-01,11037
4398,2015-01-02,11037
4399,2015-01-03,11037
4400,2015-01-04,11037
4401,2015-01-05,11037
4402,2015-01-06,11037
4403,2015-01-07,11037
4404,2015-01-08,11037
4405,2015-01-09,11037
4406,2015-01-10,11037
4407,2015-01-11,11037
4408,2015-01-12,11037
4409,2015-01-13,11037
4410,2015-01-14,11037
4411,2015-01-15,11037
4412,2015-01-16,11037
4413,2015-01-17,11037
4414,2015-01-18,11037
4415,2015-01-19,11037
4416,2015-01-20,11037
4417,2015-01-21,11037
4418,2015-01-22,11037
4419,2015-01-23,11037
4420,2015-01-24,11037
4421,2015-01-25,11037
4422,2015-01-26,11037
4423,2015-01-27,11037
4424,2015-01-28,11037
4425,2015-01-29,11037
4426,2015-01-30,11037
4427,2015-01-31,11037
4428,2015-02-01,11037
4429,2015-02-02,11037
4430,2015-02-03,11037
4431,2015-02-04,11037
4432,2015-02-05,11037
4433,2015-02-06,11037
4434,2015-02-07,11037
4435,2015-02-08,11037
4436,2015-02-09,11037
4437,2015-02-10,11037
4438,2015-02-11,11037
4439,2015-02-12,11037
4440,2015-02-13,11037
4441,2015-02-14,11037
4442,2015-02-15,11037
4443,2015-02-16,11037
4444,2015-02-17,11037
4445,2015-02-18,11037
4446,2015-02-19,11037
4447,2015-02-20,11037
4448,2015-02-21,11037
4449,2015-02-22,11037
4450,2015-02-23,11037
4451,2015-02-24,11037
4452,2015-02-25,11037
4453,2015-02-26,11037
4454,2015-02-27,11037
4455,2015-02-28,11037
4456,2015-03-01,11037
4457,2015-03-02,11037
4458,2015-03-03,11037
4459,2015-03-04,11037
4460,2015-03-05,11037
4461,2015-03-06,11037
4462,2015-03-07,11037
4463,2015-03-08,11037
4464,2015-03-09,11037
4465,2015-03-10,11037
4466,2015-03-11,11037
4467,2015-03-12,11037
4468,2015-03-13,11037
4469,2015-03-14,11037
4470,2015-03-15,11037
4471,2015-03-16,11037
4472,2015-03-17,11037
4473,2015-03-18,11037
4474,2015-03-19,11037
4475,2015-03-20,11037
4476,2015-03-21,11037
4477,2015-03-22,11037
4478,2015-03-23,11037
4479,2015-03-24,11037
4480,2015-03-25,11037
4481,2015-03-26,11037
4482,2015-03-27,11037
4483,2015-03-28,11037
4484,2015-03-29,11037
4485,2015-03-30,11037
4486,2015-03-31,11037
4487,2015-04-01,11037
4488,2015-04-02,11037
4489,2015-04-03,11037
4490,2015-04-04,11037
4491,2015-04-05,11037
4492,2015-04-06,11037
4493,2015-04-07,11037
4494,2015-04-08,11037
4495,2015-04-09,11037
4496,2015-04-10,11037
4497,2015-04-11,11037
4498,2015-04-12,11037
4499,2015-04-13,11037
4500,2015-04-14,11037
4501,2015-04-15,11037
4502,2015-04-16,11037
4503,2015-04-17,11037
4504,2015-04-18,11037
4505,2015-04-19,11037
4506,2015-04-20,11037
4507,2015-04-21,11037
4508,2015-04-22,11037
4509,2015-04-23,11037
4510,2015-04-24,11037
4511,2015-04-25,11037
4512,2015-04-26,11037
4513,2015-04-27,11037
4514,2015-04-28,11037
4515,2015-04-29,11037
4516,2015-04-30,11037
4517,2015-05-01,11037
4518,2015-05-02,11037
4519,2015-05-03,11037
4520,2015-05-04,11037
4521,2015-05-05,11037
4522,2015-05-06,11037
4523,2015-05-07,11037
4524,2015-05-08,11037
4525,2015-05-09,11037
4526,2015-05-10,11037
4527,2015-05-11,11037
4528,2015-05-12,11037
4529,2015-05-13,11037
4530,2015-05-14,11037
4531,2015-05-15,11037
4532,2015-05-16,11037
4533,2015-05-17,11037
4534,2015-05-18,11037
4535,2015-05-19,11037
4536,2015-05-20,11037
4537,2015-05-21,11037
4538,2015-05-22,11037
4539,2015-05-23,11037
4540,2015-05-24,11037
4541,2015-05-25,11037
4542,2015-05-26,11037
4543,2015-05-27,11037
4544,2015-05-28,11037
4545,2015-05-29,11037
4546,2015-05-30,11037
4547,2015-05-31,11037
4548,2015-06-01,11037
4549,2015-06-02,11037
4550,2015-06-03,11037
4551,2015-06-04,11037
4552,2015-06-05,11037
4553,2015-06-06,11037
4554,2015-06-07,11037
4555,2015-06-08,11037
4556,2015-06-09,11037
4557,2015-06-10,11037
4558,2015-06-11,11037
4559,2015-06-12,11037
4560,2015-06-13,11037
4561,2015-06-14,11037
4562,2015-06-15,11037
4563,2015-06-16,11037
4564,2015-06-17,11037
4565,2015-06-18,11037
4566,2015-06-19,11037
4567,2015-06-20,11037
4568,2015-06-21,11037
4569,2015-06-22,11037
4570,2015-06-23,11037
4571,2015-06-24,11037
4572,2015-06-25,11037
4573,2015-06-26,11037
4574,2015-06-27,11037
4575,2015-06-28,11037
4576,2015-06-29,11037
4577,2015-06-30,11037
4578,2015-07-01,11037
4579,2015-07-02,11037
4580,2015-07-03,11037
4581,2015-07-04,11037
4582,2015-07-05,11037
4583,2015-07-06,11037
4584,2015-07-07,11037
4585,2015-07-08,11037
4586,2015-07-09,11037
4587,2015-07-10,11037
4588,2015-07-11,11037
4589,2015-07-12,11037
4590,2015-07-13,11037
4591,2015-07-14,11037
4592,2015-07-15,11037
4593,2015-07-16,11037
4594,2015-07-17,11037
4595,2015-07-18,11037
4596,2015-07-19,11037
4597,2015-07-20,11037
4598,2015-07-21,11037
4599,2015-07-22,11037
4600,2015-07-23,11037
4601,2015-07-24,11037
4602,2015-07-25,11037
4603,2015-07-26,11037
4604,2015-07-27,11037
4605,2015-07-28,11037
4606,2015-07-29,11037
4607,2015-07-30,11037
4608,2015-07-31,11037
4609,2015-08-01,11037
4610,2015-08-02,11037
4611,2015-08-03,11037
4612,2015-08-04,11037
4613,2015-08-05,11037
4614,2015-08-06,11037
4615,2015-08-07,11037
4616,2015-08-08,11037
4617,2015-08-09,11037
4618,2015-08-10,11037
4619,2015-08-11,11037
4620,2015-08-12,11037
4621,2015-08-13,11037
4622,2015-08-14,11037
4623,2015-08-15,11037
4624,2015-08-16,11037
4625,2015-08-17,11037
4626,2015-08-18,11037
4627,2015-08-19,11037
4628,2015-08-20,11037
4629,2015-08-21,11037
4630,2015-08-22,11037
4631,2015-08-23,11037
4632,2015-08-24,11037
4633,2015-08-25,11037
4634,2015-08-26,11037
4635,2015-08-27,11037
4636,2015-08-28,11037
4637,2015-08-29,11037
4638,2015-08-30,11037
4639,2015-08-31,11037
4640,2015-09-01,11037
4641,2015-09-02,11037
4642,2015-09-03,11037
4643,2015-09-04,11037
4644,2015-09-05,11037
4645,2015-09-06,11037
4646,2015-09-07,11037
4647,2015-09-08,11037
4648,2015-09-09,11037
4649,2015-09-10,11037
4650,2015-09-11,11037
4651,2015-09-12,11037
4652,2015-09-13,11037
4653,2015-09-14,11037
4654,2015-09-15,11037
4655,2015-09-16,11037
4656,2015-09-17,11037
4657,2015-09-18,11037
4658,2015-09-19,11037
4659,2015-09-20,11037
4660,2015-09-21,11037
4661,2015-09-22,11037
4662,2015-09-23,11037
4663,2015-09-24,11037
4664,2015-09-25,11037
4665,2015-09-26,11037
4666,2015-09-27,11037
4667,2015-09-28,11037
4668,2015-09-29,11037
4669,2015-09-30,11037
4670,2015-10-01,11037
4671,2015-10-02,11037
4672,2015-10-03,11037
4673,2015-10-04,11037
4674,2015-10-05,11037
4675,2015-10-06,11037
4676,2015-10-07,11037
4677,2015-10-08,11037
4678,2015-10-09,11037
4679,2015-10-10,11037
4680,2015-10-11,11037
4681,2015-10-12,11037
4682,2015-10-13,11037
4683,2015-10-14,11037
4684,2015-10-15,11037
4685,2015-10-16,11037
4686,2015-10-17,11037
4687,2015-10-18,11037
4688,2015-10-19,11037
4689,2015-10-20,11037
4690,2015-10-21,11037
4691,2015-10-22,11037
4692,2015-10-23,11037
4693,2015-10-24,11037
4694,2015-10-25,11037
4695,2015-10-26,11037
4696,2015-10-27,11037
4697,2015-10-28,11037
4698,2015-10-29,11037
4699,2015-10-30,11037
4700,2015-10-31,11037
4701,2015-11-01,11037
4702,2015-11-02,11037
4703,2015-11-03,11037
4704,2015-11-04,11037
4705,2015-11-05,11037
4706,2015-11-06,11037
4707,2015-11-07,11037
4708,2015-11-08,11037
4709,2015-11-09,11037
4710,2015-11-10,11037
4711,2015-11-11,11037
4712,2015-11-12,11037
4713,2015-11-13,11037
4714,2015-11-14,11037
4715,2015-11-15,11037
4716,2015-11-16,11037
4717,2015-11-17,11037
4718,2015-11-18,11037
4719,2015-11-19,11037
4720,2015-11-20,11037
4721,2015-11-21,11037
4722,2015-11-22,11037
4723,2015-11-23,11037
4724,2015-11-24,11037
4725,2015-11-25,11037
4726,2015-11-26,11037
4727,2015-11-27,11037
4728,2015-11-28,11037
4729,2015-11-29,11037
4730,2015-11-30,11037
4731,2015-12-01,11037
4732,2015-12-02,11037
4733,2015-12-03,11037
4734,2015-12-04,11037
4735,2015-12-05,11037
4736,2015-12-06,11037
4737,2015-12-07,11037
4738,2015-12-08,11037
4739,2015-12-09,11037
4740,2015-12-10,11037
4741,2015-12-11,11037
4742,2015-12-12,11037
4743,2015-12-13,11037
4744,2015-12-14,11037
4745,2015-12-15,11037
4746,2015-12-16,11037
4747,2015-12-17,11037
4748,2015-12-18,11037
4749,2015-12-19,11037
4750,2015-12-20,11037
4751,2015-12-21,11037
4752,2015-12-22,11037
4753,2015-12-23,11037
4754,2015-12-24,11037
4755,2015-12-25,11037
4756,2015-12-26,11037
4757,2015-12-27,11037
4758,2015-12-28,11037
4759,2015-12-29,11037
4760,2015-12-30,11037
4761,2015-12-31,11037
4762,2016-01-01,11037
4763,2016-01-02,11037
4764,2016-01-03,11037
4765,2016-01-04,11037
4766,2016-01-05,11037
4767,2016-01-06,11037
4768,2016-01-07,11037
4769,2016-01-08,11037
4770,2016-01-09,11037
4771,2016-01-10,11037
4772,2016-01-11,11037
4773,2016-01-12,11037
4774,2016-01-13,11037
4775,2016-01-14,11037
4776,2016-01-15,11037
4777,2016-01-16,11037
4778,2016-01-17,11037
4779,2016-01-18,11037
4780,2016-01-19,11037
4781,2016-01-20,11037
4782,2016-01-21,11037
4783,2016-01-22,11037
4784,2016-01-23,11037
4785,2016-01-24,11037
4786,2016-01-25,11037
4787,2016-01-26,11037
4788,2016-01-27,11037
4789,2016-01-28,11037
4790,2016-01-29,11037
4791,2016-01-30,11037
4792,2016-01-31,11037
4793,2016-02-01,11037
4794,2016-02-02,11037
4795,2016-02-03,11037
4796,2016-02-04,11037
4797,2016-02-05,11037
4798,2016-02-06,11037
4799,2016-02-07,11037
4800,2016-02-08,11037
4801,2016-02-09,11037
4802,2016-02-10,11037
4803,2016-02-11,11037
4804,2016-02-12,11037
4805,2016-02-13,11037
4806,2016-02-14,11037
4807,2016-02-15,11037
4808,2016-02-16,11037
4809,2016-02-17,11037
4810,2016-02-18,11037
4811,2016-02-19,11037
4812,2016-02-20,11037
4813,2016-02-21,11037
4814,2016-02-22,11037
4815,2016-02-23,11037
4816,2016-02-24,11037
4817,2016-02-25,11037
4818,2016-02-26,11037
4819,2016-02-27,11037
4820,2016-02-28,11037
4821,2016-02-29,11037
4822,2016-03-01,11037
4823,2016-03-02,11037
4824,2016-03-03,11037
4825,2016-03-04,11037
4826,2016-03-05,11037
4827,2016-03-06,11037
4828,2016-03-07,11037
4829,2016-03-08,11037
4830,2016-03-09,11037
4831,2016-03-10,11037
4832,2016-03-11,11037
4833,2016-03-12,11037
4834,2016-03-13,11037
4835,2016-03-14,11037
4836,2016-03-15,11037
4837,2016-03-16,11037
4838,2016-03-17,11037
4839,2016-03-18,11037
4840,2016-03-19,11037
4841,2016-03-20,11037
4842,2016-03-21,11037
4843,2016-03-22,11037
4844,2016-03-23,11037
4845,2016-03-24,11037
4846,2016-03-25,11037
4847,2016-03-26,11037
4848,2016-03-27,11037
4849,2016-03-28,11037
4850,2016-03-29,11037
4851,2016-03-30,11037
4852,2016-03-31,11037
4853,2016-04-01,11037
4854,2016-04-02,11037
4855,2016-04-03,11037
4856,2016-04-04,11037
4857,2016-04-05,11037
4858,2016-04-06,11037
4859,2016-04-07,11037
4860,2016-04-08,11037
4861,2016-04-09,11037
4862,2016-04-10,11037
4863,2016-04-11,11037
4864,2016-04-12,11037
4865,2016-04-13,11037
4866,2016-04-14,11037
4867,2016-04-15,11037
4868,2016-04-16,11037
4869,2016-04-17,11037
4870,2016-04-18,11037
4871,2016-04-19,11037
4872,2016-04-20,11037
4873,2016-04-21,11037
4874,2016-04-22,11037
4875,2016-04-23,11037
4876,2016-04-24,11037
4877,2016-04-25,11037
4878,2016-04-26,11037
4879,2016-04-27,11037
4880,2016-04-28,11037
4881,2016-04-29,11037
4882,2016-04-30,11037
4883,2016-05-01,11037
4884,2016-05-02,11037
4885,2016-05-03,11037
4886,2016-05-04,11037
4887,2016-05-05,11037
4888,2016-05-06,11037
4889,2016-05-07,11037
4890,2016-05-08,11037
4891,2016-05-09,11037
4892,2016-05-10,11037
4893,2016-05-11,11037
4894,2016-05-12,11037
4895,2016-05-13,11037
4896,2016-05-14,11037
4897,2016-05-15,11037
4898,2016-05-16,11037
4899,2016-05-17,11037
4900,2016-05-18,11037
4901,2016-05-19,11037
4902,2016-05-20,11037
4903,2016-05-21,11037
4904,2016-05-22,11037
4905,2016-05-23,11037
4906,2016-05-24,11037
4907,2016-05-25,11037
4908,2016-05-26,11037
4909,2016-05-27,11037
4910,2016-05-28,11037
4911,2016-05-29,11037
4912,2016-05-30,11037
4913,2016-05-31,11037
4914,2016-06-01,11037
4915,2016-06-02,11037
4916,2016-06-03,11037
4917,2016-06-04,11037
4918,2016-06-05,11037
4919,2016-06-06,11037
4920,2016-06-07,11037
4921,2016-06-08,11037
4922,2016-06-09,11037
4923,2016-06-10,11037
4924,2016-06-11,11037
4925,2016-06-12,11037
4926,2016-06-13,11037
4927,2016-06-14,11037
4928,2016-06-15,11037
4929,2016-06-16,11037
4930,2016-06-17,11037
4931,2016-06-18,11037
4932,2016-06-19,11037
4933,2016-06-20,11037
4934,2016-06-21,11037
4935,2016-06-22,11037
4936,2016-06-23,11037
4937,2016-06-24,11037
4938,2016-06-25,11037
4939,2016-06-26,11037
4940,2016-06-27,11037
4941,2016-06-28,11037
4942,2016-06-29,11037
4943,2016-06-30,11037
4944,2016-07-01,11037
4945,2016-07-02,11037
4946,2016-07-03,11037
4947,2016-07-04,11037
4948,2016-07-05,11037
4949,2016-07-06,11037
4950,2016-07-07,11037
4951,2016-07-08,11037
4952,2016-07-09,11037
4953,2016-07-10,11037
4954,2016-07-11,11037
4955,2016-07-12,11037
4956,2016-07-13,11037
4957,2016-07-14,11037
4958,2016-07-15,11037
4959,2016-07-16,11037
4960,2016-07-17,11037
4961,2016-07-18,11037
4962,2016-07-19,11037
4963,2016-07-20,11037
4964,2016-07-21,11037
4965,2016-07-22,11037
4966,2016-07-23,11037
4967,2016-07-24,11037
4968,2016-07-25,11037
4969,2016-07-26,11037
4970,2016-07-27,11037
4971,2016-07-28,11037
4972,2016-07-29,11037
4973,2016-07-30,11037
4974,2016-07-31,11037
4975,2016-08-01,11037
4976,2016-08-02,11037
4977,2016-08-03,11037
4978,2016-08-04,11037
4979,2016-08-05,11037
4980,2016-08-06,11037
4981,2016-08-07,11037
4982,2016-08-08,11037
4983,2016-08-09,11037
4984,2016-08-10,11037
4985,2016-08-11,11037
4986,2016-08-12,11037
4987,2016-08-13,11037
4988,2016-08-14,11037
4989,2016-08-15,11037
4990,2016-08-16,11037
4991,2016-08-17,11037
4992,2016-08-18,11037
4993,2016-08-19,11037
4994,2016-08-20,11037
4995,2016-08-21,11037
4996,2016-08-22,11037
4997,2016-08-23,11037
4998,2016-08-24,11037
4999,2016-08-25,11037
5000,2016-08-26,11037
5001,2016-08-27,11037
5002,2016-08-28,11037
5003,2016-08-29,11037
5004,2016-08-30,11037
5005,2016-08-31,11037
5006,2016-09-01,11037
5007,2016-09-02,11037
5008,2016-09-03,11037
5009,2016-09-04,11037
5010,2016-09-05,11037
5011,2016-09-06,11037
5012,2016-09-07,11037
5013,2016-09-08,11037
5014,2016-09-09,11037
5015,2016-09-10,11037
5016,2016-09-11,11037
5017,2016-09-12,11037
5018,2016-09-13,11037
5019,2016-09-14,11037
5020,2016-09-15,11037
5021,2016-09-16,11037
5022,2016-09-17,11037
5023,2016-09-18,11037
5024,2016-09-19,11037
5025,2016-09-20,11037
5026,2016-09-21,11037
5027,2016-09-22,11037
5028,2016-09-23,11037
5029,2016-09-24,11037
5030,2016-09-25,11037
5031,2016-09-26,11037
5032,2016-09-27,11037
5033,2016-09-28,11037
5034,2016-09-29,11037
5035,2016-09-30,11037
5036,2016-10-01,11037
5037,2016-10-02,11037
5038,2016-10-03,11037
5039,2016-10-04,11037
5040,2016-10-05,11037
5041,2016-10-06,11037
5042,2016-10-07,11037
5043,2016-10-08,11037
5044,2016-10-09,11037
5045,2016-10-10,11037
5046,2016-10-11,11037
5047,2016-10-12,11037
5048,2016-10-13,11037
5049,2016-10-14,11037
5050,2016-10-15,11037
5051,2016-10-16,11037
5052,2016-10-17,11037
5053,2016-10-18,11037
5054,2016-10-19,11037
5055,2016-10-20,11037
5056,2016-10-21,11037
5057,2016-10-22,11037
5058,2016-10-23,11037
5059,2016-10-24,11037
5060,2016-10-25,11037
5061,2016-10-26,11037
5062,2016-10-27,11037
5063,2016-10-28,11037
5064,2016-10-29,11037
5065,2016-10-30,11037
5066,2016-10-31,11037
5067,2016-11-01,11037
5068,2016-11-02,11037
5069,2016-11-03,11037
5070,2016-11-04,11037
5071,2016-11-05,11037
5072,2016-11-06,11037
5073,2016-11-07,11037
5074,2016-11-08,11037
5075,2016-11-09,11037
5076,2016-11-10,11037
5077,2016-11-11,11037
5078,2016-11-12,11037
5079,2016-11-13,11037
5080,2016-11-14,11037
5081,2016-11-15,11037
5082,2016-11-16,11037
5083,2016-11-17,11037
5084,2016-11-18,11037
5085,2016-11-19,11037
5086,2016-11-20,11037
5087,2016-11-21,11037
5088,2016-11-22,11037
5089,2016-11-23,11037
5090,2016-11-24,11037
5091,2016-11-25,11037
5092,2016-11-26,11037
5093,2016-11-27,11037
5094,2016-11-28,11037
5095,2016-11-29,11037
5096,2016-11-30,11037
5097,2016-12-01,11037
5098,2016-12-02,11037
5099,2016-12-03,11037
5100,2016-12-04,11037
5101,2016-12-05,11037
5102,2016-12-06,11037
5103,2016-12-07,11037
5104,2016-12-08,11037
5105,2016-12-09,11037
5106,2016-12-10,11037
5107,2016-12-11,11037
5108,2016-12-12,11037
5109,2016-12-13,11037
5110,2016-12-14,11037
5111,2016-12-15,11037
5112,2016-12-16,11037
5113,2016-12-17,11037
5114,2016-12-18,11037
5115,2016-12-19,11037
5116,2016-12-20,11037
5117,2016-12-21,11037
5118,2016-12-22,11037
5119,2016-12-23,11037
5120,2016-12-24,11037
5121,2016-12-25,11037
5122,2016-12-26,11037
5123,2016-12-27,11037
5124,2016-12-28,11037
5125,2016-12-29,11037
5126,2016-12-30,11037
5127,2016-12-31,11037
5128,2017-01-01,11037
5129,2017-01-02,11037
5130,2017-01-03,11037
5131,2017-01-04,11037
5132,2017-01-05,11037
5133,2017-01-06,11037
5134,2017-01-07,11037
5135,2017-01-08,11037
5136,2017-01-09,11037
5137,2017-01-10,11037
5138,2017-01-11,11037
5139,2017-01-12,11037
5140,2017-01-13,11037
5141,2017-01-14,11037
5142,2017-01-15,11037
5143,2017-01-16,11037
5144,2017-01-17,11037
5145,2017-01-18,11037
5146,2017-01-19,11037
5147,2017-01-20,11037
5148,2017-01-21,11037
5149,2017-01-22,11037
5150,2017-01-23,11037
5151,2017-01-24,11037
5152,2017-01-25,11037
5153,2017-01-26,11037
5154,2017-01-27,11037
5155,2017-01-28,11037
5156,2017-01-29,11037
5157,2017-01-30,11037
5158,2017-01-31,11037
5159,2017-02-01,11037
5160,2017-02-02,11037
5161,2017-02-03,11037
5162,2017-02-04,11037
5163,2017-02-05,11037
5164,2017-02-06,11037
5165,2017-02-07,11037
5166,2017-02-08,11037
5167,2017-02-09,11037
5168,2017-02-10,11037
5169,2017-02-11,11037
5170,2017-02-12,11037
5171,2017-02-13,11037
5172,2017-02-14,11037
5173,2017-02-15,11037
5174,2017-02-16,11037
5175,2017-02-17,11037
5176,2017-02-18,11037
5177,2017-02-19,11037
5178,2017-02-20,11037
5179,2017-02-21,11037
5180,2017-02-22,11037
5181,2017-02-23,11037
5182,2017-02-24,11037
5183,2017-02-25,11037
5184,2017-02-26,11037
5185,2017-02-27,11037
5186,2017-02-28,11037
5187,2017-03-01,11037
5188,2017-03-02,11037
5189,2017-03-03,11037
5190,2017-03-04,11037
5191,2017-03-05,11037
5192,2017-03-06,11037
5193,2017-03-07,11037
5194,2017-03-08,11037
5195,2017-03-09,11037
5196,2017-03-10,11037
5197,2017-03-11,11037
5198,2017-03-12,11037
5199,2017-03-13,11037
5200,2017-03-14,11037
5201,2017-03-15,11037
5202,2017-03-16,11037
5203,2017-03-17,11037
5204,2017-03-18,11037
5205,2017-03-19,11037
5206,2017-03-20,11037
5207,2017-03-21,11037
5208,2017-03-22,11037
5209,2017-03-23,11037
5210,2017-03-24,11037
5211,2017-03-25,11037
5212,2017-03-26,11037
5213,2017-03-27,11037
5214,2017-03-28,11037
5215,2017-03-29,11037
5216,2017-03-30,11037
5217,2017-03-31,11037
5218,2017-04-01,11037
5219,2017-04-02,11037
5220,2017-04-03,11037
5221,2017-04-04,11037
5222,2017-04-05,11037
5223,2017-04-06,11037
5224,2017-04-07,11037
5225,2017-04-08,11037
5226,2017-04-09,11037
5227,2017-04-10,11037
5228,2017-04-11,11037
5229,2017-04-12,11037
5230,2017-04-13,11037
5231,2017-04-14,11037
5232,2017-04-15,11037
5233,2017-04-16,11037
5234,2017-04-17,11037
5235,2017-04-18,11037
5236,2017-04-19,11037
5237,2017-04-20,11037
5238,2017-04-21,11037
5239,2017-04-22,11037
5240,2017-04-23,11037
5241,2017-04-24,11037
5242,2017-04-25,11037
5243,2017-04-26,11037
5244,2017-04-27,11037
5245,2017-04-28,11037
5246,2017-04-29,11037
5247,2017-04-30,11037
5248,2017-05-01,11037
5249,2017-05-02,11037
5250,2017-05-03,11037
5251,2017-05-04,11037
5252,2017-05-05,11037
5253,2017-05-06,11037
5254,2017-05-07,11037
5255,2017-05-08,11037
5256,2017-05-09,11037
5257,2017-05-10,11037
5258,2017-05-11,11037
5259,2017-05-12,11037
5260,2017-05-13,11037
5261,2017-05-14,11037
5262,2017-05-15,11037
5263,2017-05-16,11037
5264,2017-05-17,11037
5265,2017-05-18,11037
5266,2017-05-19,11037
5267,2017-05-20,11037
5268,2017-05-21,11037
5269,2017-05-22,11037
5270,2017-05-23,11037
5271,2017-05-24,11037
5272,2017-05-25,11037
5273,2017-05-26,11037
5274,2017-05-27,11037
5275,2017-05-28,11037
5276,2017-05-29,11037
5277,2017-05-30,11037
5278,2017-05-31,11037
5279,2017-06-01,11037
5280,2017-06-02,11037
5281,2017-06-03,11037
5282,2017-06-04,11037
5283,2017-06-05,11037
5284,2017-06-06,11037
5285,2017-06-07,11037
5286,2017-06-08,11037
5287,2017-06-09,11037
5288,2017-06-10,11037
5289,2017-06-11,11037
5290,2017-06-12,11037
5291,2017-06-13,11037
5292,2017-06-14,11037
5293,2017-06-15,11037
5294,2017-06-16,11037
5295,2017-06-17,11037
5296,2017-06-18,11037
5297,2017-06-19,11037
5298,2017-06-20,11037
5299,2017-06-21,11037
5300,2017-06-22,11037
5301,2017-06-23,11037
5302,2017-06-24,11037
5303,2017-06-25,11037
5304,2017-06-26,11037
5305,2017-06-27,11037
5306,2017-06-28,11037
5307,2017-06-29,11037
5308,2017-06-30,11037
5309,2017-07-01,11037
5310,2017-07-02,11037
5311,2017-07-03,11037
5312,2017-07-04,11037
5313,2017-07-05,11037
5314,2017-07-06,11037
5315,2017-07-07,11037
5316,2017-07-08,11037
5317,2017-07-09,11037
5318,2017-07-10,11037
5319,2017-07-11,11037
5320,2017-07-12,11037
5321,2017-07-13,11037
5322,2017-07-14,11037
5323,2017-07-15,11037
5324,2017-07-16,11037
5325,2017-07-17,11037
5326,2017-07-18,11037
5327,2017-07-19,11037
5328,2017-07-20,11037
5329,2017-07-21,11037
5330,2017-07-22,11037
5331,2017-07-23,11037
5332,2017-07-24,11037
5333,2017-07-25,11037
5334,2017-07-26,11037
5335,2017-07-27,11037
5336,2017-07-28,11037
5337,2017-07-29,11037
5338,2017-07-30,11037
5339,2017-07-31,11037
5340,2017-08-01,11037
5341,2017-08-02,11037
5342,2017-08-03,11037
5343,2017-08-04,11037
5344,2017-08-05,11037
5345,2017-08-06,11037
5346,2017-08-07,11037
5347,2017-08-08,11037
5348,2017-08-09,11037
5349,2017-08-10,11037
5350,2017-08-11,11037
5351,2017-08-12,11037
5352,2017-08-13,11037
5353,2017-08-14,11037
5354,2017-08-15,11037
5355,2017-08-16,11037
5356,2017-08-17,11037
5357,2017-08-18,11037
5358,2017-08-19,11037
5359,2017-08-20,11037
5360,2017-08-21,11037
5361,2017-08-22,11037
5362,2017-08-23,11037
5363,2017-08-24,11037
5364,2017-08-25,11037
5365,2017-08-26,11037
5366,2017-08-27,11037
5367,2017-08-28,11037
5368,2017-08-29,11037
5369,2017-08-30,11037
5370,2017-08-31,11037
5371,2017-09-01,11037
5372,2017-09-02,11037
5373,2017-09-03,11037
5374,2017-09-04,11037
5375,2017-09-05,11037
5376,2017-09-06,11037
5377,2017-09-07,11037
5378,2017-09-08,11037
5379,2017-09-09,11037
5380,2017-09-10,11037
5381,2017-09-11,11037
5382,2017-09-12,11037
5383,2017-09-13,11037
5384,2017-09-14,11037
5385,2017-09-15,11037
5386,2017-09-16,11037
5387,2017-09-17,11037
5388,2017-09-18,11037
5389,2017-09-19,11037
5390,2017-09-20,11037
5391,2017-09-21,11037
5392,2017-09-22,11037
5393,2017-09-23,11037
5394,2017-09-24,11037
5395,2017-09-25,11037
5396,2017-09-26,11037
5397,2017-09-27,11037
5398,2017-09-28,11037
5399,2017-09-29,11037
5400,2017-09-30,11037
5401,2017-10-01,11037
5402,2017-10-02,11037
5403,2017-10-03,11037
5404,2017-10-04,11037
5405,2017-10-05,11037
5406,2017-10-06,11037
5407,2017-10-07,11037
5408,2017-10-08,11037
5409,2017-10-09,11037
5410,2017-10-10,11037
5411,2017-10-11,11037
5412,2017-10-12,11037
5413,2017-10-13,11037
5414,2017-10-14,11037
5415,2017-10-15,11037
5416,2017-10-16,11037
5417,2017-10-17,11037
5418,2017-10-18,11037
5419,2017-10-19,11037
5420,2017-10-20,11037
5421,2017-10-21,11037
5422,2017-10-22,11037
5423,2017-10-23,11037
5424,2017-10-24,11037
5425,2017-10-25,11037
5426,2017-10-26,11037
5427,2017-10-27,11037
5428,2017-10-28,11037
5429,2017-10-29,11037
5430,2017-10-30,11037
5431,2017-10-31,11037
5432,2017-11-01,11037
5433,2017-11-02,11037
5434,2017-11-03,11037
5435,2017-11-04,11037
5436,2017-11-05,11037
5437,2017-11-06,11037
5438,2017-11-07,11037
5439,2017-11-08,11037
5440,2017-11-09,11037
5441,2017-11-10,11037
5442,2017-11-11,11037
5443,2017-11-12,11037
5444,2017-11-13,11037
5445,2017-11-14,11037
5446,2017-11-15,11037
5447,2017-11-16,11037
5448,2017-11-17,11037
5449,2017-11-18,11037
5450,2017-11-19,11037
5451,2017-11-20,11037
5452,2017-11-21,11037
5453,2017-11-22,11037
5454,2017-11-23,11037
5455,2017-11-24,11037
5456,2017-11-25,11037
5457,2017-11-26,11037
5458,2017-11-27,11037
5459,2017-11-28,11037
5460,2017-11-29,11037
5461,2017-11-30,11037
5462,2017-12-01,11037
5463,2017-12-02,11037
5464,2017-12-03,11037
5465,2017-12-04,11037
5466,2017-12-05,11037
5467,2017-12-06,11037
5468,2017-12-07,11037
5469,2017-12-08,11037
5470,2017-12-09,11037
5471,2017-12-10,11037
5472,2017-12-11,11037
5473,2017-12-12,11037
5474,2017-12-13,11037
5475,2017-12-14,11037
5476,2017-12-15,11037
5477,2017-12-16,11037
5478,2017-12-17,11037
5479,2017-12-18,11037
5480,2017-12-19,11037
5481,2017-12-20,11037
5482,2017-12-21,11037
5483,2017-12-22,11037
5484,2017-12-23,11037
5485,2017-12-24,11037
5486,2017-12-25,11037
5487,2017-12-26,11037
5488,2017-12-27,11037
5489,2017-12-28,11037
5490,2017-12-29,11037
5491,2017-12-30,11037
5492,2017-12-31,11037
5493,2018-01-01,11037
5494,2018-01-02,11037
5495,2018-01-03,11037
5496,2018-01-04,11037
5497,2018-01-05,11037
5498,2018-01-06,11037
5499,2018-01-07,11037
5500,2018-01-08,11037
5501,2018-01-09,11037
5502,2018-01-10,11037
5503,2018-01-11,11037
5504,2018-01-12,11037
5505,2018-01-13,11037
5506,2018-01-14,11037
5507,2018-01-15,11037
5508,2018-01-16,11037
5509,2018-01-17,11037
5510,2018-01-18,11037
5511,2018-01-19,11037
5512,2018-01-20,11037
5513,2018-01-21,11037
5514,2018-01-22,11037
5515,2018-01-23,11037
5516,2018-01-24,11037
5517,2018-01-25,11037
5518,2018-01-26,11037
5519,2018-01-27,11037
5520,2018-01-28,11037
5521,2018-01-29,11037
5522,2018-01-30,11037
5523,2018-01-31,11037
5524,2018-02-01,11037
5525,2018-02-02,11037
5526,2018-02-03,11037
5527,2018-02-04,11037
5528,2018-02-05,11037
5529,2018-02-06,11037
5530,2018-02-07,11037
5531,2018-02-08,11037
5532,2018-02-09,11037
5533,2018-02-10,11037
5534,2018-02-11,11037
5535,2018-02-12,11037
5536,2018-02-13,11037
5537,2018-02-14,11037
5538,2018-02-15,11037
5539,2018-02-16,11037
5540,2018-02-17,11037
5541,2018-02-18,11037
5542,2018-02-19,11037
5543,2018-02-20,11037
5544,2018-02-21,11037
5545,2018-02-22,11037
5546,2018-02-23,11037
5547,2018-02-24,11037
5548,2018-02-25,11037
5549,2018-02-26,11037
5550,2018-02-27,11037
5551,2018-02-28,11037
5552,2018-03-01,11037
5553,2018-03-02,11037
5554,2018-03-03,11037
5555,2018-03-04,11037
5556,2018-03-05,11037
5557,2018-03-06,11037
5558,2018-03-07,11037
5559,2018-03-08,11037
5560,2018-03-09,11037
5561,2018-03-10,11037
5562,2018-03-11,11037
5563,2018-03-12,11037
5564,2018-03-13,11037
5565,2018-03-14,11037
5566,2018-03-15,11037
5567,2018-03-16,11037
5568,2018-03-17,11037
5569,2018-03-18,11037
5570,2018-03-19,11037
5571,2018-03-20,11037
5572,2018-03-21,11037
5573,2018-03-22,11037
5574,2018-03-23,11037
5575,2018-03-24,11037
5576,2018-03-25,11037
5577,2018-03-26,11037
5578,2018-03-27,11037
5579,2018-03-28,11037
5580,2018-03-29,11037
5581,2018-03-30,11037
5582,2018-03-31,11037
5583,2018-04-01,11037
5584,2018-04-02,11037
5585,2018-04-03,11037
5586,2018-04-04,11037
5587,2018-04-05,11037
5588,2018-04-06,11037
5589,2018-04-07,11037
5590,2018-04-08,11037
5591,2018-04-09,11037
5592,2018-04-10,11037
5593,2018-04-11,11037
5594,2018-04-12,11037
5595,2018-04-13,11037
5596,2018-04-14,11037
5597,2018-04-15,11037
5598,2018-04-16,11037
5599,2018-04-17,11037
5600,2018-04-18,11037
5601,2018-04-19,11037
5602,2018-04-20,11037
5603,2018-04-21,11037
5604,2018-04-22,11037
5605,2018-04-23,11037
5606,2018-04-24,11037
5607,2018-04-25,11037
5608,2018-04-26,11037
5609,2018-04-27,11037
5610,2018-04-28,11037
5611,2018-04-29,11037
5612,2018-04-30,11037
5613,2018-05-01,11037
5614,2018-05-02,11037
5615,2018-05-03,11037
5616,2018-05-04,11037
5617,2018-05-05,11037
5618,2018-05-06,11037
5619,2018-05-07,11037
5620,2018-05-08,11037
5621,2018-05-09,11037
5622,2018-05-10,11037
5623,2018-05-11,11037
5624,2018-05-12,11037
5625,2018-05-13,11037
5626,2018-05-14,11037
5627,2018-05-15,11037
5628,2018-05-16,11037
5629,2018-05-17,11037
5630,2018-05-18,11037
5631,2018-05-19,11037
5632,2018-05-20,11037
5633,2018-05-21,11037
5634,2018-05-22,11037
5635,2018-05-23,11037
5636,2018-05-24,11037
5637,2018-05-25,11037
5638,2018-05-26,11037
5639,2018-05-27,11037
5640,2018-05-28,11037
5641,2018-05-29,11037
5642,2018-05-30,11037
5643,2018-05-31,11037
5644,2018-06-01,11037
5645,2018-06-02,11037
5646,2018-06-03,11037
5647,2018-06-04,11037
5648,2018-06-05,11037
5649,2018-06-06,11037
5650,2018-06-07,11037
5651,2018-06-08,11037
5652,2018-06-09,11037
5653,2018-06-10,11037
5654,2018-06-11,11037
5655,2018-06-12,11037
5656,2018-06-13,11037
5657,2018-06-14,11037
5658,2018-06-15,11037
5659,2018-06-16,11037
5660,2018-06-17,11037
5661,2018-06-18,11037
5662,2018-06-19,11037
5663,2018-06-20,11037
5664,2018-06-21,11037
5665,2018-06-22,11037
5666,2018-06-23,11037
5667,2018-06-24,11037
5668,2018-06-25,11037
5669,2018-06-26,11037
5670,2018-06-27,11037
5671,2018-06-28,11037
5672,2018-06-29,11037
5673,2018-06-30,11037
5674,2018-07-01,11037
5675,2018-07-02,11037
5676,2018-07-03,11037
5677,2018-07-04,11037
5678,2018-07-05,11037
5679,2018-07-06,11037
5680,2018-07-07,11037
5681,2018-07-08,11037
5682,2018-07-09,11037
5683,2018-07-10,11037
5684,2018-07-11,11037
5685,2018-07-12,11037
5686,2018-07-13,11037
5687,2018-07-14,11037
5688,2018-07-15,11037
5689,2018-07-16,11037
5690,2018-07-17,11037
5691,2018-07-18,11037
5692,2018-07-19,11037
5693,2018-07-20,11037
5694,2018-07-21,11037
5695,2018-07-22,11037
5696,2018-07-23,11037
5697,2018-07-24,11037
5698,2018-07-25,11037
5699,2018-07-26,11037
5700,2018-07-27,11037
5701,2018-07-28,11037
5702,2018-07-29,11037
5703,2018-07-30,11037
5704,2018-07-31,11037
5705,2018-08-01,11037
5706,2018-08-02,11037
5707,2018-08-03,11037
5708,2018-08-04,11037
5709,2018-08-05,11037
5710,2018-08-06,11037
5711,2018-08-07,11037
5712,2018-08-08,11037
5713,2018-08-09,11037
5714,2018-08-10,11037
5715,2018-08-11,11037
5716,2018-08-12,11037
5717,2018-08-13,11037
5718,2018-08-14,11037
5719,2018-08-15,11037
5720,2018-08-16,11037
5721,2018-08-17,11037
5722,2018-08-18,11037
5723,2018-08-19,11037
5724,2018-08-20,11037
5725,2018-08-21,11037
5726,2018-08-22,11037
5727,2018-08-23,11037
5728,2018-08-24,11037
5729,2018-08-25,11037
5730,2018-08-26,11037
5731,2018-08-27,11037
5732,2018-08-28,11037
5733,2018-08-29,11037
5734,2018-08-30,11037
5735,2018-08-31,11037
5736,2018-09-01,11037
5737,2018-09-02,11037
5738,2018-09-03,11037
5739,2018-09-04,11037
5740,2018-09-05,11037
5741,2018-09-06,11037
5742,2018-09-07,11037
5743,2018-09-08,11037
5744,2018-09-09,11037
5745,2018-09-10,11037
5746,2018-09-11,11037
5747,2018-09-12,11037
5748,2018-09-13,11037
5749,2018-09-14,11037
5750,2018-09-15,11037
5751,2018-09-16,11037
5752,2018-09-17,11037
5753,2018-09-18,11037
5754,2018-09-19,11037
5755,2018-09-20,11037
5756,2018-09-21,11037
5757,2018-09-22,11037
5758,2018-09-23,11037
5759,2018-09-24,11037
5760,2018-09-25,11037
5761,2018-09-26,11037
5762,2018-09-27,11037
5763,2018-09-28,11037
5764,2018-09-29,11037
5765,2018-09-30,11037
5766,2018-10-01,11037
5767,2018-10-02,11037
5768,2018-10-03,11037
5769,2018-10-04,11037
5770,2018-10-05,11037
5771,2018-10-06,11037
5772,2018-10-07,11037
5773,2018-10-08,11037
5774,2018-10-09,11037
5775,2018-10-10,11037
5776,2018-10-11,11037
5777,2018-10-12,11037
5778,2018-10-13,11037
5779,2018-10-14,11037
5780,2018-10-15,11037
5781,2018-10-16,11037
5782,2018-10-17,11037
5783,2018-10-18,11037
5784,2018-10-19,11037
5785,2018-10-20,11037
5786,2018-10-21,11037
5787,2018-10-22,11037
5788,2018-10-23,11037
5789,2018-10-24,11037
5790,2018-10-25,11037
5791,2018-10-26,11037
5792,2018-10-27,11037
5793,2018-10-28,11037
5794,2018-10-29,11037
5795,2018-10-30,11037
5796,2018-10-31,11037
5797,2018-11-01,11037
5798,2018-11-02,11037
5799,2018-11-03,11037
5800,2018-11-04,11037
5801,2018-11-05,11037
5802,2018-11-06,11037
5803,2018-11-07,11037
5804,2018-11-08,11037
5805,2018-11-09,11037
5806,2018-11-10,11037
5807,2018-11-11,11037
5808,2018-11-12,11037
5809,2018-11-13,11037
5810,2018-11-14,11037
5811,2018-11-15,11037
5812,2018-11-16,11037
5813,2018-11-17,11037
5814,2018-11-18,11037
5815,2018-11-19,11037
5816,2018-11-20,11037
5817,2018-11-21,11037
5818,2018-11-22,11037
5819,2018-11-23,11037
5820,2018-11-24,11037
5821,2018-11-25,11037
5822,2018-11-26,11037
5823,2018-11-27,11037
5824,2018-11-28,11037
5825,2018-11-29,11037
5826,2018-11-30,11037
5827,2018-12-01,11037
5828,2018-12-02,11037
5829,2018-12-03,11037
5830,2018-12-04,11037
5831,2018-12-05,11037
5832,2018-12-06,11037
5833,2018-12-07,11037
5834,2018-12-08,11037
5835,2018-12-09,11037
5836,2018-12-10,11037
5837,2018-12-11,11037
5838,2018-12-12,11037
5839,2018-12-13,11037
5840,2018-12-14,11037
5841,2018-12-15,11037
5842,2018-12-16,11037
5843,2018-12-17,11037
5844,2018-12-18,11037
5845,2018-12-19,11037
5846,2018-12-20,11037
5847,2018-12-21,11037
5848,2018-12-22,11037
5849,2018-12-23,11037
5850,2018-12-24,11037
5851,2018-12-25,11037
5852,2018-12-26,11037
5853,2018-12-27,11037
5854,2018-12-28,11037
5855,2018-12-29,11037
5856,2018-12-30,11037
5857,2018-12-31,11037
5858,2019-01-01,11037
5859,2019-01-02,11037
5860,2019-01-03,11037
5861,2019-01-04,11037
5862,2019-01-05,11037
5863,2019-01-06,11037
5864,2019-01-07,11037
5865,2019-01-08,11037
5866,2019-01-09,11037
5867,2019-01-10,11037
5868,2019-01-11,11037
5869,2019-01-12,11037
5870,2019-01-13,11037
5871,2019-01-14,11037
5872,2019-01-15,11037
5873,2019-01-16,11037
5874,2019-01-17,11037
5875,2019-01-18,11037
5876,2019-01-19,11037
5877,2019-01-20,11037
5878,2019-01-21,11037
5879,2019-01-22,11037
5880,2019-01-23,11037
5881,2019-01-24,11037
5882,2019-01-25,11037
5883,2019-01-26,11037
5884,2019-01-27,11037
5885,2019-01-28,11037
5886,2019-01-29,11037
5887,2019-01-30,11037
5888,2019-01-31,11037
5889,2019-02-01,11037
5890,2019-02-02,11037
5891,2019-02-03,11037
5892,2019-02-04,11037
5893,2019-02-05,11037
5894,2019-02-06,11037
5895,2019-02-07,11037
5896,2019-02-08,11037
5897,2019-02-09,11037
5898,2019-02-10,11037
5899,2019-02-11,11037
5900,2019-02-12,11037
5901,2019-02-13,11037
5902,2019-02-14,11037
5903,2019-02-15,11037
5904,2019-02-16,11037
5905,2019-02-17,11037
5906,2019-02-18,11037
5907,2019-02-19,11037
5908,2019-02-20,11037
5909,2019-02-21,11037
5910,2019-02-22,11037
5911,2019-02-23,11037
5912,2019-02-24,11037
5913,2019-02-25,11037
5914,2019-02-26,11037
5915,2019-02-27,11037
5916,2019-02-28,11037
5917,2019-03-01,11037
5918,2019-03-02,11037
5919,2019-03-03,11037
5920,2019-03-04,11037
5921,2019-03-05,11037
5922,2019-03-06,11037
5923,2019-03-07,11037
5924,2019-03-08,11037
5925,2019-03-09,11037
5926,2019-03-10,11037
5927,2019-03-11,11037
5928,2019-03-12,11037
5929,2019-03-13,11037
5930,2019-03-14,11037
5931,2019-03-15,11037
5932,2019-03-16,11037
5933,2019-03-17,11037
5934,2019-03-18,11037
5935,2019-03-19,11037
5936,2019-03-20,11037
5937,2019-03-21,11037
5938,2019-03-22,11037
5939,2019-03-23,11037
5940,2019-03-24,11037
5941,2019-03-25,11037
5942,2019-03-26,11037
5943,2019-03-27,11037
5944,2019-03-28,11037
5945,2019-03-29,11037
5946,2019-03-30,11037
5947,2019-03-31,11037
5948,2019-04-01,11037
5949,2019-04-02,11037
5950,2019-04-03,11037
5951,2019-04-04,11037
5952,2019-04-05,11037
5953,2019-04-06,11037
5954,2019-04-07,11037
5955,2019-04-08,11037
5956,2019-04-09,11037
5957,2019-04-10,11037
5958,2019-04-11,11037
5959,2019-04-12,11037
5960,2019-04-13,11037
5961,2019-04-14,11037
5962,2019-04-15,11037
5963,2019-04-16,11037
5964,2019-04-17,11037
5965,2019-04-18,11037
5966,2019-04-19,11037
5967,2019-04-20,11037
5968,2019-04-21,11037
5969,2019-04-22,11037
5970,2019-04-23,11037
5971,2019-04-24,11037
5972,2019-04-25,11037
5973,2019-04-26,11037
5974,2019-04-27,11037
5975,2019-04-28,11037
5976,2019-04-29,11037
5977,2019-04-30,11037
5978,2019-05-01,11037
5979,2019-05-02,11037
5980,2019-05-03,11037
5981,2019-05-04,11037
5982,2019-05-05,11037
5983,2019-05-06,11037
5984,2019-05-07,11037
5985,2019-05-08,11037
5986,2019-05-09,11037
5987,2019-05-10,11037
5988,2019-05-11,11037
5989,2019-05-12,11037
5990,2019-05-13,11037
5991,2019-05-14,11037
5992,2019-05-15,11037
5993,2019-05-16,11037
5994,2019-05-17,11037
5995,2019-05-18,11037
5996,2019-05-19,11037
5997,2019-05-20,11037
5998,2019-05-21,11037
5999,2019-05-22,11037
6000,2019-05-23,11037
6001,2019-05-24,11037
6002,2019-05-25,11037
6003,2019-05-26,11037
6004,2019-05-27,11037
6005,2019-05-28,11037
6006,2019-05-29,11037
6007,2019-05-30,11037
6008,2019-05-31,11037
6009,2019-06-01,11037
6010,2019-06-02,11037
6011,2019-06-03,11037
6012,2019-06-04,11037
6013,2019-06-05,11037
6014,2019-06-06,11037
6015,2019-06-07,11037
6016,2019-06-08,11037
6017,2019-06-09,11037
6018,2019-06-10,11037
6019,2019-06-11,11037
6020,2019-06-12,11037
6021,2019-06-13,11037
6022,2019-06-14,11037
6023,2019-06-15,11037
6024,2019-06-16,11037
6025,2019-06-17,11037
6026,2019-06-18,11037
6027,2019-06-19,11037
6028,2019-06-20,11037
6029,2019-06-21,11037
6030,2019-06-22,11037
6031,2019-06-23,11037
6032,2019-06-24,11037
6033,2019-06-25,11037
6034,2019-06-26,11037
6035,2019-06-27,11037
6036,2019-06-28,11037
6037,2019-06-29,11037
6038,2019-06-30,11037
6039,2019-07-01,11037
6040,2019-07-02,11037
6041,2019-07-03,11037
6042,2019-07-04,11037
6043,2019-07-05,11037
6044,2019-07-06,11037
6045,2019-07-07,11037
6046,2019-07-08,11037
6047,2019-07-09,11037
6048,2019-07-10,11037
6049,2019-07-11,11037
6050,2019-07-12,11037
6051,2019-07-13,11037
6052,2019-07-14,11037
6053,2019-07-15,11037
6054,2019-07-16,11037
6055,2019-07-17,11037
6056,2019-07-18,11037
6057,2019-07-19,11037
6058,2019-07-20,11037
6059,2019-07-21,11037
6060,2019-07-22,11037
6061,2019-07-23,11037
6062,2019-07-24,11037
6063,2019-07-25,11037
6064,2019-07-26,11037
6065,2019-07-27,11037
6066,2019-07-28,11037
6067,2019-07-29,11037
6068,2019-07-30,11037
6069,2019-07-31,11037
6070,2019-08-01,11037
6071,2019-08-02,11037
6072,2019-08-03,11037
6073,2019-08-04,11037
6074,2019-08-05,11037
6075,2019-08-06,11037
6076,2019-08-07,11037
6077,2019-08-08,11037
6078,2019-08-09,11037
6079,2019-08-10,11037
6080,2019-08-11,11037
6081,2019-08-12,11037
6082,2019-08-13,11037
6083,2019-08-14,11037
6084,2019-08-15,11037
6085,2019-08-16,11037
6086,2019-08-17,11037
6087,2019-08-18,11037
6088,2019-08-19,11037
6089,2019-08-20,11037
6090,2019-08-21,11037
6091,2019-08-22,11037
6092,2019-08-23,11037
6093,2019-08-24,11037
6094,2019-08-25,11037
6095,2019-08-26,11037
6096,2019-08-27,11037
6097,2019-08-28,11037
6098,2019-08-29,11037
6099,2019-08-30,11037
6100,2019-08-31,11037
6101,2019-09-01,11037
6102,2019-09-02,11037
6103,2019-09-03,11037
6104,2019-09-04,11037
6105,2019-09-05,11037
6106,2019-09-06,11037
6107,2019-09-07,11037
6108,2019-09-08,11037
6109,2019-09-09,11037
6110,2019-09-10,11037
6111,2019-09-11,11037
6112,2019-09-12,11037
6113,2019-09-13,11037
6114,2019-09-14,11037
6115,2019-09-15,11037
6116,2019-09-16,11037
6117,2019-09-17,11037
6118,2019-09-18,11037
6119,2019-09-19,11037
6120,2019-09-20,11037
6121,2019-09-21,11037
6122,2019-09-22,11037
6123,2019-09-23,11037
6124,2019-09-24,11037
6125,2019-09-25,11037
6126,2019-09-26,11037
6127,2019-09-27,11037
6128,2019-09-28,11037
6129,2019-09-29,11037
6130,2019-09-30,11037
6131,2019-10-01,11037
6132,2019-10-02,11037
6133,2019-10-03,11037
6134,2019-10-04,11037
6135,2019-10-05,11037
6136,2019-10-06,11037
6137,2019-10-07,11037
6138,2019-10-08,11037
6139,2019-10-09,11037
6140,2019-10-10,11037
6141,2019-10-11,11037
6142,2019-10-12,11037
6143,2019-10-13,11037
6144,2019-10-14,11037
6145,2019-10-15,11037
6146,2019-10-16,11037
6147,2019-10-17,11037
6148,2019-10-18,11037
6149,2019-10-19,11037
6150,2019-10-20,11037
6151,2019-10-21,11037
6152,2019-10-22,11037
6153,2019-10-23,11037
6154,2019-10-24,11037
6155,2019-10-25,11037
6156,2019-10-26,11037
6157,2019-10-27,11037
6158,2019-10-28,11037
6159,2019-10-29,11037
6160,2019-10-30,11037
6161,2019-10-31,11037
6162,2019-11-01,11037
6163,2019-11-02,11037
6164,2019-11-03,11037
6165,2019-11-04,11037
6166,2019-11-05,11037
6167,2019-11-06,11037
6168,2019-11-07,11037
6169,2019-11-08,11037
6170,2019-11-09,11037
6171,2019-11-10,11037
6172,2019-11-11,11037
6173,2019-11-12,11037
6174,2019-11-13,11037
6175,2019-11-14,11037
6176,2019-11-15,11037
6177,2019-11-16,11037
6178,2019-11-17,11037
6179,2019-11-18,11037
6180,2019-11-19,11037
6181,2019-11-20,11037
6182,2019-11-21,11037
6183,2019-11-22,11037
6184,2019-11-23,11037
6185,2019-11-24,11037
6186,2019-11-25,11037
6187,2019-11-26,11037
6188,2019-11-27,11037
6189,2019-11-28,11037
6190,2019-11-29,11037
6191,2019-11-30,11037
6192,2019-12-01,11037
6193,2019-12-02,11037
6194,2019-12-03,11037
6195,2019-12-04,11037
6196,2019-12-05,11037
6197,2019-12-06,11037
6198,2019-12-07,11037
6199,2019-12-08,11037
6200,2019-12-09,11037
6201,2019-12-10,11037
6202,2019-12-11,11037
6203,2019-12-12,11037
6204,2019-12-13,11037
6205,2019-12-14,11037
6206,2019-12-15,11037
6207,2019-12-16,11037
6208,2019-12-17,11037
6209,2019-12-18,11037
6210,2019-12-19,11037
6211,2019-12-20,11037
6212,2019-12-21,11037
6213,2019-12-22,11037
6214,2019-12-23,11037
6215,2019-12-24,11037
6216,2019-12-25,11037
6217,2019-12-26,11037
6218,2019-12-27,11037
6219,2019-12-28,11037
6220,2019-12-29,11037
6221,2019-12-30,11037
6222,2019-12-31,11037
6223,2020-01-01,11037
6224,2020-01-02,11037
6225,2020-01-03,11037
6226,2020-01-04,11037
6227,2020-01-05,11037
6228,2020-01-06,11037
6229,2020-01-07,11037
6230,2020-01-08,11037
6231,2020-01-09,11037
6232,2020-01-10,11037
6233,2020-01-11,11037
6234,2020-01-12,11037
6235,2020-01-13,11037
6236,2020-01-14,11037
6237,2020-01-15,11037
6238,2020-01-16,11037
6239,2020-01-17,11037
6240,2020-01-18,11037
6241,2020-01-19,11037
6242,2020-01-20,11037
6243,2020-01-21,11037
6244,2020-01-22,11037
6245,2020-01-23,11037
6246,2020-01-24,11037
6247,2020-01-25,11037
6248,2020-01-26,11037
6249,2020-01-27,11037
6250,2020-01-28,11037
6251,2020-01-29,11037
6252,2020-01-30,11037
6253,2020-01-31,11037
6254,2020-02-01,11037
6255,2020-02-02,11037
6256,2020-02-03,11037
6257,2020-02-04,11037
6258,2020-02-05,11037
6259,2020-02-06,11037
6260,2020-02-07,11037
6261,2020-02-08,11037
6262,2020-02-09,11037
6263,2020-02-10,11037
6264,2020-02-11,11037
6265,2020-02-12,11037
6266,2020-02-13,11037
6267,2020-02-14,11037
6268,2020-02-15,11037
6269,2020-02-16,11037
6270,2020-02-17,11037
6271,2020-02-18,11037
6272,2020-02-19,11037
6273,2020-02-20,11037
6274,2020-02-21,11037
6275,2020-02-22,11037
6276,2020-02-23,11037
6277,2020-02-24,11037
6278,2020-02-25,11037
6279,2020-02-26,11037
6280,2020-02-27,11037
6281,2020-02-28,11037
6282,2020-02-29,11037
6283,2020-03-01,11037
6284,2020-03-02,11037
6285,2020-03-03,11037
6286,2020-03-04,11037
6287,2020-03-05,11037
6288,2020-03-06,11037
6289,2020-03-07,11037
6290,2020-03-08,11037
6291,2020-03-09,11037
6292,2020-03-10,11037
6293,2020-03-11,11037
6294,2020-03-12,11037
6295,2020-03-13,11037
6296,2020-03-14,11037
6297,2020-03-15,11037
6298,2020-03-16,11037
6299,2020-03-17,11037
6300,2020-03-18,11037
6301,2020-03-19,11037
6302,2020-03-20,11037
6303,2020-03-21,11037
6304,2020-03-22,11037
6305,2020-03-23,11037
6306,2020-03-24,11037
6307,2020-03-25,11037
6308,2020-03-26,11037
6309,2020-03-27,11037
6310,2020-03-28,11037
6311,2020-03-29,11037
6312,2020-03-30,11037
6313,2020-03-31,11037
6314,2020-04-01,11037
6315,2020-04-02,11037
6316,2020-04-03,11037
6317,2020-04-04,11037
6318,2020-04-05,11037
6319,2020-04-06,11037
6320,2020-04-07,11037
6321,2020-04-08,11037
6322,2020-04-09,11037
6323,2020-04-10,11037
6324,2020-04-11,11037
6325,2020-04-12,11037
6326,2020-04-13,11037
6327,2020-04-14,11037
6328,2020-04-15,11037
6329,2020-04-16,11037
6330,2020-04-17,11037
6331,2020-04-18,11037
6332,2020-04-19,11037
6333,2020-04-20,11037
6334,2020-04-21,11037
6335,2020-04-22,11037
6336,2020-04-23,11037
6337,2020-04-24,11037
6338,2020-04-25,11037
6339,2020-04-26,11037
6340,2020-04-27,11037
6341,2020-04-28,11037
6342,2020-04-29,11037
6343,2020-04-30,11037
6344,2020-05-01,11037
6345,2020-05-02,11037
6346,2020-05-03,11037
6347,2020-05-04,11037
6348,2020-05-05,11037
6349,2020-05-06,11037
6350,2020-05-07,11037
6351,2020-05-08,11037
6352,2020-05-09,11037
6353,2020-05-10,11037
6354,2020-05-11,11037
6355,2020-05-12,11037
6356,2020-05-13,11037
6357,2020-05-14,11037
6358,2020-05-15,11037
6359,2020-05-16,11037
6360,2020-05-17,11037
6361,2020-05-18,11037
6362,2020-05-19,11037
6363,2020-05-20,11037
6364,2020-05-21,11037
6365,2020-05-22,11037
6366,2020-05-23,11037
6367,2020-05-24,11037
6368,2020-05-25,11037
6369,2020-05-26,11037
6370,2020-05-27,11037
6371,2020-05-28,11037
6372,2020-05-29,11037
6373,2020-05-30,11037
6374,2020-05-31,11037
6375,2020-06-01,11037
6376,2020-06-02,11037
6377,2020-06-03,11037
6378,2020-06-04,11037
6379,2020-06-05,11037
6380,2020-06-06,11037
6381,2020-06-07,11037
6382,2020-06-08,11037
6383,2020-06-09,11037
6384,2020-06-10,11037
6385,2020-06-11,11037
6386,2020-06-12,11037
6387,2020-06-13,11037
6388,2020-06-14,11037
6389,2020-06-15,11037
6390,2020-06-16,11037
6391,2020-06-17,11037
6392,2020-06-18,11037
6393,2020-06-19,11037
6394,2020-06-20,11037
6395,2020-06-21,11037
6396,2020-06-22,11037
6397,2020-06-23,11037
6398,2020-06-24,11037
6399,2020-06-25,11037
6400,2020-06-26,11037
6401,2020-06-27,11037
6402,2020-06-28,11037
6403,2020-06-29,11037
6404,2020-06-30,11037
6405,2020-07-01,11037
6406,2020-07-02,11037
6407,2020-07-03,11037
6408,2020-07-04,11037
6409,2020-07-05,11037
6410,2020-07-06,11037
6411,2020-07-07,11037
6412,2020-07-08,11037
6413,2020-07-09,11037
6414,2020-07-10,11037
6415,2020-07-11,11037
6416,2020-07-12,11037
6417,2020-07-13,11037
6418,2020-07-14,11037
6419,2020-07-15,11037
6420,2020-07-16,11037
6421,2020-07-17,11037
6422,2020-07-18,11037
6423,2020-07-19,11037
6424,2020-07-20,11037
6425,2020-07-21,11037
6426,2020-07-22,11037
6427,2020-07-23,11037
6428,2020-07-24,11037
6429,2020-07-25,11037
6430,2020-07-26,11037
6431,2020-07-27,11037
6432,2020-07-28,11037
6433,2020-07-29,11037
6434,2020-07-30,11037
6435,2020-07-31,11037
6436,2020-08-01,11037
6437,2020-08-02,11037
6438,2020-08-03,11037
6439,2020-08-04,11037
6440,2020-08-05,11037
6441,2020-08-06,11037
6442,2020-08-07,11037
6443,2020-08-08,11037
6444,2020-08-09,11037
6445,2020-08-10,11037
6446,2020-08-11,11037
6447,2020-08-12,11037
6448,2020-08-13,11037
6449,2020-08-14,11037
6450,2020-08-15,11037
6451,2020-08-16,11037
6452,2020-08-17,11037
6453,2020-08-18,11037
6454,2020-08-19,11037
6455,2020-08-20,11037
6456,2020-08-21,11037
6457,2020-08-22,11037
6458,2020-08-23,11037
6459,2020-08-24,11037
6460,2020-08-25,11037
6461,2020-08-26,11037
6462,2020-08-27,11037
6463,2020-08-28,11037
6464,2020-08-29,11037
6465,2020-08-30,11037
6466,2020-08-31,11037
6467,2020-09-01,11037
6468,2020-09-02,11037
6469,2020-09-03,11037
6470,2020-09-04,11037
6471,2020-09-05,11037
6472,2020-09-06,11037
6473,2020-09-07,11037
6474,2020-09-08,11037
6475,2020-09-09,11037
6476,2020-09-10,11037
6477,2020-09-11,11037
6478,2020-09-12,11037
6479,2020-09-13,11037
6480,2020-09-14,11037
6481,2020-09-15,11037
6482,2020-09-16,11037
6483,2020-09-17,11037
6484,2020-09-18,11037
6485,2020-09-19,11037
6486,2020-09-20,11037
6487,2020-09-21,11037
6488,2020-09-22,11037
6489,2020-09-23,11037
6490,2020-09-24,11037
6491,2020-09-25,11037
6492,2020-09-26,11037
6493,2020-09-27,11037
6494,2020-09-28,11037
6495,2020-09-29,11037
6496,2020-09-30,11037
6497,2020-10-01,11037
6498,2020-10-02,11037
6499,2020-10-03,11037
6500,2020-10-04,11037
6501,2020-10-05,11037
6502,2020-10-06,11037
6503,2020-10-07,11037
6504,2020-10-08,11037
6505,2020-10-09,11037
6506,2020-10-10,11037
6507,2020-10-11,11037
6508,2020-10-12,11037
6509,2020-10-13,11037
6510,2020-10-14,11037
6511,2020-10-15,11037
6512,2020-10-16,11037
6513,2020-10-17,11037
6514,2020-10-18,11037
6515,2020-10-19,11037
6516,2020-10-20,11037
6517,2020-10-21,11037
6518,2020-10-22,11037
6519,2020-10-23,11037
6520,2020-10-24,11037
6521,2020-10-25,11037
6522,2020-10-26,11037
6523,2020-10-27,11037
6524,2020-10-28,11037
6525,2020-10-29,11037
6526,2020-10-30,11037
6527,2020-10-31,11037
6528,2020-11-01,11037
6529,2020-11-02,11037
6530,2020-11-03,11037
6531,2020-11-04,11037
6532,2020-11-05,11037
6533,2020-11-06,11037
6534,2020-11-07,11037
6535,2020-11-08,11037
6536,2020-11-09,11037
6537,2020-11-10,11037
6538,2020-11-11,11037
6539,2020-11-12,11037
6540,2020-11-13,11037
6541,2020-11-14,11037
6542,2020-11-15,11037
6543,2020-11-16,11037
6544,2020-11-17,11037
6545,2020-11-18,11037
6546,2020-11-19,11037
6547,2020-11-20,11037
6548,2020-11-21,11037
6549,2020-11-22,11037
6550,2020-11-23,11037
6551,2020-11-24,11037
6552,2020-11-25,11037
6553,2020-11-26,11037
6554,2020-11-27,11037
6555,2020-11-28,11037
6556,2020-11-29,11037
6557,2020-11-30,11037
6558,2020-12-01,11037
6559,2020-12-02,11037
6560,2020-12-03,11037
6561,2020-12-04,11037
6562,2020-12-05,11037
6563,2020-12-06,11037
6564,2020-12-07,11037
6565,2020-12-08,11037
6566,2020-12-09,11037
6567,2020-12-10,11037
6568,2020-12-11,11037
6569,2020-12-12,11037
6570,2020-12-13,11037
6571,2020-12-14,11037
6572,2020-12-15,11037
6573,2020-12-16,11037
6574,2020-12-17,11037
6575,2020-12-18,11037
6576,2020-12-19,11037
6577,2020-12-20,11037
6578,2020-12-21,11037
6579,2020-12-22,11037
6580,2020-12-23,11037
6581,2020-12-24,11037
6582,2020-12-25,11037
6583,2020-12-26,11037
6584,2020-12-27,11037
6585,2020-12-28,11037
6586,2020-12-29,11037
6587,2020-12-30,11037
6588,2020-12-31,11037
6589,2021-01-01,11037
6590,2021-01-02,11037
6591,2021-01-03,11037
6592,2021-01-04,11037
6593,2021-01-05,11037
6594,2021-01-06,11037
6595,2021-01-07,11037
6596,2021-01-08,11037
6597,2021-01-09,11037
6598,2021-01-10,11037
6599,2021-01-11,11037
6600,2021-01-12,11037
6601,2021-01-13,11037
6602,2021-01-14,11037
6603,2021-01-15,11037
6604,2021-01-16,11037
6605,2021-01-17,11037
6606,2021-01-18,11037
6607,2021-01-19,11037
6608,2021-01-20,11037
6609,2021-01-21,11037
6610,2021-01-22,11037
6611,2021-01-23,11037
6612,2021-01-24,11037
6613,2021-01-25,11037
6614,2021-01-26,11037
6615,2021-01-27,11037
6616,2021-01-28,11037
6617,2021-01-29,11037
6618,2021-01-30,11037
6619,2021-01-31,11037
6620,2021-02-01,11037
6621,2021-02-02,11037
6622,2021-02-03,11037
6623,2021-02-04,11037
6624,2021-02-05,11037
6625,2021-02-06,11037
6626,2021-02-07,11037
6627,2021-02-08,11037
6628,2021-02-09,11037
6629,2021-02-10,11037
6630,2021-02-11,11037
6631,2021-02-12,11037
6632,2021-02-13,11037
6633,2021-02-14,11037
6634,2021-02-15,11037
6635,2021-02-16,11037
6636,2021-02-17,11037
6637,2021-02-18,11037
6638,2021-02-19,11037
6639,2021-02-20,11037
6640,2021-02-21,11037
6641,2021-02-22,11037
6642,2021-02-23,11037
6643,2021-02-24,11037
6644,2021-02-25,11037
6645,2021-02-26,11037
6646,2021-02-27,11037
6647,2021-02-28,11037
6648,2021-03-01,11037
6649,2021-03-02,11037
6650,2021-03-03,11037
6651,2021-03-04,11037
6652,2021-03-05,11037
6653,2021-03-06,11037
6654,2021-03-07,11037
6655,2021-03-08,11037
6656,2021-03-09,11037
6657,2021-03-10,11037
6658,2021-03-11,11037
6659,2021-03-12,11037
6660,2021-03-13,11037
6661,2021-03-14,11037
6662,2021-03-15,11037
6663,2021-03-16,11037
6664,2021-03-17,11037
6665,2021-03-18,11037
6666,2021-03-19,11037
6667,2021-03-20,11037
6668,2021-03-21,11037
6669,2021-03-22,11037
6670,2021-03-23,11037
6671,2021-03-24,11037
6672,2021-03-25,11037
6673,2021-03-26,11037
6674,2021-03-27,11037
6675,2021-03-28,11037
6676,2021-03-29,11037
6677,2021-03-30,11037
6678,2021-03-31,11037
6679,2021-04-01,11037
6680,2021-04-02,11037
6681,2021-04-03,11037
6682,2021-04-04,11037
6683,2021-04-05,11037
6684,2021-04-06,11037
6685,2021-04-07,11037
6686,2021-04-08,11037
6687,2021-04-09,11037
6688,2021-04-10,11037
6689,2021-04-11,11037
6690,2021-04-12,11037
6691,2021-04-13,11037
6692,2021-04-14,11037
6693,2021-04-15,11037
6694,2021-04-16,11037
6695,2021-04-17,11037
6696,2021-04-18,11037
6697,2021-04-19,11037
6698,2021-04-20,11037
6699,2021-04-21,11037
6700,2021-04-22,11037
6701,2021-04-23,11037
6702,2021-04-24,11037
6703,2021-04-25,11037
6704,2021-04-26,11037
6705,2021-04-27,11037
6706,2021-04-28,11037
6707,2021-04-29,11037
6708,2021-04-30,11037
6709,2021-05-01,11037
6710,2021-05-02,11037
6711,2021-05-03,11037
6712,2021-05-04,11037
6713,2021-05-05,11037
6714,2021-05-06,11037
6715,2021-05-07,11037
6716,2021-05-08,11037
6717,2021-05-09,11037
6718,2021-05-10,11037
6719,2021-05-11,11037
6720,2021-05-12,11037
6721,2021-05-13,11037
6722,2021-05-14,11037
6723,2021-05-15,11037
6724,2021-05-16,11037
6725,2021-05-17,11037
6726,2021-05-18,11037
6727,2021-05-19,11037
6728,2021-05-20,11037
6729,2021-05-21,11037
6730,2021-05-22,11037
6731,2021-05-23,11037
6732,2021-05-24,11037
6733,2021-05-25,11037
6734,2021-05-26,11037
6735,2021-05-27,11037
6736,2021-05-28,11037
6737,2021-05-29,11037
6738,2021-05-30,11037
6739,2021-05-31,11037
6740,2021-06-01,11037
6741,2021-06-02,11037
6742,2021-06-03,11037
6743,2021-06-04,11037
6744,2021-06-05,11037
6745,2021-06-06,11037
6746,2021-06-07,11037
6747,2021-06-08,11037
6748,2021-06-09,11037
6749,2021-06-10,11037
6750,2021-06-11,11037
6751,2021-06-12,11037
6752,2021-06-13,11037
6753,2021-06-14,11037
6754,2021-06-15,11037
6755,2021-06-16,11037
6756,2021-06-17,11037
6757,2021-06-18,11037
6758,2021-06-19,11037
6759,2021-06-20,11037
6760,2021-06-21,11037
6761,2021-06-22,11037
6762,2021-06-23,11037
6763,2021-06-24,11037
6764,2021-06-25,11037
6765,2021-06-26,11037
6766,2021-06-27,11037
6767,2021-06-28,11037
6768,2021-06-29,11037
6769,2021-06-30,11037
6770,2021-07-01,11037
6771,2021-07-02,11037
6772,2021-07-03,11037
6773,2021-07-04,11037
6774,2021-07-05,11037
6775,2021-07-06,11037
6776,2021-07-07,11037
6777,2021-07-08,11037
6778,2021-07-09,11037
6779,2021-07-10,11037
6780,2021-07-11,11037
6781,2021-07-12,11037
6782,2021-07-13,11037
6783,2021-07-14,11037
6784,2021-07-15,11037
6785,2021-07-16,11037
6786,2021-07-17,11037
6787,2021-07-18,11037
6788,2021-07-19,11037
6789,2021-07-20,11037
6790,2021-07-21,11037
6791,2021-07-22,11037
6792,2021-07-23,11037
6793,2021-07-24,11037
6794,2021-07-25,11037
6795,2021-07-26,11037
6796,2021-07-27,11037
6797,2021-07-28,11037
6798,2021-07-29,11037
6799,2021-07-30,11037
6800,2021-07-31,11037
6801,2021-08-01,11037
6802,2021-08-02,11037
6803,2021-08-03,11037
6804,2021-08-04,11037
6805,2021-08-05,11037
6806,2021-08-06,11037
6807,2021-08-07,11037
6808,2021-08-08,11037
6809,2021-08-09,11037
6810,2021-08-10,11037
6811,2021-08-11,11037
6812,2021-08-12,11037
6813,2021-08-13,11037
6814,2021-08-14,11037
6815,2021-08-15,11037
6816,2021-08-16,11037
6817,2021-08-17,11037
6818,2021-08-18,11037
6819,2021-08-19,11037
6820,2021-08-20,11037
6821,2021-08-21,11037
6822,2021-08-22,11037
6823,2021-08-23,11037
6824,2021-08-24,11037
6825,2021-08-25,11037
6826,2021-08-26,11037
6827,2021-08-27,11037
6828,2021-08-28,11037
6829,2021-08-29,11037
6830,2021-08-30,11037
6831,2021-08-31,11037
6832,2021-09-01,11037
6833,2021-09-02,11037
6834,2021-09-03,11037
6835,2021-09-04,11037
6836,2021-09-05,11037
6837,2021-09-06,11037
6838,2021-09-07,11037
6839,2021-09-08,11037
6840,2021-09-09,11037
6841,2021-09-10,11037
6842,2021-09-11,11037
6843,2021-09-12,11037
6844,2021-09-13,11037
6845,2021-09-14,11037
6846,2021-09-15,11037
6847,2021-09-16,11037
6848,2021-09-17,11037
6849,2021-09-18,11037
6850,2021-09-19,11037
6851,2021-09-20,11037
6852,2021-09-21,11037
6853,2021-09-22,11037
6854,2021-09-23,11037
6855,2021-09-24,11037
6856,2021-09-25,11037
6857,2021-09-26,11037
6858,2021-09-27,11037
6859,2021-09-28,11037
6860,2021-09-29,11037
6861,2021-09-30,11037
6862,2021-10-01,11037
6863,2021-10-02,11037
6864,2021-10-03,11037
6865,2021-10-04,11037
6866,2021-10-05,11037
6867,2021-10-06,11037
6868,2021-10-07,11037
6869,2021-10-08,11037
6870,2021-10-09,11037
6871,2021-10-10,11037
6872,2021-10-11,11037
6873,2021-10-12,11037
6874,2021-10-13,11037
6875,2021-10-14,11037
6876,2021-10-15,11037
6877,2021-10-16,11037
6878,2021-10-17,11037
6879,2021-10-18,11037
6880,2021-10-19,11037
6881,2021-10-20,11037
6882,2021-10-21,11037
6883,2021-10-22,11037
6884,2021-10-23,11037
6885,2021-10-24,11037
6886,2021-10-25,11037
6887,2021-10-26,11037
6888,2021-10-27,11037
6889,2021-10-28,11037
6890,2021-10-29,11037
6891,2021-10-30,11037
6892,2021-10-31,11037
6893,2021-11-01,11037
6894,2021-11-02,11037
6895,2021-11-03,11037
6896,2021-11-04,11037
6897,2021-11-05,11037
6898,2021-11-06,11037
6899,2021-11-07,11037
6900,2021-11-08,11037
6901,2021-11-09,11037
6902,2021-11-10,11037
6903,2021-11-11,11037
6904,2021-11-12,11037
6905,2021-11-13,11037
6906,2021-11-14,11037
6907,2021-11-15,11037
6908,2021-11-16,11037
6909,2021-11-17,11037
6910,2021-11-18,11037
6911,2021-11-19,11037
6912,2021-11-20,11037
6913,2021-11-21,11037
6914,2021-11-22,11037
6915,2021-11-23,11037
6916,2021-11-24,11037
6917,2021-11-25,11037
6918,2021-11-26,11037
6919,2021-11-27,11037
6920,2021-11-28,11037
6921,2021-11-29,11037
6922,2021-11-30,11037
6923,2021-12-01,11037
6924,2021-12-02,11037
6925,2021-12-03,11037
6926,2021-12-04,11037
6927,2021-12-05,11037
6928,2021-12-06,11037
6929,2021-12-07,11037
6930,2021-12-08,11037
6931,2021-12-09,11037
6932,2021-12-10,11037
6933,2021-12-11,11037
6934,2021-12-12,11037
6935,2021-12-13,11037
6936,2021-12-14,11037
6937,2021-12-15,11037
6938,2021-12-16,11037
6939,2021-12-17,11037
6940,2021-12-18,11037
6941,2021-12-19,11037
6942,2021-12-20,11037
6943,2021-12-21,11037
6944,2021-12-22,11037
6945,2021-12-23,11037
6946,2021-12-24,11037
6947,2021-12-25,11037
6948,2021-12-26,11037
6949,2021-12-27,11037
6950,2021-12-28,11037
6951,2021-12-29,11037
6952,2021-12-30,11037
6953,2021-12-31,11037
6954,2022-01-01,11037
6955,2022-01-02,11037
6956,2022-01-03,11037
6957,2022-01-04,11037
6958,2022-01-05,11037
6959,2022-01-06,11037
6960,2022-01-07,11037
6961,2022-01-08,11037
6962,2022-01-09,11037
6963,2022-01-10,11037
6964,2022-01-11,11037
6965,2022-01-12,11037
6966,2022-01-13,11037
6967,2022-01-14,11037
6968,2022-01-15,11037
6969,2022-01-16,11037
6970,2022-01-17,11037
6971,2022-01-18,11037
6972,2022-01-19,11037
6973,2022-01-20,11037
6974,2022-01-21,11037
6975,2022-01-22,11037
6976,2022-01-23,11037
6977,2022-01-24,11037
6978,2022-01-25,11037
6979,2022-01-26,11037
6980,2022-01-27,11037
6981,2022-01-28,11037
6982,2022-01-29,11037
6983,2022-01-30,11037
6984,2022-01-31,11037
6985,2022-02-01,11037
6986,2022-02-02,11037
6987,2022-02-03,11037
6988,2022-02-04,11037
6989,2022-02-05,11037
6990,2022-02-06,11037
6991,2022-02-07,11037
6992,2022-02-08,11037
6993,2022-02-09,11037
6994,2022-02-10,11037
6995,2022-02-11,11037
6996,2022-02-12,11037
6997,2022-02-13,11037
6998,2022-02-14,11037
6999,2022-02-15,11037
7000,2022-02-16,11037
7001,2022-02-17,11037
7002,2022-02-18,11037
7003,2022-02-19,11037
7004,2022-02-20,11037
7005,2022-02-21,11037
7006,2022-02-22,11037
7007,2022-02-23,11037
7008,2022-02-24,11037
7009,2022-02-25,11037
7010,2022-02-26,11037
7011,2022-02-27,11037
7012,2022-02-28,11037
7013,2022-03-01,11037
7014,2022-03-02,11037
7015,2022-03-03,11037
7016,2022-03-04,11037
7017,2022-03-05,11037
7018,2022-03-06,11037
7019,2022-03-07,11037
7020,2022-03-08,11037
7021,2022-03-09,11037
7022,2022-03-10,11037
7023,2022-03-11,11037
7024,2022-03-12,11037
7025,2022-03-13,11037
7026,2022-03-14,11037
7027,2022-03-15,11037
7028,2022-03-16,11037
7029,2022-03-17,11037
7030,2022-03-18,11037
7031,2022-03-19,11037
7032,2022-03-20,11037
7033,2022-03-21,11037
7034,2022-03-22,11037
7035,2022-03-23,11037
7036,2022-03-24,11037
7037,2022-03-25,11037
7038,2022-03-26,11037
7039,2022-03-27,11037
7040,2022-03-28,11037
7041,2022-03-29,11037
7042,2022-03-30,11037
7043,2022-03-31,11037
7044,2022-04-01,11037
7045,2022-04-02,11037
7046,2022-04-03,11037
7047,2022-04-04,11037
7048,2022-04-05,11037
7049,2022-04-06,11037
7050,2022-04-07,11037
7051,2022-04-08,11037
7052,2022-04-09,11037
7053,2022-04-10,11037
7054,2022-04-11,11037
7055,2022-04-12,11037
7056,2022-04-13,11037
7057,2022-04-14,11037
7058,2022-04-15,11037
7059,2022-04-16,11037
7060,2022-04-17,11037
7061,2022-04-18,11037
7062,2022-04-19,11037
7063,2022-04-20,11037
7064,2022-04-21,11037
7065,2022-04-22,11037
7066,2022-04-23,11037
7067,2022-04-24,11037
7068,2022-04-25,11037
7069,2022-04-26,11037
7070,2022-04-27,11037
7071,2022-04-28,11037
7072,2022-04-29,11037
7073,2022-04-30,11037
7074,2022-05-01,11037
7075,2022-05-02,11037
7076,2022-05-03,11037
7077,2022-05-04,11037
7078,2022-05-05,11037
7079,2022-05-06,11037
7080,2022-05-07,11037
7081,2022-05-08,11037
7082,2022-05-09,11037
7083,2022-05-10,11037
7084,2022-05-11,11037
7085,2022-05-12,11037
7086,2022-05-13,11037
7087,2022-05-14,11037
7088,2022-05-15,11037
7089,2022-05-16,11037
7090,2022-05-17,11037
7091,2022-05-18,11037
7092,2022-05-19,11037
7093,2022-05-20,11037
7094,2022-05-21,11037
7095,2022-05-22,11037
7096,2022-05-23,11037
7097,2022-05-24,11037
7098,2022-05-25,11037
7099,2022-05-26,11037
7100,2022-05-27,11037
7101,2022-05-28,11037
7102,2022-05-29,11037
7103,2022-05-30,11037
7104,2022-05-31,11037
7105,2022-06-01,11037
7106,2022-06-02,11037
7107,2022-06-03,11037
7108,2022-06-04,11037
7109,2022-06-05,11037
7110,2022-06-06,11037
7111,2022-06-07,11037
7112,2022-06-08,11037
7113,2022-06-09,11037
7114,2022-06-10,11037
7115,2022-06-11,11037
7116,2022-06-12,11037
7117,2022-06-13,11037
7118,2022-06-14,11037
7119,2022-06-15,11037
7120,2022-06-16,11037
7121,2022-06-17,11037
7122,2022-06-18,11037
7123,2022-06-19,11037
7124,2022-06-20,11037
7125,2022-06-21,11037
7126,2022-06-22,11037
7127,2022-06-23,11037
7128,2022-06-24,11037
7129,2022-06-25,11037
7130,2022-06-26,11037
7131,2022-06-27,11037
7132,2022-06-28,11037
7133,2022-06-29,11037
7134,2022-06-30,11037
7135,2022-07-01,11037
7136,2022-07-02,11037
7137,2022-07-03,11037
7138,2022-07-04,11037
7139,2022-07-05,11037
7140,2022-07-06,11037
7141,2022-07-07,11037
7142,2022-07-08,11037
7143,2022-07-09,11037
7144,2022-07-10,11037
7145,2022-07-11,11037
7146,2022-07-12,11037
7147,2022-07-13,11037
7148,2022-07-14,11037
7149,2022-07-15,11037
7150,2022-07-16,11037
7151,2022-07-17,11037
7152,2022-07-18,11037
7153,2022-07-19,11037
7154,2022-07-20,11037
7155,2022-07-21,11037
7156,2022-07-22,11037
7157,2022-07-23,11037
7158,2022-07-24,11037
7159,2022-07-25,11037
7160,2022-07-26,11037
7161,2022-07-27,11037
7162,2022-07-28,11037
7163,2022-07-29,11037
7164,2022-07-30,11037
7165,2022-07-31,11037
7166,2022-08-01,11037
7167,2022-08-02,11037
7168,2022-08-03,11037
7169,2022-08-04,11037
7170,2022-08-05,11037
7171,2022-08-06,11037
7172,2022-08-07,11037
7173,2022-08-08,11037
7174,2022-08-09,11037
7175,2022-08-10,11037
7176,2022-08-11,11037
7177,2022-08-12,11037
7178,2022-08-13,11037
7179,2022-08-14,11037
7180,2022-08-15,11037
7181,2022-08-16,11037
7182,2022-08-17,11037
7183,2022-08-18,11037
7184,2022-08-19,11037
7185,2022-08-20,11037
7186,2022-08-21,11037
7187,2022-08-22,11037
7188,2022-08-23,11037
7189,2022-08-24,11037
7190,2022-08-25,11037
7191,2022-08-26,11037
7192,2022-08-27,11037
7193,2022-08-28,11037
7194,2022-08-29,11037
7195,2022-08-30,11037
7196,2022-08-31,11037
7197,2022-09-01,11037
7198,2022-09-02,11037
7199,2022-09-03,11037
7200,2022-09-04,11037
7201,2022-09-05,11037
7202,2022-09-06,11037
7203,2022-09-07,11037
7204,2022-09-08,11037
7205,2022-09-09,11037
7206,2022-09-10,11037
7207,2022-09-11,11037
7208,2022-09-12,11037
7209,2022-09-13,11037
7210,2022-09-14,11037
7211,2022-09-15,11037
7212,2022-09-16,11037
7213,2022-09-17,11037
7214,2022-09-18,11037
7215,2022-09-19,11037
7216,2022-09-20,11037
7217,2022-09-21,11037
7218,2022-09-22,11037
7219,2022-09-23,11037
7220,2022-09-24,11037
7221,2022-09-25,11037
7222,2022-09-26,11037
7223,2022-09-27,11037
7224,2022-09-28,11037
7225,2022-09-29,11037
7226,2022-09-30,11037
7227,2022-10-01,11037
7228,2022-10-02,11037
7229,2022-10-03,11037
7230,2022-10-04,11037
7231,2022-10-05,11037
7232,2022-10-06,11037
7233,2022-10-07,11037
7234,2022-10-08,11037
7235,2022-10-09,11037
7236,2022-10-10,11037
7237,2022-10-11,11037
7238,2022-10-12,11037
7239,2022-10-13,11037
7240,2022-10-14,11037
7241,2022-10-15,11037
7242,2022-10-16,11037
7243,2022-10-17,11037
7244,2022-10-18,11037
7245,2022-10-19,11037
7246,2022-10-20,11037
7247,2022-10-21,11037
7248,2022-10-22,11037
7249,2022-10-23,11037
7250,2022-10-24,11037
7251,2022-10-25,11037
7252,2022-10-26,11037
7253,2022-10-27,11037
7254,2022-10-28,11037
7255,2022-10-29,11037
7256,2022-10-30,11037
7257,2022-10-31,11037
7258,2022-11-01,11037
7259,2022-11-02,11037
7260,2022-11-03,11037
7261,2022-11-04,11037
7262,2022-11-05,11037
7263,2022-11-06,11037
7264,2022-11-07,11037
7265,2022-11-08,11037
7266,2022-11-09,11037
7267,2022-11-10,11037
7268,2022-11-11,11037
7269,2022-11-12,11037
7270,2022-11-13,11037
7271,2022-11-14,11037
7272,2022-11-15,11037
7273,2022-11-16,11037
7274,2022-11-17,11037
7275,2022-11-18,11037
7276,2022-11-19,11037
7277,2022-11-20,11037
7278,2022-11-21,11037
7279,2022-11-22,11037
7280,2022-11-23,11037
7281,2022-11-24,11037
7282,2022-11-25,11037
7283,2022-11-26,11037
7284,2022-11-27,11037
7285,2022-11-28,11037
7286,2022-11-29,11037
7287,2022-11-30,11037
7288,2022-12-01,11037
7289,2022-12-02,11037
7290,2022-12-03,11037
7291,2022-12-04,11037
7292,2022-12-05,11037
7293,2022-12-06,11037
7294,2022-12-07,11037
7295,2022-12-08,11037
7296,2022-12-09,11037
7297,2022-12-10,11037
7298,2022-12-11,11037
7299,2022-12-12,11037
7300,2022-12-13,11037
7301,2022-12-14,11037
7302,2022-12-15,11037
7303,2022-12-16,11037
7304,2022-12-17,11037
7305,2022-12-18,11037
7306,2022-12-19,11037
7307,2022-12-20,11037
7308,2022-12-21,11037
7309,2022-12-22,11037
7310,2022-12-23,11037
7311,2022-12-24,11037
7312,2022-12-25,11037
7313,2022-12-26,11037
7314,2022-12-27,11037
7315,2022-12-28,11037
7316,2022-12-29,11037
7317,2022-12-30,11037
7318,2022-12-31,11037
7319,2023-01-01,11037
7320,2023-01-02,11037
7321,2023-01-03,11037
7322,2023-01-04,11037
7323,2023-01-05,11037
7324,2023-01-06,11037
7325,2023-01-07,11037
7326,2023-01-08,11037
7327,2023-01-09,11037
7328,2023-01-10,11037
7329,2023-01-11,11037
7330,2023-01-12,11037
7331,2023-01-13,11037
7332,2023-01-14,11037
7333,2023-01-15,11037
7334,2023-01-16,11037
7335,2023-01-17,11037
7336,2023-01-18,11037
7337,2023-01-19,11037
7338,2023-01-20,11037
7339,2023-01-21,11037
7340,2023-01-22,11037
7341,2023-01-23,11037
7342,2023-01-24,11037
7343,2023-01-25,11037
7344,2023-01-26,11037
7345,2023-01-27,11037
7346,2023-01-28,11037
7347,2023-01-29,11037
7348,2023-01-30,11037
7349,2023-01-31,11037
7350,2023-02-01,11037
7351,2023-02-02,11037
7352,2023-02-03,11037
7353,2023-02-04,11037
7354,2023-02-05,11037
7355,2023-02-06,11037
7356,2023-02-07,11037
7357,2023-02-08,11037
7358,2023-02-09,11037
7359,2023-02-10,11037
7360,2023-02-11,11037
7361,2023-02-12,11037
7362,2023-02-13,11037
7363,2023-02-14,11037
7364,2023-02-15,11037
7365,2023-02-16,11037
7366,2023-02-17,11037
7367,2023-02-18,11037
7368,2023-02-19,11037
7369,2023-02-20,11037
7370,2023-02-21,11037
7371,2023-02-22,11037
7372,2023-02-23,11037
7373,2023-02-24,11037
7374,2023-02-25,11037
7375,2023-02-26,11037
7376,2023-02-27,11037
7377,2023-02-28,11037
7378,2023-03-01,11037
7379,2023-03-02,11037
7380,2023-03-03,11037
7381,2023-03-04,11037
7382,2023-03-05,11037
7383,2023-03-06,11037
7384,2023-03-07,11037
7385,2023-03-08,11037
7386,2023-03-09,11037
7387,2023-03-10,11037
7388,2023-03-11,11037
7389,2023-03-12,11037
7390,2023-03-13,11037
7391,2023-03-14,11037
7392,2023-03-15,11037
7393,2023-03-16,11037
7394,2023-03-17,11037
7395,2023-03-18,11037
7396,2023-03-19,11037
7397,2023-03-20,11037
7398,2023-03-21,11037
7399,2023-03-22,11037
7400,2023-03-23,11037
7401,2023-03-24,11037
7402,2023-03-25,11037
7403,2023-03-26,11037
7404,2023-03-27,11037
7405,2023-03-28,11037
7406,2023-03-29,11037
7407,2023-03-30,11037
7408,2023-03-31,11037
7409,2023-04-01,11037
7410,2023-04-02,11037
7411,2023-04-03,11037
7412,2023-04-04,11037
7413,2023-04-05,11037
7414,2023-04-06,11037
7415,2023-04-07,11037
7416,2023-04-08,11037
7417,2023-04-09,11037
7418,2023-04-10,11037
7419,2023-04-11,11037
7420,2023-04-12,11037
7421,2023-04-13,11037
7422,2023-04-14,11037
7423,2023-04-15,11037
7424,2023-04-16,11037
7425,2023-04-17,11037
7426,2023-04-18,11037
7427,2023-04-19,11037
7428,2023-04-20,11037
7429,2023-04-21,11037
7430,2023-04-22,11037
7431,2023-04-23,11037
7432,2023-04-24,11037
7433,2023-04-25,11037
7434,2023-04-26,11037
7435,2023-04-27,11037
7436,2023-04-28,11037
7437,2023-04-29,11037
7438,2023-04-30,11037
7439,2023-05-01,11037
7440,2023-05-02,11037
7441,2023-05-03,11037
7442,2023-05-04,11037
7443,2023-05-05,11037
7444,2023-05-06,11037
7445,2023-05-07,11037
7446,2023-05-08,11037
7447,2023-05-09,11037
7448,2023-05-10,11037
7449,2023-05-11,11037
7450,2023-05-12,11037
7451,2023-05-13,11037
7452,2023-05-14,11037
7453,2023-05-15,11037
7454,2023-05-16,11037
7455,2023-05-17,11037
7456,2023-05-18,11037
7457,2023-05-19,11037
7458,2023-05-20,11037
7459,2023-05-21,11037
7460,2023-05-22,11037
7461,2023-05-23,11037
7462,2023-05-24,11037
7463,2023-05-25,11037
7464,2023-05-26,11037
7465,2023-05-27,11037
7466,2023-05-28,11037
7467,2023-05-29,11037
7468,2023-05-30,11037
7469,2023-05-31,11037
7470,2023-06-01,11037
7471,2023-06-02,11037
7472,2023-06-03,11037
7473,2023-06-04,11037
7474,2023-06-05,11037
7475,2023-06-06,11037
7476,2023-06-07,11037
7477,2023-06-08,11037
7478,2023-06-09,11037
7479,2023-06-10,11037
7480,2023-06-11,11037
7481,2023-06-12,11037
7482,2023-06-13,11037
7483,2023-06-14,11037
7484,2023-06-15,11037
7485,2023-06-16,11037
7486,2023-06-17,11037
7487,2023-06-18,11037
7488,2023-06-19,11037
7489,2023-06-20,11037
7490,2023-06-21,11037
7491,2023-06-22,11037
7492,2023-06-23,11037
7493,2023-06-24,11037
7494,2023-06-25,11037
7495,2023-06-26,11037
7496,2023-06-27,11037
7497,2023-06-28,11037
7498,2023-06-29,11037
7499,2023-06-30,11037
7500,2023-07-01,11037
7501,2023-07-02,11037
7502,2023-07-03,11037
7503,2023-07-04,11037
7504,2023-07-05,11037
7505,2023-07-06,11037
7506,2023-07-07,11037
7507,2023-07-08,11037
7508,2023-07-09,11037
7509,2023-07-10,11037
7510,2023-07-11,11037
7511,2023-07-12,11037
7512,2023-07-13,11037
7513,2023-07-14,11037
7514,2023-07-15,11037
7515,2023-07-16,11037
7516,2023-07-17,11037
7517,2023-07-18,11037
7518,2023-07-19,11037
7519,2023-07-20,11037
7520,2023-07-21,11037
7521,2023-07-22,11037
7522,2023-07-23,11037
7523,2023-07-24,11037
7524,2023-07-25,11037
7525,2023-07-26,11037
7526,2023-07-27,11037
7527,2023-07-28,11037
7528,2023-07-29,11037
7529,2023-07-30,11037
7530,2023-07-31,11037
7531,2023-08-01,11037
7532,2023-08-02,11037
7533,2023-08-03,11037
7534,2023-08-04,11037
7535,2023-08-05,11037
7536,2023-08-06,11037
7537,2023-08-07,11037
7538,2023-08-08,11037
7539,2023-08-09,11037
7540,2023-08-10,11037
7541,2023-08-11,11037
7542,2023-08-12,11037
7543,2023-08-13,11037
7544,2023-08-14,11037
7545,2023-08-15,11037
7546,2023-08-16,11037
7547,2023-08-17,11037
7548,2023-08-18,11037
7549,2023-08-19,11037
7550,2023-08-20,11037
7551,2023-08-21,11037
7552,2023-08-22,11037
7553,2023-08-23,11037
7554,2023-08-24,11037
7555,2023-08-25,11037
7556,2023-08-26,11037
7557,2023-08-27,11037
7558,2023-08-28,11037
7559,2023-08-29,11037
7560,2023-08-30,11037
7561,2023-08-31,11037
7562,2023-09-01,11037
7563,2023-09-02,11037
7564,2023-09-03,11037
7565,2023-09-04,11037
7566,2023-09-05,11037
7567,2023-09-06,11037
7568,2023-09-07,11037
7569,2023-09-08,11037
7570,2023-09-09,11037
7571,2023-09-10,11037
7572,2023-09-11,11037
7573,2023-09-12,11037
7574,2023-09-13,11037
7575,2023-09-14,11037
7576,2023-09-15,11037
7577,2023-09-16,11037
7578,2023-09-17,11037
7579,2023-09-18,11037
7580,2023-09-19,11037
7581,2023-09-20,11037
7582,2023-09-21,11037
7583,2023-09-22,11037
7584,2023-09-23,11037
7585,2023-09-24,11037
7586,2023-09-25,11037
7587,2023-09-26,11037
7588,2023-09-27,11037
7589,2023-09-28,11037
7590,2023-09-29,11037
7591,2023-09-30,11037
7592,2023-10-01,11037
7593,2023-10-02,11037
7594,2023-10-03,11037
7595,2023-10-04,11037
7596,2023-10-05,11037
7597,2023-10-06,11037
7598,2023-10-07,11037
7599,2023-10-08,11037
7600,2023-10-09,11037
7601,2023-10-10,11037
7602,2023-10-11,11037
7603,2023-10-12,11037
7604,2023-10-13,11037
7605,2023-10-14,11037
7606,2023-10-15,11037
7607,2023-10-16,11037
7608,2023-10-17,11037
7609,2023-10-18,11037
7610,2023-10-19,11037
7611,2023-10-20,11037
7612,2023-10-21,11037
7613,2023-10-22,11037
7614,2023-10-23,11037
7615,2023-10-24,11037
7616,2023-10-25,11037
7617,2023-10-26,11037
7618,2023-10-27,11037
7619,2023-10-28,11037
7620,2023-10-29,11037
7621,2023-10-30,11037
7622,2023-10-31,11037
7623,2023-11-01,11037
7624,2023-11-02,11037
7625,2023-11-03,11037
7626,2023-11-04,11037
7627,2023-11-05,11037
7628,2023-11-06,11037
7629,2023-11-07,11037
7630,2023-11-08,11037
7631,2023-11-09,11037
7632,2023-11-10,11037
7633,2023-11-11,11037
7634,2023-11-12,11037
7635,2023-11-13,11037
7636,2023-11-14,11037
7637,2023-11-15,11037
7638,2023-11-16,11037
7639,2023-11-17,11037
7640,2023-11-18,11037
7641,2023-11-19,11037
7642,2023-11-20,11037
7643,2023-11-21,11037
7644,2023-11-22,11037
7645,2023-11-23,11037
7646,2023-11-24,11037
7647,2023-11-25,11037
7648,2023-11-26,11037
7649,2023-11-27,11037
7650,2023-11-28,11037
7651,2023-11-29,11037
7652,2023-11-30,11037
7653,2023-12-01,11037
7654,2023-12-02,11037
7655,2023-12-03,11037
7656,2023-12-04,11037
7657,2023-12-05,11037
7658,2023-12-06,11037
7659,2023-12-07,11037
7660,2023-12-08,11037
7661,2023-12-09,11037
7662,2023-12-10,11037
7663,2023-12-11,11037
7664,2023-12-12,11037
7665,2023-12-13,11037
7666,2023-12-14,11037
7667,2023-12-15,11037
7668,2023-12-16,11037
7669,2023-12-17,11037
7670,2023-12-18,11037
7671,2023-12-19,11037
7672,2023-12-20,11037
7673,2023-12-21,11037
7674,2023-12-22,11037
7675,2023-12-23,11037
7676,2023-12-24,11037
7677,2023-12-25,11037
7678,2023-12-26,11037
7679,2023-12-27,11037
7680,2023-12-28,11037
7681,2023-12-29,11037
7682,2023-12-30,11037
7683,2023-12-31,11037
7684,2024-01-01,11037
7685,2024-01-02,11037
7686,2024-01-03,11037
7687,2024-01-04,11037
7688,2024-01-05,11037
7689,2024-01-06,11037
7690,2024-01-07,11037
7691,2024-01-08,11037
7692,2024-01-09,11037
7693,2024-01-10,11037
7694,2024-01-11,11037
7695,2024-01-12,11037
7696,2024-01-13,11037
7697,2024-01-14,11037
7698,2024-01-15,11037
7699,2024-01-16,11037
7700,2024-01-17,11037
7701,2024-01-18,11037
7702,2024-01-19,11037
7703,2024-01-20,11037
7704,2024-01-21,11037
7705,2024-01-22,11037
7706,2024-01-23,11037
7707,2024-01-24,11037
7708,2024-01-25,11037
7709,2024-01-26,11037
7710,2024-01-27,11037
7711,2024-01-28,11037
7712,2024-01-29,11037
7713,2024-01-30,11037
7714,2024-01-31,11037
7715,2024-02-01,11037
7716,2024-02-02,11037
7717,2024-02-03,11037
7718,2024-02-04,11037
7719,2024-02-05,11037
7720,2024-02-06,11037
7721,2024-02-07,11037
7722,2024-02-08,11037
7723,2024-02-09,11037
7724,2024-02-10,11037
7725,2024-02-11,11037
7726,2024-02-12,11037
7727,2024-02-13,11037
7728,2024-02-14,11037
7729,2024-02-15,11037
7730,2024-02-16,11037
7731,2024-02-17,11037
7732,2024-02-18,11037
7733,2024-02-19,11037
7734,2024-02-20,11037
7735,2024-02-21,11037
7736,2024-02-22,11037
7737,2024-02-23,11037
7738,2024-02-24,11037
7739,2024-02-25,11037
7740,2024-02-26,11037
7741,2024-02-27,11037
7742,2024-02-28,11037
7743,2024-02-29,11037
7744,2024-03-01,11037
7745,2024-03-02,11037
7746,2024-03-03,11037
7747,2024-03-04,11037
7748,2024-03-05,11037
7749,2024-03-06,11037
7750,2024-03-07,11037
7751,2024-03-08,11037
7752,2024-03-09,11037
7753,2024-03-10,11037
7754,2024-03-11,11037
7755,2024-03-12,11037
7756,2024-03-13,11037
7757,2024-03-14,11037
7758,2024-03-15,11037
7759,2024-03-16,11037
7760,2024-03-17,11037
7761,2024-03-18,11037
7762,2024-03-19,11037
7763,2024-03-20,11037
7764,2024-03-21,11037
7765,2024-03-22,11037
7766,2024-03-23,11037
7767,2024-03-24,11037
7768,2024-03-25,11037
7769,2024-03-26,11037
7770,2024-03-27,11037
7771,2024-03-28,11037
7772,2024-03-29,11037
7773,2024-03-30,11037
7774,2024-03-31,11037
7775,2024-04-01,11037
7776,2024-04-02,11037
7777,2024-04-03,11037
7778,2024-04-04,11037
7779,2024-04-05,11037
7780,2024-04-06,11037
7781,2024-04-07,11037
7782,2024-04-08,11037
7783,2024-04-09,11037
7784,2024-04-10,11037
7785,2024-04-11,11037
7786,2024-04-12,11037
7787,2024-04-13,11037
7788,2024-04-14,11037
7789,2024-04-15,11037
7790,2024-04-16,11037
7791,2024-04-17,11037
7792,2024-04-18,11037
7793,2024-04-19,11037
7794,2024-04-20,11037
7795,2024-04-21,11037
7796,2024-04-22,11037
7797,2024-04-23,11037
7798,2024-04-24,11037
7799,2024-04-25,11037
7800,2024-04-26,11037
7801,2024-04-27,11037
7802,2024-04-28,11037
7803,2024-04-29,11037
7804,2024-04-30,11037
7805,2024-05-01,11037
7806,2024-05-02,11037
7807,2024-05-03,11037
7808,2024-05-04,11037
7809,2024-05-05,11037
7810,2024-05-06,11037
7811,2024-05-07,11037
7812,2024-05-08,11037
7813,2024-05-09,11037
7814,2024-05-10,11037
7815,2024-05-11,11037
7816,2024-05-12,11037
7817,2024-05-13,11037
7818,2024-05-14,11037
7819,2024-05-15,11037
7820,2024-05-16,11037
7821,2024-05-17,11037
7822,2024-05-18,11037
7823,2024-05-19,11037
7824,2024-05-20,11037
7825,2024-05-21,11037
7826,2024-05-22,11037
7827,2024-05-23,11037
7828,2024-05-24,11037
7829,2024-05-25,11037
7830,2024-05-26,11037
7831,2024-05-27,11037
7832,2024-05-28,11037
7833,2024-05-29,11037
7834,2024-05-30,11037
7835,2024-05-31,11037
7836,2024-06-01,11037
7837,2024-06-02,11037
7838,2024-06-03,11037
7839,2024-06-04,11037
7840,2024-06-05,11037
7841,2024-06-06,11037
7842,2024-06-07,11037
7843,2024-06-08,11037
7844,2024-06-09,11037
7845,2024-06-10,11037
7846,2024-06-11,11037
7847,2024-06-12,11037
7848,2024-06-13,11037
7849,2024-06-14,11037
7850,2024-06-15,11037
7851,2024-06-16,11037
7852,2024-06-17,11037
7853,2024-06-18,11037
7854,2024-06-19,11037
7855,2024-06-20,11037
7856,2024-06-21,11037
7857,2024-06-22,11037
7858,2024-06-23,11037
7859,2024-06-24,11037
7860,2024-06-25,11037
7861,2024-06-26,11037
7862,2024-06-27,11037
7863,2024-06-28,11037
7864,2024-06-29,11037
7865,2024-06-30,11037
7866,2024-07-01,11037
7867,2024-07-02,11037
7868,2024-07-03,11037
7869,2024-07-04,11037
7870,2024-07-05,11037
7871,2024-07-06,11037
7872,2024-07-07,11037
7873,2024-07-08,11037
7874,2024-07-09,11037
7875,2024-07-10,11037
7876,2024-07-11,11037
7877,2024-07-12,11037
7878,2024-07-13,11037
7879,2024-07-14,11037
7880,2024-07-15,11037
7881,2024-07-16,11037
7882,2024-07-17,11037
7883,2024-07-18,11037
7884,2024-07-19,11037
7885,2024-07-20,11037
7886,2024-07-21,11037
7887,2024-07-22,11037
7888,2024-07-23,11037
7889,2024-07-24,11037
7890,2024-07-25,11037
7891,2024-07-26,11037
7892,2024-07-27,11037
7893,2024-07-28,11037
7894,2024-07-29,11037
7895,2024-07-30,11037
7896,2024-07-31,11037
7897,2024-08-01,11037
7898,2024-08-02,11037
7899,2024-08-03,11037
7900,2024-08-04,11037
7901,2024-08-05,11037
7902,2024-08-06,11037
7903,2024-08-07,11037
7904,2024-08-08,11037
7905,2024-08-09,11037
7906,2024-08-10,11037
7907,2024-08-11,11037
7908,2024-08-12,11037
7909,2024-08-13,11037
7910,2024-08-14,11037
7911,2024-08-15,11037
7912,2024-08-16,11037
7913,2024-08-17,11037
7914,2024-08-18,11037
7915,2024-08-19,11037
7916,2024-08-20,11037
7917,2024-08-21,11037
7918,2024-08-22,11037
7919,2024-08-23,11037
7920,2024-08-24,11037
7921,2024-08-25,11037
7922,2024-08-26,11037
7923,2024-08-27,11037
7924,2024-08-28,11037
7925,2024-08-29,11037
7926,2024-08-30,11037
7927,2024-08-31,11037
7928,2024-09-01,11037
7929,2024-09-02,11037
7930,2024-09-03,11037
7931,2024-09-04,11037
7932,2024-09-05,11037
7933,2024-09-06,11037
7934,2024-09-07,11037
7935,2024-09-08,11037
7936,2024-09-09,11037
7937,2024-09-10,11037
7938,2024-09-11,11037
7939,2024-09-12,11037
7940,2024-09-13,11037
7941,2024-09-14,11037
7942,2024-09-15,11037
7943,2024-09-16,11037
7944,2024-09-17,11037
7945,2024-09-18,11037
7946,2024-09-19,11037
7947,2024-09-20,11037
7948,2024-09-21,11037
7949,2024-09-22,11037
7950,2024-09-23,11037
7951,2024-09-24,11037
7952,2024-09-25,11037
7953,2024-09-26,11037
7954,2024-09-27,11037
7955,2024-09-28,11037
7956,2024-09-29,11037
7957,2024-09-30,11037
7958,2024-10-01,11037
7959,2024-10-02,11037
7960,2024-10-03,11037
7961,2024-10-04,11037
7962,2024-10-05,11037
7963,2024-10-06,11037
7964,2024-10-07,11037
7965,2024-10-08,11037
7966,2024-10-09,11037
7967,2024-10-10,11037
7968,2024-10-11,11037
7969,2024-10-12,11037
7970,2024-10-13,11037
7971,2024-10-14,11037
7972,2024-10-15,11037
7973,2024-10-16,11037
7974,2024-10-17,11037
7975,2024-10-18,11037
7976,2024-10-19,11037
7977,2024-10-20,11037
7978,2024-10-21,11037
7979,2024-10-22,11037
7980,2024-10-23,11037
7981,2024-10-24,11037
7982,2024-10-25,11037
7983,2024-10-26,11037
7984,2024-10-27,11037
7985,2024-10-28,11037
7986,2024-10-29,11037
7987,2024-10-30,11037
7988,2024-10-31,11037
7989,2024-11-01,11037
7990,2024-11-02,11037
7991,2024-11-03,11037
7992,2024-11-04,11037
7993,2024-11-05,11037
7994,2024-11-06,11037
7995,2024-11-07,11037
7996,2024-11-08,11037
7997,2024-11-09,11037
7998,2024-11-10,11037
7999,2024-11-11,11037
8000,2024-11-12,11037
8001,2024-11-13,11037
8002,2024-11-14,11037
8003,2024-11-15,11037
8004,2024-11-16,11037
8005,2024-11-17,11037
8006,2024-11-18,11037
8007,2024-11-19,11037
8008,2024-11-20,11037
8009,2024-11-21,11037
8010,2024-11-22,11037
8011,2024-11-23,11037
8012,2024-11-24,11037
8013,2024-11-25,11037
8014,2024-11-26,11037
8015,2024-11-27,11037
8016,2024-11-28,11037
8017,2024-11-29,11037
8018,2024-11-30,11037
8019,2024-12-01,11037
8020,2024-12-02,11037
8021,2024-12-03,11037
8022,2024-12-04,11037
8023,2024-12-05,11037
8024,2024-12-06,11037
8025,2024-12-07,11037
8026,2024-12-08,11037
8027,2024-12-09,11037
8028,2024-12-10,11037
8029,2024-12-11,11037
8030,2024-12-12,11037
8031,2024-12-13,11037
8032,2024-12-14,11037
8033,2024-12-15,11037
8034,2024-12-16,11037
8035,2024-12-17,11037
8036,2024-12-18,11037
8037,2024-12-19,11037
8038,2024-12-20,11037
8039,2024-12-21,11037
8040,2024-12-22,11037
8041,2024-12-23,11037
8042,2024-12-24,11037
8043,2024-12-25,11037
8044,2024-12-26,11037
8045,2024-12-27,11037
8046,2024-12-28,11037
8047,2024-12-29,11037
8048,2024-12-30,11037
8049,2024-12-31,11037
8050,2025-01-01,11037
8051,2025-01-02,11037
8052,2025-01-03,11037
8053,2025-01-04,11037
8054,2025-01-05,11037
8055,2025-01-06,11037
8056,2025-01-07,11037
8057,2025-01-08,11037
8058,2025-01-09,11037
8059,2025-01-10,11037
8060,2025-01-11,11037
8061,2025-01-12,11037
8062,2025-01-13,11037
8063,2025-01-14,11037
8064,2025-01-15,11037
8065,2025-01-16,11037
8066,2025-01-17,11037
8067,2025-01-18,11037
8068,2025-01-19,11037
8069,2025-01-20,11037
8070,2025-01-21,11037
8071,2025-01-22,11037
8072,2025-01-23,11037
8073,2025-01-24,11037
8074,2025-01-25,11037
8075,2025-01-26,11037
8076,2025-01-27,11037
8077,2025-01-28,11037
8078,2025-01-29,11037
8079,2025-01-30,11037
8080,2025-01-31,11037
8081,2025-02-01,11037
8082,2025-02-02,11037
8083,2025-02-03,11037
8084,2025-02-04,11037
8085,2025-02-05,11037
8086,2025-02-06,11037
8087,2025-02-07,11037
8088,2025-02-08,11037
8089,2025-02-09,11037
8090,2025-02-10,11037
8091,2025-02-11,11037
8092,2025-02-12,11037
8093,2025-02-13,11037
8094,2025-02-14,11037
8095,2025-02-15,11037
8096,2025-02-16,11037
8097,2025-02-17,11037
8098,2025-02-18,11037
8099,2025-02-19,11037
8100,2025-02-20,11037
8101,2025-02-21,11037
8102,2025-02-22,11037
8103,2025-02-23,11037
8104,2025-02-24,11037
8105,2025-02-25,11037
8106,2025-02-26,11037
8107,2025-02-27,11037
8108,2025-02-28,11037
8109,2025-03-01,11037
8110,2025-03-02,11037
8111,2025-03-03,11037
8112,2025-03-04,11037
8113,2025-03-05,11037
8114,2025-03-06,11037
8115,2025-03-07,11037
8116,2025-03-08,11037
8117,2025-03-09,11037
8118,2025-03-10,11037
8119,2025-03-11,11037
8120,2025-03-12,11037
8121,2025-03-13,11037
8122,2025-03-14,11037
8123,2025-03-15,11037
8124,2025-03-16,11037
8125,2025-03-17,11037
8126,2025-03-18,11037
8127,2025-03-19,11037
8128,2025-03-20,11037
8129,2025-03-21,11037
8130,2025-03-22,11037
8131,2025-03-23,11037
8132,2025-03-24,11037
8133,2025-03-25,11037
8134,2025-03-26,11037
8135,2025-03-27,11037
8136,2025-03-28,11037
8137,2025-03-29,11037
8138,2025-03-30,11037
8139,2025-03-31,11037
8140,2025-04-01,11037
8141,2025-04-02,11037
8142,2025-04-03,11037
8143,2025-04-04,11037
8144,2025-04-05,11037
8145,2025-04-06,11037
8146,2025-04-07,11037
8147,2025-04-08,11037
8148,2025-04-09,11037
8149,2025-04-10,11037
8150,2025-04-11,11037
8151,2025-04-12,11037
8152,2025-04-13,11037
8153,2025-04-14,11037
8154,2025-04-15,11037
8155,2025-04-16,11037
8156,2025-04-17,11037
8157,2025-04-18,11037
8158,2025-04-19,11037
8159,2025-04-20,11037
8160,2025-04-21,11037
8161,2025-04-22,11037
8162,2025-04-23,11037
8163,2025-04-24,11037
8164,2025-04-25,11037
8165,2025-04-26,11037
8166,2025-04-27,11037
8167,2025-04-28,11037
8168,2025-04-29,11037
8169,2025-04-30,11037
8170,2025-05-01,11037
8171,2025-05-02,11037
8172,2025-05-03,11037
8173,2025-05-04,11037
8174,2025-05-05,11037
8175,2025-05-06,11037
8176,2025-05-07,11037
8177,2025-05-08,11037
8178,2025-05-09,11037
8179,2025-05-10,11037
8180,2025-05-11,11037
8181,2025-05-12,11037
8182,2025-05-13,11037
8183,2025-05-14,11037
8184,2025-05-15,11037
8185,2025-05-16,11037
8186,2025-05-17,11037
8187,2025-05-18,11037
8188,2025-05-19,11037
8189,2025-05-20,11037
8190,2025-05-21,11037
8191,2025-05-22,11037
8192,2025-05-23,11037
8193,2025-05-24,11037
8194,2025-05-25,11037
8195,2025-05-26,11037
8196,2025-05-27,11037
8197,2025-05-28,11037
8198,2025-05-29,11037
8199,2025-05-30,11037
8200,2025-05-31,11037
8201,2025-06-01,11037
8202,2025-06-02,11037
8203,2025-06-03,11037
8204,2025-06-04,11037
8205,2025-06-05,11037
8206,2025-06-06,11037
8207,2025-06-07,11037
8208,2025-06-08,11037
8209,2025-06-09,11037
8210,2025-06-10,11037
8211,2025-06-11,11037
8212,2025-06-12,11037
8213,2025-06-13,11037
8214,2025-06-14,11037
8215,2025-06-15,11037
8216,2025-06-16,11037
8217,2025-06-17,11037
8218,2025-06-18,11037
8219,2025-06-19,11037
8220,2025-06-20,11037
8221,2025-06-21,11037
8222,2025-06-22,11037
8223,2025-06-23,11037
8224,2025-06-24,11037
8225,2025-06-25,11037
8226,2025-06-26,11037
8227,2025-06-27,11037
8228,2025-06-28,11037
8229,2025-06-29,11037
8230,2025-06-30,11037
8231,2025-07-01,11037
8232,2025-07-02,11037
8233,2025-07-03,11037
8234,2025-07-04,11037
8235,2025-07-05,11037
8236,2025-07-06,11037
8237,2025-07-07,11037
8238,2025-07-08,11037
8239,2025-07-09,11037
8240,2025-07-10,11037
8241,2025-07-11,11037
8242,2025-07-12,11037
8243,2025-07-13,11037
8244,2025-07-14,11037
8245,2025-07-15,11037
8246,2025-07-16,11037
8247,2025-07-17,11037
8248,2025-07-18,11037
8249,2025-07-19,11037
8250,2025-07-20,11037
8251,2025-07-21,11037
8252,2025-07-22,11037
8253,2025-07-23,11037
8254,2025-07-24,11037
8255,2025-07-25,11037
8256,2025-07-26,11037
8257,2025-07-27,11037
8258,2025-07-28,11037
8259,2025-07-29,11037
8260,2025-07-30,11037
8261,2025-07-31,11037
8262,2025-08-01,11037
8263,2025-08-02,11037
8264,2025-08-03,11037
8265,2025-08-04,11037
8266,2025-08-05,11037
8267,2025-08-06,11037
8268,2025-08-07,11037
8269,2025-08-08,11037
8270,2025-08-09,11037
8271,2025-08-10,11037
8272,2025-08-11,11037
8273,2025-08-12,11037
8274,2025-08-13,11037
8275,2025-08-14,11037
8276,2025-08-15,11037
8277,2025-08-16,11037
8278,2025-08-17,11037
8279,2025-08-18,11037
8280,2025-08-19,11037
8281,2025-08-20,11037
8282,2025-08-21,11037
8283,2025-08-22,11037
8284,2025-08-23,11037
8285,2025-08-24,11037
8286,2025-08-25,11037
8287,2025-08-26,11037
8288,2025-08-27,11037
8289,2025-08-28,11037
8290,2025-08-29,11037
8291,2025-08-30,11037
8292,2025-08-31,11037
8293,2025-09-01,11037
8294,2025-09-02,11037
8295,2025-09-03,11037
8296,2025-09-04,11037
8297,2025-09-05,11037
8298,2025-09-06,11037
8299,2025-09-07,11037
8300,2025-09-08,11037
8301,2025-09-09,11037
8302,2025-09-10,11037
8303,2025-09-11,11037
8304,2025-09-12,11037
8305,2025-09-13,11037
8306,2025-09-14,11037
8307,2025-09-15,11037
8308,2025-09-16,11037
8309,2025-09-17,11037
8310,2025-09-18,11037
8311,2025-09-19,11037
8312,2025-09-20,11037
8313,2025-09-21,11037
8314,2025-09-22,11037
8315,2025-09-23,11037
8316,2025-09-24,11037
8317,2025-09-25,11037
8318,2025-09-26,11037
8319,2025-09-27,11037
8320,2025-09-28,11037
8321,2025-09-29,11037
8322,2025-09-30,11037
8323,2025-10-01,11037
8324,2025-10-02,11037
8325,2025-10-03,11037
8326,2025-10-04,11037
8327,2025-10-05,11037
8328,2025-10-06,11037
8329,2025-10-07,11037
8330,2025-10-08,11037
8331,2025-10-09,11037
8332,2025-10-10,11037
8333,2025-10-11,11037
8334,2025-10-12,11037
8335,2025-10-13,11037
8336,2025-10-14,11037
8337,2025-10-15,11037
8338,2025-10-16,11037
8339,2025-10-17,11037
8340,2025-10-18,11037
8341,2025-10-19,11037
8342,2025-10-20,11037
8343,2025-10-21,11037
8344,2025-10-22,11037
8345,2025-10-23,11037
8346,2025-10-24,11037
8347,2025-10-25,11037
8348,2025-10-26,11037
8349,2025-10-27,11037
8350,2025-10-28,11037
8351,2025-10-29,11037
8352,2025-10-30,11037
8353,2025-10-31,11037
8354,2025-11-01,11037
8355,2025-11-02,11037
8356,2025-11-03,11037
8357,2025-11-04,11037
8358,2025-11-05,11037
8359,2025-11-06,11037
8360,2025-11-07,11037
8361,2025-11-08,11037
8362,2025-11-09,11037
8363,2025-11-10,11037
8364,2025-11-11,11037
8365,2025-11-12,11037
8366,2025-11-13,11037
8367,2025-11-14,11037
8368,2025-11-15,11037
8369,2025-11-16,11037
8370,2025-11-17,11037
8371,2025-11-18,11037
8372,2025-11-19,11037
8373,2025-11-20,11037
8374,2025-11-21,11037
8375,2025-11-22,11037
8376,2025-11-23,11037
8377,2025-11-24,11037
8378,2025-11-25,11037
8379,2025-11-26,11037
8380,2025-11-27,11037
8381,2025-11-28,11037
8382,2025-11-29,11037
8383,2025-11-30,11037
8384,2025-12-01,11037
8385,2025-12-02,11037
8386,2025-12-03,11037
8387,2025-12-04,11037
8388,2025-12-05,11037
8389,2025-12-06,11037
8390,2025-12-07,11037
8391,2025-12-08,11037
8392,2025-12-09,11037
8393,2025-12-10,11037
8394,2025-12-11,11037
8395,2025-12-12,11037
8396,2025-12-13,11037
8397,2025-12-14,11037
8398,2025-12-15,11037
8399,2025-12-16,11037
8400,2025-12-17,11037
8401,2025-12-18,11037
8402,2025-12-19,11037
8403,2025-12-20,11037
8404,2025-12-21,11037
8405,2025-12-22,11037
8406,2025-12-23,11037
8407,2025-12-24,11037
8408,2025-12-25,11037
8409,2025-12-26,11037
8410,2025-12-27,11037
8411,2025-12-28,11037
8412,2025-12-29,11037
8413,2025-12-30,11037
8414,2025-12-31,11037
