,Date,RESPPNSNWW
0,2002-12-18,2200
1,2002-12-19,2200
2,2002-12-20,2200
3,2002-12-21,2200
4,2002-12-22,2200
5,2002-12-23,2200
6,2002-12-24,2200
7,2002-12-25,2200
8,2002-12-26,2200
9,2002-12-27,2200
10,2002-12-28,2200
11,2002-12-29,2200
12,2002-12-30,2200
13,2002-12-31,2200
14,2003-01-01,2200
15,2003-01-02,2200
16,2003-01-03,2200
17,2003-01-04,2200
18,2003-01-05,2200
19,2003-01-06,2200
20,2003-01-07,2200
21,2003-01-08,2200
22,2003-01-09,2200
23,2003-01-10,2200
24,2003-01-11,2200
25,2003-01-12,2200
26,2003-01-13,2200
27,2003-01-14,2200
28,2003-01-15,2200
29,2003-01-16,2200
30,2003-01-17,2200
31,2003-01-18,2200
32,2003-01-19,2200
33,2003-01-20,2200
34,2003-01-21,2200
35,2003-01-22,2200
36,2003-01-23,2200
37,2003-01-24,2200
38,2003-01-25,2200
39,2003-01-26,2200
40,2003-01-27,2200
41,2003-01-28,2200
42,2003-01-29,2200
43,2003-01-30,2200
44,2003-01-31,2200
45,2003-02-01,2200
46,2003-02-02,2200
47,2003-02-03,2200
48,2003-02-04,2200
49,2003-02-05,2200
50,2003-02-06,2200
51,2003-02-07,2200
52,2003-02-08,2200
53,2003-02-09,2200
54,2003-02-10,2200
55,2003-02-11,2200
56,2003-02-12,2200
57,2003-02-13,2200
58,2003-02-14,2200
59,2003-02-15,2200
60,2003-02-16,2200
61,2003-02-17,2200
62,2003-02-18,2200
63,2003-02-19,2200
64,2003-02-20,2200
65,2003-02-21,2200
66,2003-02-22,2200
67,2003-02-23,2200
68,2003-02-24,2200
69,2003-02-25,2200
70,2003-02-26,2200
71,2003-02-27,2200
72,2003-02-28,2200
73,2003-03-01,2200
74,2003-03-02,2200
75,2003-03-03,2200
76,2003-03-04,2200
77,2003-03-05,2200
78,2003-03-06,2200
79,2003-03-07,2200
80,2003-03-08,2200
81,2003-03-09,2200
82,2003-03-10,2200
83,2003-03-11,2200
84,2003-03-12,2200
85,2003-03-13,2200
86,2003-03-14,2200
87,2003-03-15,2200
88,2003-03-16,2200
89,2003-03-17,2200
90,2003-03-18,2200
91,2003-03-19,2200
92,2003-03-20,2200
93,2003-03-21,2200
94,2003-03-22,2200
95,2003-03-23,2200
96,2003-03-24,2200
97,2003-03-25,2200
98,2003-03-26,2200
99,2003-03-27,2200
100,2003-03-28,2200
101,2003-03-29,2200
102,2003-03-30,2200
103,2003-03-31,2200
104,2003-04-01,2200
105,2003-04-02,2200
106,2003-04-03,2200
107,2003-04-04,2200
108,2003-04-05,2200
109,2003-04-06,2200
110,2003-04-07,2200
111,2003-04-08,2200
112,2003-04-09,2200
113,2003-04-10,2200
114,2003-04-11,2200
115,2003-04-12,2200
116,2003-04-13,2200
117,2003-04-14,2200
118,2003-04-15,2200
119,2003-04-16,2200
120,2003-04-17,2200
121,2003-04-18,2200
122,2003-04-19,2200
123,2003-04-20,2200
124,2003-04-21,2200
125,2003-04-22,2200
126,2003-04-23,2200
127,2003-04-24,2200
128,2003-04-25,2200
129,2003-04-26,2200
130,2003-04-27,2200
131,2003-04-28,2200
132,2003-04-29,2200
133,2003-04-30,2200
134,2003-05-01,2200
135,2003-05-02,2200
136,2003-05-03,2200
137,2003-05-04,2200
138,2003-05-05,2200
139,2003-05-06,2200
140,2003-05-07,2200
141,2003-05-08,2200
142,2003-05-09,2200
143,2003-05-10,2200
144,2003-05-11,2200
145,2003-05-12,2200
146,2003-05-13,2200
147,2003-05-14,2200
148,2003-05-15,2200
149,2003-05-16,2200
150,2003-05-17,2200
151,2003-05-18,2200
152,2003-05-19,2200
153,2003-05-20,2200
154,2003-05-21,2200
155,2003-05-22,2200
156,2003-05-23,2200
157,2003-05-24,2200
158,2003-05-25,2200
159,2003-05-26,2200
160,2003-05-27,2200
161,2003-05-28,2200
162,2003-05-29,2200
163,2003-05-30,2200
164,2003-05-31,2200
165,2003-06-01,2200
166,2003-06-02,2200
167,2003-06-03,2200
168,2003-06-04,2200
169,2003-06-05,2200
170,2003-06-06,2200
171,2003-06-07,2200
172,2003-06-08,2200
173,2003-06-09,2200
174,2003-06-10,2200
175,2003-06-11,2200
176,2003-06-12,2200
177,2003-06-13,2200
178,2003-06-14,2200
179,2003-06-15,2200
180,2003-06-16,2200
181,2003-06-17,2200
182,2003-06-18,2200
183,2003-06-19,2200
184,2003-06-20,2200
185,2003-06-21,2200
186,2003-06-22,2200
187,2003-06-23,2200
188,2003-06-24,2200
189,2003-06-25,2200
190,2003-06-26,2200
191,2003-06-27,2200
192,2003-06-28,2200
193,2003-06-29,2200
194,2003-06-30,2200
195,2003-07-01,2200
196,2003-07-02,2200
197,2003-07-03,2200
198,2003-07-04,2200
199,2003-07-05,2200
200,2003-07-06,2200
201,2003-07-07,2200
202,2003-07-08,2200
203,2003-07-09,2200
204,2003-07-10,2200
205,2003-07-11,2200
206,2003-07-12,2200
207,2003-07-13,2200
208,2003-07-14,2200
209,2003-07-15,2200
210,2003-07-16,2200
211,2003-07-17,2200
212,2003-07-18,2200
213,2003-07-19,2200
214,2003-07-20,2200
215,2003-07-21,2200
216,2003-07-22,2200
217,2003-07-23,2200
218,2003-07-24,2200
219,2003-07-25,2200
220,2003-07-26,2200
221,2003-07-27,2200
222,2003-07-28,2200
223,2003-07-29,2200
224,2003-07-30,2200
225,2003-07-31,2200
226,2003-08-01,2200
227,2003-08-02,2200
228,2003-08-03,2200
229,2003-08-04,2200
230,2003-08-05,2200
231,2003-08-06,2200
232,2003-08-07,2200
233,2003-08-08,2200
234,2003-08-09,2200
235,2003-08-10,2200
236,2003-08-11,2200
237,2003-08-12,2200
238,2003-08-13,2200
239,2003-08-14,2200
240,2003-08-15,2200
241,2003-08-16,2200
242,2003-08-17,2200
243,2003-08-18,2200
244,2003-08-19,2200
245,2003-08-20,2200
246,2003-08-21,2200
247,2003-08-22,2200
248,2003-08-23,2200
249,2003-08-24,2200
250,2003-08-25,2200
251,2003-08-26,2200
252,2003-08-27,2200
253,2003-08-28,2200
254,2003-08-29,2200
255,2003-08-30,2200
256,2003-08-31,2200
257,2003-09-01,2200
258,2003-09-02,2200
259,2003-09-03,2200
260,2003-09-04,2200
261,2003-09-05,2200
262,2003-09-06,2200
263,2003-09-07,2200
264,2003-09-08,2200
265,2003-09-09,2200
266,2003-09-10,2200
267,2003-09-11,2200
268,2003-09-12,2200
269,2003-09-13,2200
270,2003-09-14,2200
271,2003-09-15,2200
272,2003-09-16,2200
273,2003-09-17,2200
274,2003-09-18,2200
275,2003-09-19,2200
276,2003-09-20,2200
277,2003-09-21,2200
278,2003-09-22,2200
279,2003-09-23,2200
280,2003-09-24,2200
281,2003-09-25,2200
282,2003-09-26,2200
283,2003-09-27,2200
284,2003-09-28,2200
285,2003-09-29,2200
286,2003-09-30,2200
287,2003-10-01,2200
288,2003-10-02,2200
289,2003-10-03,2200
290,2003-10-04,2200
291,2003-10-05,2200
292,2003-10-06,2200
293,2003-10-07,2200
294,2003-10-08,2200
295,2003-10-09,2200
296,2003-10-10,2200
297,2003-10-11,2200
298,2003-10-12,2200
299,2003-10-13,2200
300,2003-10-14,2200
301,2003-10-15,2200
302,2003-10-16,2200
303,2003-10-17,2200
304,2003-10-18,2200
305,2003-10-19,2200
306,2003-10-20,2200
307,2003-10-21,2200
308,2003-10-22,2200
309,2003-10-23,2200
310,2003-10-24,2200
311,2003-10-25,2200
312,2003-10-26,2200
313,2003-10-27,2200
314,2003-10-28,2200
315,2003-10-29,2200
316,2003-10-30,2200
317,2003-10-31,2200
318,2003-11-01,2200
319,2003-11-02,2200
320,2003-11-03,2200
321,2003-11-04,2200
322,2003-11-05,2200
323,2003-11-06,2200
324,2003-11-07,2200
325,2003-11-08,2200
326,2003-11-09,2200
327,2003-11-10,2200
328,2003-11-11,2200
329,2003-11-12,2200
330,2003-11-13,2200
331,2003-11-14,2200
332,2003-11-15,2200
333,2003-11-16,2200
334,2003-11-17,2200
335,2003-11-18,2200
336,2003-11-19,2200
337,2003-11-20,2200
338,2003-11-21,2200
339,2003-11-22,2200
340,2003-11-23,2200
341,2003-11-24,2200
342,2003-11-25,2200
343,2003-11-26,2200
344,2003-11-27,2200
345,2003-11-28,2200
346,2003-11-29,2200
347,2003-11-30,2200
348,2003-12-01,2200
349,2003-12-02,2200
350,2003-12-03,2200
351,2003-12-04,2200
352,2003-12-05,2200
353,2003-12-06,2200
354,2003-12-07,2200
355,2003-12-08,2200
356,2003-12-09,2200
357,2003-12-10,2200
358,2003-12-11,2200
359,2003-12-12,2200
360,2003-12-13,2200
361,2003-12-14,2200
362,2003-12-15,2200
363,2003-12-16,2200
364,2003-12-17,2200
365,2003-12-18,2200
366,2003-12-19,2200
367,2003-12-20,2200
368,2003-12-21,2200
369,2003-12-22,2200
370,2003-12-23,2200
371,2003-12-24,2200
372,2003-12-25,2200
373,2003-12-26,2200
374,2003-12-27,2200
375,2003-12-28,2200
376,2003-12-29,2200
377,2003-12-30,2200
378,2003-12-31,2200
379,2004-01-01,2200
380,2004-01-02,2200
381,2004-01-03,2200
382,2004-01-04,2200
383,2004-01-05,2200
384,2004-01-06,2200
385,2004-01-07,2200
386,2004-01-08,2200
387,2004-01-09,2200
388,2004-01-10,2200
389,2004-01-11,2200
390,2004-01-12,2200
391,2004-01-13,2200
392,2004-01-14,2200
393,2004-01-15,2200
394,2004-01-16,2200
395,2004-01-17,2200
396,2004-01-18,2200
397,2004-01-19,2200
398,2004-01-20,2200
399,2004-01-21,2200
400,2004-01-22,2200
401,2004-01-23,2200
402,2004-01-24,2200
403,2004-01-25,2200
404,2004-01-26,2200
405,2004-01-27,2200
406,2004-01-28,2200
407,2004-01-29,2200
408,2004-01-30,2200
409,2004-01-31,2200
410,2004-02-01,2200
411,2004-02-02,2200
412,2004-02-03,2200
413,2004-02-04,2200
414,2004-02-05,2200
415,2004-02-06,2200
416,2004-02-07,2200
417,2004-02-08,2200
418,2004-02-09,2200
419,2004-02-10,2200
420,2004-02-11,2200
421,2004-02-12,2200
422,2004-02-13,2200
423,2004-02-14,2200
424,2004-02-15,2200
425,2004-02-16,2200
426,2004-02-17,2200
427,2004-02-18,2200
428,2004-02-19,2200
429,2004-02-20,2200
430,2004-02-21,2200
431,2004-02-22,2200
432,2004-02-23,2200
433,2004-02-24,2200
434,2004-02-25,2200
435,2004-02-26,2200
436,2004-02-27,2200
437,2004-02-28,2200
438,2004-02-29,2200
439,2004-03-01,2200
440,2004-03-02,2200
441,2004-03-03,2200
442,2004-03-04,2200
443,2004-03-05,2200
444,2004-03-06,2200
445,2004-03-07,2200
446,2004-03-08,2200
447,2004-03-09,2200
448,2004-03-10,2200
449,2004-03-11,2200
450,2004-03-12,2200
451,2004-03-13,2200
452,2004-03-14,2200
453,2004-03-15,2200
454,2004-03-16,2200
455,2004-03-17,2200
456,2004-03-18,2200
457,2004-03-19,2200
458,2004-03-20,2200
459,2004-03-21,2200
460,2004-03-22,2200
461,2004-03-23,2200
462,2004-03-24,2200
463,2004-03-25,2200
464,2004-03-26,2200
465,2004-03-27,2200
466,2004-03-28,2200
467,2004-03-29,2200
468,2004-03-30,2200
469,2004-03-31,2200
470,2004-04-01,2200
471,2004-04-02,2200
472,2004-04-03,2200
473,2004-04-04,2200
474,2004-04-05,2200
475,2004-04-06,2200
476,2004-04-07,2200
477,2004-04-08,2200
478,2004-04-09,2200
479,2004-04-10,2200
480,2004-04-11,2200
481,2004-04-12,2200
482,2004-04-13,2200
483,2004-04-14,2200
484,2004-04-15,2200
485,2004-04-16,2200
486,2004-04-17,2200
487,2004-04-18,2200
488,2004-04-19,2200
489,2004-04-20,2200
490,2004-04-21,2200
491,2004-04-22,2200
492,2004-04-23,2200
493,2004-04-24,2200
494,2004-04-25,2200
495,2004-04-26,2200
496,2004-04-27,2200
497,2004-04-28,2200
498,2004-04-29,2200
499,2004-04-30,2200
500,2004-05-01,2200
501,2004-05-02,2200
502,2004-05-03,2200
503,2004-05-04,2200
504,2004-05-05,2200
505,2004-05-06,2200
506,2004-05-07,2200
507,2004-05-08,2200
508,2004-05-09,2200
509,2004-05-10,2200
510,2004-05-11,2200
511,2004-05-12,2200
512,2004-05-13,2200
513,2004-05-14,2200
514,2004-05-15,2200
515,2004-05-16,2200
516,2004-05-17,2200
517,2004-05-18,2200
518,2004-05-19,2200
519,2004-05-20,2200
520,2004-05-21,2200
521,2004-05-22,2200
522,2004-05-23,2200
523,2004-05-24,2200
524,2004-05-25,2200
525,2004-05-26,2200
526,2004-05-27,2200
527,2004-05-28,2200
528,2004-05-29,2200
529,2004-05-30,2200
530,2004-05-31,2200
531,2004-06-01,2200
532,2004-06-02,2200
533,2004-06-03,2200
534,2004-06-04,2200
535,2004-06-05,2200
536,2004-06-06,2200
537,2004-06-07,2200
538,2004-06-08,2200
539,2004-06-09,2200
540,2004-06-10,2200
541,2004-06-11,2200
542,2004-06-12,2200
543,2004-06-13,2200
544,2004-06-14,2200
545,2004-06-15,2200
546,2004-06-16,2200
547,2004-06-17,2200
548,2004-06-18,2200
549,2004-06-19,2200
550,2004-06-20,2200
551,2004-06-21,2200
552,2004-06-22,2200
553,2004-06-23,2200
554,2004-06-24,2200
555,2004-06-25,2200
556,2004-06-26,2200
557,2004-06-27,2200
558,2004-06-28,2200
559,2004-06-29,2200
560,2004-06-30,2200
561,2004-07-01,2200
562,2004-07-02,2200
563,2004-07-03,2200
564,2004-07-04,2200
565,2004-07-05,2200
566,2004-07-06,2200
567,2004-07-07,2200
568,2004-07-08,2200
569,2004-07-09,2200
570,2004-07-10,2200
571,2004-07-11,2200
572,2004-07-12,2200
573,2004-07-13,2200
574,2004-07-14,2200
575,2004-07-15,2200
576,2004-07-16,2200
577,2004-07-17,2200
578,2004-07-18,2200
579,2004-07-19,2200
580,2004-07-20,2200
581,2004-07-21,2200
582,2004-07-22,2200
583,2004-07-23,2200
584,2004-07-24,2200
585,2004-07-25,2200
586,2004-07-26,2200
587,2004-07-27,2200
588,2004-07-28,2200
589,2004-07-29,2200
590,2004-07-30,2200
591,2004-07-31,2200
592,2004-08-01,2200
593,2004-08-02,2200
594,2004-08-03,2200
595,2004-08-04,2200
596,2004-08-05,2200
597,2004-08-06,2200
598,2004-08-07,2200
599,2004-08-08,2200
600,2004-08-09,2200
601,2004-08-10,2200
602,2004-08-11,2200
603,2004-08-12,2200
604,2004-08-13,2200
605,2004-08-14,2200
606,2004-08-15,2200
607,2004-08-16,2200
608,2004-08-17,2200
609,2004-08-18,2200
610,2004-08-19,2200
611,2004-08-20,2200
612,2004-08-21,2200
613,2004-08-22,2200
614,2004-08-23,2200
615,2004-08-24,2200
616,2004-08-25,2200
617,2004-08-26,2200
618,2004-08-27,2200
619,2004-08-28,2200
620,2004-08-29,2200
621,2004-08-30,2200
622,2004-08-31,2200
623,2004-09-01,2200
624,2004-09-02,2200
625,2004-09-03,2200
626,2004-09-04,2200
627,2004-09-05,2200
628,2004-09-06,2200
629,2004-09-07,2200
630,2004-09-08,2200
631,2004-09-09,2200
632,2004-09-10,2200
633,2004-09-11,2200
634,2004-09-12,2200
635,2004-09-13,2200
636,2004-09-14,2200
637,2004-09-15,2200
638,2004-09-16,2200
639,2004-09-17,2200
640,2004-09-18,2200
641,2004-09-19,2200
642,2004-09-20,2200
643,2004-09-21,2200
644,2004-09-22,2200
645,2004-09-23,2200
646,2004-09-24,2200
647,2004-09-25,2200
648,2004-09-26,2200
649,2004-09-27,2200
650,2004-09-28,2200
651,2004-09-29,2200
652,2004-09-30,2200
653,2004-10-01,2200
654,2004-10-02,2200
655,2004-10-03,2200
656,2004-10-04,2200
657,2004-10-05,2200
658,2004-10-06,2200
659,2004-10-07,2200
660,2004-10-08,2200
661,2004-10-09,2200
662,2004-10-10,2200
663,2004-10-11,2200
664,2004-10-12,2200
665,2004-10-13,2200
666,2004-10-14,2200
667,2004-10-15,2200
668,2004-10-16,2200
669,2004-10-17,2200
670,2004-10-18,2200
671,2004-10-19,2200
672,2004-10-20,2200
673,2004-10-21,2200
674,2004-10-22,2200
675,2004-10-23,2200
676,2004-10-24,2200
677,2004-10-25,2200
678,2004-10-26,2200
679,2004-10-27,2200
680,2004-10-28,2200
681,2004-10-29,2200
682,2004-10-30,2200
683,2004-10-31,2200
684,2004-11-01,2200
685,2004-11-02,2200
686,2004-11-03,2200
687,2004-11-04,2200
688,2004-11-05,2200
689,2004-11-06,2200
690,2004-11-07,2200
691,2004-11-08,2200
692,2004-11-09,2200
693,2004-11-10,2200
694,2004-11-11,2200
695,2004-11-12,2200
696,2004-11-13,2200
697,2004-11-14,2200
698,2004-11-15,2200
699,2004-11-16,2200
700,2004-11-17,2200
701,2004-11-18,2200
702,2004-11-19,2200
703,2004-11-20,2200
704,2004-11-21,2200
705,2004-11-22,2200
706,2004-11-23,2200
707,2004-11-24,2200
708,2004-11-25,2200
709,2004-11-26,2200
710,2004-11-27,2200
711,2004-11-28,2200
712,2004-11-29,2200
713,2004-11-30,2200
714,2004-12-01,2200
715,2004-12-02,2200
716,2004-12-03,2200
717,2004-12-04,2200
718,2004-12-05,2200
719,2004-12-06,2200
720,2004-12-07,2200
721,2004-12-08,2200
722,2004-12-09,2200
723,2004-12-10,2200
724,2004-12-11,2200
725,2004-12-12,2200
726,2004-12-13,2200
727,2004-12-14,2200
728,2004-12-15,2200
729,2004-12-16,2200
730,2004-12-17,2200
731,2004-12-18,2200
732,2004-12-19,2200
733,2004-12-20,2200
734,2004-12-21,2200
735,2004-12-22,2200
736,2004-12-23,2200
737,2004-12-24,2200
738,2004-12-25,2200
739,2004-12-26,2200
740,2004-12-27,2200
741,2004-12-28,2200
742,2004-12-29,2200
743,2004-12-30,2200
744,2004-12-31,2200
745,2005-01-01,2200
746,2005-01-02,2200
747,2005-01-03,2200
748,2005-01-04,2200
749,2005-01-05,2200
750,2005-01-06,2200
751,2005-01-07,2200
752,2005-01-08,2200
753,2005-01-09,2200
754,2005-01-10,2200
755,2005-01-11,2200
756,2005-01-12,2200
757,2005-01-13,2200
758,2005-01-14,2200
759,2005-01-15,2200
760,2005-01-16,2200
761,2005-01-17,2200
762,2005-01-18,2200
763,2005-01-19,2200
764,2005-01-20,2200
765,2005-01-21,2200
766,2005-01-22,2200
767,2005-01-23,2200
768,2005-01-24,2200
769,2005-01-25,2200
770,2005-01-26,2200
771,2005-01-27,2200
772,2005-01-28,2200
773,2005-01-29,2200
774,2005-01-30,2200
775,2005-01-31,2200
776,2005-02-01,2200
777,2005-02-02,2200
778,2005-02-03,2200
779,2005-02-04,2200
780,2005-02-05,2200
781,2005-02-06,2200
782,2005-02-07,2200
783,2005-02-08,2200
784,2005-02-09,2200
785,2005-02-10,2200
786,2005-02-11,2200
787,2005-02-12,2200
788,2005-02-13,2200
789,2005-02-14,2200
790,2005-02-15,2200
791,2005-02-16,2200
792,2005-02-17,2200
793,2005-02-18,2200
794,2005-02-19,2200
795,2005-02-20,2200
796,2005-02-21,2200
797,2005-02-22,2200
798,2005-02-23,2200
799,2005-02-24,2200
800,2005-02-25,2200
801,2005-02-26,2200
802,2005-02-27,2200
803,2005-02-28,2200
804,2005-03-01,2200
805,2005-03-02,2200
806,2005-03-03,2200
807,2005-03-04,2200
808,2005-03-05,2200
809,2005-03-06,2200
810,2005-03-07,2200
811,2005-03-08,2200
812,2005-03-09,2200
813,2005-03-10,2200
814,2005-03-11,2200
815,2005-03-12,2200
816,2005-03-13,2200
817,2005-03-14,2200
818,2005-03-15,2200
819,2005-03-16,2200
820,2005-03-17,2200
821,2005-03-18,2200
822,2005-03-19,2200
823,2005-03-20,2200
824,2005-03-21,2200
825,2005-03-22,2200
826,2005-03-23,2200
827,2005-03-24,2200
828,2005-03-25,2200
829,2005-03-26,2200
830,2005-03-27,2200
831,2005-03-28,2200
832,2005-03-29,2200
833,2005-03-30,2200
834,2005-03-31,2200
835,2005-04-01,2200
836,2005-04-02,2200
837,2005-04-03,2200
838,2005-04-04,2200
839,2005-04-05,2200
840,2005-04-06,2200
841,2005-04-07,2200
842,2005-04-08,2200
843,2005-04-09,2200
844,2005-04-10,2200
845,2005-04-11,2200
846,2005-04-12,2200
847,2005-04-13,2200
848,2005-04-14,2200
849,2005-04-15,2200
850,2005-04-16,2200
851,2005-04-17,2200
852,2005-04-18,2200
853,2005-04-19,2200
854,2005-04-20,2200
855,2005-04-21,2200
856,2005-04-22,2200
857,2005-04-23,2200
858,2005-04-24,2200
859,2005-04-25,2200
860,2005-04-26,2200
861,2005-04-27,2200
862,2005-04-28,2200
863,2005-04-29,2200
864,2005-04-30,2200
865,2005-05-01,2200
866,2005-05-02,2200
867,2005-05-03,2200
868,2005-05-04,2200
869,2005-05-05,2200
870,2005-05-06,2200
871,2005-05-07,2200
872,2005-05-08,2200
873,2005-05-09,2200
874,2005-05-10,2200
875,2005-05-11,2200
876,2005-05-12,2200
877,2005-05-13,2200
878,2005-05-14,2200
879,2005-05-15,2200
880,2005-05-16,2200
881,2005-05-17,2200
882,2005-05-18,2200
883,2005-05-19,2200
884,2005-05-20,2200
885,2005-05-21,2200
886,2005-05-22,2200
887,2005-05-23,2200
888,2005-05-24,2200
889,2005-05-25,2200
890,2005-05-26,2200
891,2005-05-27,2200
892,2005-05-28,2200
893,2005-05-29,2200
894,2005-05-30,2200
895,2005-05-31,2200
896,2005-06-01,2200
897,2005-06-02,2200
898,2005-06-03,2200
899,2005-06-04,2200
900,2005-06-05,2200
901,2005-06-06,2200
902,2005-06-07,2200
903,2005-06-08,2200
904,2005-06-09,2200
905,2005-06-10,2200
906,2005-06-11,2200
907,2005-06-12,2200
908,2005-06-13,2200
909,2005-06-14,2200
910,2005-06-15,2200
911,2005-06-16,2200
912,2005-06-17,2200
913,2005-06-18,2200
914,2005-06-19,2200
915,2005-06-20,2200
916,2005-06-21,2200
917,2005-06-22,2200
918,2005-06-23,2200
919,2005-06-24,2200
920,2005-06-25,2200
921,2005-06-26,2200
922,2005-06-27,2200
923,2005-06-28,2200
924,2005-06-29,2200
925,2005-06-30,2200
926,2005-07-01,2200
927,2005-07-02,2200
928,2005-07-03,2200
929,2005-07-04,2200
930,2005-07-05,2200
931,2005-07-06,2200
932,2005-07-07,2200
933,2005-07-08,2200
934,2005-07-09,2200
935,2005-07-10,2200
936,2005-07-11,2200
937,2005-07-12,2200
938,2005-07-13,2200
939,2005-07-14,2200
940,2005-07-15,2200
941,2005-07-16,2200
942,2005-07-17,2200
943,2005-07-18,2200
944,2005-07-19,2200
945,2005-07-20,2200
946,2005-07-21,2200
947,2005-07-22,2200
948,2005-07-23,2200
949,2005-07-24,2200
950,2005-07-25,2200
951,2005-07-26,2200
952,2005-07-27,2200
953,2005-07-28,2200
954,2005-07-29,2200
955,2005-07-30,2200
956,2005-07-31,2200
957,2005-08-01,2200
958,2005-08-02,2200
959,2005-08-03,2200
960,2005-08-04,2200
961,2005-08-05,2200
962,2005-08-06,2200
963,2005-08-07,2200
964,2005-08-08,2200
965,2005-08-09,2200
966,2005-08-10,2200
967,2005-08-11,2200
968,2005-08-12,2200
969,2005-08-13,2200
970,2005-08-14,2200
971,2005-08-15,2200
972,2005-08-16,2200
973,2005-08-17,2200
974,2005-08-18,2200
975,2005-08-19,2200
976,2005-08-20,2200
977,2005-08-21,2200
978,2005-08-22,2200
979,2005-08-23,2200
980,2005-08-24,2200
981,2005-08-25,2200
982,2005-08-26,2200
983,2005-08-27,2200
984,2005-08-28,2200
985,2005-08-29,2200
986,2005-08-30,2200
987,2005-08-31,2200
988,2005-09-01,2200
989,2005-09-02,2200
990,2005-09-03,2200
991,2005-09-04,2200
992,2005-09-05,2200
993,2005-09-06,2200
994,2005-09-07,2200
995,2005-09-08,2200
996,2005-09-09,2200
997,2005-09-10,2200
998,2005-09-11,2200
999,2005-09-12,2200
1000,2005-09-13,2200
1001,2005-09-14,2200
1002,2005-09-15,2200
1003,2005-09-16,2200
1004,2005-09-17,2200
1005,2005-09-18,2200
1006,2005-09-19,2200
1007,2005-09-20,2200
1008,2005-09-21,2200
1009,2005-09-22,2200
1010,2005-09-23,2200
1011,2005-09-24,2200
1012,2005-09-25,2200
1013,2005-09-26,2200
1014,2005-09-27,2200
1015,2005-09-28,2200
1016,2005-09-29,2200
1017,2005-09-30,2200
1018,2005-10-01,2200
1019,2005-10-02,2200
1020,2005-10-03,2200
1021,2005-10-04,2200
1022,2005-10-05,2200
1023,2005-10-06,2200
1024,2005-10-07,2200
1025,2005-10-08,2200
1026,2005-10-09,2200
1027,2005-10-10,2200
1028,2005-10-11,2200
1029,2005-10-12,2200
1030,2005-10-13,2200
1031,2005-10-14,2200
1032,2005-10-15,2200
1033,2005-10-16,2200
1034,2005-10-17,2200
1035,2005-10-18,2200
1036,2005-10-19,2200
1037,2005-10-20,2200
1038,2005-10-21,2200
1039,2005-10-22,2200
1040,2005-10-23,2200
1041,2005-10-24,2200
1042,2005-10-25,2200
1043,2005-10-26,2200
1044,2005-10-27,2200
1045,2005-10-28,2200
1046,2005-10-29,2200
1047,2005-10-30,2200
1048,2005-10-31,2200
1049,2005-11-01,2200
1050,2005-11-02,2200
1051,2005-11-03,2200
1052,2005-11-04,2200
1053,2005-11-05,2200
1054,2005-11-06,2200
1055,2005-11-07,2200
1056,2005-11-08,2200
1057,2005-11-09,2200
1058,2005-11-10,2200
1059,2005-11-11,2200
1060,2005-11-12,2200
1061,2005-11-13,2200
1062,2005-11-14,2200
1063,2005-11-15,2200
1064,2005-11-16,2200
1065,2005-11-17,2200
1066,2005-11-18,2200
1067,2005-11-19,2200
1068,2005-11-20,2200
1069,2005-11-21,2200
1070,2005-11-22,2200
1071,2005-11-23,2200
1072,2005-11-24,2200
1073,2005-11-25,2200
1074,2005-11-26,2200
1075,2005-11-27,2200
1076,2005-11-28,2200
1077,2005-11-29,2200
1078,2005-11-30,2200
1079,2005-12-01,2200
1080,2005-12-02,2200
1081,2005-12-03,2200
1082,2005-12-04,2200
1083,2005-12-05,2200
1084,2005-12-06,2200
1085,2005-12-07,2200
1086,2005-12-08,2200
1087,2005-12-09,2200
1088,2005-12-10,2200
1089,2005-12-11,2200
1090,2005-12-12,2200
1091,2005-12-13,2200
1092,2005-12-14,2200
1093,2005-12-15,2200
1094,2005-12-16,2200
1095,2005-12-17,2200
1096,2005-12-18,2200
1097,2005-12-19,2200
1098,2005-12-20,2200
1099,2005-12-21,2200
1100,2005-12-22,2200
1101,2005-12-23,2200
1102,2005-12-24,2200
1103,2005-12-25,2200
1104,2005-12-26,2200
1105,2005-12-27,2200
1106,2005-12-28,2200
1107,2005-12-29,2200
1108,2005-12-30,2200
1109,2005-12-31,2200
1110,2006-01-01,2200
1111,2006-01-02,2200
1112,2006-01-03,2200
1113,2006-01-04,2200
1114,2006-01-05,2200
1115,2006-01-06,2200
1116,2006-01-07,2200
1117,2006-01-08,2200
1118,2006-01-09,2200
1119,2006-01-10,2200
1120,2006-01-11,2200
1121,2006-01-12,2200
1122,2006-01-13,2200
1123,2006-01-14,2200
1124,2006-01-15,2200
1125,2006-01-16,2200
1126,2006-01-17,2200
1127,2006-01-18,2200
1128,2006-01-19,2200
1129,2006-01-20,2200
1130,2006-01-21,2200
1131,2006-01-22,2200
1132,2006-01-23,2200
1133,2006-01-24,2200
1134,2006-01-25,2200
1135,2006-01-26,2200
1136,2006-01-27,2200
1137,2006-01-28,2200
1138,2006-01-29,2200
1139,2006-01-30,2200
1140,2006-01-31,2200
1141,2006-02-01,2200
1142,2006-02-02,2200
1143,2006-02-03,2200
1144,2006-02-04,2200
1145,2006-02-05,2200
1146,2006-02-06,2200
1147,2006-02-07,2200
1148,2006-02-08,2200
1149,2006-02-09,2200
1150,2006-02-10,2200
1151,2006-02-11,2200
1152,2006-02-12,2200
1153,2006-02-13,2200
1154,2006-02-14,2200
1155,2006-02-15,2200
1156,2006-02-16,2200
1157,2006-02-17,2200
1158,2006-02-18,2200
1159,2006-02-19,2200
1160,2006-02-20,2200
1161,2006-02-21,2200
1162,2006-02-22,2200
1163,2006-02-23,2200
1164,2006-02-24,2200
1165,2006-02-25,2200
1166,2006-02-26,2200
1167,2006-02-27,2200
1168,2006-02-28,2200
1169,2006-03-01,2200
1170,2006-03-02,2200
1171,2006-03-03,2200
1172,2006-03-04,2200
1173,2006-03-05,2200
1174,2006-03-06,2200
1175,2006-03-07,2200
1176,2006-03-08,2200
1177,2006-03-09,2200
1178,2006-03-10,2200
1179,2006-03-11,2200
1180,2006-03-12,2200
1181,2006-03-13,2200
1182,2006-03-14,2200
1183,2006-03-15,2200
1184,2006-03-16,2200
1185,2006-03-17,2200
1186,2006-03-18,2200
1187,2006-03-19,2200
1188,2006-03-20,2200
1189,2006-03-21,2200
1190,2006-03-22,2200
1191,2006-03-23,2200
1192,2006-03-24,2200
1193,2006-03-25,2200
1194,2006-03-26,2200
1195,2006-03-27,2200
1196,2006-03-28,2200
1197,2006-03-29,2200
1198,2006-03-30,2200
1199,2006-03-31,2200
1200,2006-04-01,2200
1201,2006-04-02,2200
1202,2006-04-03,2200
1203,2006-04-04,2200
1204,2006-04-05,2200
1205,2006-04-06,2200
1206,2006-04-07,2200
1207,2006-04-08,2200
1208,2006-04-09,2200
1209,2006-04-10,2200
1210,2006-04-11,2200
1211,2006-04-12,2200
1212,2006-04-13,2200
1213,2006-04-14,2200
1214,2006-04-15,2200
1215,2006-04-16,2200
1216,2006-04-17,2200
1217,2006-04-18,2200
1218,2006-04-19,2200
1219,2006-04-20,2200
1220,2006-04-21,2200
1221,2006-04-22,2200
1222,2006-04-23,2200
1223,2006-04-24,2200
1224,2006-04-25,2200
1225,2006-04-26,2200
1226,2006-04-27,2200
1227,2006-04-28,2200
1228,2006-04-29,2200
1229,2006-04-30,2200
1230,2006-05-01,2200
1231,2006-05-02,2200
1232,2006-05-03,2200
1233,2006-05-04,2200
1234,2006-05-05,2200
1235,2006-05-06,2200
1236,2006-05-07,2200
1237,2006-05-08,2200
1238,2006-05-09,2200
1239,2006-05-10,2200
1240,2006-05-11,2200
1241,2006-05-12,2200
1242,2006-05-13,2200
1243,2006-05-14,2200
1244,2006-05-15,2200
1245,2006-05-16,2200
1246,2006-05-17,2200
1247,2006-05-18,2200
1248,2006-05-19,2200
1249,2006-05-20,2200
1250,2006-05-21,2200
1251,2006-05-22,2200
1252,2006-05-23,2200
1253,2006-05-24,2200
1254,2006-05-25,2200
1255,2006-05-26,2200
1256,2006-05-27,2200
1257,2006-05-28,2200
1258,2006-05-29,2200
1259,2006-05-30,2200
1260,2006-05-31,2200
1261,2006-06-01,2200
1262,2006-06-02,2200
1263,2006-06-03,2200
1264,2006-06-04,2200
1265,2006-06-05,2200
1266,2006-06-06,2200
1267,2006-06-07,2200
1268,2006-06-08,2200
1269,2006-06-09,2200
1270,2006-06-10,2200
1271,2006-06-11,2200
1272,2006-06-12,2200
1273,2006-06-13,2200
1274,2006-06-14,2200
1275,2006-06-15,2200
1276,2006-06-16,2200
1277,2006-06-17,2200
1278,2006-06-18,2200
1279,2006-06-19,2200
1280,2006-06-20,2200
1281,2006-06-21,2200
1282,2006-06-22,2200
1283,2006-06-23,2200
1284,2006-06-24,2200
1285,2006-06-25,2200
1286,2006-06-26,2200
1287,2006-06-27,2200
1288,2006-06-28,2200
1289,2006-06-29,2200
1290,2006-06-30,2200
1291,2006-07-01,2200
1292,2006-07-02,2200
1293,2006-07-03,2200
1294,2006-07-04,2200
1295,2006-07-05,2200
1296,2006-07-06,2200
1297,2006-07-07,2200
1298,2006-07-08,2200
1299,2006-07-09,2200
1300,2006-07-10,2200
1301,2006-07-11,2200
1302,2006-07-12,2200
1303,2006-07-13,2200
1304,2006-07-14,2200
1305,2006-07-15,2200
1306,2006-07-16,2200
1307,2006-07-17,2200
1308,2006-07-18,2200
1309,2006-07-19,2200
1310,2006-07-20,2200
1311,2006-07-21,2200
1312,2006-07-22,2200
1313,2006-07-23,2200
1314,2006-07-24,2200
1315,2006-07-25,2200
1316,2006-07-26,2200
1317,2006-07-27,2200
1318,2006-07-28,2200
1319,2006-07-29,2200
1320,2006-07-30,2200
1321,2006-07-31,2200
1322,2006-08-01,2200
1323,2006-08-02,2200
1324,2006-08-03,2200
1325,2006-08-04,2200
1326,2006-08-05,2200
1327,2006-08-06,2200
1328,2006-08-07,2200
1329,2006-08-08,2200
1330,2006-08-09,2200
1331,2006-08-10,2200
1332,2006-08-11,2200
1333,2006-08-12,2200
1334,2006-08-13,2200
1335,2006-08-14,2200
1336,2006-08-15,2200
1337,2006-08-16,2200
1338,2006-08-17,2200
1339,2006-08-18,2200
1340,2006-08-19,2200
1341,2006-08-20,2200
1342,2006-08-21,2200
1343,2006-08-22,2200
1344,2006-08-23,2200
1345,2006-08-24,2200
1346,2006-08-25,2200
1347,2006-08-26,2200
1348,2006-08-27,2200
1349,2006-08-28,2200
1350,2006-08-29,2200
1351,2006-08-30,2200
1352,2006-08-31,2200
1353,2006-09-01,2200
1354,2006-09-02,2200
1355,2006-09-03,2200
1356,2006-09-04,2200
1357,2006-09-05,2200
1358,2006-09-06,2200
1359,2006-09-07,2200
1360,2006-09-08,2200
1361,2006-09-09,2200
1362,2006-09-10,2200
1363,2006-09-11,2200
1364,2006-09-12,2200
1365,2006-09-13,2200
1366,2006-09-14,2200
1367,2006-09-15,2200
1368,2006-09-16,2200
1369,2006-09-17,2200
1370,2006-09-18,2200
1371,2006-09-19,2200
1372,2006-09-20,2200
1373,2006-09-21,2200
1374,2006-09-22,2200
1375,2006-09-23,2200
1376,2006-09-24,2200
1377,2006-09-25,2200
1378,2006-09-26,2200
1379,2006-09-27,2200
1380,2006-09-28,2200
1381,2006-09-29,2200
1382,2006-09-30,2200
1383,2006-10-01,2200
1384,2006-10-02,2200
1385,2006-10-03,2200
1386,2006-10-04,2200
1387,2006-10-05,2200
1388,2006-10-06,2200
1389,2006-10-07,2200
1390,2006-10-08,2200
1391,2006-10-09,2200
1392,2006-10-10,2200
1393,2006-10-11,2200
1394,2006-10-12,2200
1395,2006-10-13,2200
1396,2006-10-14,2200
1397,2006-10-15,2200
1398,2006-10-16,2200
1399,2006-10-17,2200
1400,2006-10-18,2200
1401,2006-10-19,2200
1402,2006-10-20,2200
1403,2006-10-21,2200
1404,2006-10-22,2200
1405,2006-10-23,2200
1406,2006-10-24,2200
1407,2006-10-25,2200
1408,2006-10-26,2200
1409,2006-10-27,2200
1410,2006-10-28,2200
1411,2006-10-29,2200
1412,2006-10-30,2200
1413,2006-10-31,2200
1414,2006-11-01,2200
1415,2006-11-02,2200
1416,2006-11-03,2200
1417,2006-11-04,2200
1418,2006-11-05,2200
1419,2006-11-06,2200
1420,2006-11-07,2200
1421,2006-11-08,2200
1422,2006-11-09,2200
1423,2006-11-10,2200
1424,2006-11-11,2200
1425,2006-11-12,2200
1426,2006-11-13,2200
1427,2006-11-14,2200
1428,2006-11-15,2200
1429,2006-11-16,2200
1430,2006-11-17,2200
1431,2006-11-18,2200
1432,2006-11-19,2200
1433,2006-11-20,2200
1434,2006-11-21,2200
1435,2006-11-22,2200
1436,2006-11-23,2200
1437,2006-11-24,2200
1438,2006-11-25,2200
1439,2006-11-26,2200
1440,2006-11-27,2200
1441,2006-11-28,2200
1442,2006-11-29,2200
1443,2006-11-30,2200
1444,2006-12-01,2200
1445,2006-12-02,2200
1446,2006-12-03,2200
1447,2006-12-04,2200
1448,2006-12-05,2200
1449,2006-12-06,2200
1450,2006-12-07,2200
1451,2006-12-08,2200
1452,2006-12-09,2200
1453,2006-12-10,2200
1454,2006-12-11,2200
1455,2006-12-12,2200
1456,2006-12-13,2200
1457,2006-12-14,2200
1458,2006-12-15,2200
1459,2006-12-16,2200
1460,2006-12-17,2200
1461,2006-12-18,2200
1462,2006-12-19,2200
1463,2006-12-20,2200
1464,2006-12-21,2200
1465,2006-12-22,2200
1466,2006-12-23,2200
1467,2006-12-24,2200
1468,2006-12-25,2200
1469,2006-12-26,2200
1470,2006-12-27,2200
1471,2006-12-28,2200
1472,2006-12-29,2200
1473,2006-12-30,2200
1474,2006-12-31,2200
1475,2007-01-01,2200
1476,2007-01-02,2200
1477,2007-01-03,2200
1478,2007-01-04,2200
1479,2007-01-05,2200
1480,2007-01-06,2200
1481,2007-01-07,2200
1482,2007-01-08,2200
1483,2007-01-09,2200
1484,2007-01-10,2200
1485,2007-01-11,2200
1486,2007-01-12,2200
1487,2007-01-13,2200
1488,2007-01-14,2200
1489,2007-01-15,2200
1490,2007-01-16,2200
1491,2007-01-17,2200
1492,2007-01-18,2200
1493,2007-01-19,2200
1494,2007-01-20,2200
1495,2007-01-21,2200
1496,2007-01-22,2200
1497,2007-01-23,2200
1498,2007-01-24,2200
1499,2007-01-25,2200
1500,2007-01-26,2200
1501,2007-01-27,2200
1502,2007-01-28,2200
1503,2007-01-29,2200
1504,2007-01-30,2200
1505,2007-01-31,2200
1506,2007-02-01,2200
1507,2007-02-02,2200
1508,2007-02-03,2200
1509,2007-02-04,2200
1510,2007-02-05,2200
1511,2007-02-06,2200
1512,2007-02-07,2200
1513,2007-02-08,2200
1514,2007-02-09,2200
1515,2007-02-10,2200
1516,2007-02-11,2200
1517,2007-02-12,2200
1518,2007-02-13,2200
1519,2007-02-14,2200
1520,2007-02-15,2200
1521,2007-02-16,2200
1522,2007-02-17,2200
1523,2007-02-18,2200
1524,2007-02-19,2200
1525,2007-02-20,2200
1526,2007-02-21,2200
1527,2007-02-22,2200
1528,2007-02-23,2200
1529,2007-02-24,2200
1530,2007-02-25,2200
1531,2007-02-26,2200
1532,2007-02-27,2200
1533,2007-02-28,2200
1534,2007-03-01,2200
1535,2007-03-02,2200
1536,2007-03-03,2200
1537,2007-03-04,2200
1538,2007-03-05,2200
1539,2007-03-06,2200
1540,2007-03-07,2200
1541,2007-03-08,2200
1542,2007-03-09,2200
1543,2007-03-10,2200
1544,2007-03-11,2200
1545,2007-03-12,2200
1546,2007-03-13,2200
1547,2007-03-14,2200
1548,2007-03-15,2200
1549,2007-03-16,2200
1550,2007-03-17,2200
1551,2007-03-18,2200
1552,2007-03-19,2200
1553,2007-03-20,2200
1554,2007-03-21,2200
1555,2007-03-22,2200
1556,2007-03-23,2200
1557,2007-03-24,2200
1558,2007-03-25,2200
1559,2007-03-26,2200
1560,2007-03-27,2200
1561,2007-03-28,2200
1562,2007-03-29,2200
1563,2007-03-30,2200
1564,2007-03-31,2200
1565,2007-04-01,2200
1566,2007-04-02,2200
1567,2007-04-03,2200
1568,2007-04-04,2200
1569,2007-04-05,2200
1570,2007-04-06,2200
1571,2007-04-07,2200
1572,2007-04-08,2200
1573,2007-04-09,2200
1574,2007-04-10,2200
1575,2007-04-11,2200
1576,2007-04-12,2200
1577,2007-04-13,2200
1578,2007-04-14,2200
1579,2007-04-15,2200
1580,2007-04-16,2200
1581,2007-04-17,2200
1582,2007-04-18,2200
1583,2007-04-19,2200
1584,2007-04-20,2200
1585,2007-04-21,2200
1586,2007-04-22,2200
1587,2007-04-23,2200
1588,2007-04-24,2200
1589,2007-04-25,2200
1590,2007-04-26,2200
1591,2007-04-27,2200
1592,2007-04-28,2200
1593,2007-04-29,2200
1594,2007-04-30,2200
1595,2007-05-01,2200
1596,2007-05-02,2200
1597,2007-05-03,2200
1598,2007-05-04,2200
1599,2007-05-05,2200
1600,2007-05-06,2200
1601,2007-05-07,2200
1602,2007-05-08,2200
1603,2007-05-09,2200
1604,2007-05-10,2200
1605,2007-05-11,2200
1606,2007-05-12,2200
1607,2007-05-13,2200
1608,2007-05-14,2200
1609,2007-05-15,2200
1610,2007-05-16,2200
1611,2007-05-17,2200
1612,2007-05-18,2200
1613,2007-05-19,2200
1614,2007-05-20,2200
1615,2007-05-21,2200
1616,2007-05-22,2200
1617,2007-05-23,2200
1618,2007-05-24,2200
1619,2007-05-25,2200
1620,2007-05-26,2200
1621,2007-05-27,2200
1622,2007-05-28,2200
1623,2007-05-29,2200
1624,2007-05-30,2200
1625,2007-05-31,2200
1626,2007-06-01,2200
1627,2007-06-02,2200
1628,2007-06-03,2200
1629,2007-06-04,2200
1630,2007-06-05,2200
1631,2007-06-06,2200
1632,2007-06-07,2200
1633,2007-06-08,2200
1634,2007-06-09,2200
1635,2007-06-10,2200
1636,2007-06-11,2200
1637,2007-06-12,2200
1638,2007-06-13,2200
1639,2007-06-14,2200
1640,2007-06-15,2200
1641,2007-06-16,2200
1642,2007-06-17,2200
1643,2007-06-18,2200
1644,2007-06-19,2200
1645,2007-06-20,2200
1646,2007-06-21,2200
1647,2007-06-22,2200
1648,2007-06-23,2200
1649,2007-06-24,2200
1650,2007-06-25,2200
1651,2007-06-26,2200
1652,2007-06-27,2200
1653,2007-06-28,2200
1654,2007-06-29,2200
1655,2007-06-30,2200
1656,2007-07-01,2200
1657,2007-07-02,2200
1658,2007-07-03,2200
1659,2007-07-04,2200
1660,2007-07-05,2200
1661,2007-07-06,2200
1662,2007-07-07,2200
1663,2007-07-08,2200
1664,2007-07-09,2200
1665,2007-07-10,2200
1666,2007-07-11,2200
1667,2007-07-12,2200
1668,2007-07-13,2200
1669,2007-07-14,2200
1670,2007-07-15,2200
1671,2007-07-16,2200
1672,2007-07-17,2200
1673,2007-07-18,2200
1674,2007-07-19,2200
1675,2007-07-20,2200
1676,2007-07-21,2200
1677,2007-07-22,2200
1678,2007-07-23,2200
1679,2007-07-24,2200
1680,2007-07-25,2200
1681,2007-07-26,2200
1682,2007-07-27,2200
1683,2007-07-28,2200
1684,2007-07-29,2200
1685,2007-07-30,2200
1686,2007-07-31,2200
1687,2007-08-01,2200
1688,2007-08-02,2200
1689,2007-08-03,2200
1690,2007-08-04,2200
1691,2007-08-05,2200
1692,2007-08-06,2200
1693,2007-08-07,2200
1694,2007-08-08,2200
1695,2007-08-09,2200
1696,2007-08-10,2200
1697,2007-08-11,2200
1698,2007-08-12,2200
1699,2007-08-13,2200
1700,2007-08-14,2200
1701,2007-08-15,2200
1702,2007-08-16,2200
1703,2007-08-17,2200
1704,2007-08-18,2200
1705,2007-08-19,2200
1706,2007-08-20,2200
1707,2007-08-21,2200
1708,2007-08-22,2200
1709,2007-08-23,2200
1710,2007-08-24,2200
1711,2007-08-25,2200
1712,2007-08-26,2200
1713,2007-08-27,2200
1714,2007-08-28,2200
1715,2007-08-29,2200
1716,2007-08-30,2200
1717,2007-08-31,2200
1718,2007-09-01,2200
1719,2007-09-02,2200
1720,2007-09-03,2200
1721,2007-09-04,2200
1722,2007-09-05,2200
1723,2007-09-06,2200
1724,2007-09-07,2200
1725,2007-09-08,2200
1726,2007-09-09,2200
1727,2007-09-10,2200
1728,2007-09-11,2200
1729,2007-09-12,2200
1730,2007-09-13,2200
1731,2007-09-14,2200
1732,2007-09-15,2200
1733,2007-09-16,2200
1734,2007-09-17,2200
1735,2007-09-18,2200
1736,2007-09-19,2200
1737,2007-09-20,2200
1738,2007-09-21,2200
1739,2007-09-22,2200
1740,2007-09-23,2200
1741,2007-09-24,2200
1742,2007-09-25,2200
1743,2007-09-26,2200
1744,2007-09-27,2200
1745,2007-09-28,2200
1746,2007-09-29,2200
1747,2007-09-30,2200
1748,2007-10-01,2200
1749,2007-10-02,2200
1750,2007-10-03,2200
1751,2007-10-04,2200
1752,2007-10-05,2200
1753,2007-10-06,2200
1754,2007-10-07,2200
1755,2007-10-08,2200
1756,2007-10-09,2200
1757,2007-10-10,2200
1758,2007-10-11,2200
1759,2007-10-12,2200
1760,2007-10-13,2200
1761,2007-10-14,2200
1762,2007-10-15,2200
1763,2007-10-16,2200
1764,2007-10-17,2200
1765,2007-10-18,2200
1766,2007-10-19,2200
1767,2007-10-20,2200
1768,2007-10-21,2200
1769,2007-10-22,2200
1770,2007-10-23,2200
1771,2007-10-24,2200
1772,2007-10-25,2200
1773,2007-10-26,2200
1774,2007-10-27,2200
1775,2007-10-28,2200
1776,2007-10-29,2200
1777,2007-10-30,2200
1778,2007-10-31,2200
1779,2007-11-01,2200
1780,2007-11-02,2200
1781,2007-11-03,2200
1782,2007-11-04,2200
1783,2007-11-05,2200
1784,2007-11-06,2200
1785,2007-11-07,2200
1786,2007-11-08,2200
1787,2007-11-09,2200
1788,2007-11-10,2200
1789,2007-11-11,2200
1790,2007-11-12,2200
1791,2007-11-13,2200
1792,2007-11-14,2200
1793,2007-11-15,2200
1794,2007-11-16,2200
1795,2007-11-17,2200
1796,2007-11-18,2200
1797,2007-11-19,2200
1798,2007-11-20,2200
1799,2007-11-21,2200
1800,2007-11-22,2200
1801,2007-11-23,2200
1802,2007-11-24,2200
1803,2007-11-25,2200
1804,2007-11-26,2200
1805,2007-11-27,2200
1806,2007-11-28,2200
1807,2007-11-29,2200
1808,2007-11-30,2200
1809,2007-12-01,2200
1810,2007-12-02,2200
1811,2007-12-03,2200
1812,2007-12-04,2200
1813,2007-12-05,2200
1814,2007-12-06,2200
1815,2007-12-07,2200
1816,2007-12-08,2200
1817,2007-12-09,2200
1818,2007-12-10,2200
1819,2007-12-11,2200
1820,2007-12-12,2200
1821,2007-12-13,2200
1822,2007-12-14,2200
1823,2007-12-15,2200
1824,2007-12-16,2200
1825,2007-12-17,2200
1826,2007-12-18,2200
1827,2007-12-19,2200
1828,2007-12-20,2200
1829,2007-12-21,2200
1830,2007-12-22,2200
1831,2007-12-23,2200
1832,2007-12-24,2200
1833,2007-12-25,2200
1834,2007-12-26,2200
1835,2007-12-27,2200
1836,2007-12-28,2200
1837,2007-12-29,2200
1838,2007-12-30,2200
1839,2007-12-31,2200
1840,2008-01-01,2200
1841,2008-01-02,2200
1842,2008-01-03,2200
1843,2008-01-04,2200
1844,2008-01-05,2200
1845,2008-01-06,2200
1846,2008-01-07,2200
1847,2008-01-08,2200
1848,2008-01-09,2200
1849,2008-01-10,2200
1850,2008-01-11,2200
1851,2008-01-12,2200
1852,2008-01-13,2200
1853,2008-01-14,2200
1854,2008-01-15,2200
1855,2008-01-16,2200
1856,2008-01-17,2200
1857,2008-01-18,2200
1858,2008-01-19,2200
1859,2008-01-20,2200
1860,2008-01-21,2200
1861,2008-01-22,2200
1862,2008-01-23,2200
1863,2008-01-24,2200
1864,2008-01-25,2200
1865,2008-01-26,2200
1866,2008-01-27,2200
1867,2008-01-28,2200
1868,2008-01-29,2200
1869,2008-01-30,2200
1870,2008-01-31,2200
1871,2008-02-01,2200
1872,2008-02-02,2200
1873,2008-02-03,2200
1874,2008-02-04,2200
1875,2008-02-05,2200
1876,2008-02-06,2200
1877,2008-02-07,2200
1878,2008-02-08,2200
1879,2008-02-09,2200
1880,2008-02-10,2200
1881,2008-02-11,2200
1882,2008-02-12,2200
1883,2008-02-13,2200
1884,2008-02-14,2200
1885,2008-02-15,2200
1886,2008-02-16,2200
1887,2008-02-17,2200
1888,2008-02-18,2200
1889,2008-02-19,2200
1890,2008-02-20,2200
1891,2008-02-21,2200
1892,2008-02-22,2200
1893,2008-02-23,2200
1894,2008-02-24,2200
1895,2008-02-25,2200
1896,2008-02-26,2200
1897,2008-02-27,2200
1898,2008-02-28,2200
1899,2008-02-29,2200
1900,2008-03-01,2200
1901,2008-03-02,2200
1902,2008-03-03,2200
1903,2008-03-04,2200
1904,2008-03-05,2200
1905,2008-03-06,2200
1906,2008-03-07,2200
1907,2008-03-08,2200
1908,2008-03-09,2200
1909,2008-03-10,2200
1910,2008-03-11,2200
1911,2008-03-12,2200
1912,2008-03-13,2200
1913,2008-03-14,2200
1914,2008-03-15,2200
1915,2008-03-16,2200
1916,2008-03-17,2200
1917,2008-03-18,2200
1918,2008-03-19,2200
1919,2008-03-20,2200
1920,2008-03-21,2200
1921,2008-03-22,2200
1922,2008-03-23,2200
1923,2008-03-24,2200
1924,2008-03-25,2200
1925,2008-03-26,2200
1926,2008-03-27,2200
1927,2008-03-28,2200
1928,2008-03-29,2200
1929,2008-03-30,2200
1930,2008-03-31,2200
1931,2008-04-01,2200
1932,2008-04-02,2200
1933,2008-04-03,2200
1934,2008-04-04,2200
1935,2008-04-05,2200
1936,2008-04-06,2200
1937,2008-04-07,2200
1938,2008-04-08,2200
1939,2008-04-09,2200
1940,2008-04-10,2200
1941,2008-04-11,2200
1942,2008-04-12,2200
1943,2008-04-13,2200
1944,2008-04-14,2200
1945,2008-04-15,2200
1946,2008-04-16,2200
1947,2008-04-17,2200
1948,2008-04-18,2200
1949,2008-04-19,2200
1950,2008-04-20,2200
1951,2008-04-21,2200
1952,2008-04-22,2200
1953,2008-04-23,2200
1954,2008-04-24,2200
1955,2008-04-25,2200
1956,2008-04-26,2200
1957,2008-04-27,2200
1958,2008-04-28,2200
1959,2008-04-29,2200
1960,2008-04-30,2200
1961,2008-05-01,2200
1962,2008-05-02,2200
1963,2008-05-03,2200
1964,2008-05-04,2200
1965,2008-05-05,2200
1966,2008-05-06,2200
1967,2008-05-07,2200
1968,2008-05-08,2200
1969,2008-05-09,2200
1970,2008-05-10,2200
1971,2008-05-11,2200
1972,2008-05-12,2200
1973,2008-05-13,2200
1974,2008-05-14,2200
1975,2008-05-15,2200
1976,2008-05-16,2200
1977,2008-05-17,2200
1978,2008-05-18,2200
1979,2008-05-19,2200
1980,2008-05-20,2200
1981,2008-05-21,2200
1982,2008-05-22,2200
1983,2008-05-23,2200
1984,2008-05-24,2200
1985,2008-05-25,2200
1986,2008-05-26,2200
1987,2008-05-27,2200
1988,2008-05-28,2200
1989,2008-05-29,2200
1990,2008-05-30,2200
1991,2008-05-31,2200
1992,2008-06-01,2200
1993,2008-06-02,2200
1994,2008-06-03,2200
1995,2008-06-04,2200
1996,2008-06-05,2200
1997,2008-06-06,2200
1998,2008-06-07,2200
1999,2008-06-08,2200
2000,2008-06-09,2200
2001,2008-06-10,2200
2002,2008-06-11,2200
2003,2008-06-12,2200
2004,2008-06-13,2200
2005,2008-06-14,2200
2006,2008-06-15,2200
2007,2008-06-16,2200
2008,2008-06-17,2200
2009,2008-06-18,2200
2010,2008-06-19,2200
2011,2008-06-20,2200
2012,2008-06-21,2200
2013,2008-06-22,2200
2014,2008-06-23,2200
2015,2008-06-24,2200
2016,2008-06-25,2200
2017,2008-06-26,2200
2018,2008-06-27,2200
2019,2008-06-28,2200
2020,2008-06-29,2200
2021,2008-06-30,2200
2022,2008-07-01,2200
2023,2008-07-02,2200
2024,2008-07-03,2200
2025,2008-07-04,2200
2026,2008-07-05,2200
2027,2008-07-06,2200
2028,2008-07-07,2200
2029,2008-07-08,2200
2030,2008-07-09,2200
2031,2008-07-10,2200
2032,2008-07-11,2200
2033,2008-07-12,2200
2034,2008-07-13,2200
2035,2008-07-14,2200
2036,2008-07-15,2200
2037,2008-07-16,2200
2038,2008-07-17,2200
2039,2008-07-18,2200
2040,2008-07-19,2200
2041,2008-07-20,2200
2042,2008-07-21,2200
2043,2008-07-22,2200
2044,2008-07-23,2200
2045,2008-07-24,2200
2046,2008-07-25,2200
2047,2008-07-26,2200
2048,2008-07-27,2200
2049,2008-07-28,2200
2050,2008-07-29,2200
2051,2008-07-30,2200
2052,2008-07-31,2200
2053,2008-08-01,2200
2054,2008-08-02,2200
2055,2008-08-03,2200
2056,2008-08-04,2200
2057,2008-08-05,2200
2058,2008-08-06,2200
2059,2008-08-07,2200
2060,2008-08-08,2200
2061,2008-08-09,2200
2062,2008-08-10,2200
2063,2008-08-11,2200
2064,2008-08-12,2200
2065,2008-08-13,2200
2066,2008-08-14,2200
2067,2008-08-15,2200
2068,2008-08-16,2200
2069,2008-08-17,2200
2070,2008-08-18,2200
2071,2008-08-19,2200
2072,2008-08-20,2200
2073,2008-08-21,2200
2074,2008-08-22,2200
2075,2008-08-23,2200
2076,2008-08-24,2200
2077,2008-08-25,2200
2078,2008-08-26,2200
2079,2008-08-27,2200
2080,2008-08-28,2200
2081,2008-08-29,2200
2082,2008-08-30,2200
2083,2008-08-31,2200
2084,2008-09-01,2200
2085,2008-09-02,2200
2086,2008-09-03,2200
2087,2008-09-04,2200
2088,2008-09-05,2200
2089,2008-09-06,2200
2090,2008-09-07,2200
2091,2008-09-08,2200
2092,2008-09-09,2200
2093,2008-09-10,2200
2094,2008-09-11,2200
2095,2008-09-12,2200
2096,2008-09-13,2200
2097,2008-09-14,2200
2098,2008-09-15,2200
2099,2008-09-16,2200
2100,2008-09-17,2200
2101,2008-09-18,2200
2102,2008-09-19,2200
2103,2008-09-20,2200
2104,2008-09-21,2200
2105,2008-09-22,2200
2106,2008-09-23,2200
2107,2008-09-24,2200
2108,2008-09-25,2200
2109,2008-09-26,2200
2110,2008-09-27,2200
2111,2008-09-28,2200
2112,2008-09-29,2200
2113,2008-09-30,2200
2114,2008-10-01,2200
2115,2008-10-02,2200
2116,2008-10-03,2200
2117,2008-10-04,2200
2118,2008-10-05,2200
2119,2008-10-06,2200
2120,2008-10-07,2200
2121,2008-10-08,2200
2122,2008-10-09,2200
2123,2008-10-10,2200
2124,2008-10-11,2200
2125,2008-10-12,2200
2126,2008-10-13,2200
2127,2008-10-14,2200
2128,2008-10-15,2200
2129,2008-10-16,2200
2130,2008-10-17,2200
2131,2008-10-18,2200
2132,2008-10-19,2200
2133,2008-10-20,2200
2134,2008-10-21,2200
2135,2008-10-22,2200
2136,2008-10-23,2200
2137,2008-10-24,2200
2138,2008-10-25,2200
2139,2008-10-26,2200
2140,2008-10-27,2200
2141,2008-10-28,2200
2142,2008-10-29,2200
2143,2008-10-30,2200
2144,2008-10-31,2200
2145,2008-11-01,2200
2146,2008-11-02,2200
2147,2008-11-03,2200
2148,2008-11-04,2200
2149,2008-11-05,2200
2150,2008-11-06,2200
2151,2008-11-07,2200
2152,2008-11-08,2200
2153,2008-11-09,2200
2154,2008-11-10,2200
2155,2008-11-11,2200
2156,2008-11-12,2200
2157,2008-11-13,2200
2158,2008-11-14,2200
2159,2008-11-15,2200
2160,2008-11-16,2200
2161,2008-11-17,2200
2162,2008-11-18,2200
2163,2008-11-19,2200
2164,2008-11-20,2200
2165,2008-11-21,2200
2166,2008-11-22,2200
2167,2008-11-23,2200
2168,2008-11-24,2200
2169,2008-11-25,2200
2170,2008-11-26,2200
2171,2008-11-27,2200
2172,2008-11-28,2200
2173,2008-11-29,2200
2174,2008-11-30,2200
2175,2008-12-01,2200
2176,2008-12-02,2200
2177,2008-12-03,2200
2178,2008-12-04,2200
2179,2008-12-05,2200
2180,2008-12-06,2200
2181,2008-12-07,2200
2182,2008-12-08,2200
2183,2008-12-09,2200
2184,2008-12-10,2200
2185,2008-12-11,2200
2186,2008-12-12,2200
2187,2008-12-13,2200
2188,2008-12-14,2200
2189,2008-12-15,2200
2190,2008-12-16,2200
2191,2008-12-17,2200
2192,2008-12-18,2200
2193,2008-12-19,2200
2194,2008-12-20,2200
2195,2008-12-21,2200
2196,2008-12-22,2200
2197,2008-12-23,2200
2198,2008-12-24,2200
2199,2008-12-25,2200
2200,2008-12-26,2200
2201,2008-12-27,2200
2202,2008-12-28,2200
2203,2008-12-29,2200
2204,2008-12-30,2200
2205,2008-12-31,2200
2206,2009-01-01,2200
2207,2009-01-02,2200
2208,2009-01-03,2200
2209,2009-01-04,2200
2210,2009-01-05,2200
2211,2009-01-06,2200
2212,2009-01-07,2200
2213,2009-01-08,2200
2214,2009-01-09,2200
2215,2009-01-10,2200
2216,2009-01-11,2200
2217,2009-01-12,2200
2218,2009-01-13,2200
2219,2009-01-14,2200
2220,2009-01-15,2200
2221,2009-01-16,2200
2222,2009-01-17,2200
2223,2009-01-18,2200
2224,2009-01-19,2200
2225,2009-01-20,2200
2226,2009-01-21,2200
2227,2009-01-22,2200
2228,2009-01-23,2200
2229,2009-01-24,2200
2230,2009-01-25,2200
2231,2009-01-26,2200
2232,2009-01-27,2200
2233,2009-01-28,2200
2234,2009-01-29,2200
2235,2009-01-30,2200
2236,2009-01-31,2200
2237,2009-02-01,2200
2238,2009-02-02,2200
2239,2009-02-03,2200
2240,2009-02-04,2200
2241,2009-02-05,2200
2242,2009-02-06,2200
2243,2009-02-07,2200
2244,2009-02-08,2200
2245,2009-02-09,2200
2246,2009-02-10,2200
2247,2009-02-11,2200
2248,2009-02-12,2200
2249,2009-02-13,2200
2250,2009-02-14,2200
2251,2009-02-15,2200
2252,2009-02-16,2200
2253,2009-02-17,2200
2254,2009-02-18,2200
2255,2009-02-19,2200
2256,2009-02-20,2200
2257,2009-02-21,2200
2258,2009-02-22,2200
2259,2009-02-23,2200
2260,2009-02-24,2200
2261,2009-02-25,2200
2262,2009-02-26,2200
2263,2009-02-27,2200
2264,2009-02-28,2200
2265,2009-03-01,2200
2266,2009-03-02,2200
2267,2009-03-03,2200
2268,2009-03-04,2200
2269,2009-03-05,2200
2270,2009-03-06,2200
2271,2009-03-07,2200
2272,2009-03-08,2200
2273,2009-03-09,2200
2274,2009-03-10,2200
2275,2009-03-11,2200
2276,2009-03-12,2200
2277,2009-03-13,2200
2278,2009-03-14,2200
2279,2009-03-15,2200
2280,2009-03-16,2200
2281,2009-03-17,2200
2282,2009-03-18,2200
2283,2009-03-19,2200
2284,2009-03-20,2200
2285,2009-03-21,2200
2286,2009-03-22,2200
2287,2009-03-23,2200
2288,2009-03-24,2200
2289,2009-03-25,2200
2290,2009-03-26,2200
2291,2009-03-27,2200
2292,2009-03-28,2200
2293,2009-03-29,2200
2294,2009-03-30,2200
2295,2009-03-31,2200
2296,2009-04-01,2200
2297,2009-04-02,2200
2298,2009-04-03,2200
2299,2009-04-04,2200
2300,2009-04-05,2200
2301,2009-04-06,2200
2302,2009-04-07,2200
2303,2009-04-08,2200
2304,2009-04-09,2200
2305,2009-04-10,2200
2306,2009-04-11,2200
2307,2009-04-12,2200
2308,2009-04-13,2200
2309,2009-04-14,2200
2310,2009-04-15,2200
2311,2009-04-16,2200
2312,2009-04-17,2200
2313,2009-04-18,2200
2314,2009-04-19,2200
2315,2009-04-20,2200
2316,2009-04-21,2200
2317,2009-04-22,2200
2318,2009-04-23,2200
2319,2009-04-24,2200
2320,2009-04-25,2200
2321,2009-04-26,2200
2322,2009-04-27,2200
2323,2009-04-28,2200
2324,2009-04-29,2200
2325,2009-04-30,2200
2326,2009-05-01,2200
2327,2009-05-02,2200
2328,2009-05-03,2200
2329,2009-05-04,2200
2330,2009-05-05,2200
2331,2009-05-06,2200
2332,2009-05-07,2200
2333,2009-05-08,2200
2334,2009-05-09,2200
2335,2009-05-10,2200
2336,2009-05-11,2200
2337,2009-05-12,2200
2338,2009-05-13,2200
2339,2009-05-14,2200
2340,2009-05-15,2200
2341,2009-05-16,2200
2342,2009-05-17,2200
2343,2009-05-18,2200
2344,2009-05-19,2200
2345,2009-05-20,2200
2346,2009-05-21,2200
2347,2009-05-22,2200
2348,2009-05-23,2200
2349,2009-05-24,2200
2350,2009-05-25,2200
2351,2009-05-26,2200
2352,2009-05-27,2200
2353,2009-05-28,2200
2354,2009-05-29,2200
2355,2009-05-30,2200
2356,2009-05-31,2200
2357,2009-06-01,2200
2358,2009-06-02,2200
2359,2009-06-03,2200
2360,2009-06-04,2200
2361,2009-06-05,2200
2362,2009-06-06,2200
2363,2009-06-07,2200
2364,2009-06-08,2200
2365,2009-06-09,2200
2366,2009-06-10,2200
2367,2009-06-11,2200
2368,2009-06-12,2200
2369,2009-06-13,2200
2370,2009-06-14,2200
2371,2009-06-15,2200
2372,2009-06-16,2200
2373,2009-06-17,2200
2374,2009-06-18,2200
2375,2009-06-19,2200
2376,2009-06-20,2200
2377,2009-06-21,2200
2378,2009-06-22,2200
2379,2009-06-23,2200
2380,2009-06-24,2200
2381,2009-06-25,2200
2382,2009-06-26,2200
2383,2009-06-27,2200
2384,2009-06-28,2200
2385,2009-06-29,2200
2386,2009-06-30,2200
2387,2009-07-01,2200
2388,2009-07-02,2200
2389,2009-07-03,2200
2390,2009-07-04,2200
2391,2009-07-05,2200
2392,2009-07-06,2200
2393,2009-07-07,2200
2394,2009-07-08,2200
2395,2009-07-09,2200
2396,2009-07-10,2200
2397,2009-07-11,2200
2398,2009-07-12,2200
2399,2009-07-13,2200
2400,2009-07-14,2200
2401,2009-07-15,2200
2402,2009-07-16,2200
2403,2009-07-17,2200
2404,2009-07-18,2200
2405,2009-07-19,2200
2406,2009-07-20,2200
2407,2009-07-21,2200
2408,2009-07-22,2200
2409,2009-07-23,2200
2410,2009-07-24,2200
2411,2009-07-25,2200
2412,2009-07-26,2200
2413,2009-07-27,2200
2414,2009-07-28,2200
2415,2009-07-29,2200
2416,2009-07-30,2200
2417,2009-07-31,2200
2418,2009-08-01,2200
2419,2009-08-02,2200
2420,2009-08-03,2200
2421,2009-08-04,2200
2422,2009-08-05,2200
2423,2009-08-06,2200
2424,2009-08-07,2200
2425,2009-08-08,2200
2426,2009-08-09,2200
2427,2009-08-10,2200
2428,2009-08-11,2200
2429,2009-08-12,2200
2430,2009-08-13,2200
2431,2009-08-14,2200
2432,2009-08-15,2200
2433,2009-08-16,2200
2434,2009-08-17,2200
2435,2009-08-18,2200
2436,2009-08-19,2200
2437,2009-08-20,2200
2438,2009-08-21,2200
2439,2009-08-22,2200
2440,2009-08-23,2200
2441,2009-08-24,2200
2442,2009-08-25,2200
2443,2009-08-26,2200
2444,2009-08-27,2200
2445,2009-08-28,2200
2446,2009-08-29,2200
2447,2009-08-30,2200
2448,2009-08-31,2200
2449,2009-09-01,2200
2450,2009-09-02,2200
2451,2009-09-03,2200
2452,2009-09-04,2200
2453,2009-09-05,2200
2454,2009-09-06,2200
2455,2009-09-07,2200
2456,2009-09-08,2200
2457,2009-09-09,2200
2458,2009-09-10,2200
2459,2009-09-11,2200
2460,2009-09-12,2200
2461,2009-09-13,2200
2462,2009-09-14,2200
2463,2009-09-15,2200
2464,2009-09-16,2200
2465,2009-09-17,2200
2466,2009-09-18,2200
2467,2009-09-19,2200
2468,2009-09-20,2200
2469,2009-09-21,2200
2470,2009-09-22,2200
2471,2009-09-23,5200
2472,2009-09-24,5200
2473,2009-09-25,5200
2474,2009-09-26,5200
2475,2009-09-27,5200
2476,2009-09-28,5200
2477,2009-09-29,5200
2478,2009-09-30,5200
2479,2009-10-01,5200
2480,2009-10-02,5200
2481,2009-10-03,5200
2482,2009-10-04,5200
2483,2009-10-05,5200
2484,2009-10-06,5200
2485,2009-10-07,5200
2486,2009-10-08,5200
2487,2009-10-09,5200
2488,2009-10-10,5200
2489,2009-10-11,5200
2490,2009-10-12,5200
2491,2009-10-13,5200
2492,2009-10-14,5200
2493,2009-10-15,5200
2494,2009-10-16,5200
2495,2009-10-17,5200
2496,2009-10-18,5200
2497,2009-10-19,5200
2498,2009-10-20,5200
2499,2009-10-21,5200
2500,2009-10-22,5200
2501,2009-10-23,5200
2502,2009-10-24,5200
2503,2009-10-25,5200
2504,2009-10-26,5200
2505,2009-10-27,5200
2506,2009-10-28,5200
2507,2009-10-29,5200
2508,2009-10-30,5200
2509,2009-10-31,5200
2510,2009-11-01,5200
2511,2009-11-02,5200
2512,2009-11-03,5200
2513,2009-11-04,5200
2514,2009-11-05,5200
2515,2009-11-06,5200
2516,2009-11-07,5200
2517,2009-11-08,5200
2518,2009-11-09,5200
2519,2009-11-10,5200
2520,2009-11-11,5200
2521,2009-11-12,5200
2522,2009-11-13,5200
2523,2009-11-14,5200
2524,2009-11-15,5200
2525,2009-11-16,5200
2526,2009-11-17,5200
2527,2009-11-18,5200
2528,2009-11-19,5200
2529,2009-11-20,5200
2530,2009-11-21,5200
2531,2009-11-22,5200
2532,2009-11-23,5200
2533,2009-11-24,5200
2534,2009-11-25,5200
2535,2009-11-26,5200
2536,2009-11-27,5200
2537,2009-11-28,5200
2538,2009-11-29,5200
2539,2009-11-30,5200
2540,2009-12-01,5200
2541,2009-12-02,5200
2542,2009-12-03,5200
2543,2009-12-04,5200
2544,2009-12-05,5200
2545,2009-12-06,5200
2546,2009-12-07,5200
2547,2009-12-08,5200
2548,2009-12-09,5200
2549,2009-12-10,5200
2550,2009-12-11,5200
2551,2009-12-12,5200
2552,2009-12-13,5200
2553,2009-12-14,5200
2554,2009-12-15,5200
2555,2009-12-16,5200
2556,2009-12-17,5200
2557,2009-12-18,5200
2558,2009-12-19,5200
2559,2009-12-20,5200
2560,2009-12-21,5200
2561,2009-12-22,5200
2562,2009-12-23,5200
2563,2009-12-24,5200
2564,2009-12-25,5200
2565,2009-12-26,5200
2566,2009-12-27,5200
2567,2009-12-28,5200
2568,2009-12-29,5200
2569,2009-12-30,5200
2570,2009-12-31,5200
2571,2010-01-01,5200
2572,2010-01-02,5200
2573,2010-01-03,5200
2574,2010-01-04,5200
2575,2010-01-05,5200
2576,2010-01-06,5200
2577,2010-01-07,5200
2578,2010-01-08,5200
2579,2010-01-09,5200
2580,2010-01-10,5200
2581,2010-01-11,5200
2582,2010-01-12,5200
2583,2010-01-13,5200
2584,2010-01-14,5200
2585,2010-01-15,5200
2586,2010-01-16,5200
2587,2010-01-17,5200
2588,2010-01-18,5200
2589,2010-01-19,5200
2590,2010-01-20,5200
2591,2010-01-21,5200
2592,2010-01-22,5200
2593,2010-01-23,5200
2594,2010-01-24,5200
2595,2010-01-25,5200
2596,2010-01-26,5200
2597,2010-01-27,5200
2598,2010-01-28,5200
2599,2010-01-29,5200
2600,2010-01-30,5200
2601,2010-01-31,5200
2602,2010-02-01,5200
2603,2010-02-02,5200
2604,2010-02-03,5200
2605,2010-02-04,5200
2606,2010-02-05,5200
2607,2010-02-06,5200
2608,2010-02-07,5200
2609,2010-02-08,5200
2610,2010-02-09,5200
2611,2010-02-10,5200
2612,2010-02-11,5200
2613,2010-02-12,5200
2614,2010-02-13,5200
2615,2010-02-14,5200
2616,2010-02-15,5200
2617,2010-02-16,5200
2618,2010-02-17,5200
2619,2010-02-18,5200
2620,2010-02-19,5200
2621,2010-02-20,5200
2622,2010-02-21,5200
2623,2010-02-22,5200
2624,2010-02-23,5200
2625,2010-02-24,5200
2626,2010-02-25,5200
2627,2010-02-26,5200
2628,2010-02-27,5200
2629,2010-02-28,5200
2630,2010-03-01,5200
2631,2010-03-02,5200
2632,2010-03-03,5200
2633,2010-03-04,5200
2634,2010-03-05,5200
2635,2010-03-06,5200
2636,2010-03-07,5200
2637,2010-03-08,5200
2638,2010-03-09,5200
2639,2010-03-10,5200
2640,2010-03-11,5200
2641,2010-03-12,5200
2642,2010-03-13,5200
2643,2010-03-14,5200
2644,2010-03-15,5200
2645,2010-03-16,5200
2646,2010-03-17,5200
2647,2010-03-18,5200
2648,2010-03-19,5200
2649,2010-03-20,5200
2650,2010-03-21,5200
2651,2010-03-22,5200
2652,2010-03-23,5200
2653,2010-03-24,5200
2654,2010-03-25,5200
2655,2010-03-26,5200
2656,2010-03-27,5200
2657,2010-03-28,5200
2658,2010-03-29,5200
2659,2010-03-30,5200
2660,2010-03-31,5200
2661,2010-04-01,5200
2662,2010-04-02,5200
2663,2010-04-03,5200
2664,2010-04-04,5200
2665,2010-04-05,5200
2666,2010-04-06,5200
2667,2010-04-07,5200
2668,2010-04-08,5200
2669,2010-04-09,5200
2670,2010-04-10,5200
2671,2010-04-11,5200
2672,2010-04-12,5200
2673,2010-04-13,5200
2674,2010-04-14,5200
2675,2010-04-15,5200
2676,2010-04-16,5200
2677,2010-04-17,5200
2678,2010-04-18,5200
2679,2010-04-19,5200
2680,2010-04-20,5200
2681,2010-04-21,5200
2682,2010-04-22,5200
2683,2010-04-23,5200
2684,2010-04-24,5200
2685,2010-04-25,5200
2686,2010-04-26,5200
2687,2010-04-27,5200
2688,2010-04-28,5200
2689,2010-04-29,5200
2690,2010-04-30,5200
2691,2010-05-01,5200
2692,2010-05-02,5200
2693,2010-05-03,5200
2694,2010-05-04,5200
2695,2010-05-05,5200
2696,2010-05-06,5200
2697,2010-05-07,5200
2698,2010-05-08,5200
2699,2010-05-09,5200
2700,2010-05-10,5200
2701,2010-05-11,5200
2702,2010-05-12,5200
2703,2010-05-13,5200
2704,2010-05-14,5200
2705,2010-05-15,5200
2706,2010-05-16,5200
2707,2010-05-17,5200
2708,2010-05-18,5200
2709,2010-05-19,5200
2710,2010-05-20,5200
2711,2010-05-21,5200
2712,2010-05-22,5200
2713,2010-05-23,5200
2714,2010-05-24,5200
2715,2010-05-25,5200
2716,2010-05-26,5200
2717,2010-05-27,5200
2718,2010-05-28,5200
2719,2010-05-29,5200
2720,2010-05-30,5200
2721,2010-05-31,5200
2722,2010-06-01,5200
2723,2010-06-02,5200
2724,2010-06-03,5200
2725,2010-06-04,5200
2726,2010-06-05,5200
2727,2010-06-06,5200
2728,2010-06-07,5200
2729,2010-06-08,5200
2730,2010-06-09,5200
2731,2010-06-10,5200
2732,2010-06-11,5200
2733,2010-06-12,5200
2734,2010-06-13,5200
2735,2010-06-14,5200
2736,2010-06-15,5200
2737,2010-06-16,5200
2738,2010-06-17,5200
2739,2010-06-18,5200
2740,2010-06-19,5200
2741,2010-06-20,5200
2742,2010-06-21,5200
2743,2010-06-22,5200
2744,2010-06-23,5200
2745,2010-06-24,5200
2746,2010-06-25,5200
2747,2010-06-26,5200
2748,2010-06-27,5200
2749,2010-06-28,5200
2750,2010-06-29,5200
2751,2010-06-30,5200
2752,2010-07-01,5200
2753,2010-07-02,5200
2754,2010-07-03,5200
2755,2010-07-04,5200
2756,2010-07-05,5200
2757,2010-07-06,5200
2758,2010-07-07,5200
2759,2010-07-08,5200
2760,2010-07-09,5200
2761,2010-07-10,5200
2762,2010-07-11,5200
2763,2010-07-12,5200
2764,2010-07-13,5200
2765,2010-07-14,5200
2766,2010-07-15,5200
2767,2010-07-16,5200
2768,2010-07-17,5200
2769,2010-07-18,5200
2770,2010-07-19,5200
2771,2010-07-20,5200
2772,2010-07-21,5200
2773,2010-07-22,5200
2774,2010-07-23,5200
2775,2010-07-24,5200
2776,2010-07-25,5200
2777,2010-07-26,5200
2778,2010-07-27,5200
2779,2010-07-28,5200
2780,2010-07-29,5200
2781,2010-07-30,5200
2782,2010-07-31,5200
2783,2010-08-01,5200
2784,2010-08-02,5200
2785,2010-08-03,5200
2786,2010-08-04,5200
2787,2010-08-05,5200
2788,2010-08-06,5200
2789,2010-08-07,5200
2790,2010-08-08,5200
2791,2010-08-09,5200
2792,2010-08-10,5200
2793,2010-08-11,5200
2794,2010-08-12,5200
2795,2010-08-13,5200
2796,2010-08-14,5200
2797,2010-08-15,5200
2798,2010-08-16,5200
2799,2010-08-17,5200
2800,2010-08-18,5200
2801,2010-08-19,5200
2802,2010-08-20,5200
2803,2010-08-21,5200
2804,2010-08-22,5200
2805,2010-08-23,5200
2806,2010-08-24,5200
2807,2010-08-25,5200
2808,2010-08-26,5200
2809,2010-08-27,5200
2810,2010-08-28,5200
2811,2010-08-29,5200
2812,2010-08-30,5200
2813,2010-08-31,5200
2814,2010-09-01,5200
2815,2010-09-02,5200
2816,2010-09-03,5200
2817,2010-09-04,5200
2818,2010-09-05,5200
2819,2010-09-06,5200
2820,2010-09-07,5200
2821,2010-09-08,5200
2822,2010-09-09,5200
2823,2010-09-10,5200
2824,2010-09-11,5200
2825,2010-09-12,5200
2826,2010-09-13,5200
2827,2010-09-14,5200
2828,2010-09-15,5200
2829,2010-09-16,5200
2830,2010-09-17,5200
2831,2010-09-18,5200
2832,2010-09-19,5200
2833,2010-09-20,5200
2834,2010-09-21,5200
2835,2010-09-22,5200
2836,2010-09-23,5200
2837,2010-09-24,5200
2838,2010-09-25,5200
2839,2010-09-26,5200
2840,2010-09-27,5200
2841,2010-09-28,5200
2842,2010-09-29,5200
2843,2010-09-30,5200
2844,2010-10-01,5200
2845,2010-10-02,5200
2846,2010-10-03,5200
2847,2010-10-04,5200
2848,2010-10-05,5200
2849,2010-10-06,5200
2850,2010-10-07,5200
2851,2010-10-08,5200
2852,2010-10-09,5200
2853,2010-10-10,5200
2854,2010-10-11,5200
2855,2010-10-12,5200
2856,2010-10-13,5200
2857,2010-10-14,5200
2858,2010-10-15,5200
2859,2010-10-16,5200
2860,2010-10-17,5200
2861,2010-10-18,5200
2862,2010-10-19,5200
2863,2010-10-20,5200
2864,2010-10-21,5200
2865,2010-10-22,5200
2866,2010-10-23,5200
2867,2010-10-24,5200
2868,2010-10-25,5200
2869,2010-10-26,5200
2870,2010-10-27,5200
2871,2010-10-28,5200
2872,2010-10-29,5200
2873,2010-10-30,5200
2874,2010-10-31,5200
2875,2010-11-01,5200
2876,2010-11-02,5200
2877,2010-11-03,5200
2878,2010-11-04,5200
2879,2010-11-05,5200
2880,2010-11-06,5200
2881,2010-11-07,5200
2882,2010-11-08,5200
2883,2010-11-09,5200
2884,2010-11-10,5200
2885,2010-11-11,5200
2886,2010-11-12,5200
2887,2010-11-13,5200
2888,2010-11-14,5200
2889,2010-11-15,5200
2890,2010-11-16,5200
2891,2010-11-17,5200
2892,2010-11-18,5200
2893,2010-11-19,5200
2894,2010-11-20,5200
2895,2010-11-21,5200
2896,2010-11-22,5200
2897,2010-11-23,5200
2898,2010-11-24,5200
2899,2010-11-25,5200
2900,2010-11-26,5200
2901,2010-11-27,5200
2902,2010-11-28,5200
2903,2010-11-29,5200
2904,2010-11-30,5200
2905,2010-12-01,5200
2906,2010-12-02,5200
2907,2010-12-03,5200
2908,2010-12-04,5200
2909,2010-12-05,5200
2910,2010-12-06,5200
2911,2010-12-07,5200
2912,2010-12-08,5200
2913,2010-12-09,5200
2914,2010-12-10,5200
2915,2010-12-11,5200
2916,2010-12-12,5200
2917,2010-12-13,5200
2918,2010-12-14,5200
2919,2010-12-15,5200
2920,2010-12-16,5200
2921,2010-12-17,5200
2922,2010-12-18,5200
2923,2010-12-19,5200
2924,2010-12-20,5200
2925,2010-12-21,5200
2926,2010-12-22,5200
2927,2010-12-23,5200
2928,2010-12-24,5200
2929,2010-12-25,5200
2930,2010-12-26,5200
2931,2010-12-27,5200
2932,2010-12-28,5200
2933,2010-12-29,5200
2934,2010-12-30,5200
2935,2010-12-31,5200
2936,2011-01-01,5200
2937,2011-01-02,5200
2938,2011-01-03,5200
2939,2011-01-04,5200
2940,2011-01-05,5200
2941,2011-01-06,5200
2942,2011-01-07,5200
2943,2011-01-08,5200
2944,2011-01-09,5200
2945,2011-01-10,5200
2946,2011-01-11,5200
2947,2011-01-12,5200
2948,2011-01-13,5200
2949,2011-01-14,5200
2950,2011-01-15,5200
2951,2011-01-16,5200
2952,2011-01-17,5200
2953,2011-01-18,5200
2954,2011-01-19,5200
2955,2011-01-20,5200
2956,2011-01-21,5200
2957,2011-01-22,5200
2958,2011-01-23,5200
2959,2011-01-24,5200
2960,2011-01-25,5200
2961,2011-01-26,5200
2962,2011-01-27,5200
2963,2011-01-28,5200
2964,2011-01-29,5200
2965,2011-01-30,5200
2966,2011-01-31,5200
2967,2011-02-01,5200
2968,2011-02-02,5200
2969,2011-02-03,5200
2970,2011-02-04,5200
2971,2011-02-05,5200
2972,2011-02-06,5200
2973,2011-02-07,5200
2974,2011-02-08,5200
2975,2011-02-09,5200
2976,2011-02-10,5200
2977,2011-02-11,5200
2978,2011-02-12,5200
2979,2011-02-13,5200
2980,2011-02-14,5200
2981,2011-02-15,5200
2982,2011-02-16,5200
2983,2011-02-17,5200
2984,2011-02-18,5200
2985,2011-02-19,5200
2986,2011-02-20,5200
2987,2011-02-21,5200
2988,2011-02-22,5200
2989,2011-02-23,5200
2990,2011-02-24,5200
2991,2011-02-25,5200
2992,2011-02-26,5200
2993,2011-02-27,5200
2994,2011-02-28,5200
2995,2011-03-01,5200
2996,2011-03-02,5200
2997,2011-03-03,5200
2998,2011-03-04,5200
2999,2011-03-05,5200
3000,2011-03-06,5200
3001,2011-03-07,5200
3002,2011-03-08,5200
3003,2011-03-09,5200
3004,2011-03-10,5200
3005,2011-03-11,5200
3006,2011-03-12,5200
3007,2011-03-13,5200
3008,2011-03-14,5200
3009,2011-03-15,5200
3010,2011-03-16,5200
3011,2011-03-17,5200
3012,2011-03-18,5200
3013,2011-03-19,5200
3014,2011-03-20,5200
3015,2011-03-21,5200
3016,2011-03-22,5200
3017,2011-03-23,5200
3018,2011-03-24,5200
3019,2011-03-25,5200
3020,2011-03-26,5200
3021,2011-03-27,5200
3022,2011-03-28,5200
3023,2011-03-29,5200
3024,2011-03-30,5200
3025,2011-03-31,5200
3026,2011-04-01,5200
3027,2011-04-02,5200
3028,2011-04-03,5200
3029,2011-04-04,5200
3030,2011-04-05,5200
3031,2011-04-06,5200
3032,2011-04-07,5200
3033,2011-04-08,5200
3034,2011-04-09,5200
3035,2011-04-10,5200
3036,2011-04-11,5200
3037,2011-04-12,5200
3038,2011-04-13,5200
3039,2011-04-14,5200
3040,2011-04-15,5200
3041,2011-04-16,5200
3042,2011-04-17,5200
3043,2011-04-18,5200
3044,2011-04-19,5200
3045,2011-04-20,5200
3046,2011-04-21,5200
3047,2011-04-22,5200
3048,2011-04-23,5200
3049,2011-04-24,5200
3050,2011-04-25,5200
3051,2011-04-26,5200
3052,2011-04-27,5200
3053,2011-04-28,5200
3054,2011-04-29,5200
3055,2011-04-30,5200
3056,2011-05-01,5200
3057,2011-05-02,5200
3058,2011-05-03,5200
3059,2011-05-04,5200
3060,2011-05-05,5200
3061,2011-05-06,5200
3062,2011-05-07,5200
3063,2011-05-08,5200
3064,2011-05-09,5200
3065,2011-05-10,5200
3066,2011-05-11,5200
3067,2011-05-12,5200
3068,2011-05-13,5200
3069,2011-05-14,5200
3070,2011-05-15,5200
3071,2011-05-16,5200
3072,2011-05-17,5200
3073,2011-05-18,5200
3074,2011-05-19,5200
3075,2011-05-20,5200
3076,2011-05-21,5200
3077,2011-05-22,5200
3078,2011-05-23,5200
3079,2011-05-24,5200
3080,2011-05-25,5200
3081,2011-05-26,5200
3082,2011-05-27,5200
3083,2011-05-28,5200
3084,2011-05-29,5200
3085,2011-05-30,5200
3086,2011-05-31,5200
3087,2011-06-01,5200
3088,2011-06-02,5200
3089,2011-06-03,5200
3090,2011-06-04,5200
3091,2011-06-05,5200
3092,2011-06-06,5200
3093,2011-06-07,5200
3094,2011-06-08,5200
3095,2011-06-09,5200
3096,2011-06-10,5200
3097,2011-06-11,5200
3098,2011-06-12,5200
3099,2011-06-13,5200
3100,2011-06-14,5200
3101,2011-06-15,5200
3102,2011-06-16,5200
3103,2011-06-17,5200
3104,2011-06-18,5200
3105,2011-06-19,5200
3106,2011-06-20,5200
3107,2011-06-21,5200
3108,2011-06-22,5200
3109,2011-06-23,5200
3110,2011-06-24,5200
3111,2011-06-25,5200
3112,2011-06-26,5200
3113,2011-06-27,5200
3114,2011-06-28,5200
3115,2011-06-29,5200
3116,2011-06-30,5200
3117,2011-07-01,5200
3118,2011-07-02,5200
3119,2011-07-03,5200
3120,2011-07-04,5200
3121,2011-07-05,5200
3122,2011-07-06,5200
3123,2011-07-07,5200
3124,2011-07-08,5200
3125,2011-07-09,5200
3126,2011-07-10,5200
3127,2011-07-11,5200
3128,2011-07-12,5200
3129,2011-07-13,5200
3130,2011-07-14,5200
3131,2011-07-15,5200
3132,2011-07-16,5200
3133,2011-07-17,5200
3134,2011-07-18,5200
3135,2011-07-19,5200
3136,2011-07-20,5200
3137,2011-07-21,5200
3138,2011-07-22,5200
3139,2011-07-23,5200
3140,2011-07-24,5200
3141,2011-07-25,5200
3142,2011-07-26,5200
3143,2011-07-27,5200
3144,2011-07-28,5200
3145,2011-07-29,5200
3146,2011-07-30,5200
3147,2011-07-31,5200
3148,2011-08-01,5200
3149,2011-08-02,5200
3150,2011-08-03,5200
3151,2011-08-04,5200
3152,2011-08-05,5200
3153,2011-08-06,5200
3154,2011-08-07,5200
3155,2011-08-08,5200
3156,2011-08-09,5200
3157,2011-08-10,5200
3158,2011-08-11,5200
3159,2011-08-12,5200
3160,2011-08-13,5200
3161,2011-08-14,5200
3162,2011-08-15,5200
3163,2011-08-16,5200
3164,2011-08-17,5200
3165,2011-08-18,5200
3166,2011-08-19,5200
3167,2011-08-20,5200
3168,2011-08-21,5200
3169,2011-08-22,5200
3170,2011-08-23,5200
3171,2011-08-24,5200
3172,2011-08-25,5200
3173,2011-08-26,5200
3174,2011-08-27,5200
3175,2011-08-28,5200
3176,2011-08-29,5200
3177,2011-08-30,5200
3178,2011-08-31,5200
3179,2011-09-01,5200
3180,2011-09-02,5200
3181,2011-09-03,5200
3182,2011-09-04,5200
3183,2011-09-05,5200
3184,2011-09-06,5200
3185,2011-09-07,5200
3186,2011-09-08,5200
3187,2011-09-09,5200
3188,2011-09-10,5200
3189,2011-09-11,5200
3190,2011-09-12,5200
3191,2011-09-13,5200
3192,2011-09-14,5200
3193,2011-09-15,5200
3194,2011-09-16,5200
3195,2011-09-17,5200
3196,2011-09-18,5200
3197,2011-09-19,5200
3198,2011-09-20,5200
3199,2011-09-21,5200
3200,2011-09-22,5200
3201,2011-09-23,5200
3202,2011-09-24,5200
3203,2011-09-25,5200
3204,2011-09-26,5200
3205,2011-09-27,5200
3206,2011-09-28,5200
3207,2011-09-29,5200
3208,2011-09-30,5200
3209,2011-10-01,5200
3210,2011-10-02,5200
3211,2011-10-03,5200
3212,2011-10-04,5200
3213,2011-10-05,5200
3214,2011-10-06,5200
3215,2011-10-07,5200
3216,2011-10-08,5200
3217,2011-10-09,5200
3218,2011-10-10,5200
3219,2011-10-11,5200
3220,2011-10-12,5200
3221,2011-10-13,5200
3222,2011-10-14,5200
3223,2011-10-15,5200
3224,2011-10-16,5200
3225,2011-10-17,5200
3226,2011-10-18,5200
3227,2011-10-19,5200
3228,2011-10-20,5200
3229,2011-10-21,5200
3230,2011-10-22,5200
3231,2011-10-23,5200
3232,2011-10-24,5200
3233,2011-10-25,5200
3234,2011-10-26,5200
3235,2011-10-27,5200
3236,2011-10-28,5200
3237,2011-10-29,5200
3238,2011-10-30,5200
3239,2011-10-31,5200
3240,2011-11-01,5200
3241,2011-11-02,5200
3242,2011-11-03,5200
3243,2011-11-04,5200
3244,2011-11-05,5200
3245,2011-11-06,5200
3246,2011-11-07,5200
3247,2011-11-08,5200
3248,2011-11-09,5200
3249,2011-11-10,5200
3250,2011-11-11,5200
3251,2011-11-12,5200
3252,2011-11-13,5200
3253,2011-11-14,5200
3254,2011-11-15,5200
3255,2011-11-16,5200
3256,2011-11-17,5200
3257,2011-11-18,5200
3258,2011-11-19,5200
3259,2011-11-20,5200
3260,2011-11-21,5200
3261,2011-11-22,5200
3262,2011-11-23,5200
3263,2011-11-24,5200
3264,2011-11-25,5200
3265,2011-11-26,5200
3266,2011-11-27,5200
3267,2011-11-28,5200
3268,2011-11-29,5200
3269,2011-11-30,5200
3270,2011-12-01,5200
3271,2011-12-02,5200
3272,2011-12-03,5200
3273,2011-12-04,5200
3274,2011-12-05,5200
3275,2011-12-06,5200
3276,2011-12-07,5200
3277,2011-12-08,5200
3278,2011-12-09,5200
3279,2011-12-10,5200
3280,2011-12-11,5200
3281,2011-12-12,5200
3282,2011-12-13,5200
3283,2011-12-14,5200
3284,2011-12-15,5200
3285,2011-12-16,5200
3286,2011-12-17,5200
3287,2011-12-18,5200
3288,2011-12-19,5200
3289,2011-12-20,5200
3290,2011-12-21,5200
3291,2011-12-22,5200
3292,2011-12-23,5200
3293,2011-12-24,5200
3294,2011-12-25,5200
3295,2011-12-26,5200
3296,2011-12-27,5200
3297,2011-12-28,5200
3298,2011-12-29,5200
3299,2011-12-30,5200
3300,2011-12-31,5200
3301,2012-01-01,5200
3302,2012-01-02,5200
3303,2012-01-03,5200
3304,2012-01-04,5200
3305,2012-01-05,5200
3306,2012-01-06,5200
3307,2012-01-07,5200
3308,2012-01-08,5200
3309,2012-01-09,5200
3310,2012-01-10,5200
3311,2012-01-11,5200
3312,2012-01-12,5200
3313,2012-01-13,5200
3314,2012-01-14,5200
3315,2012-01-15,5200
3316,2012-01-16,5200
3317,2012-01-17,5200
3318,2012-01-18,5200
3319,2012-01-19,5200
3320,2012-01-20,5200
3321,2012-01-21,5200
3322,2012-01-22,5200
3323,2012-01-23,5200
3324,2012-01-24,5200
3325,2012-01-25,5200
3326,2012-01-26,5200
3327,2012-01-27,5200
3328,2012-01-28,5200
3329,2012-01-29,5200
3330,2012-01-30,5200
3331,2012-01-31,5200
3332,2012-02-01,5200
3333,2012-02-02,5200
3334,2012-02-03,5200
3335,2012-02-04,5200
3336,2012-02-05,5200
3337,2012-02-06,5200
3338,2012-02-07,5200
3339,2012-02-08,5200
3340,2012-02-09,5200
3341,2012-02-10,5200
3342,2012-02-11,5200
3343,2012-02-12,5200
3344,2012-02-13,5200
3345,2012-02-14,5200
3346,2012-02-15,5200
3347,2012-02-16,5200
3348,2012-02-17,5200
3349,2012-02-18,5200
3350,2012-02-19,5200
3351,2012-02-20,5200
3352,2012-02-21,5200
3353,2012-02-22,5200
3354,2012-02-23,5200
3355,2012-02-24,5200
3356,2012-02-25,5200
3357,2012-02-26,5200
3358,2012-02-27,5200
3359,2012-02-28,5200
3360,2012-02-29,5200
3361,2012-03-01,5200
3362,2012-03-02,5200
3363,2012-03-03,5200
3364,2012-03-04,5200
3365,2012-03-05,5200
3366,2012-03-06,5200
3367,2012-03-07,5200
3368,2012-03-08,5200
3369,2012-03-09,5200
3370,2012-03-10,5200
3371,2012-03-11,5200
3372,2012-03-12,5200
3373,2012-03-13,5200
3374,2012-03-14,5200
3375,2012-03-15,5200
3376,2012-03-16,5200
3377,2012-03-17,5200
3378,2012-03-18,5200
3379,2012-03-19,5200
3380,2012-03-20,5200
3381,2012-03-21,5200
3382,2012-03-22,5200
3383,2012-03-23,5200
3384,2012-03-24,5200
3385,2012-03-25,5200
3386,2012-03-26,5200
3387,2012-03-27,5200
3388,2012-03-28,5200
3389,2012-03-29,5200
3390,2012-03-30,5200
3391,2012-03-31,5200
3392,2012-04-01,5200
3393,2012-04-02,5200
3394,2012-04-03,5200
3395,2012-04-04,5200
3396,2012-04-05,5200
3397,2012-04-06,5200
3398,2012-04-07,5200
3399,2012-04-08,5200
3400,2012-04-09,5200
3401,2012-04-10,5200
3402,2012-04-11,5200
3403,2012-04-12,5200
3404,2012-04-13,5200
3405,2012-04-14,5200
3406,2012-04-15,5200
3407,2012-04-16,5200
3408,2012-04-17,5200
3409,2012-04-18,5200
3410,2012-04-19,5200
3411,2012-04-20,5200
3412,2012-04-21,5200
3413,2012-04-22,5200
3414,2012-04-23,5200
3415,2012-04-24,5200
3416,2012-04-25,5200
3417,2012-04-26,5200
3418,2012-04-27,5200
3419,2012-04-28,5200
3420,2012-04-29,5200
3421,2012-04-30,5200
3422,2012-05-01,5200
3423,2012-05-02,5200
3424,2012-05-03,5200
3425,2012-05-04,5200
3426,2012-05-05,5200
3427,2012-05-06,5200
3428,2012-05-07,5200
3429,2012-05-08,5200
3430,2012-05-09,5200
3431,2012-05-10,5200
3432,2012-05-11,5200
3433,2012-05-12,5200
3434,2012-05-13,5200
3435,2012-05-14,5200
3436,2012-05-15,5200
3437,2012-05-16,5200
3438,2012-05-17,5200
3439,2012-05-18,5200
3440,2012-05-19,5200
3441,2012-05-20,5200
3442,2012-05-21,5200
3443,2012-05-22,5200
3444,2012-05-23,5200
3445,2012-05-24,5200
3446,2012-05-25,5200
3447,2012-05-26,5200
3448,2012-05-27,5200
3449,2012-05-28,5200
3450,2012-05-29,5200
3451,2012-05-30,5200
3452,2012-05-31,5200
3453,2012-06-01,5200
3454,2012-06-02,5200
3455,2012-06-03,5200
3456,2012-06-04,5200
3457,2012-06-05,5200
3458,2012-06-06,5200
3459,2012-06-07,5200
3460,2012-06-08,5200
3461,2012-06-09,5200
3462,2012-06-10,5200
3463,2012-06-11,5200
3464,2012-06-12,5200
3465,2012-06-13,5200
3466,2012-06-14,5200
3467,2012-06-15,5200
3468,2012-06-16,5200
3469,2012-06-17,5200
3470,2012-06-18,5200
3471,2012-06-19,5200
3472,2012-06-20,5200
3473,2012-06-21,5200
3474,2012-06-22,5200
3475,2012-06-23,5200
3476,2012-06-24,5200
3477,2012-06-25,5200
3478,2012-06-26,5200
3479,2012-06-27,5200
3480,2012-06-28,5200
3481,2012-06-29,5200
3482,2012-06-30,5200
3483,2012-07-01,5200
3484,2012-07-02,5200
3485,2012-07-03,5200
3486,2012-07-04,5200
3487,2012-07-05,5200
3488,2012-07-06,5200
3489,2012-07-07,5200
3490,2012-07-08,5200
3491,2012-07-09,5200
3492,2012-07-10,5200
3493,2012-07-11,5200
3494,2012-07-12,5200
3495,2012-07-13,5200
3496,2012-07-14,5200
3497,2012-07-15,5200
3498,2012-07-16,5200
3499,2012-07-17,5200
3500,2012-07-18,5200
3501,2012-07-19,5200
3502,2012-07-20,5200
3503,2012-07-21,5200
3504,2012-07-22,5200
3505,2012-07-23,5200
3506,2012-07-24,5200
3507,2012-07-25,5200
3508,2012-07-26,5200
3509,2012-07-27,5200
3510,2012-07-28,5200
3511,2012-07-29,5200
3512,2012-07-30,5200
3513,2012-07-31,5200
3514,2012-08-01,5200
3515,2012-08-02,5200
3516,2012-08-03,5200
3517,2012-08-04,5200
3518,2012-08-05,5200
3519,2012-08-06,5200
3520,2012-08-07,5200
3521,2012-08-08,5200
3522,2012-08-09,5200
3523,2012-08-10,5200
3524,2012-08-11,5200
3525,2012-08-12,5200
3526,2012-08-13,5200
3527,2012-08-14,5200
3528,2012-08-15,5200
3529,2012-08-16,5200
3530,2012-08-17,5200
3531,2012-08-18,5200
3532,2012-08-19,5200
3533,2012-08-20,5200
3534,2012-08-21,5200
3535,2012-08-22,5200
3536,2012-08-23,5200
3537,2012-08-24,5200
3538,2012-08-25,5200
3539,2012-08-26,5200
3540,2012-08-27,5200
3541,2012-08-28,5200
3542,2012-08-29,5200
3543,2012-08-30,5200
3544,2012-08-31,5200
3545,2012-09-01,5200
3546,2012-09-02,5200
3547,2012-09-03,5200
3548,2012-09-04,5200
3549,2012-09-05,5200
3550,2012-09-06,5200
3551,2012-09-07,5200
3552,2012-09-08,5200
3553,2012-09-09,5200
3554,2012-09-10,5200
3555,2012-09-11,5200
3556,2012-09-12,5200
3557,2012-09-13,5200
3558,2012-09-14,5200
3559,2012-09-15,5200
3560,2012-09-16,5200
3561,2012-09-17,5200
3562,2012-09-18,5200
3563,2012-09-19,5200
3564,2012-09-20,5200
3565,2012-09-21,5200
3566,2012-09-22,5200
3567,2012-09-23,5200
3568,2012-09-24,5200
3569,2012-09-25,5200
3570,2012-09-26,5200
3571,2012-09-27,5200
3572,2012-09-28,5200
3573,2012-09-29,5200
3574,2012-09-30,5200
3575,2012-10-01,5200
3576,2012-10-02,5200
3577,2012-10-03,5200
3578,2012-10-04,5200
3579,2012-10-05,5200
3580,2012-10-06,5200
3581,2012-10-07,5200
3582,2012-10-08,5200
3583,2012-10-09,5200
3584,2012-10-10,5200
3585,2012-10-11,5200
3586,2012-10-12,5200
3587,2012-10-13,5200
3588,2012-10-14,5200
3589,2012-10-15,5200
3590,2012-10-16,5200
3591,2012-10-17,5200
3592,2012-10-18,5200
3593,2012-10-19,5200
3594,2012-10-20,5200
3595,2012-10-21,5200
3596,2012-10-22,5200
3597,2012-10-23,5200
3598,2012-10-24,5200
3599,2012-10-25,5200
3600,2012-10-26,5200
3601,2012-10-27,5200
3602,2012-10-28,5200
3603,2012-10-29,5200
3604,2012-10-30,5200
3605,2012-10-31,5200
3606,2012-11-01,5200
3607,2012-11-02,5200
3608,2012-11-03,5200
3609,2012-11-04,5200
3610,2012-11-05,5200
3611,2012-11-06,5200
3612,2012-11-07,5200
3613,2012-11-08,5200
3614,2012-11-09,5200
3615,2012-11-10,5200
3616,2012-11-11,5200
3617,2012-11-12,5200
3618,2012-11-13,5200
3619,2012-11-14,5200
3620,2012-11-15,5200
3621,2012-11-16,5200
3622,2012-11-17,5200
3623,2012-11-18,5200
3624,2012-11-19,5200
3625,2012-11-20,5200
3626,2012-11-21,5200
3627,2012-11-22,5200
3628,2012-11-23,5200
3629,2012-11-24,5200
3630,2012-11-25,5200
3631,2012-11-26,5200
3632,2012-11-27,5200
3633,2012-11-28,5200
3634,2012-11-29,5200
3635,2012-11-30,5200
3636,2012-12-01,5200
3637,2012-12-02,5200
3638,2012-12-03,5200
3639,2012-12-04,5200
3640,2012-12-05,5200
3641,2012-12-06,5200
3642,2012-12-07,5200
3643,2012-12-08,5200
3644,2012-12-09,5200
3645,2012-12-10,5200
3646,2012-12-11,5200
3647,2012-12-12,5200
3648,2012-12-13,5200
3649,2012-12-14,5200
3650,2012-12-15,5200
3651,2012-12-16,5200
3652,2012-12-17,5200
3653,2012-12-18,5200
3654,2012-12-19,5200
3655,2012-12-20,5200
3656,2012-12-21,5200
3657,2012-12-22,5200
3658,2012-12-23,5200
3659,2012-12-24,5200
3660,2012-12-25,5200
3661,2012-12-26,5200
3662,2012-12-27,5200
3663,2012-12-28,5200
3664,2012-12-29,5200
3665,2012-12-30,5200
3666,2012-12-31,5200
3667,2013-01-01,5200
3668,2013-01-02,5200
3669,2013-01-03,5200
3670,2013-01-04,5200
3671,2013-01-05,5200
3672,2013-01-06,5200
3673,2013-01-07,5200
3674,2013-01-08,5200
3675,2013-01-09,5200
3676,2013-01-10,5200
3677,2013-01-11,5200
3678,2013-01-12,5200
3679,2013-01-13,5200
3680,2013-01-14,5200
3681,2013-01-15,5200
3682,2013-01-16,5200
3683,2013-01-17,5200
3684,2013-01-18,5200
3685,2013-01-19,5200
3686,2013-01-20,5200
3687,2013-01-21,5200
3688,2013-01-22,5200
3689,2013-01-23,5200
3690,2013-01-24,5200
3691,2013-01-25,5200
3692,2013-01-26,5200
3693,2013-01-27,5200
3694,2013-01-28,5200
3695,2013-01-29,5200
3696,2013-01-30,5200
3697,2013-01-31,5200
3698,2013-02-01,5200
3699,2013-02-02,5200
3700,2013-02-03,5200
3701,2013-02-04,5200
3702,2013-02-05,5200
3703,2013-02-06,5200
3704,2013-02-07,5200
3705,2013-02-08,5200
3706,2013-02-09,5200
3707,2013-02-10,5200
3708,2013-02-11,5200
3709,2013-02-12,5200
3710,2013-02-13,5200
3711,2013-02-14,5200
3712,2013-02-15,5200
3713,2013-02-16,5200
3714,2013-02-17,5200
3715,2013-02-18,5200
3716,2013-02-19,5200
3717,2013-02-20,5200
3718,2013-02-21,5200
3719,2013-02-22,5200
3720,2013-02-23,5200
3721,2013-02-24,5200
3722,2013-02-25,5200
3723,2013-02-26,5200
3724,2013-02-27,5200
3725,2013-02-28,5200
3726,2013-03-01,5200
3727,2013-03-02,5200
3728,2013-03-03,5200
3729,2013-03-04,5200
3730,2013-03-05,5200
3731,2013-03-06,5200
3732,2013-03-07,5200
3733,2013-03-08,5200
3734,2013-03-09,5200
3735,2013-03-10,5200
3736,2013-03-11,5200
3737,2013-03-12,5200
3738,2013-03-13,5200
3739,2013-03-14,5200
3740,2013-03-15,5200
3741,2013-03-16,5200
3742,2013-03-17,5200
3743,2013-03-18,5200
3744,2013-03-19,5200
3745,2013-03-20,5200
3746,2013-03-21,5200
3747,2013-03-22,5200
3748,2013-03-23,5200
3749,2013-03-24,5200
3750,2013-03-25,5200
3751,2013-03-26,5200
3752,2013-03-27,5200
3753,2013-03-28,5200
3754,2013-03-29,5200
3755,2013-03-30,5200
3756,2013-03-31,5200
3757,2013-04-01,5200
3758,2013-04-02,5200
3759,2013-04-03,5200
3760,2013-04-04,5200
3761,2013-04-05,5200
3762,2013-04-06,5200
3763,2013-04-07,5200
3764,2013-04-08,5200
3765,2013-04-09,5200
3766,2013-04-10,5200
3767,2013-04-11,5200
3768,2013-04-12,5200
3769,2013-04-13,5200
3770,2013-04-14,5200
3771,2013-04-15,5200
3772,2013-04-16,5200
3773,2013-04-17,5200
3774,2013-04-18,5200
3775,2013-04-19,5200
3776,2013-04-20,5200
3777,2013-04-21,5200
3778,2013-04-22,5200
3779,2013-04-23,5200
3780,2013-04-24,5200
3781,2013-04-25,5200
3782,2013-04-26,5200
3783,2013-04-27,5200
3784,2013-04-28,5200
3785,2013-04-29,5200
3786,2013-04-30,5200
3787,2013-05-01,5200
3788,2013-05-02,5200
3789,2013-05-03,5200
3790,2013-05-04,5200
3791,2013-05-05,5200
3792,2013-05-06,5200
3793,2013-05-07,5200
3794,2013-05-08,5200
3795,2013-05-09,5200
3796,2013-05-10,5200
3797,2013-05-11,5200
3798,2013-05-12,5200
3799,2013-05-13,5200
3800,2013-05-14,5200
3801,2013-05-15,5200
3802,2013-05-16,5200
3803,2013-05-17,5200
3804,2013-05-18,5200
3805,2013-05-19,5200
3806,2013-05-20,5200
3807,2013-05-21,5200
3808,2013-05-22,5200
3809,2013-05-23,5200
3810,2013-05-24,5200
3811,2013-05-25,5200
3812,2013-05-26,5200
3813,2013-05-27,5200
3814,2013-05-28,5200
3815,2013-05-29,5200
3816,2013-05-30,5200
3817,2013-05-31,5200
3818,2013-06-01,5200
3819,2013-06-02,5200
3820,2013-06-03,5200
3821,2013-06-04,5200
3822,2013-06-05,5200
3823,2013-06-06,5200
3824,2013-06-07,5200
3825,2013-06-08,5200
3826,2013-06-09,5200
3827,2013-06-10,5200
3828,2013-06-11,5200
3829,2013-06-12,5200
3830,2013-06-13,5200
3831,2013-06-14,5200
3832,2013-06-15,5200
3833,2013-06-16,5200
3834,2013-06-17,5200
3835,2013-06-18,5200
3836,2013-06-19,5200
3837,2013-06-20,5200
3838,2013-06-21,5200
3839,2013-06-22,5200
3840,2013-06-23,5200
3841,2013-06-24,5200
3842,2013-06-25,5200
3843,2013-06-26,5200
3844,2013-06-27,5200
3845,2013-06-28,5200
3846,2013-06-29,5200
3847,2013-06-30,5200
3848,2013-07-01,5200
3849,2013-07-02,5200
3850,2013-07-03,5200
3851,2013-07-04,5200
3852,2013-07-05,5200
3853,2013-07-06,5200
3854,2013-07-07,5200
3855,2013-07-08,5200
3856,2013-07-09,5200
3857,2013-07-10,5200
3858,2013-07-11,5200
3859,2013-07-12,5200
3860,2013-07-13,5200
3861,2013-07-14,5200
3862,2013-07-15,5200
3863,2013-07-16,5200
3864,2013-07-17,5200
3865,2013-07-18,5200
3866,2013-07-19,5200
3867,2013-07-20,5200
3868,2013-07-21,5200
3869,2013-07-22,5200
3870,2013-07-23,5200
3871,2013-07-24,5200
3872,2013-07-25,5200
3873,2013-07-26,5200
3874,2013-07-27,5200
3875,2013-07-28,5200
3876,2013-07-29,5200
3877,2013-07-30,5200
3878,2013-07-31,5200
3879,2013-08-01,5200
3880,2013-08-02,5200
3881,2013-08-03,5200
3882,2013-08-04,5200
3883,2013-08-05,5200
3884,2013-08-06,5200
3885,2013-08-07,5200
3886,2013-08-08,5200
3887,2013-08-09,5200
3888,2013-08-10,5200
3889,2013-08-11,5200
3890,2013-08-12,5200
3891,2013-08-13,5200
3892,2013-08-14,5200
3893,2013-08-15,5200
3894,2013-08-16,5200
3895,2013-08-17,5200
3896,2013-08-18,5200
3897,2013-08-19,5200
3898,2013-08-20,5200
3899,2013-08-21,5200
3900,2013-08-22,5200
3901,2013-08-23,5200
3902,2013-08-24,5200
3903,2013-08-25,5200
3904,2013-08-26,5200
3905,2013-08-27,5200
3906,2013-08-28,5200
3907,2013-08-29,5200
3908,2013-08-30,5200
3909,2013-08-31,5200
3910,2013-09-01,5200
3911,2013-09-02,5200
3912,2013-09-03,5200
3913,2013-09-04,5200
3914,2013-09-05,5200
3915,2013-09-06,5200
3916,2013-09-07,5200
3917,2013-09-08,5200
3918,2013-09-09,5200
3919,2013-09-10,5200
3920,2013-09-11,5200
3921,2013-09-12,5200
3922,2013-09-13,5200
3923,2013-09-14,5200
3924,2013-09-15,5200
3925,2013-09-16,5200
3926,2013-09-17,5200
3927,2013-09-18,5200
3928,2013-09-19,5200
3929,2013-09-20,5200
3930,2013-09-21,5200
3931,2013-09-22,5200
3932,2013-09-23,5200
3933,2013-09-24,5200
3934,2013-09-25,5200
3935,2013-09-26,5200
3936,2013-09-27,5200
3937,2013-09-28,5200
3938,2013-09-29,5200
3939,2013-09-30,5200
3940,2013-10-01,5200
3941,2013-10-02,5200
3942,2013-10-03,5200
3943,2013-10-04,5200
3944,2013-10-05,5200
3945,2013-10-06,5200
3946,2013-10-07,5200
3947,2013-10-08,5200
3948,2013-10-09,5200
3949,2013-10-10,5200
3950,2013-10-11,5200
3951,2013-10-12,5200
3952,2013-10-13,5200
3953,2013-10-14,5200
3954,2013-10-15,5200
3955,2013-10-16,5200
3956,2013-10-17,5200
3957,2013-10-18,5200
3958,2013-10-19,5200
3959,2013-10-20,5200
3960,2013-10-21,5200
3961,2013-10-22,5200
3962,2013-10-23,5200
3963,2013-10-24,5200
3964,2013-10-25,5200
3965,2013-10-26,5200
3966,2013-10-27,5200
3967,2013-10-28,5200
3968,2013-10-29,5200
3969,2013-10-30,5200
3970,2013-10-31,5200
3971,2013-11-01,5200
3972,2013-11-02,5200
3973,2013-11-03,5200
3974,2013-11-04,5200
3975,2013-11-05,5200
3976,2013-11-06,5200
3977,2013-11-07,5200
3978,2013-11-08,5200
3979,2013-11-09,5200
3980,2013-11-10,5200
3981,2013-11-11,5200
3982,2013-11-12,5200
3983,2013-11-13,5200
3984,2013-11-14,5200
3985,2013-11-15,5200
3986,2013-11-16,5200
3987,2013-11-17,5200
3988,2013-11-18,5200
3989,2013-11-19,5200
3990,2013-11-20,5200
3991,2013-11-21,5200
3992,2013-11-22,5200
3993,2013-11-23,5200
3994,2013-11-24,5200
3995,2013-11-25,5200
3996,2013-11-26,5200
3997,2013-11-27,5200
3998,2013-11-28,5200
3999,2013-11-29,5200
4000,2013-11-30,5200
4001,2013-12-01,5200
4002,2013-12-02,5200
4003,2013-12-03,5200
4004,2013-12-04,5200
4005,2013-12-05,5200
4006,2013-12-06,5200
4007,2013-12-07,5200
4008,2013-12-08,5200
4009,2013-12-09,5200
4010,2013-12-10,5200
4011,2013-12-11,5200
4012,2013-12-12,5200
4013,2013-12-13,5200
4014,2013-12-14,5200
4015,2013-12-15,5200
4016,2013-12-16,5200
4017,2013-12-17,5200
4018,2013-12-18,5200
4019,2013-12-19,5200
4020,2013-12-20,5200
4021,2013-12-21,5200
4022,2013-12-22,5200
4023,2013-12-23,5200
4024,2013-12-24,5200
4025,2013-12-25,5200
4026,2013-12-26,5200
4027,2013-12-27,5200
4028,2013-12-28,5200
4029,2013-12-29,5200
4030,2013-12-30,5200
4031,2013-12-31,5200
4032,2014-01-01,5200
4033,2014-01-02,5200
4034,2014-01-03,5200
4035,2014-01-04,5200
4036,2014-01-05,5200
4037,2014-01-06,5200
4038,2014-01-07,5200
4039,2014-01-08,5200
4040,2014-01-09,5200
4041,2014-01-10,5200
4042,2014-01-11,5200
4043,2014-01-12,5200
4044,2014-01-13,5200
4045,2014-01-14,5200
4046,2014-01-15,5200
4047,2014-01-16,5200
4048,2014-01-17,5200
4049,2014-01-18,5200
4050,2014-01-19,5200
4051,2014-01-20,5200
4052,2014-01-21,5200
4053,2014-01-22,5200
4054,2014-01-23,5200
4055,2014-01-24,5200
4056,2014-01-25,5200
4057,2014-01-26,5200
4058,2014-01-27,5200
4059,2014-01-28,5200
4060,2014-01-29,5200
4061,2014-01-30,5200
4062,2014-01-31,5200
4063,2014-02-01,5200
4064,2014-02-02,5200
4065,2014-02-03,5200
4066,2014-02-04,5200
4067,2014-02-05,5200
4068,2014-02-06,5200
4069,2014-02-07,5200
4070,2014-02-08,5200
4071,2014-02-09,5200
4072,2014-02-10,5200
4073,2014-02-11,5200
4074,2014-02-12,5200
4075,2014-02-13,5200
4076,2014-02-14,5200
4077,2014-02-15,5200
4078,2014-02-16,5200
4079,2014-02-17,5200
4080,2014-02-18,5200
4081,2014-02-19,5200
4082,2014-02-20,5200
4083,2014-02-21,5200
4084,2014-02-22,5200
4085,2014-02-23,5200
4086,2014-02-24,5200
4087,2014-02-25,5200
4088,2014-02-26,5200
4089,2014-02-27,5200
4090,2014-02-28,5200
4091,2014-03-01,5200
4092,2014-03-02,5200
4093,2014-03-03,5200
4094,2014-03-04,5200
4095,2014-03-05,5200
4096,2014-03-06,5200
4097,2014-03-07,5200
4098,2014-03-08,5200
4099,2014-03-09,5200
4100,2014-03-10,5200
4101,2014-03-11,5200
4102,2014-03-12,5200
4103,2014-03-13,5200
4104,2014-03-14,5200
4105,2014-03-15,5200
4106,2014-03-16,5200
4107,2014-03-17,5200
4108,2014-03-18,5200
4109,2014-03-19,5200
4110,2014-03-20,5200
4111,2014-03-21,5200
4112,2014-03-22,5200
4113,2014-03-23,5200
4114,2014-03-24,5200
4115,2014-03-25,5200
4116,2014-03-26,5200
4117,2014-03-27,5200
4118,2014-03-28,5200
4119,2014-03-29,5200
4120,2014-03-30,5200
4121,2014-03-31,5200
4122,2014-04-01,5200
4123,2014-04-02,5200
4124,2014-04-03,5200
4125,2014-04-04,5200
4126,2014-04-05,5200
4127,2014-04-06,5200
4128,2014-04-07,5200
4129,2014-04-08,5200
4130,2014-04-09,5200
4131,2014-04-10,5200
4132,2014-04-11,5200
4133,2014-04-12,5200
4134,2014-04-13,5200
4135,2014-04-14,5200
4136,2014-04-15,5200
4137,2014-04-16,5200
4138,2014-04-17,5200
4139,2014-04-18,5200
4140,2014-04-19,5200
4141,2014-04-20,5200
4142,2014-04-21,5200
4143,2014-04-22,5200
4144,2014-04-23,5200
4145,2014-04-24,5200
4146,2014-04-25,5200
4147,2014-04-26,5200
4148,2014-04-27,5200
4149,2014-04-28,5200
4150,2014-04-29,5200
4151,2014-04-30,5200
4152,2014-05-01,5200
4153,2014-05-02,5200
4154,2014-05-03,5200
4155,2014-05-04,5200
4156,2014-05-05,5200
4157,2014-05-06,5200
4158,2014-05-07,5200
4159,2014-05-08,5200
4160,2014-05-09,5200
4161,2014-05-10,5200
4162,2014-05-11,5200
4163,2014-05-12,5200
4164,2014-05-13,5200
4165,2014-05-14,5200
4166,2014-05-15,5200
4167,2014-05-16,5200
4168,2014-05-17,5200
4169,2014-05-18,5200
4170,2014-05-19,5200
4171,2014-05-20,5200
4172,2014-05-21,5200
4173,2014-05-22,5200
4174,2014-05-23,5200
4175,2014-05-24,5200
4176,2014-05-25,5200
4177,2014-05-26,5200
4178,2014-05-27,5200
4179,2014-05-28,5200
4180,2014-05-29,5200
4181,2014-05-30,5200
4182,2014-05-31,5200
4183,2014-06-01,5200
4184,2014-06-02,5200
4185,2014-06-03,5200
4186,2014-06-04,5200
4187,2014-06-05,5200
4188,2014-06-06,5200
4189,2014-06-07,5200
4190,2014-06-08,5200
4191,2014-06-09,5200
4192,2014-06-10,5200
4193,2014-06-11,5200
4194,2014-06-12,5200
4195,2014-06-13,5200
4196,2014-06-14,5200
4197,2014-06-15,5200
4198,2014-06-16,5200
4199,2014-06-17,5200
4200,2014-06-18,5200
4201,2014-06-19,5200
4202,2014-06-20,5200
4203,2014-06-21,5200
4204,2014-06-22,5200
4205,2014-06-23,5200
4206,2014-06-24,5200
4207,2014-06-25,5200
4208,2014-06-26,5200
4209,2014-06-27,5200
4210,2014-06-28,5200
4211,2014-06-29,5200
4212,2014-06-30,5200
4213,2014-07-01,5200
4214,2014-07-02,5200
4215,2014-07-03,5200
4216,2014-07-04,5200
4217,2014-07-05,5200
4218,2014-07-06,5200
4219,2014-07-07,5200
4220,2014-07-08,5200
4221,2014-07-09,5200
4222,2014-07-10,5200
4223,2014-07-11,5200
4224,2014-07-12,5200
4225,2014-07-13,5200
4226,2014-07-14,5200
4227,2014-07-15,5200
4228,2014-07-16,5200
4229,2014-07-17,5200
4230,2014-07-18,5200
4231,2014-07-19,5200
4232,2014-07-20,5200
4233,2014-07-21,5200
4234,2014-07-22,5200
4235,2014-07-23,5200
4236,2014-07-24,5200
4237,2014-07-25,5200
4238,2014-07-26,5200
4239,2014-07-27,5200
4240,2014-07-28,5200
4241,2014-07-29,5200
4242,2014-07-30,5200
4243,2014-07-31,5200
4244,2014-08-01,5200
4245,2014-08-02,5200
4246,2014-08-03,5200
4247,2014-08-04,5200
4248,2014-08-05,5200
4249,2014-08-06,5200
4250,2014-08-07,5200
4251,2014-08-08,5200
4252,2014-08-09,5200
4253,2014-08-10,5200
4254,2014-08-11,5200
4255,2014-08-12,5200
4256,2014-08-13,5200
4257,2014-08-14,5200
4258,2014-08-15,5200
4259,2014-08-16,5200
4260,2014-08-17,5200
4261,2014-08-18,5200
4262,2014-08-19,5200
4263,2014-08-20,5200
4264,2014-08-21,5200
4265,2014-08-22,5200
4266,2014-08-23,5200
4267,2014-08-24,5200
4268,2014-08-25,5200
4269,2014-08-26,5200
4270,2014-08-27,5200
4271,2014-08-28,5200
4272,2014-08-29,5200
4273,2014-08-30,5200
4274,2014-08-31,5200
4275,2014-09-01,5200
4276,2014-09-02,5200
4277,2014-09-03,5200
4278,2014-09-04,5200
4279,2014-09-05,5200
4280,2014-09-06,5200
4281,2014-09-07,5200
4282,2014-09-08,5200
4283,2014-09-09,5200
4284,2014-09-10,5200
4285,2014-09-11,5200
4286,2014-09-12,5200
4287,2014-09-13,5200
4288,2014-09-14,5200
4289,2014-09-15,5200
4290,2014-09-16,5200
4291,2014-09-17,5200
4292,2014-09-18,5200
4293,2014-09-19,5200
4294,2014-09-20,5200
4295,2014-09-21,5200
4296,2014-09-22,5200
4297,2014-09-23,5200
4298,2014-09-24,5200
4299,2014-09-25,5200
4300,2014-09-26,5200
4301,2014-09-27,5200
4302,2014-09-28,5200
4303,2014-09-29,5200
4304,2014-09-30,5200
4305,2014-10-01,5200
4306,2014-10-02,5200
4307,2014-10-03,5200
4308,2014-10-04,5200
4309,2014-10-05,5200
4310,2014-10-06,5200
4311,2014-10-07,5200
4312,2014-10-08,5200
4313,2014-10-09,5200
4314,2014-10-10,5200
4315,2014-10-11,5200
4316,2014-10-12,5200
4317,2014-10-13,5200
4318,2014-10-14,5200
4319,2014-10-15,5200
4320,2014-10-16,5200
4321,2014-10-17,5200
4322,2014-10-18,5200
4323,2014-10-19,5200
4324,2014-10-20,5200
4325,2014-10-21,5200
4326,2014-10-22,5200
4327,2014-10-23,5200
4328,2014-10-24,5200
4329,2014-10-25,5200
4330,2014-10-26,5200
4331,2014-10-27,5200
4332,2014-10-28,5200
4333,2014-10-29,5200
4334,2014-10-30,5200
4335,2014-10-31,5200
4336,2014-11-01,5200
4337,2014-11-02,5200
4338,2014-11-03,5200
4339,2014-11-04,5200
4340,2014-11-05,5200
4341,2014-11-06,5200
4342,2014-11-07,5200
4343,2014-11-08,5200
4344,2014-11-09,5200
4345,2014-11-10,5200
4346,2014-11-11,5200
4347,2014-11-12,5200
4348,2014-11-13,5200
4349,2014-11-14,5200
4350,2014-11-15,5200
4351,2014-11-16,5200
4352,2014-11-17,5200
4353,2014-11-18,5200
4354,2014-11-19,5200
4355,2014-11-20,5200
4356,2014-11-21,5200
4357,2014-11-22,5200
4358,2014-11-23,5200
4359,2014-11-24,5200
4360,2014-11-25,5200
4361,2014-11-26,5200
4362,2014-11-27,5200
4363,2014-11-28,5200
4364,2014-11-29,5200
4365,2014-11-30,5200
4366,2014-12-01,5200
4367,2014-12-02,5200
4368,2014-12-03,5200
4369,2014-12-04,5200
4370,2014-12-05,5200
4371,2014-12-06,5200
4372,2014-12-07,5200
4373,2014-12-08,5200
4374,2014-12-09,5200
4375,2014-12-10,5200
4376,2014-12-11,5200
4377,2014-12-12,5200
4378,2014-12-13,5200
4379,2014-12-14,5200
4380,2014-12-15,5200
4381,2014-12-16,5200
4382,2014-12-17,5200
4383,2014-12-18,5200
4384,2014-12-19,5200
4385,2014-12-20,5200
4386,2014-12-21,5200
4387,2014-12-22,5200
4388,2014-12-23,5200
4389,2014-12-24,5200
4390,2014-12-25,5200
4391,2014-12-26,5200
4392,2014-12-27,5200
4393,2014-12-28,5200
4394,2014-12-29,5200
4395,2014-12-30,5200
4396,2014-12-31,5200
4397,2015-01-01,5200
4398,2015-01-02,5200
4399,2015-01-03,5200
4400,2015-01-04,5200
4401,2015-01-05,5200
4402,2015-01-06,5200
4403,2015-01-07,5200
4404,2015-01-08,5200
4405,2015-01-09,5200
4406,2015-01-10,5200
4407,2015-01-11,5200
4408,2015-01-12,5200
4409,2015-01-13,5200
4410,2015-01-14,5200
4411,2015-01-15,5200
4412,2015-01-16,5200
4413,2015-01-17,5200
4414,2015-01-18,5200
4415,2015-01-19,5200
4416,2015-01-20,5200
4417,2015-01-21,5200
4418,2015-01-22,5200
4419,2015-01-23,5200
4420,2015-01-24,5200
4421,2015-01-25,5200
4422,2015-01-26,5200
4423,2015-01-27,5200
4424,2015-01-28,5200
4425,2015-01-29,5200
4426,2015-01-30,5200
4427,2015-01-31,5200
4428,2015-02-01,5200
4429,2015-02-02,5200
4430,2015-02-03,5200
4431,2015-02-04,5200
4432,2015-02-05,5200
4433,2015-02-06,5200
4434,2015-02-07,5200
4435,2015-02-08,5200
4436,2015-02-09,5200
4437,2015-02-10,5200
4438,2015-02-11,5200
4439,2015-02-12,5200
4440,2015-02-13,5200
4441,2015-02-14,5200
4442,2015-02-15,5200
4443,2015-02-16,5200
4444,2015-02-17,5200
4445,2015-02-18,5200
4446,2015-02-19,5200
4447,2015-02-20,5200
4448,2015-02-21,5200
4449,2015-02-22,5200
4450,2015-02-23,5200
4451,2015-02-24,5200
4452,2015-02-25,5200
4453,2015-02-26,5200
4454,2015-02-27,5200
4455,2015-02-28,5200
4456,2015-03-01,5200
4457,2015-03-02,5200
4458,2015-03-03,5200
4459,2015-03-04,5200
4460,2015-03-05,5200
4461,2015-03-06,5200
4462,2015-03-07,5200
4463,2015-03-08,5200
4464,2015-03-09,5200
4465,2015-03-10,5200
4466,2015-03-11,5200
4467,2015-03-12,5200
4468,2015-03-13,5200
4469,2015-03-14,5200
4470,2015-03-15,5200
4471,2015-03-16,5200
4472,2015-03-17,5200
4473,2015-03-18,5200
4474,2015-03-19,5200
4475,2015-03-20,5200
4476,2015-03-21,5200
4477,2015-03-22,5200
4478,2015-03-23,5200
4479,2015-03-24,5200
4480,2015-03-25,5200
4481,2015-03-26,5200
4482,2015-03-27,5200
4483,2015-03-28,5200
4484,2015-03-29,5200
4485,2015-03-30,5200
4486,2015-03-31,5200
4487,2015-04-01,5200
4488,2015-04-02,5200
4489,2015-04-03,5200
4490,2015-04-04,5200
4491,2015-04-05,5200
4492,2015-04-06,5200
4493,2015-04-07,5200
4494,2015-04-08,5200
4495,2015-04-09,5200
4496,2015-04-10,5200
4497,2015-04-11,5200
4498,2015-04-12,5200
4499,2015-04-13,5200
4500,2015-04-14,5200
4501,2015-04-15,5200
4502,2015-04-16,5200
4503,2015-04-17,5200
4504,2015-04-18,5200
4505,2015-04-19,5200
4506,2015-04-20,5200
4507,2015-04-21,5200
4508,2015-04-22,5200
4509,2015-04-23,5200
4510,2015-04-24,5200
4511,2015-04-25,5200
4512,2015-04-26,5200
4513,2015-04-27,5200
4514,2015-04-28,5200
4515,2015-04-29,5200
4516,2015-04-30,5200
4517,2015-05-01,5200
4518,2015-05-02,5200
4519,2015-05-03,5200
4520,2015-05-04,5200
4521,2015-05-05,5200
4522,2015-05-06,5200
4523,2015-05-07,5200
4524,2015-05-08,5200
4525,2015-05-09,5200
4526,2015-05-10,5200
4527,2015-05-11,5200
4528,2015-05-12,5200
4529,2015-05-13,5200
4530,2015-05-14,5200
4531,2015-05-15,5200
4532,2015-05-16,5200
4533,2015-05-17,5200
4534,2015-05-18,5200
4535,2015-05-19,5200
4536,2015-05-20,5200
4537,2015-05-21,5200
4538,2015-05-22,5200
4539,2015-05-23,5200
4540,2015-05-24,5200
4541,2015-05-25,5200
4542,2015-05-26,5200
4543,2015-05-27,5200
4544,2015-05-28,5200
4545,2015-05-29,5200
4546,2015-05-30,5200
4547,2015-05-31,5200
4548,2015-06-01,5200
4549,2015-06-02,5200
4550,2015-06-03,5200
4551,2015-06-04,5200
4552,2015-06-05,5200
4553,2015-06-06,5200
4554,2015-06-07,5200
4555,2015-06-08,5200
4556,2015-06-09,5200
4557,2015-06-10,5200
4558,2015-06-11,5200
4559,2015-06-12,5200
4560,2015-06-13,5200
4561,2015-06-14,5200
4562,2015-06-15,5200
4563,2015-06-16,5200
4564,2015-06-17,5200
4565,2015-06-18,5200
4566,2015-06-19,5200
4567,2015-06-20,5200
4568,2015-06-21,5200
4569,2015-06-22,5200
4570,2015-06-23,5200
4571,2015-06-24,5200
4572,2015-06-25,5200
4573,2015-06-26,5200
4574,2015-06-27,5200
4575,2015-06-28,5200
4576,2015-06-29,5200
4577,2015-06-30,5200
4578,2015-07-01,5200
4579,2015-07-02,5200
4580,2015-07-03,5200
4581,2015-07-04,5200
4582,2015-07-05,5200
4583,2015-07-06,5200
4584,2015-07-07,5200
4585,2015-07-08,5200
4586,2015-07-09,5200
4587,2015-07-10,5200
4588,2015-07-11,5200
4589,2015-07-12,5200
4590,2015-07-13,5200
4591,2015-07-14,5200
4592,2015-07-15,5200
4593,2015-07-16,5200
4594,2015-07-17,5200
4595,2015-07-18,5200
4596,2015-07-19,5200
4597,2015-07-20,5200
4598,2015-07-21,5200
4599,2015-07-22,5200
4600,2015-07-23,5200
4601,2015-07-24,5200
4602,2015-07-25,5200
4603,2015-07-26,5200
4604,2015-07-27,5200
4605,2015-07-28,5200
4606,2015-07-29,5200
4607,2015-07-30,5200
4608,2015-07-31,5200
4609,2015-08-01,5200
4610,2015-08-02,5200
4611,2015-08-03,5200
4612,2015-08-04,5200
4613,2015-08-05,5200
4614,2015-08-06,5200
4615,2015-08-07,5200
4616,2015-08-08,5200
4617,2015-08-09,5200
4618,2015-08-10,5200
4619,2015-08-11,5200
4620,2015-08-12,5200
4621,2015-08-13,5200
4622,2015-08-14,5200
4623,2015-08-15,5200
4624,2015-08-16,5200
4625,2015-08-17,5200
4626,2015-08-18,5200
4627,2015-08-19,5200
4628,2015-08-20,5200
4629,2015-08-21,5200
4630,2015-08-22,5200
4631,2015-08-23,5200
4632,2015-08-24,5200
4633,2015-08-25,5200
4634,2015-08-26,5200
4635,2015-08-27,5200
4636,2015-08-28,5200
4637,2015-08-29,5200
4638,2015-08-30,5200
4639,2015-08-31,5200
4640,2015-09-01,5200
4641,2015-09-02,5200
4642,2015-09-03,5200
4643,2015-09-04,5200
4644,2015-09-05,5200
4645,2015-09-06,5200
4646,2015-09-07,5200
4647,2015-09-08,5200
4648,2015-09-09,5200
4649,2015-09-10,5200
4650,2015-09-11,5200
4651,2015-09-12,5200
4652,2015-09-13,5200
4653,2015-09-14,5200
4654,2015-09-15,5200
4655,2015-09-16,5200
4656,2015-09-17,5200
4657,2015-09-18,5200
4658,2015-09-19,5200
4659,2015-09-20,5200
4660,2015-09-21,5200
4661,2015-09-22,5200
4662,2015-09-23,5200
4663,2015-09-24,5200
4664,2015-09-25,5200
4665,2015-09-26,5200
4666,2015-09-27,5200
4667,2015-09-28,5200
4668,2015-09-29,5200
4669,2015-09-30,5200
4670,2015-10-01,5200
4671,2015-10-02,5200
4672,2015-10-03,5200
4673,2015-10-04,5200
4674,2015-10-05,5200
4675,2015-10-06,5200
4676,2015-10-07,5200
4677,2015-10-08,5200
4678,2015-10-09,5200
4679,2015-10-10,5200
4680,2015-10-11,5200
4681,2015-10-12,5200
4682,2015-10-13,5200
4683,2015-10-14,5200
4684,2015-10-15,5200
4685,2015-10-16,5200
4686,2015-10-17,5200
4687,2015-10-18,5200
4688,2015-10-19,5200
4689,2015-10-20,5200
4690,2015-10-21,5200
4691,2015-10-22,5200
4692,2015-10-23,5200
4693,2015-10-24,5200
4694,2015-10-25,5200
4695,2015-10-26,5200
4696,2015-10-27,5200
4697,2015-10-28,5200
4698,2015-10-29,5200
4699,2015-10-30,5200
4700,2015-10-31,5200
4701,2015-11-01,5200
4702,2015-11-02,5200
4703,2015-11-03,5200
4704,2015-11-04,5200
4705,2015-11-05,5200
4706,2015-11-06,5200
4707,2015-11-07,5200
4708,2015-11-08,5200
4709,2015-11-09,5200
4710,2015-11-10,5200
4711,2015-11-11,5200
4712,2015-11-12,5200
4713,2015-11-13,5200
4714,2015-11-14,5200
4715,2015-11-15,5200
4716,2015-11-16,5200
4717,2015-11-17,5200
4718,2015-11-18,5200
4719,2015-11-19,5200
4720,2015-11-20,5200
4721,2015-11-21,5200
4722,2015-11-22,5200
4723,2015-11-23,5200
4724,2015-11-24,5200
4725,2015-11-25,5200
4726,2015-11-26,5200
4727,2015-11-27,5200
4728,2015-11-28,5200
4729,2015-11-29,5200
4730,2015-11-30,5200
4731,2015-12-01,5200
4732,2015-12-02,5200
4733,2015-12-03,5200
4734,2015-12-04,5200
4735,2015-12-05,5200
4736,2015-12-06,5200
4737,2015-12-07,5200
4738,2015-12-08,5200
4739,2015-12-09,5200
4740,2015-12-10,5200
4741,2015-12-11,5200
4742,2015-12-12,5200
4743,2015-12-13,5200
4744,2015-12-14,5200
4745,2015-12-15,5200
4746,2015-12-16,5200
4747,2015-12-17,5200
4748,2015-12-18,5200
4749,2015-12-19,5200
4750,2015-12-20,5200
4751,2015-12-21,5200
4752,2015-12-22,5200
4753,2015-12-23,5200
4754,2015-12-24,5200
4755,2015-12-25,5200
4756,2015-12-26,5200
4757,2015-12-27,5200
4758,2015-12-28,5200
4759,2015-12-29,5200
4760,2015-12-30,5200
4761,2015-12-31,5200
4762,2016-01-01,5200
4763,2016-01-02,5200
4764,2016-01-03,5200
4765,2016-01-04,5200
4766,2016-01-05,5200
4767,2016-01-06,5200
4768,2016-01-07,5200
4769,2016-01-08,5200
4770,2016-01-09,5200
4771,2016-01-10,5200
4772,2016-01-11,5200
4773,2016-01-12,5200
4774,2016-01-13,5200
4775,2016-01-14,5200
4776,2016-01-15,5200
4777,2016-01-16,5200
4778,2016-01-17,5200
4779,2016-01-18,5200
4780,2016-01-19,5200
4781,2016-01-20,5200
4782,2016-01-21,5200
4783,2016-01-22,5200
4784,2016-01-23,5200
4785,2016-01-24,5200
4786,2016-01-25,5200
4787,2016-01-26,5200
4788,2016-01-27,5200
4789,2016-01-28,5200
4790,2016-01-29,5200
4791,2016-01-30,5200
4792,2016-01-31,5200
4793,2016-02-01,5200
4794,2016-02-02,5200
4795,2016-02-03,5200
4796,2016-02-04,5200
4797,2016-02-05,5200
4798,2016-02-06,5200
4799,2016-02-07,5200
4800,2016-02-08,5200
4801,2016-02-09,5200
4802,2016-02-10,5200
4803,2016-02-11,5200
4804,2016-02-12,5200
4805,2016-02-13,5200
4806,2016-02-14,5200
4807,2016-02-15,5200
4808,2016-02-16,5200
4809,2016-02-17,5200
4810,2016-02-18,5200
4811,2016-02-19,5200
4812,2016-02-20,5200
4813,2016-02-21,5200
4814,2016-02-22,5200
4815,2016-02-23,5200
4816,2016-02-24,5200
4817,2016-02-25,5200
4818,2016-02-26,5200
4819,2016-02-27,5200
4820,2016-02-28,5200
4821,2016-02-29,5200
4822,2016-03-01,5200
4823,2016-03-02,5200
4824,2016-03-03,5200
4825,2016-03-04,5200
4826,2016-03-05,5200
4827,2016-03-06,5200
4828,2016-03-07,5200
4829,2016-03-08,5200
4830,2016-03-09,5200
4831,2016-03-10,5200
4832,2016-03-11,5200
4833,2016-03-12,5200
4834,2016-03-13,5200
4835,2016-03-14,5200
4836,2016-03-15,5200
4837,2016-03-16,5200
4838,2016-03-17,5200
4839,2016-03-18,5200
4840,2016-03-19,5200
4841,2016-03-20,5200
4842,2016-03-21,5200
4843,2016-03-22,5200
4844,2016-03-23,5200
4845,2016-03-24,5200
4846,2016-03-25,5200
4847,2016-03-26,5200
4848,2016-03-27,5200
4849,2016-03-28,5200
4850,2016-03-29,5200
4851,2016-03-30,5200
4852,2016-03-31,5200
4853,2016-04-01,5200
4854,2016-04-02,5200
4855,2016-04-03,5200
4856,2016-04-04,5200
4857,2016-04-05,5200
4858,2016-04-06,5200
4859,2016-04-07,5200
4860,2016-04-08,5200
4861,2016-04-09,5200
4862,2016-04-10,5200
4863,2016-04-11,5200
4864,2016-04-12,5200
4865,2016-04-13,5200
4866,2016-04-14,5200
4867,2016-04-15,5200
4868,2016-04-16,5200
4869,2016-04-17,5200
4870,2016-04-18,5200
4871,2016-04-19,5200
4872,2016-04-20,5200
4873,2016-04-21,5200
4874,2016-04-22,5200
4875,2016-04-23,5200
4876,2016-04-24,5200
4877,2016-04-25,5200
4878,2016-04-26,5200
4879,2016-04-27,5200
4880,2016-04-28,5200
4881,2016-04-29,5200
4882,2016-04-30,5200
4883,2016-05-01,5200
4884,2016-05-02,5200
4885,2016-05-03,5200
4886,2016-05-04,5200
4887,2016-05-05,5200
4888,2016-05-06,5200
4889,2016-05-07,5200
4890,2016-05-08,5200
4891,2016-05-09,5200
4892,2016-05-10,5200
4893,2016-05-11,5200
4894,2016-05-12,5200
4895,2016-05-13,5200
4896,2016-05-14,5200
4897,2016-05-15,5200
4898,2016-05-16,5200
4899,2016-05-17,5200
4900,2016-05-18,5200
4901,2016-05-19,5200
4902,2016-05-20,5200
4903,2016-05-21,5200
4904,2016-05-22,5200
4905,2016-05-23,5200
4906,2016-05-24,5200
4907,2016-05-25,5200
4908,2016-05-26,5200
4909,2016-05-27,5200
4910,2016-05-28,5200
4911,2016-05-29,5200
4912,2016-05-30,5200
4913,2016-05-31,5200
4914,2016-06-01,5200
4915,2016-06-02,5200
4916,2016-06-03,5200
4917,2016-06-04,5200
4918,2016-06-05,5200
4919,2016-06-06,5200
4920,2016-06-07,5200
4921,2016-06-08,5200
4922,2016-06-09,5200
4923,2016-06-10,5200
4924,2016-06-11,5200
4925,2016-06-12,5200
4926,2016-06-13,5200
4927,2016-06-14,5200
4928,2016-06-15,5200
4929,2016-06-16,5200
4930,2016-06-17,5200
4931,2016-06-18,5200
4932,2016-06-19,5200
4933,2016-06-20,5200
4934,2016-06-21,5200
4935,2016-06-22,5200
4936,2016-06-23,5200
4937,2016-06-24,5200
4938,2016-06-25,5200
4939,2016-06-26,5200
4940,2016-06-27,5200
4941,2016-06-28,5200
4942,2016-06-29,5200
4943,2016-06-30,5200
4944,2016-07-01,5200
4945,2016-07-02,5200
4946,2016-07-03,5200
4947,2016-07-04,5200
4948,2016-07-05,5200
4949,2016-07-06,5200
4950,2016-07-07,5200
4951,2016-07-08,5200
4952,2016-07-09,5200
4953,2016-07-10,5200
4954,2016-07-11,5200
4955,2016-07-12,5200
4956,2016-07-13,5200
4957,2016-07-14,5200
4958,2016-07-15,5200
4959,2016-07-16,5200
4960,2016-07-17,5200
4961,2016-07-18,5200
4962,2016-07-19,5200
4963,2016-07-20,5200
4964,2016-07-21,5200
4965,2016-07-22,5200
4966,2016-07-23,5200
4967,2016-07-24,5200
4968,2016-07-25,5200
4969,2016-07-26,5200
4970,2016-07-27,5200
4971,2016-07-28,5200
4972,2016-07-29,5200
4973,2016-07-30,5200
4974,2016-07-31,5200
4975,2016-08-01,5200
4976,2016-08-02,5200
4977,2016-08-03,5200
4978,2016-08-04,5200
4979,2016-08-05,5200
4980,2016-08-06,5200
4981,2016-08-07,5200
4982,2016-08-08,5200
4983,2016-08-09,5200
4984,2016-08-10,5200
4985,2016-08-11,5200
4986,2016-08-12,5200
4987,2016-08-13,5200
4988,2016-08-14,5200
4989,2016-08-15,5200
4990,2016-08-16,5200
4991,2016-08-17,5200
4992,2016-08-18,5200
4993,2016-08-19,5200
4994,2016-08-20,5200
4995,2016-08-21,5200
4996,2016-08-22,5200
4997,2016-08-23,5200
4998,2016-08-24,5200
4999,2016-08-25,5200
5000,2016-08-26,5200
5001,2016-08-27,5200
5002,2016-08-28,5200
5003,2016-08-29,5200
5004,2016-08-30,5200
5005,2016-08-31,5200
5006,2016-09-01,5200
5007,2016-09-02,5200
5008,2016-09-03,5200
5009,2016-09-04,5200
5010,2016-09-05,5200
5011,2016-09-06,5200
5012,2016-09-07,5200
5013,2016-09-08,5200
5014,2016-09-09,5200
5015,2016-09-10,5200
5016,2016-09-11,5200
5017,2016-09-12,5200
5018,2016-09-13,5200
5019,2016-09-14,5200
5020,2016-09-15,5200
5021,2016-09-16,5200
5022,2016-09-17,5200
5023,2016-09-18,5200
5024,2016-09-19,5200
5025,2016-09-20,5200
5026,2016-09-21,5200
5027,2016-09-22,5200
5028,2016-09-23,5200
5029,2016-09-24,5200
5030,2016-09-25,5200
5031,2016-09-26,5200
5032,2016-09-27,5200
5033,2016-09-28,5200
5034,2016-09-29,5200
5035,2016-09-30,5200
5036,2016-10-01,5200
5037,2016-10-02,5200
5038,2016-10-03,5200
5039,2016-10-04,5200
5040,2016-10-05,5200
5041,2016-10-06,5200
5042,2016-10-07,5200
5043,2016-10-08,5200
5044,2016-10-09,5200
5045,2016-10-10,5200
5046,2016-10-11,5200
5047,2016-10-12,5200
5048,2016-10-13,5200
5049,2016-10-14,5200
5050,2016-10-15,5200
5051,2016-10-16,5200
5052,2016-10-17,5200
5053,2016-10-18,5200
5054,2016-10-19,5200
5055,2016-10-20,5200
5056,2016-10-21,5200
5057,2016-10-22,5200
5058,2016-10-23,5200
5059,2016-10-24,5200
5060,2016-10-25,5200
5061,2016-10-26,5200
5062,2016-10-27,5200
5063,2016-10-28,5200
5064,2016-10-29,5200
5065,2016-10-30,5200
5066,2016-10-31,5200
5067,2016-11-01,5200
5068,2016-11-02,5200
5069,2016-11-03,5200
5070,2016-11-04,5200
5071,2016-11-05,5200
5072,2016-11-06,5200
5073,2016-11-07,5200
5074,2016-11-08,5200
5075,2016-11-09,5200
5076,2016-11-10,5200
5077,2016-11-11,5200
5078,2016-11-12,5200
5079,2016-11-13,5200
5080,2016-11-14,5200
5081,2016-11-15,5200
5082,2016-11-16,5200
5083,2016-11-17,5200
5084,2016-11-18,5200
5085,2016-11-19,5200
5086,2016-11-20,5200
5087,2016-11-21,5200
5088,2016-11-22,5200
5089,2016-11-23,5200
5090,2016-11-24,5200
5091,2016-11-25,5200
5092,2016-11-26,5200
5093,2016-11-27,5200
5094,2016-11-28,5200
5095,2016-11-29,5200
5096,2016-11-30,5200
5097,2016-12-01,5200
5098,2016-12-02,5200
5099,2016-12-03,5200
5100,2016-12-04,5200
5101,2016-12-05,5200
5102,2016-12-06,5200
5103,2016-12-07,5200
5104,2016-12-08,5200
5105,2016-12-09,5200
5106,2016-12-10,5200
5107,2016-12-11,5200
5108,2016-12-12,5200
5109,2016-12-13,5200
5110,2016-12-14,5200
5111,2016-12-15,5200
5112,2016-12-16,5200
5113,2016-12-17,5200
5114,2016-12-18,5200
5115,2016-12-19,5200
5116,2016-12-20,5200
5117,2016-12-21,5200
5118,2016-12-22,5200
5119,2016-12-23,5200
5120,2016-12-24,5200
5121,2016-12-25,5200
5122,2016-12-26,5200
5123,2016-12-27,5200
5124,2016-12-28,5200
5125,2016-12-29,5200
5126,2016-12-30,5200
5127,2016-12-31,5200
5128,2017-01-01,5200
5129,2017-01-02,5200
5130,2017-01-03,5200
5131,2017-01-04,5200
5132,2017-01-05,5200
5133,2017-01-06,5200
5134,2017-01-07,5200
5135,2017-01-08,5200
5136,2017-01-09,5200
5137,2017-01-10,5200
5138,2017-01-11,5200
5139,2017-01-12,5200
5140,2017-01-13,5200
5141,2017-01-14,5200
5142,2017-01-15,5200
5143,2017-01-16,5200
5144,2017-01-17,5200
5145,2017-01-18,5200
5146,2017-01-19,5200
5147,2017-01-20,5200
5148,2017-01-21,5200
5149,2017-01-22,5200
5150,2017-01-23,5200
5151,2017-01-24,5200
5152,2017-01-25,5200
5153,2017-01-26,5200
5154,2017-01-27,5200
5155,2017-01-28,5200
5156,2017-01-29,5200
5157,2017-01-30,5200
5158,2017-01-31,5200
5159,2017-02-01,5200
5160,2017-02-02,5200
5161,2017-02-03,5200
5162,2017-02-04,5200
5163,2017-02-05,5200
5164,2017-02-06,5200
5165,2017-02-07,5200
5166,2017-02-08,5200
5167,2017-02-09,5200
5168,2017-02-10,5200
5169,2017-02-11,5200
5170,2017-02-12,5200
5171,2017-02-13,5200
5172,2017-02-14,5200
5173,2017-02-15,5200
5174,2017-02-16,5200
5175,2017-02-17,5200
5176,2017-02-18,5200
5177,2017-02-19,5200
5178,2017-02-20,5200
5179,2017-02-21,5200
5180,2017-02-22,5200
5181,2017-02-23,5200
5182,2017-02-24,5200
5183,2017-02-25,5200
5184,2017-02-26,5200
5185,2017-02-27,5200
5186,2017-02-28,5200
5187,2017-03-01,5200
5188,2017-03-02,5200
5189,2017-03-03,5200
5190,2017-03-04,5200
5191,2017-03-05,5200
5192,2017-03-06,5200
5193,2017-03-07,5200
5194,2017-03-08,5200
5195,2017-03-09,5200
5196,2017-03-10,5200
5197,2017-03-11,5200
5198,2017-03-12,5200
5199,2017-03-13,5200
5200,2017-03-14,5200
5201,2017-03-15,5200
5202,2017-03-16,5200
5203,2017-03-17,5200
5204,2017-03-18,5200
5205,2017-03-19,5200
5206,2017-03-20,5200
5207,2017-03-21,5200
5208,2017-03-22,5200
5209,2017-03-23,5200
5210,2017-03-24,5200
5211,2017-03-25,5200
5212,2017-03-26,5200
5213,2017-03-27,5200
5214,2017-03-28,5200
5215,2017-03-29,5200
5216,2017-03-30,5200
5217,2017-03-31,5200
5218,2017-04-01,5200
5219,2017-04-02,5200
5220,2017-04-03,5200
5221,2017-04-04,5200
5222,2017-04-05,5200
5223,2017-04-06,5200
5224,2017-04-07,5200
5225,2017-04-08,5200
5226,2017-04-09,5200
5227,2017-04-10,5200
5228,2017-04-11,5200
5229,2017-04-12,5200
5230,2017-04-13,5200
5231,2017-04-14,5200
5232,2017-04-15,5200
5233,2017-04-16,5200
5234,2017-04-17,5200
5235,2017-04-18,5200
5236,2017-04-19,5200
5237,2017-04-20,5200
5238,2017-04-21,5200
5239,2017-04-22,5200
5240,2017-04-23,5200
5241,2017-04-24,5200
5242,2017-04-25,5200
5243,2017-04-26,5200
5244,2017-04-27,5200
5245,2017-04-28,5200
5246,2017-04-29,5200
5247,2017-04-30,5200
5248,2017-05-01,5200
5249,2017-05-02,5200
5250,2017-05-03,5200
5251,2017-05-04,5200
5252,2017-05-05,5200
5253,2017-05-06,5200
5254,2017-05-07,5200
5255,2017-05-08,5200
5256,2017-05-09,5200
5257,2017-05-10,5200
5258,2017-05-11,5200
5259,2017-05-12,5200
5260,2017-05-13,5200
5261,2017-05-14,5200
5262,2017-05-15,5200
5263,2017-05-16,5200
5264,2017-05-17,5200
5265,2017-05-18,5200
5266,2017-05-19,5200
5267,2017-05-20,5200
5268,2017-05-21,5200
5269,2017-05-22,5200
5270,2017-05-23,5200
5271,2017-05-24,5200
5272,2017-05-25,5200
5273,2017-05-26,5200
5274,2017-05-27,5200
5275,2017-05-28,5200
5276,2017-05-29,5200
5277,2017-05-30,5200
5278,2017-05-31,5200
5279,2017-06-01,5200
5280,2017-06-02,5200
5281,2017-06-03,5200
5282,2017-06-04,5200
5283,2017-06-05,5200
5284,2017-06-06,5200
5285,2017-06-07,5200
5286,2017-06-08,5200
5287,2017-06-09,5200
5288,2017-06-10,5200
5289,2017-06-11,5200
5290,2017-06-12,5200
5291,2017-06-13,5200
5292,2017-06-14,5200
5293,2017-06-15,5200
5294,2017-06-16,5200
5295,2017-06-17,5200
5296,2017-06-18,5200
5297,2017-06-19,5200
5298,2017-06-20,5200
5299,2017-06-21,5200
5300,2017-06-22,5200
5301,2017-06-23,5200
5302,2017-06-24,5200
5303,2017-06-25,5200
5304,2017-06-26,5200
5305,2017-06-27,5200
5306,2017-06-28,5200
5307,2017-06-29,5200
5308,2017-06-30,5200
5309,2017-07-01,5200
5310,2017-07-02,5200
5311,2017-07-03,5200
5312,2017-07-04,5200
5313,2017-07-05,5200
5314,2017-07-06,5200
5315,2017-07-07,5200
5316,2017-07-08,5200
5317,2017-07-09,5200
5318,2017-07-10,5200
5319,2017-07-11,5200
5320,2017-07-12,5200
5321,2017-07-13,5200
5322,2017-07-14,5200
5323,2017-07-15,5200
5324,2017-07-16,5200
5325,2017-07-17,5200
5326,2017-07-18,5200
5327,2017-07-19,5200
5328,2017-07-20,5200
5329,2017-07-21,5200
5330,2017-07-22,5200
5331,2017-07-23,5200
5332,2017-07-24,5200
5333,2017-07-25,5200
5334,2017-07-26,5200
5335,2017-07-27,5200
5336,2017-07-28,5200
5337,2017-07-29,5200
5338,2017-07-30,5200
5339,2017-07-31,5200
5340,2017-08-01,5200
5341,2017-08-02,5200
5342,2017-08-03,5200
5343,2017-08-04,5200
5344,2017-08-05,5200
5345,2017-08-06,5200
5346,2017-08-07,5200
5347,2017-08-08,5200
5348,2017-08-09,5200
5349,2017-08-10,5200
5350,2017-08-11,5200
5351,2017-08-12,5200
5352,2017-08-13,5200
5353,2017-08-14,5200
5354,2017-08-15,5200
5355,2017-08-16,5200
5356,2017-08-17,5200
5357,2017-08-18,5200
5358,2017-08-19,5200
5359,2017-08-20,5200
5360,2017-08-21,5200
5361,2017-08-22,5200
5362,2017-08-23,5200
5363,2017-08-24,5200
5364,2017-08-25,5200
5365,2017-08-26,5200
5366,2017-08-27,5200
5367,2017-08-28,5200
5368,2017-08-29,5200
5369,2017-08-30,5200
5370,2017-08-31,5200
5371,2017-09-01,5200
5372,2017-09-02,5200
5373,2017-09-03,5200
5374,2017-09-04,5200
5375,2017-09-05,5200
5376,2017-09-06,5200
5377,2017-09-07,5200
5378,2017-09-08,5200
5379,2017-09-09,5200
5380,2017-09-10,5200
5381,2017-09-11,5200
5382,2017-09-12,5200
5383,2017-09-13,5200
5384,2017-09-14,5200
5385,2017-09-15,5200
5386,2017-09-16,5200
5387,2017-09-17,5200
5388,2017-09-18,5200
5389,2017-09-19,5200
5390,2017-09-20,5200
5391,2017-09-21,5200
5392,2017-09-22,5200
5393,2017-09-23,5200
5394,2017-09-24,5200
5395,2017-09-25,5200
5396,2017-09-26,5200
5397,2017-09-27,5200
5398,2017-09-28,5200
5399,2017-09-29,5200
5400,2017-09-30,5200
5401,2017-10-01,5200
5402,2017-10-02,5200
5403,2017-10-03,5200
5404,2017-10-04,5200
5405,2017-10-05,5200
5406,2017-10-06,5200
5407,2017-10-07,5200
5408,2017-10-08,5200
5409,2017-10-09,5200
5410,2017-10-10,5200
5411,2017-10-11,5200
5412,2017-10-12,5200
5413,2017-10-13,5200
5414,2017-10-14,5200
5415,2017-10-15,5200
5416,2017-10-16,5200
5417,2017-10-17,5200
5418,2017-10-18,5200
5419,2017-10-19,5200
5420,2017-10-20,5200
5421,2017-10-21,5200
5422,2017-10-22,5200
5423,2017-10-23,5200
5424,2017-10-24,5200
5425,2017-10-25,5200
5426,2017-10-26,5200
5427,2017-10-27,5200
5428,2017-10-28,5200
5429,2017-10-29,5200
5430,2017-10-30,5200
5431,2017-10-31,5200
5432,2017-11-01,5200
5433,2017-11-02,5200
5434,2017-11-03,5200
5435,2017-11-04,5200
5436,2017-11-05,5200
5437,2017-11-06,5200
5438,2017-11-07,5200
5439,2017-11-08,5200
5440,2017-11-09,5200
5441,2017-11-10,5200
5442,2017-11-11,5200
5443,2017-11-12,5200
5444,2017-11-13,5200
5445,2017-11-14,5200
5446,2017-11-15,5200
5447,2017-11-16,5200
5448,2017-11-17,5200
5449,2017-11-18,5200
5450,2017-11-19,5200
5451,2017-11-20,5200
5452,2017-11-21,5200
5453,2017-11-22,5200
5454,2017-11-23,5200
5455,2017-11-24,5200
5456,2017-11-25,5200
5457,2017-11-26,5200
5458,2017-11-27,5200
5459,2017-11-28,5200
5460,2017-11-29,5200
5461,2017-11-30,5200
5462,2017-12-01,5200
5463,2017-12-02,5200
5464,2017-12-03,5200
5465,2017-12-04,5200
5466,2017-12-05,5200
5467,2017-12-06,5200
5468,2017-12-07,5200
5469,2017-12-08,5200
5470,2017-12-09,5200
5471,2017-12-10,5200
5472,2017-12-11,5200
5473,2017-12-12,5200
5474,2017-12-13,5200
5475,2017-12-14,5200
5476,2017-12-15,5200
5477,2017-12-16,5200
5478,2017-12-17,5200
5479,2017-12-18,5200
5480,2017-12-19,5200
5481,2017-12-20,5200
5482,2017-12-21,5200
5483,2017-12-22,5200
5484,2017-12-23,5200
5485,2017-12-24,5200
5486,2017-12-25,5200
5487,2017-12-26,5200
5488,2017-12-27,5200
5489,2017-12-28,5200
5490,2017-12-29,5200
5491,2017-12-30,5200
5492,2017-12-31,5200
5493,2018-01-01,5200
5494,2018-01-02,5200
5495,2018-01-03,5200
5496,2018-01-04,5200
5497,2018-01-05,5200
5498,2018-01-06,5200
5499,2018-01-07,5200
5500,2018-01-08,5200
5501,2018-01-09,5200
5502,2018-01-10,5200
5503,2018-01-11,5200
5504,2018-01-12,5200
5505,2018-01-13,5200
5506,2018-01-14,5200
5507,2018-01-15,5200
5508,2018-01-16,5200
5509,2018-01-17,5200
5510,2018-01-18,5200
5511,2018-01-19,5200
5512,2018-01-20,5200
5513,2018-01-21,5200
5514,2018-01-22,5200
5515,2018-01-23,5200
5516,2018-01-24,5200
5517,2018-01-25,5200
5518,2018-01-26,5200
5519,2018-01-27,5200
5520,2018-01-28,5200
5521,2018-01-29,5200
5522,2018-01-30,5200
5523,2018-01-31,5200
5524,2018-02-01,5200
5525,2018-02-02,5200
5526,2018-02-03,5200
5527,2018-02-04,5200
5528,2018-02-05,5200
5529,2018-02-06,5200
5530,2018-02-07,5200
5531,2018-02-08,5200
5532,2018-02-09,5200
5533,2018-02-10,5200
5534,2018-02-11,5200
5535,2018-02-12,5200
5536,2018-02-13,5200
5537,2018-02-14,5200
5538,2018-02-15,5200
5539,2018-02-16,5200
5540,2018-02-17,5200
5541,2018-02-18,5200
5542,2018-02-19,5200
5543,2018-02-20,5200
5544,2018-02-21,5200
5545,2018-02-22,5200
5546,2018-02-23,5200
5547,2018-02-24,5200
5548,2018-02-25,5200
5549,2018-02-26,5200
5550,2018-02-27,5200
5551,2018-02-28,5200
5552,2018-03-01,5200
5553,2018-03-02,5200
5554,2018-03-03,5200
5555,2018-03-04,5200
5556,2018-03-05,5200
5557,2018-03-06,5200
5558,2018-03-07,5200
5559,2018-03-08,5200
5560,2018-03-09,5200
5561,2018-03-10,5200
5562,2018-03-11,5200
5563,2018-03-12,5200
5564,2018-03-13,5200
5565,2018-03-14,5200
5566,2018-03-15,5200
5567,2018-03-16,5200
5568,2018-03-17,5200
5569,2018-03-18,5200
5570,2018-03-19,5200
5571,2018-03-20,5200
5572,2018-03-21,5200
5573,2018-03-22,5200
5574,2018-03-23,5200
5575,2018-03-24,5200
5576,2018-03-25,5200
5577,2018-03-26,5200
5578,2018-03-27,5200
5579,2018-03-28,5200
5580,2018-03-29,5200
5581,2018-03-30,5200
5582,2018-03-31,5200
5583,2018-04-01,5200
5584,2018-04-02,5200
5585,2018-04-03,5200
5586,2018-04-04,5200
5587,2018-04-05,5200
5588,2018-04-06,5200
5589,2018-04-07,5200
5590,2018-04-08,5200
5591,2018-04-09,5200
5592,2018-04-10,5200
5593,2018-04-11,5200
5594,2018-04-12,5200
5595,2018-04-13,5200
5596,2018-04-14,5200
5597,2018-04-15,5200
5598,2018-04-16,5200
5599,2018-04-17,5200
5600,2018-04-18,5200
5601,2018-04-19,5200
5602,2018-04-20,5200
5603,2018-04-21,5200
5604,2018-04-22,5200
5605,2018-04-23,5200
5606,2018-04-24,5200
5607,2018-04-25,5200
5608,2018-04-26,5200
5609,2018-04-27,5200
5610,2018-04-28,5200
5611,2018-04-29,5200
5612,2018-04-30,5200
5613,2018-05-01,5200
5614,2018-05-02,5200
5615,2018-05-03,5200
5616,2018-05-04,5200
5617,2018-05-05,5200
5618,2018-05-06,5200
5619,2018-05-07,5200
5620,2018-05-08,5200
5621,2018-05-09,5200
5622,2018-05-10,5200
5623,2018-05-11,5200
5624,2018-05-12,5200
5625,2018-05-13,5200
5626,2018-05-14,5200
5627,2018-05-15,5200
5628,2018-05-16,5200
5629,2018-05-17,5200
5630,2018-05-18,5200
5631,2018-05-19,5200
5632,2018-05-20,5200
5633,2018-05-21,5200
5634,2018-05-22,5200
5635,2018-05-23,5200
5636,2018-05-24,5200
5637,2018-05-25,5200
5638,2018-05-26,5200
5639,2018-05-27,5200
5640,2018-05-28,5200
5641,2018-05-29,5200
5642,2018-05-30,5200
5643,2018-05-31,5200
5644,2018-06-01,5200
5645,2018-06-02,5200
5646,2018-06-03,5200
5647,2018-06-04,5200
5648,2018-06-05,5200
5649,2018-06-06,5200
5650,2018-06-07,5200
5651,2018-06-08,5200
5652,2018-06-09,5200
5653,2018-06-10,5200
5654,2018-06-11,5200
5655,2018-06-12,5200
5656,2018-06-13,5200
5657,2018-06-14,5200
5658,2018-06-15,5200
5659,2018-06-16,5200
5660,2018-06-17,5200
5661,2018-06-18,5200
5662,2018-06-19,5200
5663,2018-06-20,5200
5664,2018-06-21,5200
5665,2018-06-22,5200
5666,2018-06-23,5200
5667,2018-06-24,5200
5668,2018-06-25,5200
5669,2018-06-26,5200
5670,2018-06-27,5200
5671,2018-06-28,5200
5672,2018-06-29,5200
5673,2018-06-30,5200
5674,2018-07-01,5200
5675,2018-07-02,5200
5676,2018-07-03,5200
5677,2018-07-04,5200
5678,2018-07-05,5200
5679,2018-07-06,5200
5680,2018-07-07,5200
5681,2018-07-08,5200
5682,2018-07-09,5200
5683,2018-07-10,5200
5684,2018-07-11,5200
5685,2018-07-12,5200
5686,2018-07-13,5200
5687,2018-07-14,5200
5688,2018-07-15,5200
5689,2018-07-16,5200
5690,2018-07-17,5200
5691,2018-07-18,5200
5692,2018-07-19,5200
5693,2018-07-20,5200
5694,2018-07-21,5200
5695,2018-07-22,5200
5696,2018-07-23,5200
5697,2018-07-24,5200
5698,2018-07-25,5200
5699,2018-07-26,5200
5700,2018-07-27,5200
5701,2018-07-28,5200
5702,2018-07-29,5200
5703,2018-07-30,5200
5704,2018-07-31,5200
5705,2018-08-01,5200
5706,2018-08-02,5200
5707,2018-08-03,5200
5708,2018-08-04,5200
5709,2018-08-05,5200
5710,2018-08-06,5200
5711,2018-08-07,5200
5712,2018-08-08,5200
5713,2018-08-09,5200
5714,2018-08-10,5200
5715,2018-08-11,5200
5716,2018-08-12,5200
5717,2018-08-13,5200
5718,2018-08-14,5200
5719,2018-08-15,5200
5720,2018-08-16,5200
5721,2018-08-17,5200
5722,2018-08-18,5200
5723,2018-08-19,5200
5724,2018-08-20,5200
5725,2018-08-21,5200
5726,2018-08-22,5200
5727,2018-08-23,5200
5728,2018-08-24,5200
5729,2018-08-25,5200
5730,2018-08-26,5200
5731,2018-08-27,5200
5732,2018-08-28,5200
5733,2018-08-29,5200
5734,2018-08-30,5200
5735,2018-08-31,5200
5736,2018-09-01,5200
5737,2018-09-02,5200
5738,2018-09-03,5200
5739,2018-09-04,5200
5740,2018-09-05,5200
5741,2018-09-06,5200
5742,2018-09-07,5200
5743,2018-09-08,5200
5744,2018-09-09,5200
5745,2018-09-10,5200
5746,2018-09-11,5200
5747,2018-09-12,5200
5748,2018-09-13,5200
5749,2018-09-14,5200
5750,2018-09-15,5200
5751,2018-09-16,5200
5752,2018-09-17,5200
5753,2018-09-18,5200
5754,2018-09-19,5200
5755,2018-09-20,5200
5756,2018-09-21,5200
5757,2018-09-22,5200
5758,2018-09-23,5200
5759,2018-09-24,5200
5760,2018-09-25,5200
5761,2018-09-26,5200
5762,2018-09-27,5200
5763,2018-09-28,5200
5764,2018-09-29,5200
5765,2018-09-30,5200
5766,2018-10-01,5200
5767,2018-10-02,5200
5768,2018-10-03,5200
5769,2018-10-04,5200
5770,2018-10-05,5200
5771,2018-10-06,5200
5772,2018-10-07,5200
5773,2018-10-08,5200
5774,2018-10-09,5200
5775,2018-10-10,5200
5776,2018-10-11,5200
5777,2018-10-12,5200
5778,2018-10-13,5200
5779,2018-10-14,5200
5780,2018-10-15,5200
5781,2018-10-16,5200
5782,2018-10-17,5200
5783,2018-10-18,5200
5784,2018-10-19,5200
5785,2018-10-20,5200
5786,2018-10-21,5200
5787,2018-10-22,5200
5788,2018-10-23,5200
5789,2018-10-24,5200
5790,2018-10-25,5200
5791,2018-10-26,5200
5792,2018-10-27,5200
5793,2018-10-28,5200
5794,2018-10-29,5200
5795,2018-10-30,5200
5796,2018-10-31,5200
5797,2018-11-01,5200
5798,2018-11-02,5200
5799,2018-11-03,5200
5800,2018-11-04,5200
5801,2018-11-05,5200
5802,2018-11-06,5200
5803,2018-11-07,5200
5804,2018-11-08,5200
5805,2018-11-09,5200
5806,2018-11-10,5200
5807,2018-11-11,5200
5808,2018-11-12,5200
5809,2018-11-13,5200
5810,2018-11-14,5200
5811,2018-11-15,5200
5812,2018-11-16,5200
5813,2018-11-17,5200
5814,2018-11-18,5200
5815,2018-11-19,5200
5816,2018-11-20,5200
5817,2018-11-21,5200
5818,2018-11-22,5200
5819,2018-11-23,5200
5820,2018-11-24,5200
5821,2018-11-25,5200
5822,2018-11-26,5200
5823,2018-11-27,5200
5824,2018-11-28,5200
5825,2018-11-29,5200
5826,2018-11-30,5200
5827,2018-12-01,5200
5828,2018-12-02,5200
5829,2018-12-03,5200
5830,2018-12-04,5200
5831,2018-12-05,5200
5832,2018-12-06,5200
5833,2018-12-07,5200
5834,2018-12-08,5200
5835,2018-12-09,5200
5836,2018-12-10,5200
5837,2018-12-11,5200
5838,2018-12-12,5200
5839,2018-12-13,5200
5840,2018-12-14,5200
5841,2018-12-15,5200
5842,2018-12-16,5200
5843,2018-12-17,5200
5844,2018-12-18,5200
5845,2018-12-19,5200
5846,2018-12-20,5200
5847,2018-12-21,5200
5848,2018-12-22,5200
5849,2018-12-23,5200
5850,2018-12-24,5200
5851,2018-12-25,5200
5852,2018-12-26,5200
5853,2018-12-27,5200
5854,2018-12-28,5200
5855,2018-12-29,5200
5856,2018-12-30,5200
5857,2018-12-31,5200
5858,2019-01-01,5200
5859,2019-01-02,5200
5860,2019-01-03,5200
5861,2019-01-04,5200
5862,2019-01-05,5200
5863,2019-01-06,5200
5864,2019-01-07,5200
5865,2019-01-08,5200
5866,2019-01-09,5200
5867,2019-01-10,5200
5868,2019-01-11,5200
5869,2019-01-12,5200
5870,2019-01-13,5200
5871,2019-01-14,5200
5872,2019-01-15,5200
5873,2019-01-16,5200
5874,2019-01-17,5200
5875,2019-01-18,5200
5876,2019-01-19,5200
5877,2019-01-20,5200
5878,2019-01-21,5200
5879,2019-01-22,5200
5880,2019-01-23,5200
5881,2019-01-24,5200
5882,2019-01-25,5200
5883,2019-01-26,5200
5884,2019-01-27,5200
5885,2019-01-28,5200
5886,2019-01-29,5200
5887,2019-01-30,5200
5888,2019-01-31,5200
5889,2019-02-01,5200
5890,2019-02-02,5200
5891,2019-02-03,5200
5892,2019-02-04,5200
5893,2019-02-05,5200
5894,2019-02-06,5200
5895,2019-02-07,5200
5896,2019-02-08,5200
5897,2019-02-09,5200
5898,2019-02-10,5200
5899,2019-02-11,5200
5900,2019-02-12,5200
5901,2019-02-13,5200
5902,2019-02-14,5200
5903,2019-02-15,5200
5904,2019-02-16,5200
5905,2019-02-17,5200
5906,2019-02-18,5200
5907,2019-02-19,5200
5908,2019-02-20,5200
5909,2019-02-21,5200
5910,2019-02-22,5200
5911,2019-02-23,5200
5912,2019-02-24,5200
5913,2019-02-25,5200
5914,2019-02-26,5200
5915,2019-02-27,5200
5916,2019-02-28,5200
5917,2019-03-01,5200
5918,2019-03-02,5200
5919,2019-03-03,5200
5920,2019-03-04,5200
5921,2019-03-05,5200
5922,2019-03-06,5200
5923,2019-03-07,5200
5924,2019-03-08,5200
5925,2019-03-09,5200
5926,2019-03-10,5200
5927,2019-03-11,5200
5928,2019-03-12,5200
5929,2019-03-13,5200
5930,2019-03-14,5200
5931,2019-03-15,5200
5932,2019-03-16,5200
5933,2019-03-17,5200
5934,2019-03-18,5200
5935,2019-03-19,5200
5936,2019-03-20,5200
5937,2019-03-21,5200
5938,2019-03-22,5200
5939,2019-03-23,5200
5940,2019-03-24,5200
5941,2019-03-25,5200
5942,2019-03-26,5200
5943,2019-03-27,5200
5944,2019-03-28,5200
5945,2019-03-29,5200
5946,2019-03-30,5200
5947,2019-03-31,5200
5948,2019-04-01,5200
5949,2019-04-02,5200
5950,2019-04-03,5200
5951,2019-04-04,5200
5952,2019-04-05,5200
5953,2019-04-06,5200
5954,2019-04-07,5200
5955,2019-04-08,5200
5956,2019-04-09,5200
5957,2019-04-10,5200
5958,2019-04-11,5200
5959,2019-04-12,5200
5960,2019-04-13,5200
5961,2019-04-14,5200
5962,2019-04-15,5200
5963,2019-04-16,5200
5964,2019-04-17,5200
5965,2019-04-18,5200
5966,2019-04-19,5200
5967,2019-04-20,5200
5968,2019-04-21,5200
5969,2019-04-22,5200
5970,2019-04-23,5200
5971,2019-04-24,5200
5972,2019-04-25,5200
5973,2019-04-26,5200
5974,2019-04-27,5200
5975,2019-04-28,5200
5976,2019-04-29,5200
5977,2019-04-30,5200
5978,2019-05-01,5200
5979,2019-05-02,5200
5980,2019-05-03,5200
5981,2019-05-04,5200
5982,2019-05-05,5200
5983,2019-05-06,5200
5984,2019-05-07,5200
5985,2019-05-08,5200
5986,2019-05-09,5200
5987,2019-05-10,5200
5988,2019-05-11,5200
5989,2019-05-12,5200
5990,2019-05-13,5200
5991,2019-05-14,5200
5992,2019-05-15,5200
5993,2019-05-16,5200
5994,2019-05-17,5200
5995,2019-05-18,5200
5996,2019-05-19,5200
5997,2019-05-20,5200
5998,2019-05-21,5200
5999,2019-05-22,5200
6000,2019-05-23,5200
6001,2019-05-24,5200
6002,2019-05-25,5200
6003,2019-05-26,5200
6004,2019-05-27,5200
6005,2019-05-28,5200
6006,2019-05-29,5200
6007,2019-05-30,5200
6008,2019-05-31,5200
6009,2019-06-01,5200
6010,2019-06-02,5200
6011,2019-06-03,5200
6012,2019-06-04,5200
6013,2019-06-05,5200
6014,2019-06-06,5200
6015,2019-06-07,5200
6016,2019-06-08,5200
6017,2019-06-09,5200
6018,2019-06-10,5200
6019,2019-06-11,5200
6020,2019-06-12,5200
6021,2019-06-13,5200
6022,2019-06-14,5200
6023,2019-06-15,5200
6024,2019-06-16,5200
6025,2019-06-17,5200
6026,2019-06-18,5200
6027,2019-06-19,5200
6028,2019-06-20,5200
6029,2019-06-21,5200
6030,2019-06-22,5200
6031,2019-06-23,5200
6032,2019-06-24,5200
6033,2019-06-25,5200
6034,2019-06-26,5200
6035,2019-06-27,5200
6036,2019-06-28,5200
6037,2019-06-29,5200
6038,2019-06-30,5200
6039,2019-07-01,5200
6040,2019-07-02,5200
6041,2019-07-03,5200
6042,2019-07-04,5200
6043,2019-07-05,5200
6044,2019-07-06,5200
6045,2019-07-07,5200
6046,2019-07-08,5200
6047,2019-07-09,5200
6048,2019-07-10,5200
6049,2019-07-11,5200
6050,2019-07-12,5200
6051,2019-07-13,5200
6052,2019-07-14,5200
6053,2019-07-15,5200
6054,2019-07-16,5200
6055,2019-07-17,5200
6056,2019-07-18,5200
6057,2019-07-19,5200
6058,2019-07-20,5200
6059,2019-07-21,5200
6060,2019-07-22,5200
6061,2019-07-23,5200
6062,2019-07-24,5200
6063,2019-07-25,5200
6064,2019-07-26,5200
6065,2019-07-27,5200
6066,2019-07-28,5200
6067,2019-07-29,5200
6068,2019-07-30,5200
6069,2019-07-31,5200
6070,2019-08-01,5200
6071,2019-08-02,5200
6072,2019-08-03,5200
6073,2019-08-04,5200
6074,2019-08-05,5200
6075,2019-08-06,5200
6076,2019-08-07,5200
6077,2019-08-08,5200
6078,2019-08-09,5200
6079,2019-08-10,5200
6080,2019-08-11,5200
6081,2019-08-12,5200
6082,2019-08-13,5200
6083,2019-08-14,5200
6084,2019-08-15,5200
6085,2019-08-16,5200
6086,2019-08-17,5200
6087,2019-08-18,5200
6088,2019-08-19,5200
6089,2019-08-20,5200
6090,2019-08-21,5200
6091,2019-08-22,5200
6092,2019-08-23,5200
6093,2019-08-24,5200
6094,2019-08-25,5200
6095,2019-08-26,5200
6096,2019-08-27,5200
6097,2019-08-28,5200
6098,2019-08-29,5200
6099,2019-08-30,5200
6100,2019-08-31,5200
6101,2019-09-01,5200
6102,2019-09-02,5200
6103,2019-09-03,5200
6104,2019-09-04,5200
6105,2019-09-05,5200
6106,2019-09-06,5200
6107,2019-09-07,5200
6108,2019-09-08,5200
6109,2019-09-09,5200
6110,2019-09-10,5200
6111,2019-09-11,5200
6112,2019-09-12,5200
6113,2019-09-13,5200
6114,2019-09-14,5200
6115,2019-09-15,5200
6116,2019-09-16,5200
6117,2019-09-17,5200
6118,2019-09-18,5200
6119,2019-09-19,5200
6120,2019-09-20,5200
6121,2019-09-21,5200
6122,2019-09-22,5200
6123,2019-09-23,5200
6124,2019-09-24,5200
6125,2019-09-25,5200
6126,2019-09-26,5200
6127,2019-09-27,5200
6128,2019-09-28,5200
6129,2019-09-29,5200
6130,2019-09-30,5200
6131,2019-10-01,5200
6132,2019-10-02,5200
6133,2019-10-03,5200
6134,2019-10-04,5200
6135,2019-10-05,5200
6136,2019-10-06,5200
6137,2019-10-07,5200
6138,2019-10-08,5200
6139,2019-10-09,5200
6140,2019-10-10,5200
6141,2019-10-11,5200
6142,2019-10-12,5200
6143,2019-10-13,5200
6144,2019-10-14,5200
6145,2019-10-15,5200
6146,2019-10-16,5200
6147,2019-10-17,5200
6148,2019-10-18,5200
6149,2019-10-19,5200
6150,2019-10-20,5200
6151,2019-10-21,5200
6152,2019-10-22,5200
6153,2019-10-23,5200
6154,2019-10-24,5200
6155,2019-10-25,5200
6156,2019-10-26,5200
6157,2019-10-27,5200
6158,2019-10-28,5200
6159,2019-10-29,5200
6160,2019-10-30,5200
6161,2019-10-31,5200
6162,2019-11-01,5200
6163,2019-11-02,5200
6164,2019-11-03,5200
6165,2019-11-04,5200
6166,2019-11-05,5200
6167,2019-11-06,5200
6168,2019-11-07,5200
6169,2019-11-08,5200
6170,2019-11-09,5200
6171,2019-11-10,5200
6172,2019-11-11,5200
6173,2019-11-12,5200
6174,2019-11-13,5200
6175,2019-11-14,5200
6176,2019-11-15,5200
6177,2019-11-16,5200
6178,2019-11-17,5200
6179,2019-11-18,5200
6180,2019-11-19,5200
6181,2019-11-20,5200
6182,2019-11-21,5200
6183,2019-11-22,5200
6184,2019-11-23,5200
6185,2019-11-24,5200
6186,2019-11-25,5200
6187,2019-11-26,5200
6188,2019-11-27,5200
6189,2019-11-28,5200
6190,2019-11-29,5200
6191,2019-11-30,5200
6192,2019-12-01,5200
6193,2019-12-02,5200
6194,2019-12-03,5200
6195,2019-12-04,5200
6196,2019-12-05,5200
6197,2019-12-06,5200
6198,2019-12-07,5200
6199,2019-12-08,5200
6200,2019-12-09,5200
6201,2019-12-10,5200
6202,2019-12-11,5200
6203,2019-12-12,5200
6204,2019-12-13,5200
6205,2019-12-14,5200
6206,2019-12-15,5200
6207,2019-12-16,5200
6208,2019-12-17,5200
6209,2019-12-18,5200
6210,2019-12-19,5200
6211,2019-12-20,5200
6212,2019-12-21,5200
6213,2019-12-22,5200
6214,2019-12-23,5200
6215,2019-12-24,5200
6216,2019-12-25,5200
6217,2019-12-26,5200
6218,2019-12-27,5200
6219,2019-12-28,5200
6220,2019-12-29,5200
6221,2019-12-30,5200
6222,2019-12-31,5200
6223,2020-01-01,5200
6224,2020-01-02,5200
6225,2020-01-03,5200
6226,2020-01-04,5200
6227,2020-01-05,5200
6228,2020-01-06,5200
6229,2020-01-07,5200
6230,2020-01-08,5200
6231,2020-01-09,5200
6232,2020-01-10,5200
6233,2020-01-11,5200
6234,2020-01-12,5200
6235,2020-01-13,5200
6236,2020-01-14,5200
6237,2020-01-15,5200
6238,2020-01-16,5200
6239,2020-01-17,5200
6240,2020-01-18,5200
6241,2020-01-19,5200
6242,2020-01-20,5200
6243,2020-01-21,5200
6244,2020-01-22,5200
6245,2020-01-23,5200
6246,2020-01-24,5200
6247,2020-01-25,5200
6248,2020-01-26,5200
6249,2020-01-27,5200
6250,2020-01-28,5200
6251,2020-01-29,5200
6252,2020-01-30,5200
6253,2020-01-31,5200
6254,2020-02-01,5200
6255,2020-02-02,5200
6256,2020-02-03,5200
6257,2020-02-04,5200
6258,2020-02-05,5200
6259,2020-02-06,5200
6260,2020-02-07,5200
6261,2020-02-08,5200
6262,2020-02-09,5200
6263,2020-02-10,5200
6264,2020-02-11,5200
6265,2020-02-12,5200
6266,2020-02-13,5200
6267,2020-02-14,5200
6268,2020-02-15,5200
6269,2020-02-16,5200
6270,2020-02-17,5200
6271,2020-02-18,5200
6272,2020-02-19,5200
6273,2020-02-20,5200
6274,2020-02-21,5200
6275,2020-02-22,5200
6276,2020-02-23,5200
6277,2020-02-24,5200
6278,2020-02-25,5200
6279,2020-02-26,5200
6280,2020-02-27,5200
6281,2020-02-28,5200
6282,2020-02-29,5200
6283,2020-03-01,5200
6284,2020-03-02,5200
6285,2020-03-03,5200
6286,2020-03-04,5200
6287,2020-03-05,5200
6288,2020-03-06,5200
6289,2020-03-07,5200
6290,2020-03-08,5200
6291,2020-03-09,5200
6292,2020-03-10,5200
6293,2020-03-11,5200
6294,2020-03-12,5200
6295,2020-03-13,5200
6296,2020-03-14,5200
6297,2020-03-15,5200
6298,2020-03-16,5200
6299,2020-03-17,5200
6300,2020-03-18,5200
6301,2020-03-19,5200
6302,2020-03-20,5200
6303,2020-03-21,5200
6304,2020-03-22,5200
6305,2020-03-23,5200
6306,2020-03-24,5200
6307,2020-03-25,5200
6308,2020-03-26,5200
6309,2020-03-27,5200
6310,2020-03-28,5200
6311,2020-03-29,5200
6312,2020-03-30,5200
6313,2020-03-31,5200
6314,2020-04-01,5200
6315,2020-04-02,5200
6316,2020-04-03,5200
6317,2020-04-04,5200
6318,2020-04-05,5200
6319,2020-04-06,5200
6320,2020-04-07,5200
6321,2020-04-08,5200
6322,2020-04-09,5200
6323,2020-04-10,5200
6324,2020-04-11,5200
6325,2020-04-12,5200
6326,2020-04-13,5200
6327,2020-04-14,5200
6328,2020-04-15,5200
6329,2020-04-16,5200
6330,2020-04-17,5200
6331,2020-04-18,5200
6332,2020-04-19,5200
6333,2020-04-20,5200
6334,2020-04-21,5200
6335,2020-04-22,5200
6336,2020-04-23,5200
6337,2020-04-24,5200
6338,2020-04-25,5200
6339,2020-04-26,5200
6340,2020-04-27,5200
6341,2020-04-28,5200
6342,2020-04-29,5200
6343,2020-04-30,5200
6344,2020-05-01,5200
6345,2020-05-02,5200
6346,2020-05-03,5200
6347,2020-05-04,5200
6348,2020-05-05,5200
6349,2020-05-06,5200
6350,2020-05-07,5200
6351,2020-05-08,5200
6352,2020-05-09,5200
6353,2020-05-10,5200
6354,2020-05-11,5200
6355,2020-05-12,5200
6356,2020-05-13,5200
6357,2020-05-14,5200
6358,2020-05-15,5200
6359,2020-05-16,5200
6360,2020-05-17,5200
6361,2020-05-18,5200
6362,2020-05-19,5200
6363,2020-05-20,5200
6364,2020-05-21,5200
6365,2020-05-22,5200
6366,2020-05-23,5200
6367,2020-05-24,5200
6368,2020-05-25,5200
6369,2020-05-26,5200
6370,2020-05-27,5200
6371,2020-05-28,5200
6372,2020-05-29,5200
6373,2020-05-30,5200
6374,2020-05-31,5200
6375,2020-06-01,5200
6376,2020-06-02,5200
6377,2020-06-03,5200
6378,2020-06-04,5200
6379,2020-06-05,5200
6380,2020-06-06,5200
6381,2020-06-07,5200
6382,2020-06-08,5200
6383,2020-06-09,5200
6384,2020-06-10,5200
6385,2020-06-11,5200
6386,2020-06-12,5200
6387,2020-06-13,5200
6388,2020-06-14,5200
6389,2020-06-15,5200
6390,2020-06-16,5200
6391,2020-06-17,5200
6392,2020-06-18,5200
6393,2020-06-19,5200
6394,2020-06-20,5200
6395,2020-06-21,5200
6396,2020-06-22,5200
6397,2020-06-23,5200
6398,2020-06-24,5200
6399,2020-06-25,5200
6400,2020-06-26,5200
6401,2020-06-27,5200
6402,2020-06-28,5200
6403,2020-06-29,5200
6404,2020-06-30,5200
6405,2020-07-01,5200
6406,2020-07-02,5200
6407,2020-07-03,5200
6408,2020-07-04,5200
6409,2020-07-05,5200
6410,2020-07-06,5200
6411,2020-07-07,5200
6412,2020-07-08,5200
6413,2020-07-09,5200
6414,2020-07-10,5200
6415,2020-07-11,5200
6416,2020-07-12,5200
6417,2020-07-13,5200
6418,2020-07-14,5200
6419,2020-07-15,5200
6420,2020-07-16,5200
6421,2020-07-17,5200
6422,2020-07-18,5200
6423,2020-07-19,5200
6424,2020-07-20,5200
6425,2020-07-21,5200
6426,2020-07-22,5200
6427,2020-07-23,5200
6428,2020-07-24,5200
6429,2020-07-25,5200
6430,2020-07-26,5200
6431,2020-07-27,5200
6432,2020-07-28,5200
6433,2020-07-29,5200
6434,2020-07-30,5200
6435,2020-07-31,5200
6436,2020-08-01,5200
6437,2020-08-02,5200
6438,2020-08-03,5200
6439,2020-08-04,5200
6440,2020-08-05,5200
6441,2020-08-06,5200
6442,2020-08-07,5200
6443,2020-08-08,5200
6444,2020-08-09,5200
6445,2020-08-10,5200
6446,2020-08-11,5200
6447,2020-08-12,5200
6448,2020-08-13,5200
6449,2020-08-14,5200
6450,2020-08-15,5200
6451,2020-08-16,5200
6452,2020-08-17,5200
6453,2020-08-18,5200
6454,2020-08-19,5200
6455,2020-08-20,5200
6456,2020-08-21,5200
6457,2020-08-22,5200
6458,2020-08-23,5200
6459,2020-08-24,5200
6460,2020-08-25,5200
6461,2020-08-26,5200
6462,2020-08-27,5200
6463,2020-08-28,5200
6464,2020-08-29,5200
6465,2020-08-30,5200
6466,2020-08-31,5200
6467,2020-09-01,5200
6468,2020-09-02,5200
6469,2020-09-03,5200
6470,2020-09-04,5200
6471,2020-09-05,5200
6472,2020-09-06,5200
6473,2020-09-07,5200
6474,2020-09-08,5200
6475,2020-09-09,5200
6476,2020-09-10,5200
6477,2020-09-11,5200
6478,2020-09-12,5200
6479,2020-09-13,5200
6480,2020-09-14,5200
6481,2020-09-15,5200
6482,2020-09-16,5200
6483,2020-09-17,5200
6484,2020-09-18,5200
6485,2020-09-19,5200
6486,2020-09-20,5200
6487,2020-09-21,5200
6488,2020-09-22,5200
6489,2020-09-23,5200
6490,2020-09-24,5200
6491,2020-09-25,5200
6492,2020-09-26,5200
6493,2020-09-27,5200
6494,2020-09-28,5200
6495,2020-09-29,5200
6496,2020-09-30,5200
6497,2020-10-01,5200
6498,2020-10-02,5200
6499,2020-10-03,5200
6500,2020-10-04,5200
6501,2020-10-05,5200
6502,2020-10-06,5200
6503,2020-10-07,5200
6504,2020-10-08,5200
6505,2020-10-09,5200
6506,2020-10-10,5200
6507,2020-10-11,5200
6508,2020-10-12,5200
6509,2020-10-13,5200
6510,2020-10-14,5200
6511,2020-10-15,5200
6512,2020-10-16,5200
6513,2020-10-17,5200
6514,2020-10-18,5200
6515,2020-10-19,5200
6516,2020-10-20,5200
6517,2020-10-21,5200
6518,2020-10-22,5200
6519,2020-10-23,5200
6520,2020-10-24,5200
6521,2020-10-25,5200
6522,2020-10-26,5200
6523,2020-10-27,5200
6524,2020-10-28,5200
6525,2020-10-29,5200
6526,2020-10-30,5200
6527,2020-10-31,5200
6528,2020-11-01,5200
6529,2020-11-02,5200
6530,2020-11-03,5200
6531,2020-11-04,5200
6532,2020-11-05,5200
6533,2020-11-06,5200
6534,2020-11-07,5200
6535,2020-11-08,5200
6536,2020-11-09,5200
6537,2020-11-10,5200
6538,2020-11-11,5200
6539,2020-11-12,5200
6540,2020-11-13,5200
6541,2020-11-14,5200
6542,2020-11-15,5200
6543,2020-11-16,5200
6544,2020-11-17,5200
6545,2020-11-18,5200
6546,2020-11-19,5200
6547,2020-11-20,5200
6548,2020-11-21,5200
6549,2020-11-22,5200
6550,2020-11-23,5200
6551,2020-11-24,5200
6552,2020-11-25,5200
6553,2020-11-26,5200
6554,2020-11-27,5200
6555,2020-11-28,5200
6556,2020-11-29,5200
6557,2020-11-30,5200
6558,2020-12-01,5200
6559,2020-12-02,5200
6560,2020-12-03,5200
6561,2020-12-04,5200
6562,2020-12-05,5200
6563,2020-12-06,5200
6564,2020-12-07,5200
6565,2020-12-08,5200
6566,2020-12-09,5200
6567,2020-12-10,5200
6568,2020-12-11,5200
6569,2020-12-12,5200
6570,2020-12-13,5200
6571,2020-12-14,5200
6572,2020-12-15,5200
6573,2020-12-16,5200
6574,2020-12-17,5200
6575,2020-12-18,5200
6576,2020-12-19,5200
6577,2020-12-20,5200
6578,2020-12-21,5200
6579,2020-12-22,5200
6580,2020-12-23,5200
6581,2020-12-24,5200
6582,2020-12-25,5200
6583,2020-12-26,5200
6584,2020-12-27,5200
6585,2020-12-28,5200
6586,2020-12-29,5200
6587,2020-12-30,5200
6588,2020-12-31,5200
6589,2021-01-01,5200
6590,2021-01-02,5200
6591,2021-01-03,5200
6592,2021-01-04,5200
6593,2021-01-05,5200
6594,2021-01-06,5200
6595,2021-01-07,5200
6596,2021-01-08,5200
6597,2021-01-09,5200
6598,2021-01-10,5200
6599,2021-01-11,5200
6600,2021-01-12,5200
6601,2021-01-13,5200
6602,2021-01-14,5200
6603,2021-01-15,5200
6604,2021-01-16,5200
6605,2021-01-17,5200
6606,2021-01-18,5200
6607,2021-01-19,5200
6608,2021-01-20,5200
6609,2021-01-21,5200
6610,2021-01-22,5200
6611,2021-01-23,5200
6612,2021-01-24,5200
6613,2021-01-25,5200
6614,2021-01-26,5200
6615,2021-01-27,5200
6616,2021-01-28,5200
6617,2021-01-29,5200
6618,2021-01-30,5200
6619,2021-01-31,5200
6620,2021-02-01,5200
6621,2021-02-02,5200
6622,2021-02-03,5200
6623,2021-02-04,5200
6624,2021-02-05,5200
6625,2021-02-06,5200
6626,2021-02-07,5200
6627,2021-02-08,5200
6628,2021-02-09,5200
6629,2021-02-10,5200
6630,2021-02-11,5200
6631,2021-02-12,5200
6632,2021-02-13,5200
6633,2021-02-14,5200
6634,2021-02-15,5200
6635,2021-02-16,5200
6636,2021-02-17,5200
6637,2021-02-18,5200
6638,2021-02-19,5200
6639,2021-02-20,5200
6640,2021-02-21,5200
6641,2021-02-22,5200
6642,2021-02-23,5200
6643,2021-02-24,5200
6644,2021-02-25,5200
6645,2021-02-26,5200
6646,2021-02-27,5200
6647,2021-02-28,5200
6648,2021-03-01,5200
6649,2021-03-02,5200
6650,2021-03-03,5200
6651,2021-03-04,5200
6652,2021-03-05,5200
6653,2021-03-06,5200
6654,2021-03-07,5200
6655,2021-03-08,5200
6656,2021-03-09,5200
6657,2021-03-10,5200
6658,2021-03-11,5200
6659,2021-03-12,5200
6660,2021-03-13,5200
6661,2021-03-14,5200
6662,2021-03-15,5200
6663,2021-03-16,5200
6664,2021-03-17,5200
6665,2021-03-18,5200
6666,2021-03-19,5200
6667,2021-03-20,5200
6668,2021-03-21,5200
6669,2021-03-22,5200
6670,2021-03-23,5200
6671,2021-03-24,5200
6672,2021-03-25,5200
6673,2021-03-26,5200
6674,2021-03-27,5200
6675,2021-03-28,5200
6676,2021-03-29,5200
6677,2021-03-30,5200
6678,2021-03-31,5200
6679,2021-04-01,5200
6680,2021-04-02,5200
6681,2021-04-03,5200
6682,2021-04-04,5200
6683,2021-04-05,5200
6684,2021-04-06,5200
6685,2021-04-07,5200
6686,2021-04-08,5200
6687,2021-04-09,5200
6688,2021-04-10,5200
6689,2021-04-11,5200
6690,2021-04-12,5200
6691,2021-04-13,5200
6692,2021-04-14,5200
6693,2021-04-15,5200
6694,2021-04-16,5200
6695,2021-04-17,5200
6696,2021-04-18,5200
6697,2021-04-19,5200
6698,2021-04-20,5200
6699,2021-04-21,5200
6700,2021-04-22,5200
6701,2021-04-23,5200
6702,2021-04-24,5200
6703,2021-04-25,5200
6704,2021-04-26,5200
6705,2021-04-27,5200
6706,2021-04-28,5200
6707,2021-04-29,5200
6708,2021-04-30,5200
6709,2021-05-01,5200
6710,2021-05-02,5200
6711,2021-05-03,5200
6712,2021-05-04,5200
6713,2021-05-05,5200
6714,2021-05-06,5200
6715,2021-05-07,5200
6716,2021-05-08,5200
6717,2021-05-09,5200
6718,2021-05-10,5200
6719,2021-05-11,5200
6720,2021-05-12,5200
6721,2021-05-13,5200
6722,2021-05-14,5200
6723,2021-05-15,5200
6724,2021-05-16,5200
6725,2021-05-17,5200
6726,2021-05-18,5200
6727,2021-05-19,5200
6728,2021-05-20,5200
6729,2021-05-21,5200
6730,2021-05-22,5200
6731,2021-05-23,5200
6732,2021-05-24,5200
6733,2021-05-25,5200
6734,2021-05-26,5200
6735,2021-05-27,5200
6736,2021-05-28,5200
6737,2021-05-29,5200
6738,2021-05-30,5200
6739,2021-05-31,5200
6740,2021-06-01,5200
6741,2021-06-02,5200
6742,2021-06-03,5200
6743,2021-06-04,5200
6744,2021-06-05,5200
6745,2021-06-06,5200
6746,2021-06-07,5200
6747,2021-06-08,5200
6748,2021-06-09,5200
6749,2021-06-10,5200
6750,2021-06-11,5200
6751,2021-06-12,5200
6752,2021-06-13,5200
6753,2021-06-14,5200
6754,2021-06-15,5200
6755,2021-06-16,5200
6756,2021-06-17,5200
6757,2021-06-18,5200
6758,2021-06-19,5200
6759,2021-06-20,5200
6760,2021-06-21,5200
6761,2021-06-22,5200
6762,2021-06-23,5200
6763,2021-06-24,5200
6764,2021-06-25,5200
6765,2021-06-26,5200
6766,2021-06-27,5200
6767,2021-06-28,5200
6768,2021-06-29,5200
6769,2021-06-30,5200
6770,2021-07-01,5200
6771,2021-07-02,5200
6772,2021-07-03,5200
6773,2021-07-04,5200
6774,2021-07-05,5200
6775,2021-07-06,5200
6776,2021-07-07,5200
6777,2021-07-08,5200
6778,2021-07-09,5200
6779,2021-07-10,5200
6780,2021-07-11,5200
6781,2021-07-12,5200
6782,2021-07-13,5200
6783,2021-07-14,5200
6784,2021-07-15,5200
6785,2021-07-16,5200
6786,2021-07-17,5200
6787,2021-07-18,5200
6788,2021-07-19,5200
6789,2021-07-20,5200
6790,2021-07-21,5200
6791,2021-07-22,5200
6792,2021-07-23,5200
6793,2021-07-24,5200
6794,2021-07-25,5200
6795,2021-07-26,5200
6796,2021-07-27,5200
6797,2021-07-28,5200
6798,2021-07-29,5200
6799,2021-07-30,5200
6800,2021-07-31,5200
6801,2021-08-01,5200
6802,2021-08-02,5200
6803,2021-08-03,5200
6804,2021-08-04,5200
6805,2021-08-05,5200
6806,2021-08-06,5200
6807,2021-08-07,5200
6808,2021-08-08,5200
6809,2021-08-09,5200
6810,2021-08-10,5200
6811,2021-08-11,5200
6812,2021-08-12,5200
6813,2021-08-13,5200
6814,2021-08-14,5200
6815,2021-08-15,5200
6816,2021-08-16,5200
6817,2021-08-17,5200
6818,2021-08-18,5200
6819,2021-08-19,5200
6820,2021-08-20,5200
6821,2021-08-21,5200
6822,2021-08-22,5200
6823,2021-08-23,5200
6824,2021-08-24,5200
6825,2021-08-25,5200
6826,2021-08-26,5200
6827,2021-08-27,5200
6828,2021-08-28,5200
6829,2021-08-29,5200
6830,2021-08-30,5200
6831,2021-08-31,5200
6832,2021-09-01,5200
6833,2021-09-02,5200
6834,2021-09-03,5200
6835,2021-09-04,5200
6836,2021-09-05,5200
6837,2021-09-06,5200
6838,2021-09-07,5200
6839,2021-09-08,5200
6840,2021-09-09,5200
6841,2021-09-10,5200
6842,2021-09-11,5200
6843,2021-09-12,5200
6844,2021-09-13,5200
6845,2021-09-14,5200
6846,2021-09-15,5200
6847,2021-09-16,5200
6848,2021-09-17,5200
6849,2021-09-18,5200
6850,2021-09-19,5200
6851,2021-09-20,5200
6852,2021-09-21,5200
6853,2021-09-22,5200
6854,2021-09-23,5200
6855,2021-09-24,5200
6856,2021-09-25,5200
6857,2021-09-26,5200
6858,2021-09-27,5200
6859,2021-09-28,5200
6860,2021-09-29,5200
6861,2021-09-30,5200
6862,2021-10-01,5200
6863,2021-10-02,5200
6864,2021-10-03,5200
6865,2021-10-04,5200
6866,2021-10-05,5200
6867,2021-10-06,5200
6868,2021-10-07,5200
6869,2021-10-08,5200
6870,2021-10-09,5200
6871,2021-10-10,5200
6872,2021-10-11,5200
6873,2021-10-12,5200
6874,2021-10-13,5200
6875,2021-10-14,5200
6876,2021-10-15,5200
6877,2021-10-16,5200
6878,2021-10-17,5200
6879,2021-10-18,5200
6880,2021-10-19,5200
6881,2021-10-20,5200
6882,2021-10-21,5200
6883,2021-10-22,5200
6884,2021-10-23,5200
6885,2021-10-24,5200
6886,2021-10-25,5200
6887,2021-10-26,5200
6888,2021-10-27,5200
6889,2021-10-28,5200
6890,2021-10-29,5200
6891,2021-10-30,5200
6892,2021-10-31,5200
6893,2021-11-01,5200
6894,2021-11-02,5200
6895,2021-11-03,5200
6896,2021-11-04,5200
6897,2021-11-05,5200
6898,2021-11-06,5200
6899,2021-11-07,5200
6900,2021-11-08,5200
6901,2021-11-09,5200
6902,2021-11-10,5200
6903,2021-11-11,5200
6904,2021-11-12,5200
6905,2021-11-13,5200
6906,2021-11-14,5200
6907,2021-11-15,5200
6908,2021-11-16,5200
6909,2021-11-17,5200
6910,2021-11-18,5200
6911,2021-11-19,5200
6912,2021-11-20,5200
6913,2021-11-21,5200
6914,2021-11-22,5200
6915,2021-11-23,5200
6916,2021-11-24,5200
6917,2021-11-25,5200
6918,2021-11-26,5200
6919,2021-11-27,5200
6920,2021-11-28,5200
6921,2021-11-29,5200
6922,2021-11-30,5200
6923,2021-12-01,5200
6924,2021-12-02,5200
6925,2021-12-03,5200
6926,2021-12-04,5200
6927,2021-12-05,5200
6928,2021-12-06,5200
6929,2021-12-07,5200
6930,2021-12-08,5200
6931,2021-12-09,5200
6932,2021-12-10,5200
6933,2021-12-11,5200
6934,2021-12-12,5200
6935,2021-12-13,5200
6936,2021-12-14,5200
6937,2021-12-15,5200
6938,2021-12-16,5200
6939,2021-12-17,5200
6940,2021-12-18,5200
6941,2021-12-19,5200
6942,2021-12-20,5200
6943,2021-12-21,5200
6944,2021-12-22,5200
6945,2021-12-23,5200
6946,2021-12-24,5200
6947,2021-12-25,5200
6948,2021-12-26,5200
6949,2021-12-27,5200
6950,2021-12-28,5200
6951,2021-12-29,5200
6952,2021-12-30,5200
6953,2021-12-31,5200
6954,2022-01-01,5200
6955,2022-01-02,5200
6956,2022-01-03,5200
6957,2022-01-04,5200
6958,2022-01-05,5200
6959,2022-01-06,5200
6960,2022-01-07,5200
6961,2022-01-08,5200
6962,2022-01-09,5200
6963,2022-01-10,5200
6964,2022-01-11,5200
6965,2022-01-12,5200
6966,2022-01-13,5200
6967,2022-01-14,5200
6968,2022-01-15,5200
6969,2022-01-16,5200
6970,2022-01-17,5200
6971,2022-01-18,5200
6972,2022-01-19,5200
6973,2022-01-20,5200
6974,2022-01-21,5200
6975,2022-01-22,5200
6976,2022-01-23,5200
6977,2022-01-24,5200
6978,2022-01-25,5200
6979,2022-01-26,5200
6980,2022-01-27,5200
6981,2022-01-28,5200
6982,2022-01-29,5200
6983,2022-01-30,5200
6984,2022-01-31,5200
6985,2022-02-01,5200
6986,2022-02-02,5200
6987,2022-02-03,5200
6988,2022-02-04,5200
6989,2022-02-05,5200
6990,2022-02-06,5200
6991,2022-02-07,5200
6992,2022-02-08,5200
6993,2022-02-09,5200
6994,2022-02-10,5200
6995,2022-02-11,5200
6996,2022-02-12,5200
6997,2022-02-13,5200
6998,2022-02-14,5200
6999,2022-02-15,5200
7000,2022-02-16,5200
7001,2022-02-17,5200
7002,2022-02-18,5200
7003,2022-02-19,5200
7004,2022-02-20,5200
7005,2022-02-21,5200
7006,2022-02-22,5200
7007,2022-02-23,5200
7008,2022-02-24,5200
7009,2022-02-25,5200
7010,2022-02-26,5200
7011,2022-02-27,5200
7012,2022-02-28,5200
7013,2022-03-01,5200
7014,2022-03-02,5200
7015,2022-03-03,5200
7016,2022-03-04,5200
7017,2022-03-05,5200
7018,2022-03-06,5200
7019,2022-03-07,5200
7020,2022-03-08,5200
7021,2022-03-09,5200
7022,2022-03-10,5200
7023,2022-03-11,5200
7024,2022-03-12,5200
7025,2022-03-13,5200
7026,2022-03-14,5200
7027,2022-03-15,5200
7028,2022-03-16,5200
7029,2022-03-17,5200
7030,2022-03-18,5200
7031,2022-03-19,5200
7032,2022-03-20,5200
7033,2022-03-21,5200
7034,2022-03-22,5200
7035,2022-03-23,5200
7036,2022-03-24,5200
7037,2022-03-25,5200
7038,2022-03-26,5200
7039,2022-03-27,5200
7040,2022-03-28,5200
7041,2022-03-29,5200
7042,2022-03-30,5200
7043,2022-03-31,5200
7044,2022-04-01,5200
7045,2022-04-02,5200
7046,2022-04-03,5200
7047,2022-04-04,5200
7048,2022-04-05,5200
7049,2022-04-06,5200
7050,2022-04-07,5200
7051,2022-04-08,5200
7052,2022-04-09,5200
7053,2022-04-10,5200
7054,2022-04-11,5200
7055,2022-04-12,5200
7056,2022-04-13,5200
7057,2022-04-14,5200
7058,2022-04-15,5200
7059,2022-04-16,5200
7060,2022-04-17,5200
7061,2022-04-18,5200
7062,2022-04-19,5200
7063,2022-04-20,5200
7064,2022-04-21,5200
7065,2022-04-22,5200
7066,2022-04-23,5200
7067,2022-04-24,5200
7068,2022-04-25,5200
7069,2022-04-26,5200
7070,2022-04-27,5200
7071,2022-04-28,5200
7072,2022-04-29,5200
7073,2022-04-30,5200
7074,2022-05-01,5200
7075,2022-05-02,5200
7076,2022-05-03,5200
7077,2022-05-04,5200
7078,2022-05-05,5200
7079,2022-05-06,5200
7080,2022-05-07,5200
7081,2022-05-08,5200
7082,2022-05-09,5200
7083,2022-05-10,5200
7084,2022-05-11,5200
7085,2022-05-12,5200
7086,2022-05-13,5200
7087,2022-05-14,5200
7088,2022-05-15,5200
7089,2022-05-16,5200
7090,2022-05-17,5200
7091,2022-05-18,5200
7092,2022-05-19,5200
7093,2022-05-20,5200
7094,2022-05-21,5200
7095,2022-05-22,5200
7096,2022-05-23,5200
7097,2022-05-24,5200
7098,2022-05-25,5200
7099,2022-05-26,5200
7100,2022-05-27,5200
7101,2022-05-28,5200
7102,2022-05-29,5200
7103,2022-05-30,5200
7104,2022-05-31,5200
7105,2022-06-01,5200
7106,2022-06-02,5200
7107,2022-06-03,5200
7108,2022-06-04,5200
7109,2022-06-05,5200
7110,2022-06-06,5200
7111,2022-06-07,5200
7112,2022-06-08,5200
7113,2022-06-09,5200
7114,2022-06-10,5200
7115,2022-06-11,5200
7116,2022-06-12,5200
7117,2022-06-13,5200
7118,2022-06-14,5200
7119,2022-06-15,5200
7120,2022-06-16,5200
7121,2022-06-17,5200
7122,2022-06-18,5200
7123,2022-06-19,5200
7124,2022-06-20,5200
7125,2022-06-21,5200
7126,2022-06-22,5200
7127,2022-06-23,5200
7128,2022-06-24,5200
7129,2022-06-25,5200
7130,2022-06-26,5200
7131,2022-06-27,5200
7132,2022-06-28,5200
7133,2022-06-29,5200
7134,2022-06-30,5200
7135,2022-07-01,5200
7136,2022-07-02,5200
7137,2022-07-03,5200
7138,2022-07-04,5200
7139,2022-07-05,5200
7140,2022-07-06,5200
7141,2022-07-07,5200
7142,2022-07-08,5200
7143,2022-07-09,5200
7144,2022-07-10,5200
7145,2022-07-11,5200
7146,2022-07-12,5200
7147,2022-07-13,5200
7148,2022-07-14,5200
7149,2022-07-15,5200
7150,2022-07-16,5200
7151,2022-07-17,5200
7152,2022-07-18,5200
7153,2022-07-19,5200
7154,2022-07-20,5200
7155,2022-07-21,5200
7156,2022-07-22,5200
7157,2022-07-23,5200
7158,2022-07-24,5200
7159,2022-07-25,5200
7160,2022-07-26,5200
7161,2022-07-27,5200
7162,2022-07-28,5200
7163,2022-07-29,5200
7164,2022-07-30,5200
7165,2022-07-31,5200
7166,2022-08-01,5200
7167,2022-08-02,5200
7168,2022-08-03,5200
7169,2022-08-04,5200
7170,2022-08-05,5200
7171,2022-08-06,5200
7172,2022-08-07,5200
7173,2022-08-08,5200
7174,2022-08-09,5200
7175,2022-08-10,5200
7176,2022-08-11,5200
7177,2022-08-12,5200
7178,2022-08-13,5200
7179,2022-08-14,5200
7180,2022-08-15,5200
7181,2022-08-16,5200
7182,2022-08-17,5200
7183,2022-08-18,5200
7184,2022-08-19,5200
7185,2022-08-20,5200
7186,2022-08-21,5200
7187,2022-08-22,5200
7188,2022-08-23,5200
7189,2022-08-24,5200
7190,2022-08-25,5200
7191,2022-08-26,5200
7192,2022-08-27,5200
7193,2022-08-28,5200
7194,2022-08-29,5200
7195,2022-08-30,5200
7196,2022-08-31,5200
7197,2022-09-01,5200
7198,2022-09-02,5200
7199,2022-09-03,5200
7200,2022-09-04,5200
7201,2022-09-05,5200
7202,2022-09-06,5200
7203,2022-09-07,5200
7204,2022-09-08,5200
7205,2022-09-09,5200
7206,2022-09-10,5200
7207,2022-09-11,5200
7208,2022-09-12,5200
7209,2022-09-13,5200
7210,2022-09-14,5200
7211,2022-09-15,5200
7212,2022-09-16,5200
7213,2022-09-17,5200
7214,2022-09-18,5200
7215,2022-09-19,5200
7216,2022-09-20,5200
7217,2022-09-21,5200
7218,2022-09-22,5200
7219,2022-09-23,5200
7220,2022-09-24,5200
7221,2022-09-25,5200
7222,2022-09-26,5200
7223,2022-09-27,5200
7224,2022-09-28,5200
7225,2022-09-29,5200
7226,2022-09-30,5200
7227,2022-10-01,5200
7228,2022-10-02,5200
7229,2022-10-03,5200
7230,2022-10-04,5200
7231,2022-10-05,5200
7232,2022-10-06,5200
7233,2022-10-07,5200
7234,2022-10-08,5200
7235,2022-10-09,5200
7236,2022-10-10,5200
7237,2022-10-11,5200
7238,2022-10-12,5200
7239,2022-10-13,5200
7240,2022-10-14,5200
7241,2022-10-15,5200
7242,2022-10-16,5200
7243,2022-10-17,5200
7244,2022-10-18,5200
7245,2022-10-19,5200
7246,2022-10-20,5200
7247,2022-10-21,5200
7248,2022-10-22,5200
7249,2022-10-23,5200
7250,2022-10-24,5200
7251,2022-10-25,5200
7252,2022-10-26,5200
7253,2022-10-27,5200
7254,2022-10-28,5200
7255,2022-10-29,5200
7256,2022-10-30,5200
7257,2022-10-31,5200
7258,2022-11-01,5200
7259,2022-11-02,5200
7260,2022-11-03,5200
7261,2022-11-04,5200
7262,2022-11-05,5200
7263,2022-11-06,5200
7264,2022-11-07,5200
7265,2022-11-08,5200
7266,2022-11-09,5200
7267,2022-11-10,5200
7268,2022-11-11,5200
7269,2022-11-12,5200
7270,2022-11-13,5200
7271,2022-11-14,5200
7272,2022-11-15,5200
7273,2022-11-16,5200
7274,2022-11-17,5200
7275,2022-11-18,5200
7276,2022-11-19,5200
7277,2022-11-20,5200
7278,2022-11-21,5200
7279,2022-11-22,5200
7280,2022-11-23,5200
7281,2022-11-24,5200
7282,2022-11-25,5200
7283,2022-11-26,5200
7284,2022-11-27,5200
7285,2022-11-28,5200
7286,2022-11-29,5200
7287,2022-11-30,5200
7288,2022-12-01,5200
7289,2022-12-02,5200
7290,2022-12-03,5200
7291,2022-12-04,5200
7292,2022-12-05,5200
7293,2022-12-06,5200
7294,2022-12-07,5200
7295,2022-12-08,5200
7296,2022-12-09,5200
7297,2022-12-10,5200
7298,2022-12-11,5200
7299,2022-12-12,5200
7300,2022-12-13,5200
7301,2022-12-14,5200
7302,2022-12-15,5200
7303,2022-12-16,5200
7304,2022-12-17,5200
7305,2022-12-18,5200
7306,2022-12-19,5200
7307,2022-12-20,5200
7308,2022-12-21,5200
7309,2022-12-22,5200
7310,2022-12-23,5200
7311,2022-12-24,5200
7312,2022-12-25,5200
7313,2022-12-26,5200
7314,2022-12-27,5200
7315,2022-12-28,5200
7316,2022-12-29,5200
7317,2022-12-30,5200
7318,2022-12-31,5200
7319,2023-01-01,5200
7320,2023-01-02,5200
7321,2023-01-03,5200
7322,2023-01-04,5200
7323,2023-01-05,5200
7324,2023-01-06,5200
7325,2023-01-07,5200
7326,2023-01-08,5200
7327,2023-01-09,5200
7328,2023-01-10,5200
7329,2023-01-11,5200
7330,2023-01-12,5200
7331,2023-01-13,5200
7332,2023-01-14,5200
7333,2023-01-15,5200
7334,2023-01-16,5200
7335,2023-01-17,5200
7336,2023-01-18,5200
7337,2023-01-19,5200
7338,2023-01-20,5200
7339,2023-01-21,5200
7340,2023-01-22,5200
7341,2023-01-23,5200
7342,2023-01-24,5200
7343,2023-01-25,5200
7344,2023-01-26,5200
7345,2023-01-27,5200
7346,2023-01-28,5200
7347,2023-01-29,5200
7348,2023-01-30,5200
7349,2023-01-31,5200
7350,2023-02-01,5200
7351,2023-02-02,5200
7352,2023-02-03,5200
7353,2023-02-04,5200
7354,2023-02-05,5200
7355,2023-02-06,5200
7356,2023-02-07,5200
7357,2023-02-08,5200
7358,2023-02-09,5200
7359,2023-02-10,5200
7360,2023-02-11,5200
7361,2023-02-12,5200
7362,2023-02-13,5200
7363,2023-02-14,5200
7364,2023-02-15,5200
7365,2023-02-16,5200
7366,2023-02-17,5200
7367,2023-02-18,5200
7368,2023-02-19,5200
7369,2023-02-20,5200
7370,2023-02-21,5200
7371,2023-02-22,5200
7372,2023-02-23,5200
7373,2023-02-24,5200
7374,2023-02-25,5200
7375,2023-02-26,5200
7376,2023-02-27,5200
7377,2023-02-28,5200
7378,2023-03-01,5200
7379,2023-03-02,5200
7380,2023-03-03,5200
7381,2023-03-04,5200
7382,2023-03-05,5200
7383,2023-03-06,5200
7384,2023-03-07,5200
7385,2023-03-08,5200
7386,2023-03-09,5200
7387,2023-03-10,5200
7388,2023-03-11,5200
7389,2023-03-12,5200
7390,2023-03-13,5200
7391,2023-03-14,5200
7392,2023-03-15,5200
7393,2023-03-16,5200
7394,2023-03-17,5200
7395,2023-03-18,5200
7396,2023-03-19,5200
7397,2023-03-20,5200
7398,2023-03-21,5200
7399,2023-03-22,5200
7400,2023-03-23,5200
7401,2023-03-24,5200
7402,2023-03-25,5200
7403,2023-03-26,5200
7404,2023-03-27,5200
7405,2023-03-28,5200
7406,2023-03-29,5200
7407,2023-03-30,5200
7408,2023-03-31,5200
7409,2023-04-01,5200
7410,2023-04-02,5200
7411,2023-04-03,5200
7412,2023-04-04,5200
7413,2023-04-05,5200
7414,2023-04-06,5200
7415,2023-04-07,5200
7416,2023-04-08,5200
7417,2023-04-09,5200
7418,2023-04-10,5200
7419,2023-04-11,5200
7420,2023-04-12,5200
7421,2023-04-13,5200
7422,2023-04-14,5200
7423,2023-04-15,5200
7424,2023-04-16,5200
7425,2023-04-17,5200
7426,2023-04-18,5200
7427,2023-04-19,5200
7428,2023-04-20,5200
7429,2023-04-21,5200
7430,2023-04-22,5200
7431,2023-04-23,5200
7432,2023-04-24,5200
7433,2023-04-25,5200
7434,2023-04-26,5200
7435,2023-04-27,5200
7436,2023-04-28,5200
7437,2023-04-29,5200
7438,2023-04-30,5200
7439,2023-05-01,5200
7440,2023-05-02,5200
7441,2023-05-03,5200
7442,2023-05-04,5200
7443,2023-05-05,5200
7444,2023-05-06,5200
7445,2023-05-07,5200
7446,2023-05-08,5200
7447,2023-05-09,5200
7448,2023-05-10,5200
7449,2023-05-11,5200
7450,2023-05-12,5200
7451,2023-05-13,5200
7452,2023-05-14,5200
7453,2023-05-15,5200
7454,2023-05-16,5200
7455,2023-05-17,5200
7456,2023-05-18,5200
7457,2023-05-19,5200
7458,2023-05-20,5200
7459,2023-05-21,5200
7460,2023-05-22,5200
7461,2023-05-23,5200
7462,2023-05-24,5200
7463,2023-05-25,5200
7464,2023-05-26,5200
7465,2023-05-27,5200
7466,2023-05-28,5200
7467,2023-05-29,5200
7468,2023-05-30,5200
7469,2023-05-31,5200
7470,2023-06-01,5200
7471,2023-06-02,5200
7472,2023-06-03,5200
7473,2023-06-04,5200
7474,2023-06-05,5200
7475,2023-06-06,5200
7476,2023-06-07,5200
7477,2023-06-08,5200
7478,2023-06-09,5200
7479,2023-06-10,5200
7480,2023-06-11,5200
7481,2023-06-12,5200
7482,2023-06-13,5200
7483,2023-06-14,5200
7484,2023-06-15,5200
7485,2023-06-16,5200
7486,2023-06-17,5200
7487,2023-06-18,5200
7488,2023-06-19,5200
7489,2023-06-20,5200
7490,2023-06-21,5200
7491,2023-06-22,5200
7492,2023-06-23,5200
7493,2023-06-24,5200
7494,2023-06-25,5200
7495,2023-06-26,5200
7496,2023-06-27,5200
7497,2023-06-28,5200
7498,2023-06-29,5200
7499,2023-06-30,5200
7500,2023-07-01,5200
7501,2023-07-02,5200
7502,2023-07-03,5200
7503,2023-07-04,5200
7504,2023-07-05,5200
7505,2023-07-06,5200
7506,2023-07-07,5200
7507,2023-07-08,5200
7508,2023-07-09,5200
7509,2023-07-10,5200
7510,2023-07-11,5200
7511,2023-07-12,5200
7512,2023-07-13,5200
7513,2023-07-14,5200
7514,2023-07-15,5200
7515,2023-07-16,5200
7516,2023-07-17,5200
7517,2023-07-18,5200
7518,2023-07-19,5200
7519,2023-07-20,5200
7520,2023-07-21,5200
7521,2023-07-22,5200
7522,2023-07-23,5200
7523,2023-07-24,5200
7524,2023-07-25,5200
7525,2023-07-26,5200
7526,2023-07-27,5200
7527,2023-07-28,5200
7528,2023-07-29,5200
7529,2023-07-30,5200
7530,2023-07-31,5200
7531,2023-08-01,5200
7532,2023-08-02,5200
7533,2023-08-03,5200
7534,2023-08-04,5200
7535,2023-08-05,5200
7536,2023-08-06,5200
7537,2023-08-07,5200
7538,2023-08-08,5200
7539,2023-08-09,5200
7540,2023-08-10,5200
7541,2023-08-11,5200
7542,2023-08-12,5200
7543,2023-08-13,5200
7544,2023-08-14,5200
7545,2023-08-15,5200
7546,2023-08-16,5200
7547,2023-08-17,5200
7548,2023-08-18,5200
7549,2023-08-19,5200
7550,2023-08-20,5200
7551,2023-08-21,5200
7552,2023-08-22,5200
7553,2023-08-23,5200
7554,2023-08-24,5200
7555,2023-08-25,5200
7556,2023-08-26,5200
7557,2023-08-27,5200
7558,2023-08-28,5200
7559,2023-08-29,5200
7560,2023-08-30,5200
7561,2023-08-31,5200
7562,2023-09-01,5200
7563,2023-09-02,5200
7564,2023-09-03,5200
7565,2023-09-04,5200
7566,2023-09-05,5200
7567,2023-09-06,5200
7568,2023-09-07,5200
7569,2023-09-08,5200
7570,2023-09-09,5200
7571,2023-09-10,5200
7572,2023-09-11,5200
7573,2023-09-12,5200
7574,2023-09-13,5200
7575,2023-09-14,5200
7576,2023-09-15,5200
7577,2023-09-16,5200
7578,2023-09-17,5200
7579,2023-09-18,5200
7580,2023-09-19,5200
7581,2023-09-20,5200
7582,2023-09-21,5200
7583,2023-09-22,5200
7584,2023-09-23,5200
7585,2023-09-24,5200
7586,2023-09-25,5200
7587,2023-09-26,5200
7588,2023-09-27,5200
7589,2023-09-28,5200
7590,2023-09-29,5200
7591,2023-09-30,5200
7592,2023-10-01,5200
7593,2023-10-02,5200
7594,2023-10-03,5200
7595,2023-10-04,5200
7596,2023-10-05,5200
7597,2023-10-06,5200
7598,2023-10-07,5200
7599,2023-10-08,5200
7600,2023-10-09,5200
7601,2023-10-10,5200
7602,2023-10-11,5200
7603,2023-10-12,5200
7604,2023-10-13,5200
7605,2023-10-14,5200
7606,2023-10-15,5200
7607,2023-10-16,5200
7608,2023-10-17,5200
7609,2023-10-18,5200
7610,2023-10-19,5200
7611,2023-10-20,5200
7612,2023-10-21,5200
7613,2023-10-22,5200
7614,2023-10-23,5200
7615,2023-10-24,5200
7616,2023-10-25,5200
7617,2023-10-26,5200
7618,2023-10-27,5200
7619,2023-10-28,5200
7620,2023-10-29,5200
7621,2023-10-30,5200
7622,2023-10-31,5200
7623,2023-11-01,5200
7624,2023-11-02,5200
7625,2023-11-03,5200
7626,2023-11-04,5200
7627,2023-11-05,5200
7628,2023-11-06,5200
7629,2023-11-07,5200
7630,2023-11-08,5200
7631,2023-11-09,5200
7632,2023-11-10,5200
7633,2023-11-11,5200
7634,2023-11-12,5200
7635,2023-11-13,5200
7636,2023-11-14,5200
7637,2023-11-15,5200
7638,2023-11-16,5200
7639,2023-11-17,5200
7640,2023-11-18,5200
7641,2023-11-19,5200
7642,2023-11-20,5200
7643,2023-11-21,5200
7644,2023-11-22,5200
7645,2023-11-23,5200
7646,2023-11-24,5200
7647,2023-11-25,5200
7648,2023-11-26,5200
7649,2023-11-27,5200
7650,2023-11-28,5200
7651,2023-11-29,5200
7652,2023-11-30,5200
7653,2023-12-01,5200
7654,2023-12-02,5200
7655,2023-12-03,5200
7656,2023-12-04,5200
7657,2023-12-05,5200
7658,2023-12-06,5200
7659,2023-12-07,5200
7660,2023-12-08,5200
7661,2023-12-09,5200
7662,2023-12-10,5200
7663,2023-12-11,5200
7664,2023-12-12,5200
7665,2023-12-13,5200
7666,2023-12-14,5200
7667,2023-12-15,5200
7668,2023-12-16,5200
7669,2023-12-17,5200
7670,2023-12-18,5200
7671,2023-12-19,5200
7672,2023-12-20,5200
7673,2023-12-21,5200
7674,2023-12-22,5200
7675,2023-12-23,5200
7676,2023-12-24,5200
7677,2023-12-25,5200
7678,2023-12-26,5200
7679,2023-12-27,5200
7680,2023-12-28,5200
7681,2023-12-29,5200
7682,2023-12-30,5200
7683,2023-12-31,5200
7684,2024-01-01,5200
7685,2024-01-02,5200
7686,2024-01-03,5200
7687,2024-01-04,5200
7688,2024-01-05,5200
7689,2024-01-06,5200
7690,2024-01-07,5200
7691,2024-01-08,5200
7692,2024-01-09,5200
7693,2024-01-10,5200
7694,2024-01-11,5200
7695,2024-01-12,5200
7696,2024-01-13,5200
7697,2024-01-14,5200
7698,2024-01-15,5200
7699,2024-01-16,5200
7700,2024-01-17,5200
7701,2024-01-18,5200
7702,2024-01-19,5200
7703,2024-01-20,5200
7704,2024-01-21,5200
7705,2024-01-22,5200
7706,2024-01-23,5200
7707,2024-01-24,5200
7708,2024-01-25,5200
7709,2024-01-26,5200
7710,2024-01-27,5200
7711,2024-01-28,5200
7712,2024-01-29,5200
7713,2024-01-30,5200
7714,2024-01-31,5200
7715,2024-02-01,5200
7716,2024-02-02,5200
7717,2024-02-03,5200
7718,2024-02-04,5200
7719,2024-02-05,5200
7720,2024-02-06,5200
7721,2024-02-07,5200
7722,2024-02-08,5200
7723,2024-02-09,5200
7724,2024-02-10,5200
7725,2024-02-11,5200
7726,2024-02-12,5200
7727,2024-02-13,5200
7728,2024-02-14,5200
7729,2024-02-15,5200
7730,2024-02-16,5200
7731,2024-02-17,5200
7732,2024-02-18,5200
7733,2024-02-19,5200
7734,2024-02-20,5200
7735,2024-02-21,5200
7736,2024-02-22,5200
7737,2024-02-23,5200
7738,2024-02-24,5200
7739,2024-02-25,5200
7740,2024-02-26,5200
7741,2024-02-27,5200
7742,2024-02-28,5200
7743,2024-02-29,5200
7744,2024-03-01,5200
7745,2024-03-02,5200
7746,2024-03-03,5200
7747,2024-03-04,5200
7748,2024-03-05,5200
7749,2024-03-06,5200
7750,2024-03-07,5200
7751,2024-03-08,5200
7752,2024-03-09,5200
7753,2024-03-10,5200
7754,2024-03-11,5200
7755,2024-03-12,5200
7756,2024-03-13,5200
7757,2024-03-14,5200
7758,2024-03-15,5200
7759,2024-03-16,5200
7760,2024-03-17,5200
7761,2024-03-18,5200
7762,2024-03-19,5200
7763,2024-03-20,5200
7764,2024-03-21,5200
7765,2024-03-22,5200
7766,2024-03-23,5200
7767,2024-03-24,5200
7768,2024-03-25,5200
7769,2024-03-26,5200
7770,2024-03-27,5200
7771,2024-03-28,5200
7772,2024-03-29,5200
7773,2024-03-30,5200
7774,2024-03-31,5200
7775,2024-04-01,5200
7776,2024-04-02,5200
7777,2024-04-03,5200
7778,2024-04-04,5200
7779,2024-04-05,5200
7780,2024-04-06,5200
7781,2024-04-07,5200
7782,2024-04-08,5200
7783,2024-04-09,5200
7784,2024-04-10,5200
7785,2024-04-11,5200
7786,2024-04-12,5200
7787,2024-04-13,5200
7788,2024-04-14,5200
7789,2024-04-15,5200
7790,2024-04-16,5200
7791,2024-04-17,5200
7792,2024-04-18,5200
7793,2024-04-19,5200
7794,2024-04-20,5200
7795,2024-04-21,5200
7796,2024-04-22,5200
7797,2024-04-23,5200
7798,2024-04-24,5200
7799,2024-04-25,5200
7800,2024-04-26,5200
7801,2024-04-27,5200
7802,2024-04-28,5200
7803,2024-04-29,5200
7804,2024-04-30,5200
7805,2024-05-01,5200
7806,2024-05-02,5200
7807,2024-05-03,5200
7808,2024-05-04,5200
7809,2024-05-05,5200
7810,2024-05-06,5200
7811,2024-05-07,5200
7812,2024-05-08,5200
7813,2024-05-09,5200
7814,2024-05-10,5200
7815,2024-05-11,5200
7816,2024-05-12,5200
7817,2024-05-13,5200
7818,2024-05-14,5200
7819,2024-05-15,5200
7820,2024-05-16,5200
7821,2024-05-17,5200
7822,2024-05-18,5200
7823,2024-05-19,5200
7824,2024-05-20,5200
7825,2024-05-21,5200
7826,2024-05-22,5200
7827,2024-05-23,5200
7828,2024-05-24,5200
7829,2024-05-25,5200
7830,2024-05-26,5200
7831,2024-05-27,5200
7832,2024-05-28,5200
7833,2024-05-29,5200
7834,2024-05-30,5200
7835,2024-05-31,5200
7836,2024-06-01,5200
7837,2024-06-02,5200
7838,2024-06-03,5200
7839,2024-06-04,5200
7840,2024-06-05,5200
7841,2024-06-06,5200
7842,2024-06-07,5200
7843,2024-06-08,5200
7844,2024-06-09,5200
7845,2024-06-10,5200
7846,2024-06-11,5200
7847,2024-06-12,5200
7848,2024-06-13,5200
7849,2024-06-14,5200
7850,2024-06-15,5200
7851,2024-06-16,5200
7852,2024-06-17,5200
7853,2024-06-18,5200
7854,2024-06-19,5200
7855,2024-06-20,5200
7856,2024-06-21,5200
7857,2024-06-22,5200
7858,2024-06-23,5200
7859,2024-06-24,5200
7860,2024-06-25,5200
7861,2024-06-26,5200
7862,2024-06-27,5200
7863,2024-06-28,5200
7864,2024-06-29,5200
7865,2024-06-30,5200
7866,2024-07-01,5200
7867,2024-07-02,5200
7868,2024-07-03,10200
7869,2024-07-04,10200
7870,2024-07-05,10200
7871,2024-07-06,10200
7872,2024-07-07,10200
7873,2024-07-08,10200
7874,2024-07-09,10200
7875,2024-07-10,10200
7876,2024-07-11,10200
7877,2024-07-12,10200
7878,2024-07-13,10200
7879,2024-07-14,10200
7880,2024-07-15,10200
7881,2024-07-16,10200
7882,2024-07-17,10200
7883,2024-07-18,10200
7884,2024-07-19,10200
7885,2024-07-20,10200
7886,2024-07-21,10200
7887,2024-07-22,10200
7888,2024-07-23,10200
7889,2024-07-24,10200
7890,2024-07-25,10200
7891,2024-07-26,10200
7892,2024-07-27,10200
7893,2024-07-28,10200
7894,2024-07-29,10200
7895,2024-07-30,10200
7896,2024-07-31,10200
7897,2024-08-01,10200
7898,2024-08-02,10200
7899,2024-08-03,10200
7900,2024-08-04,10200
7901,2024-08-05,10200
7902,2024-08-06,10200
7903,2024-08-07,10200
7904,2024-08-08,10200
7905,2024-08-09,10200
7906,2024-08-10,10200
7907,2024-08-11,10200
7908,2024-08-12,10200
7909,2024-08-13,10200
7910,2024-08-14,10200
7911,2024-08-15,10200
7912,2024-08-16,10200
7913,2024-08-17,10200
7914,2024-08-18,10200
7915,2024-08-19,10200
7916,2024-08-20,10200
7917,2024-08-21,10200
7918,2024-08-22,10200
7919,2024-08-23,10200
7920,2024-08-24,10200
7921,2024-08-25,10200
7922,2024-08-26,10200
7923,2024-08-27,10200
7924,2024-08-28,10200
7925,2024-08-29,10200
7926,2024-08-30,10200
7927,2024-08-31,10200
7928,2024-09-01,10200
7929,2024-09-02,10200
7930,2024-09-03,10200
7931,2024-09-04,10200
7932,2024-09-05,10200
7933,2024-09-06,10200
7934,2024-09-07,10200
7935,2024-09-08,10200
7936,2024-09-09,10200
7937,2024-09-10,10200
7938,2024-09-11,10200
7939,2024-09-12,10200
7940,2024-09-13,10200
7941,2024-09-14,10200
7942,2024-09-15,10200
7943,2024-09-16,10200
7944,2024-09-17,10200
7945,2024-09-18,10200
7946,2024-09-19,10200
7947,2024-09-20,10200
7948,2024-09-21,10200
7949,2024-09-22,10200
7950,2024-09-23,10200
7951,2024-09-24,10200
7952,2024-09-25,10200
7953,2024-09-26,10200
7954,2024-09-27,10200
7955,2024-09-28,10200
7956,2024-09-29,10200
7957,2024-09-30,10200
7958,2024-10-01,10200
7959,2024-10-02,10200
7960,2024-10-03,10200
7961,2024-10-04,10200
7962,2024-10-05,10200
7963,2024-10-06,10200
7964,2024-10-07,10200
7965,2024-10-08,10200
7966,2024-10-09,10200
7967,2024-10-10,10200
7968,2024-10-11,10200
7969,2024-10-12,10200
7970,2024-10-13,10200
7971,2024-10-14,10200
7972,2024-10-15,10200
7973,2024-10-16,10200
7974,2024-10-17,10200
7975,2024-10-18,10200
7976,2024-10-19,10200
7977,2024-10-20,10200
7978,2024-10-21,10200
7979,2024-10-22,10200
7980,2024-10-23,10200
7981,2024-10-24,10200
7982,2024-10-25,10200
7983,2024-10-26,10200
7984,2024-10-27,10200
7985,2024-10-28,10200
7986,2024-10-29,10200
7987,2024-10-30,10200
7988,2024-10-31,10200
7989,2024-11-01,10200
7990,2024-11-02,10200
7991,2024-11-03,10200
7992,2024-11-04,10200
7993,2024-11-05,10200
7994,2024-11-06,10200
7995,2024-11-07,10200
7996,2024-11-08,10200
7997,2024-11-09,10200
7998,2024-11-10,10200
7999,2024-11-11,10200
8000,2024-11-12,10200
8001,2024-11-13,10200
8002,2024-11-14,10200
8003,2024-11-15,10200
8004,2024-11-16,10200
8005,2024-11-17,10200
8006,2024-11-18,10200
8007,2024-11-19,10200
8008,2024-11-20,10200
8009,2024-11-21,10200
8010,2024-11-22,10200
8011,2024-11-23,10200
8012,2024-11-24,10200
8013,2024-11-25,10200
8014,2024-11-26,10200
8015,2024-11-27,10200
8016,2024-11-28,10200
8017,2024-11-29,10200
8018,2024-11-30,10200
8019,2024-12-01,10200
8020,2024-12-02,10200
8021,2024-12-03,10200
8022,2024-12-04,10200
8023,2024-12-05,10200
8024,2024-12-06,10200
8025,2024-12-07,10200
8026,2024-12-08,10200
8027,2024-12-09,10200
8028,2024-12-10,10200
8029,2024-12-11,10200
8030,2024-12-12,10200
8031,2024-12-13,10200
8032,2024-12-14,10200
8033,2024-12-15,10200
8034,2024-12-16,10200
8035,2024-12-17,10200
8036,2024-12-18,10200
8037,2024-12-19,10200
8038,2024-12-20,10200
8039,2024-12-21,10200
8040,2024-12-22,10200
8041,2024-12-23,10200
8042,2024-12-24,10200
8043,2024-12-25,15200
8044,2024-12-26,15200
8045,2024-12-27,15200
8046,2024-12-28,15200
8047,2024-12-29,15200
8048,2024-12-30,15200
8049,2024-12-31,15200
8050,2025-01-01,15200
8051,2025-01-02,15200
8052,2025-01-03,15200
8053,2025-01-04,15200
8054,2025-01-05,15200
8055,2025-01-06,15200
8056,2025-01-07,15200
8057,2025-01-08,15200
8058,2025-01-09,15200
8059,2025-01-10,15200
8060,2025-01-11,15200
8061,2025-01-12,15200
8062,2025-01-13,15200
8063,2025-01-14,15200
8064,2025-01-15,15200
8065,2025-01-16,15200
8066,2025-01-17,15200
8067,2025-01-18,15200
8068,2025-01-19,15200
8069,2025-01-20,15200
8070,2025-01-21,15200
8071,2025-01-22,15200
8072,2025-01-23,15200
8073,2025-01-24,15200
8074,2025-01-25,15200
8075,2025-01-26,15200
8076,2025-01-27,15200
8077,2025-01-28,15200
8078,2025-01-29,15200
8079,2025-01-30,15200
8080,2025-01-31,15200
8081,2025-02-01,15200
8082,2025-02-02,15200
8083,2025-02-03,15200
8084,2025-02-04,15200
8085,2025-02-05,15200
8086,2025-02-06,15200
8087,2025-02-07,15200
8088,2025-02-08,15200
8089,2025-02-09,15200
8090,2025-02-10,15200
8091,2025-02-11,15200
8092,2025-02-12,15200
8093,2025-02-13,15200
8094,2025-02-14,15200
8095,2025-02-15,15200
8096,2025-02-16,15200
8097,2025-02-17,15200
8098,2025-02-18,15200
8099,2025-02-19,15200
8100,2025-02-20,15200
8101,2025-02-21,15200
8102,2025-02-22,15200
8103,2025-02-23,15200
8104,2025-02-24,15200
8105,2025-02-25,15200
8106,2025-02-26,15200
8107,2025-02-27,15200
8108,2025-02-28,15200
8109,2025-03-01,15200
8110,2025-03-02,15200
8111,2025-03-03,15200
8112,2025-03-04,15200
8113,2025-03-05,15200
8114,2025-03-06,15200
8115,2025-03-07,15200
8116,2025-03-08,15200
8117,2025-03-09,15200
8118,2025-03-10,15200
8119,2025-03-11,15200
8120,2025-03-12,15200
8121,2025-03-13,15200
8122,2025-03-14,15200
8123,2025-03-15,15200
8124,2025-03-16,15200
8125,2025-03-17,15200
8126,2025-03-18,15200
8127,2025-03-19,15200
8128,2025-03-20,15200
8129,2025-03-21,15200
8130,2025-03-22,15200
8131,2025-03-23,15200
8132,2025-03-24,15200
8133,2025-03-25,15200
8134,2025-03-26,15200
8135,2025-03-27,15200
8136,2025-03-28,15200
8137,2025-03-29,15200
8138,2025-03-30,15200
8139,2025-03-31,15200
8140,2025-04-01,15200
8141,2025-04-02,15200
8142,2025-04-03,15200
8143,2025-04-04,15200
8144,2025-04-05,15200
8145,2025-04-06,15200
8146,2025-04-07,15200
8147,2025-04-08,15200
8148,2025-04-09,15200
8149,2025-04-10,15200
8150,2025-04-11,15200
8151,2025-04-12,15200
8152,2025-04-13,15200
8153,2025-04-14,15200
8154,2025-04-15,15200
8155,2025-04-16,15200
8156,2025-04-17,15200
8157,2025-04-18,15200
8158,2025-04-19,15200
8159,2025-04-20,15200
8160,2025-04-21,15200
8161,2025-04-22,15200
8162,2025-04-23,15200
8163,2025-04-24,15200
8164,2025-04-25,15200
8165,2025-04-26,15200
8166,2025-04-27,15200
8167,2025-04-28,15200
8168,2025-04-29,15200
8169,2025-04-30,15200
8170,2025-05-01,15200
8171,2025-05-02,15200
8172,2025-05-03,15200
8173,2025-05-04,15200
8174,2025-05-05,15200
8175,2025-05-06,15200
8176,2025-05-07,15200
8177,2025-05-08,15200
8178,2025-05-09,15200
8179,2025-05-10,15200
8180,2025-05-11,15200
8181,2025-05-12,15200
8182,2025-05-13,15200
8183,2025-05-14,15200
8184,2025-05-15,15200
8185,2025-05-16,15200
8186,2025-05-17,15200
8187,2025-05-18,15200
8188,2025-05-19,15200
8189,2025-05-20,15200
8190,2025-05-21,15200
8191,2025-05-22,15200
8192,2025-05-23,15200
8193,2025-05-24,15200
8194,2025-05-25,15200
8195,2025-05-26,15200
8196,2025-05-27,15200
8197,2025-05-28,15200
8198,2025-05-29,15200
8199,2025-05-30,15200
8200,2025-05-31,15200
8201,2025-06-01,15200
8202,2025-06-02,15200
8203,2025-06-03,15200
8204,2025-06-04,15200
8205,2025-06-05,15200
8206,2025-06-06,15200
8207,2025-06-07,15200
8208,2025-06-08,15200
8209,2025-06-09,15200
8210,2025-06-10,15200
8211,2025-06-11,15200
8212,2025-06-12,15200
8213,2025-06-13,15200
8214,2025-06-14,15200
8215,2025-06-15,15200
8216,2025-06-16,15200
8217,2025-06-17,15200
8218,2025-06-18,15200
8219,2025-06-19,15200
8220,2025-06-20,15200
8221,2025-06-21,15200
8222,2025-06-22,15200
8223,2025-06-23,15200
8224,2025-06-24,15200
8225,2025-06-25,15200
8226,2025-06-26,15200
8227,2025-06-27,15200
8228,2025-06-28,15200
8229,2025-06-29,15200
8230,2025-06-30,15200
8231,2025-07-01,15200
8232,2025-07-02,15200
8233,2025-07-03,15200
8234,2025-07-04,15200
8235,2025-07-05,15200
8236,2025-07-06,15200
8237,2025-07-07,15200
8238,2025-07-08,15200
8239,2025-07-09,15200
8240,2025-07-10,15200
8241,2025-07-11,15200
8242,2025-07-12,15200
8243,2025-07-13,15200
8244,2025-07-14,15200
8245,2025-07-15,15200
8246,2025-07-16,15200
8247,2025-07-17,15200
8248,2025-07-18,15200
8249,2025-07-19,15200
8250,2025-07-20,15200
8251,2025-07-21,15200
8252,2025-07-22,15200
8253,2025-07-23,15200
8254,2025-07-24,15200
8255,2025-07-25,15200
8256,2025-07-26,15200
8257,2025-07-27,15200
8258,2025-07-28,15200
8259,2025-07-29,15200
8260,2025-07-30,15200
8261,2025-07-31,15200
8262,2025-08-01,15200
8263,2025-08-02,15200
8264,2025-08-03,15200
8265,2025-08-04,15200
8266,2025-08-05,15200
8267,2025-08-06,15200
8268,2025-08-07,15200
8269,2025-08-08,15200
8270,2025-08-09,15200
8271,2025-08-10,15200
8272,2025-08-11,15200
8273,2025-08-12,15200
8274,2025-08-13,15200
8275,2025-08-14,15200
8276,2025-08-15,15200
8277,2025-08-16,15200
8278,2025-08-17,15200
8279,2025-08-18,15200
8280,2025-08-19,15200
8281,2025-08-20,15200
8282,2025-08-21,15200
8283,2025-08-22,15200
8284,2025-08-23,15200
8285,2025-08-24,15200
8286,2025-08-25,15200
8287,2025-08-26,15200
8288,2025-08-27,15200
8289,2025-08-28,15200
8290,2025-08-29,15200
8291,2025-08-30,15200
8292,2025-08-31,15200
8293,2025-09-01,15200
8294,2025-09-02,15200
8295,2025-09-03,15200
8296,2025-09-04,15200
8297,2025-09-05,15200
8298,2025-09-06,15200
8299,2025-09-07,15200
8300,2025-09-08,15200
8301,2025-09-09,15200
8302,2025-09-10,15200
8303,2025-09-11,15200
8304,2025-09-12,15200
8305,2025-09-13,15200
8306,2025-09-14,15200
8307,2025-09-15,15200
8308,2025-09-16,15200
8309,2025-09-17,15200
8310,2025-09-18,15200
8311,2025-09-19,15200
8312,2025-09-20,15200
8313,2025-09-21,15200
8314,2025-09-22,15200
8315,2025-09-23,15200
8316,2025-09-24,15200
8317,2025-09-25,15200
8318,2025-09-26,15200
8319,2025-09-27,15200
8320,2025-09-28,15200
8321,2025-09-29,15200
8322,2025-09-30,15200
8323,2025-10-01,15200
8324,2025-10-02,15200
8325,2025-10-03,15200
8326,2025-10-04,15200
8327,2025-10-05,15200
8328,2025-10-06,15200
8329,2025-10-07,15200
8330,2025-10-08,15200
8331,2025-10-09,15200
8332,2025-10-10,15200
8333,2025-10-11,15200
8334,2025-10-12,15200
8335,2025-10-13,15200
8336,2025-10-14,15200
8337,2025-10-15,15200
8338,2025-10-16,15200
8339,2025-10-17,15200
8340,2025-10-18,15200
8341,2025-10-19,15200
8342,2025-10-20,15200
8343,2025-10-21,15200
8344,2025-10-22,15200
8345,2025-10-23,15200
8346,2025-10-24,15200
8347,2025-10-25,15200
8348,2025-10-26,15200
8349,2025-10-27,15200
8350,2025-10-28,15200
8351,2025-10-29,15200
8352,2025-10-30,15200
8353,2025-10-31,15200
8354,2025-11-01,15200
8355,2025-11-02,15200
8356,2025-11-03,15200
8357,2025-11-04,15200
8358,2025-11-05,15200
8359,2025-11-06,15200
8360,2025-11-07,15200
8361,2025-11-08,15200
8362,2025-11-09,15200
8363,2025-11-10,15200
8364,2025-11-11,15200
8365,2025-11-12,15200
8366,2025-11-13,15200
8367,2025-11-14,15200
8368,2025-11-15,15200
8369,2025-11-16,15200
8370,2025-11-17,15200
8371,2025-11-18,15200
8372,2025-11-19,15200
8373,2025-11-20,15200
8374,2025-11-21,15200
8375,2025-11-22,15200
8376,2025-11-23,15200
8377,2025-11-24,15200
8378,2025-11-25,15200
8379,2025-11-26,15200
8380,2025-11-27,15200
8381,2025-11-28,15200
8382,2025-11-29,15200
8383,2025-11-30,15200
8384,2025-12-01,15200
8385,2025-12-02,15200
8386,2025-12-03,15200
8387,2025-12-04,15200
8388,2025-12-05,15200
8389,2025-12-06,15200
8390,2025-12-07,15200
8391,2025-12-08,15200
8392,2025-12-09,15200
8393,2025-12-10,15200
8394,2025-12-11,15200
8395,2025-12-12,15200
8396,2025-12-13,15200
8397,2025-12-14,15200
8398,2025-12-15,15200
8399,2025-12-16,15200
8400,2025-12-17,15200
8401,2025-12-18,15200
8402,2025-12-19,15200
8403,2025-12-20,15200
8404,2025-12-21,15200
8405,2025-12-22,15200
8406,2025-12-23,15200
8407,2025-12-24,15200
8408,2025-12-25,15200
8409,2025-12-26,15200
8410,2025-12-27,15200
8411,2025-12-28,15200
8412,2025-12-29,15200
8413,2025-12-30,15200
8414,2025-12-31,15200
