,Date,RESPPNONWW
0,2002-12-18,0
1,2002-12-19,0
2,2002-12-20,0
3,2002-12-21,0
4,2002-12-22,0
5,2002-12-23,0
6,2002-12-24,0
7,2002-12-25,0
8,2002-12-26,0
9,2002-12-27,0
10,2002-12-28,0
11,2002-12-29,0
12,2002-12-30,0
13,2002-12-31,0
14,2003-01-01,0
15,2003-01-02,0
16,2003-01-03,0
17,2003-01-04,0
18,2003-01-05,0
19,2003-01-06,0
20,2003-01-07,0
21,2003-01-08,0
22,2003-01-09,0
23,2003-01-10,0
24,2003-01-11,0
25,2003-01-12,0
26,2003-01-13,0
27,2003-01-14,0
28,2003-01-15,0
29,2003-01-16,0
30,2003-01-17,0
31,2003-01-18,0
32,2003-01-19,0
33,2003-01-20,0
34,2003-01-21,0
35,2003-01-22,0
36,2003-01-23,0
37,2003-01-24,0
38,2003-01-25,0
39,2003-01-26,0
40,2003-01-27,0
41,2003-01-28,0
42,2003-01-29,0
43,2003-01-30,0
44,2003-01-31,0
45,2003-02-01,0
46,2003-02-02,0
47,2003-02-03,0
48,2003-02-04,0
49,2003-02-05,0
50,2003-02-06,0
51,2003-02-07,0
52,2003-02-08,0
53,2003-02-09,0
54,2003-02-10,0
55,2003-02-11,0
56,2003-02-12,751
57,2003-02-13,751
58,2003-02-14,751
59,2003-02-15,751
60,2003-02-16,751
61,2003-02-17,751
62,2003-02-18,751
63,2003-02-19,0
64,2003-02-20,0
65,2003-02-21,0
66,2003-02-22,0
67,2003-02-23,0
68,2003-02-24,0
69,2003-02-25,0
70,2003-02-26,0
71,2003-02-27,0
72,2003-02-28,0
73,2003-03-01,0
74,2003-03-02,0
75,2003-03-03,0
76,2003-03-04,0
77,2003-03-05,0
78,2003-03-06,0
79,2003-03-07,0
80,2003-03-08,0
81,2003-03-09,0
82,2003-03-10,0
83,2003-03-11,0
84,2003-03-12,0
85,2003-03-13,0
86,2003-03-14,0
87,2003-03-15,0
88,2003-03-16,0
89,2003-03-17,0
90,2003-03-18,0
91,2003-03-19,0
92,2003-03-20,0
93,2003-03-21,0
94,2003-03-22,0
95,2003-03-23,0
96,2003-03-24,0
97,2003-03-25,0
98,2003-03-26,0
99,2003-03-27,0
100,2003-03-28,0
101,2003-03-29,0
102,2003-03-30,0
103,2003-03-31,0
104,2003-04-01,0
105,2003-04-02,0
106,2003-04-03,0
107,2003-04-04,0
108,2003-04-05,0
109,2003-04-06,0
110,2003-04-07,0
111,2003-04-08,0
112,2003-04-09,0
113,2003-04-10,0
114,2003-04-11,0
115,2003-04-12,0
116,2003-04-13,0
117,2003-04-14,0
118,2003-04-15,0
119,2003-04-16,0
120,2003-04-17,0
121,2003-04-18,0
122,2003-04-19,0
123,2003-04-20,0
124,2003-04-21,0
125,2003-04-22,0
126,2003-04-23,0
127,2003-04-24,0
128,2003-04-25,0
129,2003-04-26,0
130,2003-04-27,0
131,2003-04-28,0
132,2003-04-29,0
133,2003-04-30,0
134,2003-05-01,0
135,2003-05-02,0
136,2003-05-03,0
137,2003-05-04,0
138,2003-05-05,0
139,2003-05-06,0
140,2003-05-07,0
141,2003-05-08,0
142,2003-05-09,0
143,2003-05-10,0
144,2003-05-11,0
145,2003-05-12,0
146,2003-05-13,0
147,2003-05-14,0
148,2003-05-15,0
149,2003-05-16,0
150,2003-05-17,0
151,2003-05-18,0
152,2003-05-19,0
153,2003-05-20,0
154,2003-05-21,0
155,2003-05-22,0
156,2003-05-23,0
157,2003-05-24,0
158,2003-05-25,0
159,2003-05-26,0
160,2003-05-27,0
161,2003-05-28,0
162,2003-05-29,0
163,2003-05-30,0
164,2003-05-31,0
165,2003-06-01,0
166,2003-06-02,0
167,2003-06-03,0
168,2003-06-04,2127
169,2003-06-05,2127
170,2003-06-06,2127
171,2003-06-07,2127
172,2003-06-08,2127
173,2003-06-09,2127
174,2003-06-10,2127
175,2003-06-11,0
176,2003-06-12,0
177,2003-06-13,0
178,2003-06-14,0
179,2003-06-15,0
180,2003-06-16,0
181,2003-06-17,0
182,2003-06-18,0
183,2003-06-19,0
184,2003-06-20,0
185,2003-06-21,0
186,2003-06-22,0
187,2003-06-23,0
188,2003-06-24,0
189,2003-06-25,0
190,2003-06-26,0
191,2003-06-27,0
192,2003-06-28,0
193,2003-06-29,0
194,2003-06-30,0
195,2003-07-01,0
196,2003-07-02,0
197,2003-07-03,0
198,2003-07-04,0
199,2003-07-05,0
200,2003-07-06,0
201,2003-07-07,0
202,2003-07-08,0
203,2003-07-09,0
204,2003-07-10,0
205,2003-07-11,0
206,2003-07-12,0
207,2003-07-13,0
208,2003-07-14,0
209,2003-07-15,0
210,2003-07-16,0
211,2003-07-17,0
212,2003-07-18,0
213,2003-07-19,0
214,2003-07-20,0
215,2003-07-21,0
216,2003-07-22,0
217,2003-07-23,0
218,2003-07-24,0
219,2003-07-25,0
220,2003-07-26,0
221,2003-07-27,0
222,2003-07-28,0
223,2003-07-29,0
224,2003-07-30,0
225,2003-07-31,0
226,2003-08-01,0
227,2003-08-02,0
228,2003-08-03,0
229,2003-08-04,0
230,2003-08-05,0
231,2003-08-06,1534
232,2003-08-07,1534
233,2003-08-08,1534
234,2003-08-09,1534
235,2003-08-10,1534
236,2003-08-11,1534
237,2003-08-12,1534
238,2003-08-13,420
239,2003-08-14,420
240,2003-08-15,420
241,2003-08-16,420
242,2003-08-17,420
243,2003-08-18,420
244,2003-08-19,420
245,2003-08-20,0
246,2003-08-21,0
247,2003-08-22,0
248,2003-08-23,0
249,2003-08-24,0
250,2003-08-25,0
251,2003-08-26,0
252,2003-08-27,0
253,2003-08-28,0
254,2003-08-29,0
255,2003-08-30,0
256,2003-08-31,0
257,2003-09-01,0
258,2003-09-02,0
259,2003-09-03,0
260,2003-09-04,0
261,2003-09-05,0
262,2003-09-06,0
263,2003-09-07,0
264,2003-09-08,0
265,2003-09-09,0
266,2003-09-10,0
267,2003-09-11,0
268,2003-09-12,0
269,2003-09-13,0
270,2003-09-14,0
271,2003-09-15,0
272,2003-09-16,0
273,2003-09-17,0
274,2003-09-18,0
275,2003-09-19,0
276,2003-09-20,0
277,2003-09-21,0
278,2003-09-22,0
279,2003-09-23,0
280,2003-09-24,0
281,2003-09-25,0
282,2003-09-26,0
283,2003-09-27,0
284,2003-09-28,0
285,2003-09-29,0
286,2003-09-30,0
287,2003-10-01,0
288,2003-10-02,0
289,2003-10-03,0
290,2003-10-04,0
291,2003-10-05,0
292,2003-10-06,0
293,2003-10-07,0
294,2003-10-08,1371
295,2003-10-09,1371
296,2003-10-10,1371
297,2003-10-11,1371
298,2003-10-12,1371
299,2003-10-13,1371
300,2003-10-14,1371
301,2003-10-15,0
302,2003-10-16,0
303,2003-10-17,0
304,2003-10-18,0
305,2003-10-19,0
306,2003-10-20,0
307,2003-10-21,0
308,2003-10-22,0
309,2003-10-23,0
310,2003-10-24,0
311,2003-10-25,0
312,2003-10-26,0
313,2003-10-27,0
314,2003-10-28,0
315,2003-10-29,0
316,2003-10-30,0
317,2003-10-31,0
318,2003-11-01,0
319,2003-11-02,0
320,2003-11-03,0
321,2003-11-04,0
322,2003-11-05,756
323,2003-11-06,756
324,2003-11-07,756
325,2003-11-08,756
326,2003-11-09,756
327,2003-11-10,756
328,2003-11-11,756
329,2003-11-12,0
330,2003-11-13,0
331,2003-11-14,0
332,2003-11-15,0
333,2003-11-16,0
334,2003-11-17,0
335,2003-11-18,0
336,2003-11-19,0
337,2003-11-20,0
338,2003-11-21,0
339,2003-11-22,0
340,2003-11-23,0
341,2003-11-24,0
342,2003-11-25,0
343,2003-11-26,0
344,2003-11-27,0
345,2003-11-28,0
346,2003-11-29,0
347,2003-11-30,0
348,2003-12-01,0
349,2003-12-02,0
350,2003-12-03,0
351,2003-12-04,0
352,2003-12-05,0
353,2003-12-06,0
354,2003-12-07,0
355,2003-12-08,0
356,2003-12-09,0
357,2003-12-10,0
358,2003-12-11,0
359,2003-12-12,0
360,2003-12-13,0
361,2003-12-14,0
362,2003-12-15,0
363,2003-12-16,0
364,2003-12-17,0
365,2003-12-18,0
366,2003-12-19,0
367,2003-12-20,0
368,2003-12-21,0
369,2003-12-22,0
370,2003-12-23,0
371,2003-12-24,0
372,2003-12-25,0
373,2003-12-26,0
374,2003-12-27,0
375,2003-12-28,0
376,2003-12-29,0
377,2003-12-30,0
378,2003-12-31,0
379,2004-01-01,0
380,2004-01-02,0
381,2004-01-03,0
382,2004-01-04,0
383,2004-01-05,0
384,2004-01-06,0
385,2004-01-07,0
386,2004-01-08,0
387,2004-01-09,0
388,2004-01-10,0
389,2004-01-11,0
390,2004-01-12,0
391,2004-01-13,0
392,2004-01-14,0
393,2004-01-15,0
394,2004-01-16,0
395,2004-01-17,0
396,2004-01-18,0
397,2004-01-19,0
398,2004-01-20,0
399,2004-01-21,0
400,2004-01-22,0
401,2004-01-23,0
402,2004-01-24,0
403,2004-01-25,0
404,2004-01-26,0
405,2004-01-27,0
406,2004-01-28,0
407,2004-01-29,0
408,2004-01-30,0
409,2004-01-31,0
410,2004-02-01,0
411,2004-02-02,0
412,2004-02-03,0
413,2004-02-04,0
414,2004-02-05,0
415,2004-02-06,0
416,2004-02-07,0
417,2004-02-08,0
418,2004-02-09,0
419,2004-02-10,0
420,2004-02-11,0
421,2004-02-12,0
422,2004-02-13,0
423,2004-02-14,0
424,2004-02-15,0
425,2004-02-16,0
426,2004-02-17,0
427,2004-02-18,0
428,2004-02-19,0
429,2004-02-20,0
430,2004-02-21,0
431,2004-02-22,0
432,2004-02-23,0
433,2004-02-24,0
434,2004-02-25,0
435,2004-02-26,0
436,2004-02-27,0
437,2004-02-28,0
438,2004-02-29,0
439,2004-03-01,0
440,2004-03-02,0
441,2004-03-03,0
442,2004-03-04,0
443,2004-03-05,0
444,2004-03-06,0
445,2004-03-07,0
446,2004-03-08,0
447,2004-03-09,0
448,2004-03-10,0
449,2004-03-11,0
450,2004-03-12,0
451,2004-03-13,0
452,2004-03-14,0
453,2004-03-15,0
454,2004-03-16,0
455,2004-03-17,0
456,2004-03-18,0
457,2004-03-19,0
458,2004-03-20,0
459,2004-03-21,0
460,2004-03-22,0
461,2004-03-23,0
462,2004-03-24,0
463,2004-03-25,0
464,2004-03-26,0
465,2004-03-27,0
466,2004-03-28,0
467,2004-03-29,0
468,2004-03-30,0
469,2004-03-31,0
470,2004-04-01,0
471,2004-04-02,0
472,2004-04-03,0
473,2004-04-04,0
474,2004-04-05,0
475,2004-04-06,0
476,2004-04-07,0
477,2004-04-08,0
478,2004-04-09,0
479,2004-04-10,0
480,2004-04-11,0
481,2004-04-12,0
482,2004-04-13,0
483,2004-04-14,0
484,2004-04-15,0
485,2004-04-16,0
486,2004-04-17,0
487,2004-04-18,0
488,2004-04-19,0
489,2004-04-20,0
490,2004-04-21,0
491,2004-04-22,0
492,2004-04-23,0
493,2004-04-24,0
494,2004-04-25,0
495,2004-04-26,0
496,2004-04-27,0
497,2004-04-28,0
498,2004-04-29,0
499,2004-04-30,0
500,2004-05-01,0
501,2004-05-02,0
502,2004-05-03,0
503,2004-05-04,0
504,2004-05-05,0
505,2004-05-06,0
506,2004-05-07,0
507,2004-05-08,0
508,2004-05-09,0
509,2004-05-10,0
510,2004-05-11,0
511,2004-05-12,0
512,2004-05-13,0
513,2004-05-14,0
514,2004-05-15,0
515,2004-05-16,0
516,2004-05-17,0
517,2004-05-18,0
518,2004-05-19,0
519,2004-05-20,0
520,2004-05-21,0
521,2004-05-22,0
522,2004-05-23,0
523,2004-05-24,0
524,2004-05-25,0
525,2004-05-26,0
526,2004-05-27,0
527,2004-05-28,0
528,2004-05-29,0
529,2004-05-30,0
530,2004-05-31,0
531,2004-06-01,0
532,2004-06-02,0
533,2004-06-03,0
534,2004-06-04,0
535,2004-06-05,0
536,2004-06-06,0
537,2004-06-07,0
538,2004-06-08,0
539,2004-06-09,0
540,2004-06-10,0
541,2004-06-11,0
542,2004-06-12,0
543,2004-06-13,0
544,2004-06-14,0
545,2004-06-15,0
546,2004-06-16,0
547,2004-06-17,0
548,2004-06-18,0
549,2004-06-19,0
550,2004-06-20,0
551,2004-06-21,0
552,2004-06-22,0
553,2004-06-23,0
554,2004-06-24,0
555,2004-06-25,0
556,2004-06-26,0
557,2004-06-27,0
558,2004-06-28,0
559,2004-06-29,0
560,2004-06-30,0
561,2004-07-01,0
562,2004-07-02,0
563,2004-07-03,0
564,2004-07-04,0
565,2004-07-05,0
566,2004-07-06,0
567,2004-07-07,0
568,2004-07-08,0
569,2004-07-09,0
570,2004-07-10,0
571,2004-07-11,0
572,2004-07-12,0
573,2004-07-13,0
574,2004-07-14,0
575,2004-07-15,0
576,2004-07-16,0
577,2004-07-17,0
578,2004-07-18,0
579,2004-07-19,0
580,2004-07-20,0
581,2004-07-21,0
582,2004-07-22,0
583,2004-07-23,0
584,2004-07-24,0
585,2004-07-25,0
586,2004-07-26,0
587,2004-07-27,0
588,2004-07-28,0
589,2004-07-29,0
590,2004-07-30,0
591,2004-07-31,0
592,2004-08-01,0
593,2004-08-02,0
594,2004-08-03,0
595,2004-08-04,0
596,2004-08-05,0
597,2004-08-06,0
598,2004-08-07,0
599,2004-08-08,0
600,2004-08-09,0
601,2004-08-10,0
602,2004-08-11,0
603,2004-08-12,0
604,2004-08-13,0
605,2004-08-14,0
606,2004-08-15,0
607,2004-08-16,0
608,2004-08-17,0
609,2004-08-18,0
610,2004-08-19,0
611,2004-08-20,0
612,2004-08-21,0
613,2004-08-22,0
614,2004-08-23,0
615,2004-08-24,0
616,2004-08-25,0
617,2004-08-26,0
618,2004-08-27,0
619,2004-08-28,0
620,2004-08-29,0
621,2004-08-30,0
622,2004-08-31,0
623,2004-09-01,0
624,2004-09-02,0
625,2004-09-03,0
626,2004-09-04,0
627,2004-09-05,0
628,2004-09-06,0
629,2004-09-07,0
630,2004-09-08,0
631,2004-09-09,0
632,2004-09-10,0
633,2004-09-11,0
634,2004-09-12,0
635,2004-09-13,0
636,2004-09-14,0
637,2004-09-15,0
638,2004-09-16,0
639,2004-09-17,0
640,2004-09-18,0
641,2004-09-19,0
642,2004-09-20,0
643,2004-09-21,0
644,2004-09-22,0
645,2004-09-23,0
646,2004-09-24,0
647,2004-09-25,0
648,2004-09-26,0
649,2004-09-27,0
650,2004-09-28,0
651,2004-09-29,0
652,2004-09-30,0
653,2004-10-01,0
654,2004-10-02,0
655,2004-10-03,0
656,2004-10-04,0
657,2004-10-05,0
658,2004-10-06,0
659,2004-10-07,0
660,2004-10-08,0
661,2004-10-09,0
662,2004-10-10,0
663,2004-10-11,0
664,2004-10-12,0
665,2004-10-13,0
666,2004-10-14,0
667,2004-10-15,0
668,2004-10-16,0
669,2004-10-17,0
670,2004-10-18,0
671,2004-10-19,0
672,2004-10-20,0
673,2004-10-21,0
674,2004-10-22,0
675,2004-10-23,0
676,2004-10-24,0
677,2004-10-25,0
678,2004-10-26,0
679,2004-10-27,0
680,2004-10-28,0
681,2004-10-29,0
682,2004-10-30,0
683,2004-10-31,0
684,2004-11-01,0
685,2004-11-02,0
686,2004-11-03,0
687,2004-11-04,0
688,2004-11-05,0
689,2004-11-06,0
690,2004-11-07,0
691,2004-11-08,0
692,2004-11-09,0
693,2004-11-10,0
694,2004-11-11,0
695,2004-11-12,0
696,2004-11-13,0
697,2004-11-14,0
698,2004-11-15,0
699,2004-11-16,0
700,2004-11-17,0
701,2004-11-18,0
702,2004-11-19,0
703,2004-11-20,0
704,2004-11-21,0
705,2004-11-22,0
706,2004-11-23,0
707,2004-11-24,0
708,2004-11-25,0
709,2004-11-26,0
710,2004-11-27,0
711,2004-11-28,0
712,2004-11-29,0
713,2004-11-30,0
714,2004-12-01,0
715,2004-12-02,0
716,2004-12-03,0
717,2004-12-04,0
718,2004-12-05,0
719,2004-12-06,0
720,2004-12-07,0
721,2004-12-08,0
722,2004-12-09,0
723,2004-12-10,0
724,2004-12-11,0
725,2004-12-12,0
726,2004-12-13,0
727,2004-12-14,0
728,2004-12-15,0
729,2004-12-16,0
730,2004-12-17,0
731,2004-12-18,0
732,2004-12-19,0
733,2004-12-20,0
734,2004-12-21,0
735,2004-12-22,0
736,2004-12-23,0
737,2004-12-24,0
738,2004-12-25,0
739,2004-12-26,0
740,2004-12-27,0
741,2004-12-28,0
742,2004-12-29,0
743,2004-12-30,0
744,2004-12-31,0
745,2005-01-01,0
746,2005-01-02,0
747,2005-01-03,0
748,2005-01-04,0
749,2005-01-05,0
750,2005-01-06,0
751,2005-01-07,0
752,2005-01-08,0
753,2005-01-09,0
754,2005-01-10,0
755,2005-01-11,0
756,2005-01-12,0
757,2005-01-13,0
758,2005-01-14,0
759,2005-01-15,0
760,2005-01-16,0
761,2005-01-17,0
762,2005-01-18,0
763,2005-01-19,0
764,2005-01-20,0
765,2005-01-21,0
766,2005-01-22,0
767,2005-01-23,0
768,2005-01-24,0
769,2005-01-25,0
770,2005-01-26,0
771,2005-01-27,0
772,2005-01-28,0
773,2005-01-29,0
774,2005-01-30,0
775,2005-01-31,0
776,2005-02-01,0
777,2005-02-02,0
778,2005-02-03,0
779,2005-02-04,0
780,2005-02-05,0
781,2005-02-06,0
782,2005-02-07,0
783,2005-02-08,0
784,2005-02-09,0
785,2005-02-10,0
786,2005-02-11,0
787,2005-02-12,0
788,2005-02-13,0
789,2005-02-14,0
790,2005-02-15,0
791,2005-02-16,0
792,2005-02-17,0
793,2005-02-18,0
794,2005-02-19,0
795,2005-02-20,0
796,2005-02-21,0
797,2005-02-22,0
798,2005-02-23,0
799,2005-02-24,0
800,2005-02-25,0
801,2005-02-26,0
802,2005-02-27,0
803,2005-02-28,0
804,2005-03-01,0
805,2005-03-02,0
806,2005-03-03,0
807,2005-03-04,0
808,2005-03-05,0
809,2005-03-06,0
810,2005-03-07,0
811,2005-03-08,0
812,2005-03-09,0
813,2005-03-10,0
814,2005-03-11,0
815,2005-03-12,0
816,2005-03-13,0
817,2005-03-14,0
818,2005-03-15,0
819,2005-03-16,0
820,2005-03-17,0
821,2005-03-18,0
822,2005-03-19,0
823,2005-03-20,0
824,2005-03-21,0
825,2005-03-22,0
826,2005-03-23,0
827,2005-03-24,0
828,2005-03-25,0
829,2005-03-26,0
830,2005-03-27,0
831,2005-03-28,0
832,2005-03-29,0
833,2005-03-30,0
834,2005-03-31,0
835,2005-04-01,0
836,2005-04-02,0
837,2005-04-03,0
838,2005-04-04,0
839,2005-04-05,0
840,2005-04-06,0
841,2005-04-07,0
842,2005-04-08,0
843,2005-04-09,0
844,2005-04-10,0
845,2005-04-11,0
846,2005-04-12,0
847,2005-04-13,0
848,2005-04-14,0
849,2005-04-15,0
850,2005-04-16,0
851,2005-04-17,0
852,2005-04-18,0
853,2005-04-19,0
854,2005-04-20,0
855,2005-04-21,0
856,2005-04-22,0
857,2005-04-23,0
858,2005-04-24,0
859,2005-04-25,0
860,2005-04-26,0
861,2005-04-27,0
862,2005-04-28,0
863,2005-04-29,0
864,2005-04-30,0
865,2005-05-01,0
866,2005-05-02,0
867,2005-05-03,0
868,2005-05-04,0
869,2005-05-05,0
870,2005-05-06,0
871,2005-05-07,0
872,2005-05-08,0
873,2005-05-09,0
874,2005-05-10,0
875,2005-05-11,0
876,2005-05-12,0
877,2005-05-13,0
878,2005-05-14,0
879,2005-05-15,0
880,2005-05-16,0
881,2005-05-17,0
882,2005-05-18,0
883,2005-05-19,0
884,2005-05-20,0
885,2005-05-21,0
886,2005-05-22,0
887,2005-05-23,0
888,2005-05-24,0
889,2005-05-25,0
890,2005-05-26,0
891,2005-05-27,0
892,2005-05-28,0
893,2005-05-29,0
894,2005-05-30,0
895,2005-05-31,0
896,2005-06-01,0
897,2005-06-02,0
898,2005-06-03,0
899,2005-06-04,0
900,2005-06-05,0
901,2005-06-06,0
902,2005-06-07,0
903,2005-06-08,0
904,2005-06-09,0
905,2005-06-10,0
906,2005-06-11,0
907,2005-06-12,0
908,2005-06-13,0
909,2005-06-14,0
910,2005-06-15,0
911,2005-06-16,0
912,2005-06-17,0
913,2005-06-18,0
914,2005-06-19,0
915,2005-06-20,0
916,2005-06-21,0
917,2005-06-22,0
918,2005-06-23,0
919,2005-06-24,0
920,2005-06-25,0
921,2005-06-26,0
922,2005-06-27,0
923,2005-06-28,0
924,2005-06-29,0
925,2005-06-30,0
926,2005-07-01,0
927,2005-07-02,0
928,2005-07-03,0
929,2005-07-04,0
930,2005-07-05,0
931,2005-07-06,0
932,2005-07-07,0
933,2005-07-08,0
934,2005-07-09,0
935,2005-07-10,0
936,2005-07-11,0
937,2005-07-12,0
938,2005-07-13,0
939,2005-07-14,0
940,2005-07-15,0
941,2005-07-16,0
942,2005-07-17,0
943,2005-07-18,0
944,2005-07-19,0
945,2005-07-20,0
946,2005-07-21,0
947,2005-07-22,0
948,2005-07-23,0
949,2005-07-24,0
950,2005-07-25,0
951,2005-07-26,0
952,2005-07-27,0
953,2005-07-28,0
954,2005-07-29,0
955,2005-07-30,0
956,2005-07-31,0
957,2005-08-01,0
958,2005-08-02,0
959,2005-08-03,0
960,2005-08-04,0
961,2005-08-05,0
962,2005-08-06,0
963,2005-08-07,0
964,2005-08-08,0
965,2005-08-09,0
966,2005-08-10,0
967,2005-08-11,0
968,2005-08-12,0
969,2005-08-13,0
970,2005-08-14,0
971,2005-08-15,0
972,2005-08-16,0
973,2005-08-17,0
974,2005-08-18,0
975,2005-08-19,0
976,2005-08-20,0
977,2005-08-21,0
978,2005-08-22,0
979,2005-08-23,0
980,2005-08-24,0
981,2005-08-25,0
982,2005-08-26,0
983,2005-08-27,0
984,2005-08-28,0
985,2005-08-29,0
986,2005-08-30,0
987,2005-08-31,0
988,2005-09-01,0
989,2005-09-02,0
990,2005-09-03,0
991,2005-09-04,0
992,2005-09-05,0
993,2005-09-06,0
994,2005-09-07,0
995,2005-09-08,0
996,2005-09-09,0
997,2005-09-10,0
998,2005-09-11,0
999,2005-09-12,0
1000,2005-09-13,0
1001,2005-09-14,0
1002,2005-09-15,0
1003,2005-09-16,0
1004,2005-09-17,0
1005,2005-09-18,0
1006,2005-09-19,0
1007,2005-09-20,0
1008,2005-09-21,0
1009,2005-09-22,0
1010,2005-09-23,0
1011,2005-09-24,0
1012,2005-09-25,0
1013,2005-09-26,0
1014,2005-09-27,0
1015,2005-09-28,0
1016,2005-09-29,0
1017,2005-09-30,0
1018,2005-10-01,0
1019,2005-10-02,0
1020,2005-10-03,0
1021,2005-10-04,0
1022,2005-10-05,0
1023,2005-10-06,0
1024,2005-10-07,0
1025,2005-10-08,0
1026,2005-10-09,0
1027,2005-10-10,0
1028,2005-10-11,0
1029,2005-10-12,0
1030,2005-10-13,0
1031,2005-10-14,0
1032,2005-10-15,0
1033,2005-10-16,0
1034,2005-10-17,0
1035,2005-10-18,0
1036,2005-10-19,0
1037,2005-10-20,0
1038,2005-10-21,0
1039,2005-10-22,0
1040,2005-10-23,0
1041,2005-10-24,0
1042,2005-10-25,0
1043,2005-10-26,0
1044,2005-10-27,0
1045,2005-10-28,0
1046,2005-10-29,0
1047,2005-10-30,0
1048,2005-10-31,0
1049,2005-11-01,0
1050,2005-11-02,0
1051,2005-11-03,0
1052,2005-11-04,0
1053,2005-11-05,0
1054,2005-11-06,0
1055,2005-11-07,0
1056,2005-11-08,0
1057,2005-11-09,0
1058,2005-11-10,0
1059,2005-11-11,0
1060,2005-11-12,0
1061,2005-11-13,0
1062,2005-11-14,0
1063,2005-11-15,0
1064,2005-11-16,0
1065,2005-11-17,0
1066,2005-11-18,0
1067,2005-11-19,0
1068,2005-11-20,0
1069,2005-11-21,0
1070,2005-11-22,0
1071,2005-11-23,0
1072,2005-11-24,0
1073,2005-11-25,0
1074,2005-11-26,0
1075,2005-11-27,0
1076,2005-11-28,0
1077,2005-11-29,0
1078,2005-11-30,0
1079,2005-12-01,0
1080,2005-12-02,0
1081,2005-12-03,0
1082,2005-12-04,0
1083,2005-12-05,0
1084,2005-12-06,0
1085,2005-12-07,0
1086,2005-12-08,0
1087,2005-12-09,0
1088,2005-12-10,0
1089,2005-12-11,0
1090,2005-12-12,0
1091,2005-12-13,0
1092,2005-12-14,0
1093,2005-12-15,0
1094,2005-12-16,0
1095,2005-12-17,0
1096,2005-12-18,0
1097,2005-12-19,0
1098,2005-12-20,0
1099,2005-12-21,0
1100,2005-12-22,0
1101,2005-12-23,0
1102,2005-12-24,0
1103,2005-12-25,0
1104,2005-12-26,0
1105,2005-12-27,0
1106,2005-12-28,0
1107,2005-12-29,0
1108,2005-12-30,0
1109,2005-12-31,0
1110,2006-01-01,0
1111,2006-01-02,0
1112,2006-01-03,0
1113,2006-01-04,0
1114,2006-01-05,0
1115,2006-01-06,0
1116,2006-01-07,0
1117,2006-01-08,0
1118,2006-01-09,0
1119,2006-01-10,0
1120,2006-01-11,0
1121,2006-01-12,0
1122,2006-01-13,0
1123,2006-01-14,0
1124,2006-01-15,0
1125,2006-01-16,0
1126,2006-01-17,0
1127,2006-01-18,0
1128,2006-01-19,0
1129,2006-01-20,0
1130,2006-01-21,0
1131,2006-01-22,0
1132,2006-01-23,0
1133,2006-01-24,0
1134,2006-01-25,0
1135,2006-01-26,0
1136,2006-01-27,0
1137,2006-01-28,0
1138,2006-01-29,0
1139,2006-01-30,0
1140,2006-01-31,0
1141,2006-02-01,0
1142,2006-02-02,0
1143,2006-02-03,0
1144,2006-02-04,0
1145,2006-02-05,0
1146,2006-02-06,0
1147,2006-02-07,0
1148,2006-02-08,0
1149,2006-02-09,0
1150,2006-02-10,0
1151,2006-02-11,0
1152,2006-02-12,0
1153,2006-02-13,0
1154,2006-02-14,0
1155,2006-02-15,0
1156,2006-02-16,0
1157,2006-02-17,0
1158,2006-02-18,0
1159,2006-02-19,0
1160,2006-02-20,0
1161,2006-02-21,0
1162,2006-02-22,0
1163,2006-02-23,0
1164,2006-02-24,0
1165,2006-02-25,0
1166,2006-02-26,0
1167,2006-02-27,0
1168,2006-02-28,0
1169,2006-03-01,0
1170,2006-03-02,0
1171,2006-03-03,0
1172,2006-03-04,0
1173,2006-03-05,0
1174,2006-03-06,0
1175,2006-03-07,0
1176,2006-03-08,0
1177,2006-03-09,0
1178,2006-03-10,0
1179,2006-03-11,0
1180,2006-03-12,0
1181,2006-03-13,0
1182,2006-03-14,0
1183,2006-03-15,0
1184,2006-03-16,0
1185,2006-03-17,0
1186,2006-03-18,0
1187,2006-03-19,0
1188,2006-03-20,0
1189,2006-03-21,0
1190,2006-03-22,0
1191,2006-03-23,0
1192,2006-03-24,0
1193,2006-03-25,0
1194,2006-03-26,0
1195,2006-03-27,0
1196,2006-03-28,0
1197,2006-03-29,0
1198,2006-03-30,0
1199,2006-03-31,0
1200,2006-04-01,0
1201,2006-04-02,0
1202,2006-04-03,0
1203,2006-04-04,0
1204,2006-04-05,0
1205,2006-04-06,0
1206,2006-04-07,0
1207,2006-04-08,0
1208,2006-04-09,0
1209,2006-04-10,0
1210,2006-04-11,0
1211,2006-04-12,0
1212,2006-04-13,0
1213,2006-04-14,0
1214,2006-04-15,0
1215,2006-04-16,0
1216,2006-04-17,0
1217,2006-04-18,0
1218,2006-04-19,0
1219,2006-04-20,0
1220,2006-04-21,0
1221,2006-04-22,0
1222,2006-04-23,0
1223,2006-04-24,0
1224,2006-04-25,0
1225,2006-04-26,0
1226,2006-04-27,0
1227,2006-04-28,0
1228,2006-04-29,0
1229,2006-04-30,0
1230,2006-05-01,0
1231,2006-05-02,0
1232,2006-05-03,0
1233,2006-05-04,0
1234,2006-05-05,0
1235,2006-05-06,0
1236,2006-05-07,0
1237,2006-05-08,0
1238,2006-05-09,0
1239,2006-05-10,0
1240,2006-05-11,0
1241,2006-05-12,0
1242,2006-05-13,0
1243,2006-05-14,0
1244,2006-05-15,0
1245,2006-05-16,0
1246,2006-05-17,0
1247,2006-05-18,0
1248,2006-05-19,0
1249,2006-05-20,0
1250,2006-05-21,0
1251,2006-05-22,0
1252,2006-05-23,0
1253,2006-05-24,0
1254,2006-05-25,0
1255,2006-05-26,0
1256,2006-05-27,0
1257,2006-05-28,0
1258,2006-05-29,0
1259,2006-05-30,0
1260,2006-05-31,0
1261,2006-06-01,0
1262,2006-06-02,0
1263,2006-06-03,0
1264,2006-06-04,0
1265,2006-06-05,0
1266,2006-06-06,0
1267,2006-06-07,0
1268,2006-06-08,0
1269,2006-06-09,0
1270,2006-06-10,0
1271,2006-06-11,0
1272,2006-06-12,0
1273,2006-06-13,0
1274,2006-06-14,0
1275,2006-06-15,0
1276,2006-06-16,0
1277,2006-06-17,0
1278,2006-06-18,0
1279,2006-06-19,0
1280,2006-06-20,0
1281,2006-06-21,0
1282,2006-06-22,0
1283,2006-06-23,0
1284,2006-06-24,0
1285,2006-06-25,0
1286,2006-06-26,0
1287,2006-06-27,0
1288,2006-06-28,0
1289,2006-06-29,0
1290,2006-06-30,0
1291,2006-07-01,0
1292,2006-07-02,0
1293,2006-07-03,0
1294,2006-07-04,0
1295,2006-07-05,0
1296,2006-07-06,0
1297,2006-07-07,0
1298,2006-07-08,0
1299,2006-07-09,0
1300,2006-07-10,0
1301,2006-07-11,0
1302,2006-07-12,0
1303,2006-07-13,0
1304,2006-07-14,0
1305,2006-07-15,0
1306,2006-07-16,0
1307,2006-07-17,0
1308,2006-07-18,0
1309,2006-07-19,0
1310,2006-07-20,0
1311,2006-07-21,0
1312,2006-07-22,0
1313,2006-07-23,0
1314,2006-07-24,0
1315,2006-07-25,0
1316,2006-07-26,0
1317,2006-07-27,0
1318,2006-07-28,0
1319,2006-07-29,0
1320,2006-07-30,0
1321,2006-07-31,0
1322,2006-08-01,0
1323,2006-08-02,0
1324,2006-08-03,0
1325,2006-08-04,0
1326,2006-08-05,0
1327,2006-08-06,0
1328,2006-08-07,0
1329,2006-08-08,0
1330,2006-08-09,0
1331,2006-08-10,0
1332,2006-08-11,0
1333,2006-08-12,0
1334,2006-08-13,0
1335,2006-08-14,0
1336,2006-08-15,0
1337,2006-08-16,0
1338,2006-08-17,0
1339,2006-08-18,0
1340,2006-08-19,0
1341,2006-08-20,0
1342,2006-08-21,0
1343,2006-08-22,0
1344,2006-08-23,0
1345,2006-08-24,0
1346,2006-08-25,0
1347,2006-08-26,0
1348,2006-08-27,0
1349,2006-08-28,0
1350,2006-08-29,0
1351,2006-08-30,0
1352,2006-08-31,0
1353,2006-09-01,0
1354,2006-09-02,0
1355,2006-09-03,0
1356,2006-09-04,0
1357,2006-09-05,0
1358,2006-09-06,0
1359,2006-09-07,0
1360,2006-09-08,0
1361,2006-09-09,0
1362,2006-09-10,0
1363,2006-09-11,0
1364,2006-09-12,0
1365,2006-09-13,0
1366,2006-09-14,0
1367,2006-09-15,0
1368,2006-09-16,0
1369,2006-09-17,0
1370,2006-09-18,0
1371,2006-09-19,0
1372,2006-09-20,0
1373,2006-09-21,0
1374,2006-09-22,0
1375,2006-09-23,0
1376,2006-09-24,0
1377,2006-09-25,0
1378,2006-09-26,0
1379,2006-09-27,0
1380,2006-09-28,0
1381,2006-09-29,0
1382,2006-09-30,0
1383,2006-10-01,0
1384,2006-10-02,0
1385,2006-10-03,0
1386,2006-10-04,0
1387,2006-10-05,0
1388,2006-10-06,0
1389,2006-10-07,0
1390,2006-10-08,0
1391,2006-10-09,0
1392,2006-10-10,0
1393,2006-10-11,0
1394,2006-10-12,0
1395,2006-10-13,0
1396,2006-10-14,0
1397,2006-10-15,0
1398,2006-10-16,0
1399,2006-10-17,0
1400,2006-10-18,0
1401,2006-10-19,0
1402,2006-10-20,0
1403,2006-10-21,0
1404,2006-10-22,0
1405,2006-10-23,0
1406,2006-10-24,0
1407,2006-10-25,0
1408,2006-10-26,0
1409,2006-10-27,0
1410,2006-10-28,0
1411,2006-10-29,0
1412,2006-10-30,0
1413,2006-10-31,0
1414,2006-11-01,0
1415,2006-11-02,0
1416,2006-11-03,0
1417,2006-11-04,0
1418,2006-11-05,0
1419,2006-11-06,0
1420,2006-11-07,0
1421,2006-11-08,0
1422,2006-11-09,0
1423,2006-11-10,0
1424,2006-11-11,0
1425,2006-11-12,0
1426,2006-11-13,0
1427,2006-11-14,0
1428,2006-11-15,0
1429,2006-11-16,0
1430,2006-11-17,0
1431,2006-11-18,0
1432,2006-11-19,0
1433,2006-11-20,0
1434,2006-11-21,0
1435,2006-11-22,0
1436,2006-11-23,0
1437,2006-11-24,0
1438,2006-11-25,0
1439,2006-11-26,0
1440,2006-11-27,0
1441,2006-11-28,0
1442,2006-11-29,0
1443,2006-11-30,0
1444,2006-12-01,0
1445,2006-12-02,0
1446,2006-12-03,0
1447,2006-12-04,0
1448,2006-12-05,0
1449,2006-12-06,0
1450,2006-12-07,0
1451,2006-12-08,0
1452,2006-12-09,0
1453,2006-12-10,0
1454,2006-12-11,0
1455,2006-12-12,0
1456,2006-12-13,0
1457,2006-12-14,0
1458,2006-12-15,0
1459,2006-12-16,0
1460,2006-12-17,0
1461,2006-12-18,0
1462,2006-12-19,0
1463,2006-12-20,0
1464,2006-12-21,0
1465,2006-12-22,0
1466,2006-12-23,0
1467,2006-12-24,0
1468,2006-12-25,0
1469,2006-12-26,0
1470,2006-12-27,0
1471,2006-12-28,0
1472,2006-12-29,0
1473,2006-12-30,0
1474,2006-12-31,0
1475,2007-01-01,0
1476,2007-01-02,0
1477,2007-01-03,0
1478,2007-01-04,0
1479,2007-01-05,0
1480,2007-01-06,0
1481,2007-01-07,0
1482,2007-01-08,0
1483,2007-01-09,0
1484,2007-01-10,0
1485,2007-01-11,0
1486,2007-01-12,0
1487,2007-01-13,0
1488,2007-01-14,0
1489,2007-01-15,0
1490,2007-01-16,0
1491,2007-01-17,0
1492,2007-01-18,0
1493,2007-01-19,0
1494,2007-01-20,0
1495,2007-01-21,0
1496,2007-01-22,0
1497,2007-01-23,0
1498,2007-01-24,0
1499,2007-01-25,0
1500,2007-01-26,0
1501,2007-01-27,0
1502,2007-01-28,0
1503,2007-01-29,0
1504,2007-01-30,0
1505,2007-01-31,0
1506,2007-02-01,0
1507,2007-02-02,0
1508,2007-02-03,0
1509,2007-02-04,0
1510,2007-02-05,0
1511,2007-02-06,0
1512,2007-02-07,0
1513,2007-02-08,0
1514,2007-02-09,0
1515,2007-02-10,0
1516,2007-02-11,0
1517,2007-02-12,0
1518,2007-02-13,0
1519,2007-02-14,0
1520,2007-02-15,0
1521,2007-02-16,0
1522,2007-02-17,0
1523,2007-02-18,0
1524,2007-02-19,0
1525,2007-02-20,0
1526,2007-02-21,0
1527,2007-02-22,0
1528,2007-02-23,0
1529,2007-02-24,0
1530,2007-02-25,0
1531,2007-02-26,0
1532,2007-02-27,0
1533,2007-02-28,0
1534,2007-03-01,0
1535,2007-03-02,0
1536,2007-03-03,0
1537,2007-03-04,0
1538,2007-03-05,0
1539,2007-03-06,0
1540,2007-03-07,0
1541,2007-03-08,0
1542,2007-03-09,0
1543,2007-03-10,0
1544,2007-03-11,0
1545,2007-03-12,0
1546,2007-03-13,0
1547,2007-03-14,0
1548,2007-03-15,0
1549,2007-03-16,0
1550,2007-03-17,0
1551,2007-03-18,0
1552,2007-03-19,0
1553,2007-03-20,0
1554,2007-03-21,0
1555,2007-03-22,0
1556,2007-03-23,0
1557,2007-03-24,0
1558,2007-03-25,0
1559,2007-03-26,0
1560,2007-03-27,0
1561,2007-03-28,0
1562,2007-03-29,0
1563,2007-03-30,0
1564,2007-03-31,0
1565,2007-04-01,0
1566,2007-04-02,0
1567,2007-04-03,0
1568,2007-04-04,0
1569,2007-04-05,0
1570,2007-04-06,0
1571,2007-04-07,0
1572,2007-04-08,0
1573,2007-04-09,0
1574,2007-04-10,0
1575,2007-04-11,0
1576,2007-04-12,0
1577,2007-04-13,0
1578,2007-04-14,0
1579,2007-04-15,0
1580,2007-04-16,0
1581,2007-04-17,0
1582,2007-04-18,0
1583,2007-04-19,0
1584,2007-04-20,0
1585,2007-04-21,0
1586,2007-04-22,0
1587,2007-04-23,0
1588,2007-04-24,0
1589,2007-04-25,0
1590,2007-04-26,0
1591,2007-04-27,0
1592,2007-04-28,0
1593,2007-04-29,0
1594,2007-04-30,0
1595,2007-05-01,0
1596,2007-05-02,0
1597,2007-05-03,0
1598,2007-05-04,0
1599,2007-05-05,0
1600,2007-05-06,0
1601,2007-05-07,0
1602,2007-05-08,0
1603,2007-05-09,0
1604,2007-05-10,0
1605,2007-05-11,0
1606,2007-05-12,0
1607,2007-05-13,0
1608,2007-05-14,0
1609,2007-05-15,0
1610,2007-05-16,0
1611,2007-05-17,0
1612,2007-05-18,0
1613,2007-05-19,0
1614,2007-05-20,0
1615,2007-05-21,0
1616,2007-05-22,0
1617,2007-05-23,0
1618,2007-05-24,0
1619,2007-05-25,0
1620,2007-05-26,0
1621,2007-05-27,0
1622,2007-05-28,0
1623,2007-05-29,0
1624,2007-05-30,0
1625,2007-05-31,0
1626,2007-06-01,0
1627,2007-06-02,0
1628,2007-06-03,0
1629,2007-06-04,0
1630,2007-06-05,0
1631,2007-06-06,0
1632,2007-06-07,0
1633,2007-06-08,0
1634,2007-06-09,0
1635,2007-06-10,0
1636,2007-06-11,0
1637,2007-06-12,0
1638,2007-06-13,0
1639,2007-06-14,0
1640,2007-06-15,0
1641,2007-06-16,0
1642,2007-06-17,0
1643,2007-06-18,0
1644,2007-06-19,0
1645,2007-06-20,0
1646,2007-06-21,0
1647,2007-06-22,0
1648,2007-06-23,0
1649,2007-06-24,0
1650,2007-06-25,0
1651,2007-06-26,0
1652,2007-06-27,0
1653,2007-06-28,0
1654,2007-06-29,0
1655,2007-06-30,0
1656,2007-07-01,0
1657,2007-07-02,0
1658,2007-07-03,0
1659,2007-07-04,0
1660,2007-07-05,0
1661,2007-07-06,0
1662,2007-07-07,0
1663,2007-07-08,0
1664,2007-07-09,0
1665,2007-07-10,0
1666,2007-07-11,0
1667,2007-07-12,0
1668,2007-07-13,0
1669,2007-07-14,0
1670,2007-07-15,0
1671,2007-07-16,0
1672,2007-07-17,0
1673,2007-07-18,0
1674,2007-07-19,0
1675,2007-07-20,0
1676,2007-07-21,0
1677,2007-07-22,0
1678,2007-07-23,0
1679,2007-07-24,0
1680,2007-07-25,0
1681,2007-07-26,0
1682,2007-07-27,0
1683,2007-07-28,0
1684,2007-07-29,0
1685,2007-07-30,0
1686,2007-07-31,0
1687,2007-08-01,0
1688,2007-08-02,0
1689,2007-08-03,0
1690,2007-08-04,0
1691,2007-08-05,0
1692,2007-08-06,0
1693,2007-08-07,0
1694,2007-08-08,0
1695,2007-08-09,0
1696,2007-08-10,0
1697,2007-08-11,0
1698,2007-08-12,0
1699,2007-08-13,0
1700,2007-08-14,0
1701,2007-08-15,0
1702,2007-08-16,0
1703,2007-08-17,0
1704,2007-08-18,0
1705,2007-08-19,0
1706,2007-08-20,0
1707,2007-08-21,0
1708,2007-08-22,0
1709,2007-08-23,0
1710,2007-08-24,0
1711,2007-08-25,0
1712,2007-08-26,0
1713,2007-08-27,0
1714,2007-08-28,0
1715,2007-08-29,0
1716,2007-08-30,0
1717,2007-08-31,0
1718,2007-09-01,0
1719,2007-09-02,0
1720,2007-09-03,0
1721,2007-09-04,0
1722,2007-09-05,0
1723,2007-09-06,0
1724,2007-09-07,0
1725,2007-09-08,0
1726,2007-09-09,0
1727,2007-09-10,0
1728,2007-09-11,0
1729,2007-09-12,0
1730,2007-09-13,0
1731,2007-09-14,0
1732,2007-09-15,0
1733,2007-09-16,0
1734,2007-09-17,0
1735,2007-09-18,0
1736,2007-09-19,0
1737,2007-09-20,0
1738,2007-09-21,0
1739,2007-09-22,0
1740,2007-09-23,0
1741,2007-09-24,0
1742,2007-09-25,0
1743,2007-09-26,0
1744,2007-09-27,0
1745,2007-09-28,0
1746,2007-09-29,0
1747,2007-09-30,0
1748,2007-10-01,0
1749,2007-10-02,0
1750,2007-10-03,0
1751,2007-10-04,0
1752,2007-10-05,0
1753,2007-10-06,0
1754,2007-10-07,0
1755,2007-10-08,0
1756,2007-10-09,0
1757,2007-10-10,0
1758,2007-10-11,0
1759,2007-10-12,0
1760,2007-10-13,0
1761,2007-10-14,0
1762,2007-10-15,0
1763,2007-10-16,0
1764,2007-10-17,0
1765,2007-10-18,0
1766,2007-10-19,0
1767,2007-10-20,0
1768,2007-10-21,0
1769,2007-10-22,0
1770,2007-10-23,0
1771,2007-10-24,0
1772,2007-10-25,0
1773,2007-10-26,0
1774,2007-10-27,0
1775,2007-10-28,0
1776,2007-10-29,0
1777,2007-10-30,0
1778,2007-10-31,0
1779,2007-11-01,0
1780,2007-11-02,0
1781,2007-11-03,0
1782,2007-11-04,0
1783,2007-11-05,0
1784,2007-11-06,0
1785,2007-11-07,0
1786,2007-11-08,0
1787,2007-11-09,0
1788,2007-11-10,0
1789,2007-11-11,0
1790,2007-11-12,0
1791,2007-11-13,0
1792,2007-11-14,0
1793,2007-11-15,0
1794,2007-11-16,0
1795,2007-11-17,0
1796,2007-11-18,0
1797,2007-11-19,0
1798,2007-11-20,0
1799,2007-11-21,0
1800,2007-11-22,0
1801,2007-11-23,0
1802,2007-11-24,0
1803,2007-11-25,0
1804,2007-11-26,0
1805,2007-11-27,0
1806,2007-11-28,0
1807,2007-11-29,0
1808,2007-11-30,0
1809,2007-12-01,0
1810,2007-12-02,0
1811,2007-12-03,0
1812,2007-12-04,0
1813,2007-12-05,0
1814,2007-12-06,0
1815,2007-12-07,0
1816,2007-12-08,0
1817,2007-12-09,0
1818,2007-12-10,0
1819,2007-12-11,0
1820,2007-12-12,0
1821,2007-12-13,0
1822,2007-12-14,0
1823,2007-12-15,0
1824,2007-12-16,0
1825,2007-12-17,0
1826,2007-12-18,0
1827,2007-12-19,0
1828,2007-12-20,0
1829,2007-12-21,0
1830,2007-12-22,0
1831,2007-12-23,0
1832,2007-12-24,0
1833,2007-12-25,0
1834,2007-12-26,22048
1835,2007-12-27,22048
1836,2007-12-28,22048
1837,2007-12-29,22048
1838,2007-12-30,22048
1839,2007-12-31,22048
1840,2008-01-01,22048
1841,2008-01-02,22039
1842,2008-01-03,22039
1843,2008-01-04,22039
1844,2008-01-05,22039
1845,2008-01-06,22039
1846,2008-01-07,22039
1847,2008-01-08,22039
1848,2008-01-09,47691
1849,2008-01-10,47691
1850,2008-01-11,47691
1851,2008-01-12,47691
1852,2008-01-13,47691
1853,2008-01-14,47691
1854,2008-01-15,47691
1855,2008-01-16,36144
1856,2008-01-17,36144
1857,2008-01-18,36144
1858,2008-01-19,36144
1859,2008-01-20,36144
1860,2008-01-21,36144
1861,2008-01-22,36144
1862,2008-01-23,53680
1863,2008-01-24,53680
1864,2008-01-25,53680
1865,2008-01-26,53680
1866,2008-01-27,53680
1867,2008-01-28,53680
1868,2008-01-29,53680
1869,2008-01-30,32189
1870,2008-01-31,32189
1871,2008-02-01,32189
1872,2008-02-02,32189
1873,2008-02-03,32189
1874,2008-02-04,32189
1875,2008-02-05,32189
1876,2008-02-06,71576
1877,2008-02-07,71576
1878,2008-02-08,71576
1879,2008-02-09,71576
1880,2008-02-10,71576
1881,2008-02-11,71576
1882,2008-02-12,71576
1883,2008-02-13,62958
1884,2008-02-14,62958
1885,2008-02-15,62958
1886,2008-02-16,62958
1887,2008-02-17,62958
1888,2008-02-18,62958
1889,2008-02-19,62958
1890,2008-02-20,53799
1891,2008-02-21,53799
1892,2008-02-22,53799
1893,2008-02-23,53799
1894,2008-02-24,53799
1895,2008-02-25,53799
1896,2008-02-26,53799
1897,2008-02-27,41049
1898,2008-02-28,41049
1899,2008-02-29,41049
1900,2008-03-01,41049
1901,2008-03-02,41049
1902,2008-03-03,41049
1903,2008-03-04,41049
1904,2008-03-05,42747
1905,2008-03-06,42747
1906,2008-03-07,42747
1907,2008-03-08,42747
1908,2008-03-09,42747
1909,2008-03-10,42747
1910,2008-03-11,42747
1911,2008-03-12,27813
1912,2008-03-13,27813
1913,2008-03-14,27813
1914,2008-03-15,27813
1915,2008-03-16,27813
1916,2008-03-17,27813
1917,2008-03-18,27813
1918,2008-03-19,91635
1919,2008-03-20,91635
1920,2008-03-21,91635
1921,2008-03-22,91635
1922,2008-03-23,91635
1923,2008-03-24,91635
1924,2008-03-25,91635
1925,2008-03-26,89187
1926,2008-03-27,89187
1927,2008-03-28,89187
1928,2008-03-29,89187
1929,2008-03-30,89187
1930,2008-03-31,89187
1931,2008-04-01,89187
1932,2008-04-02,150185
1933,2008-04-03,150185
1934,2008-04-04,150185
1935,2008-04-05,150185
1936,2008-04-06,150185
1937,2008-04-07,150185
1938,2008-04-08,150185
1939,2008-04-09,124371
1940,2008-04-10,124371
1941,2008-04-11,124371
1942,2008-04-12,124371
1943,2008-04-13,124371
1944,2008-04-14,124371
1945,2008-04-15,124371
1946,2008-04-16,152104
1947,2008-04-17,152104
1948,2008-04-18,152104
1949,2008-04-19,152104
1950,2008-04-20,152104
1951,2008-04-21,152104
1952,2008-04-22,152104
1953,2008-04-23,145216
1954,2008-04-24,145216
1955,2008-04-25,145216
1956,2008-04-26,145216
1957,2008-04-27,145216
1958,2008-04-28,145216
1959,2008-04-29,145216
1960,2008-04-30,140443
1961,2008-05-01,140443
1962,2008-05-02,140443
1963,2008-05-03,140443
1964,2008-05-04,140443
1965,2008-05-05,140443
1966,2008-05-06,140443
1967,2008-05-07,138096
1968,2008-05-08,138096
1969,2008-05-09,138096
1970,2008-05-10,138096
1971,2008-05-11,138096
1972,2008-05-12,138096
1973,2008-05-13,138096
1974,2008-05-14,190951
1975,2008-05-15,190951
1976,2008-05-16,190951
1977,2008-05-17,190951
1978,2008-05-18,190951
1979,2008-05-19,190951
1980,2008-05-20,190951
1981,2008-05-21,170197
1982,2008-05-22,170197
1983,2008-05-23,170197
1984,2008-05-24,170197
1985,2008-05-25,170197
1986,2008-05-26,170197
1987,2008-05-27,170197
1988,2008-05-28,206976
1989,2008-05-29,206976
1990,2008-05-30,206976
1991,2008-05-31,206976
1992,2008-06-01,206976
1993,2008-06-02,206976
1994,2008-06-03,206976
1995,2008-06-04,208659
1996,2008-06-05,208659
1997,2008-06-06,208659
1998,2008-06-07,208659
1999,2008-06-08,208659
2000,2008-06-09,208659
2001,2008-06-10,208659
2002,2008-06-11,212009
2003,2008-06-12,212009
2004,2008-06-13,212009
2005,2008-06-14,212009
2006,2008-06-15,212009
2007,2008-06-16,212009
2008,2008-06-17,212009
2009,2008-06-18,202800
2010,2008-06-19,202800
2011,2008-06-20,202800
2012,2008-06-21,202800
2013,2008-06-22,202800
2014,2008-06-23,202800
2015,2008-06-24,202800
2016,2008-06-25,208245
2017,2008-06-26,208245
2018,2008-06-27,208245
2019,2008-06-28,208245
2020,2008-06-29,208245
2021,2008-06-30,208245
2022,2008-07-01,208245
2023,2008-07-02,230294
2024,2008-07-03,230294
2025,2008-07-04,230294
2026,2008-07-05,230294
2027,2008-07-06,230294
2028,2008-07-07,230294
2029,2008-07-08,230294
2030,2008-07-09,237152
2031,2008-07-10,237152
2032,2008-07-11,237152
2033,2008-07-12,237152
2034,2008-07-13,237152
2035,2008-07-14,237152
2036,2008-07-15,237152
2037,2008-07-16,226884
2038,2008-07-17,226884
2039,2008-07-18,226884
2040,2008-07-19,226884
2041,2008-07-20,226884
2042,2008-07-21,226884
2043,2008-07-22,226884
2044,2008-07-23,239588
2045,2008-07-24,239588
2046,2008-07-25,239588
2047,2008-07-26,239588
2048,2008-07-27,239588
2049,2008-07-28,239588
2050,2008-07-29,239588
2051,2008-07-30,223346
2052,2008-07-31,223346
2053,2008-08-01,223346
2054,2008-08-02,223346
2055,2008-08-03,223346
2056,2008-08-04,223346
2057,2008-08-05,223346
2058,2008-08-06,241096
2059,2008-08-07,241096
2060,2008-08-08,241096
2061,2008-08-09,241096
2062,2008-08-10,241096
2063,2008-08-11,241096
2064,2008-08-12,241096
2065,2008-08-13,227750
2066,2008-08-14,227750
2067,2008-08-15,227750
2068,2008-08-16,227750
2069,2008-08-17,227750
2070,2008-08-18,227750
2071,2008-08-19,227750
2072,2008-08-20,242762
2073,2008-08-21,242762
2074,2008-08-22,242762
2075,2008-08-23,242762
2076,2008-08-24,242762
2077,2008-08-25,242762
2078,2008-08-26,242762
2079,2008-08-27,234737
2080,2008-08-28,234737
2081,2008-08-29,234737
2082,2008-08-30,234737
2083,2008-08-31,234737
2084,2008-09-01,234737
2085,2008-09-02,234737
2086,2008-09-03,238451
2087,2008-09-04,238451
2088,2008-09-05,238451
2089,2008-09-06,238451
2090,2008-09-07,238451
2091,2008-09-08,238451
2092,2008-09-09,238451
2093,2008-09-10,220370
2094,2008-09-11,220370
2095,2008-09-12,220370
2096,2008-09-13,220370
2097,2008-09-14,220370
2098,2008-09-15,220370
2099,2008-09-16,220370
2100,2008-09-17,249220
2101,2008-09-18,249220
2102,2008-09-19,249220
2103,2008-09-20,249220
2104,2008-09-21,249220
2105,2008-09-22,249220
2106,2008-09-23,249220
2107,2008-09-24,298338
2108,2008-09-25,298338
2109,2008-09-26,298338
2110,2008-09-27,298338
2111,2008-09-28,298338
2112,2008-09-29,298338
2113,2008-09-30,298338
2114,2008-10-01,302571
2115,2008-10-02,302571
2116,2008-10-03,302571
2117,2008-10-04,302571
2118,2008-10-05,302571
2119,2008-10-06,302571
2120,2008-10-07,302571
2121,2008-10-08,281745
2122,2008-10-09,281745
2123,2008-10-10,281745
2124,2008-10-11,281745
2125,2008-10-12,281745
2126,2008-10-13,281745
2127,2008-10-14,281745
2128,2008-10-15,335005
2129,2008-10-16,335005
2130,2008-10-17,335005
2131,2008-10-18,335005
2132,2008-10-19,335005
2133,2008-10-20,335005
2134,2008-10-21,335005
2135,2008-10-22,242960
2136,2008-10-23,242960
2137,2008-10-24,242960
2138,2008-10-25,242960
2139,2008-10-26,242960
2140,2008-10-27,242960
2141,2008-10-28,242960
2142,2008-10-29,330019
2143,2008-10-30,330019
2144,2008-10-31,330019
2145,2008-11-01,330019
2146,2008-11-02,330019
2147,2008-11-03,330019
2148,2008-11-04,330019
2149,2008-11-05,334794
2150,2008-11-06,334794
2151,2008-11-07,334794
2152,2008-11-08,334794
2153,2008-11-09,334794
2154,2008-11-10,334794
2155,2008-11-11,334794
2156,2008-11-12,341753
2157,2008-11-13,341753
2158,2008-11-14,341753
2159,2008-11-15,341753
2160,2008-11-16,341753
2161,2008-11-17,341753
2162,2008-11-18,341753
2163,2008-11-19,342962
2164,2008-11-20,342962
2165,2008-11-21,342962
2166,2008-11-22,342962
2167,2008-11-23,342962
2168,2008-11-24,342962
2169,2008-11-25,342962
2170,2008-11-26,344794
2171,2008-11-27,344794
2172,2008-11-28,344794
2173,2008-11-29,344794
2174,2008-11-30,344794
2175,2008-12-01,344794
2176,2008-12-02,344794
2177,2008-12-03,336436
2178,2008-12-04,336436
2179,2008-12-05,336436
2180,2008-12-06,336436
2181,2008-12-07,336436
2182,2008-12-08,336436
2183,2008-12-09,336436
2184,2008-12-10,336381
2185,2008-12-11,336381
2186,2008-12-12,336381
2187,2008-12-13,336381
2188,2008-12-14,336381
2189,2008-12-15,336381
2190,2008-12-16,336381
2191,2008-12-17,317866
2192,2008-12-18,317866
2193,2008-12-19,317866
2194,2008-12-20,317866
2195,2008-12-21,317866
2196,2008-12-22,317866
2197,2008-12-23,317866
2198,2008-12-24,338301
2199,2008-12-25,338301
2200,2008-12-26,338301
2201,2008-12-27,338301
2202,2008-12-28,338301
2203,2008-12-29,338301
2204,2008-12-30,338301
2205,2008-12-31,343198
2206,2009-01-01,343198
2207,2009-01-02,343198
2208,2009-01-03,343198
2209,2009-01-04,343198
2210,2009-01-05,343198
2211,2009-01-06,343198
2212,2009-01-07,359460
2213,2009-01-08,359460
2214,2009-01-09,359460
2215,2009-01-10,359460
2216,2009-01-11,359460
2217,2009-01-12,359460
2218,2009-01-13,359460
2219,2009-01-14,355305
2220,2009-01-15,355305
2221,2009-01-16,355305
2222,2009-01-17,355305
2223,2009-01-18,355305
2224,2009-01-19,355305
2225,2009-01-20,355305
2226,2009-01-21,376775
2227,2009-01-22,376775
2228,2009-01-23,376775
2229,2009-01-24,376775
2230,2009-01-25,376775
2231,2009-01-26,376775
2232,2009-01-27,376775
2233,2009-01-28,389694
2234,2009-01-29,389694
2235,2009-01-30,389694
2236,2009-01-31,389694
2237,2009-02-01,389694
2238,2009-02-02,389694
2239,2009-02-03,389694
2240,2009-02-04,395637
2241,2009-02-05,395637
2242,2009-02-06,395637
2243,2009-02-07,395637
2244,2009-02-08,395637
2245,2009-02-09,395637
2246,2009-02-10,395637
2247,2009-02-11,395352
2248,2009-02-12,395352
2249,2009-02-13,395352
2250,2009-02-14,395352
2251,2009-02-15,395352
2252,2009-02-16,395352
2253,2009-02-17,395352
2254,2009-02-18,336439
2255,2009-02-19,336439
2256,2009-02-20,336439
2257,2009-02-21,336439
2258,2009-02-22,336439
2259,2009-02-23,336439
2260,2009-02-24,336439
2261,2009-02-25,325900
2262,2009-02-26,325900
2263,2009-02-27,325900
2264,2009-02-28,325900
2265,2009-03-01,325900
2266,2009-03-02,325900
2267,2009-03-03,325900
2268,2009-03-04,332294
2269,2009-03-05,332294
2270,2009-03-06,332294
2271,2009-03-07,332294
2272,2009-03-08,332294
2273,2009-03-09,332294
2274,2009-03-10,332294
2275,2009-03-11,322881
2276,2009-03-12,322881
2277,2009-03-13,322881
2278,2009-03-14,322881
2279,2009-03-15,322881
2280,2009-03-16,322881
2281,2009-03-17,322881
2282,2009-03-18,150832
2283,2009-03-19,150832
2284,2009-03-20,150832
2285,2009-03-21,150832
2286,2009-03-22,150832
2287,2009-03-23,150832
2288,2009-03-24,150832
2289,2009-03-25,149483
2290,2009-03-26,149483
2291,2009-03-27,149483
2292,2009-03-28,149483
2293,2009-03-29,149483
2294,2009-03-30,149483
2295,2009-03-31,149483
2296,2009-04-01,130119
2297,2009-04-02,130119
2298,2009-04-03,130119
2299,2009-04-04,130119
2300,2009-04-05,130119
2301,2009-04-06,130119
2302,2009-04-07,130119
2303,2009-04-08,114139
2304,2009-04-09,114139
2305,2009-04-10,114139
2306,2009-04-11,114139
2307,2009-04-12,114139
2308,2009-04-13,114139
2309,2009-04-14,114139
2310,2009-04-15,0
2311,2009-04-16,0
2312,2009-04-17,0
2313,2009-04-18,0
2314,2009-04-19,0
2315,2009-04-20,0
2316,2009-04-21,0
2317,2009-04-22,0
2318,2009-04-23,0
2319,2009-04-24,0
2320,2009-04-25,0
2321,2009-04-26,0
2322,2009-04-27,0
2323,2009-04-28,0
2324,2009-04-29,0
2325,2009-04-30,0
2326,2009-05-01,0
2327,2009-05-02,0
2328,2009-05-03,0
2329,2009-05-04,0
2330,2009-05-05,0
2331,2009-05-06,0
2332,2009-05-07,0
2333,2009-05-08,0
2334,2009-05-09,0
2335,2009-05-10,0
2336,2009-05-11,0
2337,2009-05-12,0
2338,2009-05-13,0
2339,2009-05-14,0
2340,2009-05-15,0
2341,2009-05-16,0
2342,2009-05-17,0
2343,2009-05-18,0
2344,2009-05-19,0
2345,2009-05-20,0
2346,2009-05-21,0
2347,2009-05-22,0
2348,2009-05-23,0
2349,2009-05-24,0
2350,2009-05-25,0
2351,2009-05-26,0
2352,2009-05-27,0
2353,2009-05-28,0
2354,2009-05-29,0
2355,2009-05-30,0
2356,2009-05-31,0
2357,2009-06-01,0
2358,2009-06-02,0
2359,2009-06-03,0
2360,2009-06-04,0
2361,2009-06-05,0
2362,2009-06-06,0
2363,2009-06-07,0
2364,2009-06-08,0
2365,2009-06-09,0
2366,2009-06-10,0
2367,2009-06-11,0
2368,2009-06-12,0
2369,2009-06-13,0
2370,2009-06-14,0
2371,2009-06-15,0
2372,2009-06-16,0
2373,2009-06-17,0
2374,2009-06-18,0
2375,2009-06-19,0
2376,2009-06-20,0
2377,2009-06-21,0
2378,2009-06-22,0
2379,2009-06-23,0
2380,2009-06-24,0
2381,2009-06-25,0
2382,2009-06-26,0
2383,2009-06-27,0
2384,2009-06-28,0
2385,2009-06-29,0
2386,2009-06-30,0
2387,2009-07-01,0
2388,2009-07-02,0
2389,2009-07-03,0
2390,2009-07-04,0
2391,2009-07-05,0
2392,2009-07-06,0
2393,2009-07-07,0
2394,2009-07-08,0
2395,2009-07-09,0
2396,2009-07-10,0
2397,2009-07-11,0
2398,2009-07-12,0
2399,2009-07-13,0
2400,2009-07-14,0
2401,2009-07-15,0
2402,2009-07-16,0
2403,2009-07-17,0
2404,2009-07-18,0
2405,2009-07-19,0
2406,2009-07-20,0
2407,2009-07-21,0
2408,2009-07-22,0
2409,2009-07-23,0
2410,2009-07-24,0
2411,2009-07-25,0
2412,2009-07-26,0
2413,2009-07-27,0
2414,2009-07-28,0
2415,2009-07-29,0
2416,2009-07-30,0
2417,2009-07-31,0
2418,2009-08-01,0
2419,2009-08-02,0
2420,2009-08-03,0
2421,2009-08-04,0
2422,2009-08-05,0
2423,2009-08-06,0
2424,2009-08-07,0
2425,2009-08-08,0
2426,2009-08-09,0
2427,2009-08-10,0
2428,2009-08-11,0
2429,2009-08-12,0
2430,2009-08-13,0
2431,2009-08-14,0
2432,2009-08-15,0
2433,2009-08-16,0
2434,2009-08-17,0
2435,2009-08-18,0
2436,2009-08-19,0
2437,2009-08-20,0
2438,2009-08-21,0
2439,2009-08-22,0
2440,2009-08-23,0
2441,2009-08-24,0
2442,2009-08-25,0
2443,2009-08-26,0
2444,2009-08-27,0
2445,2009-08-28,0
2446,2009-08-29,0
2447,2009-08-30,0
2448,2009-08-31,0
2449,2009-09-01,0
2450,2009-09-02,0
2451,2009-09-03,0
2452,2009-09-04,0
2453,2009-09-05,0
2454,2009-09-06,0
2455,2009-09-07,0
2456,2009-09-08,0
2457,2009-09-09,0
2458,2009-09-10,0
2459,2009-09-11,0
2460,2009-09-12,0
2461,2009-09-13,0
2462,2009-09-14,0
2463,2009-09-15,0
2464,2009-09-16,0
2465,2009-09-17,0
2466,2009-09-18,0
2467,2009-09-19,0
2468,2009-09-20,0
2469,2009-09-21,0
2470,2009-09-22,0
2471,2009-09-23,0
2472,2009-09-24,0
2473,2009-09-25,0
2474,2009-09-26,0
2475,2009-09-27,0
2476,2009-09-28,0
2477,2009-09-29,0
2478,2009-09-30,0
2479,2009-10-01,0
2480,2009-10-02,0
2481,2009-10-03,0
2482,2009-10-04,0
2483,2009-10-05,0
2484,2009-10-06,0
2485,2009-10-07,0
2486,2009-10-08,0
2487,2009-10-09,0
2488,2009-10-10,0
2489,2009-10-11,0
2490,2009-10-12,0
2491,2009-10-13,0
2492,2009-10-14,0
2493,2009-10-15,0
2494,2009-10-16,0
2495,2009-10-17,0
2496,2009-10-18,0
2497,2009-10-19,0
2498,2009-10-20,0
2499,2009-10-21,0
2500,2009-10-22,0
2501,2009-10-23,0
2502,2009-10-24,0
2503,2009-10-25,0
2504,2009-10-26,0
2505,2009-10-27,0
2506,2009-10-28,0
2507,2009-10-29,0
2508,2009-10-30,0
2509,2009-10-31,0
2510,2009-11-01,0
2511,2009-11-02,0
2512,2009-11-03,0
2513,2009-11-04,0
2514,2009-11-05,0
2515,2009-11-06,0
2516,2009-11-07,0
2517,2009-11-08,0
2518,2009-11-09,0
2519,2009-11-10,0
2520,2009-11-11,0
2521,2009-11-12,0
2522,2009-11-13,0
2523,2009-11-14,0
2524,2009-11-15,0
2525,2009-11-16,0
2526,2009-11-17,0
2527,2009-11-18,0
2528,2009-11-19,0
2529,2009-11-20,0
2530,2009-11-21,0
2531,2009-11-22,0
2532,2009-11-23,0
2533,2009-11-24,0
2534,2009-11-25,0
2535,2009-11-26,0
2536,2009-11-27,0
2537,2009-11-28,0
2538,2009-11-29,0
2539,2009-11-30,0
2540,2009-12-01,0
2541,2009-12-02,0
2542,2009-12-03,0
2543,2009-12-04,0
2544,2009-12-05,0
2545,2009-12-06,0
2546,2009-12-07,0
2547,2009-12-08,0
2548,2009-12-09,0
2549,2009-12-10,0
2550,2009-12-11,0
2551,2009-12-12,0
2552,2009-12-13,0
2553,2009-12-14,0
2554,2009-12-15,0
2555,2009-12-16,0
2556,2009-12-17,0
2557,2009-12-18,0
2558,2009-12-19,0
2559,2009-12-20,0
2560,2009-12-21,0
2561,2009-12-22,0
2562,2009-12-23,0
2563,2009-12-24,0
2564,2009-12-25,0
2565,2009-12-26,0
2566,2009-12-27,0
2567,2009-12-28,0
2568,2009-12-29,0
2569,2009-12-30,0
2570,2009-12-31,0
2571,2010-01-01,0
2572,2010-01-02,0
2573,2010-01-03,0
2574,2010-01-04,0
2575,2010-01-05,0
2576,2010-01-06,0
2577,2010-01-07,0
2578,2010-01-08,0
2579,2010-01-09,0
2580,2010-01-10,0
2581,2010-01-11,0
2582,2010-01-12,0
2583,2010-01-13,0
2584,2010-01-14,0
2585,2010-01-15,0
2586,2010-01-16,0
2587,2010-01-17,0
2588,2010-01-18,0
2589,2010-01-19,0
2590,2010-01-20,0
2591,2010-01-21,0
2592,2010-01-22,0
2593,2010-01-23,0
2594,2010-01-24,0
2595,2010-01-25,0
2596,2010-01-26,0
2597,2010-01-27,0
2598,2010-01-28,0
2599,2010-01-29,0
2600,2010-01-30,0
2601,2010-01-31,0
2602,2010-02-01,0
2603,2010-02-02,0
2604,2010-02-03,0
2605,2010-02-04,0
2606,2010-02-05,0
2607,2010-02-06,0
2608,2010-02-07,0
2609,2010-02-08,0
2610,2010-02-09,0
2611,2010-02-10,0
2612,2010-02-11,0
2613,2010-02-12,0
2614,2010-02-13,0
2615,2010-02-14,0
2616,2010-02-15,0
2617,2010-02-16,0
2618,2010-02-17,0
2619,2010-02-18,0
2620,2010-02-19,0
2621,2010-02-20,0
2622,2010-02-21,0
2623,2010-02-22,0
2624,2010-02-23,0
2625,2010-02-24,0
2626,2010-02-25,0
2627,2010-02-26,0
2628,2010-02-27,0
2629,2010-02-28,0
2630,2010-03-01,0
2631,2010-03-02,0
2632,2010-03-03,0
2633,2010-03-04,0
2634,2010-03-05,0
2635,2010-03-06,0
2636,2010-03-07,0
2637,2010-03-08,0
2638,2010-03-09,0
2639,2010-03-10,0
2640,2010-03-11,0
2641,2010-03-12,0
2642,2010-03-13,0
2643,2010-03-14,0
2644,2010-03-15,0
2645,2010-03-16,0
2646,2010-03-17,0
2647,2010-03-18,0
2648,2010-03-19,0
2649,2010-03-20,0
2650,2010-03-21,0
2651,2010-03-22,0
2652,2010-03-23,0
2653,2010-03-24,0
2654,2010-03-25,0
2655,2010-03-26,0
2656,2010-03-27,0
2657,2010-03-28,0
2658,2010-03-29,0
2659,2010-03-30,0
2660,2010-03-31,0
2661,2010-04-01,0
2662,2010-04-02,0
2663,2010-04-03,0
2664,2010-04-04,0
2665,2010-04-05,0
2666,2010-04-06,0
2667,2010-04-07,0
2668,2010-04-08,0
2669,2010-04-09,0
2670,2010-04-10,0
2671,2010-04-11,0
2672,2010-04-12,0
2673,2010-04-13,0
2674,2010-04-14,0
2675,2010-04-15,0
2676,2010-04-16,0
2677,2010-04-17,0
2678,2010-04-18,0
2679,2010-04-19,0
2680,2010-04-20,0
2681,2010-04-21,0
2682,2010-04-22,0
2683,2010-04-23,0
2684,2010-04-24,0
2685,2010-04-25,0
2686,2010-04-26,0
2687,2010-04-27,0
2688,2010-04-28,0
2689,2010-04-29,0
2690,2010-04-30,0
2691,2010-05-01,0
2692,2010-05-02,0
2693,2010-05-03,0
2694,2010-05-04,0
2695,2010-05-05,0
2696,2010-05-06,0
2697,2010-05-07,0
2698,2010-05-08,0
2699,2010-05-09,0
2700,2010-05-10,0
2701,2010-05-11,0
2702,2010-05-12,0
2703,2010-05-13,0
2704,2010-05-14,0
2705,2010-05-15,0
2706,2010-05-16,0
2707,2010-05-17,0
2708,2010-05-18,0
2709,2010-05-19,0
2710,2010-05-20,0
2711,2010-05-21,0
2712,2010-05-22,0
2713,2010-05-23,0
2714,2010-05-24,0
2715,2010-05-25,0
2716,2010-05-26,0
2717,2010-05-27,0
2718,2010-05-28,0
2719,2010-05-29,0
2720,2010-05-30,0
2721,2010-05-31,0
2722,2010-06-01,0
2723,2010-06-02,0
2724,2010-06-03,0
2725,2010-06-04,0
2726,2010-06-05,0
2727,2010-06-06,0
2728,2010-06-07,0
2729,2010-06-08,0
2730,2010-06-09,0
2731,2010-06-10,0
2732,2010-06-11,0
2733,2010-06-12,0
2734,2010-06-13,0
2735,2010-06-14,0
2736,2010-06-15,0
2737,2010-06-16,0
2738,2010-06-17,0
2739,2010-06-18,0
2740,2010-06-19,0
2741,2010-06-20,0
2742,2010-06-21,0
2743,2010-06-22,0
2744,2010-06-23,0
2745,2010-06-24,0
2746,2010-06-25,0
2747,2010-06-26,0
2748,2010-06-27,0
2749,2010-06-28,0
2750,2010-06-29,0
2751,2010-06-30,0
2752,2010-07-01,0
2753,2010-07-02,0
2754,2010-07-03,0
2755,2010-07-04,0
2756,2010-07-05,0
2757,2010-07-06,0
2758,2010-07-07,0
2759,2010-07-08,0
2760,2010-07-09,0
2761,2010-07-10,0
2762,2010-07-11,0
2763,2010-07-12,0
2764,2010-07-13,0
2765,2010-07-14,0
2766,2010-07-15,0
2767,2010-07-16,0
2768,2010-07-17,0
2769,2010-07-18,0
2770,2010-07-19,0
2771,2010-07-20,0
2772,2010-07-21,0
2773,2010-07-22,0
2774,2010-07-23,0
2775,2010-07-24,0
2776,2010-07-25,0
2777,2010-07-26,0
2778,2010-07-27,0
2779,2010-07-28,0
2780,2010-07-29,0
2781,2010-07-30,0
2782,2010-07-31,0
2783,2010-08-01,0
2784,2010-08-02,0
2785,2010-08-03,0
2786,2010-08-04,0
2787,2010-08-05,0
2788,2010-08-06,0
2789,2010-08-07,0
2790,2010-08-08,0
2791,2010-08-09,0
2792,2010-08-10,0
2793,2010-08-11,0
2794,2010-08-12,0
2795,2010-08-13,0
2796,2010-08-14,0
2797,2010-08-15,0
2798,2010-08-16,0
2799,2010-08-17,0
2800,2010-08-18,0
2801,2010-08-19,0
2802,2010-08-20,0
2803,2010-08-21,0
2804,2010-08-22,0
2805,2010-08-23,0
2806,2010-08-24,0
2807,2010-08-25,0
2808,2010-08-26,0
2809,2010-08-27,0
2810,2010-08-28,0
2811,2010-08-29,0
2812,2010-08-30,0
2813,2010-08-31,0
2814,2010-09-01,0
2815,2010-09-02,0
2816,2010-09-03,0
2817,2010-09-04,0
2818,2010-09-05,0
2819,2010-09-06,0
2820,2010-09-07,0
2821,2010-09-08,0
2822,2010-09-09,0
2823,2010-09-10,0
2824,2010-09-11,0
2825,2010-09-12,0
2826,2010-09-13,0
2827,2010-09-14,0
2828,2010-09-15,0
2829,2010-09-16,0
2830,2010-09-17,0
2831,2010-09-18,0
2832,2010-09-19,0
2833,2010-09-20,0
2834,2010-09-21,0
2835,2010-09-22,0
2836,2010-09-23,0
2837,2010-09-24,0
2838,2010-09-25,0
2839,2010-09-26,0
2840,2010-09-27,0
2841,2010-09-28,0
2842,2010-09-29,0
2843,2010-09-30,0
2844,2010-10-01,0
2845,2010-10-02,0
2846,2010-10-03,0
2847,2010-10-04,0
2848,2010-10-05,0
2849,2010-10-06,0
2850,2010-10-07,0
2851,2010-10-08,0
2852,2010-10-09,0
2853,2010-10-10,0
2854,2010-10-11,0
2855,2010-10-12,0
2856,2010-10-13,0
2857,2010-10-14,0
2858,2010-10-15,0
2859,2010-10-16,0
2860,2010-10-17,0
2861,2010-10-18,0
2862,2010-10-19,0
2863,2010-10-20,0
2864,2010-10-21,0
2865,2010-10-22,0
2866,2010-10-23,0
2867,2010-10-24,0
2868,2010-10-25,0
2869,2010-10-26,0
2870,2010-10-27,0
2871,2010-10-28,0
2872,2010-10-29,0
2873,2010-10-30,0
2874,2010-10-31,0
2875,2010-11-01,0
2876,2010-11-02,0
2877,2010-11-03,0
2878,2010-11-04,0
2879,2010-11-05,0
2880,2010-11-06,0
2881,2010-11-07,0
2882,2010-11-08,0
2883,2010-11-09,0
2884,2010-11-10,0
2885,2010-11-11,0
2886,2010-11-12,0
2887,2010-11-13,0
2888,2010-11-14,0
2889,2010-11-15,0
2890,2010-11-16,0
2891,2010-11-17,0
2892,2010-11-18,0
2893,2010-11-19,0
2894,2010-11-20,0
2895,2010-11-21,0
2896,2010-11-22,0
2897,2010-11-23,0
2898,2010-11-24,0
2899,2010-11-25,0
2900,2010-11-26,0
2901,2010-11-27,0
2902,2010-11-28,0
2903,2010-11-29,0
2904,2010-11-30,0
2905,2010-12-01,0
2906,2010-12-02,0
2907,2010-12-03,0
2908,2010-12-04,0
2909,2010-12-05,0
2910,2010-12-06,0
2911,2010-12-07,0
2912,2010-12-08,0
2913,2010-12-09,0
2914,2010-12-10,0
2915,2010-12-11,0
2916,2010-12-12,0
2917,2010-12-13,0
2918,2010-12-14,0
2919,2010-12-15,0
2920,2010-12-16,0
2921,2010-12-17,0
2922,2010-12-18,0
2923,2010-12-19,0
2924,2010-12-20,0
2925,2010-12-21,0
2926,2010-12-22,0
2927,2010-12-23,0
2928,2010-12-24,0
2929,2010-12-25,0
2930,2010-12-26,0
2931,2010-12-27,0
2932,2010-12-28,0
2933,2010-12-29,0
2934,2010-12-30,0
2935,2010-12-31,0
2936,2011-01-01,0
2937,2011-01-02,0
2938,2011-01-03,0
2939,2011-01-04,0
2940,2011-01-05,0
2941,2011-01-06,0
2942,2011-01-07,0
2943,2011-01-08,0
2944,2011-01-09,0
2945,2011-01-10,0
2946,2011-01-11,0
2947,2011-01-12,0
2948,2011-01-13,0
2949,2011-01-14,0
2950,2011-01-15,0
2951,2011-01-16,0
2952,2011-01-17,0
2953,2011-01-18,0
2954,2011-01-19,0
2955,2011-01-20,0
2956,2011-01-21,0
2957,2011-01-22,0
2958,2011-01-23,0
2959,2011-01-24,0
2960,2011-01-25,0
2961,2011-01-26,0
2962,2011-01-27,0
2963,2011-01-28,0
2964,2011-01-29,0
2965,2011-01-30,0
2966,2011-01-31,0
2967,2011-02-01,0
2968,2011-02-02,0
2969,2011-02-03,0
2970,2011-02-04,0
2971,2011-02-05,0
2972,2011-02-06,0
2973,2011-02-07,0
2974,2011-02-08,0
2975,2011-02-09,0
2976,2011-02-10,0
2977,2011-02-11,0
2978,2011-02-12,0
2979,2011-02-13,0
2980,2011-02-14,0
2981,2011-02-15,0
2982,2011-02-16,0
2983,2011-02-17,0
2984,2011-02-18,0
2985,2011-02-19,0
2986,2011-02-20,0
2987,2011-02-21,0
2988,2011-02-22,0
2989,2011-02-23,0
2990,2011-02-24,0
2991,2011-02-25,0
2992,2011-02-26,0
2993,2011-02-27,0
2994,2011-02-28,0
2995,2011-03-01,0
2996,2011-03-02,0
2997,2011-03-03,0
2998,2011-03-04,0
2999,2011-03-05,0
3000,2011-03-06,0
3001,2011-03-07,0
3002,2011-03-08,0
3003,2011-03-09,0
3004,2011-03-10,0
3005,2011-03-11,0
3006,2011-03-12,0
3007,2011-03-13,0
3008,2011-03-14,0
3009,2011-03-15,0
3010,2011-03-16,0
3011,2011-03-17,0
3012,2011-03-18,0
3013,2011-03-19,0
3014,2011-03-20,0
3015,2011-03-21,0
3016,2011-03-22,0
3017,2011-03-23,0
3018,2011-03-24,0
3019,2011-03-25,0
3020,2011-03-26,0
3021,2011-03-27,0
3022,2011-03-28,0
3023,2011-03-29,0
3024,2011-03-30,0
3025,2011-03-31,0
3026,2011-04-01,0
3027,2011-04-02,0
3028,2011-04-03,0
3029,2011-04-04,0
3030,2011-04-05,0
3031,2011-04-06,0
3032,2011-04-07,0
3033,2011-04-08,0
3034,2011-04-09,0
3035,2011-04-10,0
3036,2011-04-11,0
3037,2011-04-12,0
3038,2011-04-13,0
3039,2011-04-14,0
3040,2011-04-15,0
3041,2011-04-16,0
3042,2011-04-17,0
3043,2011-04-18,0
3044,2011-04-19,0
3045,2011-04-20,0
3046,2011-04-21,0
3047,2011-04-22,0
3048,2011-04-23,0
3049,2011-04-24,0
3050,2011-04-25,0
3051,2011-04-26,0
3052,2011-04-27,0
3053,2011-04-28,0
3054,2011-04-29,0
3055,2011-04-30,0
3056,2011-05-01,0
3057,2011-05-02,0
3058,2011-05-03,0
3059,2011-05-04,0
3060,2011-05-05,0
3061,2011-05-06,0
3062,2011-05-07,0
3063,2011-05-08,0
3064,2011-05-09,0
3065,2011-05-10,0
3066,2011-05-11,0
3067,2011-05-12,0
3068,2011-05-13,0
3069,2011-05-14,0
3070,2011-05-15,0
3071,2011-05-16,0
3072,2011-05-17,0
3073,2011-05-18,0
3074,2011-05-19,0
3075,2011-05-20,0
3076,2011-05-21,0
3077,2011-05-22,0
3078,2011-05-23,0
3079,2011-05-24,0
3080,2011-05-25,0
3081,2011-05-26,0
3082,2011-05-27,0
3083,2011-05-28,0
3084,2011-05-29,0
3085,2011-05-30,0
3086,2011-05-31,0
3087,2011-06-01,0
3088,2011-06-02,0
3089,2011-06-03,0
3090,2011-06-04,0
3091,2011-06-05,0
3092,2011-06-06,0
3093,2011-06-07,0
3094,2011-06-08,0
3095,2011-06-09,0
3096,2011-06-10,0
3097,2011-06-11,0
3098,2011-06-12,0
3099,2011-06-13,0
3100,2011-06-14,0
3101,2011-06-15,0
3102,2011-06-16,0
3103,2011-06-17,0
3104,2011-06-18,0
3105,2011-06-19,0
3106,2011-06-20,0
3107,2011-06-21,0
3108,2011-06-22,0
3109,2011-06-23,0
3110,2011-06-24,0
3111,2011-06-25,0
3112,2011-06-26,0
3113,2011-06-27,0
3114,2011-06-28,0
3115,2011-06-29,0
3116,2011-06-30,0
3117,2011-07-01,0
3118,2011-07-02,0
3119,2011-07-03,0
3120,2011-07-04,0
3121,2011-07-05,0
3122,2011-07-06,0
3123,2011-07-07,0
3124,2011-07-08,0
3125,2011-07-09,0
3126,2011-07-10,0
3127,2011-07-11,0
3128,2011-07-12,0
3129,2011-07-13,0
3130,2011-07-14,0
3131,2011-07-15,0
3132,2011-07-16,0
3133,2011-07-17,0
3134,2011-07-18,0
3135,2011-07-19,0
3136,2011-07-20,0
3137,2011-07-21,0
3138,2011-07-22,0
3139,2011-07-23,0
3140,2011-07-24,0
3141,2011-07-25,0
3142,2011-07-26,0
3143,2011-07-27,0
3144,2011-07-28,0
3145,2011-07-29,0
3146,2011-07-30,0
3147,2011-07-31,0
3148,2011-08-01,0
3149,2011-08-02,0
3150,2011-08-03,0
3151,2011-08-04,0
3152,2011-08-05,0
3153,2011-08-06,0
3154,2011-08-07,0
3155,2011-08-08,0
3156,2011-08-09,0
3157,2011-08-10,0
3158,2011-08-11,0
3159,2011-08-12,0
3160,2011-08-13,0
3161,2011-08-14,0
3162,2011-08-15,0
3163,2011-08-16,0
3164,2011-08-17,0
3165,2011-08-18,0
3166,2011-08-19,0
3167,2011-08-20,0
3168,2011-08-21,0
3169,2011-08-22,0
3170,2011-08-23,0
3171,2011-08-24,0
3172,2011-08-25,0
3173,2011-08-26,0
3174,2011-08-27,0
3175,2011-08-28,0
3176,2011-08-29,0
3177,2011-08-30,0
3178,2011-08-31,0
3179,2011-09-01,0
3180,2011-09-02,0
3181,2011-09-03,0
3182,2011-09-04,0
3183,2011-09-05,0
3184,2011-09-06,0
3185,2011-09-07,0
3186,2011-09-08,0
3187,2011-09-09,0
3188,2011-09-10,0
3189,2011-09-11,0
3190,2011-09-12,0
3191,2011-09-13,0
3192,2011-09-14,0
3193,2011-09-15,0
3194,2011-09-16,0
3195,2011-09-17,0
3196,2011-09-18,0
3197,2011-09-19,0
3198,2011-09-20,0
3199,2011-09-21,0
3200,2011-09-22,0
3201,2011-09-23,0
3202,2011-09-24,0
3203,2011-09-25,0
3204,2011-09-26,0
3205,2011-09-27,0
3206,2011-09-28,0
3207,2011-09-29,0
3208,2011-09-30,0
3209,2011-10-01,0
3210,2011-10-02,0
3211,2011-10-03,0
3212,2011-10-04,0
3213,2011-10-05,0
3214,2011-10-06,0
3215,2011-10-07,0
3216,2011-10-08,0
3217,2011-10-09,0
3218,2011-10-10,0
3219,2011-10-11,0
3220,2011-10-12,0
3221,2011-10-13,0
3222,2011-10-14,0
3223,2011-10-15,0
3224,2011-10-16,0
3225,2011-10-17,0
3226,2011-10-18,0
3227,2011-10-19,0
3228,2011-10-20,0
3229,2011-10-21,0
3230,2011-10-22,0
3231,2011-10-23,0
3232,2011-10-24,0
3233,2011-10-25,0
3234,2011-10-26,0
3235,2011-10-27,0
3236,2011-10-28,0
3237,2011-10-29,0
3238,2011-10-30,0
3239,2011-10-31,0
3240,2011-11-01,0
3241,2011-11-02,0
3242,2011-11-03,0
3243,2011-11-04,0
3244,2011-11-05,0
3245,2011-11-06,0
3246,2011-11-07,0
3247,2011-11-08,0
3248,2011-11-09,0
3249,2011-11-10,0
3250,2011-11-11,0
3251,2011-11-12,0
3252,2011-11-13,0
3253,2011-11-14,0
3254,2011-11-15,0
3255,2011-11-16,0
3256,2011-11-17,0
3257,2011-11-18,0
3258,2011-11-19,0
3259,2011-11-20,0
3260,2011-11-21,0
3261,2011-11-22,0
3262,2011-11-23,0
3263,2011-11-24,0
3264,2011-11-25,0
3265,2011-11-26,0
3266,2011-11-27,0
3267,2011-11-28,0
3268,2011-11-29,0
3269,2011-11-30,0
3270,2011-12-01,0
3271,2011-12-02,0
3272,2011-12-03,0
3273,2011-12-04,0
3274,2011-12-05,0
3275,2011-12-06,0
3276,2011-12-07,0
3277,2011-12-08,0
3278,2011-12-09,0
3279,2011-12-10,0
3280,2011-12-11,0
3281,2011-12-12,0
3282,2011-12-13,0
3283,2011-12-14,0
3284,2011-12-15,0
3285,2011-12-16,0
3286,2011-12-17,0
3287,2011-12-18,0
3288,2011-12-19,0
3289,2011-12-20,0
3290,2011-12-21,0
3291,2011-12-22,0
3292,2011-12-23,0
3293,2011-12-24,0
3294,2011-12-25,0
3295,2011-12-26,0
3296,2011-12-27,0
3297,2011-12-28,0
3298,2011-12-29,0
3299,2011-12-30,0
3300,2011-12-31,0
3301,2012-01-01,0
3302,2012-01-02,0
3303,2012-01-03,0
3304,2012-01-04,0
3305,2012-01-05,0
3306,2012-01-06,0
3307,2012-01-07,0
3308,2012-01-08,0
3309,2012-01-09,0
3310,2012-01-10,0
3311,2012-01-11,0
3312,2012-01-12,0
3313,2012-01-13,0
3314,2012-01-14,0
3315,2012-01-15,0
3316,2012-01-16,0
3317,2012-01-17,0
3318,2012-01-18,0
3319,2012-01-19,0
3320,2012-01-20,0
3321,2012-01-21,0
3322,2012-01-22,0
3323,2012-01-23,0
3324,2012-01-24,0
3325,2012-01-25,0
3326,2012-01-26,0
3327,2012-01-27,0
3328,2012-01-28,0
3329,2012-01-29,0
3330,2012-01-30,0
3331,2012-01-31,0
3332,2012-02-01,0
3333,2012-02-02,0
3334,2012-02-03,0
3335,2012-02-04,0
3336,2012-02-05,0
3337,2012-02-06,0
3338,2012-02-07,0
3339,2012-02-08,0
3340,2012-02-09,0
3341,2012-02-10,0
3342,2012-02-11,0
3343,2012-02-12,0
3344,2012-02-13,0
3345,2012-02-14,0
3346,2012-02-15,0
3347,2012-02-16,0
3348,2012-02-17,0
3349,2012-02-18,0
3350,2012-02-19,0
3351,2012-02-20,0
3352,2012-02-21,0
3353,2012-02-22,0
3354,2012-02-23,0
3355,2012-02-24,0
3356,2012-02-25,0
3357,2012-02-26,0
3358,2012-02-27,0
3359,2012-02-28,0
3360,2012-02-29,0
3361,2012-03-01,0
3362,2012-03-02,0
3363,2012-03-03,0
3364,2012-03-04,0
3365,2012-03-05,0
3366,2012-03-06,0
3367,2012-03-07,0
3368,2012-03-08,0
3369,2012-03-09,0
3370,2012-03-10,0
3371,2012-03-11,0
3372,2012-03-12,0
3373,2012-03-13,0
3374,2012-03-14,0
3375,2012-03-15,0
3376,2012-03-16,0
3377,2012-03-17,0
3378,2012-03-18,0
3379,2012-03-19,0
3380,2012-03-20,0
3381,2012-03-21,0
3382,2012-03-22,0
3383,2012-03-23,0
3384,2012-03-24,0
3385,2012-03-25,0
3386,2012-03-26,0
3387,2012-03-27,0
3388,2012-03-28,0
3389,2012-03-29,0
3390,2012-03-30,0
3391,2012-03-31,0
3392,2012-04-01,0
3393,2012-04-02,0
3394,2012-04-03,0
3395,2012-04-04,0
3396,2012-04-05,0
3397,2012-04-06,0
3398,2012-04-07,0
3399,2012-04-08,0
3400,2012-04-09,0
3401,2012-04-10,0
3402,2012-04-11,0
3403,2012-04-12,0
3404,2012-04-13,0
3405,2012-04-14,0
3406,2012-04-15,0
3407,2012-04-16,0
3408,2012-04-17,0
3409,2012-04-18,0
3410,2012-04-19,0
3411,2012-04-20,0
3412,2012-04-21,0
3413,2012-04-22,0
3414,2012-04-23,0
3415,2012-04-24,0
3416,2012-04-25,0
3417,2012-04-26,0
3418,2012-04-27,0
3419,2012-04-28,0
3420,2012-04-29,0
3421,2012-04-30,0
3422,2012-05-01,0
3423,2012-05-02,0
3424,2012-05-03,0
3425,2012-05-04,0
3426,2012-05-05,0
3427,2012-05-06,0
3428,2012-05-07,0
3429,2012-05-08,0
3430,2012-05-09,0
3431,2012-05-10,0
3432,2012-05-11,0
3433,2012-05-12,0
3434,2012-05-13,0
3435,2012-05-14,0
3436,2012-05-15,0
3437,2012-05-16,0
3438,2012-05-17,0
3439,2012-05-18,0
3440,2012-05-19,0
3441,2012-05-20,0
3442,2012-05-21,0
3443,2012-05-22,0
3444,2012-05-23,0
3445,2012-05-24,0
3446,2012-05-25,0
3447,2012-05-26,0
3448,2012-05-27,0
3449,2012-05-28,0
3450,2012-05-29,0
3451,2012-05-30,0
3452,2012-05-31,0
3453,2012-06-01,0
3454,2012-06-02,0
3455,2012-06-03,0
3456,2012-06-04,0
3457,2012-06-05,0
3458,2012-06-06,0
3459,2012-06-07,0
3460,2012-06-08,0
3461,2012-06-09,0
3462,2012-06-10,0
3463,2012-06-11,0
3464,2012-06-12,0
3465,2012-06-13,0
3466,2012-06-14,0
3467,2012-06-15,0
3468,2012-06-16,0
3469,2012-06-17,0
3470,2012-06-18,0
3471,2012-06-19,0
3472,2012-06-20,0
3473,2012-06-21,0
3474,2012-06-22,0
3475,2012-06-23,0
3476,2012-06-24,0
3477,2012-06-25,0
3478,2012-06-26,0
3479,2012-06-27,0
3480,2012-06-28,0
3481,2012-06-29,0
3482,2012-06-30,0
3483,2012-07-01,0
3484,2012-07-02,0
3485,2012-07-03,0
3486,2012-07-04,0
3487,2012-07-05,0
3488,2012-07-06,0
3489,2012-07-07,0
3490,2012-07-08,0
3491,2012-07-09,0
3492,2012-07-10,0
3493,2012-07-11,0
3494,2012-07-12,0
3495,2012-07-13,0
3496,2012-07-14,0
3497,2012-07-15,0
3498,2012-07-16,0
3499,2012-07-17,0
3500,2012-07-18,0
3501,2012-07-19,0
3502,2012-07-20,0
3503,2012-07-21,0
3504,2012-07-22,0
3505,2012-07-23,0
3506,2012-07-24,0
3507,2012-07-25,0
3508,2012-07-26,0
3509,2012-07-27,0
3510,2012-07-28,0
3511,2012-07-29,0
3512,2012-07-30,0
3513,2012-07-31,0
3514,2012-08-01,0
3515,2012-08-02,0
3516,2012-08-03,0
3517,2012-08-04,0
3518,2012-08-05,0
3519,2012-08-06,0
3520,2012-08-07,0
3521,2012-08-08,0
3522,2012-08-09,0
3523,2012-08-10,0
3524,2012-08-11,0
3525,2012-08-12,0
3526,2012-08-13,0
3527,2012-08-14,0
3528,2012-08-15,0
3529,2012-08-16,0
3530,2012-08-17,0
3531,2012-08-18,0
3532,2012-08-19,0
3533,2012-08-20,0
3534,2012-08-21,0
3535,2012-08-22,0
3536,2012-08-23,0
3537,2012-08-24,0
3538,2012-08-25,0
3539,2012-08-26,0
3540,2012-08-27,0
3541,2012-08-28,0
3542,2012-08-29,0
3543,2012-08-30,0
3544,2012-08-31,0
3545,2012-09-01,0
3546,2012-09-02,0
3547,2012-09-03,0
3548,2012-09-04,0
3549,2012-09-05,0
3550,2012-09-06,0
3551,2012-09-07,0
3552,2012-09-08,0
3553,2012-09-09,0
3554,2012-09-10,0
3555,2012-09-11,0
3556,2012-09-12,0
3557,2012-09-13,0
3558,2012-09-14,0
3559,2012-09-15,0
3560,2012-09-16,0
3561,2012-09-17,0
3562,2012-09-18,0
3563,2012-09-19,0
3564,2012-09-20,0
3565,2012-09-21,0
3566,2012-09-22,0
3567,2012-09-23,0
3568,2012-09-24,0
3569,2012-09-25,0
3570,2012-09-26,0
3571,2012-09-27,0
3572,2012-09-28,0
3573,2012-09-29,0
3574,2012-09-30,0
3575,2012-10-01,0
3576,2012-10-02,0
3577,2012-10-03,0
3578,2012-10-04,0
3579,2012-10-05,0
3580,2012-10-06,0
3581,2012-10-07,0
3582,2012-10-08,0
3583,2012-10-09,0
3584,2012-10-10,0
3585,2012-10-11,0
3586,2012-10-12,0
3587,2012-10-13,0
3588,2012-10-14,0
3589,2012-10-15,0
3590,2012-10-16,0
3591,2012-10-17,0
3592,2012-10-18,0
3593,2012-10-19,0
3594,2012-10-20,0
3595,2012-10-21,0
3596,2012-10-22,0
3597,2012-10-23,0
3598,2012-10-24,0
3599,2012-10-25,0
3600,2012-10-26,0
3601,2012-10-27,0
3602,2012-10-28,0
3603,2012-10-29,0
3604,2012-10-30,0
3605,2012-10-31,0
3606,2012-11-01,0
3607,2012-11-02,0
3608,2012-11-03,0
3609,2012-11-04,0
3610,2012-11-05,0
3611,2012-11-06,0
3612,2012-11-07,0
3613,2012-11-08,0
3614,2012-11-09,0
3615,2012-11-10,0
3616,2012-11-11,0
3617,2012-11-12,0
3618,2012-11-13,0
3619,2012-11-14,0
3620,2012-11-15,0
3621,2012-11-16,0
3622,2012-11-17,0
3623,2012-11-18,0
3624,2012-11-19,0
3625,2012-11-20,0
3626,2012-11-21,0
3627,2012-11-22,0
3628,2012-11-23,0
3629,2012-11-24,0
3630,2012-11-25,0
3631,2012-11-26,0
3632,2012-11-27,0
3633,2012-11-28,0
3634,2012-11-29,0
3635,2012-11-30,0
3636,2012-12-01,0
3637,2012-12-02,0
3638,2012-12-03,0
3639,2012-12-04,0
3640,2012-12-05,0
3641,2012-12-06,0
3642,2012-12-07,0
3643,2012-12-08,0
3644,2012-12-09,0
3645,2012-12-10,0
3646,2012-12-11,0
3647,2012-12-12,0
3648,2012-12-13,0
3649,2012-12-14,0
3650,2012-12-15,0
3651,2012-12-16,0
3652,2012-12-17,0
3653,2012-12-18,0
3654,2012-12-19,0
3655,2012-12-20,0
3656,2012-12-21,0
3657,2012-12-22,0
3658,2012-12-23,0
3659,2012-12-24,0
3660,2012-12-25,0
3661,2012-12-26,0
3662,2012-12-27,0
3663,2012-12-28,0
3664,2012-12-29,0
3665,2012-12-30,0
3666,2012-12-31,0
3667,2013-01-01,0
3668,2013-01-02,0
3669,2013-01-03,0
3670,2013-01-04,0
3671,2013-01-05,0
3672,2013-01-06,0
3673,2013-01-07,0
3674,2013-01-08,0
3675,2013-01-09,0
3676,2013-01-10,0
3677,2013-01-11,0
3678,2013-01-12,0
3679,2013-01-13,0
3680,2013-01-14,0
3681,2013-01-15,0
3682,2013-01-16,0
3683,2013-01-17,0
3684,2013-01-18,0
3685,2013-01-19,0
3686,2013-01-20,0
3687,2013-01-21,0
3688,2013-01-22,0
3689,2013-01-23,0
3690,2013-01-24,0
3691,2013-01-25,0
3692,2013-01-26,0
3693,2013-01-27,0
3694,2013-01-28,0
3695,2013-01-29,0
3696,2013-01-30,0
3697,2013-01-31,0
3698,2013-02-01,0
3699,2013-02-02,0
3700,2013-02-03,0
3701,2013-02-04,0
3702,2013-02-05,0
3703,2013-02-06,0
3704,2013-02-07,0
3705,2013-02-08,0
3706,2013-02-09,0
3707,2013-02-10,0
3708,2013-02-11,0
3709,2013-02-12,0
3710,2013-02-13,0
3711,2013-02-14,0
3712,2013-02-15,0
3713,2013-02-16,0
3714,2013-02-17,0
3715,2013-02-18,0
3716,2013-02-19,0
3717,2013-02-20,0
3718,2013-02-21,0
3719,2013-02-22,0
3720,2013-02-23,0
3721,2013-02-24,0
3722,2013-02-25,0
3723,2013-02-26,0
3724,2013-02-27,0
3725,2013-02-28,0
3726,2013-03-01,0
3727,2013-03-02,0
3728,2013-03-03,0
3729,2013-03-04,0
3730,2013-03-05,0
3731,2013-03-06,0
3732,2013-03-07,0
3733,2013-03-08,0
3734,2013-03-09,0
3735,2013-03-10,0
3736,2013-03-11,0
3737,2013-03-12,0
3738,2013-03-13,0
3739,2013-03-14,0
3740,2013-03-15,0
3741,2013-03-16,0
3742,2013-03-17,0
3743,2013-03-18,0
3744,2013-03-19,0
3745,2013-03-20,0
3746,2013-03-21,0
3747,2013-03-22,0
3748,2013-03-23,0
3749,2013-03-24,0
3750,2013-03-25,0
3751,2013-03-26,0
3752,2013-03-27,0
3753,2013-03-28,0
3754,2013-03-29,0
3755,2013-03-30,0
3756,2013-03-31,0
3757,2013-04-01,0
3758,2013-04-02,0
3759,2013-04-03,0
3760,2013-04-04,0
3761,2013-04-05,0
3762,2013-04-06,0
3763,2013-04-07,0
3764,2013-04-08,0
3765,2013-04-09,0
3766,2013-04-10,0
3767,2013-04-11,0
3768,2013-04-12,0
3769,2013-04-13,0
3770,2013-04-14,0
3771,2013-04-15,0
3772,2013-04-16,0
3773,2013-04-17,0
3774,2013-04-18,0
3775,2013-04-19,0
3776,2013-04-20,0
3777,2013-04-21,0
3778,2013-04-22,0
3779,2013-04-23,0
3780,2013-04-24,0
3781,2013-04-25,0
3782,2013-04-26,0
3783,2013-04-27,0
3784,2013-04-28,0
3785,2013-04-29,0
3786,2013-04-30,0
3787,2013-05-01,0
3788,2013-05-02,0
3789,2013-05-03,0
3790,2013-05-04,0
3791,2013-05-05,0
3792,2013-05-06,0
3793,2013-05-07,0
3794,2013-05-08,0
3795,2013-05-09,0
3796,2013-05-10,0
3797,2013-05-11,0
3798,2013-05-12,0
3799,2013-05-13,0
3800,2013-05-14,0
3801,2013-05-15,0
3802,2013-05-16,0
3803,2013-05-17,0
3804,2013-05-18,0
3805,2013-05-19,0
3806,2013-05-20,0
3807,2013-05-21,0
3808,2013-05-22,0
3809,2013-05-23,0
3810,2013-05-24,0
3811,2013-05-25,0
3812,2013-05-26,0
3813,2013-05-27,0
3814,2013-05-28,0
3815,2013-05-29,0
3816,2013-05-30,0
3817,2013-05-31,0
3818,2013-06-01,0
3819,2013-06-02,0
3820,2013-06-03,0
3821,2013-06-04,0
3822,2013-06-05,0
3823,2013-06-06,0
3824,2013-06-07,0
3825,2013-06-08,0
3826,2013-06-09,0
3827,2013-06-10,0
3828,2013-06-11,0
3829,2013-06-12,0
3830,2013-06-13,0
3831,2013-06-14,0
3832,2013-06-15,0
3833,2013-06-16,0
3834,2013-06-17,0
3835,2013-06-18,0
3836,2013-06-19,0
3837,2013-06-20,0
3838,2013-06-21,0
3839,2013-06-22,0
3840,2013-06-23,0
3841,2013-06-24,0
3842,2013-06-25,0
3843,2013-06-26,0
3844,2013-06-27,0
3845,2013-06-28,0
3846,2013-06-29,0
3847,2013-06-30,0
3848,2013-07-01,0
3849,2013-07-02,0
3850,2013-07-03,0
3851,2013-07-04,0
3852,2013-07-05,0
3853,2013-07-06,0
3854,2013-07-07,0
3855,2013-07-08,0
3856,2013-07-09,0
3857,2013-07-10,0
3858,2013-07-11,0
3859,2013-07-12,0
3860,2013-07-13,0
3861,2013-07-14,0
3862,2013-07-15,0
3863,2013-07-16,0
3864,2013-07-17,0
3865,2013-07-18,0
3866,2013-07-19,0
3867,2013-07-20,0
3868,2013-07-21,0
3869,2013-07-22,0
3870,2013-07-23,0
3871,2013-07-24,0
3872,2013-07-25,0
3873,2013-07-26,0
3874,2013-07-27,0
3875,2013-07-28,0
3876,2013-07-29,0
3877,2013-07-30,0
3878,2013-07-31,0
3879,2013-08-01,0
3880,2013-08-02,0
3881,2013-08-03,0
3882,2013-08-04,0
3883,2013-08-05,0
3884,2013-08-06,0
3885,2013-08-07,0
3886,2013-08-08,0
3887,2013-08-09,0
3888,2013-08-10,0
3889,2013-08-11,0
3890,2013-08-12,0
3891,2013-08-13,0
3892,2013-08-14,0
3893,2013-08-15,0
3894,2013-08-16,0
3895,2013-08-17,0
3896,2013-08-18,0
3897,2013-08-19,0
3898,2013-08-20,0
3899,2013-08-21,0
3900,2013-08-22,0
3901,2013-08-23,0
3902,2013-08-24,0
3903,2013-08-25,0
3904,2013-08-26,0
3905,2013-08-27,0
3906,2013-08-28,0
3907,2013-08-29,0
3908,2013-08-30,0
3909,2013-08-31,0
3910,2013-09-01,0
3911,2013-09-02,0
3912,2013-09-03,0
3913,2013-09-04,0
3914,2013-09-05,0
3915,2013-09-06,0
3916,2013-09-07,0
3917,2013-09-08,0
3918,2013-09-09,0
3919,2013-09-10,0
3920,2013-09-11,0
3921,2013-09-12,0
3922,2013-09-13,0
3923,2013-09-14,0
3924,2013-09-15,0
3925,2013-09-16,0
3926,2013-09-17,0
3927,2013-09-18,0
3928,2013-09-19,0
3929,2013-09-20,0
3930,2013-09-21,0
3931,2013-09-22,0
3932,2013-09-23,0
3933,2013-09-24,0
3934,2013-09-25,0
3935,2013-09-26,0
3936,2013-09-27,0
3937,2013-09-28,0
3938,2013-09-29,0
3939,2013-09-30,0
3940,2013-10-01,0
3941,2013-10-02,0
3942,2013-10-03,0
3943,2013-10-04,0
3944,2013-10-05,0
3945,2013-10-06,0
3946,2013-10-07,0
3947,2013-10-08,0
3948,2013-10-09,0
3949,2013-10-10,0
3950,2013-10-11,0
3951,2013-10-12,0
3952,2013-10-13,0
3953,2013-10-14,0
3954,2013-10-15,0
3955,2013-10-16,0
3956,2013-10-17,0
3957,2013-10-18,0
3958,2013-10-19,0
3959,2013-10-20,0
3960,2013-10-21,0
3961,2013-10-22,0
3962,2013-10-23,0
3963,2013-10-24,0
3964,2013-10-25,0
3965,2013-10-26,0
3966,2013-10-27,0
3967,2013-10-28,0
3968,2013-10-29,0
3969,2013-10-30,0
3970,2013-10-31,0
3971,2013-11-01,0
3972,2013-11-02,0
3973,2013-11-03,0
3974,2013-11-04,0
3975,2013-11-05,0
3976,2013-11-06,0
3977,2013-11-07,0
3978,2013-11-08,0
3979,2013-11-09,0
3980,2013-11-10,0
3981,2013-11-11,0
3982,2013-11-12,0
3983,2013-11-13,0
3984,2013-11-14,0
3985,2013-11-15,0
3986,2013-11-16,0
3987,2013-11-17,0
3988,2013-11-18,0
3989,2013-11-19,0
3990,2013-11-20,0
3991,2013-11-21,0
3992,2013-11-22,0
3993,2013-11-23,0
3994,2013-11-24,0
3995,2013-11-25,0
3996,2013-11-26,0
3997,2013-11-27,0
3998,2013-11-28,0
3999,2013-11-29,0
4000,2013-11-30,0
4001,2013-12-01,0
4002,2013-12-02,0
4003,2013-12-03,0
4004,2013-12-04,0
4005,2013-12-05,0
4006,2013-12-06,0
4007,2013-12-07,0
4008,2013-12-08,0
4009,2013-12-09,0
4010,2013-12-10,0
4011,2013-12-11,0
4012,2013-12-12,0
4013,2013-12-13,0
4014,2013-12-14,0
4015,2013-12-15,0
4016,2013-12-16,0
4017,2013-12-17,0
4018,2013-12-18,0
4019,2013-12-19,0
4020,2013-12-20,0
4021,2013-12-21,0
4022,2013-12-22,0
4023,2013-12-23,0
4024,2013-12-24,0
4025,2013-12-25,0
4026,2013-12-26,0
4027,2013-12-27,0
4028,2013-12-28,0
4029,2013-12-29,0
4030,2013-12-30,0
4031,2013-12-31,0
4032,2014-01-01,0
4033,2014-01-02,0
4034,2014-01-03,0
4035,2014-01-04,0
4036,2014-01-05,0
4037,2014-01-06,0
4038,2014-01-07,0
4039,2014-01-08,0
4040,2014-01-09,0
4041,2014-01-10,0
4042,2014-01-11,0
4043,2014-01-12,0
4044,2014-01-13,0
4045,2014-01-14,0
4046,2014-01-15,0
4047,2014-01-16,0
4048,2014-01-17,0
4049,2014-01-18,0
4050,2014-01-19,0
4051,2014-01-20,0
4052,2014-01-21,0
4053,2014-01-22,0
4054,2014-01-23,0
4055,2014-01-24,0
4056,2014-01-25,0
4057,2014-01-26,0
4058,2014-01-27,0
4059,2014-01-28,0
4060,2014-01-29,0
4061,2014-01-30,0
4062,2014-01-31,0
4063,2014-02-01,0
4064,2014-02-02,0
4065,2014-02-03,0
4066,2014-02-04,0
4067,2014-02-05,0
4068,2014-02-06,0
4069,2014-02-07,0
4070,2014-02-08,0
4071,2014-02-09,0
4072,2014-02-10,0
4073,2014-02-11,0
4074,2014-02-12,0
4075,2014-02-13,0
4076,2014-02-14,0
4077,2014-02-15,0
4078,2014-02-16,0
4079,2014-02-17,0
4080,2014-02-18,0
4081,2014-02-19,0
4082,2014-02-20,0
4083,2014-02-21,0
4084,2014-02-22,0
4085,2014-02-23,0
4086,2014-02-24,0
4087,2014-02-25,0
4088,2014-02-26,0
4089,2014-02-27,0
4090,2014-02-28,0
4091,2014-03-01,0
4092,2014-03-02,0
4093,2014-03-03,0
4094,2014-03-04,0
4095,2014-03-05,0
4096,2014-03-06,0
4097,2014-03-07,0
4098,2014-03-08,0
4099,2014-03-09,0
4100,2014-03-10,0
4101,2014-03-11,0
4102,2014-03-12,0
4103,2014-03-13,0
4104,2014-03-14,0
4105,2014-03-15,0
4106,2014-03-16,0
4107,2014-03-17,0
4108,2014-03-18,0
4109,2014-03-19,0
4110,2014-03-20,0
4111,2014-03-21,0
4112,2014-03-22,0
4113,2014-03-23,0
4114,2014-03-24,0
4115,2014-03-25,0
4116,2014-03-26,0
4117,2014-03-27,0
4118,2014-03-28,0
4119,2014-03-29,0
4120,2014-03-30,0
4121,2014-03-31,0
4122,2014-04-01,0
4123,2014-04-02,0
4124,2014-04-03,0
4125,2014-04-04,0
4126,2014-04-05,0
4127,2014-04-06,0
4128,2014-04-07,0
4129,2014-04-08,0
4130,2014-04-09,0
4131,2014-04-10,0
4132,2014-04-11,0
4133,2014-04-12,0
4134,2014-04-13,0
4135,2014-04-14,0
4136,2014-04-15,0
4137,2014-04-16,0
4138,2014-04-17,0
4139,2014-04-18,0
4140,2014-04-19,0
4141,2014-04-20,0
4142,2014-04-21,0
4143,2014-04-22,0
4144,2014-04-23,0
4145,2014-04-24,0
4146,2014-04-25,0
4147,2014-04-26,0
4148,2014-04-27,0
4149,2014-04-28,0
4150,2014-04-29,0
4151,2014-04-30,0
4152,2014-05-01,0
4153,2014-05-02,0
4154,2014-05-03,0
4155,2014-05-04,0
4156,2014-05-05,0
4157,2014-05-06,0
4158,2014-05-07,0
4159,2014-05-08,0
4160,2014-05-09,0
4161,2014-05-10,0
4162,2014-05-11,0
4163,2014-05-12,0
4164,2014-05-13,0
4165,2014-05-14,0
4166,2014-05-15,0
4167,2014-05-16,0
4168,2014-05-17,0
4169,2014-05-18,0
4170,2014-05-19,0
4171,2014-05-20,0
4172,2014-05-21,0
4173,2014-05-22,0
4174,2014-05-23,0
4175,2014-05-24,0
4176,2014-05-25,0
4177,2014-05-26,0
4178,2014-05-27,0
4179,2014-05-28,0
4180,2014-05-29,0
4181,2014-05-30,0
4182,2014-05-31,0
4183,2014-06-01,0
4184,2014-06-02,0
4185,2014-06-03,0
4186,2014-06-04,0
4187,2014-06-05,0
4188,2014-06-06,0
4189,2014-06-07,0
4190,2014-06-08,0
4191,2014-06-09,0
4192,2014-06-10,0
4193,2014-06-11,0
4194,2014-06-12,0
4195,2014-06-13,0
4196,2014-06-14,0
4197,2014-06-15,0
4198,2014-06-16,0
4199,2014-06-17,0
4200,2014-06-18,0
4201,2014-06-19,0
4202,2014-06-20,0
4203,2014-06-21,0
4204,2014-06-22,0
4205,2014-06-23,0
4206,2014-06-24,0
4207,2014-06-25,0
4208,2014-06-26,0
4209,2014-06-27,0
4210,2014-06-28,0
4211,2014-06-29,0
4212,2014-06-30,0
4213,2014-07-01,0
4214,2014-07-02,0
4215,2014-07-03,0
4216,2014-07-04,0
4217,2014-07-05,0
4218,2014-07-06,0
4219,2014-07-07,0
4220,2014-07-08,0
4221,2014-07-09,0
4222,2014-07-10,0
4223,2014-07-11,0
4224,2014-07-12,0
4225,2014-07-13,0
4226,2014-07-14,0
4227,2014-07-15,0
4228,2014-07-16,0
4229,2014-07-17,0
4230,2014-07-18,0
4231,2014-07-19,0
4232,2014-07-20,0
4233,2014-07-21,0
4234,2014-07-22,0
4235,2014-07-23,0
4236,2014-07-24,0
4237,2014-07-25,0
4238,2014-07-26,0
4239,2014-07-27,0
4240,2014-07-28,0
4241,2014-07-29,0
4242,2014-07-30,0
4243,2014-07-31,0
4244,2014-08-01,0
4245,2014-08-02,0
4246,2014-08-03,0
4247,2014-08-04,0
4248,2014-08-05,0
4249,2014-08-06,0
4250,2014-08-07,0
4251,2014-08-08,0
4252,2014-08-09,0
4253,2014-08-10,0
4254,2014-08-11,0
4255,2014-08-12,0
4256,2014-08-13,0
4257,2014-08-14,0
4258,2014-08-15,0
4259,2014-08-16,0
4260,2014-08-17,0
4261,2014-08-18,0
4262,2014-08-19,0
4263,2014-08-20,0
4264,2014-08-21,0
4265,2014-08-22,0
4266,2014-08-23,0
4267,2014-08-24,0
4268,2014-08-25,0
4269,2014-08-26,0
4270,2014-08-27,0
4271,2014-08-28,0
4272,2014-08-29,0
4273,2014-08-30,0
4274,2014-08-31,0
4275,2014-09-01,0
4276,2014-09-02,0
4277,2014-09-03,0
4278,2014-09-04,0
4279,2014-09-05,0
4280,2014-09-06,0
4281,2014-09-07,0
4282,2014-09-08,0
4283,2014-09-09,0
4284,2014-09-10,0
4285,2014-09-11,0
4286,2014-09-12,0
4287,2014-09-13,0
4288,2014-09-14,0
4289,2014-09-15,0
4290,2014-09-16,0
4291,2014-09-17,0
4292,2014-09-18,0
4293,2014-09-19,0
4294,2014-09-20,0
4295,2014-09-21,0
4296,2014-09-22,0
4297,2014-09-23,0
4298,2014-09-24,0
4299,2014-09-25,0
4300,2014-09-26,0
4301,2014-09-27,0
4302,2014-09-28,0
4303,2014-09-29,0
4304,2014-09-30,0
4305,2014-10-01,0
4306,2014-10-02,0
4307,2014-10-03,0
4308,2014-10-04,0
4309,2014-10-05,0
4310,2014-10-06,0
4311,2014-10-07,0
4312,2014-10-08,0
4313,2014-10-09,0
4314,2014-10-10,0
4315,2014-10-11,0
4316,2014-10-12,0
4317,2014-10-13,0
4318,2014-10-14,0
4319,2014-10-15,0
4320,2014-10-16,0
4321,2014-10-17,0
4322,2014-10-18,0
4323,2014-10-19,0
4324,2014-10-20,0
4325,2014-10-21,0
4326,2014-10-22,0
4327,2014-10-23,0
4328,2014-10-24,0
4329,2014-10-25,0
4330,2014-10-26,0
4331,2014-10-27,0
4332,2014-10-28,0
4333,2014-10-29,0
4334,2014-10-30,0
4335,2014-10-31,0
4336,2014-11-01,0
4337,2014-11-02,0
4338,2014-11-03,0
4339,2014-11-04,0
4340,2014-11-05,0
4341,2014-11-06,0
4342,2014-11-07,0
4343,2014-11-08,0
4344,2014-11-09,0
4345,2014-11-10,0
4346,2014-11-11,0
4347,2014-11-12,0
4348,2014-11-13,0
4349,2014-11-14,0
4350,2014-11-15,0
4351,2014-11-16,0
4352,2014-11-17,0
4353,2014-11-18,0
4354,2014-11-19,0
4355,2014-11-20,0
4356,2014-11-21,0
4357,2014-11-22,0
4358,2014-11-23,0
4359,2014-11-24,0
4360,2014-11-25,0
4361,2014-11-26,0
4362,2014-11-27,0
4363,2014-11-28,0
4364,2014-11-29,0
4365,2014-11-30,0
4366,2014-12-01,0
4367,2014-12-02,0
4368,2014-12-03,0
4369,2014-12-04,0
4370,2014-12-05,0
4371,2014-12-06,0
4372,2014-12-07,0
4373,2014-12-08,0
4374,2014-12-09,0
4375,2014-12-10,0
4376,2014-12-11,0
4377,2014-12-12,0
4378,2014-12-13,0
4379,2014-12-14,0
4380,2014-12-15,0
4381,2014-12-16,0
4382,2014-12-17,0
4383,2014-12-18,0
4384,2014-12-19,0
4385,2014-12-20,0
4386,2014-12-21,0
4387,2014-12-22,0
4388,2014-12-23,0
4389,2014-12-24,0
4390,2014-12-25,0
4391,2014-12-26,0
4392,2014-12-27,0
4393,2014-12-28,0
4394,2014-12-29,0
4395,2014-12-30,0
4396,2014-12-31,0
4397,2015-01-01,0
4398,2015-01-02,0
4399,2015-01-03,0
4400,2015-01-04,0
4401,2015-01-05,0
4402,2015-01-06,0
4403,2015-01-07,0
4404,2015-01-08,0
4405,2015-01-09,0
4406,2015-01-10,0
4407,2015-01-11,0
4408,2015-01-12,0
4409,2015-01-13,0
4410,2015-01-14,0
4411,2015-01-15,0
4412,2015-01-16,0
4413,2015-01-17,0
4414,2015-01-18,0
4415,2015-01-19,0
4416,2015-01-20,0
4417,2015-01-21,0
4418,2015-01-22,0
4419,2015-01-23,0
4420,2015-01-24,0
4421,2015-01-25,0
4422,2015-01-26,0
4423,2015-01-27,0
4424,2015-01-28,0
4425,2015-01-29,0
4426,2015-01-30,0
4427,2015-01-31,0
4428,2015-02-01,0
4429,2015-02-02,0
4430,2015-02-03,0
4431,2015-02-04,0
4432,2015-02-05,0
4433,2015-02-06,0
4434,2015-02-07,0
4435,2015-02-08,0
4436,2015-02-09,0
4437,2015-02-10,0
4438,2015-02-11,0
4439,2015-02-12,0
4440,2015-02-13,0
4441,2015-02-14,0
4442,2015-02-15,0
4443,2015-02-16,0
4444,2015-02-17,0
4445,2015-02-18,0
4446,2015-02-19,0
4447,2015-02-20,0
4448,2015-02-21,0
4449,2015-02-22,0
4450,2015-02-23,0
4451,2015-02-24,0
4452,2015-02-25,0
4453,2015-02-26,0
4454,2015-02-27,0
4455,2015-02-28,0
4456,2015-03-01,0
4457,2015-03-02,0
4458,2015-03-03,0
4459,2015-03-04,0
4460,2015-03-05,0
4461,2015-03-06,0
4462,2015-03-07,0
4463,2015-03-08,0
4464,2015-03-09,0
4465,2015-03-10,0
4466,2015-03-11,0
4467,2015-03-12,0
4468,2015-03-13,0
4469,2015-03-14,0
4470,2015-03-15,0
4471,2015-03-16,0
4472,2015-03-17,0
4473,2015-03-18,0
4474,2015-03-19,0
4475,2015-03-20,0
4476,2015-03-21,0
4477,2015-03-22,0
4478,2015-03-23,0
4479,2015-03-24,0
4480,2015-03-25,0
4481,2015-03-26,0
4482,2015-03-27,0
4483,2015-03-28,0
4484,2015-03-29,0
4485,2015-03-30,0
4486,2015-03-31,0
4487,2015-04-01,0
4488,2015-04-02,0
4489,2015-04-03,0
4490,2015-04-04,0
4491,2015-04-05,0
4492,2015-04-06,0
4493,2015-04-07,0
4494,2015-04-08,0
4495,2015-04-09,0
4496,2015-04-10,0
4497,2015-04-11,0
4498,2015-04-12,0
4499,2015-04-13,0
4500,2015-04-14,0
4501,2015-04-15,0
4502,2015-04-16,0
4503,2015-04-17,0
4504,2015-04-18,0
4505,2015-04-19,0
4506,2015-04-20,0
4507,2015-04-21,0
4508,2015-04-22,0
4509,2015-04-23,0
4510,2015-04-24,0
4511,2015-04-25,0
4512,2015-04-26,0
4513,2015-04-27,0
4514,2015-04-28,0
4515,2015-04-29,0
4516,2015-04-30,0
4517,2015-05-01,0
4518,2015-05-02,0
4519,2015-05-03,0
4520,2015-05-04,0
4521,2015-05-05,0
4522,2015-05-06,0
4523,2015-05-07,0
4524,2015-05-08,0
4525,2015-05-09,0
4526,2015-05-10,0
4527,2015-05-11,0
4528,2015-05-12,0
4529,2015-05-13,0
4530,2015-05-14,0
4531,2015-05-15,0
4532,2015-05-16,0
4533,2015-05-17,0
4534,2015-05-18,0
4535,2015-05-19,0
4536,2015-05-20,0
4537,2015-05-21,0
4538,2015-05-22,0
4539,2015-05-23,0
4540,2015-05-24,0
4541,2015-05-25,0
4542,2015-05-26,0
4543,2015-05-27,0
4544,2015-05-28,0
4545,2015-05-29,0
4546,2015-05-30,0
4547,2015-05-31,0
4548,2015-06-01,0
4549,2015-06-02,0
4550,2015-06-03,0
4551,2015-06-04,0
4552,2015-06-05,0
4553,2015-06-06,0
4554,2015-06-07,0
4555,2015-06-08,0
4556,2015-06-09,0
4557,2015-06-10,0
4558,2015-06-11,0
4559,2015-06-12,0
4560,2015-06-13,0
4561,2015-06-14,0
4562,2015-06-15,0
4563,2015-06-16,0
4564,2015-06-17,0
4565,2015-06-18,0
4566,2015-06-19,0
4567,2015-06-20,0
4568,2015-06-21,0
4569,2015-06-22,0
4570,2015-06-23,0
4571,2015-06-24,0
4572,2015-06-25,0
4573,2015-06-26,0
4574,2015-06-27,0
4575,2015-06-28,0
4576,2015-06-29,0
4577,2015-06-30,0
4578,2015-07-01,0
4579,2015-07-02,0
4580,2015-07-03,0
4581,2015-07-04,0
4582,2015-07-05,0
4583,2015-07-06,0
4584,2015-07-07,0
4585,2015-07-08,0
4586,2015-07-09,0
4587,2015-07-10,0
4588,2015-07-11,0
4589,2015-07-12,0
4590,2015-07-13,0
4591,2015-07-14,0
4592,2015-07-15,0
4593,2015-07-16,0
4594,2015-07-17,0
4595,2015-07-18,0
4596,2015-07-19,0
4597,2015-07-20,0
4598,2015-07-21,0
4599,2015-07-22,0
4600,2015-07-23,0
4601,2015-07-24,0
4602,2015-07-25,0
4603,2015-07-26,0
4604,2015-07-27,0
4605,2015-07-28,0
4606,2015-07-29,0
4607,2015-07-30,0
4608,2015-07-31,0
4609,2015-08-01,0
4610,2015-08-02,0
4611,2015-08-03,0
4612,2015-08-04,0
4613,2015-08-05,0
4614,2015-08-06,0
4615,2015-08-07,0
4616,2015-08-08,0
4617,2015-08-09,0
4618,2015-08-10,0
4619,2015-08-11,0
4620,2015-08-12,0
4621,2015-08-13,0
4622,2015-08-14,0
4623,2015-08-15,0
4624,2015-08-16,0
4625,2015-08-17,0
4626,2015-08-18,0
4627,2015-08-19,0
4628,2015-08-20,0
4629,2015-08-21,0
4630,2015-08-22,0
4631,2015-08-23,0
4632,2015-08-24,0
4633,2015-08-25,0
4634,2015-08-26,0
4635,2015-08-27,0
4636,2015-08-28,0
4637,2015-08-29,0
4638,2015-08-30,0
4639,2015-08-31,0
4640,2015-09-01,0
4641,2015-09-02,0
4642,2015-09-03,0
4643,2015-09-04,0
4644,2015-09-05,0
4645,2015-09-06,0
4646,2015-09-07,0
4647,2015-09-08,0
4648,2015-09-09,0
4649,2015-09-10,0
4650,2015-09-11,0
4651,2015-09-12,0
4652,2015-09-13,0
4653,2015-09-14,0
4654,2015-09-15,0
4655,2015-09-16,0
4656,2015-09-17,0
4657,2015-09-18,0
4658,2015-09-19,0
4659,2015-09-20,0
4660,2015-09-21,0
4661,2015-09-22,0
4662,2015-09-23,0
4663,2015-09-24,0
4664,2015-09-25,0
4665,2015-09-26,0
4666,2015-09-27,0
4667,2015-09-28,0
4668,2015-09-29,0
4669,2015-09-30,0
4670,2015-10-01,0
4671,2015-10-02,0
4672,2015-10-03,0
4673,2015-10-04,0
4674,2015-10-05,0
4675,2015-10-06,0
4676,2015-10-07,0
4677,2015-10-08,0
4678,2015-10-09,0
4679,2015-10-10,0
4680,2015-10-11,0
4681,2015-10-12,0
4682,2015-10-13,0
4683,2015-10-14,0
4684,2015-10-15,0
4685,2015-10-16,0
4686,2015-10-17,0
4687,2015-10-18,0
4688,2015-10-19,0
4689,2015-10-20,0
4690,2015-10-21,0
4691,2015-10-22,0
4692,2015-10-23,0
4693,2015-10-24,0
4694,2015-10-25,0
4695,2015-10-26,0
4696,2015-10-27,0
4697,2015-10-28,0
4698,2015-10-29,0
4699,2015-10-30,0
4700,2015-10-31,0
4701,2015-11-01,0
4702,2015-11-02,0
4703,2015-11-03,0
4704,2015-11-04,0
4705,2015-11-05,0
4706,2015-11-06,0
4707,2015-11-07,0
4708,2015-11-08,0
4709,2015-11-09,0
4710,2015-11-10,0
4711,2015-11-11,0
4712,2015-11-12,0
4713,2015-11-13,0
4714,2015-11-14,0
4715,2015-11-15,0
4716,2015-11-16,0
4717,2015-11-17,0
4718,2015-11-18,0
4719,2015-11-19,0
4720,2015-11-20,0
4721,2015-11-21,0
4722,2015-11-22,0
4723,2015-11-23,0
4724,2015-11-24,0
4725,2015-11-25,0
4726,2015-11-26,0
4727,2015-11-27,0
4728,2015-11-28,0
4729,2015-11-29,0
4730,2015-11-30,0
4731,2015-12-01,0
4732,2015-12-02,0
4733,2015-12-03,0
4734,2015-12-04,0
4735,2015-12-05,0
4736,2015-12-06,0
4737,2015-12-07,0
4738,2015-12-08,0
4739,2015-12-09,0
4740,2015-12-10,0
4741,2015-12-11,0
4742,2015-12-12,0
4743,2015-12-13,0
4744,2015-12-14,0
4745,2015-12-15,0
4746,2015-12-16,0
4747,2015-12-17,0
4748,2015-12-18,0
4749,2015-12-19,0
4750,2015-12-20,0
4751,2015-12-21,0
4752,2015-12-22,0
4753,2015-12-23,0
4754,2015-12-24,0
4755,2015-12-25,0
4756,2015-12-26,0
4757,2015-12-27,0
4758,2015-12-28,0
4759,2015-12-29,0
4760,2015-12-30,0
4761,2015-12-31,0
4762,2016-01-01,0
4763,2016-01-02,0
4764,2016-01-03,0
4765,2016-01-04,0
4766,2016-01-05,0
4767,2016-01-06,0
4768,2016-01-07,0
4769,2016-01-08,0
4770,2016-01-09,0
4771,2016-01-10,0
4772,2016-01-11,0
4773,2016-01-12,0
4774,2016-01-13,0
4775,2016-01-14,0
4776,2016-01-15,0
4777,2016-01-16,0
4778,2016-01-17,0
4779,2016-01-18,0
4780,2016-01-19,0
4781,2016-01-20,0
4782,2016-01-21,0
4783,2016-01-22,0
4784,2016-01-23,0
4785,2016-01-24,0
4786,2016-01-25,0
4787,2016-01-26,0
4788,2016-01-27,0
4789,2016-01-28,0
4790,2016-01-29,0
4791,2016-01-30,0
4792,2016-01-31,0
4793,2016-02-01,0
4794,2016-02-02,0
4795,2016-02-03,0
4796,2016-02-04,0
4797,2016-02-05,0
4798,2016-02-06,0
4799,2016-02-07,0
4800,2016-02-08,0
4801,2016-02-09,0
4802,2016-02-10,0
4803,2016-02-11,0
4804,2016-02-12,0
4805,2016-02-13,0
4806,2016-02-14,0
4807,2016-02-15,0
4808,2016-02-16,0
4809,2016-02-17,0
4810,2016-02-18,0
4811,2016-02-19,0
4812,2016-02-20,0
4813,2016-02-21,0
4814,2016-02-22,0
4815,2016-02-23,0
4816,2016-02-24,0
4817,2016-02-25,0
4818,2016-02-26,0
4819,2016-02-27,0
4820,2016-02-28,0
4821,2016-02-29,0
4822,2016-03-01,0
4823,2016-03-02,0
4824,2016-03-03,0
4825,2016-03-04,0
4826,2016-03-05,0
4827,2016-03-06,0
4828,2016-03-07,0
4829,2016-03-08,0
4830,2016-03-09,0
4831,2016-03-10,0
4832,2016-03-11,0
4833,2016-03-12,0
4834,2016-03-13,0
4835,2016-03-14,0
4836,2016-03-15,0
4837,2016-03-16,0
4838,2016-03-17,0
4839,2016-03-18,0
4840,2016-03-19,0
4841,2016-03-20,0
4842,2016-03-21,0
4843,2016-03-22,0
4844,2016-03-23,0
4845,2016-03-24,0
4846,2016-03-25,0
4847,2016-03-26,0
4848,2016-03-27,0
4849,2016-03-28,0
4850,2016-03-29,0
4851,2016-03-30,0
4852,2016-03-31,0
4853,2016-04-01,0
4854,2016-04-02,0
4855,2016-04-03,0
4856,2016-04-04,0
4857,2016-04-05,0
4858,2016-04-06,0
4859,2016-04-07,0
4860,2016-04-08,0
4861,2016-04-09,0
4862,2016-04-10,0
4863,2016-04-11,0
4864,2016-04-12,0
4865,2016-04-13,0
4866,2016-04-14,0
4867,2016-04-15,0
4868,2016-04-16,0
4869,2016-04-17,0
4870,2016-04-18,0
4871,2016-04-19,0
4872,2016-04-20,0
4873,2016-04-21,0
4874,2016-04-22,0
4875,2016-04-23,0
4876,2016-04-24,0
4877,2016-04-25,0
4878,2016-04-26,0
4879,2016-04-27,0
4880,2016-04-28,0
4881,2016-04-29,0
4882,2016-04-30,0
4883,2016-05-01,0
4884,2016-05-02,0
4885,2016-05-03,0
4886,2016-05-04,0
4887,2016-05-05,0
4888,2016-05-06,0
4889,2016-05-07,0
4890,2016-05-08,0
4891,2016-05-09,0
4892,2016-05-10,0
4893,2016-05-11,0
4894,2016-05-12,0
4895,2016-05-13,0
4896,2016-05-14,0
4897,2016-05-15,0
4898,2016-05-16,0
4899,2016-05-17,0
4900,2016-05-18,0
4901,2016-05-19,0
4902,2016-05-20,0
4903,2016-05-21,0
4904,2016-05-22,0
4905,2016-05-23,0
4906,2016-05-24,0
4907,2016-05-25,0
4908,2016-05-26,0
4909,2016-05-27,0
4910,2016-05-28,0
4911,2016-05-29,0
4912,2016-05-30,0
4913,2016-05-31,0
4914,2016-06-01,0
4915,2016-06-02,0
4916,2016-06-03,0
4917,2016-06-04,0
4918,2016-06-05,0
4919,2016-06-06,0
4920,2016-06-07,0
4921,2016-06-08,0
4922,2016-06-09,0
4923,2016-06-10,0
4924,2016-06-11,0
4925,2016-06-12,0
4926,2016-06-13,0
4927,2016-06-14,0
4928,2016-06-15,0
4929,2016-06-16,0
4930,2016-06-17,0
4931,2016-06-18,0
4932,2016-06-19,0
4933,2016-06-20,0
4934,2016-06-21,0
4935,2016-06-22,0
4936,2016-06-23,0
4937,2016-06-24,0
4938,2016-06-25,0
4939,2016-06-26,0
4940,2016-06-27,0
4941,2016-06-28,0
4942,2016-06-29,0
4943,2016-06-30,0
4944,2016-07-01,0
4945,2016-07-02,0
4946,2016-07-03,0
4947,2016-07-04,0
4948,2016-07-05,0
4949,2016-07-06,0
4950,2016-07-07,0
4951,2016-07-08,0
4952,2016-07-09,0
4953,2016-07-10,0
4954,2016-07-11,0
4955,2016-07-12,0
4956,2016-07-13,0
4957,2016-07-14,0
4958,2016-07-15,0
4959,2016-07-16,0
4960,2016-07-17,0
4961,2016-07-18,0
4962,2016-07-19,0
4963,2016-07-20,0
4964,2016-07-21,0
4965,2016-07-22,0
4966,2016-07-23,0
4967,2016-07-24,0
4968,2016-07-25,0
4969,2016-07-26,0
4970,2016-07-27,0
4971,2016-07-28,0
4972,2016-07-29,0
4973,2016-07-30,0
4974,2016-07-31,0
4975,2016-08-01,0
4976,2016-08-02,0
4977,2016-08-03,0
4978,2016-08-04,0
4979,2016-08-05,0
4980,2016-08-06,0
4981,2016-08-07,0
4982,2016-08-08,0
4983,2016-08-09,0
4984,2016-08-10,0
4985,2016-08-11,0
4986,2016-08-12,0
4987,2016-08-13,0
4988,2016-08-14,0
4989,2016-08-15,0
4990,2016-08-16,0
4991,2016-08-17,0
4992,2016-08-18,0
4993,2016-08-19,0
4994,2016-08-20,0
4995,2016-08-21,0
4996,2016-08-22,0
4997,2016-08-23,0
4998,2016-08-24,0
4999,2016-08-25,0
5000,2016-08-26,0
5001,2016-08-27,0
5002,2016-08-28,0
5003,2016-08-29,0
5004,2016-08-30,0
5005,2016-08-31,0
5006,2016-09-01,0
5007,2016-09-02,0
5008,2016-09-03,0
5009,2016-09-04,0
5010,2016-09-05,0
5011,2016-09-06,0
5012,2016-09-07,0
5013,2016-09-08,0
5014,2016-09-09,0
5015,2016-09-10,0
5016,2016-09-11,0
5017,2016-09-12,0
5018,2016-09-13,0
5019,2016-09-14,0
5020,2016-09-15,0
5021,2016-09-16,0
5022,2016-09-17,0
5023,2016-09-18,0
5024,2016-09-19,0
5025,2016-09-20,0
5026,2016-09-21,0
5027,2016-09-22,0
5028,2016-09-23,0
5029,2016-09-24,0
5030,2016-09-25,0
5031,2016-09-26,0
5032,2016-09-27,0
5033,2016-09-28,0
5034,2016-09-29,0
5035,2016-09-30,0
5036,2016-10-01,0
5037,2016-10-02,0
5038,2016-10-03,0
5039,2016-10-04,0
5040,2016-10-05,0
5041,2016-10-06,0
5042,2016-10-07,0
5043,2016-10-08,0
5044,2016-10-09,0
5045,2016-10-10,0
5046,2016-10-11,0
5047,2016-10-12,0
5048,2016-10-13,0
5049,2016-10-14,0
5050,2016-10-15,0
5051,2016-10-16,0
5052,2016-10-17,0
5053,2016-10-18,0
5054,2016-10-19,0
5055,2016-10-20,0
5056,2016-10-21,0
5057,2016-10-22,0
5058,2016-10-23,0
5059,2016-10-24,0
5060,2016-10-25,0
5061,2016-10-26,0
5062,2016-10-27,0
5063,2016-10-28,0
5064,2016-10-29,0
5065,2016-10-30,0
5066,2016-10-31,0
5067,2016-11-01,0
5068,2016-11-02,0
5069,2016-11-03,0
5070,2016-11-04,0
5071,2016-11-05,0
5072,2016-11-06,0
5073,2016-11-07,0
5074,2016-11-08,0
5075,2016-11-09,0
5076,2016-11-10,0
5077,2016-11-11,0
5078,2016-11-12,0
5079,2016-11-13,0
5080,2016-11-14,0
5081,2016-11-15,0
5082,2016-11-16,0
5083,2016-11-17,0
5084,2016-11-18,0
5085,2016-11-19,0
5086,2016-11-20,0
5087,2016-11-21,0
5088,2016-11-22,0
5089,2016-11-23,0
5090,2016-11-24,0
5091,2016-11-25,0
5092,2016-11-26,0
5093,2016-11-27,0
5094,2016-11-28,0
5095,2016-11-29,0
5096,2016-11-30,0
5097,2016-12-01,0
5098,2016-12-02,0
5099,2016-12-03,0
5100,2016-12-04,0
5101,2016-12-05,0
5102,2016-12-06,0
5103,2016-12-07,0
5104,2016-12-08,0
5105,2016-12-09,0
5106,2016-12-10,0
5107,2016-12-11,0
5108,2016-12-12,0
5109,2016-12-13,0
5110,2016-12-14,0
5111,2016-12-15,0
5112,2016-12-16,0
5113,2016-12-17,0
5114,2016-12-18,0
5115,2016-12-19,0
5116,2016-12-20,0
5117,2016-12-21,0
5118,2016-12-22,0
5119,2016-12-23,0
5120,2016-12-24,0
5121,2016-12-25,0
5122,2016-12-26,0
5123,2016-12-27,0
5124,2016-12-28,0
5125,2016-12-29,0
5126,2016-12-30,0
5127,2016-12-31,0
5128,2017-01-01,0
5129,2017-01-02,0
5130,2017-01-03,0
5131,2017-01-04,0
5132,2017-01-05,0
5133,2017-01-06,0
5134,2017-01-07,0
5135,2017-01-08,0
5136,2017-01-09,0
5137,2017-01-10,0
5138,2017-01-11,0
5139,2017-01-12,0
5140,2017-01-13,0
5141,2017-01-14,0
5142,2017-01-15,0
5143,2017-01-16,0
5144,2017-01-17,0
5145,2017-01-18,0
5146,2017-01-19,0
5147,2017-01-20,0
5148,2017-01-21,0
5149,2017-01-22,0
5150,2017-01-23,0
5151,2017-01-24,0
5152,2017-01-25,0
5153,2017-01-26,0
5154,2017-01-27,0
5155,2017-01-28,0
5156,2017-01-29,0
5157,2017-01-30,0
5158,2017-01-31,0
5159,2017-02-01,0
5160,2017-02-02,0
5161,2017-02-03,0
5162,2017-02-04,0
5163,2017-02-05,0
5164,2017-02-06,0
5165,2017-02-07,0
5166,2017-02-08,0
5167,2017-02-09,0
5168,2017-02-10,0
5169,2017-02-11,0
5170,2017-02-12,0
5171,2017-02-13,0
5172,2017-02-14,0
5173,2017-02-15,0
5174,2017-02-16,0
5175,2017-02-17,0
5176,2017-02-18,0
5177,2017-02-19,0
5178,2017-02-20,0
5179,2017-02-21,0
5180,2017-02-22,0
5181,2017-02-23,0
5182,2017-02-24,0
5183,2017-02-25,0
5184,2017-02-26,0
5185,2017-02-27,0
5186,2017-02-28,0
5187,2017-03-01,0
5188,2017-03-02,0
5189,2017-03-03,0
5190,2017-03-04,0
5191,2017-03-05,0
5192,2017-03-06,0
5193,2017-03-07,0
5194,2017-03-08,0
5195,2017-03-09,0
5196,2017-03-10,0
5197,2017-03-11,0
5198,2017-03-12,0
5199,2017-03-13,0
5200,2017-03-14,0
5201,2017-03-15,0
5202,2017-03-16,0
5203,2017-03-17,0
5204,2017-03-18,0
5205,2017-03-19,0
5206,2017-03-20,0
5207,2017-03-21,0
5208,2017-03-22,0
5209,2017-03-23,0
5210,2017-03-24,0
5211,2017-03-25,0
5212,2017-03-26,0
5213,2017-03-27,0
5214,2017-03-28,0
5215,2017-03-29,0
5216,2017-03-30,0
5217,2017-03-31,0
5218,2017-04-01,0
5219,2017-04-02,0
5220,2017-04-03,0
5221,2017-04-04,0
5222,2017-04-05,0
5223,2017-04-06,0
5224,2017-04-07,0
5225,2017-04-08,0
5226,2017-04-09,0
5227,2017-04-10,0
5228,2017-04-11,0
5229,2017-04-12,0
5230,2017-04-13,0
5231,2017-04-14,0
5232,2017-04-15,0
5233,2017-04-16,0
5234,2017-04-17,0
5235,2017-04-18,0
5236,2017-04-19,0
5237,2017-04-20,0
5238,2017-04-21,0
5239,2017-04-22,0
5240,2017-04-23,0
5241,2017-04-24,0
5242,2017-04-25,0
5243,2017-04-26,0
5244,2017-04-27,0
5245,2017-04-28,0
5246,2017-04-29,0
5247,2017-04-30,0
5248,2017-05-01,0
5249,2017-05-02,0
5250,2017-05-03,0
5251,2017-05-04,0
5252,2017-05-05,0
5253,2017-05-06,0
5254,2017-05-07,0
5255,2017-05-08,0
5256,2017-05-09,0
5257,2017-05-10,0
5258,2017-05-11,0
5259,2017-05-12,0
5260,2017-05-13,0
5261,2017-05-14,0
5262,2017-05-15,0
5263,2017-05-16,0
5264,2017-05-17,0
5265,2017-05-18,0
5266,2017-05-19,0
5267,2017-05-20,0
5268,2017-05-21,0
5269,2017-05-22,0
5270,2017-05-23,0
5271,2017-05-24,0
5272,2017-05-25,0
5273,2017-05-26,0
5274,2017-05-27,0
5275,2017-05-28,0
5276,2017-05-29,0
5277,2017-05-30,0
5278,2017-05-31,0
5279,2017-06-01,0
5280,2017-06-02,0
5281,2017-06-03,0
5282,2017-06-04,0
5283,2017-06-05,0
5284,2017-06-06,0
5285,2017-06-07,0
5286,2017-06-08,0
5287,2017-06-09,0
5288,2017-06-10,0
5289,2017-06-11,0
5290,2017-06-12,0
5291,2017-06-13,0
5292,2017-06-14,0
5293,2017-06-15,0
5294,2017-06-16,0
5295,2017-06-17,0
5296,2017-06-18,0
5297,2017-06-19,0
5298,2017-06-20,0
5299,2017-06-21,0
5300,2017-06-22,0
5301,2017-06-23,0
5302,2017-06-24,0
5303,2017-06-25,0
5304,2017-06-26,0
5305,2017-06-27,0
5306,2017-06-28,0
5307,2017-06-29,0
5308,2017-06-30,0
5309,2017-07-01,0
5310,2017-07-02,0
5311,2017-07-03,0
5312,2017-07-04,0
5313,2017-07-05,0
5314,2017-07-06,0
5315,2017-07-07,0
5316,2017-07-08,0
5317,2017-07-09,0
5318,2017-07-10,0
5319,2017-07-11,0
5320,2017-07-12,0
5321,2017-07-13,0
5322,2017-07-14,0
5323,2017-07-15,0
5324,2017-07-16,0
5325,2017-07-17,0
5326,2017-07-18,0
5327,2017-07-19,0
5328,2017-07-20,0
5329,2017-07-21,0
5330,2017-07-22,0
5331,2017-07-23,0
5332,2017-07-24,0
5333,2017-07-25,0
5334,2017-07-26,0
5335,2017-07-27,0
5336,2017-07-28,0
5337,2017-07-29,0
5338,2017-07-30,0
5339,2017-07-31,0
5340,2017-08-01,0
5341,2017-08-02,0
5342,2017-08-03,0
5343,2017-08-04,0
5344,2017-08-05,0
5345,2017-08-06,0
5346,2017-08-07,0
5347,2017-08-08,0
5348,2017-08-09,0
5349,2017-08-10,0
5350,2017-08-11,0
5351,2017-08-12,0
5352,2017-08-13,0
5353,2017-08-14,0
5354,2017-08-15,0
5355,2017-08-16,0
5356,2017-08-17,0
5357,2017-08-18,0
5358,2017-08-19,0
5359,2017-08-20,0
5360,2017-08-21,0
5361,2017-08-22,0
5362,2017-08-23,0
5363,2017-08-24,0
5364,2017-08-25,0
5365,2017-08-26,0
5366,2017-08-27,0
5367,2017-08-28,0
5368,2017-08-29,0
5369,2017-08-30,0
5370,2017-08-31,0
5371,2017-09-01,0
5372,2017-09-02,0
5373,2017-09-03,0
5374,2017-09-04,0
5375,2017-09-05,0
5376,2017-09-06,0
5377,2017-09-07,0
5378,2017-09-08,0
5379,2017-09-09,0
5380,2017-09-10,0
5381,2017-09-11,0
5382,2017-09-12,0
5383,2017-09-13,0
5384,2017-09-14,0
5385,2017-09-15,0
5386,2017-09-16,0
5387,2017-09-17,0
5388,2017-09-18,0
5389,2017-09-19,0
5390,2017-09-20,0
5391,2017-09-21,0
5392,2017-09-22,0
5393,2017-09-23,0
5394,2017-09-24,0
5395,2017-09-25,0
5396,2017-09-26,0
5397,2017-09-27,0
5398,2017-09-28,0
5399,2017-09-29,0
5400,2017-09-30,0
5401,2017-10-01,0
5402,2017-10-02,0
5403,2017-10-03,0
5404,2017-10-04,0
5405,2017-10-05,0
5406,2017-10-06,0
5407,2017-10-07,0
5408,2017-10-08,0
5409,2017-10-09,0
5410,2017-10-10,0
5411,2017-10-11,0
5412,2017-10-12,0
5413,2017-10-13,0
5414,2017-10-14,0
5415,2017-10-15,0
5416,2017-10-16,0
5417,2017-10-17,0
5418,2017-10-18,0
5419,2017-10-19,0
5420,2017-10-20,0
5421,2017-10-21,0
5422,2017-10-22,0
5423,2017-10-23,0
5424,2017-10-24,0
5425,2017-10-25,0
5426,2017-10-26,0
5427,2017-10-27,0
5428,2017-10-28,0
5429,2017-10-29,0
5430,2017-10-30,0
5431,2017-10-31,0
5432,2017-11-01,0
5433,2017-11-02,0
5434,2017-11-03,0
5435,2017-11-04,0
5436,2017-11-05,0
5437,2017-11-06,0
5438,2017-11-07,0
5439,2017-11-08,0
5440,2017-11-09,0
5441,2017-11-10,0
5442,2017-11-11,0
5443,2017-11-12,0
5444,2017-11-13,0
5445,2017-11-14,0
5446,2017-11-15,0
5447,2017-11-16,0
5448,2017-11-17,0
5449,2017-11-18,0
5450,2017-11-19,0
5451,2017-11-20,0
5452,2017-11-21,0
5453,2017-11-22,0
5454,2017-11-23,0
5455,2017-11-24,0
5456,2017-11-25,0
5457,2017-11-26,0
5458,2017-11-27,0
5459,2017-11-28,0
5460,2017-11-29,0
5461,2017-11-30,0
5462,2017-12-01,0
5463,2017-12-02,0
5464,2017-12-03,0
5465,2017-12-04,0
5466,2017-12-05,0
5467,2017-12-06,0
5468,2017-12-07,0
5469,2017-12-08,0
5470,2017-12-09,0
5471,2017-12-10,0
5472,2017-12-11,0
5473,2017-12-12,0
5474,2017-12-13,0
5475,2017-12-14,0
5476,2017-12-15,0
5477,2017-12-16,0
5478,2017-12-17,0
5479,2017-12-18,0
5480,2017-12-19,0
5481,2017-12-20,0
5482,2017-12-21,0
5483,2017-12-22,0
5484,2017-12-23,0
5485,2017-12-24,0
5486,2017-12-25,0
5487,2017-12-26,0
5488,2017-12-27,0
5489,2017-12-28,0
5490,2017-12-29,0
5491,2017-12-30,0
5492,2017-12-31,0
5493,2018-01-01,0
5494,2018-01-02,0
5495,2018-01-03,0
5496,2018-01-04,0
5497,2018-01-05,0
5498,2018-01-06,0
5499,2018-01-07,0
5500,2018-01-08,0
5501,2018-01-09,0
5502,2018-01-10,0
5503,2018-01-11,0
5504,2018-01-12,0
5505,2018-01-13,0
5506,2018-01-14,0
5507,2018-01-15,0
5508,2018-01-16,0
5509,2018-01-17,0
5510,2018-01-18,0
5511,2018-01-19,0
5512,2018-01-20,0
5513,2018-01-21,0
5514,2018-01-22,0
5515,2018-01-23,0
5516,2018-01-24,0
5517,2018-01-25,0
5518,2018-01-26,0
5519,2018-01-27,0
5520,2018-01-28,0
5521,2018-01-29,0
5522,2018-01-30,0
5523,2018-01-31,0
5524,2018-02-01,0
5525,2018-02-02,0
5526,2018-02-03,0
5527,2018-02-04,0
5528,2018-02-05,0
5529,2018-02-06,0
5530,2018-02-07,0
5531,2018-02-08,0
5532,2018-02-09,0
5533,2018-02-10,0
5534,2018-02-11,0
5535,2018-02-12,0
5536,2018-02-13,0
5537,2018-02-14,0
5538,2018-02-15,0
5539,2018-02-16,0
5540,2018-02-17,0
5541,2018-02-18,0
5542,2018-02-19,0
5543,2018-02-20,0
5544,2018-02-21,0
5545,2018-02-22,0
5546,2018-02-23,0
5547,2018-02-24,0
5548,2018-02-25,0
5549,2018-02-26,0
5550,2018-02-27,0
5551,2018-02-28,0
5552,2018-03-01,0
5553,2018-03-02,0
5554,2018-03-03,0
5555,2018-03-04,0
5556,2018-03-05,0
5557,2018-03-06,0
5558,2018-03-07,0
5559,2018-03-08,0
5560,2018-03-09,0
5561,2018-03-10,0
5562,2018-03-11,0
5563,2018-03-12,0
5564,2018-03-13,0
5565,2018-03-14,0
5566,2018-03-15,0
5567,2018-03-16,0
5568,2018-03-17,0
5569,2018-03-18,0
5570,2018-03-19,0
5571,2018-03-20,0
5572,2018-03-21,0
5573,2018-03-22,0
5574,2018-03-23,0
5575,2018-03-24,0
5576,2018-03-25,0
5577,2018-03-26,0
5578,2018-03-27,0
5579,2018-03-28,0
5580,2018-03-29,0
5581,2018-03-30,0
5582,2018-03-31,0
5583,2018-04-01,0
5584,2018-04-02,0
5585,2018-04-03,0
5586,2018-04-04,0
5587,2018-04-05,0
5588,2018-04-06,0
5589,2018-04-07,0
5590,2018-04-08,0
5591,2018-04-09,0
5592,2018-04-10,0
5593,2018-04-11,0
5594,2018-04-12,0
5595,2018-04-13,0
5596,2018-04-14,0
5597,2018-04-15,0
5598,2018-04-16,0
5599,2018-04-17,0
5600,2018-04-18,0
5601,2018-04-19,0
5602,2018-04-20,0
5603,2018-04-21,0
5604,2018-04-22,0
5605,2018-04-23,0
5606,2018-04-24,0
5607,2018-04-25,0
5608,2018-04-26,0
5609,2018-04-27,0
5610,2018-04-28,0
5611,2018-04-29,0
5612,2018-04-30,0
5613,2018-05-01,0
5614,2018-05-02,0
5615,2018-05-03,0
5616,2018-05-04,0
5617,2018-05-05,0
5618,2018-05-06,0
5619,2018-05-07,0
5620,2018-05-08,0
5621,2018-05-09,0
5622,2018-05-10,0
5623,2018-05-11,0
5624,2018-05-12,0
5625,2018-05-13,0
5626,2018-05-14,0
5627,2018-05-15,0
5628,2018-05-16,0
5629,2018-05-17,0
5630,2018-05-18,0
5631,2018-05-19,0
5632,2018-05-20,0
5633,2018-05-21,0
5634,2018-05-22,0
5635,2018-05-23,0
5636,2018-05-24,0
5637,2018-05-25,0
5638,2018-05-26,0
5639,2018-05-27,0
5640,2018-05-28,0
5641,2018-05-29,0
5642,2018-05-30,0
5643,2018-05-31,0
5644,2018-06-01,0
5645,2018-06-02,0
5646,2018-06-03,0
5647,2018-06-04,0
5648,2018-06-05,0
5649,2018-06-06,0
5650,2018-06-07,0
5651,2018-06-08,0
5652,2018-06-09,0
5653,2018-06-10,0
5654,2018-06-11,0
5655,2018-06-12,0
5656,2018-06-13,0
5657,2018-06-14,0
5658,2018-06-15,0
5659,2018-06-16,0
5660,2018-06-17,0
5661,2018-06-18,0
5662,2018-06-19,0
5663,2018-06-20,0
5664,2018-06-21,0
5665,2018-06-22,0
5666,2018-06-23,0
5667,2018-06-24,0
5668,2018-06-25,0
5669,2018-06-26,0
5670,2018-06-27,0
5671,2018-06-28,0
5672,2018-06-29,0
5673,2018-06-30,0
5674,2018-07-01,0
5675,2018-07-02,0
5676,2018-07-03,0
5677,2018-07-04,0
5678,2018-07-05,0
5679,2018-07-06,0
5680,2018-07-07,0
5681,2018-07-08,0
5682,2018-07-09,0
5683,2018-07-10,0
5684,2018-07-11,0
5685,2018-07-12,0
5686,2018-07-13,0
5687,2018-07-14,0
5688,2018-07-15,0
5689,2018-07-16,0
5690,2018-07-17,0
5691,2018-07-18,0
5692,2018-07-19,0
5693,2018-07-20,0
5694,2018-07-21,0
5695,2018-07-22,0
5696,2018-07-23,0
5697,2018-07-24,0
5698,2018-07-25,0
5699,2018-07-26,0
5700,2018-07-27,0
5701,2018-07-28,0
5702,2018-07-29,0
5703,2018-07-30,0
5704,2018-07-31,0
5705,2018-08-01,0
5706,2018-08-02,0
5707,2018-08-03,0
5708,2018-08-04,0
5709,2018-08-05,0
5710,2018-08-06,0
5711,2018-08-07,0
5712,2018-08-08,0
5713,2018-08-09,0
5714,2018-08-10,0
5715,2018-08-11,0
5716,2018-08-12,0
5717,2018-08-13,0
5718,2018-08-14,0
5719,2018-08-15,0
5720,2018-08-16,0
5721,2018-08-17,0
5722,2018-08-18,0
5723,2018-08-19,0
5724,2018-08-20,0
5725,2018-08-21,0
5726,2018-08-22,0
5727,2018-08-23,0
5728,2018-08-24,0
5729,2018-08-25,0
5730,2018-08-26,0
5731,2018-08-27,0
5732,2018-08-28,0
5733,2018-08-29,0
5734,2018-08-30,0
5735,2018-08-31,0
5736,2018-09-01,0
5737,2018-09-02,0
5738,2018-09-03,0
5739,2018-09-04,0
5740,2018-09-05,0
5741,2018-09-06,0
5742,2018-09-07,0
5743,2018-09-08,0
5744,2018-09-09,0
5745,2018-09-10,0
5746,2018-09-11,0
5747,2018-09-12,0
5748,2018-09-13,0
5749,2018-09-14,0
5750,2018-09-15,0
5751,2018-09-16,0
5752,2018-09-17,0
5753,2018-09-18,0
5754,2018-09-19,0
5755,2018-09-20,0
5756,2018-09-21,0
5757,2018-09-22,0
5758,2018-09-23,0
5759,2018-09-24,0
5760,2018-09-25,0
5761,2018-09-26,0
5762,2018-09-27,0
5763,2018-09-28,0
5764,2018-09-29,0
5765,2018-09-30,0
5766,2018-10-01,0
5767,2018-10-02,0
5768,2018-10-03,0
5769,2018-10-04,0
5770,2018-10-05,0
5771,2018-10-06,0
5772,2018-10-07,0
5773,2018-10-08,0
5774,2018-10-09,0
5775,2018-10-10,0
5776,2018-10-11,0
5777,2018-10-12,0
5778,2018-10-13,0
5779,2018-10-14,0
5780,2018-10-15,0
5781,2018-10-16,0
5782,2018-10-17,0
5783,2018-10-18,0
5784,2018-10-19,0
5785,2018-10-20,0
5786,2018-10-21,0
5787,2018-10-22,0
5788,2018-10-23,0
5789,2018-10-24,0
5790,2018-10-25,0
5791,2018-10-26,0
5792,2018-10-27,0
5793,2018-10-28,0
5794,2018-10-29,0
5795,2018-10-30,0
5796,2018-10-31,0
5797,2018-11-01,0
5798,2018-11-02,0
5799,2018-11-03,0
5800,2018-11-04,0
5801,2018-11-05,0
5802,2018-11-06,0
5803,2018-11-07,0
5804,2018-11-08,0
5805,2018-11-09,0
5806,2018-11-10,0
5807,2018-11-11,0
5808,2018-11-12,0
5809,2018-11-13,0
5810,2018-11-14,0
5811,2018-11-15,0
5812,2018-11-16,0
5813,2018-11-17,0
5814,2018-11-18,0
5815,2018-11-19,0
5816,2018-11-20,0
5817,2018-11-21,0
5818,2018-11-22,0
5819,2018-11-23,0
5820,2018-11-24,0
5821,2018-11-25,0
5822,2018-11-26,0
5823,2018-11-27,0
5824,2018-11-28,0
5825,2018-11-29,0
5826,2018-11-30,0
5827,2018-12-01,0
5828,2018-12-02,0
5829,2018-12-03,0
5830,2018-12-04,0
5831,2018-12-05,0
5832,2018-12-06,0
5833,2018-12-07,0
5834,2018-12-08,0
5835,2018-12-09,0
5836,2018-12-10,0
5837,2018-12-11,0
5838,2018-12-12,0
5839,2018-12-13,0
5840,2018-12-14,0
5841,2018-12-15,0
5842,2018-12-16,0
5843,2018-12-17,0
5844,2018-12-18,0
5845,2018-12-19,0
5846,2018-12-20,0
5847,2018-12-21,0
5848,2018-12-22,0
5849,2018-12-23,0
5850,2018-12-24,0
5851,2018-12-25,0
5852,2018-12-26,0
5853,2018-12-27,0
5854,2018-12-28,0
5855,2018-12-29,0
5856,2018-12-30,0
5857,2018-12-31,0
5858,2019-01-01,0
5859,2019-01-02,0
5860,2019-01-03,0
5861,2019-01-04,0
5862,2019-01-05,0
5863,2019-01-06,0
5864,2019-01-07,0
5865,2019-01-08,0
5866,2019-01-09,0
5867,2019-01-10,0
5868,2019-01-11,0
5869,2019-01-12,0
5870,2019-01-13,0
5871,2019-01-14,0
5872,2019-01-15,0
5873,2019-01-16,0
5874,2019-01-17,0
5875,2019-01-18,0
5876,2019-01-19,0
5877,2019-01-20,0
5878,2019-01-21,0
5879,2019-01-22,0
5880,2019-01-23,0
5881,2019-01-24,0
5882,2019-01-25,0
5883,2019-01-26,0
5884,2019-01-27,0
5885,2019-01-28,0
5886,2019-01-29,0
5887,2019-01-30,0
5888,2019-01-31,0
5889,2019-02-01,0
5890,2019-02-02,0
5891,2019-02-03,0
5892,2019-02-04,0
5893,2019-02-05,0
5894,2019-02-06,0
5895,2019-02-07,0
5896,2019-02-08,0
5897,2019-02-09,0
5898,2019-02-10,0
5899,2019-02-11,0
5900,2019-02-12,0
5901,2019-02-13,0
5902,2019-02-14,0
5903,2019-02-15,0
5904,2019-02-16,0
5905,2019-02-17,0
5906,2019-02-18,0
5907,2019-02-19,0
5908,2019-02-20,0
5909,2019-02-21,0
5910,2019-02-22,0
5911,2019-02-23,0
5912,2019-02-24,0
5913,2019-02-25,0
5914,2019-02-26,0
5915,2019-02-27,0
5916,2019-02-28,0
5917,2019-03-01,0
5918,2019-03-02,0
5919,2019-03-03,0
5920,2019-03-04,0
5921,2019-03-05,0
5922,2019-03-06,0
5923,2019-03-07,0
5924,2019-03-08,0
5925,2019-03-09,0
5926,2019-03-10,0
5927,2019-03-11,0
5928,2019-03-12,0
5929,2019-03-13,0
5930,2019-03-14,0
5931,2019-03-15,0
5932,2019-03-16,0
5933,2019-03-17,0
5934,2019-03-18,0
5935,2019-03-19,0
5936,2019-03-20,0
5937,2019-03-21,0
5938,2019-03-22,0
5939,2019-03-23,0
5940,2019-03-24,0
5941,2019-03-25,0
5942,2019-03-26,0
5943,2019-03-27,0
5944,2019-03-28,0
5945,2019-03-29,0
5946,2019-03-30,0
5947,2019-03-31,0
5948,2019-04-01,0
5949,2019-04-02,0
5950,2019-04-03,0
5951,2019-04-04,0
5952,2019-04-05,0
5953,2019-04-06,0
5954,2019-04-07,0
5955,2019-04-08,0
5956,2019-04-09,0
5957,2019-04-10,0
5958,2019-04-11,0
5959,2019-04-12,0
5960,2019-04-13,0
5961,2019-04-14,0
5962,2019-04-15,0
5963,2019-04-16,0
5964,2019-04-17,0
5965,2019-04-18,0
5966,2019-04-19,0
5967,2019-04-20,0
5968,2019-04-21,0
5969,2019-04-22,0
5970,2019-04-23,0
5971,2019-04-24,0
5972,2019-04-25,0
5973,2019-04-26,0
5974,2019-04-27,0
5975,2019-04-28,0
5976,2019-04-29,0
5977,2019-04-30,0
5978,2019-05-01,0
5979,2019-05-02,0
5980,2019-05-03,0
5981,2019-05-04,0
5982,2019-05-05,0
5983,2019-05-06,0
5984,2019-05-07,0
5985,2019-05-08,0
5986,2019-05-09,0
5987,2019-05-10,0
5988,2019-05-11,0
5989,2019-05-12,0
5990,2019-05-13,0
5991,2019-05-14,0
5992,2019-05-15,0
5993,2019-05-16,0
5994,2019-05-17,0
5995,2019-05-18,0
5996,2019-05-19,0
5997,2019-05-20,0
5998,2019-05-21,0
5999,2019-05-22,0
6000,2019-05-23,0
6001,2019-05-24,0
6002,2019-05-25,0
6003,2019-05-26,0
6004,2019-05-27,0
6005,2019-05-28,0
6006,2019-05-29,0
6007,2019-05-30,0
6008,2019-05-31,0
6009,2019-06-01,0
6010,2019-06-02,0
6011,2019-06-03,0
6012,2019-06-04,0
6013,2019-06-05,0
6014,2019-06-06,0
6015,2019-06-07,0
6016,2019-06-08,0
6017,2019-06-09,0
6018,2019-06-10,0
6019,2019-06-11,0
6020,2019-06-12,0
6021,2019-06-13,0
6022,2019-06-14,0
6023,2019-06-15,0
6024,2019-06-16,0
6025,2019-06-17,0
6026,2019-06-18,0
6027,2019-06-19,0
6028,2019-06-20,0
6029,2019-06-21,0
6030,2019-06-22,0
6031,2019-06-23,0
6032,2019-06-24,0
6033,2019-06-25,0
6034,2019-06-26,0
6035,2019-06-27,0
6036,2019-06-28,0
6037,2019-06-29,0
6038,2019-06-30,0
6039,2019-07-01,0
6040,2019-07-02,0
6041,2019-07-03,0
6042,2019-07-04,0
6043,2019-07-05,0
6044,2019-07-06,0
6045,2019-07-07,0
6046,2019-07-08,0
6047,2019-07-09,0
6048,2019-07-10,0
6049,2019-07-11,0
6050,2019-07-12,0
6051,2019-07-13,0
6052,2019-07-14,0
6053,2019-07-15,0
6054,2019-07-16,0
6055,2019-07-17,0
6056,2019-07-18,0
6057,2019-07-19,0
6058,2019-07-20,0
6059,2019-07-21,0
6060,2019-07-22,0
6061,2019-07-23,0
6062,2019-07-24,0
6063,2019-07-25,0
6064,2019-07-26,0
6065,2019-07-27,0
6066,2019-07-28,0
6067,2019-07-29,0
6068,2019-07-30,0
6069,2019-07-31,0
6070,2019-08-01,0
6071,2019-08-02,0
6072,2019-08-03,0
6073,2019-08-04,0
6074,2019-08-05,0
6075,2019-08-06,0
6076,2019-08-07,0
6077,2019-08-08,0
6078,2019-08-09,0
6079,2019-08-10,0
6080,2019-08-11,0
6081,2019-08-12,0
6082,2019-08-13,0
6083,2019-08-14,0
6084,2019-08-15,0
6085,2019-08-16,0
6086,2019-08-17,0
6087,2019-08-18,0
6088,2019-08-19,0
6089,2019-08-20,0
6090,2019-08-21,0
6091,2019-08-22,0
6092,2019-08-23,0
6093,2019-08-24,0
6094,2019-08-25,0
6095,2019-08-26,0
6096,2019-08-27,0
6097,2019-08-28,0
6098,2019-08-29,0
6099,2019-08-30,0
6100,2019-08-31,0
6101,2019-09-01,0
6102,2019-09-02,0
6103,2019-09-03,0
6104,2019-09-04,0
6105,2019-09-05,0
6106,2019-09-06,0
6107,2019-09-07,0
6108,2019-09-08,0
6109,2019-09-09,0
6110,2019-09-10,0
6111,2019-09-11,0
6112,2019-09-12,0
6113,2019-09-13,0
6114,2019-09-14,0
6115,2019-09-15,0
6116,2019-09-16,0
6117,2019-09-17,0
6118,2019-09-18,0
6119,2019-09-19,0
6120,2019-09-20,0
6121,2019-09-21,0
6122,2019-09-22,0
6123,2019-09-23,0
6124,2019-09-24,0
6125,2019-09-25,0
6126,2019-09-26,0
6127,2019-09-27,0
6128,2019-09-28,0
6129,2019-09-29,0
6130,2019-09-30,0
6131,2019-10-01,0
6132,2019-10-02,0
6133,2019-10-03,0
6134,2019-10-04,0
6135,2019-10-05,0
6136,2019-10-06,0
6137,2019-10-07,0
6138,2019-10-08,0
6139,2019-10-09,0
6140,2019-10-10,0
6141,2019-10-11,0
6142,2019-10-12,0
6143,2019-10-13,0
6144,2019-10-14,0
6145,2019-10-15,0
6146,2019-10-16,0
6147,2019-10-17,0
6148,2019-10-18,0
6149,2019-10-19,0
6150,2019-10-20,0
6151,2019-10-21,0
6152,2019-10-22,0
6153,2019-10-23,0
6154,2019-10-24,0
6155,2019-10-25,0
6156,2019-10-26,0
6157,2019-10-27,0
6158,2019-10-28,0
6159,2019-10-29,0
6160,2019-10-30,0
6161,2019-10-31,0
6162,2019-11-01,0
6163,2019-11-02,0
6164,2019-11-03,0
6165,2019-11-04,0
6166,2019-11-05,0
6167,2019-11-06,0
6168,2019-11-07,0
6169,2019-11-08,0
6170,2019-11-09,0
6171,2019-11-10,0
6172,2019-11-11,0
6173,2019-11-12,0
6174,2019-11-13,0
6175,2019-11-14,0
6176,2019-11-15,0
6177,2019-11-16,0
6178,2019-11-17,0
6179,2019-11-18,0
6180,2019-11-19,0
6181,2019-11-20,0
6182,2019-11-21,0
6183,2019-11-22,0
6184,2019-11-23,0
6185,2019-11-24,0
6186,2019-11-25,0
6187,2019-11-26,0
6188,2019-11-27,0
6189,2019-11-28,0
6190,2019-11-29,0
6191,2019-11-30,0
6192,2019-12-01,0
6193,2019-12-02,0
6194,2019-12-03,0
6195,2019-12-04,0
6196,2019-12-05,0
6197,2019-12-06,0
6198,2019-12-07,0
6199,2019-12-08,0
6200,2019-12-09,0
6201,2019-12-10,0
6202,2019-12-11,0
6203,2019-12-12,0
6204,2019-12-13,0
6205,2019-12-14,0
6206,2019-12-15,0
6207,2019-12-16,0
6208,2019-12-17,0
6209,2019-12-18,0
6210,2019-12-19,0
6211,2019-12-20,0
6212,2019-12-21,0
6213,2019-12-22,0
6214,2019-12-23,0
6215,2019-12-24,0
6216,2019-12-25,0
6217,2019-12-26,0
6218,2019-12-27,0
6219,2019-12-28,0
6220,2019-12-29,0
6221,2019-12-30,0
6222,2019-12-31,0
6223,2020-01-01,0
6224,2020-01-02,0
6225,2020-01-03,0
6226,2020-01-04,0
6227,2020-01-05,0
6228,2020-01-06,0
6229,2020-01-07,0
6230,2020-01-08,0
6231,2020-01-09,0
6232,2020-01-10,0
6233,2020-01-11,0
6234,2020-01-12,0
6235,2020-01-13,0
6236,2020-01-14,0
6237,2020-01-15,0
6238,2020-01-16,0
6239,2020-01-17,0
6240,2020-01-18,0
6241,2020-01-19,0
6242,2020-01-20,0
6243,2020-01-21,0
6244,2020-01-22,0
6245,2020-01-23,0
6246,2020-01-24,0
6247,2020-01-25,0
6248,2020-01-26,0
6249,2020-01-27,0
6250,2020-01-28,0
6251,2020-01-29,0
6252,2020-01-30,0
6253,2020-01-31,0
6254,2020-02-01,0
6255,2020-02-02,0
6256,2020-02-03,0
6257,2020-02-04,0
6258,2020-02-05,0
6259,2020-02-06,0
6260,2020-02-07,0
6261,2020-02-08,0
6262,2020-02-09,0
6263,2020-02-10,0
6264,2020-02-11,0
6265,2020-02-12,0
6266,2020-02-13,0
6267,2020-02-14,0
6268,2020-02-15,0
6269,2020-02-16,0
6270,2020-02-17,0
6271,2020-02-18,0
6272,2020-02-19,0
6273,2020-02-20,0
6274,2020-02-21,0
6275,2020-02-22,0
6276,2020-02-23,0
6277,2020-02-24,0
6278,2020-02-25,0
6279,2020-02-26,0
6280,2020-02-27,0
6281,2020-02-28,0
6282,2020-02-29,0
6283,2020-03-01,0
6284,2020-03-02,0
6285,2020-03-03,0
6286,2020-03-04,0
6287,2020-03-05,0
6288,2020-03-06,0
6289,2020-03-07,0
6290,2020-03-08,0
6291,2020-03-09,0
6292,2020-03-10,0
6293,2020-03-11,0
6294,2020-03-12,0
6295,2020-03-13,0
6296,2020-03-14,0
6297,2020-03-15,0
6298,2020-03-16,0
6299,2020-03-17,0
6300,2020-03-18,0
6301,2020-03-19,0
6302,2020-03-20,0
6303,2020-03-21,0
6304,2020-03-22,0
6305,2020-03-23,0
6306,2020-03-24,0
6307,2020-03-25,0
6308,2020-03-26,0
6309,2020-03-27,0
6310,2020-03-28,0
6311,2020-03-29,0
6312,2020-03-30,0
6313,2020-03-31,0
6314,2020-04-01,0
6315,2020-04-02,0
6316,2020-04-03,0
6317,2020-04-04,0
6318,2020-04-05,0
6319,2020-04-06,0
6320,2020-04-07,0
6321,2020-04-08,0
6322,2020-04-09,0
6323,2020-04-10,0
6324,2020-04-11,0
6325,2020-04-12,0
6326,2020-04-13,0
6327,2020-04-14,0
6328,2020-04-15,0
6329,2020-04-16,0
6330,2020-04-17,0
6331,2020-04-18,0
6332,2020-04-19,0
6333,2020-04-20,0
6334,2020-04-21,0
6335,2020-04-22,0
6336,2020-04-23,0
6337,2020-04-24,0
6338,2020-04-25,0
6339,2020-04-26,0
6340,2020-04-27,0
6341,2020-04-28,0
6342,2020-04-29,0
6343,2020-04-30,0
6344,2020-05-01,0
6345,2020-05-02,0
6346,2020-05-03,0
6347,2020-05-04,0
6348,2020-05-05,0
6349,2020-05-06,0
6350,2020-05-07,0
6351,2020-05-08,0
6352,2020-05-09,0
6353,2020-05-10,0
6354,2020-05-11,0
6355,2020-05-12,0
6356,2020-05-13,0
6357,2020-05-14,0
6358,2020-05-15,0
6359,2020-05-16,0
6360,2020-05-17,0
6361,2020-05-18,0
6362,2020-05-19,0
6363,2020-05-20,0
6364,2020-05-21,0
6365,2020-05-22,0
6366,2020-05-23,0
6367,2020-05-24,0
6368,2020-05-25,0
6369,2020-05-26,0
6370,2020-05-27,0
6371,2020-05-28,0
6372,2020-05-29,0
6373,2020-05-30,0
6374,2020-05-31,0
6375,2020-06-01,0
6376,2020-06-02,0
6377,2020-06-03,0
6378,2020-06-04,0
6379,2020-06-05,0
6380,2020-06-06,0
6381,2020-06-07,0
6382,2020-06-08,0
6383,2020-06-09,0
6384,2020-06-10,0
6385,2020-06-11,0
6386,2020-06-12,0
6387,2020-06-13,0
6388,2020-06-14,0
6389,2020-06-15,0
6390,2020-06-16,0
6391,2020-06-17,0
6392,2020-06-18,0
6393,2020-06-19,0
6394,2020-06-20,0
6395,2020-06-21,0
6396,2020-06-22,0
6397,2020-06-23,0
6398,2020-06-24,0
6399,2020-06-25,0
6400,2020-06-26,0
6401,2020-06-27,0
6402,2020-06-28,0
6403,2020-06-29,0
6404,2020-06-30,0
6405,2020-07-01,0
6406,2020-07-02,0
6407,2020-07-03,0
6408,2020-07-04,0
6409,2020-07-05,0
6410,2020-07-06,0
6411,2020-07-07,0
6412,2020-07-08,0
6413,2020-07-09,0
6414,2020-07-10,0
6415,2020-07-11,0
6416,2020-07-12,0
6417,2020-07-13,0
6418,2020-07-14,0
6419,2020-07-15,0
6420,2020-07-16,0
6421,2020-07-17,0
6422,2020-07-18,0
6423,2020-07-19,0
6424,2020-07-20,0
6425,2020-07-21,0
6426,2020-07-22,0
6427,2020-07-23,0
6428,2020-07-24,0
6429,2020-07-25,0
6430,2020-07-26,0
6431,2020-07-27,0
6432,2020-07-28,0
6433,2020-07-29,0
6434,2020-07-30,0
6435,2020-07-31,0
6436,2020-08-01,0
6437,2020-08-02,0
6438,2020-08-03,0
6439,2020-08-04,0
6440,2020-08-05,0
6441,2020-08-06,0
6442,2020-08-07,0
6443,2020-08-08,0
6444,2020-08-09,0
6445,2020-08-10,0
6446,2020-08-11,0
6447,2020-08-12,0
6448,2020-08-13,0
6449,2020-08-14,0
6450,2020-08-15,0
6451,2020-08-16,0
6452,2020-08-17,0
6453,2020-08-18,0
6454,2020-08-19,0
6455,2020-08-20,0
6456,2020-08-21,0
6457,2020-08-22,0
6458,2020-08-23,0
6459,2020-08-24,0
6460,2020-08-25,0
6461,2020-08-26,0
6462,2020-08-27,0
6463,2020-08-28,0
6464,2020-08-29,0
6465,2020-08-30,0
6466,2020-08-31,0
6467,2020-09-01,0
6468,2020-09-02,0
6469,2020-09-03,0
6470,2020-09-04,0
6471,2020-09-05,0
6472,2020-09-06,0
6473,2020-09-07,0
6474,2020-09-08,0
6475,2020-09-09,0
6476,2020-09-10,0
6477,2020-09-11,0
6478,2020-09-12,0
6479,2020-09-13,0
6480,2020-09-14,0
6481,2020-09-15,0
6482,2020-09-16,0
6483,2020-09-17,0
6484,2020-09-18,0
6485,2020-09-19,0
6486,2020-09-20,0
6487,2020-09-21,0
6488,2020-09-22,0
6489,2020-09-23,0
6490,2020-09-24,0
6491,2020-09-25,0
6492,2020-09-26,0
6493,2020-09-27,0
6494,2020-09-28,0
6495,2020-09-29,0
6496,2020-09-30,0
6497,2020-10-01,0
6498,2020-10-02,0
6499,2020-10-03,0
6500,2020-10-04,0
6501,2020-10-05,0
6502,2020-10-06,0
6503,2020-10-07,0
6504,2020-10-08,0
6505,2020-10-09,0
6506,2020-10-10,0
6507,2020-10-11,0
6508,2020-10-12,0
6509,2020-10-13,0
6510,2020-10-14,0
6511,2020-10-15,0
6512,2020-10-16,0
6513,2020-10-17,0
6514,2020-10-18,0
6515,2020-10-19,0
6516,2020-10-20,0
6517,2020-10-21,0
6518,2020-10-22,0
6519,2020-10-23,0
6520,2020-10-24,0
6521,2020-10-25,0
6522,2020-10-26,0
6523,2020-10-27,0
6524,2020-10-28,0
6525,2020-10-29,0
6526,2020-10-30,0
6527,2020-10-31,0
6528,2020-11-01,0
6529,2020-11-02,0
6530,2020-11-03,0
6531,2020-11-04,0
6532,2020-11-05,0
6533,2020-11-06,0
6534,2020-11-07,0
6535,2020-11-08,0
6536,2020-11-09,0
6537,2020-11-10,0
6538,2020-11-11,0
6539,2020-11-12,0
6540,2020-11-13,0
6541,2020-11-14,0
6542,2020-11-15,0
6543,2020-11-16,0
6544,2020-11-17,0
6545,2020-11-18,0
6546,2020-11-19,0
6547,2020-11-20,0
6548,2020-11-21,0
6549,2020-11-22,0
6550,2020-11-23,0
6551,2020-11-24,0
6552,2020-11-25,0
6553,2020-11-26,0
6554,2020-11-27,0
6555,2020-11-28,0
6556,2020-11-29,0
6557,2020-11-30,0
6558,2020-12-01,0
6559,2020-12-02,0
6560,2020-12-03,0
6561,2020-12-04,0
6562,2020-12-05,0
6563,2020-12-06,0
6564,2020-12-07,0
6565,2020-12-08,0
6566,2020-12-09,0
6567,2020-12-10,0
6568,2020-12-11,0
6569,2020-12-12,0
6570,2020-12-13,0
6571,2020-12-14,0
6572,2020-12-15,0
6573,2020-12-16,0
6574,2020-12-17,0
6575,2020-12-18,0
6576,2020-12-19,0
6577,2020-12-20,0
6578,2020-12-21,0
6579,2020-12-22,0
6580,2020-12-23,0
6581,2020-12-24,0
6582,2020-12-25,0
6583,2020-12-26,0
6584,2020-12-27,0
6585,2020-12-28,0
6586,2020-12-29,0
6587,2020-12-30,0
6588,2020-12-31,0
6589,2021-01-01,0
6590,2021-01-02,0
6591,2021-01-03,0
6592,2021-01-04,0
6593,2021-01-05,0
6594,2021-01-06,0
6595,2021-01-07,0
6596,2021-01-08,0
6597,2021-01-09,0
6598,2021-01-10,0
6599,2021-01-11,0
6600,2021-01-12,0
6601,2021-01-13,0
6602,2021-01-14,0
6603,2021-01-15,0
6604,2021-01-16,0
6605,2021-01-17,0
6606,2021-01-18,0
6607,2021-01-19,0
6608,2021-01-20,0
6609,2021-01-21,0
6610,2021-01-22,0
6611,2021-01-23,0
6612,2021-01-24,0
6613,2021-01-25,0
6614,2021-01-26,0
6615,2021-01-27,0
6616,2021-01-28,0
6617,2021-01-29,0
6618,2021-01-30,0
6619,2021-01-31,0
6620,2021-02-01,0
6621,2021-02-02,0
6622,2021-02-03,0
6623,2021-02-04,0
6624,2021-02-05,0
6625,2021-02-06,0
6626,2021-02-07,0
6627,2021-02-08,0
6628,2021-02-09,0
6629,2021-02-10,0
6630,2021-02-11,0
6631,2021-02-12,0
6632,2021-02-13,0
6633,2021-02-14,0
6634,2021-02-15,0
6635,2021-02-16,0
6636,2021-02-17,0
6637,2021-02-18,0
6638,2021-02-19,0
6639,2021-02-20,0
6640,2021-02-21,0
6641,2021-02-22,0
6642,2021-02-23,0
6643,2021-02-24,0
6644,2021-02-25,0
6645,2021-02-26,0
6646,2021-02-27,0
6647,2021-02-28,0
6648,2021-03-01,0
6649,2021-03-02,0
6650,2021-03-03,0
6651,2021-03-04,0
6652,2021-03-05,0
6653,2021-03-06,0
6654,2021-03-07,0
6655,2021-03-08,0
6656,2021-03-09,0
6657,2021-03-10,0
6658,2021-03-11,0
6659,2021-03-12,0
6660,2021-03-13,0
6661,2021-03-14,0
6662,2021-03-15,0
6663,2021-03-16,0
6664,2021-03-17,0
6665,2021-03-18,0
6666,2021-03-19,0
6667,2021-03-20,0
6668,2021-03-21,0
6669,2021-03-22,0
6670,2021-03-23,0
6671,2021-03-24,0
6672,2021-03-25,0
6673,2021-03-26,0
6674,2021-03-27,0
6675,2021-03-28,0
6676,2021-03-29,0
6677,2021-03-30,0
6678,2021-03-31,0
6679,2021-04-01,0
6680,2021-04-02,0
6681,2021-04-03,0
6682,2021-04-04,0
6683,2021-04-05,0
6684,2021-04-06,0
6685,2021-04-07,0
6686,2021-04-08,0
6687,2021-04-09,0
6688,2021-04-10,0
6689,2021-04-11,0
6690,2021-04-12,0
6691,2021-04-13,0
6692,2021-04-14,0
6693,2021-04-15,0
6694,2021-04-16,0
6695,2021-04-17,0
6696,2021-04-18,0
6697,2021-04-19,0
6698,2021-04-20,0
6699,2021-04-21,0
6700,2021-04-22,0
6701,2021-04-23,0
6702,2021-04-24,0
6703,2021-04-25,0
6704,2021-04-26,0
6705,2021-04-27,0
6706,2021-04-28,0
6707,2021-04-29,0
6708,2021-04-30,0
6709,2021-05-01,0
6710,2021-05-02,0
6711,2021-05-03,0
6712,2021-05-04,0
6713,2021-05-05,0
6714,2021-05-06,0
6715,2021-05-07,0
6716,2021-05-08,0
6717,2021-05-09,0
6718,2021-05-10,0
6719,2021-05-11,0
6720,2021-05-12,0
6721,2021-05-13,0
6722,2021-05-14,0
6723,2021-05-15,0
6724,2021-05-16,0
6725,2021-05-17,0
6726,2021-05-18,0
6727,2021-05-19,0
6728,2021-05-20,0
6729,2021-05-21,0
6730,2021-05-22,0
6731,2021-05-23,0
6732,2021-05-24,0
6733,2021-05-25,0
6734,2021-05-26,0
6735,2021-05-27,0
6736,2021-05-28,0
6737,2021-05-29,0
6738,2021-05-30,0
6739,2021-05-31,0
6740,2021-06-01,0
6741,2021-06-02,0
6742,2021-06-03,0
6743,2021-06-04,0
6744,2021-06-05,0
6745,2021-06-06,0
6746,2021-06-07,0
6747,2021-06-08,0
6748,2021-06-09,0
6749,2021-06-10,0
6750,2021-06-11,0
6751,2021-06-12,0
6752,2021-06-13,0
6753,2021-06-14,0
6754,2021-06-15,0
6755,2021-06-16,0
6756,2021-06-17,0
6757,2021-06-18,0
6758,2021-06-19,0
6759,2021-06-20,0
6760,2021-06-21,0
6761,2021-06-22,0
6762,2021-06-23,0
6763,2021-06-24,0
6764,2021-06-25,0
6765,2021-06-26,0
6766,2021-06-27,0
6767,2021-06-28,0
6768,2021-06-29,0
6769,2021-06-30,0
6770,2021-07-01,0
6771,2021-07-02,0
6772,2021-07-03,0
6773,2021-07-04,0
6774,2021-07-05,0
6775,2021-07-06,0
6776,2021-07-07,0
6777,2021-07-08,0
6778,2021-07-09,0
6779,2021-07-10,0
6780,2021-07-11,0
6781,2021-07-12,0
6782,2021-07-13,0
6783,2021-07-14,0
6784,2021-07-15,0
6785,2021-07-16,0
6786,2021-07-17,0
6787,2021-07-18,0
6788,2021-07-19,0
6789,2021-07-20,0
6790,2021-07-21,0
6791,2021-07-22,0
6792,2021-07-23,0
6793,2021-07-24,0
6794,2021-07-25,0
6795,2021-07-26,0
6796,2021-07-27,0
6797,2021-07-28,0
6798,2021-07-29,0
6799,2021-07-30,0
6800,2021-07-31,0
6801,2021-08-01,0
6802,2021-08-02,0
6803,2021-08-03,0
6804,2021-08-04,0
6805,2021-08-05,0
6806,2021-08-06,0
6807,2021-08-07,0
6808,2021-08-08,0
6809,2021-08-09,0
6810,2021-08-10,0
6811,2021-08-11,0
6812,2021-08-12,0
6813,2021-08-13,0
6814,2021-08-14,0
6815,2021-08-15,0
6816,2021-08-16,0
6817,2021-08-17,0
6818,2021-08-18,0
6819,2021-08-19,0
6820,2021-08-20,0
6821,2021-08-21,0
6822,2021-08-22,0
6823,2021-08-23,0
6824,2021-08-24,0
6825,2021-08-25,0
6826,2021-08-26,0
6827,2021-08-27,0
6828,2021-08-28,0
6829,2021-08-29,0
6830,2021-08-30,0
6831,2021-08-31,0
6832,2021-09-01,0
6833,2021-09-02,0
6834,2021-09-03,0
6835,2021-09-04,0
6836,2021-09-05,0
6837,2021-09-06,0
6838,2021-09-07,0
6839,2021-09-08,0
6840,2021-09-09,0
6841,2021-09-10,0
6842,2021-09-11,0
6843,2021-09-12,0
6844,2021-09-13,0
6845,2021-09-14,0
6846,2021-09-15,0
6847,2021-09-16,0
6848,2021-09-17,0
6849,2021-09-18,0
6850,2021-09-19,0
6851,2021-09-20,0
6852,2021-09-21,0
6853,2021-09-22,0
6854,2021-09-23,0
6855,2021-09-24,0
6856,2021-09-25,0
6857,2021-09-26,0
6858,2021-09-27,0
6859,2021-09-28,0
6860,2021-09-29,0
6861,2021-09-30,0
6862,2021-10-01,0
6863,2021-10-02,0
6864,2021-10-03,0
6865,2021-10-04,0
6866,2021-10-05,0
6867,2021-10-06,0
6868,2021-10-07,0
6869,2021-10-08,0
6870,2021-10-09,0
6871,2021-10-10,0
6872,2021-10-11,0
6873,2021-10-12,0
6874,2021-10-13,0
6875,2021-10-14,0
6876,2021-10-15,0
6877,2021-10-16,0
6878,2021-10-17,0
6879,2021-10-18,0
6880,2021-10-19,0
6881,2021-10-20,0
6882,2021-10-21,0
6883,2021-10-22,0
6884,2021-10-23,0
6885,2021-10-24,0
6886,2021-10-25,0
6887,2021-10-26,0
6888,2021-10-27,0
6889,2021-10-28,0
6890,2021-10-29,0
6891,2021-10-30,0
6892,2021-10-31,0
6893,2021-11-01,0
6894,2021-11-02,0
6895,2021-11-03,0
6896,2021-11-04,0
6897,2021-11-05,0
6898,2021-11-06,0
6899,2021-11-07,0
6900,2021-11-08,0
6901,2021-11-09,0
6902,2021-11-10,0
6903,2021-11-11,0
6904,2021-11-12,0
6905,2021-11-13,0
6906,2021-11-14,0
6907,2021-11-15,0
6908,2021-11-16,0
6909,2021-11-17,0
6910,2021-11-18,0
6911,2021-11-19,0
6912,2021-11-20,0
6913,2021-11-21,0
6914,2021-11-22,0
6915,2021-11-23,0
6916,2021-11-24,0
6917,2021-11-25,0
6918,2021-11-26,0
6919,2021-11-27,0
6920,2021-11-28,0
6921,2021-11-29,0
6922,2021-11-30,0
6923,2021-12-01,0
6924,2021-12-02,0
6925,2021-12-03,0
6926,2021-12-04,0
6927,2021-12-05,0
6928,2021-12-06,0
6929,2021-12-07,0
6930,2021-12-08,0
6931,2021-12-09,0
6932,2021-12-10,0
6933,2021-12-11,0
6934,2021-12-12,0
6935,2021-12-13,0
6936,2021-12-14,0
6937,2021-12-15,0
6938,2021-12-16,0
6939,2021-12-17,0
6940,2021-12-18,0
6941,2021-12-19,0
6942,2021-12-20,0
6943,2021-12-21,0
6944,2021-12-22,0
6945,2021-12-23,0
6946,2021-12-24,0
6947,2021-12-25,0
6948,2021-12-26,0
6949,2021-12-27,0
6950,2021-12-28,0
6951,2021-12-29,0
6952,2021-12-30,0
6953,2021-12-31,0
6954,2022-01-01,0
6955,2022-01-02,0
6956,2022-01-03,0
6957,2022-01-04,0
6958,2022-01-05,0
6959,2022-01-06,0
6960,2022-01-07,0
6961,2022-01-08,0
6962,2022-01-09,0
6963,2022-01-10,0
6964,2022-01-11,0
6965,2022-01-12,0
6966,2022-01-13,0
6967,2022-01-14,0
6968,2022-01-15,0
6969,2022-01-16,0
6970,2022-01-17,0
6971,2022-01-18,0
6972,2022-01-19,0
6973,2022-01-20,0
6974,2022-01-21,0
6975,2022-01-22,0
6976,2022-01-23,0
6977,2022-01-24,0
6978,2022-01-25,0
6979,2022-01-26,0
6980,2022-01-27,0
6981,2022-01-28,0
6982,2022-01-29,0
6983,2022-01-30,0
6984,2022-01-31,0
6985,2022-02-01,0
6986,2022-02-02,0
6987,2022-02-03,0
6988,2022-02-04,0
6989,2022-02-05,0
6990,2022-02-06,0
6991,2022-02-07,0
6992,2022-02-08,0
6993,2022-02-09,0
6994,2022-02-10,0
6995,2022-02-11,0
6996,2022-02-12,0
6997,2022-02-13,0
6998,2022-02-14,0
6999,2022-02-15,0
7000,2022-02-16,0
7001,2022-02-17,0
7002,2022-02-18,0
7003,2022-02-19,0
7004,2022-02-20,0
7005,2022-02-21,0
7006,2022-02-22,0
7007,2022-02-23,0
7008,2022-02-24,0
7009,2022-02-25,0
7010,2022-02-26,0
7011,2022-02-27,0
7012,2022-02-28,0
7013,2022-03-01,0
7014,2022-03-02,0
7015,2022-03-03,0
7016,2022-03-04,0
7017,2022-03-05,0
7018,2022-03-06,0
7019,2022-03-07,0
7020,2022-03-08,0
7021,2022-03-09,0
7022,2022-03-10,0
7023,2022-03-11,0
7024,2022-03-12,0
7025,2022-03-13,0
7026,2022-03-14,0
7027,2022-03-15,0
7028,2022-03-16,0
7029,2022-03-17,0
7030,2022-03-18,0
7031,2022-03-19,0
7032,2022-03-20,0
7033,2022-03-21,0
7034,2022-03-22,0
7035,2022-03-23,0
7036,2022-03-24,0
7037,2022-03-25,0
7038,2022-03-26,0
7039,2022-03-27,0
7040,2022-03-28,0
7041,2022-03-29,0
7042,2022-03-30,0
7043,2022-03-31,0
7044,2022-04-01,0
7045,2022-04-02,0
7046,2022-04-03,0
7047,2022-04-04,0
7048,2022-04-05,0
7049,2022-04-06,0
7050,2022-04-07,0
7051,2022-04-08,0
7052,2022-04-09,0
7053,2022-04-10,0
7054,2022-04-11,0
7055,2022-04-12,0
7056,2022-04-13,0
7057,2022-04-14,0
7058,2022-04-15,0
7059,2022-04-16,0
7060,2022-04-17,0
7061,2022-04-18,0
7062,2022-04-19,0
7063,2022-04-20,0
7064,2022-04-21,0
7065,2022-04-22,0
7066,2022-04-23,0
7067,2022-04-24,0
7068,2022-04-25,0
7069,2022-04-26,0
7070,2022-04-27,0
7071,2022-04-28,0
7072,2022-04-29,0
7073,2022-04-30,0
7074,2022-05-01,0
7075,2022-05-02,0
7076,2022-05-03,0
7077,2022-05-04,0
7078,2022-05-05,0
7079,2022-05-06,0
7080,2022-05-07,0
7081,2022-05-08,0
7082,2022-05-09,0
7083,2022-05-10,0
7084,2022-05-11,0
7085,2022-05-12,0
7086,2022-05-13,0
7087,2022-05-14,0
7088,2022-05-15,0
7089,2022-05-16,0
7090,2022-05-17,0
7091,2022-05-18,0
7092,2022-05-19,0
7093,2022-05-20,0
7094,2022-05-21,0
7095,2022-05-22,0
7096,2022-05-23,0
7097,2022-05-24,0
7098,2022-05-25,0
7099,2022-05-26,0
7100,2022-05-27,0
7101,2022-05-28,0
7102,2022-05-29,0
7103,2022-05-30,0
7104,2022-05-31,0
7105,2022-06-01,0
7106,2022-06-02,0
7107,2022-06-03,0
7108,2022-06-04,0
7109,2022-06-05,0
7110,2022-06-06,0
7111,2022-06-07,0
7112,2022-06-08,0
7113,2022-06-09,0
7114,2022-06-10,0
7115,2022-06-11,0
7116,2022-06-12,0
7117,2022-06-13,0
7118,2022-06-14,0
7119,2022-06-15,0
7120,2022-06-16,0
7121,2022-06-17,0
7122,2022-06-18,0
7123,2022-06-19,0
7124,2022-06-20,0
7125,2022-06-21,0
7126,2022-06-22,0
7127,2022-06-23,0
7128,2022-06-24,0
7129,2022-06-25,0
7130,2022-06-26,0
7131,2022-06-27,0
7132,2022-06-28,0
7133,2022-06-29,0
7134,2022-06-30,0
7135,2022-07-01,0
7136,2022-07-02,0
7137,2022-07-03,0
7138,2022-07-04,0
7139,2022-07-05,0
7140,2022-07-06,0
7141,2022-07-07,0
7142,2022-07-08,0
7143,2022-07-09,0
7144,2022-07-10,0
7145,2022-07-11,0
7146,2022-07-12,0
7147,2022-07-13,0
7148,2022-07-14,0
7149,2022-07-15,0
7150,2022-07-16,0
7151,2022-07-17,0
7152,2022-07-18,0
7153,2022-07-19,0
7154,2022-07-20,0
7155,2022-07-21,0
7156,2022-07-22,0
7157,2022-07-23,0
7158,2022-07-24,0
7159,2022-07-25,0
7160,2022-07-26,0
7161,2022-07-27,0
7162,2022-07-28,0
7163,2022-07-29,0
7164,2022-07-30,0
7165,2022-07-31,0
7166,2022-08-01,0
7167,2022-08-02,0
7168,2022-08-03,0
7169,2022-08-04,0
7170,2022-08-05,0
7171,2022-08-06,0
7172,2022-08-07,0
7173,2022-08-08,0
7174,2022-08-09,0
7175,2022-08-10,0
7176,2022-08-11,0
7177,2022-08-12,0
7178,2022-08-13,0
7179,2022-08-14,0
7180,2022-08-15,0
7181,2022-08-16,0
7182,2022-08-17,0
7183,2022-08-18,0
7184,2022-08-19,0
7185,2022-08-20,0
7186,2022-08-21,0
7187,2022-08-22,0
7188,2022-08-23,0
7189,2022-08-24,0
7190,2022-08-25,0
7191,2022-08-26,0
7192,2022-08-27,0
7193,2022-08-28,0
7194,2022-08-29,0
7195,2022-08-30,0
7196,2022-08-31,0
7197,2022-09-01,0
7198,2022-09-02,0
7199,2022-09-03,0
7200,2022-09-04,0
7201,2022-09-05,0
7202,2022-09-06,0
7203,2022-09-07,0
7204,2022-09-08,0
7205,2022-09-09,0
7206,2022-09-10,0
7207,2022-09-11,0
7208,2022-09-12,0
7209,2022-09-13,0
7210,2022-09-14,0
7211,2022-09-15,0
7212,2022-09-16,0
7213,2022-09-17,0
7214,2022-09-18,0
7215,2022-09-19,0
7216,2022-09-20,0
7217,2022-09-21,0
7218,2022-09-22,0
7219,2022-09-23,0
7220,2022-09-24,0
7221,2022-09-25,0
7222,2022-09-26,0
7223,2022-09-27,0
7224,2022-09-28,0
7225,2022-09-29,0
7226,2022-09-30,0
7227,2022-10-01,0
7228,2022-10-02,0
7229,2022-10-03,0
7230,2022-10-04,0
7231,2022-10-05,0
7232,2022-10-06,0
7233,2022-10-07,0
7234,2022-10-08,0
7235,2022-10-09,0
7236,2022-10-10,0
7237,2022-10-11,0
7238,2022-10-12,0
7239,2022-10-13,0
7240,2022-10-14,0
7241,2022-10-15,0
7242,2022-10-16,0
7243,2022-10-17,0
7244,2022-10-18,0
7245,2022-10-19,0
7246,2022-10-20,0
7247,2022-10-21,0
7248,2022-10-22,0
7249,2022-10-23,0
7250,2022-10-24,0
7251,2022-10-25,0
7252,2022-10-26,0
7253,2022-10-27,0
7254,2022-10-28,0
7255,2022-10-29,0
7256,2022-10-30,0
7257,2022-10-31,0
7258,2022-11-01,0
7259,2022-11-02,0
7260,2022-11-03,0
7261,2022-11-04,0
7262,2022-11-05,0
7263,2022-11-06,0
7264,2022-11-07,0
7265,2022-11-08,0
7266,2022-11-09,0
7267,2022-11-10,0
7268,2022-11-11,0
7269,2022-11-12,0
7270,2022-11-13,0
7271,2022-11-14,0
7272,2022-11-15,0
7273,2022-11-16,0
7274,2022-11-17,0
7275,2022-11-18,0
7276,2022-11-19,0
7277,2022-11-20,0
7278,2022-11-21,0
7279,2022-11-22,0
7280,2022-11-23,0
7281,2022-11-24,0
7282,2022-11-25,0
7283,2022-11-26,0
7284,2022-11-27,0
7285,2022-11-28,0
7286,2022-11-29,0
7287,2022-11-30,0
7288,2022-12-01,0
7289,2022-12-02,0
7290,2022-12-03,0
7291,2022-12-04,0
7292,2022-12-05,0
7293,2022-12-06,0
7294,2022-12-07,0
7295,2022-12-08,0
7296,2022-12-09,0
7297,2022-12-10,0
7298,2022-12-11,0
7299,2022-12-12,0
7300,2022-12-13,0
7301,2022-12-14,0
7302,2022-12-15,0
7303,2022-12-16,0
7304,2022-12-17,0
7305,2022-12-18,0
7306,2022-12-19,0
7307,2022-12-20,0
7308,2022-12-21,0
7309,2022-12-22,0
7310,2022-12-23,0
7311,2022-12-24,0
7312,2022-12-25,0
7313,2022-12-26,0
7314,2022-12-27,0
7315,2022-12-28,0
7316,2022-12-29,0
7317,2022-12-30,0
7318,2022-12-31,0
7319,2023-01-01,0
7320,2023-01-02,0
7321,2023-01-03,0
7322,2023-01-04,0
7323,2023-01-05,0
7324,2023-01-06,0
7325,2023-01-07,0
7326,2023-01-08,0
7327,2023-01-09,0
7328,2023-01-10,0
7329,2023-01-11,0
7330,2023-01-12,0
7331,2023-01-13,0
7332,2023-01-14,0
7333,2023-01-15,0
7334,2023-01-16,0
7335,2023-01-17,0
7336,2023-01-18,0
7337,2023-01-19,0
7338,2023-01-20,0
7339,2023-01-21,0
7340,2023-01-22,0
7341,2023-01-23,0
7342,2023-01-24,0
7343,2023-01-25,0
7344,2023-01-26,0
7345,2023-01-27,0
7346,2023-01-28,0
7347,2023-01-29,0
7348,2023-01-30,0
7349,2023-01-31,0
7350,2023-02-01,0
7351,2023-02-02,0
7352,2023-02-03,0
7353,2023-02-04,0
7354,2023-02-05,0
7355,2023-02-06,0
7356,2023-02-07,0
7357,2023-02-08,0
7358,2023-02-09,0
7359,2023-02-10,0
7360,2023-02-11,0
7361,2023-02-12,0
7362,2023-02-13,0
7363,2023-02-14,0
7364,2023-02-15,0
7365,2023-02-16,0
7366,2023-02-17,0
7367,2023-02-18,0
7368,2023-02-19,0
7369,2023-02-20,0
7370,2023-02-21,0
7371,2023-02-22,0
7372,2023-02-23,0
7373,2023-02-24,0
7374,2023-02-25,0
7375,2023-02-26,0
7376,2023-02-27,0
7377,2023-02-28,0
7378,2023-03-01,0
7379,2023-03-02,0
7380,2023-03-03,0
7381,2023-03-04,0
7382,2023-03-05,0
7383,2023-03-06,0
7384,2023-03-07,0
7385,2023-03-08,0
7386,2023-03-09,0
7387,2023-03-10,0
7388,2023-03-11,0
7389,2023-03-12,0
7390,2023-03-13,0
7391,2023-03-14,0
7392,2023-03-15,0
7393,2023-03-16,0
7394,2023-03-17,0
7395,2023-03-18,0
7396,2023-03-19,0
7397,2023-03-20,0
7398,2023-03-21,0
7399,2023-03-22,0
7400,2023-03-23,0
7401,2023-03-24,0
7402,2023-03-25,0
7403,2023-03-26,0
7404,2023-03-27,0
7405,2023-03-28,0
7406,2023-03-29,0
7407,2023-03-30,0
7408,2023-03-31,0
7409,2023-04-01,0
7410,2023-04-02,0
7411,2023-04-03,0
7412,2023-04-04,0
7413,2023-04-05,0
7414,2023-04-06,0
7415,2023-04-07,0
7416,2023-04-08,0
7417,2023-04-09,0
7418,2023-04-10,0
7419,2023-04-11,0
7420,2023-04-12,0
7421,2023-04-13,0
7422,2023-04-14,0
7423,2023-04-15,0
7424,2023-04-16,0
7425,2023-04-17,0
7426,2023-04-18,0
7427,2023-04-19,0
7428,2023-04-20,0
7429,2023-04-21,0
7430,2023-04-22,0
7431,2023-04-23,0
7432,2023-04-24,0
7433,2023-04-25,0
7434,2023-04-26,0
7435,2023-04-27,0
7436,2023-04-28,0
7437,2023-04-29,0
7438,2023-04-30,0
7439,2023-05-01,0
7440,2023-05-02,0
7441,2023-05-03,0
7442,2023-05-04,0
7443,2023-05-05,0
7444,2023-05-06,0
7445,2023-05-07,0
7446,2023-05-08,0
7447,2023-05-09,0
7448,2023-05-10,0
7449,2023-05-11,0
7450,2023-05-12,0
7451,2023-05-13,0
7452,2023-05-14,0
7453,2023-05-15,0
7454,2023-05-16,0
7455,2023-05-17,0
7456,2023-05-18,0
7457,2023-05-19,0
7458,2023-05-20,0
7459,2023-05-21,0
7460,2023-05-22,0
7461,2023-05-23,0
7462,2023-05-24,0
7463,2023-05-25,0
7464,2023-05-26,0
7465,2023-05-27,0
7466,2023-05-28,0
7467,2023-05-29,0
7468,2023-05-30,0
7469,2023-05-31,0
7470,2023-06-01,0
7471,2023-06-02,0
7472,2023-06-03,0
7473,2023-06-04,0
7474,2023-06-05,0
7475,2023-06-06,0
7476,2023-06-07,0
7477,2023-06-08,0
7478,2023-06-09,0
7479,2023-06-10,0
7480,2023-06-11,0
7481,2023-06-12,0
7482,2023-06-13,0
7483,2023-06-14,0
7484,2023-06-15,0
7485,2023-06-16,0
7486,2023-06-17,0
7487,2023-06-18,0
7488,2023-06-19,0
7489,2023-06-20,0
7490,2023-06-21,0
7491,2023-06-22,0
7492,2023-06-23,0
7493,2023-06-24,0
7494,2023-06-25,0
7495,2023-06-26,0
7496,2023-06-27,0
7497,2023-06-28,0
7498,2023-06-29,0
7499,2023-06-30,0
7500,2023-07-01,0
7501,2023-07-02,0
7502,2023-07-03,0
7503,2023-07-04,0
7504,2023-07-05,0
7505,2023-07-06,0
7506,2023-07-07,0
7507,2023-07-08,0
7508,2023-07-09,0
7509,2023-07-10,0
7510,2023-07-11,0
7511,2023-07-12,0
7512,2023-07-13,0
7513,2023-07-14,0
7514,2023-07-15,0
7515,2023-07-16,0
7516,2023-07-17,0
7517,2023-07-18,0
7518,2023-07-19,0
7519,2023-07-20,0
7520,2023-07-21,0
7521,2023-07-22,0
7522,2023-07-23,0
7523,2023-07-24,0
7524,2023-07-25,0
7525,2023-07-26,0
7526,2023-07-27,0
7527,2023-07-28,0
7528,2023-07-29,0
7529,2023-07-30,0
7530,2023-07-31,0
7531,2023-08-01,0
7532,2023-08-02,0
7533,2023-08-03,0
7534,2023-08-04,0
7535,2023-08-05,0
7536,2023-08-06,0
7537,2023-08-07,0
7538,2023-08-08,0
7539,2023-08-09,0
7540,2023-08-10,0
7541,2023-08-11,0
7542,2023-08-12,0
7543,2023-08-13,0
7544,2023-08-14,0
7545,2023-08-15,0
7546,2023-08-16,0
7547,2023-08-17,0
7548,2023-08-18,0
7549,2023-08-19,0
7550,2023-08-20,0
7551,2023-08-21,0
7552,2023-08-22,0
7553,2023-08-23,0
7554,2023-08-24,0
7555,2023-08-25,0
7556,2023-08-26,0
7557,2023-08-27,0
7558,2023-08-28,0
7559,2023-08-29,0
7560,2023-08-30,0
7561,2023-08-31,0
7562,2023-09-01,0
7563,2023-09-02,0
7564,2023-09-03,0
7565,2023-09-04,0
7566,2023-09-05,0
7567,2023-09-06,0
7568,2023-09-07,0
7569,2023-09-08,0
7570,2023-09-09,0
7571,2023-09-10,0
7572,2023-09-11,0
7573,2023-09-12,0
7574,2023-09-13,0
7575,2023-09-14,0
7576,2023-09-15,0
7577,2023-09-16,0
7578,2023-09-17,0
7579,2023-09-18,0
7580,2023-09-19,0
7581,2023-09-20,0
7582,2023-09-21,0
7583,2023-09-22,0
7584,2023-09-23,0
7585,2023-09-24,0
7586,2023-09-25,0
7587,2023-09-26,0
7588,2023-09-27,0
7589,2023-09-28,0
7590,2023-09-29,0
7591,2023-09-30,0
7592,2023-10-01,0
7593,2023-10-02,0
7594,2023-10-03,0
7595,2023-10-04,0
7596,2023-10-05,0
7597,2023-10-06,0
7598,2023-10-07,0
7599,2023-10-08,0
7600,2023-10-09,0
7601,2023-10-10,0
7602,2023-10-11,0
7603,2023-10-12,0
7604,2023-10-13,0
7605,2023-10-14,0
7606,2023-10-15,0
7607,2023-10-16,0
7608,2023-10-17,0
7609,2023-10-18,0
7610,2023-10-19,0
7611,2023-10-20,0
7612,2023-10-21,0
7613,2023-10-22,0
7614,2023-10-23,0
7615,2023-10-24,0
7616,2023-10-25,0
7617,2023-10-26,0
7618,2023-10-27,0
7619,2023-10-28,0
7620,2023-10-29,0
7621,2023-10-30,0
7622,2023-10-31,0
7623,2023-11-01,0
7624,2023-11-02,0
7625,2023-11-03,0
7626,2023-11-04,0
7627,2023-11-05,0
7628,2023-11-06,0
7629,2023-11-07,0
7630,2023-11-08,0
7631,2023-11-09,0
7632,2023-11-10,0
7633,2023-11-11,0
7634,2023-11-12,0
7635,2023-11-13,0
7636,2023-11-14,0
7637,2023-11-15,0
7638,2023-11-16,0
7639,2023-11-17,0
7640,2023-11-18,0
7641,2023-11-19,0
7642,2023-11-20,0
7643,2023-11-21,0
7644,2023-11-22,0
7645,2023-11-23,0
7646,2023-11-24,0
7647,2023-11-25,0
7648,2023-11-26,0
7649,2023-11-27,0
7650,2023-11-28,0
7651,2023-11-29,0
7652,2023-11-30,0
7653,2023-12-01,0
7654,2023-12-02,0
7655,2023-12-03,0
7656,2023-12-04,0
7657,2023-12-05,0
7658,2023-12-06,0
7659,2023-12-07,0
7660,2023-12-08,0
7661,2023-12-09,0
7662,2023-12-10,0
7663,2023-12-11,0
7664,2023-12-12,0
7665,2023-12-13,0
7666,2023-12-14,0
7667,2023-12-15,0
7668,2023-12-16,0
7669,2023-12-17,0
7670,2023-12-18,0
7671,2023-12-19,0
7672,2023-12-20,0
7673,2023-12-21,0
7674,2023-12-22,0
7675,2023-12-23,0
7676,2023-12-24,0
7677,2023-12-25,0
7678,2023-12-26,0
7679,2023-12-27,0
7680,2023-12-28,0
7681,2023-12-29,0
7682,2023-12-30,0
7683,2023-12-31,0
7684,2024-01-01,0
7685,2024-01-02,0
7686,2024-01-03,0
7687,2024-01-04,0
7688,2024-01-05,0
7689,2024-01-06,0
7690,2024-01-07,0
7691,2024-01-08,0
7692,2024-01-09,0
7693,2024-01-10,0
7694,2024-01-11,0
7695,2024-01-12,0
7696,2024-01-13,0
7697,2024-01-14,0
7698,2024-01-15,0
7699,2024-01-16,0
7700,2024-01-17,0
7701,2024-01-18,0
7702,2024-01-19,0
7703,2024-01-20,0
7704,2024-01-21,0
7705,2024-01-22,0
7706,2024-01-23,0
7707,2024-01-24,0
7708,2024-01-25,0
7709,2024-01-26,0
7710,2024-01-27,0
7711,2024-01-28,0
7712,2024-01-29,0
7713,2024-01-30,0
7714,2024-01-31,0
7715,2024-02-01,0
7716,2024-02-02,0
7717,2024-02-03,0
7718,2024-02-04,0
7719,2024-02-05,0
7720,2024-02-06,0
7721,2024-02-07,0
7722,2024-02-08,0
7723,2024-02-09,0
7724,2024-02-10,0
7725,2024-02-11,0
7726,2024-02-12,0
7727,2024-02-13,0
7728,2024-02-14,0
7729,2024-02-15,0
7730,2024-02-16,0
7731,2024-02-17,0
7732,2024-02-18,0
7733,2024-02-19,0
7734,2024-02-20,0
7735,2024-02-21,0
7736,2024-02-22,0
7737,2024-02-23,0
7738,2024-02-24,0
7739,2024-02-25,0
7740,2024-02-26,0
7741,2024-02-27,0
7742,2024-02-28,0
7743,2024-02-29,0
7744,2024-03-01,0
7745,2024-03-02,0
7746,2024-03-03,0
7747,2024-03-04,0
7748,2024-03-05,0
7749,2024-03-06,0
7750,2024-03-07,0
7751,2024-03-08,0
7752,2024-03-09,0
7753,2024-03-10,0
7754,2024-03-11,0
7755,2024-03-12,0
7756,2024-03-13,0
7757,2024-03-14,0
7758,2024-03-15,0
7759,2024-03-16,0
7760,2024-03-17,0
7761,2024-03-18,0
7762,2024-03-19,0
7763,2024-03-20,0
7764,2024-03-21,0
7765,2024-03-22,0
7766,2024-03-23,0
7767,2024-03-24,0
7768,2024-03-25,0
7769,2024-03-26,0
7770,2024-03-27,0
7771,2024-03-28,0
7772,2024-03-29,0
7773,2024-03-30,0
7774,2024-03-31,0
7775,2024-04-01,0
7776,2024-04-02,0
7777,2024-04-03,0
7778,2024-04-04,0
7779,2024-04-05,0
7780,2024-04-06,0
7781,2024-04-07,0
7782,2024-04-08,0
7783,2024-04-09,0
7784,2024-04-10,0
7785,2024-04-11,0
7786,2024-04-12,0
7787,2024-04-13,0
7788,2024-04-14,0
7789,2024-04-15,0
7790,2024-04-16,0
7791,2024-04-17,0
7792,2024-04-18,0
7793,2024-04-19,0
7794,2024-04-20,0
7795,2024-04-21,0
7796,2024-04-22,0
7797,2024-04-23,0
7798,2024-04-24,0
7799,2024-04-25,0
7800,2024-04-26,0
7801,2024-04-27,0
7802,2024-04-28,0
7803,2024-04-29,0
7804,2024-04-30,0
7805,2024-05-01,0
7806,2024-05-02,0
7807,2024-05-03,0
7808,2024-05-04,0
7809,2024-05-05,0
7810,2024-05-06,0
7811,2024-05-07,0
7812,2024-05-08,0
7813,2024-05-09,0
7814,2024-05-10,0
7815,2024-05-11,0
7816,2024-05-12,0
7817,2024-05-13,0
7818,2024-05-14,0
7819,2024-05-15,0
7820,2024-05-16,0
7821,2024-05-17,0
7822,2024-05-18,0
7823,2024-05-19,0
7824,2024-05-20,0
7825,2024-05-21,0
7826,2024-05-22,0
7827,2024-05-23,0
7828,2024-05-24,0
7829,2024-05-25,0
7830,2024-05-26,0
7831,2024-05-27,0
7832,2024-05-28,0
7833,2024-05-29,0
7834,2024-05-30,0
7835,2024-05-31,0
7836,2024-06-01,0
7837,2024-06-02,0
7838,2024-06-03,0
7839,2024-06-04,0
7840,2024-06-05,0
7841,2024-06-06,0
7842,2024-06-07,0
7843,2024-06-08,0
7844,2024-06-09,0
7845,2024-06-10,0
7846,2024-06-11,0
7847,2024-06-12,0
7848,2024-06-13,0
7849,2024-06-14,0
7850,2024-06-15,0
7851,2024-06-16,0
7852,2024-06-17,0
7853,2024-06-18,0
7854,2024-06-19,0
7855,2024-06-20,0
7856,2024-06-21,0
7857,2024-06-22,0
7858,2024-06-23,0
7859,2024-06-24,0
7860,2024-06-25,0
7861,2024-06-26,0
7862,2024-06-27,0
7863,2024-06-28,0
7864,2024-06-29,0
7865,2024-06-30,0
7866,2024-07-01,0
7867,2024-07-02,0
7868,2024-07-03,0
7869,2024-07-04,0
7870,2024-07-05,0
7871,2024-07-06,0
7872,2024-07-07,0
7873,2024-07-08,0
7874,2024-07-09,0
7875,2024-07-10,0
7876,2024-07-11,0
7877,2024-07-12,0
7878,2024-07-13,0
7879,2024-07-14,0
7880,2024-07-15,0
7881,2024-07-16,0
7882,2024-07-17,0
7883,2024-07-18,0
7884,2024-07-19,0
7885,2024-07-20,0
7886,2024-07-21,0
7887,2024-07-22,0
7888,2024-07-23,0
7889,2024-07-24,0
7890,2024-07-25,0
7891,2024-07-26,0
7892,2024-07-27,0
7893,2024-07-28,0
7894,2024-07-29,0
7895,2024-07-30,0
7896,2024-07-31,0
7897,2024-08-01,0
7898,2024-08-02,0
7899,2024-08-03,0
7900,2024-08-04,0
7901,2024-08-05,0
7902,2024-08-06,0
7903,2024-08-07,0
7904,2024-08-08,0
7905,2024-08-09,0
7906,2024-08-10,0
7907,2024-08-11,0
7908,2024-08-12,0
7909,2024-08-13,0
7910,2024-08-14,0
7911,2024-08-15,0
7912,2024-08-16,0
7913,2024-08-17,0
7914,2024-08-18,0
7915,2024-08-19,0
7916,2024-08-20,0
7917,2024-08-21,0
7918,2024-08-22,0
7919,2024-08-23,0
7920,2024-08-24,0
7921,2024-08-25,0
7922,2024-08-26,0
7923,2024-08-27,0
7924,2024-08-28,0
7925,2024-08-29,0
7926,2024-08-30,0
7927,2024-08-31,0
7928,2024-09-01,0
7929,2024-09-02,0
7930,2024-09-03,0
7931,2024-09-04,0
7932,2024-09-05,0
7933,2024-09-06,0
7934,2024-09-07,0
7935,2024-09-08,0
7936,2024-09-09,0
7937,2024-09-10,0
7938,2024-09-11,0
7939,2024-09-12,0
7940,2024-09-13,0
7941,2024-09-14,0
7942,2024-09-15,0
7943,2024-09-16,0
7944,2024-09-17,0
7945,2024-09-18,0
7946,2024-09-19,0
7947,2024-09-20,0
7948,2024-09-21,0
7949,2024-09-22,0
7950,2024-09-23,0
7951,2024-09-24,0
7952,2024-09-25,0
7953,2024-09-26,0
7954,2024-09-27,0
7955,2024-09-28,0
7956,2024-09-29,0
7957,2024-09-30,0
7958,2024-10-01,0
7959,2024-10-02,0
7960,2024-10-03,0
7961,2024-10-04,0
7962,2024-10-05,0
7963,2024-10-06,0
7964,2024-10-07,0
7965,2024-10-08,0
7966,2024-10-09,0
7967,2024-10-10,0
7968,2024-10-11,0
7969,2024-10-12,0
7970,2024-10-13,0
7971,2024-10-14,0
7972,2024-10-15,0
7973,2024-10-16,0
7974,2024-10-17,0
7975,2024-10-18,0
7976,2024-10-19,0
7977,2024-10-20,0
7978,2024-10-21,0
7979,2024-10-22,0
7980,2024-10-23,0
7981,2024-10-24,0
7982,2024-10-25,0
7983,2024-10-26,0
7984,2024-10-27,0
7985,2024-10-28,0
7986,2024-10-29,0
7987,2024-10-30,0
7988,2024-10-31,0
7989,2024-11-01,0
7990,2024-11-02,0
7991,2024-11-03,0
7992,2024-11-04,0
7993,2024-11-05,0
7994,2024-11-06,0
7995,2024-11-07,0
7996,2024-11-08,0
7997,2024-11-09,0
7998,2024-11-10,0
7999,2024-11-11,0
8000,2024-11-12,0
8001,2024-11-13,0
8002,2024-11-14,0
8003,2024-11-15,0
8004,2024-11-16,0
8005,2024-11-17,0
8006,2024-11-18,0
8007,2024-11-19,0
8008,2024-11-20,0
8009,2024-11-21,0
8010,2024-11-22,0
8011,2024-11-23,0
8012,2024-11-24,0
8013,2024-11-25,0
8014,2024-11-26,0
8015,2024-11-27,0
8016,2024-11-28,0
8017,2024-11-29,0
8018,2024-11-30,0
8019,2024-12-01,0
8020,2024-12-02,0
8021,2024-12-03,0
8022,2024-12-04,0
8023,2024-12-05,0
8024,2024-12-06,0
8025,2024-12-07,0
8026,2024-12-08,0
8027,2024-12-09,0
8028,2024-12-10,0
8029,2024-12-11,0
8030,2024-12-12,0
8031,2024-12-13,0
8032,2024-12-14,0
8033,2024-12-15,0
8034,2024-12-16,0
8035,2024-12-17,0
8036,2024-12-18,0
8037,2024-12-19,0
8038,2024-12-20,0
8039,2024-12-21,0
8040,2024-12-22,0
8041,2024-12-23,0
8042,2024-12-24,0
8043,2024-12-25,0
8044,2024-12-26,0
8045,2024-12-27,0
8046,2024-12-28,0
8047,2024-12-29,0
8048,2024-12-30,0
8049,2024-12-31,0
8050,2025-01-01,0
8051,2025-01-02,0
8052,2025-01-03,0
8053,2025-01-04,0
8054,2025-01-05,0
8055,2025-01-06,0
8056,2025-01-07,0
8057,2025-01-08,0
8058,2025-01-09,0
8059,2025-01-10,0
8060,2025-01-11,0
8061,2025-01-12,0
8062,2025-01-13,0
8063,2025-01-14,0
8064,2025-01-15,0
8065,2025-01-16,0
8066,2025-01-17,0
8067,2025-01-18,0
8068,2025-01-19,0
8069,2025-01-20,0
8070,2025-01-21,0
8071,2025-01-22,0
8072,2025-01-23,0
8073,2025-01-24,0
8074,2025-01-25,0
8075,2025-01-26,0
8076,2025-01-27,0
8077,2025-01-28,0
8078,2025-01-29,0
8079,2025-01-30,0
8080,2025-01-31,0
8081,2025-02-01,0
8082,2025-02-02,0
8083,2025-02-03,0
8084,2025-02-04,0
8085,2025-02-05,0
8086,2025-02-06,0
8087,2025-02-07,0
8088,2025-02-08,0
8089,2025-02-09,0
8090,2025-02-10,0
8091,2025-02-11,0
8092,2025-02-12,0
8093,2025-02-13,0
8094,2025-02-14,0
8095,2025-02-15,0
8096,2025-02-16,0
8097,2025-02-17,0
8098,2025-02-18,0
8099,2025-02-19,0
8100,2025-02-20,0
8101,2025-02-21,0
8102,2025-02-22,0
8103,2025-02-23,0
8104,2025-02-24,0
8105,2025-02-25,0
8106,2025-02-26,0
8107,2025-02-27,0
8108,2025-02-28,0
8109,2025-03-01,0
8110,2025-03-02,0
8111,2025-03-03,0
8112,2025-03-04,0
8113,2025-03-05,0
8114,2025-03-06,0
8115,2025-03-07,0
8116,2025-03-08,0
8117,2025-03-09,0
8118,2025-03-10,0
8119,2025-03-11,0
8120,2025-03-12,0
8121,2025-03-13,0
8122,2025-03-14,0
8123,2025-03-15,0
8124,2025-03-16,0
8125,2025-03-17,0
8126,2025-03-18,0
8127,2025-03-19,0
8128,2025-03-20,0
8129,2025-03-21,0
8130,2025-03-22,0
8131,2025-03-23,0
8132,2025-03-24,0
8133,2025-03-25,0
8134,2025-03-26,0
8135,2025-03-27,0
8136,2025-03-28,0
8137,2025-03-29,0
8138,2025-03-30,0
8139,2025-03-31,0
8140,2025-04-01,0
8141,2025-04-02,0
8142,2025-04-03,0
8143,2025-04-04,0
8144,2025-04-05,0
8145,2025-04-06,0
8146,2025-04-07,0
8147,2025-04-08,0
8148,2025-04-09,0
8149,2025-04-10,0
8150,2025-04-11,0
8151,2025-04-12,0
8152,2025-04-13,0
8153,2025-04-14,0
8154,2025-04-15,0
8155,2025-04-16,0
8156,2025-04-17,0
8157,2025-04-18,0
8158,2025-04-19,0
8159,2025-04-20,0
8160,2025-04-21,0
8161,2025-04-22,0
8162,2025-04-23,0
8163,2025-04-24,0
8164,2025-04-25,0
8165,2025-04-26,0
8166,2025-04-27,0
8167,2025-04-28,0
8168,2025-04-29,0
8169,2025-04-30,0
8170,2025-05-01,0
8171,2025-05-02,0
8172,2025-05-03,0
8173,2025-05-04,0
8174,2025-05-05,0
8175,2025-05-06,0
8176,2025-05-07,0
8177,2025-05-08,0
8178,2025-05-09,0
8179,2025-05-10,0
8180,2025-05-11,0
8181,2025-05-12,0
8182,2025-05-13,0
8183,2025-05-14,0
8184,2025-05-15,0
8185,2025-05-16,0
8186,2025-05-17,0
8187,2025-05-18,0
8188,2025-05-19,0
8189,2025-05-20,0
8190,2025-05-21,0
8191,2025-05-22,0
8192,2025-05-23,0
8193,2025-05-24,0
8194,2025-05-25,0
8195,2025-05-26,0
8196,2025-05-27,0
8197,2025-05-28,0
8198,2025-05-29,0
8199,2025-05-30,0
8200,2025-05-31,0
8201,2025-06-01,0
8202,2025-06-02,0
8203,2025-06-03,0
8204,2025-06-04,0
8205,2025-06-05,0
8206,2025-06-06,0
8207,2025-06-07,0
8208,2025-06-08,0
8209,2025-06-09,0
8210,2025-06-10,0
8211,2025-06-11,0
8212,2025-06-12,0
8213,2025-06-13,0
8214,2025-06-14,0
8215,2025-06-15,0
8216,2025-06-16,0
8217,2025-06-17,0
8218,2025-06-18,0
8219,2025-06-19,0
8220,2025-06-20,0
8221,2025-06-21,0
8222,2025-06-22,0
8223,2025-06-23,0
8224,2025-06-24,0
8225,2025-06-25,0
8226,2025-06-26,0
8227,2025-06-27,0
8228,2025-06-28,0
8229,2025-06-29,0
8230,2025-06-30,0
8231,2025-07-01,0
8232,2025-07-02,0
8233,2025-07-03,0
8234,2025-07-04,0
8235,2025-07-05,0
8236,2025-07-06,0
8237,2025-07-07,0
8238,2025-07-08,0
8239,2025-07-09,0
8240,2025-07-10,0
8241,2025-07-11,0
8242,2025-07-12,0
8243,2025-07-13,0
8244,2025-07-14,0
8245,2025-07-15,0
8246,2025-07-16,0
8247,2025-07-17,0
8248,2025-07-18,0
8249,2025-07-19,0
8250,2025-07-20,0
8251,2025-07-21,0
8252,2025-07-22,0
8253,2025-07-23,0
8254,2025-07-24,0
8255,2025-07-25,0
8256,2025-07-26,0
8257,2025-07-27,0
8258,2025-07-28,0
8259,2025-07-29,0
8260,2025-07-30,0
8261,2025-07-31,0
8262,2025-08-01,0
8263,2025-08-02,0
8264,2025-08-03,0
8265,2025-08-04,0
8266,2025-08-05,0
8267,2025-08-06,0
8268,2025-08-07,0
8269,2025-08-08,0
8270,2025-08-09,0
8271,2025-08-10,0
8272,2025-08-11,0
8273,2025-08-12,0
8274,2025-08-13,0
8275,2025-08-14,0
8276,2025-08-15,0
8277,2025-08-16,0
8278,2025-08-17,0
8279,2025-08-18,0
8280,2025-08-19,0
8281,2025-08-20,0
8282,2025-08-21,0
8283,2025-08-22,0
8284,2025-08-23,0
8285,2025-08-24,0
8286,2025-08-25,0
8287,2025-08-26,0
8288,2025-08-27,0
8289,2025-08-28,0
8290,2025-08-29,0
8291,2025-08-30,0
8292,2025-08-31,0
8293,2025-09-01,0
8294,2025-09-02,0
8295,2025-09-03,0
8296,2025-09-04,0
8297,2025-09-05,0
8298,2025-09-06,0
8299,2025-09-07,0
8300,2025-09-08,0
8301,2025-09-09,0
8302,2025-09-10,0
8303,2025-09-11,0
8304,2025-09-12,0
8305,2025-09-13,0
8306,2025-09-14,0
8307,2025-09-15,0
8308,2025-09-16,0
8309,2025-09-17,0
8310,2025-09-18,0
8311,2025-09-19,0
8312,2025-09-20,0
8313,2025-09-21,0
8314,2025-09-22,0
8315,2025-09-23,0
8316,2025-09-24,0
8317,2025-09-25,0
8318,2025-09-26,0
8319,2025-09-27,0
8320,2025-09-28,0
8321,2025-09-29,0
8322,2025-09-30,0
8323,2025-10-01,0
8324,2025-10-02,0
8325,2025-10-03,0
8326,2025-10-04,0
8327,2025-10-05,0
8328,2025-10-06,0
8329,2025-10-07,0
8330,2025-10-08,0
8331,2025-10-09,0
8332,2025-10-10,0
8333,2025-10-11,0
8334,2025-10-12,0
8335,2025-10-13,0
8336,2025-10-14,0
8337,2025-10-15,0
8338,2025-10-16,0
8339,2025-10-17,0
8340,2025-10-18,0
8341,2025-10-19,0
8342,2025-10-20,0
8343,2025-10-21,0
8344,2025-10-22,0
8345,2025-10-23,0
8346,2025-10-24,0
8347,2025-10-25,0
8348,2025-10-26,0
8349,2025-10-27,0
8350,2025-10-28,0
8351,2025-10-29,0
8352,2025-10-30,0
8353,2025-10-31,0
8354,2025-11-01,0
8355,2025-11-02,0
8356,2025-11-03,0
8357,2025-11-04,0
8358,2025-11-05,0
8359,2025-11-06,0
8360,2025-11-07,0
8361,2025-11-08,0
8362,2025-11-09,0
8363,2025-11-10,0
8364,2025-11-11,0
8365,2025-11-12,0
8366,2025-11-13,0
8367,2025-11-14,0
8368,2025-11-15,0
8369,2025-11-16,0
8370,2025-11-17,0
8371,2025-11-18,0
8372,2025-11-19,0
8373,2025-11-20,0
8374,2025-11-21,0
8375,2025-11-22,0
8376,2025-11-23,0
8377,2025-11-24,0
8378,2025-11-25,0
8379,2025-11-26,0
8380,2025-11-27,0
8381,2025-11-28,0
8382,2025-11-29,0
8383,2025-11-30,0
8384,2025-12-01,0
8385,2025-12-02,0
8386,2025-12-03,0
8387,2025-12-04,0
8388,2025-12-05,0
8389,2025-12-06,0
8390,2025-12-07,0
8391,2025-12-08,0
8392,2025-12-09,0
8393,2025-12-10,0
8394,2025-12-11,0
8395,2025-12-12,0
8396,2025-12-13,0
8397,2025-12-14,0
8398,2025-12-15,0
8399,2025-12-16,0
8400,2025-12-17,0
8401,2025-12-18,0
8402,2025-12-19,0
8403,2025-12-20,0
8404,2025-12-21,0
8405,2025-12-22,0
8406,2025-12-23,0
8407,2025-12-24,0
8408,2025-12-25,0
8409,2025-12-26,0
8410,2025-12-27,0
8411,2025-12-28,0
8412,2025-12-29,0
8413,2025-12-30,0
8414,2025-12-31,0
