Date,Value,12-Month % Change
01/01/2000,168.8,2.7
01/02/2000,168.8,2.7
01/03/2000,168.8,2.7
01/04/2000,168.8,2.7
01/05/2000,168.8,2.7
01/06/2000,168.8,2.7
01/07/2000,168.8,2.7
01/08/2000,168.8,2.7
01/09/2000,168.8,2.7
01/10/2000,168.8,2.7
01/11/2000,168.8,2.7
01/12/2000,168.8,2.7
01/13/2000,168.8,2.7
01/14/2000,168.8,2.7
01/15/2000,168.8,2.7
01/16/2000,168.8,2.7
01/17/2000,168.8,2.7
01/18/2000,168.8,2.7
01/19/2000,168.8,2.7
01/20/2000,168.8,2.7
01/21/2000,168.8,2.7
01/22/2000,168.8,2.7
01/23/2000,168.8,2.7
01/24/2000,168.8,2.7
01/25/2000,168.8,2.7
01/26/2000,168.8,2.7
01/27/2000,168.8,2.7
01/28/2000,168.8,2.7
01/29/2000,168.8,2.7
01/30/2000,168.8,2.7
01/31/2000,168.8,2.7
02/01/2000,169.8,3.2
02/02/2000,169.8,3.2
02/03/2000,169.8,3.2
02/04/2000,169.8,3.2
02/05/2000,169.8,3.2
02/06/2000,169.8,3.2
02/07/2000,169.8,3.2
02/08/2000,169.8,3.2
02/09/2000,169.8,3.2
02/10/2000,169.8,3.2
02/11/2000,169.8,3.2
02/12/2000,169.8,3.2
02/13/2000,169.8,3.2
02/14/2000,169.8,3.2
02/15/2000,169.8,3.2
02/16/2000,169.8,3.2
02/17/2000,169.8,3.2
02/18/2000,169.8,3.2
02/19/2000,169.8,3.2
02/20/2000,169.8,3.2
02/21/2000,169.8,3.2
02/22/2000,169.8,3.2
02/23/2000,169.8,3.2
02/24/2000,169.8,3.2
02/25/2000,169.8,3.2
02/26/2000,169.8,3.2
02/27/2000,169.8,3.2
02/28/2000,169.8,3.2
02/29/2000,169.8,3.2
03/01/2000,171.2,3.8
03/02/2000,171.2,3.8
03/03/2000,171.2,3.8
03/04/2000,171.2,3.8
03/05/2000,171.2,3.8
03/06/2000,171.2,3.8
03/07/2000,171.2,3.8
03/08/2000,171.2,3.8
03/09/2000,171.2,3.8
03/10/2000,171.2,3.8
03/11/2000,171.2,3.8
03/12/2000,171.2,3.8
03/13/2000,171.2,3.8
03/14/2000,171.2,3.8
03/15/2000,171.2,3.8
03/16/2000,171.2,3.8
03/17/2000,171.2,3.8
03/18/2000,171.2,3.8
03/19/2000,171.2,3.8
03/20/2000,171.2,3.8
03/21/2000,171.2,3.8
03/22/2000,171.2,3.8
03/23/2000,171.2,3.8
03/24/2000,171.2,3.8
03/25/2000,171.2,3.8
03/26/2000,171.2,3.8
03/27/2000,171.2,3.8
03/28/2000,171.2,3.8
03/29/2000,171.2,3.8
03/30/2000,171.2,3.8
03/31/2000,171.2,3.8
04/01/2000,171.3,3.1
04/02/2000,171.3,3.1
04/03/2000,171.3,3.1
04/04/2000,171.3,3.1
04/05/2000,171.3,3.1
04/06/2000,171.3,3.1
04/07/2000,171.3,3.1
04/08/2000,171.3,3.1
04/09/2000,171.3,3.1
04/10/2000,171.3,3.1
04/11/2000,171.3,3.1
04/12/2000,171.3,3.1
04/13/2000,171.3,3.1
04/14/2000,171.3,3.1
04/15/2000,171.3,3.1
04/16/2000,171.3,3.1
04/17/2000,171.3,3.1
04/18/2000,171.3,3.1
04/19/2000,171.3,3.1
04/20/2000,171.3,3.1
04/21/2000,171.3,3.1
04/22/2000,171.3,3.1
04/23/2000,171.3,3.1
04/24/2000,171.3,3.1
04/25/2000,171.3,3.1
04/26/2000,171.3,3.1
04/27/2000,171.3,3.1
04/28/2000,171.3,3.1
04/29/2000,171.3,3.1
04/30/2000,171.3,3.1
05/01/2000,171.5,3.2
05/02/2000,171.5,3.2
05/03/2000,171.5,3.2
05/04/2000,171.5,3.2
05/05/2000,171.5,3.2
05/06/2000,171.5,3.2
05/07/2000,171.5,3.2
05/08/2000,171.5,3.2
05/09/2000,171.5,3.2
05/10/2000,171.5,3.2
05/11/2000,171.5,3.2
05/12/2000,171.5,3.2
05/13/2000,171.5,3.2
05/14/2000,171.5,3.2
05/15/2000,171.5,3.2
05/16/2000,171.5,3.2
05/17/2000,171.5,3.2
05/18/2000,171.5,3.2
05/19/2000,171.5,3.2
05/20/2000,171.5,3.2
05/21/2000,171.5,3.2
05/22/2000,171.5,3.2
05/23/2000,171.5,3.2
05/24/2000,171.5,3.2
05/25/2000,171.5,3.2
05/26/2000,171.5,3.2
05/27/2000,171.5,3.2
05/28/2000,171.5,3.2
05/29/2000,171.5,3.2
05/30/2000,171.5,3.2
05/31/2000,171.5,3.2
06/01/2000,172.4,3.7
06/02/2000,172.4,3.7
06/03/2000,172.4,3.7
06/04/2000,172.4,3.7
06/05/2000,172.4,3.7
06/06/2000,172.4,3.7
06/07/2000,172.4,3.7
06/08/2000,172.4,3.7
06/09/2000,172.4,3.7
06/10/2000,172.4,3.7
06/11/2000,172.4,3.7
06/12/2000,172.4,3.7
06/13/2000,172.4,3.7
06/14/2000,172.4,3.7
06/15/2000,172.4,3.7
06/16/2000,172.4,3.7
06/17/2000,172.4,3.7
06/18/2000,172.4,3.7
06/19/2000,172.4,3.7
06/20/2000,172.4,3.7
06/21/2000,172.4,3.7
06/22/2000,172.4,3.7
06/23/2000,172.4,3.7
06/24/2000,172.4,3.7
06/25/2000,172.4,3.7
06/26/2000,172.4,3.7
06/27/2000,172.4,3.7
06/28/2000,172.4,3.7
06/29/2000,172.4,3.7
06/30/2000,172.4,3.7
07/01/2000,172.8,3.7
07/02/2000,172.8,3.7
07/03/2000,172.8,3.7
07/04/2000,172.8,3.7
07/05/2000,172.8,3.7
07/06/2000,172.8,3.7
07/07/2000,172.8,3.7
07/08/2000,172.8,3.7
07/09/2000,172.8,3.7
07/10/2000,172.8,3.7
07/11/2000,172.8,3.7
07/12/2000,172.8,3.7
07/13/2000,172.8,3.7
07/14/2000,172.8,3.7
07/15/2000,172.8,3.7
07/16/2000,172.8,3.7
07/17/2000,172.8,3.7
07/18/2000,172.8,3.7
07/19/2000,172.8,3.7
07/20/2000,172.8,3.7
07/21/2000,172.8,3.7
07/22/2000,172.8,3.7
07/23/2000,172.8,3.7
07/24/2000,172.8,3.7
07/25/2000,172.8,3.7
07/26/2000,172.8,3.7
07/27/2000,172.8,3.7
07/28/2000,172.8,3.7
07/29/2000,172.8,3.7
07/30/2000,172.8,3.7
07/31/2000,172.8,3.7
08/01/2000,172.8,3.4
08/02/2000,172.8,3.4
08/03/2000,172.8,3.4
08/04/2000,172.8,3.4
08/05/2000,172.8,3.4
08/06/2000,172.8,3.4
08/07/2000,172.8,3.4
08/08/2000,172.8,3.4
08/09/2000,172.8,3.4
08/10/2000,172.8,3.4
08/11/2000,172.8,3.4
08/12/2000,172.8,3.4
08/13/2000,172.8,3.4
08/14/2000,172.8,3.4
08/15/2000,172.8,3.4
08/16/2000,172.8,3.4
08/17/2000,172.8,3.4
08/18/2000,172.8,3.4
08/19/2000,172.8,3.4
08/20/2000,172.8,3.4
08/21/2000,172.8,3.4
08/22/2000,172.8,3.4
08/23/2000,172.8,3.4
08/24/2000,172.8,3.4
08/25/2000,172.8,3.4
08/26/2000,172.8,3.4
08/27/2000,172.8,3.4
08/28/2000,172.8,3.4
08/29/2000,172.8,3.4
08/30/2000,172.8,3.4
08/31/2000,172.8,3.4
09/01/2000,173.7,3.5
09/02/2000,173.7,3.5
09/03/2000,173.7,3.5
09/04/2000,173.7,3.5
09/05/2000,173.7,3.5
09/06/2000,173.7,3.5
09/07/2000,173.7,3.5
09/08/2000,173.7,3.5
09/09/2000,173.7,3.5
09/10/2000,173.7,3.5
09/11/2000,173.7,3.5
09/12/2000,173.7,3.5
09/13/2000,173.7,3.5
09/14/2000,173.7,3.5
09/15/2000,173.7,3.5
09/16/2000,173.7,3.5
09/17/2000,173.7,3.5
09/18/2000,173.7,3.5
09/19/2000,173.7,3.5
09/20/2000,173.7,3.5
09/21/2000,173.7,3.5
09/22/2000,173.7,3.5
09/23/2000,173.7,3.5
09/24/2000,173.7,3.5
09/25/2000,173.7,3.5
09/26/2000,173.7,3.5
09/27/2000,173.7,3.5
09/28/2000,173.7,3.5
09/29/2000,173.7,3.5
09/30/2000,173.7,3.5
10/01/2000,174,3.4
10/02/2000,174,3.4
10/03/2000,174,3.4
10/04/2000,174,3.4
10/05/2000,174,3.4
10/06/2000,174,3.4
10/07/2000,174,3.4
10/08/2000,174,3.4
10/09/2000,174,3.4
10/10/2000,174,3.4
10/11/2000,174,3.4
10/12/2000,174,3.4
10/13/2000,174,3.4
10/14/2000,174,3.4
10/15/2000,174,3.4
10/16/2000,174,3.4
10/17/2000,174,3.4
10/18/2000,174,3.4
10/19/2000,174,3.4
10/20/2000,174,3.4
10/21/2000,174,3.4
10/22/2000,174,3.4
10/23/2000,174,3.4
10/24/2000,174,3.4
10/25/2000,174,3.4
10/26/2000,174,3.4
10/27/2000,174,3.4
10/28/2000,174,3.4
10/29/2000,174,3.4
10/30/2000,174,3.4
10/31/2000,174,3.4
11/01/2000,174.1,3.4
11/02/2000,174.1,3.4
11/03/2000,174.1,3.4
11/04/2000,174.1,3.4
11/05/2000,174.1,3.4
11/06/2000,174.1,3.4
11/07/2000,174.1,3.4
11/08/2000,174.1,3.4
11/09/2000,174.1,3.4
11/10/2000,174.1,3.4
11/11/2000,174.1,3.4
11/12/2000,174.1,3.4
11/13/2000,174.1,3.4
11/14/2000,174.1,3.4
11/15/2000,174.1,3.4
11/16/2000,174.1,3.4
11/17/2000,174.1,3.4
11/18/2000,174.1,3.4
11/19/2000,174.1,3.4
11/20/2000,174.1,3.4
11/21/2000,174.1,3.4
11/22/2000,174.1,3.4
11/23/2000,174.1,3.4
11/24/2000,174.1,3.4
11/25/2000,174.1,3.4
11/26/2000,174.1,3.4
11/27/2000,174.1,3.4
11/28/2000,174.1,3.4
11/29/2000,174.1,3.4
11/30/2000,174.1,3.4
12/01/2000,174,3.4
12/02/2000,174,3.4
12/03/2000,174,3.4
12/04/2000,174,3.4
12/05/2000,174,3.4
12/06/2000,174,3.4
12/07/2000,174,3.4
12/08/2000,174,3.4
12/09/2000,174,3.4
12/10/2000,174,3.4
12/11/2000,174,3.4
12/12/2000,174,3.4
12/13/2000,174,3.4
12/14/2000,174,3.4
12/15/2000,174,3.4
12/16/2000,174,3.4
12/17/2000,174,3.4
12/18/2000,174,3.4
12/19/2000,174,3.4
12/20/2000,174,3.4
12/21/2000,174,3.4
12/22/2000,174,3.4
12/23/2000,174,3.4
12/24/2000,174,3.4
12/25/2000,174,3.4
12/26/2000,174,3.4
12/27/2000,174,3.4
12/28/2000,174,3.4
12/29/2000,174,3.4
12/30/2000,174,3.4
12/31/2000,174,3.4
01/01/2001,175.1,3.7
01/02/2001,175.1,3.7
01/03/2001,175.1,3.7
01/04/2001,175.1,3.7
01/05/2001,175.1,3.7
01/06/2001,175.1,3.7
01/07/2001,175.1,3.7
01/08/2001,175.1,3.7
01/09/2001,175.1,3.7
01/10/2001,175.1,3.7
01/11/2001,175.1,3.7
01/12/2001,175.1,3.7
01/13/2001,175.1,3.7
01/14/2001,175.1,3.7
01/15/2001,175.1,3.7
01/16/2001,175.1,3.7
01/17/2001,175.1,3.7
01/18/2001,175.1,3.7
01/19/2001,175.1,3.7
01/20/2001,175.1,3.7
01/21/2001,175.1,3.7
01/22/2001,175.1,3.7
01/23/2001,175.1,3.7
01/24/2001,175.1,3.7
01/25/2001,175.1,3.7
01/26/2001,175.1,3.7
01/27/2001,175.1,3.7
01/28/2001,175.1,3.7
01/29/2001,175.1,3.7
01/30/2001,175.1,3.7
01/31/2001,175.1,3.7
02/01/2001,175.8,3.5
02/02/2001,175.8,3.5
02/03/2001,175.8,3.5
02/04/2001,175.8,3.5
02/05/2001,175.8,3.5
02/06/2001,175.8,3.5
02/07/2001,175.8,3.5
02/08/2001,175.8,3.5
02/09/2001,175.8,3.5
02/10/2001,175.8,3.5
02/11/2001,175.8,3.5
02/12/2001,175.8,3.5
02/13/2001,175.8,3.5
02/14/2001,175.8,3.5
02/15/2001,175.8,3.5
02/16/2001,175.8,3.5
02/17/2001,175.8,3.5
02/18/2001,175.8,3.5
02/19/2001,175.8,3.5
02/20/2001,175.8,3.5
02/21/2001,175.8,3.5
02/22/2001,175.8,3.5
02/23/2001,175.8,3.5
02/24/2001,175.8,3.5
02/25/2001,175.8,3.5
02/26/2001,175.8,3.5
02/27/2001,175.8,3.5
02/28/2001,175.8,3.5
03/01/2001,176.2,2.9
03/02/2001,176.2,2.9
03/03/2001,176.2,2.9
03/04/2001,176.2,2.9
03/05/2001,176.2,2.9
03/06/2001,176.2,2.9
03/07/2001,176.2,2.9
03/08/2001,176.2,2.9
03/09/2001,176.2,2.9
03/10/2001,176.2,2.9
03/11/2001,176.2,2.9
03/12/2001,176.2,2.9
03/13/2001,176.2,2.9
03/14/2001,176.2,2.9
03/15/2001,176.2,2.9
03/16/2001,176.2,2.9
03/17/2001,176.2,2.9
03/18/2001,176.2,2.9
03/19/2001,176.2,2.9
03/20/2001,176.2,2.9
03/21/2001,176.2,2.9
03/22/2001,176.2,2.9
03/23/2001,176.2,2.9
03/24/2001,176.2,2.9
03/25/2001,176.2,2.9
03/26/2001,176.2,2.9
03/27/2001,176.2,2.9
03/28/2001,176.2,2.9
03/29/2001,176.2,2.9
03/30/2001,176.2,2.9
03/31/2001,176.2,2.9
04/01/2001,176.9,3.3
04/02/2001,176.9,3.3
04/03/2001,176.9,3.3
04/04/2001,176.9,3.3
04/05/2001,176.9,3.3
04/06/2001,176.9,3.3
04/07/2001,176.9,3.3
04/08/2001,176.9,3.3
04/09/2001,176.9,3.3
04/10/2001,176.9,3.3
04/11/2001,176.9,3.3
04/12/2001,176.9,3.3
04/13/2001,176.9,3.3
04/14/2001,176.9,3.3
04/15/2001,176.9,3.3
04/16/2001,176.9,3.3
04/17/2001,176.9,3.3
04/18/2001,176.9,3.3
04/19/2001,176.9,3.3
04/20/2001,176.9,3.3
04/21/2001,176.9,3.3
04/22/2001,176.9,3.3
04/23/2001,176.9,3.3
04/24/2001,176.9,3.3
04/25/2001,176.9,3.3
04/26/2001,176.9,3.3
04/27/2001,176.9,3.3
04/28/2001,176.9,3.3
04/29/2001,176.9,3.3
04/30/2001,176.9,3.3
05/01/2001,177.7,3.6
05/02/2001,177.7,3.6
05/03/2001,177.7,3.6
05/04/2001,177.7,3.6
05/05/2001,177.7,3.6
05/06/2001,177.7,3.6
05/07/2001,177.7,3.6
05/08/2001,177.7,3.6
05/09/2001,177.7,3.6
05/10/2001,177.7,3.6
05/11/2001,177.7,3.6
05/12/2001,177.7,3.6
05/13/2001,177.7,3.6
05/14/2001,177.7,3.6
05/15/2001,177.7,3.6
05/16/2001,177.7,3.6
05/17/2001,177.7,3.6
05/18/2001,177.7,3.6
05/19/2001,177.7,3.6
05/20/2001,177.7,3.6
05/21/2001,177.7,3.6
05/22/2001,177.7,3.6
05/23/2001,177.7,3.6
05/24/2001,177.7,3.6
05/25/2001,177.7,3.6
05/26/2001,177.7,3.6
05/27/2001,177.7,3.6
05/28/2001,177.7,3.6
05/29/2001,177.7,3.6
05/30/2001,177.7,3.6
05/31/2001,177.7,3.6
06/01/2001,178,3.2
06/02/2001,178,3.2
06/03/2001,178,3.2
06/04/2001,178,3.2
06/05/2001,178,3.2
06/06/2001,178,3.2
06/07/2001,178,3.2
06/08/2001,178,3.2
06/09/2001,178,3.2
06/10/2001,178,3.2
06/11/2001,178,3.2
06/12/2001,178,3.2
06/13/2001,178,3.2
06/14/2001,178,3.2
06/15/2001,178,3.2
06/16/2001,178,3.2
06/17/2001,178,3.2
06/18/2001,178,3.2
06/19/2001,178,3.2
06/20/2001,178,3.2
06/21/2001,178,3.2
06/22/2001,178,3.2
06/23/2001,178,3.2
06/24/2001,178,3.2
06/25/2001,178,3.2
06/26/2001,178,3.2
06/27/2001,178,3.2
06/28/2001,178,3.2
06/29/2001,178,3.2
06/30/2001,178,3.2
07/01/2001,177.5,2.7
07/02/2001,177.5,2.7
07/03/2001,177.5,2.7
07/04/2001,177.5,2.7
07/05/2001,177.5,2.7
07/06/2001,177.5,2.7
07/07/2001,177.5,2.7
07/08/2001,177.5,2.7
07/09/2001,177.5,2.7
07/10/2001,177.5,2.7
07/11/2001,177.5,2.7
07/12/2001,177.5,2.7
07/13/2001,177.5,2.7
07/14/2001,177.5,2.7
07/15/2001,177.5,2.7
07/16/2001,177.5,2.7
07/17/2001,177.5,2.7
07/18/2001,177.5,2.7
07/19/2001,177.5,2.7
07/20/2001,177.5,2.7
07/21/2001,177.5,2.7
07/22/2001,177.5,2.7
07/23/2001,177.5,2.7
07/24/2001,177.5,2.7
07/25/2001,177.5,2.7
07/26/2001,177.5,2.7
07/27/2001,177.5,2.7
07/28/2001,177.5,2.7
07/29/2001,177.5,2.7
07/30/2001,177.5,2.7
07/31/2001,177.5,2.7
08/01/2001,177.5,2.7
08/02/2001,177.5,2.7
08/03/2001,177.5,2.7
08/04/2001,177.5,2.7
08/05/2001,177.5,2.7
08/06/2001,177.5,2.7
08/07/2001,177.5,2.7
08/08/2001,177.5,2.7
08/09/2001,177.5,2.7
08/10/2001,177.5,2.7
08/11/2001,177.5,2.7
08/12/2001,177.5,2.7
08/13/2001,177.5,2.7
08/14/2001,177.5,2.7
08/15/2001,177.5,2.7
08/16/2001,177.5,2.7
08/17/2001,177.5,2.7
08/18/2001,177.5,2.7
08/19/2001,177.5,2.7
08/20/2001,177.5,2.7
08/21/2001,177.5,2.7
08/22/2001,177.5,2.7
08/23/2001,177.5,2.7
08/24/2001,177.5,2.7
08/25/2001,177.5,2.7
08/26/2001,177.5,2.7
08/27/2001,177.5,2.7
08/28/2001,177.5,2.7
08/29/2001,177.5,2.7
08/30/2001,177.5,2.7
08/31/2001,177.5,2.7
09/01/2001,178.3,2.6
09/02/2001,178.3,2.6
09/03/2001,178.3,2.6
09/04/2001,178.3,2.6
09/05/2001,178.3,2.6
09/06/2001,178.3,2.6
09/07/2001,178.3,2.6
09/08/2001,178.3,2.6
09/09/2001,178.3,2.6
09/10/2001,178.3,2.6
09/11/2001,178.3,2.6
09/12/2001,178.3,2.6
09/13/2001,178.3,2.6
09/14/2001,178.3,2.6
09/15/2001,178.3,2.6
09/16/2001,178.3,2.6
09/17/2001,178.3,2.6
09/18/2001,178.3,2.6
09/19/2001,178.3,2.6
09/20/2001,178.3,2.6
09/21/2001,178.3,2.6
09/22/2001,178.3,2.6
09/23/2001,178.3,2.6
09/24/2001,178.3,2.6
09/25/2001,178.3,2.6
09/26/2001,178.3,2.6
09/27/2001,178.3,2.6
09/28/2001,178.3,2.6
09/29/2001,178.3,2.6
09/30/2001,178.3,2.6
10/01/2001,177.7,2.1
10/02/2001,177.7,2.1
10/03/2001,177.7,2.1
10/04/2001,177.7,2.1
10/05/2001,177.7,2.1
10/06/2001,177.7,2.1
10/07/2001,177.7,2.1
10/08/2001,177.7,2.1
10/09/2001,177.7,2.1
10/10/2001,177.7,2.1
10/11/2001,177.7,2.1
10/12/2001,177.7,2.1
10/13/2001,177.7,2.1
10/14/2001,177.7,2.1
10/15/2001,177.7,2.1
10/16/2001,177.7,2.1
10/17/2001,177.7,2.1
10/18/2001,177.7,2.1
10/19/2001,177.7,2.1
10/20/2001,177.7,2.1
10/21/2001,177.7,2.1
10/22/2001,177.7,2.1
10/23/2001,177.7,2.1
10/24/2001,177.7,2.1
10/25/2001,177.7,2.1
10/26/2001,177.7,2.1
10/27/2001,177.7,2.1
10/28/2001,177.7,2.1
10/29/2001,177.7,2.1
10/30/2001,177.7,2.1
10/31/2001,177.7,2.1
11/01/2001,177.4,1.9
11/02/2001,177.4,1.9
11/03/2001,177.4,1.9
11/04/2001,177.4,1.9
11/05/2001,177.4,1.9
11/06/2001,177.4,1.9
11/07/2001,177.4,1.9
11/08/2001,177.4,1.9
11/09/2001,177.4,1.9
11/10/2001,177.4,1.9
11/11/2001,177.4,1.9
11/12/2001,177.4,1.9
11/13/2001,177.4,1.9
11/14/2001,177.4,1.9
11/15/2001,177.4,1.9
11/16/2001,177.4,1.9
11/17/2001,177.4,1.9
11/18/2001,177.4,1.9
11/19/2001,177.4,1.9
11/20/2001,177.4,1.9
11/21/2001,177.4,1.9
11/22/2001,177.4,1.9
11/23/2001,177.4,1.9
11/24/2001,177.4,1.9
11/25/2001,177.4,1.9
11/26/2001,177.4,1.9
11/27/2001,177.4,1.9
11/28/2001,177.4,1.9
11/29/2001,177.4,1.9
11/30/2001,177.4,1.9
12/01/2001,176.7,1.6
12/02/2001,176.7,1.6
12/03/2001,176.7,1.6
12/04/2001,176.7,1.6
12/05/2001,176.7,1.6
12/06/2001,176.7,1.6
12/07/2001,176.7,1.6
12/08/2001,176.7,1.6
12/09/2001,176.7,1.6
12/10/2001,176.7,1.6
12/11/2001,176.7,1.6
12/12/2001,176.7,1.6
12/13/2001,176.7,1.6
12/14/2001,176.7,1.6
12/15/2001,176.7,1.6
12/16/2001,176.7,1.6
12/17/2001,176.7,1.6
12/18/2001,176.7,1.6
12/19/2001,176.7,1.6
12/20/2001,176.7,1.6
12/21/2001,176.7,1.6
12/22/2001,176.7,1.6
12/23/2001,176.7,1.6
12/24/2001,176.7,1.6
12/25/2001,176.7,1.6
12/26/2001,176.7,1.6
12/27/2001,176.7,1.6
12/28/2001,176.7,1.6
12/29/2001,176.7,1.6
12/30/2001,176.7,1.6
12/31/2001,176.7,1.6
01/01/2002,177.1,1.1
01/02/2002,177.1,1.1
01/03/2002,177.1,1.1
01/04/2002,177.1,1.1
01/05/2002,177.1,1.1
01/06/2002,177.1,1.1
01/07/2002,177.1,1.1
01/08/2002,177.1,1.1
01/09/2002,177.1,1.1
01/10/2002,177.1,1.1
01/11/2002,177.1,1.1
01/12/2002,177.1,1.1
01/13/2002,177.1,1.1
01/14/2002,177.1,1.1
01/15/2002,177.1,1.1
01/16/2002,177.1,1.1
01/17/2002,177.1,1.1
01/18/2002,177.1,1.1
01/19/2002,177.1,1.1
01/20/2002,177.1,1.1
01/21/2002,177.1,1.1
01/22/2002,177.1,1.1
01/23/2002,177.1,1.1
01/24/2002,177.1,1.1
01/25/2002,177.1,1.1
01/26/2002,177.1,1.1
01/27/2002,177.1,1.1
01/28/2002,177.1,1.1
01/29/2002,177.1,1.1
01/30/2002,177.1,1.1
01/31/2002,177.1,1.1
02/01/2002,177.8,1.1
02/02/2002,177.8,1.1
02/03/2002,177.8,1.1
02/04/2002,177.8,1.1
02/05/2002,177.8,1.1
02/06/2002,177.8,1.1
02/07/2002,177.8,1.1
02/08/2002,177.8,1.1
02/09/2002,177.8,1.1
02/10/2002,177.8,1.1
02/11/2002,177.8,1.1
02/12/2002,177.8,1.1
02/13/2002,177.8,1.1
02/14/2002,177.8,1.1
02/15/2002,177.8,1.1
02/16/2002,177.8,1.1
02/17/2002,177.8,1.1
02/18/2002,177.8,1.1
02/19/2002,177.8,1.1
02/20/2002,177.8,1.1
02/21/2002,177.8,1.1
02/22/2002,177.8,1.1
02/23/2002,177.8,1.1
02/24/2002,177.8,1.1
02/25/2002,177.8,1.1
02/26/2002,177.8,1.1
02/27/2002,177.8,1.1
02/28/2002,177.8,1.1
03/01/2002,178.8,1.5
03/02/2002,178.8,1.5
03/03/2002,178.8,1.5
03/04/2002,178.8,1.5
03/05/2002,178.8,1.5
03/06/2002,178.8,1.5
03/07/2002,178.8,1.5
03/08/2002,178.8,1.5
03/09/2002,178.8,1.5
03/10/2002,178.8,1.5
03/11/2002,178.8,1.5
03/12/2002,178.8,1.5
03/13/2002,178.8,1.5
03/14/2002,178.8,1.5
03/15/2002,178.8,1.5
03/16/2002,178.8,1.5
03/17/2002,178.8,1.5
03/18/2002,178.8,1.5
03/19/2002,178.8,1.5
03/20/2002,178.8,1.5
03/21/2002,178.8,1.5
03/22/2002,178.8,1.5
03/23/2002,178.8,1.5
03/24/2002,178.8,1.5
03/25/2002,178.8,1.5
03/26/2002,178.8,1.5
03/27/2002,178.8,1.5
03/28/2002,178.8,1.5
03/29/2002,178.8,1.5
03/30/2002,178.8,1.5
03/31/2002,178.8,1.5
04/01/2002,179.8,1.6
04/02/2002,179.8,1.6
04/03/2002,179.8,1.6
04/04/2002,179.8,1.6
04/05/2002,179.8,1.6
04/06/2002,179.8,1.6
04/07/2002,179.8,1.6
04/08/2002,179.8,1.6
04/09/2002,179.8,1.6
04/10/2002,179.8,1.6
04/11/2002,179.8,1.6
04/12/2002,179.8,1.6
04/13/2002,179.8,1.6
04/14/2002,179.8,1.6
04/15/2002,179.8,1.6
04/16/2002,179.8,1.6
04/17/2002,179.8,1.6
04/18/2002,179.8,1.6
04/19/2002,179.8,1.6
04/20/2002,179.8,1.6
04/21/2002,179.8,1.6
04/22/2002,179.8,1.6
04/23/2002,179.8,1.6
04/24/2002,179.8,1.6
04/25/2002,179.8,1.6
04/26/2002,179.8,1.6
04/27/2002,179.8,1.6
04/28/2002,179.8,1.6
04/29/2002,179.8,1.6
04/30/2002,179.8,1.6
05/01/2002,179.8,1.2
05/02/2002,179.8,1.2
05/03/2002,179.8,1.2
05/04/2002,179.8,1.2
05/05/2002,179.8,1.2
05/06/2002,179.8,1.2
05/07/2002,179.8,1.2
05/08/2002,179.8,1.2
05/09/2002,179.8,1.2
05/10/2002,179.8,1.2
05/11/2002,179.8,1.2
05/12/2002,179.8,1.2
05/13/2002,179.8,1.2
05/14/2002,179.8,1.2
05/15/2002,179.8,1.2
05/16/2002,179.8,1.2
05/17/2002,179.8,1.2
05/18/2002,179.8,1.2
05/19/2002,179.8,1.2
05/20/2002,179.8,1.2
05/21/2002,179.8,1.2
05/22/2002,179.8,1.2
05/23/2002,179.8,1.2
05/24/2002,179.8,1.2
05/25/2002,179.8,1.2
05/26/2002,179.8,1.2
05/27/2002,179.8,1.2
05/28/2002,179.8,1.2
05/29/2002,179.8,1.2
05/30/2002,179.8,1.2
05/31/2002,179.8,1.2
06/01/2002,179.9,1.1
06/02/2002,179.9,1.1
06/03/2002,179.9,1.1
06/04/2002,179.9,1.1
06/05/2002,179.9,1.1
06/06/2002,179.9,1.1
06/07/2002,179.9,1.1
06/08/2002,179.9,1.1
06/09/2002,179.9,1.1
06/10/2002,179.9,1.1
06/11/2002,179.9,1.1
06/12/2002,179.9,1.1
06/13/2002,179.9,1.1
06/14/2002,179.9,1.1
06/15/2002,179.9,1.1
06/16/2002,179.9,1.1
06/17/2002,179.9,1.1
06/18/2002,179.9,1.1
06/19/2002,179.9,1.1
06/20/2002,179.9,1.1
06/21/2002,179.9,1.1
06/22/2002,179.9,1.1
06/23/2002,179.9,1.1
06/24/2002,179.9,1.1
06/25/2002,179.9,1.1
06/26/2002,179.9,1.1
06/27/2002,179.9,1.1
06/28/2002,179.9,1.1
06/29/2002,179.9,1.1
06/30/2002,179.9,1.1
07/01/2002,180.1,1.5
07/02/2002,180.1,1.5
07/03/2002,180.1,1.5
07/04/2002,180.1,1.5
07/05/2002,180.1,1.5
07/06/2002,180.1,1.5
07/07/2002,180.1,1.5
07/08/2002,180.1,1.5
07/09/2002,180.1,1.5
07/10/2002,180.1,1.5
07/11/2002,180.1,1.5
07/12/2002,180.1,1.5
07/13/2002,180.1,1.5
07/14/2002,180.1,1.5
07/15/2002,180.1,1.5
07/16/2002,180.1,1.5
07/17/2002,180.1,1.5
07/18/2002,180.1,1.5
07/19/2002,180.1,1.5
07/20/2002,180.1,1.5
07/21/2002,180.1,1.5
07/22/2002,180.1,1.5
07/23/2002,180.1,1.5
07/24/2002,180.1,1.5
07/25/2002,180.1,1.5
07/26/2002,180.1,1.5
07/27/2002,180.1,1.5
07/28/2002,180.1,1.5
07/29/2002,180.1,1.5
07/30/2002,180.1,1.5
07/31/2002,180.1,1.5
08/01/2002,180.7,1.8
08/02/2002,180.7,1.8
08/03/2002,180.7,1.8
08/04/2002,180.7,1.8
08/05/2002,180.7,1.8
08/06/2002,180.7,1.8
08/07/2002,180.7,1.8
08/08/2002,180.7,1.8
08/09/2002,180.7,1.8
08/10/2002,180.7,1.8
08/11/2002,180.7,1.8
08/12/2002,180.7,1.8
08/13/2002,180.7,1.8
08/14/2002,180.7,1.8
08/15/2002,180.7,1.8
08/16/2002,180.7,1.8
08/17/2002,180.7,1.8
08/18/2002,180.7,1.8
08/19/2002,180.7,1.8
08/20/2002,180.7,1.8
08/21/2002,180.7,1.8
08/22/2002,180.7,1.8
08/23/2002,180.7,1.8
08/24/2002,180.7,1.8
08/25/2002,180.7,1.8
08/26/2002,180.7,1.8
08/27/2002,180.7,1.8
08/28/2002,180.7,1.8
08/29/2002,180.7,1.8
08/30/2002,180.7,1.8
08/31/2002,180.7,1.8
09/01/2002,181,1.5
09/02/2002,181,1.5
09/03/2002,181,1.5
09/04/2002,181,1.5
09/05/2002,181,1.5
09/06/2002,181,1.5
09/07/2002,181,1.5
09/08/2002,181,1.5
09/09/2002,181,1.5
09/10/2002,181,1.5
09/11/2002,181,1.5
09/12/2002,181,1.5
09/13/2002,181,1.5
09/14/2002,181,1.5
09/15/2002,181,1.5
09/16/2002,181,1.5
09/17/2002,181,1.5
09/18/2002,181,1.5
09/19/2002,181,1.5
09/20/2002,181,1.5
09/21/2002,181,1.5
09/22/2002,181,1.5
09/23/2002,181,1.5
09/24/2002,181,1.5
09/25/2002,181,1.5
09/26/2002,181,1.5
09/27/2002,181,1.5
09/28/2002,181,1.5
09/29/2002,181,1.5
09/30/2002,181,1.5
10/01/2002,181.3,2
10/02/2002,181.3,2
10/03/2002,181.3,2
10/04/2002,181.3,2
10/05/2002,181.3,2
10/06/2002,181.3,2
10/07/2002,181.3,2
10/08/2002,181.3,2
10/09/2002,181.3,2
10/10/2002,181.3,2
10/11/2002,181.3,2
10/12/2002,181.3,2
10/13/2002,181.3,2
10/14/2002,181.3,2
10/15/2002,181.3,2
10/16/2002,181.3,2
10/17/2002,181.3,2
10/18/2002,181.3,2
10/19/2002,181.3,2
10/20/2002,181.3,2
10/21/2002,181.3,2
10/22/2002,181.3,2
10/23/2002,181.3,2
10/24/2002,181.3,2
10/25/2002,181.3,2
10/26/2002,181.3,2
10/27/2002,181.3,2
10/28/2002,181.3,2
10/29/2002,181.3,2
10/30/2002,181.3,2
10/31/2002,181.3,2
11/01/2002,181.3,2.2
11/02/2002,181.3,2.2
11/03/2002,181.3,2.2
11/04/2002,181.3,2.2
11/05/2002,181.3,2.2
11/06/2002,181.3,2.2
11/07/2002,181.3,2.2
11/08/2002,181.3,2.2
11/09/2002,181.3,2.2
11/10/2002,181.3,2.2
11/11/2002,181.3,2.2
11/12/2002,181.3,2.2
11/13/2002,181.3,2.2
11/14/2002,181.3,2.2
11/15/2002,181.3,2.2
11/16/2002,181.3,2.2
11/17/2002,181.3,2.2
11/18/2002,181.3,2.2
11/19/2002,181.3,2.2
11/20/2002,181.3,2.2
11/21/2002,181.3,2.2
11/22/2002,181.3,2.2
11/23/2002,181.3,2.2
11/24/2002,181.3,2.2
11/25/2002,181.3,2.2
11/26/2002,181.3,2.2
11/27/2002,181.3,2.2
11/28/2002,181.3,2.2
11/29/2002,181.3,2.2
11/30/2002,181.3,2.2
12/01/2002,180.9,2.4
12/02/2002,180.9,2.4
12/03/2002,180.9,2.4
12/04/2002,180.9,2.4
12/05/2002,180.9,2.4
12/06/2002,180.9,2.4
12/07/2002,180.9,2.4
12/08/2002,180.9,2.4
12/09/2002,180.9,2.4
12/10/2002,180.9,2.4
12/11/2002,180.9,2.4
12/12/2002,180.9,2.4
12/13/2002,180.9,2.4
12/14/2002,180.9,2.4
12/15/2002,180.9,2.4
12/16/2002,180.9,2.4
12/17/2002,180.9,2.4
12/18/2002,180.9,2.4
12/19/2002,180.9,2.4
12/20/2002,180.9,2.4
12/21/2002,180.9,2.4
12/22/2002,180.9,2.4
12/23/2002,180.9,2.4
12/24/2002,180.9,2.4
12/25/2002,180.9,2.4
12/26/2002,180.9,2.4
12/27/2002,180.9,2.4
12/28/2002,180.9,2.4
12/29/2002,180.9,2.4
12/30/2002,180.9,2.4
12/31/2002,180.9,2.4
01/01/2003,181.7,2.6
01/02/2003,181.7,2.6
01/03/2003,181.7,2.6
01/04/2003,181.7,2.6
01/05/2003,181.7,2.6
01/06/2003,181.7,2.6
01/07/2003,181.7,2.6
01/08/2003,181.7,2.6
01/09/2003,181.7,2.6
01/10/2003,181.7,2.6
01/11/2003,181.7,2.6
01/12/2003,181.7,2.6
01/13/2003,181.7,2.6
01/14/2003,181.7,2.6
01/15/2003,181.7,2.6
01/16/2003,181.7,2.6
01/17/2003,181.7,2.6
01/18/2003,181.7,2.6
01/19/2003,181.7,2.6
01/20/2003,181.7,2.6
01/21/2003,181.7,2.6
01/22/2003,181.7,2.6
01/23/2003,181.7,2.6
01/24/2003,181.7,2.6
01/25/2003,181.7,2.6
01/26/2003,181.7,2.6
01/27/2003,181.7,2.6
01/28/2003,181.7,2.6
01/29/2003,181.7,2.6
01/30/2003,181.7,2.6
01/31/2003,181.7,2.6
02/01/2003,183.1,3
02/02/2003,183.1,3
02/03/2003,183.1,3
02/04/2003,183.1,3
02/05/2003,183.1,3
02/06/2003,183.1,3
02/07/2003,183.1,3
02/08/2003,183.1,3
02/09/2003,183.1,3
02/10/2003,183.1,3
02/11/2003,183.1,3
02/12/2003,183.1,3
02/13/2003,183.1,3
02/14/2003,183.1,3
02/15/2003,183.1,3
02/16/2003,183.1,3
02/17/2003,183.1,3
02/18/2003,183.1,3
02/19/2003,183.1,3
02/20/2003,183.1,3
02/21/2003,183.1,3
02/22/2003,183.1,3
02/23/2003,183.1,3
02/24/2003,183.1,3
02/25/2003,183.1,3
02/26/2003,183.1,3
02/27/2003,183.1,3
02/28/2003,183.1,3
03/01/2003,184.2,3
03/02/2003,184.2,3
03/03/2003,184.2,3
03/04/2003,184.2,3
03/05/2003,184.2,3
03/06/2003,184.2,3
03/07/2003,184.2,3
03/08/2003,184.2,3
03/09/2003,184.2,3
03/10/2003,184.2,3
03/11/2003,184.2,3
03/12/2003,184.2,3
03/13/2003,184.2,3
03/14/2003,184.2,3
03/15/2003,184.2,3
03/16/2003,184.2,3
03/17/2003,184.2,3
03/18/2003,184.2,3
03/19/2003,184.2,3
03/20/2003,184.2,3
03/21/2003,184.2,3
03/22/2003,184.2,3
03/23/2003,184.2,3
03/24/2003,184.2,3
03/25/2003,184.2,3
03/26/2003,184.2,3
03/27/2003,184.2,3
03/28/2003,184.2,3
03/29/2003,184.2,3
03/30/2003,184.2,3
03/31/2003,184.2,3
04/01/2003,183.8,2.2
04/02/2003,183.8,2.2
04/03/2003,183.8,2.2
04/04/2003,183.8,2.2
04/05/2003,183.8,2.2
04/06/2003,183.8,2.2
04/07/2003,183.8,2.2
04/08/2003,183.8,2.2
04/09/2003,183.8,2.2
04/10/2003,183.8,2.2
04/11/2003,183.8,2.2
04/12/2003,183.8,2.2
04/13/2003,183.8,2.2
04/14/2003,183.8,2.2
04/15/2003,183.8,2.2
04/16/2003,183.8,2.2
04/17/2003,183.8,2.2
04/18/2003,183.8,2.2
04/19/2003,183.8,2.2
04/20/2003,183.8,2.2
04/21/2003,183.8,2.2
04/22/2003,183.8,2.2
04/23/2003,183.8,2.2
04/24/2003,183.8,2.2
04/25/2003,183.8,2.2
04/26/2003,183.8,2.2
04/27/2003,183.8,2.2
04/28/2003,183.8,2.2
04/29/2003,183.8,2.2
04/30/2003,183.8,2.2
05/01/2003,183.5,2.1
05/02/2003,183.5,2.1
05/03/2003,183.5,2.1
05/04/2003,183.5,2.1
05/05/2003,183.5,2.1
05/06/2003,183.5,2.1
05/07/2003,183.5,2.1
05/08/2003,183.5,2.1
05/09/2003,183.5,2.1
05/10/2003,183.5,2.1
05/11/2003,183.5,2.1
05/12/2003,183.5,2.1
05/13/2003,183.5,2.1
05/14/2003,183.5,2.1
05/15/2003,183.5,2.1
05/16/2003,183.5,2.1
05/17/2003,183.5,2.1
05/18/2003,183.5,2.1
05/19/2003,183.5,2.1
05/20/2003,183.5,2.1
05/21/2003,183.5,2.1
05/22/2003,183.5,2.1
05/23/2003,183.5,2.1
05/24/2003,183.5,2.1
05/25/2003,183.5,2.1
05/26/2003,183.5,2.1
05/27/2003,183.5,2.1
05/28/2003,183.5,2.1
05/29/2003,183.5,2.1
05/30/2003,183.5,2.1
05/31/2003,183.5,2.1
06/01/2003,183.7,2.1
06/02/2003,183.7,2.1
06/03/2003,183.7,2.1
06/04/2003,183.7,2.1
06/05/2003,183.7,2.1
06/06/2003,183.7,2.1
06/07/2003,183.7,2.1
06/08/2003,183.7,2.1
06/09/2003,183.7,2.1
06/10/2003,183.7,2.1
06/11/2003,183.7,2.1
06/12/2003,183.7,2.1
06/13/2003,183.7,2.1
06/14/2003,183.7,2.1
06/15/2003,183.7,2.1
06/16/2003,183.7,2.1
06/17/2003,183.7,2.1
06/18/2003,183.7,2.1
06/19/2003,183.7,2.1
06/20/2003,183.7,2.1
06/21/2003,183.7,2.1
06/22/2003,183.7,2.1
06/23/2003,183.7,2.1
06/24/2003,183.7,2.1
06/25/2003,183.7,2.1
06/26/2003,183.7,2.1
06/27/2003,183.7,2.1
06/28/2003,183.7,2.1
06/29/2003,183.7,2.1
06/30/2003,183.7,2.1
07/01/2003,183.9,2.1
07/02/2003,183.9,2.1
07/03/2003,183.9,2.1
07/04/2003,183.9,2.1
07/05/2003,183.9,2.1
07/06/2003,183.9,2.1
07/07/2003,183.9,2.1
07/08/2003,183.9,2.1
07/09/2003,183.9,2.1
07/10/2003,183.9,2.1
07/11/2003,183.9,2.1
07/12/2003,183.9,2.1
07/13/2003,183.9,2.1
07/14/2003,183.9,2.1
07/15/2003,183.9,2.1
07/16/2003,183.9,2.1
07/17/2003,183.9,2.1
07/18/2003,183.9,2.1
07/19/2003,183.9,2.1
07/20/2003,183.9,2.1
07/21/2003,183.9,2.1
07/22/2003,183.9,2.1
07/23/2003,183.9,2.1
07/24/2003,183.9,2.1
07/25/2003,183.9,2.1
07/26/2003,183.9,2.1
07/27/2003,183.9,2.1
07/28/2003,183.9,2.1
07/29/2003,183.9,2.1
07/30/2003,183.9,2.1
07/31/2003,183.9,2.1
08/01/2003,184.6,2.2
08/02/2003,184.6,2.2
08/03/2003,184.6,2.2
08/04/2003,184.6,2.2
08/05/2003,184.6,2.2
08/06/2003,184.6,2.2
08/07/2003,184.6,2.2
08/08/2003,184.6,2.2
08/09/2003,184.6,2.2
08/10/2003,184.6,2.2
08/11/2003,184.6,2.2
08/12/2003,184.6,2.2
08/13/2003,184.6,2.2
08/14/2003,184.6,2.2
08/15/2003,184.6,2.2
08/16/2003,184.6,2.2
08/17/2003,184.6,2.2
08/18/2003,184.6,2.2
08/19/2003,184.6,2.2
08/20/2003,184.6,2.2
08/21/2003,184.6,2.2
08/22/2003,184.6,2.2
08/23/2003,184.6,2.2
08/24/2003,184.6,2.2
08/25/2003,184.6,2.2
08/26/2003,184.6,2.2
08/27/2003,184.6,2.2
08/28/2003,184.6,2.2
08/29/2003,184.6,2.2
08/30/2003,184.6,2.2
08/31/2003,184.6,2.2
09/01/2003,185.2,2.3
09/02/2003,185.2,2.3
09/03/2003,185.2,2.3
09/04/2003,185.2,2.3
09/05/2003,185.2,2.3
09/06/2003,185.2,2.3
09/07/2003,185.2,2.3
09/08/2003,185.2,2.3
09/09/2003,185.2,2.3
09/10/2003,185.2,2.3
09/11/2003,185.2,2.3
09/12/2003,185.2,2.3
09/13/2003,185.2,2.3
09/14/2003,185.2,2.3
09/15/2003,185.2,2.3
09/16/2003,185.2,2.3
09/17/2003,185.2,2.3
09/18/2003,185.2,2.3
09/19/2003,185.2,2.3
09/20/2003,185.2,2.3
09/21/2003,185.2,2.3
09/22/2003,185.2,2.3
09/23/2003,185.2,2.3
09/24/2003,185.2,2.3
09/25/2003,185.2,2.3
09/26/2003,185.2,2.3
09/27/2003,185.2,2.3
09/28/2003,185.2,2.3
09/29/2003,185.2,2.3
09/30/2003,185.2,2.3
10/01/2003,185,2
10/02/2003,185,2
10/03/2003,185,2
10/04/2003,185,2
10/05/2003,185,2
10/06/2003,185,2
10/07/2003,185,2
10/08/2003,185,2
10/09/2003,185,2
10/10/2003,185,2
10/11/2003,185,2
10/12/2003,185,2
10/13/2003,185,2
10/14/2003,185,2
10/15/2003,185,2
10/16/2003,185,2
10/17/2003,185,2
10/18/2003,185,2
10/19/2003,185,2
10/20/2003,185,2
10/21/2003,185,2
10/22/2003,185,2
10/23/2003,185,2
10/24/2003,185,2
10/25/2003,185,2
10/26/2003,185,2
10/27/2003,185,2
10/28/2003,185,2
10/29/2003,185,2
10/30/2003,185,2
10/31/2003,185,2
11/01/2003,184.5,1.8
11/02/2003,184.5,1.8
11/03/2003,184.5,1.8
11/04/2003,184.5,1.8
11/05/2003,184.5,1.8
11/06/2003,184.5,1.8
11/07/2003,184.5,1.8
11/08/2003,184.5,1.8
11/09/2003,184.5,1.8
11/10/2003,184.5,1.8
11/11/2003,184.5,1.8
11/12/2003,184.5,1.8
11/13/2003,184.5,1.8
11/14/2003,184.5,1.8
11/15/2003,184.5,1.8
11/16/2003,184.5,1.8
11/17/2003,184.5,1.8
11/18/2003,184.5,1.8
11/19/2003,184.5,1.8
11/20/2003,184.5,1.8
11/21/2003,184.5,1.8
11/22/2003,184.5,1.8
11/23/2003,184.5,1.8
11/24/2003,184.5,1.8
11/25/2003,184.5,1.8
11/26/2003,184.5,1.8
11/27/2003,184.5,1.8
11/28/2003,184.5,1.8
11/29/2003,184.5,1.8
11/30/2003,184.5,1.8
12/01/2003,184.3,1.9
12/02/2003,184.3,1.9
12/03/2003,184.3,1.9
12/04/2003,184.3,1.9
12/05/2003,184.3,1.9
12/06/2003,184.3,1.9
12/07/2003,184.3,1.9
12/08/2003,184.3,1.9
12/09/2003,184.3,1.9
12/10/2003,184.3,1.9
12/11/2003,184.3,1.9
12/12/2003,184.3,1.9
12/13/2003,184.3,1.9
12/14/2003,184.3,1.9
12/15/2003,184.3,1.9
12/16/2003,184.3,1.9
12/17/2003,184.3,1.9
12/18/2003,184.3,1.9
12/19/2003,184.3,1.9
12/20/2003,184.3,1.9
12/21/2003,184.3,1.9
12/22/2003,184.3,1.9
12/23/2003,184.3,1.9
12/24/2003,184.3,1.9
12/25/2003,184.3,1.9
12/26/2003,184.3,1.9
12/27/2003,184.3,1.9
12/28/2003,184.3,1.9
12/29/2003,184.3,1.9
12/30/2003,184.3,1.9
12/31/2003,184.3,1.9
01/01/2004,185.2,1.9
01/02/2004,185.2,1.9
01/03/2004,185.2,1.9
01/04/2004,185.2,1.9
01/05/2004,185.2,1.9
01/06/2004,185.2,1.9
01/07/2004,185.2,1.9
01/08/2004,185.2,1.9
01/09/2004,185.2,1.9
01/10/2004,185.2,1.9
01/11/2004,185.2,1.9
01/12/2004,185.2,1.9
01/13/2004,185.2,1.9
01/14/2004,185.2,1.9
01/15/2004,185.2,1.9
01/16/2004,185.2,1.9
01/17/2004,185.2,1.9
01/18/2004,185.2,1.9
01/19/2004,185.2,1.9
01/20/2004,185.2,1.9
01/21/2004,185.2,1.9
01/22/2004,185.2,1.9
01/23/2004,185.2,1.9
01/24/2004,185.2,1.9
01/25/2004,185.2,1.9
01/26/2004,185.2,1.9
01/27/2004,185.2,1.9
01/28/2004,185.2,1.9
01/29/2004,185.2,1.9
01/30/2004,185.2,1.9
01/31/2004,185.2,1.9
02/01/2004,186.2,1.7
02/02/2004,186.2,1.7
02/03/2004,186.2,1.7
02/04/2004,186.2,1.7
02/05/2004,186.2,1.7
02/06/2004,186.2,1.7
02/07/2004,186.2,1.7
02/08/2004,186.2,1.7
02/09/2004,186.2,1.7
02/10/2004,186.2,1.7
02/11/2004,186.2,1.7
02/12/2004,186.2,1.7
02/13/2004,186.2,1.7
02/14/2004,186.2,1.7
02/15/2004,186.2,1.7
02/16/2004,186.2,1.7
02/17/2004,186.2,1.7
02/18/2004,186.2,1.7
02/19/2004,186.2,1.7
02/20/2004,186.2,1.7
02/21/2004,186.2,1.7
02/22/2004,186.2,1.7
02/23/2004,186.2,1.7
02/24/2004,186.2,1.7
02/25/2004,186.2,1.7
02/26/2004,186.2,1.7
02/27/2004,186.2,1.7
02/28/2004,186.2,1.7
02/29/2004,186.2,1.7
03/01/2004,187.4,1.7
03/02/2004,187.4,1.7
03/03/2004,187.4,1.7
03/04/2004,187.4,1.7
03/05/2004,187.4,1.7
03/06/2004,187.4,1.7
03/07/2004,187.4,1.7
03/08/2004,187.4,1.7
03/09/2004,187.4,1.7
03/10/2004,187.4,1.7
03/11/2004,187.4,1.7
03/12/2004,187.4,1.7
03/13/2004,187.4,1.7
03/14/2004,187.4,1.7
03/15/2004,187.4,1.7
03/16/2004,187.4,1.7
03/17/2004,187.4,1.7
03/18/2004,187.4,1.7
03/19/2004,187.4,1.7
03/20/2004,187.4,1.7
03/21/2004,187.4,1.7
03/22/2004,187.4,1.7
03/23/2004,187.4,1.7
03/24/2004,187.4,1.7
03/25/2004,187.4,1.7
03/26/2004,187.4,1.7
03/27/2004,187.4,1.7
03/28/2004,187.4,1.7
03/29/2004,187.4,1.7
03/30/2004,187.4,1.7
03/31/2004,187.4,1.7
04/01/2004,188,2.3
04/02/2004,188,2.3
04/03/2004,188,2.3
04/04/2004,188,2.3
04/05/2004,188,2.3
04/06/2004,188,2.3
04/07/2004,188,2.3
04/08/2004,188,2.3
04/09/2004,188,2.3
04/10/2004,188,2.3
04/11/2004,188,2.3
04/12/2004,188,2.3
04/13/2004,188,2.3
04/14/2004,188,2.3
04/15/2004,188,2.3
04/16/2004,188,2.3
04/17/2004,188,2.3
04/18/2004,188,2.3
04/19/2004,188,2.3
04/20/2004,188,2.3
04/21/2004,188,2.3
04/22/2004,188,2.3
04/23/2004,188,2.3
04/24/2004,188,2.3
04/25/2004,188,2.3
04/26/2004,188,2.3
04/27/2004,188,2.3
04/28/2004,188,2.3
04/29/2004,188,2.3
04/30/2004,188,2.3
05/01/2004,189.1,3.1
05/02/2004,189.1,3.1
05/03/2004,189.1,3.1
05/04/2004,189.1,3.1
05/05/2004,189.1,3.1
05/06/2004,189.1,3.1
05/07/2004,189.1,3.1
05/08/2004,189.1,3.1
05/09/2004,189.1,3.1
05/10/2004,189.1,3.1
05/11/2004,189.1,3.1
05/12/2004,189.1,3.1
05/13/2004,189.1,3.1
05/14/2004,189.1,3.1
05/15/2004,189.1,3.1
05/16/2004,189.1,3.1
05/17/2004,189.1,3.1
05/18/2004,189.1,3.1
05/19/2004,189.1,3.1
05/20/2004,189.1,3.1
05/21/2004,189.1,3.1
05/22/2004,189.1,3.1
05/23/2004,189.1,3.1
05/24/2004,189.1,3.1
05/25/2004,189.1,3.1
05/26/2004,189.1,3.1
05/27/2004,189.1,3.1
05/28/2004,189.1,3.1
05/29/2004,189.1,3.1
05/30/2004,189.1,3.1
05/31/2004,189.1,3.1
06/01/2004,189.7,3.3
06/02/2004,189.7,3.3
06/03/2004,189.7,3.3
06/04/2004,189.7,3.3
06/05/2004,189.7,3.3
06/06/2004,189.7,3.3
06/07/2004,189.7,3.3
06/08/2004,189.7,3.3
06/09/2004,189.7,3.3
06/10/2004,189.7,3.3
06/11/2004,189.7,3.3
06/12/2004,189.7,3.3
06/13/2004,189.7,3.3
06/14/2004,189.7,3.3
06/15/2004,189.7,3.3
06/16/2004,189.7,3.3
06/17/2004,189.7,3.3
06/18/2004,189.7,3.3
06/19/2004,189.7,3.3
06/20/2004,189.7,3.3
06/21/2004,189.7,3.3
06/22/2004,189.7,3.3
06/23/2004,189.7,3.3
06/24/2004,189.7,3.3
06/25/2004,189.7,3.3
06/26/2004,189.7,3.3
06/27/2004,189.7,3.3
06/28/2004,189.7,3.3
06/29/2004,189.7,3.3
06/30/2004,189.7,3.3
07/01/2004,189.4,3
07/02/2004,189.4,3
07/03/2004,189.4,3
07/04/2004,189.4,3
07/05/2004,189.4,3
07/06/2004,189.4,3
07/07/2004,189.4,3
07/08/2004,189.4,3
07/09/2004,189.4,3
07/10/2004,189.4,3
07/11/2004,189.4,3
07/12/2004,189.4,3
07/13/2004,189.4,3
07/14/2004,189.4,3
07/15/2004,189.4,3
07/16/2004,189.4,3
07/17/2004,189.4,3
07/18/2004,189.4,3
07/19/2004,189.4,3
07/20/2004,189.4,3
07/21/2004,189.4,3
07/22/2004,189.4,3
07/23/2004,189.4,3
07/24/2004,189.4,3
07/25/2004,189.4,3
07/26/2004,189.4,3
07/27/2004,189.4,3
07/28/2004,189.4,3
07/29/2004,189.4,3
07/30/2004,189.4,3
07/31/2004,189.4,3
08/01/2004,189.5,2.7
08/02/2004,189.5,2.7
08/03/2004,189.5,2.7
08/04/2004,189.5,2.7
08/05/2004,189.5,2.7
08/06/2004,189.5,2.7
08/07/2004,189.5,2.7
08/08/2004,189.5,2.7
08/09/2004,189.5,2.7
08/10/2004,189.5,2.7
08/11/2004,189.5,2.7
08/12/2004,189.5,2.7
08/13/2004,189.5,2.7
08/14/2004,189.5,2.7
08/15/2004,189.5,2.7
08/16/2004,189.5,2.7
08/17/2004,189.5,2.7
08/18/2004,189.5,2.7
08/19/2004,189.5,2.7
08/20/2004,189.5,2.7
08/21/2004,189.5,2.7
08/22/2004,189.5,2.7
08/23/2004,189.5,2.7
08/24/2004,189.5,2.7
08/25/2004,189.5,2.7
08/26/2004,189.5,2.7
08/27/2004,189.5,2.7
08/28/2004,189.5,2.7
08/29/2004,189.5,2.7
08/30/2004,189.5,2.7
08/31/2004,189.5,2.7
09/01/2004,189.9,2.5
09/02/2004,189.9,2.5
09/03/2004,189.9,2.5
09/04/2004,189.9,2.5
09/05/2004,189.9,2.5
09/06/2004,189.9,2.5
09/07/2004,189.9,2.5
09/08/2004,189.9,2.5
09/09/2004,189.9,2.5
09/10/2004,189.9,2.5
09/11/2004,189.9,2.5
09/12/2004,189.9,2.5
09/13/2004,189.9,2.5
09/14/2004,189.9,2.5
09/15/2004,189.9,2.5
09/16/2004,189.9,2.5
09/17/2004,189.9,2.5
09/18/2004,189.9,2.5
09/19/2004,189.9,2.5
09/20/2004,189.9,2.5
09/21/2004,189.9,2.5
09/22/2004,189.9,2.5
09/23/2004,189.9,2.5
09/24/2004,189.9,2.5
09/25/2004,189.9,2.5
09/26/2004,189.9,2.5
09/27/2004,189.9,2.5
09/28/2004,189.9,2.5
09/29/2004,189.9,2.5
09/30/2004,189.9,2.5
10/01/2004,190.9,3.2
10/02/2004,190.9,3.2
10/03/2004,190.9,3.2
10/04/2004,190.9,3.2
10/05/2004,190.9,3.2
10/06/2004,190.9,3.2
10/07/2004,190.9,3.2
10/08/2004,190.9,3.2
10/09/2004,190.9,3.2
10/10/2004,190.9,3.2
10/11/2004,190.9,3.2
10/12/2004,190.9,3.2
10/13/2004,190.9,3.2
10/14/2004,190.9,3.2
10/15/2004,190.9,3.2
10/16/2004,190.9,3.2
10/17/2004,190.9,3.2
10/18/2004,190.9,3.2
10/19/2004,190.9,3.2
10/20/2004,190.9,3.2
10/21/2004,190.9,3.2
10/22/2004,190.9,3.2
10/23/2004,190.9,3.2
10/24/2004,190.9,3.2
10/25/2004,190.9,3.2
10/26/2004,190.9,3.2
10/27/2004,190.9,3.2
10/28/2004,190.9,3.2
10/29/2004,190.9,3.2
10/30/2004,190.9,3.2
10/31/2004,190.9,3.2
11/01/2004,191,3.5
11/02/2004,191,3.5
11/03/2004,191,3.5
11/04/2004,191,3.5
11/05/2004,191,3.5
11/06/2004,191,3.5
11/07/2004,191,3.5
11/08/2004,191,3.5
11/09/2004,191,3.5
11/10/2004,191,3.5
11/11/2004,191,3.5
11/12/2004,191,3.5
11/13/2004,191,3.5
11/14/2004,191,3.5
11/15/2004,191,3.5
11/16/2004,191,3.5
11/17/2004,191,3.5
11/18/2004,191,3.5
11/19/2004,191,3.5
11/20/2004,191,3.5
11/21/2004,191,3.5
11/22/2004,191,3.5
11/23/2004,191,3.5
11/24/2004,191,3.5
11/25/2004,191,3.5
11/26/2004,191,3.5
11/27/2004,191,3.5
11/28/2004,191,3.5
11/29/2004,191,3.5
11/30/2004,191,3.5
12/01/2004,190.3,3.3
12/02/2004,190.3,3.3
12/03/2004,190.3,3.3
12/04/2004,190.3,3.3
12/05/2004,190.3,3.3
12/06/2004,190.3,3.3
12/07/2004,190.3,3.3
12/08/2004,190.3,3.3
12/09/2004,190.3,3.3
12/10/2004,190.3,3.3
12/11/2004,190.3,3.3
12/12/2004,190.3,3.3
12/13/2004,190.3,3.3
12/14/2004,190.3,3.3
12/15/2004,190.3,3.3
12/16/2004,190.3,3.3
12/17/2004,190.3,3.3
12/18/2004,190.3,3.3
12/19/2004,190.3,3.3
12/20/2004,190.3,3.3
12/21/2004,190.3,3.3
12/22/2004,190.3,3.3
12/23/2004,190.3,3.3
12/24/2004,190.3,3.3
12/25/2004,190.3,3.3
12/26/2004,190.3,3.3
12/27/2004,190.3,3.3
12/28/2004,190.3,3.3
12/29/2004,190.3,3.3
12/30/2004,190.3,3.3
12/31/2004,190.3,3.3
01/01/2005,190.7,3
01/02/2005,190.7,3
01/03/2005,190.7,3
01/04/2005,190.7,3
01/05/2005,190.7,3
01/06/2005,190.7,3
01/07/2005,190.7,3
01/08/2005,190.7,3
01/09/2005,190.7,3
01/10/2005,190.7,3
01/11/2005,190.7,3
01/12/2005,190.7,3
01/13/2005,190.7,3
01/14/2005,190.7,3
01/15/2005,190.7,3
01/16/2005,190.7,3
01/17/2005,190.7,3
01/18/2005,190.7,3
01/19/2005,190.7,3
01/20/2005,190.7,3
01/21/2005,190.7,3
01/22/2005,190.7,3
01/23/2005,190.7,3
01/24/2005,190.7,3
01/25/2005,190.7,3
01/26/2005,190.7,3
01/27/2005,190.7,3
01/28/2005,190.7,3
01/29/2005,190.7,3
01/30/2005,190.7,3
01/31/2005,190.7,3
02/01/2005,191.8,3
02/02/2005,191.8,3
02/03/2005,191.8,3
02/04/2005,191.8,3
02/05/2005,191.8,3
02/06/2005,191.8,3
02/07/2005,191.8,3
02/08/2005,191.8,3
02/09/2005,191.8,3
02/10/2005,191.8,3
02/11/2005,191.8,3
02/12/2005,191.8,3
02/13/2005,191.8,3
02/14/2005,191.8,3
02/15/2005,191.8,3
02/16/2005,191.8,3
02/17/2005,191.8,3
02/18/2005,191.8,3
02/19/2005,191.8,3
02/20/2005,191.8,3
02/21/2005,191.8,3
02/22/2005,191.8,3
02/23/2005,191.8,3
02/24/2005,191.8,3
02/25/2005,191.8,3
02/26/2005,191.8,3
02/27/2005,191.8,3
02/28/2005,191.8,3
03/01/2005,193.3,3.1
03/02/2005,193.3,3.1
03/03/2005,193.3,3.1
03/04/2005,193.3,3.1
03/05/2005,193.3,3.1
03/06/2005,193.3,3.1
03/07/2005,193.3,3.1
03/08/2005,193.3,3.1
03/09/2005,193.3,3.1
03/10/2005,193.3,3.1
03/11/2005,193.3,3.1
03/12/2005,193.3,3.1
03/13/2005,193.3,3.1
03/14/2005,193.3,3.1
03/15/2005,193.3,3.1
03/16/2005,193.3,3.1
03/17/2005,193.3,3.1
03/18/2005,193.3,3.1
03/19/2005,193.3,3.1
03/20/2005,193.3,3.1
03/21/2005,193.3,3.1
03/22/2005,193.3,3.1
03/23/2005,193.3,3.1
03/24/2005,193.3,3.1
03/25/2005,193.3,3.1
03/26/2005,193.3,3.1
03/27/2005,193.3,3.1
03/28/2005,193.3,3.1
03/29/2005,193.3,3.1
03/30/2005,193.3,3.1
03/31/2005,193.3,3.1
04/01/2005,194.6,3.5
04/02/2005,194.6,3.5
04/03/2005,194.6,3.5
04/04/2005,194.6,3.5
04/05/2005,194.6,3.5
04/06/2005,194.6,3.5
04/07/2005,194.6,3.5
04/08/2005,194.6,3.5
04/09/2005,194.6,3.5
04/10/2005,194.6,3.5
04/11/2005,194.6,3.5
04/12/2005,194.6,3.5
04/13/2005,194.6,3.5
04/14/2005,194.6,3.5
04/15/2005,194.6,3.5
04/16/2005,194.6,3.5
04/17/2005,194.6,3.5
04/18/2005,194.6,3.5
04/19/2005,194.6,3.5
04/20/2005,194.6,3.5
04/21/2005,194.6,3.5
04/22/2005,194.6,3.5
04/23/2005,194.6,3.5
04/24/2005,194.6,3.5
04/25/2005,194.6,3.5
04/26/2005,194.6,3.5
04/27/2005,194.6,3.5
04/28/2005,194.6,3.5
04/29/2005,194.6,3.5
04/30/2005,194.6,3.5
05/01/2005,194.4,2.8
05/02/2005,194.4,2.8
05/03/2005,194.4,2.8
05/04/2005,194.4,2.8
05/05/2005,194.4,2.8
05/06/2005,194.4,2.8
05/07/2005,194.4,2.8
05/08/2005,194.4,2.8
05/09/2005,194.4,2.8
05/10/2005,194.4,2.8
05/11/2005,194.4,2.8
05/12/2005,194.4,2.8
05/13/2005,194.4,2.8
05/14/2005,194.4,2.8
05/15/2005,194.4,2.8
05/16/2005,194.4,2.8
05/17/2005,194.4,2.8
05/18/2005,194.4,2.8
05/19/2005,194.4,2.8
05/20/2005,194.4,2.8
05/21/2005,194.4,2.8
05/22/2005,194.4,2.8
05/23/2005,194.4,2.8
05/24/2005,194.4,2.8
05/25/2005,194.4,2.8
05/26/2005,194.4,2.8
05/27/2005,194.4,2.8
05/28/2005,194.4,2.8
05/29/2005,194.4,2.8
05/30/2005,194.4,2.8
05/31/2005,194.4,2.8
06/01/2005,194.5,2.5
06/02/2005,194.5,2.5
06/03/2005,194.5,2.5
06/04/2005,194.5,2.5
06/05/2005,194.5,2.5
06/06/2005,194.5,2.5
06/07/2005,194.5,2.5
06/08/2005,194.5,2.5
06/09/2005,194.5,2.5
06/10/2005,194.5,2.5
06/11/2005,194.5,2.5
06/12/2005,194.5,2.5
06/13/2005,194.5,2.5
06/14/2005,194.5,2.5
06/15/2005,194.5,2.5
06/16/2005,194.5,2.5
06/17/2005,194.5,2.5
06/18/2005,194.5,2.5
06/19/2005,194.5,2.5
06/20/2005,194.5,2.5
06/21/2005,194.5,2.5
06/22/2005,194.5,2.5
06/23/2005,194.5,2.5
06/24/2005,194.5,2.5
06/25/2005,194.5,2.5
06/26/2005,194.5,2.5
06/27/2005,194.5,2.5
06/28/2005,194.5,2.5
06/29/2005,194.5,2.5
06/30/2005,194.5,2.5
07/01/2005,195.4,3.2
07/02/2005,195.4,3.2
07/03/2005,195.4,3.2
07/04/2005,195.4,3.2
07/05/2005,195.4,3.2
07/06/2005,195.4,3.2
07/07/2005,195.4,3.2
07/08/2005,195.4,3.2
07/09/2005,195.4,3.2
07/10/2005,195.4,3.2
07/11/2005,195.4,3.2
07/12/2005,195.4,3.2
07/13/2005,195.4,3.2
07/14/2005,195.4,3.2
07/15/2005,195.4,3.2
07/16/2005,195.4,3.2
07/17/2005,195.4,3.2
07/18/2005,195.4,3.2
07/19/2005,195.4,3.2
07/20/2005,195.4,3.2
07/21/2005,195.4,3.2
07/22/2005,195.4,3.2
07/23/2005,195.4,3.2
07/24/2005,195.4,3.2
07/25/2005,195.4,3.2
07/26/2005,195.4,3.2
07/27/2005,195.4,3.2
07/28/2005,195.4,3.2
07/29/2005,195.4,3.2
07/30/2005,195.4,3.2
07/31/2005,195.4,3.2
08/01/2005,196.4,3.6
08/02/2005,196.4,3.6
08/03/2005,196.4,3.6
08/04/2005,196.4,3.6
08/05/2005,196.4,3.6
08/06/2005,196.4,3.6
08/07/2005,196.4,3.6
08/08/2005,196.4,3.6
08/09/2005,196.4,3.6
08/10/2005,196.4,3.6
08/11/2005,196.4,3.6
08/12/2005,196.4,3.6
08/13/2005,196.4,3.6
08/14/2005,196.4,3.6
08/15/2005,196.4,3.6
08/16/2005,196.4,3.6
08/17/2005,196.4,3.6
08/18/2005,196.4,3.6
08/19/2005,196.4,3.6
08/20/2005,196.4,3.6
08/21/2005,196.4,3.6
08/22/2005,196.4,3.6
08/23/2005,196.4,3.6
08/24/2005,196.4,3.6
08/25/2005,196.4,3.6
08/26/2005,196.4,3.6
08/27/2005,196.4,3.6
08/28/2005,196.4,3.6
08/29/2005,196.4,3.6
08/30/2005,196.4,3.6
08/31/2005,196.4,3.6
09/01/2005,198.8,4.7
09/02/2005,198.8,4.7
09/03/2005,198.8,4.7
09/04/2005,198.8,4.7
09/05/2005,198.8,4.7
09/06/2005,198.8,4.7
09/07/2005,198.8,4.7
09/08/2005,198.8,4.7
09/09/2005,198.8,4.7
09/10/2005,198.8,4.7
09/11/2005,198.8,4.7
09/12/2005,198.8,4.7
09/13/2005,198.8,4.7
09/14/2005,198.8,4.7
09/15/2005,198.8,4.7
09/16/2005,198.8,4.7
09/17/2005,198.8,4.7
09/18/2005,198.8,4.7
09/19/2005,198.8,4.7
09/20/2005,198.8,4.7
09/21/2005,198.8,4.7
09/22/2005,198.8,4.7
09/23/2005,198.8,4.7
09/24/2005,198.8,4.7
09/25/2005,198.8,4.7
09/26/2005,198.8,4.7
09/27/2005,198.8,4.7
09/28/2005,198.8,4.7
09/29/2005,198.8,4.7
09/30/2005,198.8,4.7
10/01/2005,199.2,4.3
10/02/2005,199.2,4.3
10/03/2005,199.2,4.3
10/04/2005,199.2,4.3
10/05/2005,199.2,4.3
10/06/2005,199.2,4.3
10/07/2005,199.2,4.3
10/08/2005,199.2,4.3
10/09/2005,199.2,4.3
10/10/2005,199.2,4.3
10/11/2005,199.2,4.3
10/12/2005,199.2,4.3
10/13/2005,199.2,4.3
10/14/2005,199.2,4.3
10/15/2005,199.2,4.3
10/16/2005,199.2,4.3
10/17/2005,199.2,4.3
10/18/2005,199.2,4.3
10/19/2005,199.2,4.3
10/20/2005,199.2,4.3
10/21/2005,199.2,4.3
10/22/2005,199.2,4.3
10/23/2005,199.2,4.3
10/24/2005,199.2,4.3
10/25/2005,199.2,4.3
10/26/2005,199.2,4.3
10/27/2005,199.2,4.3
10/28/2005,199.2,4.3
10/29/2005,199.2,4.3
10/30/2005,199.2,4.3
10/31/2005,199.2,4.3
11/01/2005,197.6,3.5
11/02/2005,197.6,3.5
11/03/2005,197.6,3.5
11/04/2005,197.6,3.5
11/05/2005,197.6,3.5
11/06/2005,197.6,3.5
11/07/2005,197.6,3.5
11/08/2005,197.6,3.5
11/09/2005,197.6,3.5
11/10/2005,197.6,3.5
11/11/2005,197.6,3.5
11/12/2005,197.6,3.5
11/13/2005,197.6,3.5
11/14/2005,197.6,3.5
11/15/2005,197.6,3.5
11/16/2005,197.6,3.5
11/17/2005,197.6,3.5
11/18/2005,197.6,3.5
11/19/2005,197.6,3.5
11/20/2005,197.6,3.5
11/21/2005,197.6,3.5
11/22/2005,197.6,3.5
11/23/2005,197.6,3.5
11/24/2005,197.6,3.5
11/25/2005,197.6,3.5
11/26/2005,197.6,3.5
11/27/2005,197.6,3.5
11/28/2005,197.6,3.5
11/29/2005,197.6,3.5
11/30/2005,197.6,3.5
12/01/2005,196.8,3.4
12/02/2005,196.8,3.4
12/03/2005,196.8,3.4
12/04/2005,196.8,3.4
12/05/2005,196.8,3.4
12/06/2005,196.8,3.4
12/07/2005,196.8,3.4
12/08/2005,196.8,3.4
12/09/2005,196.8,3.4
12/10/2005,196.8,3.4
12/11/2005,196.8,3.4
12/12/2005,196.8,3.4
12/13/2005,196.8,3.4
12/14/2005,196.8,3.4
12/15/2005,196.8,3.4
12/16/2005,196.8,3.4
12/17/2005,196.8,3.4
12/18/2005,196.8,3.4
12/19/2005,196.8,3.4
12/20/2005,196.8,3.4
12/21/2005,196.8,3.4
12/22/2005,196.8,3.4
12/23/2005,196.8,3.4
12/24/2005,196.8,3.4
12/25/2005,196.8,3.4
12/26/2005,196.8,3.4
12/27/2005,196.8,3.4
12/28/2005,196.8,3.4
12/29/2005,196.8,3.4
12/30/2005,196.8,3.4
12/31/2005,196.8,3.4
01/01/2006,198.3,4
01/02/2006,198.3,4
01/03/2006,198.3,4
01/04/2006,198.3,4
01/05/2006,198.3,4
01/06/2006,198.3,4
01/07/2006,198.3,4
01/08/2006,198.3,4
01/09/2006,198.3,4
01/10/2006,198.3,4
01/11/2006,198.3,4
01/12/2006,198.3,4
01/13/2006,198.3,4
01/14/2006,198.3,4
01/15/2006,198.3,4
01/16/2006,198.3,4
01/17/2006,198.3,4
01/18/2006,198.3,4
01/19/2006,198.3,4
01/20/2006,198.3,4
01/21/2006,198.3,4
01/22/2006,198.3,4
01/23/2006,198.3,4
01/24/2006,198.3,4
01/25/2006,198.3,4
01/26/2006,198.3,4
01/27/2006,198.3,4
01/28/2006,198.3,4
01/29/2006,198.3,4
01/30/2006,198.3,4
01/31/2006,198.3,4
02/01/2006,198.7,3.6
02/02/2006,198.7,3.6
02/03/2006,198.7,3.6
02/04/2006,198.7,3.6
02/05/2006,198.7,3.6
02/06/2006,198.7,3.6
02/07/2006,198.7,3.6
02/08/2006,198.7,3.6
02/09/2006,198.7,3.6
02/10/2006,198.7,3.6
02/11/2006,198.7,3.6
02/12/2006,198.7,3.6
02/13/2006,198.7,3.6
02/14/2006,198.7,3.6
02/15/2006,198.7,3.6
02/16/2006,198.7,3.6
02/17/2006,198.7,3.6
02/18/2006,198.7,3.6
02/19/2006,198.7,3.6
02/20/2006,198.7,3.6
02/21/2006,198.7,3.6
02/22/2006,198.7,3.6
02/23/2006,198.7,3.6
02/24/2006,198.7,3.6
02/25/2006,198.7,3.6
02/26/2006,198.7,3.6
02/27/2006,198.7,3.6
02/28/2006,198.7,3.6
03/01/2006,199.8,3.4
03/02/2006,199.8,3.4
03/03/2006,199.8,3.4
03/04/2006,199.8,3.4
03/05/2006,199.8,3.4
03/06/2006,199.8,3.4
03/07/2006,199.8,3.4
03/08/2006,199.8,3.4
03/09/2006,199.8,3.4
03/10/2006,199.8,3.4
03/11/2006,199.8,3.4
03/12/2006,199.8,3.4
03/13/2006,199.8,3.4
03/14/2006,199.8,3.4
03/15/2006,199.8,3.4
03/16/2006,199.8,3.4
03/17/2006,199.8,3.4
03/18/2006,199.8,3.4
03/19/2006,199.8,3.4
03/20/2006,199.8,3.4
03/21/2006,199.8,3.4
03/22/2006,199.8,3.4
03/23/2006,199.8,3.4
03/24/2006,199.8,3.4
03/25/2006,199.8,3.4
03/26/2006,199.8,3.4
03/27/2006,199.8,3.4
03/28/2006,199.8,3.4
03/29/2006,199.8,3.4
03/30/2006,199.8,3.4
03/31/2006,199.8,3.4
04/01/2006,201.5,3.5
04/02/2006,201.5,3.5
04/03/2006,201.5,3.5
04/04/2006,201.5,3.5
04/05/2006,201.5,3.5
04/06/2006,201.5,3.5
04/07/2006,201.5,3.5
04/08/2006,201.5,3.5
04/09/2006,201.5,3.5
04/10/2006,201.5,3.5
04/11/2006,201.5,3.5
04/12/2006,201.5,3.5
04/13/2006,201.5,3.5
04/14/2006,201.5,3.5
04/15/2006,201.5,3.5
04/16/2006,201.5,3.5
04/17/2006,201.5,3.5
04/18/2006,201.5,3.5
04/19/2006,201.5,3.5
04/20/2006,201.5,3.5
04/21/2006,201.5,3.5
04/22/2006,201.5,3.5
04/23/2006,201.5,3.5
04/24/2006,201.5,3.5
04/25/2006,201.5,3.5
04/26/2006,201.5,3.5
04/27/2006,201.5,3.5
04/28/2006,201.5,3.5
04/29/2006,201.5,3.5
04/30/2006,201.5,3.5
05/01/2006,202.5,4.2
05/02/2006,202.5,4.2
05/03/2006,202.5,4.2
05/04/2006,202.5,4.2
05/05/2006,202.5,4.2
05/06/2006,202.5,4.2
05/07/2006,202.5,4.2
05/08/2006,202.5,4.2
05/09/2006,202.5,4.2
05/10/2006,202.5,4.2
05/11/2006,202.5,4.2
05/12/2006,202.5,4.2
05/13/2006,202.5,4.2
05/14/2006,202.5,4.2
05/15/2006,202.5,4.2
05/16/2006,202.5,4.2
05/17/2006,202.5,4.2
05/18/2006,202.5,4.2
05/19/2006,202.5,4.2
05/20/2006,202.5,4.2
05/21/2006,202.5,4.2
05/22/2006,202.5,4.2
05/23/2006,202.5,4.2
05/24/2006,202.5,4.2
05/25/2006,202.5,4.2
05/26/2006,202.5,4.2
05/27/2006,202.5,4.2
05/28/2006,202.5,4.2
05/29/2006,202.5,4.2
05/30/2006,202.5,4.2
05/31/2006,202.5,4.2
06/01/2006,202.9,4.3
06/02/2006,202.9,4.3
06/03/2006,202.9,4.3
06/04/2006,202.9,4.3
06/05/2006,202.9,4.3
06/06/2006,202.9,4.3
06/07/2006,202.9,4.3
06/08/2006,202.9,4.3
06/09/2006,202.9,4.3
06/10/2006,202.9,4.3
06/11/2006,202.9,4.3
06/12/2006,202.9,4.3
06/13/2006,202.9,4.3
06/14/2006,202.9,4.3
06/15/2006,202.9,4.3
06/16/2006,202.9,4.3
06/17/2006,202.9,4.3
06/18/2006,202.9,4.3
06/19/2006,202.9,4.3
06/20/2006,202.9,4.3
06/21/2006,202.9,4.3
06/22/2006,202.9,4.3
06/23/2006,202.9,4.3
06/24/2006,202.9,4.3
06/25/2006,202.9,4.3
06/26/2006,202.9,4.3
06/27/2006,202.9,4.3
06/28/2006,202.9,4.3
06/29/2006,202.9,4.3
06/30/2006,202.9,4.3
07/01/2006,203.5,4.1
07/02/2006,203.5,4.1
07/03/2006,203.5,4.1
07/04/2006,203.5,4.1
07/05/2006,203.5,4.1
07/06/2006,203.5,4.1
07/07/2006,203.5,4.1
07/08/2006,203.5,4.1
07/09/2006,203.5,4.1
07/10/2006,203.5,4.1
07/11/2006,203.5,4.1
07/12/2006,203.5,4.1
07/13/2006,203.5,4.1
07/14/2006,203.5,4.1
07/15/2006,203.5,4.1
07/16/2006,203.5,4.1
07/17/2006,203.5,4.1
07/18/2006,203.5,4.1
07/19/2006,203.5,4.1
07/20/2006,203.5,4.1
07/21/2006,203.5,4.1
07/22/2006,203.5,4.1
07/23/2006,203.5,4.1
07/24/2006,203.5,4.1
07/25/2006,203.5,4.1
07/26/2006,203.5,4.1
07/27/2006,203.5,4.1
07/28/2006,203.5,4.1
07/29/2006,203.5,4.1
07/30/2006,203.5,4.1
07/31/2006,203.5,4.1
08/01/2006,203.9,3.8
08/02/2006,203.9,3.8
08/03/2006,203.9,3.8
08/04/2006,203.9,3.8
08/05/2006,203.9,3.8
08/06/2006,203.9,3.8
08/07/2006,203.9,3.8
08/08/2006,203.9,3.8
08/09/2006,203.9,3.8
08/10/2006,203.9,3.8
08/11/2006,203.9,3.8
08/12/2006,203.9,3.8
08/13/2006,203.9,3.8
08/14/2006,203.9,3.8
08/15/2006,203.9,3.8
08/16/2006,203.9,3.8
08/17/2006,203.9,3.8
08/18/2006,203.9,3.8
08/19/2006,203.9,3.8
08/20/2006,203.9,3.8
08/21/2006,203.9,3.8
08/22/2006,203.9,3.8
08/23/2006,203.9,3.8
08/24/2006,203.9,3.8
08/25/2006,203.9,3.8
08/26/2006,203.9,3.8
08/27/2006,203.9,3.8
08/28/2006,203.9,3.8
08/29/2006,203.9,3.8
08/30/2006,203.9,3.8
08/31/2006,203.9,3.8
09/01/2006,202.9,2.1
09/02/2006,202.9,2.1
09/03/2006,202.9,2.1
09/04/2006,202.9,2.1
09/05/2006,202.9,2.1
09/06/2006,202.9,2.1
09/07/2006,202.9,2.1
09/08/2006,202.9,2.1
09/09/2006,202.9,2.1
09/10/2006,202.9,2.1
09/11/2006,202.9,2.1
09/12/2006,202.9,2.1
09/13/2006,202.9,2.1
09/14/2006,202.9,2.1
09/15/2006,202.9,2.1
09/16/2006,202.9,2.1
09/17/2006,202.9,2.1
09/18/2006,202.9,2.1
09/19/2006,202.9,2.1
09/20/2006,202.9,2.1
09/21/2006,202.9,2.1
09/22/2006,202.9,2.1
09/23/2006,202.9,2.1
09/24/2006,202.9,2.1
09/25/2006,202.9,2.1
09/26/2006,202.9,2.1
09/27/2006,202.9,2.1
09/28/2006,202.9,2.1
09/29/2006,202.9,2.1
09/30/2006,202.9,2.1
10/01/2006,201.8,1.3
10/02/2006,201.8,1.3
10/03/2006,201.8,1.3
10/04/2006,201.8,1.3
10/05/2006,201.8,1.3
10/06/2006,201.8,1.3
10/07/2006,201.8,1.3
10/08/2006,201.8,1.3
10/09/2006,201.8,1.3
10/10/2006,201.8,1.3
10/11/2006,201.8,1.3
10/12/2006,201.8,1.3
10/13/2006,201.8,1.3
10/14/2006,201.8,1.3
10/15/2006,201.8,1.3
10/16/2006,201.8,1.3
10/17/2006,201.8,1.3
10/18/2006,201.8,1.3
10/19/2006,201.8,1.3
10/20/2006,201.8,1.3
10/21/2006,201.8,1.3
10/22/2006,201.8,1.3
10/23/2006,201.8,1.3
10/24/2006,201.8,1.3
10/25/2006,201.8,1.3
10/26/2006,201.8,1.3
10/27/2006,201.8,1.3
10/28/2006,201.8,1.3
10/29/2006,201.8,1.3
10/30/2006,201.8,1.3
10/31/2006,201.8,1.3
11/01/2006,201.5,2
11/02/2006,201.5,2
11/03/2006,201.5,2
11/04/2006,201.5,2
11/05/2006,201.5,2
11/06/2006,201.5,2
11/07/2006,201.5,2
11/08/2006,201.5,2
11/09/2006,201.5,2
11/10/2006,201.5,2
11/11/2006,201.5,2
11/12/2006,201.5,2
11/13/2006,201.5,2
11/14/2006,201.5,2
11/15/2006,201.5,2
11/16/2006,201.5,2
11/17/2006,201.5,2
11/18/2006,201.5,2
11/19/2006,201.5,2
11/20/2006,201.5,2
11/21/2006,201.5,2
11/22/2006,201.5,2
11/23/2006,201.5,2
11/24/2006,201.5,2
11/25/2006,201.5,2
11/26/2006,201.5,2
11/27/2006,201.5,2
11/28/2006,201.5,2
11/29/2006,201.5,2
11/30/2006,201.5,2
12/01/2006,201.8,2.5
12/02/2006,201.8,2.5
12/03/2006,201.8,2.5
12/04/2006,201.8,2.5
12/05/2006,201.8,2.5
12/06/2006,201.8,2.5
12/07/2006,201.8,2.5
12/08/2006,201.8,2.5
12/09/2006,201.8,2.5
12/10/2006,201.8,2.5
12/11/2006,201.8,2.5
12/12/2006,201.8,2.5
12/13/2006,201.8,2.5
12/14/2006,201.8,2.5
12/15/2006,201.8,2.5
12/16/2006,201.8,2.5
12/17/2006,201.8,2.5
12/18/2006,201.8,2.5
12/19/2006,201.8,2.5
12/20/2006,201.8,2.5
12/21/2006,201.8,2.5
12/22/2006,201.8,2.5
12/23/2006,201.8,2.5
12/24/2006,201.8,2.5
12/25/2006,201.8,2.5
12/26/2006,201.8,2.5
12/27/2006,201.8,2.5
12/28/2006,201.8,2.5
12/29/2006,201.8,2.5
12/30/2006,201.8,2.5
12/31/2006,201.8,2.5
01/01/2007,202.416,2.1
01/02/2007,202.416,2.1
01/03/2007,202.416,2.1
01/04/2007,202.416,2.1
01/05/2007,202.416,2.1
01/06/2007,202.416,2.1
01/07/2007,202.416,2.1
01/08/2007,202.416,2.1
01/09/2007,202.416,2.1
01/10/2007,202.416,2.1
01/11/2007,202.416,2.1
01/12/2007,202.416,2.1
01/13/2007,202.416,2.1
01/14/2007,202.416,2.1
01/15/2007,202.416,2.1
01/16/2007,202.416,2.1
01/17/2007,202.416,2.1
01/18/2007,202.416,2.1
01/19/2007,202.416,2.1
01/20/2007,202.416,2.1
01/21/2007,202.416,2.1
01/22/2007,202.416,2.1
01/23/2007,202.416,2.1
01/24/2007,202.416,2.1
01/25/2007,202.416,2.1
01/26/2007,202.416,2.1
01/27/2007,202.416,2.1
01/28/2007,202.416,2.1
01/29/2007,202.416,2.1
01/30/2007,202.416,2.1
01/31/2007,202.416,2.1
02/01/2007,203.499,2.4
02/02/2007,203.499,2.4
02/03/2007,203.499,2.4
02/04/2007,203.499,2.4
02/05/2007,203.499,2.4
02/06/2007,203.499,2.4
02/07/2007,203.499,2.4
02/08/2007,203.499,2.4
02/09/2007,203.499,2.4
02/10/2007,203.499,2.4
02/11/2007,203.499,2.4
02/12/2007,203.499,2.4
02/13/2007,203.499,2.4
02/14/2007,203.499,2.4
02/15/2007,203.499,2.4
02/16/2007,203.499,2.4
02/17/2007,203.499,2.4
02/18/2007,203.499,2.4
02/19/2007,203.499,2.4
02/20/2007,203.499,2.4
02/21/2007,203.499,2.4
02/22/2007,203.499,2.4
02/23/2007,203.499,2.4
02/24/2007,203.499,2.4
02/25/2007,203.499,2.4
02/26/2007,203.499,2.4
02/27/2007,203.499,2.4
02/28/2007,203.499,2.4
03/01/2007,205.352,2.8
03/02/2007,205.352,2.8
03/03/2007,205.352,2.8
03/04/2007,205.352,2.8
03/05/2007,205.352,2.8
03/06/2007,205.352,2.8
03/07/2007,205.352,2.8
03/08/2007,205.352,2.8
03/09/2007,205.352,2.8
03/10/2007,205.352,2.8
03/11/2007,205.352,2.8
03/12/2007,205.352,2.8
03/13/2007,205.352,2.8
03/14/2007,205.352,2.8
03/15/2007,205.352,2.8
03/16/2007,205.352,2.8
03/17/2007,205.352,2.8
03/18/2007,205.352,2.8
03/19/2007,205.352,2.8
03/20/2007,205.352,2.8
03/21/2007,205.352,2.8
03/22/2007,205.352,2.8
03/23/2007,205.352,2.8
03/24/2007,205.352,2.8
03/25/2007,205.352,2.8
03/26/2007,205.352,2.8
03/27/2007,205.352,2.8
03/28/2007,205.352,2.8
03/29/2007,205.352,2.8
03/30/2007,205.352,2.8
03/31/2007,205.352,2.8
04/01/2007,206.686,2.6
04/02/2007,206.686,2.6
04/03/2007,206.686,2.6
04/04/2007,206.686,2.6
04/05/2007,206.686,2.6
04/06/2007,206.686,2.6
04/07/2007,206.686,2.6
04/08/2007,206.686,2.6
04/09/2007,206.686,2.6
04/10/2007,206.686,2.6
04/11/2007,206.686,2.6
04/12/2007,206.686,2.6
04/13/2007,206.686,2.6
04/14/2007,206.686,2.6
04/15/2007,206.686,2.6
04/16/2007,206.686,2.6
04/17/2007,206.686,2.6
04/18/2007,206.686,2.6
04/19/2007,206.686,2.6
04/20/2007,206.686,2.6
04/21/2007,206.686,2.6
04/22/2007,206.686,2.6
04/23/2007,206.686,2.6
04/24/2007,206.686,2.6
04/25/2007,206.686,2.6
04/26/2007,206.686,2.6
04/27/2007,206.686,2.6
04/28/2007,206.686,2.6
04/29/2007,206.686,2.6
04/30/2007,206.686,2.6
05/01/2007,207.949,2.7
05/02/2007,207.949,2.7
05/03/2007,207.949,2.7
05/04/2007,207.949,2.7
05/05/2007,207.949,2.7
05/06/2007,207.949,2.7
05/07/2007,207.949,2.7
05/08/2007,207.949,2.7
05/09/2007,207.949,2.7
05/10/2007,207.949,2.7
05/11/2007,207.949,2.7
05/12/2007,207.949,2.7
05/13/2007,207.949,2.7
05/14/2007,207.949,2.7
05/15/2007,207.949,2.7
05/16/2007,207.949,2.7
05/17/2007,207.949,2.7
05/18/2007,207.949,2.7
05/19/2007,207.949,2.7
05/20/2007,207.949,2.7
05/21/2007,207.949,2.7
05/22/2007,207.949,2.7
05/23/2007,207.949,2.7
05/24/2007,207.949,2.7
05/25/2007,207.949,2.7
05/26/2007,207.949,2.7
05/27/2007,207.949,2.7
05/28/2007,207.949,2.7
05/29/2007,207.949,2.7
05/30/2007,207.949,2.7
05/31/2007,207.949,2.7
06/01/2007,208.352,2.7
06/02/2007,208.352,2.7
06/03/2007,208.352,2.7
06/04/2007,208.352,2.7
06/05/2007,208.352,2.7
06/06/2007,208.352,2.7
06/07/2007,208.352,2.7
06/08/2007,208.352,2.7
06/09/2007,208.352,2.7
06/10/2007,208.352,2.7
06/11/2007,208.352,2.7
06/12/2007,208.352,2.7
06/13/2007,208.352,2.7
06/14/2007,208.352,2.7
06/15/2007,208.352,2.7
06/16/2007,208.352,2.7
06/17/2007,208.352,2.7
06/18/2007,208.352,2.7
06/19/2007,208.352,2.7
06/20/2007,208.352,2.7
06/21/2007,208.352,2.7
06/22/2007,208.352,2.7
06/23/2007,208.352,2.7
06/24/2007,208.352,2.7
06/25/2007,208.352,2.7
06/26/2007,208.352,2.7
06/27/2007,208.352,2.7
06/28/2007,208.352,2.7
06/29/2007,208.352,2.7
06/30/2007,208.352,2.7
07/01/2007,208.299,2.4
07/02/2007,208.299,2.4
07/03/2007,208.299,2.4
07/04/2007,208.299,2.4
07/05/2007,208.299,2.4
07/06/2007,208.299,2.4
07/07/2007,208.299,2.4
07/08/2007,208.299,2.4
07/09/2007,208.299,2.4
07/10/2007,208.299,2.4
07/11/2007,208.299,2.4
07/12/2007,208.299,2.4
07/13/2007,208.299,2.4
07/14/2007,208.299,2.4
07/15/2007,208.299,2.4
07/16/2007,208.299,2.4
07/17/2007,208.299,2.4
07/18/2007,208.299,2.4
07/19/2007,208.299,2.4
07/20/2007,208.299,2.4
07/21/2007,208.299,2.4
07/22/2007,208.299,2.4
07/23/2007,208.299,2.4
07/24/2007,208.299,2.4
07/25/2007,208.299,2.4
07/26/2007,208.299,2.4
07/27/2007,208.299,2.4
07/28/2007,208.299,2.4
07/29/2007,208.299,2.4
07/30/2007,208.299,2.4
07/31/2007,208.299,2.4
08/01/2007,207.917,2
08/02/2007,207.917,2
08/03/2007,207.917,2
08/04/2007,207.917,2
08/05/2007,207.917,2
08/06/2007,207.917,2
08/07/2007,207.917,2
08/08/2007,207.917,2
08/09/2007,207.917,2
08/10/2007,207.917,2
08/11/2007,207.917,2
08/12/2007,207.917,2
08/13/2007,207.917,2
08/14/2007,207.917,2
08/15/2007,207.917,2
08/16/2007,207.917,2
08/17/2007,207.917,2
08/18/2007,207.917,2
08/19/2007,207.917,2
08/20/2007,207.917,2
08/21/2007,207.917,2
08/22/2007,207.917,2
08/23/2007,207.917,2
08/24/2007,207.917,2
08/25/2007,207.917,2
08/26/2007,207.917,2
08/27/2007,207.917,2
08/28/2007,207.917,2
08/29/2007,207.917,2
08/30/2007,207.917,2
08/31/2007,207.917,2
09/01/2007,208.49,2.8
09/02/2007,208.49,2.8
09/03/2007,208.49,2.8
09/04/2007,208.49,2.8
09/05/2007,208.49,2.8
09/06/2007,208.49,2.8
09/07/2007,208.49,2.8
09/08/2007,208.49,2.8
09/09/2007,208.49,2.8
09/10/2007,208.49,2.8
09/11/2007,208.49,2.8
09/12/2007,208.49,2.8
09/13/2007,208.49,2.8
09/14/2007,208.49,2.8
09/15/2007,208.49,2.8
09/16/2007,208.49,2.8
09/17/2007,208.49,2.8
09/18/2007,208.49,2.8
09/19/2007,208.49,2.8
09/20/2007,208.49,2.8
09/21/2007,208.49,2.8
09/22/2007,208.49,2.8
09/23/2007,208.49,2.8
09/24/2007,208.49,2.8
09/25/2007,208.49,2.8
09/26/2007,208.49,2.8
09/27/2007,208.49,2.8
09/28/2007,208.49,2.8
09/29/2007,208.49,2.8
09/30/2007,208.49,2.8
10/01/2007,208.936,3.5
10/02/2007,208.936,3.5
10/03/2007,208.936,3.5
10/04/2007,208.936,3.5
10/05/2007,208.936,3.5
10/06/2007,208.936,3.5
10/07/2007,208.936,3.5
10/08/2007,208.936,3.5
10/09/2007,208.936,3.5
10/10/2007,208.936,3.5
10/11/2007,208.936,3.5
10/12/2007,208.936,3.5
10/13/2007,208.936,3.5
10/14/2007,208.936,3.5
10/15/2007,208.936,3.5
10/16/2007,208.936,3.5
10/17/2007,208.936,3.5
10/18/2007,208.936,3.5
10/19/2007,208.936,3.5
10/20/2007,208.936,3.5
10/21/2007,208.936,3.5
10/22/2007,208.936,3.5
10/23/2007,208.936,3.5
10/24/2007,208.936,3.5
10/25/2007,208.936,3.5
10/26/2007,208.936,3.5
10/27/2007,208.936,3.5
10/28/2007,208.936,3.5
10/29/2007,208.936,3.5
10/30/2007,208.936,3.5
10/31/2007,208.936,3.5
11/01/2007,210.177,4.3
11/02/2007,210.177,4.3
11/03/2007,210.177,4.3
11/04/2007,210.177,4.3
11/05/2007,210.177,4.3
11/06/2007,210.177,4.3
11/07/2007,210.177,4.3
11/08/2007,210.177,4.3
11/09/2007,210.177,4.3
11/10/2007,210.177,4.3
11/11/2007,210.177,4.3
11/12/2007,210.177,4.3
11/13/2007,210.177,4.3
11/14/2007,210.177,4.3
11/15/2007,210.177,4.3
11/16/2007,210.177,4.3
11/17/2007,210.177,4.3
11/18/2007,210.177,4.3
11/19/2007,210.177,4.3
11/20/2007,210.177,4.3
11/21/2007,210.177,4.3
11/22/2007,210.177,4.3
11/23/2007,210.177,4.3
11/24/2007,210.177,4.3
11/25/2007,210.177,4.3
11/26/2007,210.177,4.3
11/27/2007,210.177,4.3
11/28/2007,210.177,4.3
11/29/2007,210.177,4.3
11/30/2007,210.177,4.3
12/01/2007,210.036,4.1
12/02/2007,210.036,4.1
12/03/2007,210.036,4.1
12/04/2007,210.036,4.1
12/05/2007,210.036,4.1
12/06/2007,210.036,4.1
12/07/2007,210.036,4.1
12/08/2007,210.036,4.1
12/09/2007,210.036,4.1
12/10/2007,210.036,4.1
12/11/2007,210.036,4.1
12/12/2007,210.036,4.1
12/13/2007,210.036,4.1
12/14/2007,210.036,4.1
12/15/2007,210.036,4.1
12/16/2007,210.036,4.1
12/17/2007,210.036,4.1
12/18/2007,210.036,4.1
12/19/2007,210.036,4.1
12/20/2007,210.036,4.1
12/21/2007,210.036,4.1
12/22/2007,210.036,4.1
12/23/2007,210.036,4.1
12/24/2007,210.036,4.1
12/25/2007,210.036,4.1
12/26/2007,210.036,4.1
12/27/2007,210.036,4.1
12/28/2007,210.036,4.1
12/29/2007,210.036,4.1
12/30/2007,210.036,4.1
12/31/2007,210.036,4.1
01/01/2008,211.08,4.3
01/02/2008,211.08,4.3
01/03/2008,211.08,4.3
01/04/2008,211.08,4.3
01/05/2008,211.08,4.3
01/06/2008,211.08,4.3
01/07/2008,211.08,4.3
01/08/2008,211.08,4.3
01/09/2008,211.08,4.3
01/10/2008,211.08,4.3
01/11/2008,211.08,4.3
01/12/2008,211.08,4.3
01/13/2008,211.08,4.3
01/14/2008,211.08,4.3
01/15/2008,211.08,4.3
01/16/2008,211.08,4.3
01/17/2008,211.08,4.3
01/18/2008,211.08,4.3
01/19/2008,211.08,4.3
01/20/2008,211.08,4.3
01/21/2008,211.08,4.3
01/22/2008,211.08,4.3
01/23/2008,211.08,4.3
01/24/2008,211.08,4.3
01/25/2008,211.08,4.3
01/26/2008,211.08,4.3
01/27/2008,211.08,4.3
01/28/2008,211.08,4.3
01/29/2008,211.08,4.3
01/30/2008,211.08,4.3
01/31/2008,211.08,4.3
02/01/2008,211.693,4
02/02/2008,211.693,4
02/03/2008,211.693,4
02/04/2008,211.693,4
02/05/2008,211.693,4
02/06/2008,211.693,4
02/07/2008,211.693,4
02/08/2008,211.693,4
02/09/2008,211.693,4
02/10/2008,211.693,4
02/11/2008,211.693,4
02/12/2008,211.693,4
02/13/2008,211.693,4
02/14/2008,211.693,4
02/15/2008,211.693,4
02/16/2008,211.693,4
02/17/2008,211.693,4
02/18/2008,211.693,4
02/19/2008,211.693,4
02/20/2008,211.693,4
02/21/2008,211.693,4
02/22/2008,211.693,4
02/23/2008,211.693,4
02/24/2008,211.693,4
02/25/2008,211.693,4
02/26/2008,211.693,4
02/27/2008,211.693,4
02/28/2008,211.693,4
02/29/2008,211.693,4
03/01/2008,213.528,4
03/02/2008,213.528,4
03/03/2008,213.528,4
03/04/2008,213.528,4
03/05/2008,213.528,4
03/06/2008,213.528,4
03/07/2008,213.528,4
03/08/2008,213.528,4
03/09/2008,213.528,4
03/10/2008,213.528,4
03/11/2008,213.528,4
03/12/2008,213.528,4
03/13/2008,213.528,4
03/14/2008,213.528,4
03/15/2008,213.528,4
03/16/2008,213.528,4
03/17/2008,213.528,4
03/18/2008,213.528,4
03/19/2008,213.528,4
03/20/2008,213.528,4
03/21/2008,213.528,4
03/22/2008,213.528,4
03/23/2008,213.528,4
03/24/2008,213.528,4
03/25/2008,213.528,4
03/26/2008,213.528,4
03/27/2008,213.528,4
03/28/2008,213.528,4
03/29/2008,213.528,4
03/30/2008,213.528,4
03/31/2008,213.528,4
04/01/2008,214.823,3.9
04/02/2008,214.823,3.9
04/03/2008,214.823,3.9
04/04/2008,214.823,3.9
04/05/2008,214.823,3.9
04/06/2008,214.823,3.9
04/07/2008,214.823,3.9
04/08/2008,214.823,3.9
04/09/2008,214.823,3.9
04/10/2008,214.823,3.9
04/11/2008,214.823,3.9
04/12/2008,214.823,3.9
04/13/2008,214.823,3.9
04/14/2008,214.823,3.9
04/15/2008,214.823,3.9
04/16/2008,214.823,3.9
04/17/2008,214.823,3.9
04/18/2008,214.823,3.9
04/19/2008,214.823,3.9
04/20/2008,214.823,3.9
04/21/2008,214.823,3.9
04/22/2008,214.823,3.9
04/23/2008,214.823,3.9
04/24/2008,214.823,3.9
04/25/2008,214.823,3.9
04/26/2008,214.823,3.9
04/27/2008,214.823,3.9
04/28/2008,214.823,3.9
04/29/2008,214.823,3.9
04/30/2008,214.823,3.9
05/01/2008,216.632,4.2
05/02/2008,216.632,4.2
05/03/2008,216.632,4.2
05/04/2008,216.632,4.2
05/05/2008,216.632,4.2
05/06/2008,216.632,4.2
05/07/2008,216.632,4.2
05/08/2008,216.632,4.2
05/09/2008,216.632,4.2
05/10/2008,216.632,4.2
05/11/2008,216.632,4.2
05/12/2008,216.632,4.2
05/13/2008,216.632,4.2
05/14/2008,216.632,4.2
05/15/2008,216.632,4.2
05/16/2008,216.632,4.2
05/17/2008,216.632,4.2
05/18/2008,216.632,4.2
05/19/2008,216.632,4.2
05/20/2008,216.632,4.2
05/21/2008,216.632,4.2
05/22/2008,216.632,4.2
05/23/2008,216.632,4.2
05/24/2008,216.632,4.2
05/25/2008,216.632,4.2
05/26/2008,216.632,4.2
05/27/2008,216.632,4.2
05/28/2008,216.632,4.2
05/29/2008,216.632,4.2
05/30/2008,216.632,4.2
05/31/2008,216.632,4.2
06/01/2008,218.815,5
06/02/2008,218.815,5
06/03/2008,218.815,5
06/04/2008,218.815,5
06/05/2008,218.815,5
06/06/2008,218.815,5
06/07/2008,218.815,5
06/08/2008,218.815,5
06/09/2008,218.815,5
06/10/2008,218.815,5
06/11/2008,218.815,5
06/12/2008,218.815,5
06/13/2008,218.815,5
06/14/2008,218.815,5
06/15/2008,218.815,5
06/16/2008,218.815,5
06/17/2008,218.815,5
06/18/2008,218.815,5
06/19/2008,218.815,5
06/20/2008,218.815,5
06/21/2008,218.815,5
06/22/2008,218.815,5
06/23/2008,218.815,5
06/24/2008,218.815,5
06/25/2008,218.815,5
06/26/2008,218.815,5
06/27/2008,218.815,5
06/28/2008,218.815,5
06/29/2008,218.815,5
06/30/2008,218.815,5
07/01/2008,219.964,5.6
07/02/2008,219.964,5.6
07/03/2008,219.964,5.6
07/04/2008,219.964,5.6
07/05/2008,219.964,5.6
07/06/2008,219.964,5.6
07/07/2008,219.964,5.6
07/08/2008,219.964,5.6
07/09/2008,219.964,5.6
07/10/2008,219.964,5.6
07/11/2008,219.964,5.6
07/12/2008,219.964,5.6
07/13/2008,219.964,5.6
07/14/2008,219.964,5.6
07/15/2008,219.964,5.6
07/16/2008,219.964,5.6
07/17/2008,219.964,5.6
07/18/2008,219.964,5.6
07/19/2008,219.964,5.6
07/20/2008,219.964,5.6
07/21/2008,219.964,5.6
07/22/2008,219.964,5.6
07/23/2008,219.964,5.6
07/24/2008,219.964,5.6
07/25/2008,219.964,5.6
07/26/2008,219.964,5.6
07/27/2008,219.964,5.6
07/28/2008,219.964,5.6
07/29/2008,219.964,5.6
07/30/2008,219.964,5.6
07/31/2008,219.964,5.6
08/01/2008,219.086,5.4
08/02/2008,219.086,5.4
08/03/2008,219.086,5.4
08/04/2008,219.086,5.4
08/05/2008,219.086,5.4
08/06/2008,219.086,5.4
08/07/2008,219.086,5.4
08/08/2008,219.086,5.4
08/09/2008,219.086,5.4
08/10/2008,219.086,5.4
08/11/2008,219.086,5.4
08/12/2008,219.086,5.4
08/13/2008,219.086,5.4
08/14/2008,219.086,5.4
08/15/2008,219.086,5.4
08/16/2008,219.086,5.4
08/17/2008,219.086,5.4
08/18/2008,219.086,5.4
08/19/2008,219.086,5.4
08/20/2008,219.086,5.4
08/21/2008,219.086,5.4
08/22/2008,219.086,5.4
08/23/2008,219.086,5.4
08/24/2008,219.086,5.4
08/25/2008,219.086,5.4
08/26/2008,219.086,5.4
08/27/2008,219.086,5.4
08/28/2008,219.086,5.4
08/29/2008,219.086,5.4
08/30/2008,219.086,5.4
08/31/2008,219.086,5.4
09/01/2008,218.783,4.9
09/02/2008,218.783,4.9
09/03/2008,218.783,4.9
09/04/2008,218.783,4.9
09/05/2008,218.783,4.9
09/06/2008,218.783,4.9
09/07/2008,218.783,4.9
09/08/2008,218.783,4.9
09/09/2008,218.783,4.9
09/10/2008,218.783,4.9
09/11/2008,218.783,4.9
09/12/2008,218.783,4.9
09/13/2008,218.783,4.9
09/14/2008,218.783,4.9
09/15/2008,218.783,4.9
09/16/2008,218.783,4.9
09/17/2008,218.783,4.9
09/18/2008,218.783,4.9
09/19/2008,218.783,4.9
09/20/2008,218.783,4.9
09/21/2008,218.783,4.9
09/22/2008,218.783,4.9
09/23/2008,218.783,4.9
09/24/2008,218.783,4.9
09/25/2008,218.783,4.9
09/26/2008,218.783,4.9
09/27/2008,218.783,4.9
09/28/2008,218.783,4.9
09/29/2008,218.783,4.9
09/30/2008,218.783,4.9
10/01/2008,216.573,3.7
10/02/2008,216.573,3.7
10/03/2008,216.573,3.7
10/04/2008,216.573,3.7
10/05/2008,216.573,3.7
10/06/2008,216.573,3.7
10/07/2008,216.573,3.7
10/08/2008,216.573,3.7
10/09/2008,216.573,3.7
10/10/2008,216.573,3.7
10/11/2008,216.573,3.7
10/12/2008,216.573,3.7
10/13/2008,216.573,3.7
10/14/2008,216.573,3.7
10/15/2008,216.573,3.7
10/16/2008,216.573,3.7
10/17/2008,216.573,3.7
10/18/2008,216.573,3.7
10/19/2008,216.573,3.7
10/20/2008,216.573,3.7
10/21/2008,216.573,3.7
10/22/2008,216.573,3.7
10/23/2008,216.573,3.7
10/24/2008,216.573,3.7
10/25/2008,216.573,3.7
10/26/2008,216.573,3.7
10/27/2008,216.573,3.7
10/28/2008,216.573,3.7
10/29/2008,216.573,3.7
10/30/2008,216.573,3.7
10/31/2008,216.573,3.7
11/01/2008,212.425,1.1
11/02/2008,212.425,1.1
11/03/2008,212.425,1.1
11/04/2008,212.425,1.1
11/05/2008,212.425,1.1
11/06/2008,212.425,1.1
11/07/2008,212.425,1.1
11/08/2008,212.425,1.1
11/09/2008,212.425,1.1
11/10/2008,212.425,1.1
11/11/2008,212.425,1.1
11/12/2008,212.425,1.1
11/13/2008,212.425,1.1
11/14/2008,212.425,1.1
11/15/2008,212.425,1.1
11/16/2008,212.425,1.1
11/17/2008,212.425,1.1
11/18/2008,212.425,1.1
11/19/2008,212.425,1.1
11/20/2008,212.425,1.1
11/21/2008,212.425,1.1
11/22/2008,212.425,1.1
11/23/2008,212.425,1.1
11/24/2008,212.425,1.1
11/25/2008,212.425,1.1
11/26/2008,212.425,1.1
11/27/2008,212.425,1.1
11/28/2008,212.425,1.1
11/29/2008,212.425,1.1
11/30/2008,212.425,1.1
12/01/2008,210.228,0.1
12/02/2008,210.228,0.1
12/03/2008,210.228,0.1
12/04/2008,210.228,0.1
12/05/2008,210.228,0.1
12/06/2008,210.228,0.1
12/07/2008,210.228,0.1
12/08/2008,210.228,0.1
12/09/2008,210.228,0.1
12/10/2008,210.228,0.1
12/11/2008,210.228,0.1
12/12/2008,210.228,0.1
12/13/2008,210.228,0.1
12/14/2008,210.228,0.1
12/15/2008,210.228,0.1
12/16/2008,210.228,0.1
12/17/2008,210.228,0.1
12/18/2008,210.228,0.1
12/19/2008,210.228,0.1
12/20/2008,210.228,0.1
12/21/2008,210.228,0.1
12/22/2008,210.228,0.1
12/23/2008,210.228,0.1
12/24/2008,210.228,0.1
12/25/2008,210.228,0.1
12/26/2008,210.228,0.1
12/27/2008,210.228,0.1
12/28/2008,210.228,0.1
12/29/2008,210.228,0.1
12/30/2008,210.228,0.1
12/31/2008,210.228,0.1
01/01/2009,211.143,0
01/02/2009,211.143,0
01/03/2009,211.143,0
01/04/2009,211.143,0
01/05/2009,211.143,0
01/06/2009,211.143,0
01/07/2009,211.143,0
01/08/2009,211.143,0
01/09/2009,211.143,0
01/10/2009,211.143,0
01/11/2009,211.143,0
01/12/2009,211.143,0
01/13/2009,211.143,0
01/14/2009,211.143,0
01/15/2009,211.143,0
01/16/2009,211.143,0
01/17/2009,211.143,0
01/18/2009,211.143,0
01/19/2009,211.143,0
01/20/2009,211.143,0
01/21/2009,211.143,0
01/22/2009,211.143,0
01/23/2009,211.143,0
01/24/2009,211.143,0
01/25/2009,211.143,0
01/26/2009,211.143,0
01/27/2009,211.143,0
01/28/2009,211.143,0
01/29/2009,211.143,0
01/30/2009,211.143,0
01/31/2009,211.143,0
02/01/2009,212.193,0.2
02/02/2009,212.193,0.2
02/03/2009,212.193,0.2
02/04/2009,212.193,0.2
02/05/2009,212.193,0.2
02/06/2009,212.193,0.2
02/07/2009,212.193,0.2
02/08/2009,212.193,0.2
02/09/2009,212.193,0.2
02/10/2009,212.193,0.2
02/11/2009,212.193,0.2
02/12/2009,212.193,0.2
02/13/2009,212.193,0.2
02/14/2009,212.193,0.2
02/15/2009,212.193,0.2
02/16/2009,212.193,0.2
02/17/2009,212.193,0.2
02/18/2009,212.193,0.2
02/19/2009,212.193,0.2
02/20/2009,212.193,0.2
02/21/2009,212.193,0.2
02/22/2009,212.193,0.2
02/23/2009,212.193,0.2
02/24/2009,212.193,0.2
02/25/2009,212.193,0.2
02/26/2009,212.193,0.2
02/27/2009,212.193,0.2
02/28/2009,212.193,0.2
03/01/2009,212.709,-0.4
03/02/2009,212.709,-0.4
03/03/2009,212.709,-0.4
03/04/2009,212.709,-0.4
03/05/2009,212.709,-0.4
03/06/2009,212.709,-0.4
03/07/2009,212.709,-0.4
03/08/2009,212.709,-0.4
03/09/2009,212.709,-0.4
03/10/2009,212.709,-0.4
03/11/2009,212.709,-0.4
03/12/2009,212.709,-0.4
03/13/2009,212.709,-0.4
03/14/2009,212.709,-0.4
03/15/2009,212.709,-0.4
03/16/2009,212.709,-0.4
03/17/2009,212.709,-0.4
03/18/2009,212.709,-0.4
03/19/2009,212.709,-0.4
03/20/2009,212.709,-0.4
03/21/2009,212.709,-0.4
03/22/2009,212.709,-0.4
03/23/2009,212.709,-0.4
03/24/2009,212.709,-0.4
03/25/2009,212.709,-0.4
03/26/2009,212.709,-0.4
03/27/2009,212.709,-0.4
03/28/2009,212.709,-0.4
03/29/2009,212.709,-0.4
03/30/2009,212.709,-0.4
03/31/2009,212.709,-0.4
04/01/2009,213.24,-0.7
04/02/2009,213.24,-0.7
04/03/2009,213.24,-0.7
04/04/2009,213.24,-0.7
04/05/2009,213.24,-0.7
04/06/2009,213.24,-0.7
04/07/2009,213.24,-0.7
04/08/2009,213.24,-0.7
04/09/2009,213.24,-0.7
04/10/2009,213.24,-0.7
04/11/2009,213.24,-0.7
04/12/2009,213.24,-0.7
04/13/2009,213.24,-0.7
04/14/2009,213.24,-0.7
04/15/2009,213.24,-0.7
04/16/2009,213.24,-0.7
04/17/2009,213.24,-0.7
04/18/2009,213.24,-0.7
04/19/2009,213.24,-0.7
04/20/2009,213.24,-0.7
04/21/2009,213.24,-0.7
04/22/2009,213.24,-0.7
04/23/2009,213.24,-0.7
04/24/2009,213.24,-0.7
04/25/2009,213.24,-0.7
04/26/2009,213.24,-0.7
04/27/2009,213.24,-0.7
04/28/2009,213.24,-0.7
04/29/2009,213.24,-0.7
04/30/2009,213.24,-0.7
05/01/2009,213.856,-1.3
05/02/2009,213.856,-1.3
05/03/2009,213.856,-1.3
05/04/2009,213.856,-1.3
05/05/2009,213.856,-1.3
05/06/2009,213.856,-1.3
05/07/2009,213.856,-1.3
05/08/2009,213.856,-1.3
05/09/2009,213.856,-1.3
05/10/2009,213.856,-1.3
05/11/2009,213.856,-1.3
05/12/2009,213.856,-1.3
05/13/2009,213.856,-1.3
05/14/2009,213.856,-1.3
05/15/2009,213.856,-1.3
05/16/2009,213.856,-1.3
05/17/2009,213.856,-1.3
05/18/2009,213.856,-1.3
05/19/2009,213.856,-1.3
05/20/2009,213.856,-1.3
05/21/2009,213.856,-1.3
05/22/2009,213.856,-1.3
05/23/2009,213.856,-1.3
05/24/2009,213.856,-1.3
05/25/2009,213.856,-1.3
05/26/2009,213.856,-1.3
05/27/2009,213.856,-1.3
05/28/2009,213.856,-1.3
05/29/2009,213.856,-1.3
05/30/2009,213.856,-1.3
05/31/2009,213.856,-1.3
06/01/2009,215.693,-1.4
06/02/2009,215.693,-1.4
06/03/2009,215.693,-1.4
06/04/2009,215.693,-1.4
06/05/2009,215.693,-1.4
06/06/2009,215.693,-1.4
06/07/2009,215.693,-1.4
06/08/2009,215.693,-1.4
06/09/2009,215.693,-1.4
06/10/2009,215.693,-1.4
06/11/2009,215.693,-1.4
06/12/2009,215.693,-1.4
06/13/2009,215.693,-1.4
06/14/2009,215.693,-1.4
06/15/2009,215.693,-1.4
06/16/2009,215.693,-1.4
06/17/2009,215.693,-1.4
06/18/2009,215.693,-1.4
06/19/2009,215.693,-1.4
06/20/2009,215.693,-1.4
06/21/2009,215.693,-1.4
06/22/2009,215.693,-1.4
06/23/2009,215.693,-1.4
06/24/2009,215.693,-1.4
06/25/2009,215.693,-1.4
06/26/2009,215.693,-1.4
06/27/2009,215.693,-1.4
06/28/2009,215.693,-1.4
06/29/2009,215.693,-1.4
06/30/2009,215.693,-1.4
07/01/2009,215.351,-2.1
07/02/2009,215.351,-2.1
07/03/2009,215.351,-2.1
07/04/2009,215.351,-2.1
07/05/2009,215.351,-2.1
07/06/2009,215.351,-2.1
07/07/2009,215.351,-2.1
07/08/2009,215.351,-2.1
07/09/2009,215.351,-2.1
07/10/2009,215.351,-2.1
07/11/2009,215.351,-2.1
07/12/2009,215.351,-2.1
07/13/2009,215.351,-2.1
07/14/2009,215.351,-2.1
07/15/2009,215.351,-2.1
07/16/2009,215.351,-2.1
07/17/2009,215.351,-2.1
07/18/2009,215.351,-2.1
07/19/2009,215.351,-2.1
07/20/2009,215.351,-2.1
07/21/2009,215.351,-2.1
07/22/2009,215.351,-2.1
07/23/2009,215.351,-2.1
07/24/2009,215.351,-2.1
07/25/2009,215.351,-2.1
07/26/2009,215.351,-2.1
07/27/2009,215.351,-2.1
07/28/2009,215.351,-2.1
07/29/2009,215.351,-2.1
07/30/2009,215.351,-2.1
07/31/2009,215.351,-2.1
08/01/2009,215.834,-1.5
08/02/2009,215.834,-1.5
08/03/2009,215.834,-1.5
08/04/2009,215.834,-1.5
08/05/2009,215.834,-1.5
08/06/2009,215.834,-1.5
08/07/2009,215.834,-1.5
08/08/2009,215.834,-1.5
08/09/2009,215.834,-1.5
08/10/2009,215.834,-1.5
08/11/2009,215.834,-1.5
08/12/2009,215.834,-1.5
08/13/2009,215.834,-1.5
08/14/2009,215.834,-1.5
08/15/2009,215.834,-1.5
08/16/2009,215.834,-1.5
08/17/2009,215.834,-1.5
08/18/2009,215.834,-1.5
08/19/2009,215.834,-1.5
08/20/2009,215.834,-1.5
08/21/2009,215.834,-1.5
08/22/2009,215.834,-1.5
08/23/2009,215.834,-1.5
08/24/2009,215.834,-1.5
08/25/2009,215.834,-1.5
08/26/2009,215.834,-1.5
08/27/2009,215.834,-1.5
08/28/2009,215.834,-1.5
08/29/2009,215.834,-1.5
08/30/2009,215.834,-1.5
08/31/2009,215.834,-1.5
09/01/2009,215.969,-1.3
09/02/2009,215.969,-1.3
09/03/2009,215.969,-1.3
09/04/2009,215.969,-1.3
09/05/2009,215.969,-1.3
09/06/2009,215.969,-1.3
09/07/2009,215.969,-1.3
09/08/2009,215.969,-1.3
09/09/2009,215.969,-1.3
09/10/2009,215.969,-1.3
09/11/2009,215.969,-1.3
09/12/2009,215.969,-1.3
09/13/2009,215.969,-1.3
09/14/2009,215.969,-1.3
09/15/2009,215.969,-1.3
09/16/2009,215.969,-1.3
09/17/2009,215.969,-1.3
09/18/2009,215.969,-1.3
09/19/2009,215.969,-1.3
09/20/2009,215.969,-1.3
09/21/2009,215.969,-1.3
09/22/2009,215.969,-1.3
09/23/2009,215.969,-1.3
09/24/2009,215.969,-1.3
09/25/2009,215.969,-1.3
09/26/2009,215.969,-1.3
09/27/2009,215.969,-1.3
09/28/2009,215.969,-1.3
09/29/2009,215.969,-1.3
09/30/2009,215.969,-1.3
10/01/2009,216.177,-0.2
10/02/2009,216.177,-0.2
10/03/2009,216.177,-0.2
10/04/2009,216.177,-0.2
10/05/2009,216.177,-0.2
10/06/2009,216.177,-0.2
10/07/2009,216.177,-0.2
10/08/2009,216.177,-0.2
10/09/2009,216.177,-0.2
10/10/2009,216.177,-0.2
10/11/2009,216.177,-0.2
10/12/2009,216.177,-0.2
10/13/2009,216.177,-0.2
10/14/2009,216.177,-0.2
10/15/2009,216.177,-0.2
10/16/2009,216.177,-0.2
10/17/2009,216.177,-0.2
10/18/2009,216.177,-0.2
10/19/2009,216.177,-0.2
10/20/2009,216.177,-0.2
10/21/2009,216.177,-0.2
10/22/2009,216.177,-0.2
10/23/2009,216.177,-0.2
10/24/2009,216.177,-0.2
10/25/2009,216.177,-0.2
10/26/2009,216.177,-0.2
10/27/2009,216.177,-0.2
10/28/2009,216.177,-0.2
10/29/2009,216.177,-0.2
10/30/2009,216.177,-0.2
10/31/2009,216.177,-0.2
11/01/2009,216.33,1.8
11/02/2009,216.33,1.8
11/03/2009,216.33,1.8
11/04/2009,216.33,1.8
11/05/2009,216.33,1.8
11/06/2009,216.33,1.8
11/07/2009,216.33,1.8
11/08/2009,216.33,1.8
11/09/2009,216.33,1.8
11/10/2009,216.33,1.8
11/11/2009,216.33,1.8
11/12/2009,216.33,1.8
11/13/2009,216.33,1.8
11/14/2009,216.33,1.8
11/15/2009,216.33,1.8
11/16/2009,216.33,1.8
11/17/2009,216.33,1.8
11/18/2009,216.33,1.8
11/19/2009,216.33,1.8
11/20/2009,216.33,1.8
11/21/2009,216.33,1.8
11/22/2009,216.33,1.8
11/23/2009,216.33,1.8
11/24/2009,216.33,1.8
11/25/2009,216.33,1.8
11/26/2009,216.33,1.8
11/27/2009,216.33,1.8
11/28/2009,216.33,1.8
11/29/2009,216.33,1.8
11/30/2009,216.33,1.8
12/01/2009,215.949,2.7
12/02/2009,215.949,2.7
12/03/2009,215.949,2.7
12/04/2009,215.949,2.7
12/05/2009,215.949,2.7
12/06/2009,215.949,2.7
12/07/2009,215.949,2.7
12/08/2009,215.949,2.7
12/09/2009,215.949,2.7
12/10/2009,215.949,2.7
12/11/2009,215.949,2.7
12/12/2009,215.949,2.7
12/13/2009,215.949,2.7
12/14/2009,215.949,2.7
12/15/2009,215.949,2.7
12/16/2009,215.949,2.7
12/17/2009,215.949,2.7
12/18/2009,215.949,2.7
12/19/2009,215.949,2.7
12/20/2009,215.949,2.7
12/21/2009,215.949,2.7
12/22/2009,215.949,2.7
12/23/2009,215.949,2.7
12/24/2009,215.949,2.7
12/25/2009,215.949,2.7
12/26/2009,215.949,2.7
12/27/2009,215.949,2.7
12/28/2009,215.949,2.7
12/29/2009,215.949,2.7
12/30/2009,215.949,2.7
12/31/2009,215.949,2.7
01/01/2010,216.687,2.6
01/02/2010,216.687,2.6
01/03/2010,216.687,2.6
01/04/2010,216.687,2.6
01/05/2010,216.687,2.6
01/06/2010,216.687,2.6
01/07/2010,216.687,2.6
01/08/2010,216.687,2.6
01/09/2010,216.687,2.6
01/10/2010,216.687,2.6
01/11/2010,216.687,2.6
01/12/2010,216.687,2.6
01/13/2010,216.687,2.6
01/14/2010,216.687,2.6
01/15/2010,216.687,2.6
01/16/2010,216.687,2.6
01/17/2010,216.687,2.6
01/18/2010,216.687,2.6
01/19/2010,216.687,2.6
01/20/2010,216.687,2.6
01/21/2010,216.687,2.6
01/22/2010,216.687,2.6
01/23/2010,216.687,2.6
01/24/2010,216.687,2.6
01/25/2010,216.687,2.6
01/26/2010,216.687,2.6
01/27/2010,216.687,2.6
01/28/2010,216.687,2.6
01/29/2010,216.687,2.6
01/30/2010,216.687,2.6
01/31/2010,216.687,2.6
02/01/2010,216.741,2.1
02/02/2010,216.741,2.1
02/03/2010,216.741,2.1
02/04/2010,216.741,2.1
02/05/2010,216.741,2.1
02/06/2010,216.741,2.1
02/07/2010,216.741,2.1
02/08/2010,216.741,2.1
02/09/2010,216.741,2.1
02/10/2010,216.741,2.1
02/11/2010,216.741,2.1
02/12/2010,216.741,2.1
02/13/2010,216.741,2.1
02/14/2010,216.741,2.1
02/15/2010,216.741,2.1
02/16/2010,216.741,2.1
02/17/2010,216.741,2.1
02/18/2010,216.741,2.1
02/19/2010,216.741,2.1
02/20/2010,216.741,2.1
02/21/2010,216.741,2.1
02/22/2010,216.741,2.1
02/23/2010,216.741,2.1
02/24/2010,216.741,2.1
02/25/2010,216.741,2.1
02/26/2010,216.741,2.1
02/27/2010,216.741,2.1
02/28/2010,216.741,2.1
03/01/2010,217.631,2.3
03/02/2010,217.631,2.3
03/03/2010,217.631,2.3
03/04/2010,217.631,2.3
03/05/2010,217.631,2.3
03/06/2010,217.631,2.3
03/07/2010,217.631,2.3
03/08/2010,217.631,2.3
03/09/2010,217.631,2.3
03/10/2010,217.631,2.3
03/11/2010,217.631,2.3
03/12/2010,217.631,2.3
03/13/2010,217.631,2.3
03/14/2010,217.631,2.3
03/15/2010,217.631,2.3
03/16/2010,217.631,2.3
03/17/2010,217.631,2.3
03/18/2010,217.631,2.3
03/19/2010,217.631,2.3
03/20/2010,217.631,2.3
03/21/2010,217.631,2.3
03/22/2010,217.631,2.3
03/23/2010,217.631,2.3
03/24/2010,217.631,2.3
03/25/2010,217.631,2.3
03/26/2010,217.631,2.3
03/27/2010,217.631,2.3
03/28/2010,217.631,2.3
03/29/2010,217.631,2.3
03/30/2010,217.631,2.3
03/31/2010,217.631,2.3
04/01/2010,218.009,2.2
04/02/2010,218.009,2.2
04/03/2010,218.009,2.2
04/04/2010,218.009,2.2
04/05/2010,218.009,2.2
04/06/2010,218.009,2.2
04/07/2010,218.009,2.2
04/08/2010,218.009,2.2
04/09/2010,218.009,2.2
04/10/2010,218.009,2.2
04/11/2010,218.009,2.2
04/12/2010,218.009,2.2
04/13/2010,218.009,2.2
04/14/2010,218.009,2.2
04/15/2010,218.009,2.2
04/16/2010,218.009,2.2
04/17/2010,218.009,2.2
04/18/2010,218.009,2.2
04/19/2010,218.009,2.2
04/20/2010,218.009,2.2
04/21/2010,218.009,2.2
04/22/2010,218.009,2.2
04/23/2010,218.009,2.2
04/24/2010,218.009,2.2
04/25/2010,218.009,2.2
04/26/2010,218.009,2.2
04/27/2010,218.009,2.2
04/28/2010,218.009,2.2
04/29/2010,218.009,2.2
04/30/2010,218.009,2.2
05/01/2010,218.178,2
05/02/2010,218.178,2
05/03/2010,218.178,2
05/04/2010,218.178,2
05/05/2010,218.178,2
05/06/2010,218.178,2
05/07/2010,218.178,2
05/08/2010,218.178,2
05/09/2010,218.178,2
05/10/2010,218.178,2
05/11/2010,218.178,2
05/12/2010,218.178,2
05/13/2010,218.178,2
05/14/2010,218.178,2
05/15/2010,218.178,2
05/16/2010,218.178,2
05/17/2010,218.178,2
05/18/2010,218.178,2
05/19/2010,218.178,2
05/20/2010,218.178,2
05/21/2010,218.178,2
05/22/2010,218.178,2
05/23/2010,218.178,2
05/24/2010,218.178,2
05/25/2010,218.178,2
05/26/2010,218.178,2
05/27/2010,218.178,2
05/28/2010,218.178,2
05/29/2010,218.178,2
05/30/2010,218.178,2
05/31/2010,218.178,2
06/01/2010,217.965,1.1
06/02/2010,217.965,1.1
06/03/2010,217.965,1.1
06/04/2010,217.965,1.1
06/05/2010,217.965,1.1
06/06/2010,217.965,1.1
06/07/2010,217.965,1.1
06/08/2010,217.965,1.1
06/09/2010,217.965,1.1
06/10/2010,217.965,1.1
06/11/2010,217.965,1.1
06/12/2010,217.965,1.1
06/13/2010,217.965,1.1
06/14/2010,217.965,1.1
06/15/2010,217.965,1.1
06/16/2010,217.965,1.1
06/17/2010,217.965,1.1
06/18/2010,217.965,1.1
06/19/2010,217.965,1.1
06/20/2010,217.965,1.1
06/21/2010,217.965,1.1
06/22/2010,217.965,1.1
06/23/2010,217.965,1.1
06/24/2010,217.965,1.1
06/25/2010,217.965,1.1
06/26/2010,217.965,1.1
06/27/2010,217.965,1.1
06/28/2010,217.965,1.1
06/29/2010,217.965,1.1
06/30/2010,217.965,1.1
07/01/2010,218.011,1.2
07/02/2010,218.011,1.2
07/03/2010,218.011,1.2
07/04/2010,218.011,1.2
07/05/2010,218.011,1.2
07/06/2010,218.011,1.2
07/07/2010,218.011,1.2
07/08/2010,218.011,1.2
07/09/2010,218.011,1.2
07/10/2010,218.011,1.2
07/11/2010,218.011,1.2
07/12/2010,218.011,1.2
07/13/2010,218.011,1.2
07/14/2010,218.011,1.2
07/15/2010,218.011,1.2
07/16/2010,218.011,1.2
07/17/2010,218.011,1.2
07/18/2010,218.011,1.2
07/19/2010,218.011,1.2
07/20/2010,218.011,1.2
07/21/2010,218.011,1.2
07/22/2010,218.011,1.2
07/23/2010,218.011,1.2
07/24/2010,218.011,1.2
07/25/2010,218.011,1.2
07/26/2010,218.011,1.2
07/27/2010,218.011,1.2
07/28/2010,218.011,1.2
07/29/2010,218.011,1.2
07/30/2010,218.011,1.2
07/31/2010,218.011,1.2
08/01/2010,218.312,1.1
08/02/2010,218.312,1.1
08/03/2010,218.312,1.1
08/04/2010,218.312,1.1
08/05/2010,218.312,1.1
08/06/2010,218.312,1.1
08/07/2010,218.312,1.1
08/08/2010,218.312,1.1
08/09/2010,218.312,1.1
08/10/2010,218.312,1.1
08/11/2010,218.312,1.1
08/12/2010,218.312,1.1
08/13/2010,218.312,1.1
08/14/2010,218.312,1.1
08/15/2010,218.312,1.1
08/16/2010,218.312,1.1
08/17/2010,218.312,1.1
08/18/2010,218.312,1.1
08/19/2010,218.312,1.1
08/20/2010,218.312,1.1
08/21/2010,218.312,1.1
08/22/2010,218.312,1.1
08/23/2010,218.312,1.1
08/24/2010,218.312,1.1
08/25/2010,218.312,1.1
08/26/2010,218.312,1.1
08/27/2010,218.312,1.1
08/28/2010,218.312,1.1
08/29/2010,218.312,1.1
08/30/2010,218.312,1.1
08/31/2010,218.312,1.1
09/01/2010,218.439,1.1
09/02/2010,218.439,1.1
09/03/2010,218.439,1.1
09/04/2010,218.439,1.1
09/05/2010,218.439,1.1
09/06/2010,218.439,1.1
09/07/2010,218.439,1.1
09/08/2010,218.439,1.1
09/09/2010,218.439,1.1
09/10/2010,218.439,1.1
09/11/2010,218.439,1.1
09/12/2010,218.439,1.1
09/13/2010,218.439,1.1
09/14/2010,218.439,1.1
09/15/2010,218.439,1.1
09/16/2010,218.439,1.1
09/17/2010,218.439,1.1
09/18/2010,218.439,1.1
09/19/2010,218.439,1.1
09/20/2010,218.439,1.1
09/21/2010,218.439,1.1
09/22/2010,218.439,1.1
09/23/2010,218.439,1.1
09/24/2010,218.439,1.1
09/25/2010,218.439,1.1
09/26/2010,218.439,1.1
09/27/2010,218.439,1.1
09/28/2010,218.439,1.1
09/29/2010,218.439,1.1
09/30/2010,218.439,1.1
10/01/2010,218.711,1.2
10/02/2010,218.711,1.2
10/03/2010,218.711,1.2
10/04/2010,218.711,1.2
10/05/2010,218.711,1.2
10/06/2010,218.711,1.2
10/07/2010,218.711,1.2
10/08/2010,218.711,1.2
10/09/2010,218.711,1.2
10/10/2010,218.711,1.2
10/11/2010,218.711,1.2
10/12/2010,218.711,1.2
10/13/2010,218.711,1.2
10/14/2010,218.711,1.2
10/15/2010,218.711,1.2
10/16/2010,218.711,1.2
10/17/2010,218.711,1.2
10/18/2010,218.711,1.2
10/19/2010,218.711,1.2
10/20/2010,218.711,1.2
10/21/2010,218.711,1.2
10/22/2010,218.711,1.2
10/23/2010,218.711,1.2
10/24/2010,218.711,1.2
10/25/2010,218.711,1.2
10/26/2010,218.711,1.2
10/27/2010,218.711,1.2
10/28/2010,218.711,1.2
10/29/2010,218.711,1.2
10/30/2010,218.711,1.2
10/31/2010,218.711,1.2
11/01/2010,218.803,1.1
11/02/2010,218.803,1.1
11/03/2010,218.803,1.1
11/04/2010,218.803,1.1
11/05/2010,218.803,1.1
11/06/2010,218.803,1.1
11/07/2010,218.803,1.1
11/08/2010,218.803,1.1
11/09/2010,218.803,1.1
11/10/2010,218.803,1.1
11/11/2010,218.803,1.1
11/12/2010,218.803,1.1
11/13/2010,218.803,1.1
11/14/2010,218.803,1.1
11/15/2010,218.803,1.1
11/16/2010,218.803,1.1
11/17/2010,218.803,1.1
11/18/2010,218.803,1.1
11/19/2010,218.803,1.1
11/20/2010,218.803,1.1
11/21/2010,218.803,1.1
11/22/2010,218.803,1.1
11/23/2010,218.803,1.1
11/24/2010,218.803,1.1
11/25/2010,218.803,1.1
11/26/2010,218.803,1.1
11/27/2010,218.803,1.1
11/28/2010,218.803,1.1
11/29/2010,218.803,1.1
11/30/2010,218.803,1.1
12/01/2010,219.179,1.5
12/02/2010,219.179,1.5
12/03/2010,219.179,1.5
12/04/2010,219.179,1.5
12/05/2010,219.179,1.5
12/06/2010,219.179,1.5
12/07/2010,219.179,1.5
12/08/2010,219.179,1.5
12/09/2010,219.179,1.5
12/10/2010,219.179,1.5
12/11/2010,219.179,1.5
12/12/2010,219.179,1.5
12/13/2010,219.179,1.5
12/14/2010,219.179,1.5
12/15/2010,219.179,1.5
12/16/2010,219.179,1.5
12/17/2010,219.179,1.5
12/18/2010,219.179,1.5
12/19/2010,219.179,1.5
12/20/2010,219.179,1.5
12/21/2010,219.179,1.5
12/22/2010,219.179,1.5
12/23/2010,219.179,1.5
12/24/2010,219.179,1.5
12/25/2010,219.179,1.5
12/26/2010,219.179,1.5
12/27/2010,219.179,1.5
12/28/2010,219.179,1.5
12/29/2010,219.179,1.5
12/30/2010,219.179,1.5
12/31/2010,219.179,1.5
01/01/2011,220.223,1.6
01/02/2011,220.223,1.6
01/03/2011,220.223,1.6
01/04/2011,220.223,1.6
01/05/2011,220.223,1.6
01/06/2011,220.223,1.6
01/07/2011,220.223,1.6
01/08/2011,220.223,1.6
01/09/2011,220.223,1.6
01/10/2011,220.223,1.6
01/11/2011,220.223,1.6
01/12/2011,220.223,1.6
01/13/2011,220.223,1.6
01/14/2011,220.223,1.6
01/15/2011,220.223,1.6
01/16/2011,220.223,1.6
01/17/2011,220.223,1.6
01/18/2011,220.223,1.6
01/19/2011,220.223,1.6
01/20/2011,220.223,1.6
01/21/2011,220.223,1.6
01/22/2011,220.223,1.6
01/23/2011,220.223,1.6
01/24/2011,220.223,1.6
01/25/2011,220.223,1.6
01/26/2011,220.223,1.6
01/27/2011,220.223,1.6
01/28/2011,220.223,1.6
01/29/2011,220.223,1.6
01/30/2011,220.223,1.6
01/31/2011,220.223,1.6
02/01/2011,221.309,2.1
02/02/2011,221.309,2.1
02/03/2011,221.309,2.1
02/04/2011,221.309,2.1
02/05/2011,221.309,2.1
02/06/2011,221.309,2.1
02/07/2011,221.309,2.1
02/08/2011,221.309,2.1
02/09/2011,221.309,2.1
02/10/2011,221.309,2.1
02/11/2011,221.309,2.1
02/12/2011,221.309,2.1
02/13/2011,221.309,2.1
02/14/2011,221.309,2.1
02/15/2011,221.309,2.1
02/16/2011,221.309,2.1
02/17/2011,221.309,2.1
02/18/2011,221.309,2.1
02/19/2011,221.309,2.1
02/20/2011,221.309,2.1
02/21/2011,221.309,2.1
02/22/2011,221.309,2.1
02/23/2011,221.309,2.1
02/24/2011,221.309,2.1
02/25/2011,221.309,2.1
02/26/2011,221.309,2.1
02/27/2011,221.309,2.1
02/28/2011,221.309,2.1
03/01/2011,223.467,2.7
03/02/2011,223.467,2.7
03/03/2011,223.467,2.7
03/04/2011,223.467,2.7
03/05/2011,223.467,2.7
03/06/2011,223.467,2.7
03/07/2011,223.467,2.7
03/08/2011,223.467,2.7
03/09/2011,223.467,2.7
03/10/2011,223.467,2.7
03/11/2011,223.467,2.7
03/12/2011,223.467,2.7
03/13/2011,223.467,2.7
03/14/2011,223.467,2.7
03/15/2011,223.467,2.7
03/16/2011,223.467,2.7
03/17/2011,223.467,2.7
03/18/2011,223.467,2.7
03/19/2011,223.467,2.7
03/20/2011,223.467,2.7
03/21/2011,223.467,2.7
03/22/2011,223.467,2.7
03/23/2011,223.467,2.7
03/24/2011,223.467,2.7
03/25/2011,223.467,2.7
03/26/2011,223.467,2.7
03/27/2011,223.467,2.7
03/28/2011,223.467,2.7
03/29/2011,223.467,2.7
03/30/2011,223.467,2.7
03/31/2011,223.467,2.7
04/01/2011,224.906,3.2
04/02/2011,224.906,3.2
04/03/2011,224.906,3.2
04/04/2011,224.906,3.2
04/05/2011,224.906,3.2
04/06/2011,224.906,3.2
04/07/2011,224.906,3.2
04/08/2011,224.906,3.2
04/09/2011,224.906,3.2
04/10/2011,224.906,3.2
04/11/2011,224.906,3.2
04/12/2011,224.906,3.2
04/13/2011,224.906,3.2
04/14/2011,224.906,3.2
04/15/2011,224.906,3.2
04/16/2011,224.906,3.2
04/17/2011,224.906,3.2
04/18/2011,224.906,3.2
04/19/2011,224.906,3.2
04/20/2011,224.906,3.2
04/21/2011,224.906,3.2
04/22/2011,224.906,3.2
04/23/2011,224.906,3.2
04/24/2011,224.906,3.2
04/25/2011,224.906,3.2
04/26/2011,224.906,3.2
04/27/2011,224.906,3.2
04/28/2011,224.906,3.2
04/29/2011,224.906,3.2
04/30/2011,224.906,3.2
05/01/2011,225.964,3.6
05/02/2011,225.964,3.6
05/03/2011,225.964,3.6
05/04/2011,225.964,3.6
05/05/2011,225.964,3.6
05/06/2011,225.964,3.6
05/07/2011,225.964,3.6
05/08/2011,225.964,3.6
05/09/2011,225.964,3.6
05/10/2011,225.964,3.6
05/11/2011,225.964,3.6
05/12/2011,225.964,3.6
05/13/2011,225.964,3.6
05/14/2011,225.964,3.6
05/15/2011,225.964,3.6
05/16/2011,225.964,3.6
05/17/2011,225.964,3.6
05/18/2011,225.964,3.6
05/19/2011,225.964,3.6
05/20/2011,225.964,3.6
05/21/2011,225.964,3.6
05/22/2011,225.964,3.6
05/23/2011,225.964,3.6
05/24/2011,225.964,3.6
05/25/2011,225.964,3.6
05/26/2011,225.964,3.6
05/27/2011,225.964,3.6
05/28/2011,225.964,3.6
05/29/2011,225.964,3.6
05/30/2011,225.964,3.6
05/31/2011,225.964,3.6
06/01/2011,225.722,3.6
06/02/2011,225.722,3.6
06/03/2011,225.722,3.6
06/04/2011,225.722,3.6
06/05/2011,225.722,3.6
06/06/2011,225.722,3.6
06/07/2011,225.722,3.6
06/08/2011,225.722,3.6
06/09/2011,225.722,3.6
06/10/2011,225.722,3.6
06/11/2011,225.722,3.6
06/12/2011,225.722,3.6
06/13/2011,225.722,3.6
06/14/2011,225.722,3.6
06/15/2011,225.722,3.6
06/16/2011,225.722,3.6
06/17/2011,225.722,3.6
06/18/2011,225.722,3.6
06/19/2011,225.722,3.6
06/20/2011,225.722,3.6
06/21/2011,225.722,3.6
06/22/2011,225.722,3.6
06/23/2011,225.722,3.6
06/24/2011,225.722,3.6
06/25/2011,225.722,3.6
06/26/2011,225.722,3.6
06/27/2011,225.722,3.6
06/28/2011,225.722,3.6
06/29/2011,225.722,3.6
06/30/2011,225.722,3.6
07/01/2011,225.922,3.6
07/02/2011,225.922,3.6
07/03/2011,225.922,3.6
07/04/2011,225.922,3.6
07/05/2011,225.922,3.6
07/06/2011,225.922,3.6
07/07/2011,225.922,3.6
07/08/2011,225.922,3.6
07/09/2011,225.922,3.6
07/10/2011,225.922,3.6
07/11/2011,225.922,3.6
07/12/2011,225.922,3.6
07/13/2011,225.922,3.6
07/14/2011,225.922,3.6
07/15/2011,225.922,3.6
07/16/2011,225.922,3.6
07/17/2011,225.922,3.6
07/18/2011,225.922,3.6
07/19/2011,225.922,3.6
07/20/2011,225.922,3.6
07/21/2011,225.922,3.6
07/22/2011,225.922,3.6
07/23/2011,225.922,3.6
07/24/2011,225.922,3.6
07/25/2011,225.922,3.6
07/26/2011,225.922,3.6
07/27/2011,225.922,3.6
07/28/2011,225.922,3.6
07/29/2011,225.922,3.6
07/30/2011,225.922,3.6
07/31/2011,225.922,3.6
08/01/2011,226.545,3.8
08/02/2011,226.545,3.8
08/03/2011,226.545,3.8
08/04/2011,226.545,3.8
08/05/2011,226.545,3.8
08/06/2011,226.545,3.8
08/07/2011,226.545,3.8
08/08/2011,226.545,3.8
08/09/2011,226.545,3.8
08/10/2011,226.545,3.8
08/11/2011,226.545,3.8
08/12/2011,226.545,3.8
08/13/2011,226.545,3.8
08/14/2011,226.545,3.8
08/15/2011,226.545,3.8
08/16/2011,226.545,3.8
08/17/2011,226.545,3.8
08/18/2011,226.545,3.8
08/19/2011,226.545,3.8
08/20/2011,226.545,3.8
08/21/2011,226.545,3.8
08/22/2011,226.545,3.8
08/23/2011,226.545,3.8
08/24/2011,226.545,3.8
08/25/2011,226.545,3.8
08/26/2011,226.545,3.8
08/27/2011,226.545,3.8
08/28/2011,226.545,3.8
08/29/2011,226.545,3.8
08/30/2011,226.545,3.8
08/31/2011,226.545,3.8
09/01/2011,226.889,3.9
09/02/2011,226.889,3.9
09/03/2011,226.889,3.9
09/04/2011,226.889,3.9
09/05/2011,226.889,3.9
09/06/2011,226.889,3.9
09/07/2011,226.889,3.9
09/08/2011,226.889,3.9
09/09/2011,226.889,3.9
09/10/2011,226.889,3.9
09/11/2011,226.889,3.9
09/12/2011,226.889,3.9
09/13/2011,226.889,3.9
09/14/2011,226.889,3.9
09/15/2011,226.889,3.9
09/16/2011,226.889,3.9
09/17/2011,226.889,3.9
09/18/2011,226.889,3.9
09/19/2011,226.889,3.9
09/20/2011,226.889,3.9
09/21/2011,226.889,3.9
09/22/2011,226.889,3.9
09/23/2011,226.889,3.9
09/24/2011,226.889,3.9
09/25/2011,226.889,3.9
09/26/2011,226.889,3.9
09/27/2011,226.889,3.9
09/28/2011,226.889,3.9
09/29/2011,226.889,3.9
09/30/2011,226.889,3.9
10/01/2011,226.421,3.5
10/02/2011,226.421,3.5
10/03/2011,226.421,3.5
10/04/2011,226.421,3.5
10/05/2011,226.421,3.5
10/06/2011,226.421,3.5
10/07/2011,226.421,3.5
10/08/2011,226.421,3.5
10/09/2011,226.421,3.5
10/10/2011,226.421,3.5
10/11/2011,226.421,3.5
10/12/2011,226.421,3.5
10/13/2011,226.421,3.5
10/14/2011,226.421,3.5
10/15/2011,226.421,3.5
10/16/2011,226.421,3.5
10/17/2011,226.421,3.5
10/18/2011,226.421,3.5
10/19/2011,226.421,3.5
10/20/2011,226.421,3.5
10/21/2011,226.421,3.5
10/22/2011,226.421,3.5
10/23/2011,226.421,3.5
10/24/2011,226.421,3.5
10/25/2011,226.421,3.5
10/26/2011,226.421,3.5
10/27/2011,226.421,3.5
10/28/2011,226.421,3.5
10/29/2011,226.421,3.5
10/30/2011,226.421,3.5
10/31/2011,226.421,3.5
11/01/2011,226.23,3.4
11/02/2011,226.23,3.4
11/03/2011,226.23,3.4
11/04/2011,226.23,3.4
11/05/2011,226.23,3.4
11/06/2011,226.23,3.4
11/07/2011,226.23,3.4
11/08/2011,226.23,3.4
11/09/2011,226.23,3.4
11/10/2011,226.23,3.4
11/11/2011,226.23,3.4
11/12/2011,226.23,3.4
11/13/2011,226.23,3.4
11/14/2011,226.23,3.4
11/15/2011,226.23,3.4
11/16/2011,226.23,3.4
11/17/2011,226.23,3.4
11/18/2011,226.23,3.4
11/19/2011,226.23,3.4
11/20/2011,226.23,3.4
11/21/2011,226.23,3.4
11/22/2011,226.23,3.4
11/23/2011,226.23,3.4
11/24/2011,226.23,3.4
11/25/2011,226.23,3.4
11/26/2011,226.23,3.4
11/27/2011,226.23,3.4
11/28/2011,226.23,3.4
11/29/2011,226.23,3.4
11/30/2011,226.23,3.4
12/01/2011,225.672,3
12/02/2011,225.672,3
12/03/2011,225.672,3
12/04/2011,225.672,3
12/05/2011,225.672,3
12/06/2011,225.672,3
12/07/2011,225.672,3
12/08/2011,225.672,3
12/09/2011,225.672,3
12/10/2011,225.672,3
12/11/2011,225.672,3
12/12/2011,225.672,3
12/13/2011,225.672,3
12/14/2011,225.672,3
12/15/2011,225.672,3
12/16/2011,225.672,3
12/17/2011,225.672,3
12/18/2011,225.672,3
12/19/2011,225.672,3
12/20/2011,225.672,3
12/21/2011,225.672,3
12/22/2011,225.672,3
12/23/2011,225.672,3
12/24/2011,225.672,3
12/25/2011,225.672,3
12/26/2011,225.672,3
12/27/2011,225.672,3
12/28/2011,225.672,3
12/29/2011,225.672,3
12/30/2011,225.672,3
12/31/2011,225.672,3
01/01/2012,226.665,2.9
01/02/2012,226.665,2.9
01/03/2012,226.665,2.9
01/04/2012,226.665,2.9
01/05/2012,226.665,2.9
01/06/2012,226.665,2.9
01/07/2012,226.665,2.9
01/08/2012,226.665,2.9
01/09/2012,226.665,2.9
01/10/2012,226.665,2.9
01/11/2012,226.665,2.9
01/12/2012,226.665,2.9
01/13/2012,226.665,2.9
01/14/2012,226.665,2.9
01/15/2012,226.665,2.9
01/16/2012,226.665,2.9
01/17/2012,226.665,2.9
01/18/2012,226.665,2.9
01/19/2012,226.665,2.9
01/20/2012,226.665,2.9
01/21/2012,226.665,2.9
01/22/2012,226.665,2.9
01/23/2012,226.665,2.9
01/24/2012,226.665,2.9
01/25/2012,226.665,2.9
01/26/2012,226.665,2.9
01/27/2012,226.665,2.9
01/28/2012,226.665,2.9
01/29/2012,226.665,2.9
01/30/2012,226.665,2.9
01/31/2012,226.665,2.9
02/01/2012,227.663,2.9
02/02/2012,227.663,2.9
02/03/2012,227.663,2.9
02/04/2012,227.663,2.9
02/05/2012,227.663,2.9
02/06/2012,227.663,2.9
02/07/2012,227.663,2.9
02/08/2012,227.663,2.9
02/09/2012,227.663,2.9
02/10/2012,227.663,2.9
02/11/2012,227.663,2.9
02/12/2012,227.663,2.9
02/13/2012,227.663,2.9
02/14/2012,227.663,2.9
02/15/2012,227.663,2.9
02/16/2012,227.663,2.9
02/17/2012,227.663,2.9
02/18/2012,227.663,2.9
02/19/2012,227.663,2.9
02/20/2012,227.663,2.9
02/21/2012,227.663,2.9
02/22/2012,227.663,2.9
02/23/2012,227.663,2.9
02/24/2012,227.663,2.9
02/25/2012,227.663,2.9
02/26/2012,227.663,2.9
02/27/2012,227.663,2.9
02/28/2012,227.663,2.9
02/29/2012,227.663,2.9
03/01/2012,229.392,2.7
03/02/2012,229.392,2.7
03/03/2012,229.392,2.7
03/04/2012,229.392,2.7
03/05/2012,229.392,2.7
03/06/2012,229.392,2.7
03/07/2012,229.392,2.7
03/08/2012,229.392,2.7
03/09/2012,229.392,2.7
03/10/2012,229.392,2.7
03/11/2012,229.392,2.7
03/12/2012,229.392,2.7
03/13/2012,229.392,2.7
03/14/2012,229.392,2.7
03/15/2012,229.392,2.7
03/16/2012,229.392,2.7
03/17/2012,229.392,2.7
03/18/2012,229.392,2.7
03/19/2012,229.392,2.7
03/20/2012,229.392,2.7
03/21/2012,229.392,2.7
03/22/2012,229.392,2.7
03/23/2012,229.392,2.7
03/24/2012,229.392,2.7
03/25/2012,229.392,2.7
03/26/2012,229.392,2.7
03/27/2012,229.392,2.7
03/28/2012,229.392,2.7
03/29/2012,229.392,2.7
03/30/2012,229.392,2.7
03/31/2012,229.392,2.7
04/01/2012,230.085,2.3
04/02/2012,230.085,2.3
04/03/2012,230.085,2.3
04/04/2012,230.085,2.3
04/05/2012,230.085,2.3
04/06/2012,230.085,2.3
04/07/2012,230.085,2.3
04/08/2012,230.085,2.3
04/09/2012,230.085,2.3
04/10/2012,230.085,2.3
04/11/2012,230.085,2.3
04/12/2012,230.085,2.3
04/13/2012,230.085,2.3
04/14/2012,230.085,2.3
04/15/2012,230.085,2.3
04/16/2012,230.085,2.3
04/17/2012,230.085,2.3
04/18/2012,230.085,2.3
04/19/2012,230.085,2.3
04/20/2012,230.085,2.3
04/21/2012,230.085,2.3
04/22/2012,230.085,2.3
04/23/2012,230.085,2.3
04/24/2012,230.085,2.3
04/25/2012,230.085,2.3
04/26/2012,230.085,2.3
04/27/2012,230.085,2.3
04/28/2012,230.085,2.3
04/29/2012,230.085,2.3
04/30/2012,230.085,2.3
05/01/2012,229.815,1.7
05/02/2012,229.815,1.7
05/03/2012,229.815,1.7
05/04/2012,229.815,1.7
05/05/2012,229.815,1.7
05/06/2012,229.815,1.7
05/07/2012,229.815,1.7
05/08/2012,229.815,1.7
05/09/2012,229.815,1.7
05/10/2012,229.815,1.7
05/11/2012,229.815,1.7
05/12/2012,229.815,1.7
05/13/2012,229.815,1.7
05/14/2012,229.815,1.7
05/15/2012,229.815,1.7
05/16/2012,229.815,1.7
05/17/2012,229.815,1.7
05/18/2012,229.815,1.7
05/19/2012,229.815,1.7
05/20/2012,229.815,1.7
05/21/2012,229.815,1.7
05/22/2012,229.815,1.7
05/23/2012,229.815,1.7
05/24/2012,229.815,1.7
05/25/2012,229.815,1.7
05/26/2012,229.815,1.7
05/27/2012,229.815,1.7
05/28/2012,229.815,1.7
05/29/2012,229.815,1.7
05/30/2012,229.815,1.7
05/31/2012,229.815,1.7
06/01/2012,229.478,1.7
06/02/2012,229.478,1.7
06/03/2012,229.478,1.7
06/04/2012,229.478,1.7
06/05/2012,229.478,1.7
06/06/2012,229.478,1.7
06/07/2012,229.478,1.7
06/08/2012,229.478,1.7
06/09/2012,229.478,1.7
06/10/2012,229.478,1.7
06/11/2012,229.478,1.7
06/12/2012,229.478,1.7
06/13/2012,229.478,1.7
06/14/2012,229.478,1.7
06/15/2012,229.478,1.7
06/16/2012,229.478,1.7
06/17/2012,229.478,1.7
06/18/2012,229.478,1.7
06/19/2012,229.478,1.7
06/20/2012,229.478,1.7
06/21/2012,229.478,1.7
06/22/2012,229.478,1.7
06/23/2012,229.478,1.7
06/24/2012,229.478,1.7
06/25/2012,229.478,1.7
06/26/2012,229.478,1.7
06/27/2012,229.478,1.7
06/28/2012,229.478,1.7
06/29/2012,229.478,1.7
06/30/2012,229.478,1.7
07/01/2012,229.104,1.4
07/02/2012,229.104,1.4
07/03/2012,229.104,1.4
07/04/2012,229.104,1.4
07/05/2012,229.104,1.4
07/06/2012,229.104,1.4
07/07/2012,229.104,1.4
07/08/2012,229.104,1.4
07/09/2012,229.104,1.4
07/10/2012,229.104,1.4
07/11/2012,229.104,1.4
07/12/2012,229.104,1.4
07/13/2012,229.104,1.4
07/14/2012,229.104,1.4
07/15/2012,229.104,1.4
07/16/2012,229.104,1.4
07/17/2012,229.104,1.4
07/18/2012,229.104,1.4
07/19/2012,229.104,1.4
07/20/2012,229.104,1.4
07/21/2012,229.104,1.4
07/22/2012,229.104,1.4
07/23/2012,229.104,1.4
07/24/2012,229.104,1.4
07/25/2012,229.104,1.4
07/26/2012,229.104,1.4
07/27/2012,229.104,1.4
07/28/2012,229.104,1.4
07/29/2012,229.104,1.4
07/30/2012,229.104,1.4
07/31/2012,229.104,1.4
08/01/2012,230.379,1.7
08/02/2012,230.379,1.7
08/03/2012,230.379,1.7
08/04/2012,230.379,1.7
08/05/2012,230.379,1.7
08/06/2012,230.379,1.7
08/07/2012,230.379,1.7
08/08/2012,230.379,1.7
08/09/2012,230.379,1.7
08/10/2012,230.379,1.7
08/11/2012,230.379,1.7
08/12/2012,230.379,1.7
08/13/2012,230.379,1.7
08/14/2012,230.379,1.7
08/15/2012,230.379,1.7
08/16/2012,230.379,1.7
08/17/2012,230.379,1.7
08/18/2012,230.379,1.7
08/19/2012,230.379,1.7
08/20/2012,230.379,1.7
08/21/2012,230.379,1.7
08/22/2012,230.379,1.7
08/23/2012,230.379,1.7
08/24/2012,230.379,1.7
08/25/2012,230.379,1.7
08/26/2012,230.379,1.7
08/27/2012,230.379,1.7
08/28/2012,230.379,1.7
08/29/2012,230.379,1.7
08/30/2012,230.379,1.7
08/31/2012,230.379,1.7
09/01/2012,231.407,2
09/02/2012,231.407,2
09/03/2012,231.407,2
09/04/2012,231.407,2
09/05/2012,231.407,2
09/06/2012,231.407,2
09/07/2012,231.407,2
09/08/2012,231.407,2
09/09/2012,231.407,2
09/10/2012,231.407,2
09/11/2012,231.407,2
09/12/2012,231.407,2
09/13/2012,231.407,2
09/14/2012,231.407,2
09/15/2012,231.407,2
09/16/2012,231.407,2
09/17/2012,231.407,2
09/18/2012,231.407,2
09/19/2012,231.407,2
09/20/2012,231.407,2
09/21/2012,231.407,2
09/22/2012,231.407,2
09/23/2012,231.407,2
09/24/2012,231.407,2
09/25/2012,231.407,2
09/26/2012,231.407,2
09/27/2012,231.407,2
09/28/2012,231.407,2
09/29/2012,231.407,2
09/30/2012,231.407,2
10/01/2012,231.317,2.2
10/02/2012,231.317,2.2
10/03/2012,231.317,2.2
10/04/2012,231.317,2.2
10/05/2012,231.317,2.2
10/06/2012,231.317,2.2
10/07/2012,231.317,2.2
10/08/2012,231.317,2.2
10/09/2012,231.317,2.2
10/10/2012,231.317,2.2
10/11/2012,231.317,2.2
10/12/2012,231.317,2.2
10/13/2012,231.317,2.2
10/14/2012,231.317,2.2
10/15/2012,231.317,2.2
10/16/2012,231.317,2.2
10/17/2012,231.317,2.2
10/18/2012,231.317,2.2
10/19/2012,231.317,2.2
10/20/2012,231.317,2.2
10/21/2012,231.317,2.2
10/22/2012,231.317,2.2
10/23/2012,231.317,2.2
10/24/2012,231.317,2.2
10/25/2012,231.317,2.2
10/26/2012,231.317,2.2
10/27/2012,231.317,2.2
10/28/2012,231.317,2.2
10/29/2012,231.317,2.2
10/30/2012,231.317,2.2
10/31/2012,231.317,2.2
11/01/2012,230.221,1.8
11/02/2012,230.221,1.8
11/03/2012,230.221,1.8
11/04/2012,230.221,1.8
11/05/2012,230.221,1.8
11/06/2012,230.221,1.8
11/07/2012,230.221,1.8
11/08/2012,230.221,1.8
11/09/2012,230.221,1.8
11/10/2012,230.221,1.8
11/11/2012,230.221,1.8
11/12/2012,230.221,1.8
11/13/2012,230.221,1.8
11/14/2012,230.221,1.8
11/15/2012,230.221,1.8
11/16/2012,230.221,1.8
11/17/2012,230.221,1.8
11/18/2012,230.221,1.8
11/19/2012,230.221,1.8
11/20/2012,230.221,1.8
11/21/2012,230.221,1.8
11/22/2012,230.221,1.8
11/23/2012,230.221,1.8
11/24/2012,230.221,1.8
11/25/2012,230.221,1.8
11/26/2012,230.221,1.8
11/27/2012,230.221,1.8
11/28/2012,230.221,1.8
11/29/2012,230.221,1.8
11/30/2012,230.221,1.8
12/01/2012,229.601,1.7
12/02/2012,229.601,1.7
12/03/2012,229.601,1.7
12/04/2012,229.601,1.7
12/05/2012,229.601,1.7
12/06/2012,229.601,1.7
12/07/2012,229.601,1.7
12/08/2012,229.601,1.7
12/09/2012,229.601,1.7
12/10/2012,229.601,1.7
12/11/2012,229.601,1.7
12/12/2012,229.601,1.7
12/13/2012,229.601,1.7
12/14/2012,229.601,1.7
12/15/2012,229.601,1.7
12/16/2012,229.601,1.7
12/17/2012,229.601,1.7
12/18/2012,229.601,1.7
12/19/2012,229.601,1.7
12/20/2012,229.601,1.7
12/21/2012,229.601,1.7
12/22/2012,229.601,1.7
12/23/2012,229.601,1.7
12/24/2012,229.601,1.7
12/25/2012,229.601,1.7
12/26/2012,229.601,1.7
12/27/2012,229.601,1.7
12/28/2012,229.601,1.7
12/29/2012,229.601,1.7
12/30/2012,229.601,1.7
12/31/2012,229.601,1.7
01/01/2013,230.28,1.6
01/02/2013,230.28,1.6
01/03/2013,230.28,1.6
01/04/2013,230.28,1.6
01/05/2013,230.28,1.6
01/06/2013,230.28,1.6
01/07/2013,230.28,1.6
01/08/2013,230.28,1.6
01/09/2013,230.28,1.6
01/10/2013,230.28,1.6
01/11/2013,230.28,1.6
01/12/2013,230.28,1.6
01/13/2013,230.28,1.6
01/14/2013,230.28,1.6
01/15/2013,230.28,1.6
01/16/2013,230.28,1.6
01/17/2013,230.28,1.6
01/18/2013,230.28,1.6
01/19/2013,230.28,1.6
01/20/2013,230.28,1.6
01/21/2013,230.28,1.6
01/22/2013,230.28,1.6
01/23/2013,230.28,1.6
01/24/2013,230.28,1.6
01/25/2013,230.28,1.6
01/26/2013,230.28,1.6
01/27/2013,230.28,1.6
01/28/2013,230.28,1.6
01/29/2013,230.28,1.6
01/30/2013,230.28,1.6
01/31/2013,230.28,1.6
02/01/2013,232.166,2
02/02/2013,232.166,2
02/03/2013,232.166,2
02/04/2013,232.166,2
02/05/2013,232.166,2
02/06/2013,232.166,2
02/07/2013,232.166,2
02/08/2013,232.166,2
02/09/2013,232.166,2
02/10/2013,232.166,2
02/11/2013,232.166,2
02/12/2013,232.166,2
02/13/2013,232.166,2
02/14/2013,232.166,2
02/15/2013,232.166,2
02/16/2013,232.166,2
02/17/2013,232.166,2
02/18/2013,232.166,2
02/19/2013,232.166,2
02/20/2013,232.166,2
02/21/2013,232.166,2
02/22/2013,232.166,2
02/23/2013,232.166,2
02/24/2013,232.166,2
02/25/2013,232.166,2
02/26/2013,232.166,2
02/27/2013,232.166,2
02/28/2013,232.166,2
03/01/2013,232.773,1.5
03/02/2013,232.773,1.5
03/03/2013,232.773,1.5
03/04/2013,232.773,1.5
03/05/2013,232.773,1.5
03/06/2013,232.773,1.5
03/07/2013,232.773,1.5
03/08/2013,232.773,1.5
03/09/2013,232.773,1.5
03/10/2013,232.773,1.5
03/11/2013,232.773,1.5
03/12/2013,232.773,1.5
03/13/2013,232.773,1.5
03/14/2013,232.773,1.5
03/15/2013,232.773,1.5
03/16/2013,232.773,1.5
03/17/2013,232.773,1.5
03/18/2013,232.773,1.5
03/19/2013,232.773,1.5
03/20/2013,232.773,1.5
03/21/2013,232.773,1.5
03/22/2013,232.773,1.5
03/23/2013,232.773,1.5
03/24/2013,232.773,1.5
03/25/2013,232.773,1.5
03/26/2013,232.773,1.5
03/27/2013,232.773,1.5
03/28/2013,232.773,1.5
03/29/2013,232.773,1.5
03/30/2013,232.773,1.5
03/31/2013,232.773,1.5
04/01/2013,232.531,1.1
04/02/2013,232.531,1.1
04/03/2013,232.531,1.1
04/04/2013,232.531,1.1
04/05/2013,232.531,1.1
04/06/2013,232.531,1.1
04/07/2013,232.531,1.1
04/08/2013,232.531,1.1
04/09/2013,232.531,1.1
04/10/2013,232.531,1.1
04/11/2013,232.531,1.1
04/12/2013,232.531,1.1
04/13/2013,232.531,1.1
04/14/2013,232.531,1.1
04/15/2013,232.531,1.1
04/16/2013,232.531,1.1
04/17/2013,232.531,1.1
04/18/2013,232.531,1.1
04/19/2013,232.531,1.1
04/20/2013,232.531,1.1
04/21/2013,232.531,1.1
04/22/2013,232.531,1.1
04/23/2013,232.531,1.1
04/24/2013,232.531,1.1
04/25/2013,232.531,1.1
04/26/2013,232.531,1.1
04/27/2013,232.531,1.1
04/28/2013,232.531,1.1
04/29/2013,232.531,1.1
04/30/2013,232.531,1.1
05/01/2013,232.945,1.4
05/02/2013,232.945,1.4
05/03/2013,232.945,1.4
05/04/2013,232.945,1.4
05/05/2013,232.945,1.4
05/06/2013,232.945,1.4
05/07/2013,232.945,1.4
05/08/2013,232.945,1.4
05/09/2013,232.945,1.4
05/10/2013,232.945,1.4
05/11/2013,232.945,1.4
05/12/2013,232.945,1.4
05/13/2013,232.945,1.4
05/14/2013,232.945,1.4
05/15/2013,232.945,1.4
05/16/2013,232.945,1.4
05/17/2013,232.945,1.4
05/18/2013,232.945,1.4
05/19/2013,232.945,1.4
05/20/2013,232.945,1.4
05/21/2013,232.945,1.4
05/22/2013,232.945,1.4
05/23/2013,232.945,1.4
05/24/2013,232.945,1.4
05/25/2013,232.945,1.4
05/26/2013,232.945,1.4
05/27/2013,232.945,1.4
05/28/2013,232.945,1.4
05/29/2013,232.945,1.4
05/30/2013,232.945,1.4
05/31/2013,232.945,1.4
06/01/2013,233.504,1.8
06/02/2013,233.504,1.8
06/03/2013,233.504,1.8
06/04/2013,233.504,1.8
06/05/2013,233.504,1.8
06/06/2013,233.504,1.8
06/07/2013,233.504,1.8
06/08/2013,233.504,1.8
06/09/2013,233.504,1.8
06/10/2013,233.504,1.8
06/11/2013,233.504,1.8
06/12/2013,233.504,1.8
06/13/2013,233.504,1.8
06/14/2013,233.504,1.8
06/15/2013,233.504,1.8
06/16/2013,233.504,1.8
06/17/2013,233.504,1.8
06/18/2013,233.504,1.8
06/19/2013,233.504,1.8
06/20/2013,233.504,1.8
06/21/2013,233.504,1.8
06/22/2013,233.504,1.8
06/23/2013,233.504,1.8
06/24/2013,233.504,1.8
06/25/2013,233.504,1.8
06/26/2013,233.504,1.8
06/27/2013,233.504,1.8
06/28/2013,233.504,1.8
06/29/2013,233.504,1.8
06/30/2013,233.504,1.8
07/01/2013,233.596,2
07/02/2013,233.596,2
07/03/2013,233.596,2
07/04/2013,233.596,2
07/05/2013,233.596,2
07/06/2013,233.596,2
07/07/2013,233.596,2
07/08/2013,233.596,2
07/09/2013,233.596,2
07/10/2013,233.596,2
07/11/2013,233.596,2
07/12/2013,233.596,2
07/13/2013,233.596,2
07/14/2013,233.596,2
07/15/2013,233.596,2
07/16/2013,233.596,2
07/17/2013,233.596,2
07/18/2013,233.596,2
07/19/2013,233.596,2
07/20/2013,233.596,2
07/21/2013,233.596,2
07/22/2013,233.596,2
07/23/2013,233.596,2
07/24/2013,233.596,2
07/25/2013,233.596,2
07/26/2013,233.596,2
07/27/2013,233.596,2
07/28/2013,233.596,2
07/29/2013,233.596,2
07/30/2013,233.596,2
07/31/2013,233.596,2
08/01/2013,233.877,1.5
08/02/2013,233.877,1.5
08/03/2013,233.877,1.5
08/04/2013,233.877,1.5
08/05/2013,233.877,1.5
08/06/2013,233.877,1.5
08/07/2013,233.877,1.5
08/08/2013,233.877,1.5
08/09/2013,233.877,1.5
08/10/2013,233.877,1.5
08/11/2013,233.877,1.5
08/12/2013,233.877,1.5
08/13/2013,233.877,1.5
08/14/2013,233.877,1.5
08/15/2013,233.877,1.5
08/16/2013,233.877,1.5
08/17/2013,233.877,1.5
08/18/2013,233.877,1.5
08/19/2013,233.877,1.5
08/20/2013,233.877,1.5
08/21/2013,233.877,1.5
08/22/2013,233.877,1.5
08/23/2013,233.877,1.5
08/24/2013,233.877,1.5
08/25/2013,233.877,1.5
08/26/2013,233.877,1.5
08/27/2013,233.877,1.5
08/28/2013,233.877,1.5
08/29/2013,233.877,1.5
08/30/2013,233.877,1.5
08/31/2013,233.877,1.5
09/01/2013,234.149,1.2
09/02/2013,234.149,1.2
09/03/2013,234.149,1.2
09/04/2013,234.149,1.2
09/05/2013,234.149,1.2
09/06/2013,234.149,1.2
09/07/2013,234.149,1.2
09/08/2013,234.149,1.2
09/09/2013,234.149,1.2
09/10/2013,234.149,1.2
09/11/2013,234.149,1.2
09/12/2013,234.149,1.2
09/13/2013,234.149,1.2
09/14/2013,234.149,1.2
09/15/2013,234.149,1.2
09/16/2013,234.149,1.2
09/17/2013,234.149,1.2
09/18/2013,234.149,1.2
09/19/2013,234.149,1.2
09/20/2013,234.149,1.2
09/21/2013,234.149,1.2
09/22/2013,234.149,1.2
09/23/2013,234.149,1.2
09/24/2013,234.149,1.2
09/25/2013,234.149,1.2
09/26/2013,234.149,1.2
09/27/2013,234.149,1.2
09/28/2013,234.149,1.2
09/29/2013,234.149,1.2
09/30/2013,234.149,1.2
10/01/2013,233.546,1
10/02/2013,233.546,1
10/03/2013,233.546,1
10/04/2013,233.546,1
10/05/2013,233.546,1
10/06/2013,233.546,1
10/07/2013,233.546,1
10/08/2013,233.546,1
10/09/2013,233.546,1
10/10/2013,233.546,1
10/11/2013,233.546,1
10/12/2013,233.546,1
10/13/2013,233.546,1
10/14/2013,233.546,1
10/15/2013,233.546,1
10/16/2013,233.546,1
10/17/2013,233.546,1
10/18/2013,233.546,1
10/19/2013,233.546,1
10/20/2013,233.546,1
10/21/2013,233.546,1
10/22/2013,233.546,1
10/23/2013,233.546,1
10/24/2013,233.546,1
10/25/2013,233.546,1
10/26/2013,233.546,1
10/27/2013,233.546,1
10/28/2013,233.546,1
10/29/2013,233.546,1
10/30/2013,233.546,1
10/31/2013,233.546,1
11/01/2013,233.069,1.2
11/02/2013,233.069,1.2
11/03/2013,233.069,1.2
11/04/2013,233.069,1.2
11/05/2013,233.069,1.2
11/06/2013,233.069,1.2
11/07/2013,233.069,1.2
11/08/2013,233.069,1.2
11/09/2013,233.069,1.2
11/10/2013,233.069,1.2
11/11/2013,233.069,1.2
11/12/2013,233.069,1.2
11/13/2013,233.069,1.2
11/14/2013,233.069,1.2
11/15/2013,233.069,1.2
11/16/2013,233.069,1.2
11/17/2013,233.069,1.2
11/18/2013,233.069,1.2
11/19/2013,233.069,1.2
11/20/2013,233.069,1.2
11/21/2013,233.069,1.2
11/22/2013,233.069,1.2
11/23/2013,233.069,1.2
11/24/2013,233.069,1.2
11/25/2013,233.069,1.2
11/26/2013,233.069,1.2
11/27/2013,233.069,1.2
11/28/2013,233.069,1.2
11/29/2013,233.069,1.2
11/30/2013,233.069,1.2
12/01/2013,233.049,1.5
12/02/2013,233.049,1.5
12/03/2013,233.049,1.5
12/04/2013,233.049,1.5
12/05/2013,233.049,1.5
12/06/2013,233.049,1.5
12/07/2013,233.049,1.5
12/08/2013,233.049,1.5
12/09/2013,233.049,1.5
12/10/2013,233.049,1.5
12/11/2013,233.049,1.5
12/12/2013,233.049,1.5
12/13/2013,233.049,1.5
12/14/2013,233.049,1.5
12/15/2013,233.049,1.5
12/16/2013,233.049,1.5
12/17/2013,233.049,1.5
12/18/2013,233.049,1.5
12/19/2013,233.049,1.5
12/20/2013,233.049,1.5
12/21/2013,233.049,1.5
12/22/2013,233.049,1.5
12/23/2013,233.049,1.5
12/24/2013,233.049,1.5
12/25/2013,233.049,1.5
12/26/2013,233.049,1.5
12/27/2013,233.049,1.5
12/28/2013,233.049,1.5
12/29/2013,233.049,1.5
12/30/2013,233.049,1.5
12/31/2013,233.049,1.5
01/01/2014,233.916,1.6
01/02/2014,233.916,1.6
01/03/2014,233.916,1.6
01/04/2014,233.916,1.6
01/05/2014,233.916,1.6
01/06/2014,233.916,1.6
01/07/2014,233.916,1.6
01/08/2014,233.916,1.6
01/09/2014,233.916,1.6
01/10/2014,233.916,1.6
01/11/2014,233.916,1.6
01/12/2014,233.916,1.6
01/13/2014,233.916,1.6
01/14/2014,233.916,1.6
01/15/2014,233.916,1.6
01/16/2014,233.916,1.6
01/17/2014,233.916,1.6
01/18/2014,233.916,1.6
01/19/2014,233.916,1.6
01/20/2014,233.916,1.6
01/21/2014,233.916,1.6
01/22/2014,233.916,1.6
01/23/2014,233.916,1.6
01/24/2014,233.916,1.6
01/25/2014,233.916,1.6
01/26/2014,233.916,1.6
01/27/2014,233.916,1.6
01/28/2014,233.916,1.6
01/29/2014,233.916,1.6
01/30/2014,233.916,1.6
01/31/2014,233.916,1.6
02/01/2014,234.781,1.1
02/02/2014,234.781,1.1
02/03/2014,234.781,1.1
02/04/2014,234.781,1.1
02/05/2014,234.781,1.1
02/06/2014,234.781,1.1
02/07/2014,234.781,1.1
02/08/2014,234.781,1.1
02/09/2014,234.781,1.1
02/10/2014,234.781,1.1
02/11/2014,234.781,1.1
02/12/2014,234.781,1.1
02/13/2014,234.781,1.1
02/14/2014,234.781,1.1
02/15/2014,234.781,1.1
02/16/2014,234.781,1.1
02/17/2014,234.781,1.1
02/18/2014,234.781,1.1
02/19/2014,234.781,1.1
02/20/2014,234.781,1.1
02/21/2014,234.781,1.1
02/22/2014,234.781,1.1
02/23/2014,234.781,1.1
02/24/2014,234.781,1.1
02/25/2014,234.781,1.1
02/26/2014,234.781,1.1
02/27/2014,234.781,1.1
02/28/2014,234.781,1.1
03/01/2014,236.293,1.5
03/02/2014,236.293,1.5
03/03/2014,236.293,1.5
03/04/2014,236.293,1.5
03/05/2014,236.293,1.5
03/06/2014,236.293,1.5
03/07/2014,236.293,1.5
03/08/2014,236.293,1.5
03/09/2014,236.293,1.5
03/10/2014,236.293,1.5
03/11/2014,236.293,1.5
03/12/2014,236.293,1.5
03/13/2014,236.293,1.5
03/14/2014,236.293,1.5
03/15/2014,236.293,1.5
03/16/2014,236.293,1.5
03/17/2014,236.293,1.5
03/18/2014,236.293,1.5
03/19/2014,236.293,1.5
03/20/2014,236.293,1.5
03/21/2014,236.293,1.5
03/22/2014,236.293,1.5
03/23/2014,236.293,1.5
03/24/2014,236.293,1.5
03/25/2014,236.293,1.5
03/26/2014,236.293,1.5
03/27/2014,236.293,1.5
03/28/2014,236.293,1.5
03/29/2014,236.293,1.5
03/30/2014,236.293,1.5
03/31/2014,236.293,1.5
04/01/2014,237.072,2
04/02/2014,237.072,2
04/03/2014,237.072,2
04/04/2014,237.072,2
04/05/2014,237.072,2
04/06/2014,237.072,2
04/07/2014,237.072,2
04/08/2014,237.072,2
04/09/2014,237.072,2
04/10/2014,237.072,2
04/11/2014,237.072,2
04/12/2014,237.072,2
04/13/2014,237.072,2
04/14/2014,237.072,2
04/15/2014,237.072,2
04/16/2014,237.072,2
04/17/2014,237.072,2
04/18/2014,237.072,2
04/19/2014,237.072,2
04/20/2014,237.072,2
04/21/2014,237.072,2
04/22/2014,237.072,2
04/23/2014,237.072,2
04/24/2014,237.072,2
04/25/2014,237.072,2
04/26/2014,237.072,2
04/27/2014,237.072,2
04/28/2014,237.072,2
04/29/2014,237.072,2
04/30/2014,237.072,2
05/01/2014,237.9,2.1
05/02/2014,237.9,2.1
05/03/2014,237.9,2.1
05/04/2014,237.9,2.1
05/05/2014,237.9,2.1
05/06/2014,237.9,2.1
05/07/2014,237.9,2.1
05/08/2014,237.9,2.1
05/09/2014,237.9,2.1
05/10/2014,237.9,2.1
05/11/2014,237.9,2.1
05/12/2014,237.9,2.1
05/13/2014,237.9,2.1
05/14/2014,237.9,2.1
05/15/2014,237.9,2.1
05/16/2014,237.9,2.1
05/17/2014,237.9,2.1
05/18/2014,237.9,2.1
05/19/2014,237.9,2.1
05/20/2014,237.9,2.1
05/21/2014,237.9,2.1
05/22/2014,237.9,2.1
05/23/2014,237.9,2.1
05/24/2014,237.9,2.1
05/25/2014,237.9,2.1
05/26/2014,237.9,2.1
05/27/2014,237.9,2.1
05/28/2014,237.9,2.1
05/29/2014,237.9,2.1
05/30/2014,237.9,2.1
05/31/2014,237.9,2.1
06/01/2014,238.343,2.1
06/02/2014,238.343,2.1
06/03/2014,238.343,2.1
06/04/2014,238.343,2.1
06/05/2014,238.343,2.1
06/06/2014,238.343,2.1
06/07/2014,238.343,2.1
06/08/2014,238.343,2.1
06/09/2014,238.343,2.1
06/10/2014,238.343,2.1
06/11/2014,238.343,2.1
06/12/2014,238.343,2.1
06/13/2014,238.343,2.1
06/14/2014,238.343,2.1
06/15/2014,238.343,2.1
06/16/2014,238.343,2.1
06/17/2014,238.343,2.1
06/18/2014,238.343,2.1
06/19/2014,238.343,2.1
06/20/2014,238.343,2.1
06/21/2014,238.343,2.1
06/22/2014,238.343,2.1
06/23/2014,238.343,2.1
06/24/2014,238.343,2.1
06/25/2014,238.343,2.1
06/26/2014,238.343,2.1
06/27/2014,238.343,2.1
06/28/2014,238.343,2.1
06/29/2014,238.343,2.1
06/30/2014,238.343,2.1
07/01/2014,238.25,2
07/02/2014,238.25,2
07/03/2014,238.25,2
07/04/2014,238.25,2
07/05/2014,238.25,2
07/06/2014,238.25,2
07/07/2014,238.25,2
07/08/2014,238.25,2
07/09/2014,238.25,2
07/10/2014,238.25,2
07/11/2014,238.25,2
07/12/2014,238.25,2
07/13/2014,238.25,2
07/14/2014,238.25,2
07/15/2014,238.25,2
07/16/2014,238.25,2
07/17/2014,238.25,2
07/18/2014,238.25,2
07/19/2014,238.25,2
07/20/2014,238.25,2
07/21/2014,238.25,2
07/22/2014,238.25,2
07/23/2014,238.25,2
07/24/2014,238.25,2
07/25/2014,238.25,2
07/26/2014,238.25,2
07/27/2014,238.25,2
07/28/2014,238.25,2
07/29/2014,238.25,2
07/30/2014,238.25,2
07/31/2014,238.25,2
08/01/2014,237.852,1.7
08/02/2014,237.852,1.7
08/03/2014,237.852,1.7
08/04/2014,237.852,1.7
08/05/2014,237.852,1.7
08/06/2014,237.852,1.7
08/07/2014,237.852,1.7
08/08/2014,237.852,1.7
08/09/2014,237.852,1.7
08/10/2014,237.852,1.7
08/11/2014,237.852,1.7
08/12/2014,237.852,1.7
08/13/2014,237.852,1.7
08/14/2014,237.852,1.7
08/15/2014,237.852,1.7
08/16/2014,237.852,1.7
08/17/2014,237.852,1.7
08/18/2014,237.852,1.7
08/19/2014,237.852,1.7
08/20/2014,237.852,1.7
08/21/2014,237.852,1.7
08/22/2014,237.852,1.7
08/23/2014,237.852,1.7
08/24/2014,237.852,1.7
08/25/2014,237.852,1.7
08/26/2014,237.852,1.7
08/27/2014,237.852,1.7
08/28/2014,237.852,1.7
08/29/2014,237.852,1.7
08/30/2014,237.852,1.7
08/31/2014,237.852,1.7
09/01/2014,238.031,1.7
09/02/2014,238.031,1.7
09/03/2014,238.031,1.7
09/04/2014,238.031,1.7
09/05/2014,238.031,1.7
09/06/2014,238.031,1.7
09/07/2014,238.031,1.7
09/08/2014,238.031,1.7
09/09/2014,238.031,1.7
09/10/2014,238.031,1.7
09/11/2014,238.031,1.7
09/12/2014,238.031,1.7
09/13/2014,238.031,1.7
09/14/2014,238.031,1.7
09/15/2014,238.031,1.7
09/16/2014,238.031,1.7
09/17/2014,238.031,1.7
09/18/2014,238.031,1.7
09/19/2014,238.031,1.7
09/20/2014,238.031,1.7
09/21/2014,238.031,1.7
09/22/2014,238.031,1.7
09/23/2014,238.031,1.7
09/24/2014,238.031,1.7
09/25/2014,238.031,1.7
09/26/2014,238.031,1.7
09/27/2014,238.031,1.7
09/28/2014,238.031,1.7
09/29/2014,238.031,1.7
09/30/2014,238.031,1.7
10/01/2014,237.433,1.7
10/02/2014,237.433,1.7
10/03/2014,237.433,1.7
10/04/2014,237.433,1.7
10/05/2014,237.433,1.7
10/06/2014,237.433,1.7
10/07/2014,237.433,1.7
10/08/2014,237.433,1.7
10/09/2014,237.433,1.7
10/10/2014,237.433,1.7
10/11/2014,237.433,1.7
10/12/2014,237.433,1.7
10/13/2014,237.433,1.7
10/14/2014,237.433,1.7
10/15/2014,237.433,1.7
10/16/2014,237.433,1.7
10/17/2014,237.433,1.7
10/18/2014,237.433,1.7
10/19/2014,237.433,1.7
10/20/2014,237.433,1.7
10/21/2014,237.433,1.7
10/22/2014,237.433,1.7
10/23/2014,237.433,1.7
10/24/2014,237.433,1.7
10/25/2014,237.433,1.7
10/26/2014,237.433,1.7
10/27/2014,237.433,1.7
10/28/2014,237.433,1.7
10/29/2014,237.433,1.7
10/30/2014,237.433,1.7
10/31/2014,237.433,1.7
11/01/2014,236.151,1.3
11/02/2014,236.151,1.3
11/03/2014,236.151,1.3
11/04/2014,236.151,1.3
11/05/2014,236.151,1.3
11/06/2014,236.151,1.3
11/07/2014,236.151,1.3
11/08/2014,236.151,1.3
11/09/2014,236.151,1.3
11/10/2014,236.151,1.3
11/11/2014,236.151,1.3
11/12/2014,236.151,1.3
11/13/2014,236.151,1.3
11/14/2014,236.151,1.3
11/15/2014,236.151,1.3
11/16/2014,236.151,1.3
11/17/2014,236.151,1.3
11/18/2014,236.151,1.3
11/19/2014,236.151,1.3
11/20/2014,236.151,1.3
11/21/2014,236.151,1.3
11/22/2014,236.151,1.3
11/23/2014,236.151,1.3
11/24/2014,236.151,1.3
11/25/2014,236.151,1.3
11/26/2014,236.151,1.3
11/27/2014,236.151,1.3
11/28/2014,236.151,1.3
11/29/2014,236.151,1.3
11/30/2014,236.151,1.3
12/01/2014,234.812,0.8
12/02/2014,234.812,0.8
12/03/2014,234.812,0.8
12/04/2014,234.812,0.8
12/05/2014,234.812,0.8
12/06/2014,234.812,0.8
12/07/2014,234.812,0.8
12/08/2014,234.812,0.8
12/09/2014,234.812,0.8
12/10/2014,234.812,0.8
12/11/2014,234.812,0.8
12/12/2014,234.812,0.8
12/13/2014,234.812,0.8
12/14/2014,234.812,0.8
12/15/2014,234.812,0.8
12/16/2014,234.812,0.8
12/17/2014,234.812,0.8
12/18/2014,234.812,0.8
12/19/2014,234.812,0.8
12/20/2014,234.812,0.8
12/21/2014,234.812,0.8
12/22/2014,234.812,0.8
12/23/2014,234.812,0.8
12/24/2014,234.812,0.8
12/25/2014,234.812,0.8
12/26/2014,234.812,0.8
12/27/2014,234.812,0.8
12/28/2014,234.812,0.8
12/29/2014,234.812,0.8
12/30/2014,234.812,0.8
12/31/2014,234.812,0.8
01/01/2015,233.707,-0.1
01/02/2015,233.707,-0.1
01/03/2015,233.707,-0.1
01/04/2015,233.707,-0.1
01/05/2015,233.707,-0.1
01/06/2015,233.707,-0.1
01/07/2015,233.707,-0.1
01/08/2015,233.707,-0.1
01/09/2015,233.707,-0.1
01/10/2015,233.707,-0.1
01/11/2015,233.707,-0.1
01/12/2015,233.707,-0.1
01/13/2015,233.707,-0.1
01/14/2015,233.707,-0.1
01/15/2015,233.707,-0.1
01/16/2015,233.707,-0.1
01/17/2015,233.707,-0.1
01/18/2015,233.707,-0.1
01/19/2015,233.707,-0.1
01/20/2015,233.707,-0.1
01/21/2015,233.707,-0.1
01/22/2015,233.707,-0.1
01/23/2015,233.707,-0.1
01/24/2015,233.707,-0.1
01/25/2015,233.707,-0.1
01/26/2015,233.707,-0.1
01/27/2015,233.707,-0.1
01/28/2015,233.707,-0.1
01/29/2015,233.707,-0.1
01/30/2015,233.707,-0.1
01/31/2015,233.707,-0.1
02/01/2015,234.722,0
02/02/2015,234.722,0
02/03/2015,234.722,0
02/04/2015,234.722,0
02/05/2015,234.722,0
02/06/2015,234.722,0
02/07/2015,234.722,0
02/08/2015,234.722,0
02/09/2015,234.722,0
02/10/2015,234.722,0
02/11/2015,234.722,0
02/12/2015,234.722,0
02/13/2015,234.722,0
02/14/2015,234.722,0
02/15/2015,234.722,0
02/16/2015,234.722,0
02/17/2015,234.722,0
02/18/2015,234.722,0
02/19/2015,234.722,0
02/20/2015,234.722,0
02/21/2015,234.722,0
02/22/2015,234.722,0
02/23/2015,234.722,0
02/24/2015,234.722,0
02/25/2015,234.722,0
02/26/2015,234.722,0
02/27/2015,234.722,0
02/28/2015,234.722,0
03/01/2015,236.119,-0.1
03/02/2015,236.119,-0.1
03/03/2015,236.119,-0.1
03/04/2015,236.119,-0.1
03/05/2015,236.119,-0.1
03/06/2015,236.119,-0.1
03/07/2015,236.119,-0.1
03/08/2015,236.119,-0.1
03/09/2015,236.119,-0.1
03/10/2015,236.119,-0.1
03/11/2015,236.119,-0.1
03/12/2015,236.119,-0.1
03/13/2015,236.119,-0.1
03/14/2015,236.119,-0.1
03/15/2015,236.119,-0.1
03/16/2015,236.119,-0.1
03/17/2015,236.119,-0.1
03/18/2015,236.119,-0.1
03/19/2015,236.119,-0.1
03/20/2015,236.119,-0.1
03/21/2015,236.119,-0.1
03/22/2015,236.119,-0.1
03/23/2015,236.119,-0.1
03/24/2015,236.119,-0.1
03/25/2015,236.119,-0.1
03/26/2015,236.119,-0.1
03/27/2015,236.119,-0.1
03/28/2015,236.119,-0.1
03/29/2015,236.119,-0.1
03/30/2015,236.119,-0.1
03/31/2015,236.119,-0.1
04/01/2015,236.599,-0.2
04/02/2015,236.599,-0.2
04/03/2015,236.599,-0.2
04/04/2015,236.599,-0.2
04/05/2015,236.599,-0.2
04/06/2015,236.599,-0.2
04/07/2015,236.599,-0.2
04/08/2015,236.599,-0.2
04/09/2015,236.599,-0.2
04/10/2015,236.599,-0.2
04/11/2015,236.599,-0.2
04/12/2015,236.599,-0.2
04/13/2015,236.599,-0.2
04/14/2015,236.599,-0.2
04/15/2015,236.599,-0.2
04/16/2015,236.599,-0.2
04/17/2015,236.599,-0.2
04/18/2015,236.599,-0.2
04/19/2015,236.599,-0.2
04/20/2015,236.599,-0.2
04/21/2015,236.599,-0.2
04/22/2015,236.599,-0.2
04/23/2015,236.599,-0.2
04/24/2015,236.599,-0.2
04/25/2015,236.599,-0.2
04/26/2015,236.599,-0.2
04/27/2015,236.599,-0.2
04/28/2015,236.599,-0.2
04/29/2015,236.599,-0.2
04/30/2015,236.599,-0.2
05/01/2015,237.805,0
05/02/2015,237.805,0
05/03/2015,237.805,0
05/04/2015,237.805,0
05/05/2015,237.805,0
05/06/2015,237.805,0
05/07/2015,237.805,0
05/08/2015,237.805,0
05/09/2015,237.805,0
05/10/2015,237.805,0
05/11/2015,237.805,0
05/12/2015,237.805,0
05/13/2015,237.805,0
05/14/2015,237.805,0
05/15/2015,237.805,0
05/16/2015,237.805,0
05/17/2015,237.805,0
05/18/2015,237.805,0
05/19/2015,237.805,0
05/20/2015,237.805,0
05/21/2015,237.805,0
05/22/2015,237.805,0
05/23/2015,237.805,0
05/24/2015,237.805,0
05/25/2015,237.805,0
05/26/2015,237.805,0
05/27/2015,237.805,0
05/28/2015,237.805,0
05/29/2015,237.805,0
05/30/2015,237.805,0
05/31/2015,237.805,0
06/01/2015,238.638,0.1
06/02/2015,238.638,0.1
06/03/2015,238.638,0.1
06/04/2015,238.638,0.1
06/05/2015,238.638,0.1
06/06/2015,238.638,0.1
06/07/2015,238.638,0.1
06/08/2015,238.638,0.1
06/09/2015,238.638,0.1
06/10/2015,238.638,0.1
06/11/2015,238.638,0.1
06/12/2015,238.638,0.1
06/13/2015,238.638,0.1
06/14/2015,238.638,0.1
06/15/2015,238.638,0.1
06/16/2015,238.638,0.1
06/17/2015,238.638,0.1
06/18/2015,238.638,0.1
06/19/2015,238.638,0.1
06/20/2015,238.638,0.1
06/21/2015,238.638,0.1
06/22/2015,238.638,0.1
06/23/2015,238.638,0.1
06/24/2015,238.638,0.1
06/25/2015,238.638,0.1
06/26/2015,238.638,0.1
06/27/2015,238.638,0.1
06/28/2015,238.638,0.1
06/29/2015,238.638,0.1
06/30/2015,238.638,0.1
07/01/2015,238.654,0.2
07/02/2015,238.654,0.2
07/03/2015,238.654,0.2
07/04/2015,238.654,0.2
07/05/2015,238.654,0.2
07/06/2015,238.654,0.2
07/07/2015,238.654,0.2
07/08/2015,238.654,0.2
07/09/2015,238.654,0.2
07/10/2015,238.654,0.2
07/11/2015,238.654,0.2
07/12/2015,238.654,0.2
07/13/2015,238.654,0.2
07/14/2015,238.654,0.2
07/15/2015,238.654,0.2
07/16/2015,238.654,0.2
07/17/2015,238.654,0.2
07/18/2015,238.654,0.2
07/19/2015,238.654,0.2
07/20/2015,238.654,0.2
07/21/2015,238.654,0.2
07/22/2015,238.654,0.2
07/23/2015,238.654,0.2
07/24/2015,238.654,0.2
07/25/2015,238.654,0.2
07/26/2015,238.654,0.2
07/27/2015,238.654,0.2
07/28/2015,238.654,0.2
07/29/2015,238.654,0.2
07/30/2015,238.654,0.2
07/31/2015,238.654,0.2
08/01/2015,238.316,0.2
08/02/2015,238.316,0.2
08/03/2015,238.316,0.2
08/04/2015,238.316,0.2
08/05/2015,238.316,0.2
08/06/2015,238.316,0.2
08/07/2015,238.316,0.2
08/08/2015,238.316,0.2
08/09/2015,238.316,0.2
08/10/2015,238.316,0.2
08/11/2015,238.316,0.2
08/12/2015,238.316,0.2
08/13/2015,238.316,0.2
08/14/2015,238.316,0.2
08/15/2015,238.316,0.2
08/16/2015,238.316,0.2
08/17/2015,238.316,0.2
08/18/2015,238.316,0.2
08/19/2015,238.316,0.2
08/20/2015,238.316,0.2
08/21/2015,238.316,0.2
08/22/2015,238.316,0.2
08/23/2015,238.316,0.2
08/24/2015,238.316,0.2
08/25/2015,238.316,0.2
08/26/2015,238.316,0.2
08/27/2015,238.316,0.2
08/28/2015,238.316,0.2
08/29/2015,238.316,0.2
08/30/2015,238.316,0.2
08/31/2015,238.316,0.2
09/01/2015,237.945,0
09/02/2015,237.945,0
09/03/2015,237.945,0
09/04/2015,237.945,0
09/05/2015,237.945,0
09/06/2015,237.945,0
09/07/2015,237.945,0
09/08/2015,237.945,0
09/09/2015,237.945,0
09/10/2015,237.945,0
09/11/2015,237.945,0
09/12/2015,237.945,0
09/13/2015,237.945,0
09/14/2015,237.945,0
09/15/2015,237.945,0
09/16/2015,237.945,0
09/17/2015,237.945,0
09/18/2015,237.945,0
09/19/2015,237.945,0
09/20/2015,237.945,0
09/21/2015,237.945,0
09/22/2015,237.945,0
09/23/2015,237.945,0
09/24/2015,237.945,0
09/25/2015,237.945,0
09/26/2015,237.945,0
09/27/2015,237.945,0
09/28/2015,237.945,0
09/29/2015,237.945,0
09/30/2015,237.945,0
10/01/2015,237.838,0.2
10/02/2015,237.838,0.2
10/03/2015,237.838,0.2
10/04/2015,237.838,0.2
10/05/2015,237.838,0.2
10/06/2015,237.838,0.2
10/07/2015,237.838,0.2
10/08/2015,237.838,0.2
10/09/2015,237.838,0.2
10/10/2015,237.838,0.2
10/11/2015,237.838,0.2
10/12/2015,237.838,0.2
10/13/2015,237.838,0.2
10/14/2015,237.838,0.2
10/15/2015,237.838,0.2
10/16/2015,237.838,0.2
10/17/2015,237.838,0.2
10/18/2015,237.838,0.2
10/19/2015,237.838,0.2
10/20/2015,237.838,0.2
10/21/2015,237.838,0.2
10/22/2015,237.838,0.2
10/23/2015,237.838,0.2
10/24/2015,237.838,0.2
10/25/2015,237.838,0.2
10/26/2015,237.838,0.2
10/27/2015,237.838,0.2
10/28/2015,237.838,0.2
10/29/2015,237.838,0.2
10/30/2015,237.838,0.2
10/31/2015,237.838,0.2
11/01/2015,237.336,0.5
11/02/2015,237.336,0.5
11/03/2015,237.336,0.5
11/04/2015,237.336,0.5
11/05/2015,237.336,0.5
11/06/2015,237.336,0.5
11/07/2015,237.336,0.5
11/08/2015,237.336,0.5
11/09/2015,237.336,0.5
11/10/2015,237.336,0.5
11/11/2015,237.336,0.5
11/12/2015,237.336,0.5
11/13/2015,237.336,0.5
11/14/2015,237.336,0.5
11/15/2015,237.336,0.5
11/16/2015,237.336,0.5
11/17/2015,237.336,0.5
11/18/2015,237.336,0.5
11/19/2015,237.336,0.5
11/20/2015,237.336,0.5
11/21/2015,237.336,0.5
11/22/2015,237.336,0.5
11/23/2015,237.336,0.5
11/24/2015,237.336,0.5
11/25/2015,237.336,0.5
11/26/2015,237.336,0.5
11/27/2015,237.336,0.5
11/28/2015,237.336,0.5
11/29/2015,237.336,0.5
11/30/2015,237.336,0.5
12/01/2015,236.525,0.7
12/02/2015,236.525,0.7
12/03/2015,236.525,0.7
12/04/2015,236.525,0.7
12/05/2015,236.525,0.7
12/06/2015,236.525,0.7
12/07/2015,236.525,0.7
12/08/2015,236.525,0.7
12/09/2015,236.525,0.7
12/10/2015,236.525,0.7
12/11/2015,236.525,0.7
12/12/2015,236.525,0.7
12/13/2015,236.525,0.7
12/14/2015,236.525,0.7
12/15/2015,236.525,0.7
12/16/2015,236.525,0.7
12/17/2015,236.525,0.7
12/18/2015,236.525,0.7
12/19/2015,236.525,0.7
12/20/2015,236.525,0.7
12/21/2015,236.525,0.7
12/22/2015,236.525,0.7
12/23/2015,236.525,0.7
12/24/2015,236.525,0.7
12/25/2015,236.525,0.7
12/26/2015,236.525,0.7
12/27/2015,236.525,0.7
12/28/2015,236.525,0.7
12/29/2015,236.525,0.7
12/30/2015,236.525,0.7
12/31/2015,236.525,0.7
01/01/2016,236.916,1.4
01/02/2016,236.916,1.4
01/03/2016,236.916,1.4
01/04/2016,236.916,1.4
01/05/2016,236.916,1.4
01/06/2016,236.916,1.4
01/07/2016,236.916,1.4
01/08/2016,236.916,1.4
01/09/2016,236.916,1.4
01/10/2016,236.916,1.4
01/11/2016,236.916,1.4
01/12/2016,236.916,1.4
01/13/2016,236.916,1.4
01/14/2016,236.916,1.4
01/15/2016,236.916,1.4
01/16/2016,236.916,1.4
01/17/2016,236.916,1.4
01/18/2016,236.916,1.4
01/19/2016,236.916,1.4
01/20/2016,236.916,1.4
01/21/2016,236.916,1.4
01/22/2016,236.916,1.4
01/23/2016,236.916,1.4
01/24/2016,236.916,1.4
01/25/2016,236.916,1.4
01/26/2016,236.916,1.4
01/27/2016,236.916,1.4
01/28/2016,236.916,1.4
01/29/2016,236.916,1.4
01/30/2016,236.916,1.4
01/31/2016,236.916,1.4
02/01/2016,237.111,1
02/02/2016,237.111,1
02/03/2016,237.111,1
02/04/2016,237.111,1
02/05/2016,237.111,1
02/06/2016,237.111,1
02/07/2016,237.111,1
02/08/2016,237.111,1
02/09/2016,237.111,1
02/10/2016,237.111,1
02/11/2016,237.111,1
02/12/2016,237.111,1
02/13/2016,237.111,1
02/14/2016,237.111,1
02/15/2016,237.111,1
02/16/2016,237.111,1
02/17/2016,237.111,1
02/18/2016,237.111,1
02/19/2016,237.111,1
02/20/2016,237.111,1
02/21/2016,237.111,1
02/22/2016,237.111,1
02/23/2016,237.111,1
02/24/2016,237.111,1
02/25/2016,237.111,1
02/26/2016,237.111,1
02/27/2016,237.111,1
02/28/2016,237.111,1
02/29/2016,237.111,1
03/01/2016,238.132,0.9
03/02/2016,238.132,0.9
03/03/2016,238.132,0.9
03/04/2016,238.132,0.9
03/05/2016,238.132,0.9
03/06/2016,238.132,0.9
03/07/2016,238.132,0.9
03/08/2016,238.132,0.9
03/09/2016,238.132,0.9
03/10/2016,238.132,0.9
03/11/2016,238.132,0.9
03/12/2016,238.132,0.9
03/13/2016,238.132,0.9
03/14/2016,238.132,0.9
03/15/2016,238.132,0.9
03/16/2016,238.132,0.9
03/17/2016,238.132,0.9
03/18/2016,238.132,0.9
03/19/2016,238.132,0.9
03/20/2016,238.132,0.9
03/21/2016,238.132,0.9
03/22/2016,238.132,0.9
03/23/2016,238.132,0.9
03/24/2016,238.132,0.9
03/25/2016,238.132,0.9
03/26/2016,238.132,0.9
03/27/2016,238.132,0.9
03/28/2016,238.132,0.9
03/29/2016,238.132,0.9
03/30/2016,238.132,0.9
03/31/2016,238.132,0.9
04/01/2016,239.261,1.1
04/02/2016,239.261,1.1
04/03/2016,239.261,1.1
04/04/2016,239.261,1.1
04/05/2016,239.261,1.1
04/06/2016,239.261,1.1
04/07/2016,239.261,1.1
04/08/2016,239.261,1.1
04/09/2016,239.261,1.1
04/10/2016,239.261,1.1
04/11/2016,239.261,1.1
04/12/2016,239.261,1.1
04/13/2016,239.261,1.1
04/14/2016,239.261,1.1
04/15/2016,239.261,1.1
04/16/2016,239.261,1.1
04/17/2016,239.261,1.1
04/18/2016,239.261,1.1
04/19/2016,239.261,1.1
04/20/2016,239.261,1.1
04/21/2016,239.261,1.1
04/22/2016,239.261,1.1
04/23/2016,239.261,1.1
04/24/2016,239.261,1.1
04/25/2016,239.261,1.1
04/26/2016,239.261,1.1
04/27/2016,239.261,1.1
04/28/2016,239.261,1.1
04/29/2016,239.261,1.1
04/30/2016,239.261,1.1
05/01/2016,240.229,1
05/02/2016,240.229,1
05/03/2016,240.229,1
05/04/2016,240.229,1
05/05/2016,240.229,1
05/06/2016,240.229,1
05/07/2016,240.229,1
05/08/2016,240.229,1
05/09/2016,240.229,1
05/10/2016,240.229,1
05/11/2016,240.229,1
05/12/2016,240.229,1
05/13/2016,240.229,1
05/14/2016,240.229,1
05/15/2016,240.229,1
05/16/2016,240.229,1
05/17/2016,240.229,1
05/18/2016,240.229,1
05/19/2016,240.229,1
05/20/2016,240.229,1
05/21/2016,240.229,1
05/22/2016,240.229,1
05/23/2016,240.229,1
05/24/2016,240.229,1
05/25/2016,240.229,1
05/26/2016,240.229,1
05/27/2016,240.229,1
05/28/2016,240.229,1
05/29/2016,240.229,1
05/30/2016,240.229,1
05/31/2016,240.229,1
06/01/2016,241.018,1
06/02/2016,241.018,1
06/03/2016,241.018,1
06/04/2016,241.018,1
06/05/2016,241.018,1
06/06/2016,241.018,1
06/07/2016,241.018,1
06/08/2016,241.018,1
06/09/2016,241.018,1
06/10/2016,241.018,1
06/11/2016,241.018,1
06/12/2016,241.018,1
06/13/2016,241.018,1
06/14/2016,241.018,1
06/15/2016,241.018,1
06/16/2016,241.018,1
06/17/2016,241.018,1
06/18/2016,241.018,1
06/19/2016,241.018,1
06/20/2016,241.018,1
06/21/2016,241.018,1
06/22/2016,241.018,1
06/23/2016,241.018,1
06/24/2016,241.018,1
06/25/2016,241.018,1
06/26/2016,241.018,1
06/27/2016,241.018,1
06/28/2016,241.018,1
06/29/2016,241.018,1
06/30/2016,241.018,1
07/01/2016,240.628,0.8
07/02/2016,240.628,0.8
07/03/2016,240.628,0.8
07/04/2016,240.628,0.8
07/05/2016,240.628,0.8
07/06/2016,240.628,0.8
07/07/2016,240.628,0.8
07/08/2016,240.628,0.8
07/09/2016,240.628,0.8
07/10/2016,240.628,0.8
07/11/2016,240.628,0.8
07/12/2016,240.628,0.8
07/13/2016,240.628,0.8
07/14/2016,240.628,0.8
07/15/2016,240.628,0.8
07/16/2016,240.628,0.8
07/17/2016,240.628,0.8
07/18/2016,240.628,0.8
07/19/2016,240.628,0.8
07/20/2016,240.628,0.8
07/21/2016,240.628,0.8
07/22/2016,240.628,0.8
07/23/2016,240.628,0.8
07/24/2016,240.628,0.8
07/25/2016,240.628,0.8
07/26/2016,240.628,0.8
07/27/2016,240.628,0.8
07/28/2016,240.628,0.8
07/29/2016,240.628,0.8
07/30/2016,240.628,0.8
07/31/2016,240.628,0.8
08/01/2016,240.849,1.1
08/02/2016,240.849,1.1
08/03/2016,240.849,1.1
08/04/2016,240.849,1.1
08/05/2016,240.849,1.1
08/06/2016,240.849,1.1
08/07/2016,240.849,1.1
08/08/2016,240.849,1.1
08/09/2016,240.849,1.1
08/10/2016,240.849,1.1
08/11/2016,240.849,1.1
08/12/2016,240.849,1.1
08/13/2016,240.849,1.1
08/14/2016,240.849,1.1
08/15/2016,240.849,1.1
08/16/2016,240.849,1.1
08/17/2016,240.849,1.1
08/18/2016,240.849,1.1
08/19/2016,240.849,1.1
08/20/2016,240.849,1.1
08/21/2016,240.849,1.1
08/22/2016,240.849,1.1
08/23/2016,240.849,1.1
08/24/2016,240.849,1.1
08/25/2016,240.849,1.1
08/26/2016,240.849,1.1
08/27/2016,240.849,1.1
08/28/2016,240.849,1.1
08/29/2016,240.849,1.1
08/30/2016,240.849,1.1
08/31/2016,240.849,1.1
09/01/2016,241.428,1.5
09/02/2016,241.428,1.5
09/03/2016,241.428,1.5
09/04/2016,241.428,1.5
09/05/2016,241.428,1.5
09/06/2016,241.428,1.5
09/07/2016,241.428,1.5
09/08/2016,241.428,1.5
09/09/2016,241.428,1.5
09/10/2016,241.428,1.5
09/11/2016,241.428,1.5
09/12/2016,241.428,1.5
09/13/2016,241.428,1.5
09/14/2016,241.428,1.5
09/15/2016,241.428,1.5
09/16/2016,241.428,1.5
09/17/2016,241.428,1.5
09/18/2016,241.428,1.5
09/19/2016,241.428,1.5
09/20/2016,241.428,1.5
09/21/2016,241.428,1.5
09/22/2016,241.428,1.5
09/23/2016,241.428,1.5
09/24/2016,241.428,1.5
09/25/2016,241.428,1.5
09/26/2016,241.428,1.5
09/27/2016,241.428,1.5
09/28/2016,241.428,1.5
09/29/2016,241.428,1.5
09/30/2016,241.428,1.5
10/01/2016,241.729,1.6
10/02/2016,241.729,1.6
10/03/2016,241.729,1.6
10/04/2016,241.729,1.6
10/05/2016,241.729,1.6
10/06/2016,241.729,1.6
10/07/2016,241.729,1.6
10/08/2016,241.729,1.6
10/09/2016,241.729,1.6
10/10/2016,241.729,1.6
10/11/2016,241.729,1.6
10/12/2016,241.729,1.6
10/13/2016,241.729,1.6
10/14/2016,241.729,1.6
10/15/2016,241.729,1.6
10/16/2016,241.729,1.6
10/17/2016,241.729,1.6
10/18/2016,241.729,1.6
10/19/2016,241.729,1.6
10/20/2016,241.729,1.6
10/21/2016,241.729,1.6
10/22/2016,241.729,1.6
10/23/2016,241.729,1.6
10/24/2016,241.729,1.6
10/25/2016,241.729,1.6
10/26/2016,241.729,1.6
10/27/2016,241.729,1.6
10/28/2016,241.729,1.6
10/29/2016,241.729,1.6
10/30/2016,241.729,1.6
10/31/2016,241.729,1.6
11/01/2016,241.353,1.7
11/02/2016,241.353,1.7
11/03/2016,241.353,1.7
11/04/2016,241.353,1.7
11/05/2016,241.353,1.7
11/06/2016,241.353,1.7
11/07/2016,241.353,1.7
11/08/2016,241.353,1.7
11/09/2016,241.353,1.7
11/10/2016,241.353,1.7
11/11/2016,241.353,1.7
11/12/2016,241.353,1.7
11/13/2016,241.353,1.7
11/14/2016,241.353,1.7
11/15/2016,241.353,1.7
11/16/2016,241.353,1.7
11/17/2016,241.353,1.7
11/18/2016,241.353,1.7
11/19/2016,241.353,1.7
11/20/2016,241.353,1.7
11/21/2016,241.353,1.7
11/22/2016,241.353,1.7
11/23/2016,241.353,1.7
11/24/2016,241.353,1.7
11/25/2016,241.353,1.7
11/26/2016,241.353,1.7
11/27/2016,241.353,1.7
11/28/2016,241.353,1.7
11/29/2016,241.353,1.7
11/30/2016,241.353,1.7
12/01/2016,241.432,2.1
12/02/2016,241.432,2.1
12/03/2016,241.432,2.1
12/04/2016,241.432,2.1
12/05/2016,241.432,2.1
12/06/2016,241.432,2.1
12/07/2016,241.432,2.1
12/08/2016,241.432,2.1
12/09/2016,241.432,2.1
12/10/2016,241.432,2.1
12/11/2016,241.432,2.1
12/12/2016,241.432,2.1
12/13/2016,241.432,2.1
12/14/2016,241.432,2.1
12/15/2016,241.432,2.1
12/16/2016,241.432,2.1
12/17/2016,241.432,2.1
12/18/2016,241.432,2.1
12/19/2016,241.432,2.1
12/20/2016,241.432,2.1
12/21/2016,241.432,2.1
12/22/2016,241.432,2.1
12/23/2016,241.432,2.1
12/24/2016,241.432,2.1
12/25/2016,241.432,2.1
12/26/2016,241.432,2.1
12/27/2016,241.432,2.1
12/28/2016,241.432,2.1
12/29/2016,241.432,2.1
12/30/2016,241.432,2.1
12/31/2016,241.432,2.1
01/01/2017,242.839,2.5
01/02/2017,242.839,2.5
01/03/2017,242.839,2.5
01/04/2017,242.839,2.5
01/05/2017,242.839,2.5
01/06/2017,242.839,2.5
01/07/2017,242.839,2.5
01/08/2017,242.839,2.5
01/09/2017,242.839,2.5
01/10/2017,242.839,2.5
01/11/2017,242.839,2.5
01/12/2017,242.839,2.5
01/13/2017,242.839,2.5
01/14/2017,242.839,2.5
01/15/2017,242.839,2.5
01/16/2017,242.839,2.5
01/17/2017,242.839,2.5
01/18/2017,242.839,2.5
01/19/2017,242.839,2.5
01/20/2017,242.839,2.5
01/21/2017,242.839,2.5
01/22/2017,242.839,2.5
01/23/2017,242.839,2.5
01/24/2017,242.839,2.5
01/25/2017,242.839,2.5
01/26/2017,242.839,2.5
01/27/2017,242.839,2.5
01/28/2017,242.839,2.5
01/29/2017,242.839,2.5
01/30/2017,242.839,2.5
01/31/2017,242.839,2.5
02/01/2017,243.603,2.7
02/02/2017,243.603,2.7
02/03/2017,243.603,2.7
02/04/2017,243.603,2.7
02/05/2017,243.603,2.7
02/06/2017,243.603,2.7
02/07/2017,243.603,2.7
02/08/2017,243.603,2.7
02/09/2017,243.603,2.7
02/10/2017,243.603,2.7
02/11/2017,243.603,2.7
02/12/2017,243.603,2.7
02/13/2017,243.603,2.7
02/14/2017,243.603,2.7
02/15/2017,243.603,2.7
02/16/2017,243.603,2.7
02/17/2017,243.603,2.7
02/18/2017,243.603,2.7
02/19/2017,243.603,2.7
02/20/2017,243.603,2.7
02/21/2017,243.603,2.7
02/22/2017,243.603,2.7
02/23/2017,243.603,2.7
02/24/2017,243.603,2.7
02/25/2017,243.603,2.7
02/26/2017,243.603,2.7
02/27/2017,243.603,2.7
02/28/2017,243.603,2.7
03/01/2017,243.801,2.4
03/02/2017,243.801,2.4
03/03/2017,243.801,2.4
03/04/2017,243.801,2.4
03/05/2017,243.801,2.4
03/06/2017,243.801,2.4
03/07/2017,243.801,2.4
03/08/2017,243.801,2.4
03/09/2017,243.801,2.4
03/10/2017,243.801,2.4
03/11/2017,243.801,2.4
03/12/2017,243.801,2.4
03/13/2017,243.801,2.4
03/14/2017,243.801,2.4
03/15/2017,243.801,2.4
03/16/2017,243.801,2.4
03/17/2017,243.801,2.4
03/18/2017,243.801,2.4
03/19/2017,243.801,2.4
03/20/2017,243.801,2.4
03/21/2017,243.801,2.4
03/22/2017,243.801,2.4
03/23/2017,243.801,2.4
03/24/2017,243.801,2.4
03/25/2017,243.801,2.4
03/26/2017,243.801,2.4
03/27/2017,243.801,2.4
03/28/2017,243.801,2.4
03/29/2017,243.801,2.4
03/30/2017,243.801,2.4
03/31/2017,243.801,2.4
04/01/2017,244.524,2.2
04/02/2017,244.524,2.2
04/03/2017,244.524,2.2
04/04/2017,244.524,2.2
04/05/2017,244.524,2.2
04/06/2017,244.524,2.2
04/07/2017,244.524,2.2
04/08/2017,244.524,2.2
04/09/2017,244.524,2.2
04/10/2017,244.524,2.2
04/11/2017,244.524,2.2
04/12/2017,244.524,2.2
04/13/2017,244.524,2.2
04/14/2017,244.524,2.2
04/15/2017,244.524,2.2
04/16/2017,244.524,2.2
04/17/2017,244.524,2.2
04/18/2017,244.524,2.2
04/19/2017,244.524,2.2
04/20/2017,244.524,2.2
04/21/2017,244.524,2.2
04/22/2017,244.524,2.2
04/23/2017,244.524,2.2
04/24/2017,244.524,2.2
04/25/2017,244.524,2.2
04/26/2017,244.524,2.2
04/27/2017,244.524,2.2
04/28/2017,244.524,2.2
04/29/2017,244.524,2.2
04/30/2017,244.524,2.2
05/01/2017,244.733,1.9
05/02/2017,244.733,1.9
05/03/2017,244.733,1.9
05/04/2017,244.733,1.9
05/05/2017,244.733,1.9
05/06/2017,244.733,1.9
05/07/2017,244.733,1.9
05/08/2017,244.733,1.9
05/09/2017,244.733,1.9
05/10/2017,244.733,1.9
05/11/2017,244.733,1.9
05/12/2017,244.733,1.9
05/13/2017,244.733,1.9
05/14/2017,244.733,1.9
05/15/2017,244.733,1.9
05/16/2017,244.733,1.9
05/17/2017,244.733,1.9
05/18/2017,244.733,1.9
05/19/2017,244.733,1.9
05/20/2017,244.733,1.9
05/21/2017,244.733,1.9
05/22/2017,244.733,1.9
05/23/2017,244.733,1.9
05/24/2017,244.733,1.9
05/25/2017,244.733,1.9
05/26/2017,244.733,1.9
05/27/2017,244.733,1.9
05/28/2017,244.733,1.9
05/29/2017,244.733,1.9
05/30/2017,244.733,1.9
05/31/2017,244.733,1.9
06/01/2017,244.955,1.6
06/02/2017,244.955,1.6
06/03/2017,244.955,1.6
06/04/2017,244.955,1.6
06/05/2017,244.955,1.6
06/06/2017,244.955,1.6
06/07/2017,244.955,1.6
06/08/2017,244.955,1.6
06/09/2017,244.955,1.6
06/10/2017,244.955,1.6
06/11/2017,244.955,1.6
06/12/2017,244.955,1.6
06/13/2017,244.955,1.6
06/14/2017,244.955,1.6
06/15/2017,244.955,1.6
06/16/2017,244.955,1.6
06/17/2017,244.955,1.6
06/18/2017,244.955,1.6
06/19/2017,244.955,1.6
06/20/2017,244.955,1.6
06/21/2017,244.955,1.6
06/22/2017,244.955,1.6
06/23/2017,244.955,1.6
06/24/2017,244.955,1.6
06/25/2017,244.955,1.6
06/26/2017,244.955,1.6
06/27/2017,244.955,1.6
06/28/2017,244.955,1.6
06/29/2017,244.955,1.6
06/30/2017,244.955,1.6
07/01/2017,244.786,1.7
07/02/2017,244.786,1.7
07/03/2017,244.786,1.7
07/04/2017,244.786,1.7
07/05/2017,244.786,1.7
07/06/2017,244.786,1.7
07/07/2017,244.786,1.7
07/08/2017,244.786,1.7
07/09/2017,244.786,1.7
07/10/2017,244.786,1.7
07/11/2017,244.786,1.7
07/12/2017,244.786,1.7
07/13/2017,244.786,1.7
07/14/2017,244.786,1.7
07/15/2017,244.786,1.7
07/16/2017,244.786,1.7
07/17/2017,244.786,1.7
07/18/2017,244.786,1.7
07/19/2017,244.786,1.7
07/20/2017,244.786,1.7
07/21/2017,244.786,1.7
07/22/2017,244.786,1.7
07/23/2017,244.786,1.7
07/24/2017,244.786,1.7
07/25/2017,244.786,1.7
07/26/2017,244.786,1.7
07/27/2017,244.786,1.7
07/28/2017,244.786,1.7
07/29/2017,244.786,1.7
07/30/2017,244.786,1.7
07/31/2017,244.786,1.7
08/01/2017,245.519,1.9
08/02/2017,245.519,1.9
08/03/2017,245.519,1.9
08/04/2017,245.519,1.9
08/05/2017,245.519,1.9
08/06/2017,245.519,1.9
08/07/2017,245.519,1.9
08/08/2017,245.519,1.9
08/09/2017,245.519,1.9
08/10/2017,245.519,1.9
08/11/2017,245.519,1.9
08/12/2017,245.519,1.9
08/13/2017,245.519,1.9
08/14/2017,245.519,1.9
08/15/2017,245.519,1.9
08/16/2017,245.519,1.9
08/17/2017,245.519,1.9
08/18/2017,245.519,1.9
08/19/2017,245.519,1.9
08/20/2017,245.519,1.9
08/21/2017,245.519,1.9
08/22/2017,245.519,1.9
08/23/2017,245.519,1.9
08/24/2017,245.519,1.9
08/25/2017,245.519,1.9
08/26/2017,245.519,1.9
08/27/2017,245.519,1.9
08/28/2017,245.519,1.9
08/29/2017,245.519,1.9
08/30/2017,245.519,1.9
08/31/2017,245.519,1.9
09/01/2017,246.819,2.2
09/02/2017,246.819,2.2
09/03/2017,246.819,2.2
09/04/2017,246.819,2.2
09/05/2017,246.819,2.2
09/06/2017,246.819,2.2
09/07/2017,246.819,2.2
09/08/2017,246.819,2.2
09/09/2017,246.819,2.2
09/10/2017,246.819,2.2
09/11/2017,246.819,2.2
09/12/2017,246.819,2.2
09/13/2017,246.819,2.2
09/14/2017,246.819,2.2
09/15/2017,246.819,2.2
09/16/2017,246.819,2.2
09/17/2017,246.819,2.2
09/18/2017,246.819,2.2
09/19/2017,246.819,2.2
09/20/2017,246.819,2.2
09/21/2017,246.819,2.2
09/22/2017,246.819,2.2
09/23/2017,246.819,2.2
09/24/2017,246.819,2.2
09/25/2017,246.819,2.2
09/26/2017,246.819,2.2
09/27/2017,246.819,2.2
09/28/2017,246.819,2.2
09/29/2017,246.819,2.2
09/30/2017,246.819,2.2
10/01/2017,246.663,2
10/02/2017,246.663,2
10/03/2017,246.663,2
10/04/2017,246.663,2
10/05/2017,246.663,2
10/06/2017,246.663,2
10/07/2017,246.663,2
10/08/2017,246.663,2
10/09/2017,246.663,2
10/10/2017,246.663,2
10/11/2017,246.663,2
10/12/2017,246.663,2
10/13/2017,246.663,2
10/14/2017,246.663,2
10/15/2017,246.663,2
10/16/2017,246.663,2
10/17/2017,246.663,2
10/18/2017,246.663,2
10/19/2017,246.663,2
10/20/2017,246.663,2
10/21/2017,246.663,2
10/22/2017,246.663,2
10/23/2017,246.663,2
10/24/2017,246.663,2
10/25/2017,246.663,2
10/26/2017,246.663,2
10/27/2017,246.663,2
10/28/2017,246.663,2
10/29/2017,246.663,2
10/30/2017,246.663,2
10/31/2017,246.663,2
11/01/2017,246.669,2.2
11/02/2017,246.669,2.2
11/03/2017,246.669,2.2
11/04/2017,246.669,2.2
11/05/2017,246.669,2.2
11/06/2017,246.669,2.2
11/07/2017,246.669,2.2
11/08/2017,246.669,2.2
11/09/2017,246.669,2.2
11/10/2017,246.669,2.2
11/11/2017,246.669,2.2
11/12/2017,246.669,2.2
11/13/2017,246.669,2.2
11/14/2017,246.669,2.2
11/15/2017,246.669,2.2
11/16/2017,246.669,2.2
11/17/2017,246.669,2.2
11/18/2017,246.669,2.2
11/19/2017,246.669,2.2
11/20/2017,246.669,2.2
11/21/2017,246.669,2.2
11/22/2017,246.669,2.2
11/23/2017,246.669,2.2
11/24/2017,246.669,2.2
11/25/2017,246.669,2.2
11/26/2017,246.669,2.2
11/27/2017,246.669,2.2
11/28/2017,246.669,2.2
11/29/2017,246.669,2.2
11/30/2017,246.669,2.2
12/01/2017,246.524,2.1
12/02/2017,246.524,2.1
12/03/2017,246.524,2.1
12/04/2017,246.524,2.1
12/05/2017,246.524,2.1
12/06/2017,246.524,2.1
12/07/2017,246.524,2.1
12/08/2017,246.524,2.1
12/09/2017,246.524,2.1
12/10/2017,246.524,2.1
12/11/2017,246.524,2.1
12/12/2017,246.524,2.1
12/13/2017,246.524,2.1
12/14/2017,246.524,2.1
12/15/2017,246.524,2.1
12/16/2017,246.524,2.1
12/17/2017,246.524,2.1
12/18/2017,246.524,2.1
12/19/2017,246.524,2.1
12/20/2017,246.524,2.1
12/21/2017,246.524,2.1
12/22/2017,246.524,2.1
12/23/2017,246.524,2.1
12/24/2017,246.524,2.1
12/25/2017,246.524,2.1
12/26/2017,246.524,2.1
12/27/2017,246.524,2.1
12/28/2017,246.524,2.1
12/29/2017,246.524,2.1
12/30/2017,246.524,2.1
12/31/2017,246.524,2.1
01/01/2018,247.867,2.1
01/02/2018,247.867,2.1
01/03/2018,247.867,2.1
01/04/2018,247.867,2.1
01/05/2018,247.867,2.1
01/06/2018,247.867,2.1
01/07/2018,247.867,2.1
01/08/2018,247.867,2.1
01/09/2018,247.867,2.1
01/10/2018,247.867,2.1
01/11/2018,247.867,2.1
01/12/2018,247.867,2.1
01/13/2018,247.867,2.1
01/14/2018,247.867,2.1
01/15/2018,247.867,2.1
01/16/2018,247.867,2.1
01/17/2018,247.867,2.1
01/18/2018,247.867,2.1
01/19/2018,247.867,2.1
01/20/2018,247.867,2.1
01/21/2018,247.867,2.1
01/22/2018,247.867,2.1
01/23/2018,247.867,2.1
01/24/2018,247.867,2.1
01/25/2018,247.867,2.1
01/26/2018,247.867,2.1
01/27/2018,247.867,2.1
01/28/2018,247.867,2.1
01/29/2018,247.867,2.1
01/30/2018,247.867,2.1
01/31/2018,247.867,2.1
02/01/2018,248.991,2.2
02/02/2018,248.991,2.2
02/03/2018,248.991,2.2
02/04/2018,248.991,2.2
02/05/2018,248.991,2.2
02/06/2018,248.991,2.2
02/07/2018,248.991,2.2
02/08/2018,248.991,2.2
02/09/2018,248.991,2.2
02/10/2018,248.991,2.2
02/11/2018,248.991,2.2
02/12/2018,248.991,2.2
02/13/2018,248.991,2.2
02/14/2018,248.991,2.2
02/15/2018,248.991,2.2
02/16/2018,248.991,2.2
02/17/2018,248.991,2.2
02/18/2018,248.991,2.2
02/19/2018,248.991,2.2
02/20/2018,248.991,2.2
02/21/2018,248.991,2.2
02/22/2018,248.991,2.2
02/23/2018,248.991,2.2
02/24/2018,248.991,2.2
02/25/2018,248.991,2.2
02/26/2018,248.991,2.2
02/27/2018,248.991,2.2
02/28/2018,248.991,2.2
03/01/2018,249.554,2.4
03/02/2018,249.554,2.4
03/03/2018,249.554,2.4
03/04/2018,249.554,2.4
03/05/2018,249.554,2.4
03/06/2018,249.554,2.4
03/07/2018,249.554,2.4
03/08/2018,249.554,2.4
03/09/2018,249.554,2.4
03/10/2018,249.554,2.4
03/11/2018,249.554,2.4
03/12/2018,249.554,2.4
03/13/2018,249.554,2.4
03/14/2018,249.554,2.4
03/15/2018,249.554,2.4
03/16/2018,249.554,2.4
03/17/2018,249.554,2.4
03/18/2018,249.554,2.4
03/19/2018,249.554,2.4
03/20/2018,249.554,2.4
03/21/2018,249.554,2.4
03/22/2018,249.554,2.4
03/23/2018,249.554,2.4
03/24/2018,249.554,2.4
03/25/2018,249.554,2.4
03/26/2018,249.554,2.4
03/27/2018,249.554,2.4
03/28/2018,249.554,2.4
03/29/2018,249.554,2.4
03/30/2018,249.554,2.4
03/31/2018,249.554,2.4
04/01/2018,250.546,2.5
04/02/2018,250.546,2.5
04/03/2018,250.546,2.5
04/04/2018,250.546,2.5
04/05/2018,250.546,2.5
04/06/2018,250.546,2.5
04/07/2018,250.546,2.5
04/08/2018,250.546,2.5
04/09/2018,250.546,2.5
04/10/2018,250.546,2.5
04/11/2018,250.546,2.5
04/12/2018,250.546,2.5
04/13/2018,250.546,2.5
04/14/2018,250.546,2.5
04/15/2018,250.546,2.5
04/16/2018,250.546,2.5
04/17/2018,250.546,2.5
04/18/2018,250.546,2.5
04/19/2018,250.546,2.5
04/20/2018,250.546,2.5
04/21/2018,250.546,2.5
04/22/2018,250.546,2.5
04/23/2018,250.546,2.5
04/24/2018,250.546,2.5
04/25/2018,250.546,2.5
04/26/2018,250.546,2.5
04/27/2018,250.546,2.5
04/28/2018,250.546,2.5
04/29/2018,250.546,2.5
04/30/2018,250.546,2.5
05/01/2018,251.588,2.8
05/02/2018,251.588,2.8
05/03/2018,251.588,2.8
05/04/2018,251.588,2.8
05/05/2018,251.588,2.8
05/06/2018,251.588,2.8
05/07/2018,251.588,2.8
05/08/2018,251.588,2.8
05/09/2018,251.588,2.8
05/10/2018,251.588,2.8
05/11/2018,251.588,2.8
05/12/2018,251.588,2.8
05/13/2018,251.588,2.8
05/14/2018,251.588,2.8
05/15/2018,251.588,2.8
05/16/2018,251.588,2.8
05/17/2018,251.588,2.8
05/18/2018,251.588,2.8
05/19/2018,251.588,2.8
05/20/2018,251.588,2.8
05/21/2018,251.588,2.8
05/22/2018,251.588,2.8
05/23/2018,251.588,2.8
05/24/2018,251.588,2.8
05/25/2018,251.588,2.8
05/26/2018,251.588,2.8
05/27/2018,251.588,2.8
05/28/2018,251.588,2.8
05/29/2018,251.588,2.8
05/30/2018,251.588,2.8
05/31/2018,251.588,2.8
06/01/2018,251.989,2.9
06/02/2018,251.989,2.9
06/03/2018,251.989,2.9
06/04/2018,251.989,2.9
06/05/2018,251.989,2.9
06/06/2018,251.989,2.9
06/07/2018,251.989,2.9
06/08/2018,251.989,2.9
06/09/2018,251.989,2.9
06/10/2018,251.989,2.9
06/11/2018,251.989,2.9
06/12/2018,251.989,2.9
06/13/2018,251.989,2.9
06/14/2018,251.989,2.9
06/15/2018,251.989,2.9
06/16/2018,251.989,2.9
06/17/2018,251.989,2.9
06/18/2018,251.989,2.9
06/19/2018,251.989,2.9
06/20/2018,251.989,2.9
06/21/2018,251.989,2.9
06/22/2018,251.989,2.9
06/23/2018,251.989,2.9
06/24/2018,251.989,2.9
06/25/2018,251.989,2.9
06/26/2018,251.989,2.9
06/27/2018,251.989,2.9
06/28/2018,251.989,2.9
06/29/2018,251.989,2.9
06/30/2018,251.989,2.9
07/01/2018,252.006,2.9
07/02/2018,252.006,2.9
07/03/2018,252.006,2.9
07/04/2018,252.006,2.9
07/05/2018,252.006,2.9
07/06/2018,252.006,2.9
07/07/2018,252.006,2.9
07/08/2018,252.006,2.9
07/09/2018,252.006,2.9
07/10/2018,252.006,2.9
07/11/2018,252.006,2.9
07/12/2018,252.006,2.9
07/13/2018,252.006,2.9
07/14/2018,252.006,2.9
07/15/2018,252.006,2.9
07/16/2018,252.006,2.9
07/17/2018,252.006,2.9
07/18/2018,252.006,2.9
07/19/2018,252.006,2.9
07/20/2018,252.006,2.9
07/21/2018,252.006,2.9
07/22/2018,252.006,2.9
07/23/2018,252.006,2.9
07/24/2018,252.006,2.9
07/25/2018,252.006,2.9
07/26/2018,252.006,2.9
07/27/2018,252.006,2.9
07/28/2018,252.006,2.9
07/29/2018,252.006,2.9
07/30/2018,252.006,2.9
07/31/2018,252.006,2.9
08/01/2018,252.146,2.7
08/02/2018,252.146,2.7
08/03/2018,252.146,2.7
08/04/2018,252.146,2.7
08/05/2018,252.146,2.7
08/06/2018,252.146,2.7
08/07/2018,252.146,2.7
08/08/2018,252.146,2.7
08/09/2018,252.146,2.7
08/10/2018,252.146,2.7
08/11/2018,252.146,2.7
08/12/2018,252.146,2.7
08/13/2018,252.146,2.7
08/14/2018,252.146,2.7
08/15/2018,252.146,2.7
08/16/2018,252.146,2.7
08/17/2018,252.146,2.7
08/18/2018,252.146,2.7
08/19/2018,252.146,2.7
08/20/2018,252.146,2.7
08/21/2018,252.146,2.7
08/22/2018,252.146,2.7
08/23/2018,252.146,2.7
08/24/2018,252.146,2.7
08/25/2018,252.146,2.7
08/26/2018,252.146,2.7
08/27/2018,252.146,2.7
08/28/2018,252.146,2.7
08/29/2018,252.146,2.7
08/30/2018,252.146,2.7
08/31/2018,252.146,2.7
09/01/2018,252.439,2.3
09/02/2018,252.439,2.3
09/03/2018,252.439,2.3
09/04/2018,252.439,2.3
09/05/2018,252.439,2.3
09/06/2018,252.439,2.3
09/07/2018,252.439,2.3
09/08/2018,252.439,2.3
09/09/2018,252.439,2.3
09/10/2018,252.439,2.3
09/11/2018,252.439,2.3
09/12/2018,252.439,2.3
09/13/2018,252.439,2.3
09/14/2018,252.439,2.3
09/15/2018,252.439,2.3
09/16/2018,252.439,2.3
09/17/2018,252.439,2.3
09/18/2018,252.439,2.3
09/19/2018,252.439,2.3
09/20/2018,252.439,2.3
09/21/2018,252.439,2.3
09/22/2018,252.439,2.3
09/23/2018,252.439,2.3
09/24/2018,252.439,2.3
09/25/2018,252.439,2.3
09/26/2018,252.439,2.3
09/27/2018,252.439,2.3
09/28/2018,252.439,2.3
09/29/2018,252.439,2.3
09/30/2018,252.439,2.3
10/01/2018,252.885,2.5
10/02/2018,252.885,2.5
10/03/2018,252.885,2.5
10/04/2018,252.885,2.5
10/05/2018,252.885,2.5
10/06/2018,252.885,2.5
10/07/2018,252.885,2.5
10/08/2018,252.885,2.5
10/09/2018,252.885,2.5
10/10/2018,252.885,2.5
10/11/2018,252.885,2.5
10/12/2018,252.885,2.5
10/13/2018,252.885,2.5
10/14/2018,252.885,2.5
10/15/2018,252.885,2.5
10/16/2018,252.885,2.5
10/17/2018,252.885,2.5
10/18/2018,252.885,2.5
10/19/2018,252.885,2.5
10/20/2018,252.885,2.5
10/21/2018,252.885,2.5
10/22/2018,252.885,2.5
10/23/2018,252.885,2.5
10/24/2018,252.885,2.5
10/25/2018,252.885,2.5
10/26/2018,252.885,2.5
10/27/2018,252.885,2.5
10/28/2018,252.885,2.5
10/29/2018,252.885,2.5
10/30/2018,252.885,2.5
10/31/2018,252.885,2.5
11/01/2018,252.038,2.2
11/02/2018,252.038,2.2
11/03/2018,252.038,2.2
11/04/2018,252.038,2.2
11/05/2018,252.038,2.2
11/06/2018,252.038,2.2
11/07/2018,252.038,2.2
11/08/2018,252.038,2.2
11/09/2018,252.038,2.2
11/10/2018,252.038,2.2
11/11/2018,252.038,2.2
11/12/2018,252.038,2.2
11/13/2018,252.038,2.2
11/14/2018,252.038,2.2
11/15/2018,252.038,2.2
11/16/2018,252.038,2.2
11/17/2018,252.038,2.2
11/18/2018,252.038,2.2
11/19/2018,252.038,2.2
11/20/2018,252.038,2.2
11/21/2018,252.038,2.2
11/22/2018,252.038,2.2
11/23/2018,252.038,2.2
11/24/2018,252.038,2.2
11/25/2018,252.038,2.2
11/26/2018,252.038,2.2
11/27/2018,252.038,2.2
11/28/2018,252.038,2.2
11/29/2018,252.038,2.2
11/30/2018,252.038,2.2
12/01/2018,251.233,1.9
12/02/2018,251.233,1.9
12/03/2018,251.233,1.9
12/04/2018,251.233,1.9
12/05/2018,251.233,1.9
12/06/2018,251.233,1.9
12/07/2018,251.233,1.9
12/08/2018,251.233,1.9
12/09/2018,251.233,1.9
12/10/2018,251.233,1.9
12/11/2018,251.233,1.9
12/12/2018,251.233,1.9
12/13/2018,251.233,1.9
12/14/2018,251.233,1.9
12/15/2018,251.233,1.9
12/16/2018,251.233,1.9
12/17/2018,251.233,1.9
12/18/2018,251.233,1.9
12/19/2018,251.233,1.9
12/20/2018,251.233,1.9
12/21/2018,251.233,1.9
12/22/2018,251.233,1.9
12/23/2018,251.233,1.9
12/24/2018,251.233,1.9
12/25/2018,251.233,1.9
12/26/2018,251.233,1.9
12/27/2018,251.233,1.9
12/28/2018,251.233,1.9
12/29/2018,251.233,1.9
12/30/2018,251.233,1.9
12/31/2018,251.233,1.9
01/01/2019,251.712,1.6
01/02/2019,251.712,1.6
01/03/2019,251.712,1.6
01/04/2019,251.712,1.6
01/05/2019,251.712,1.6
01/06/2019,251.712,1.6
01/07/2019,251.712,1.6
01/08/2019,251.712,1.6
01/09/2019,251.712,1.6
01/10/2019,251.712,1.6
01/11/2019,251.712,1.6
01/12/2019,251.712,1.6
01/13/2019,251.712,1.6
01/14/2019,251.712,1.6
01/15/2019,251.712,1.6
01/16/2019,251.712,1.6
01/17/2019,251.712,1.6
01/18/2019,251.712,1.6
01/19/2019,251.712,1.6
01/20/2019,251.712,1.6
01/21/2019,251.712,1.6
01/22/2019,251.712,1.6
01/23/2019,251.712,1.6
01/24/2019,251.712,1.6
01/25/2019,251.712,1.6
01/26/2019,251.712,1.6
01/27/2019,251.712,1.6
01/28/2019,251.712,1.6
01/29/2019,251.712,1.6
01/30/2019,251.712,1.6
01/31/2019,251.712,1.6
02/01/2019,252.776,1.5
02/02/2019,252.776,1.5
02/03/2019,252.776,1.5
02/04/2019,252.776,1.5
02/05/2019,252.776,1.5
02/06/2019,252.776,1.5
02/07/2019,252.776,1.5
02/08/2019,252.776,1.5
02/09/2019,252.776,1.5
02/10/2019,252.776,1.5
02/11/2019,252.776,1.5
02/12/2019,252.776,1.5
02/13/2019,252.776,1.5
02/14/2019,252.776,1.5
02/15/2019,252.776,1.5
02/16/2019,252.776,1.5
02/17/2019,252.776,1.5
02/18/2019,252.776,1.5
02/19/2019,252.776,1.5
02/20/2019,252.776,1.5
02/21/2019,252.776,1.5
02/22/2019,252.776,1.5
02/23/2019,252.776,1.5
02/24/2019,252.776,1.5
02/25/2019,252.776,1.5
02/26/2019,252.776,1.5
02/27/2019,252.776,1.5
02/28/2019,252.776,1.5
03/01/2019,254.202,1.9
03/02/2019,254.202,1.9
03/03/2019,254.202,1.9
03/04/2019,254.202,1.9
03/05/2019,254.202,1.9
03/06/2019,254.202,1.9
03/07/2019,254.202,1.9
03/08/2019,254.202,1.9
03/09/2019,254.202,1.9
03/10/2019,254.202,1.9
03/11/2019,254.202,1.9
03/12/2019,254.202,1.9
03/13/2019,254.202,1.9
03/14/2019,254.202,1.9
03/15/2019,254.202,1.9
03/16/2019,254.202,1.9
03/17/2019,254.202,1.9
03/18/2019,254.202,1.9
03/19/2019,254.202,1.9
03/20/2019,254.202,1.9
03/21/2019,254.202,1.9
03/22/2019,254.202,1.9
03/23/2019,254.202,1.9
03/24/2019,254.202,1.9
03/25/2019,254.202,1.9
03/26/2019,254.202,1.9
03/27/2019,254.202,1.9
03/28/2019,254.202,1.9
03/29/2019,254.202,1.9
03/30/2019,254.202,1.9
03/31/2019,254.202,1.9
04/01/2019,255.548,2
04/02/2019,255.548,2
04/03/2019,255.548,2
04/04/2019,255.548,2
04/05/2019,255.548,2
04/06/2019,255.548,2
04/07/2019,255.548,2
04/08/2019,255.548,2
04/09/2019,255.548,2
04/10/2019,255.548,2
04/11/2019,255.548,2
04/12/2019,255.548,2
04/13/2019,255.548,2
04/14/2019,255.548,2
04/15/2019,255.548,2
04/16/2019,255.548,2
04/17/2019,255.548,2
04/18/2019,255.548,2
04/19/2019,255.548,2
04/20/2019,255.548,2
04/21/2019,255.548,2
04/22/2019,255.548,2
04/23/2019,255.548,2
04/24/2019,255.548,2
04/25/2019,255.548,2
04/26/2019,255.548,2
04/27/2019,255.548,2
04/28/2019,255.548,2
04/29/2019,255.548,2
04/30/2019,255.548,2
05/01/2019,256.092,1.8
05/02/2019,256.092,1.8
05/03/2019,256.092,1.8
05/04/2019,256.092,1.8
05/05/2019,256.092,1.8
05/06/2019,256.092,1.8
05/07/2019,256.092,1.8
05/08/2019,256.092,1.8
05/09/2019,256.092,1.8
05/10/2019,256.092,1.8
05/11/2019,256.092,1.8
05/12/2019,256.092,1.8
05/13/2019,256.092,1.8
05/14/2019,256.092,1.8
05/15/2019,256.092,1.8
05/16/2019,256.092,1.8
05/17/2019,256.092,1.8
05/18/2019,256.092,1.8
05/19/2019,256.092,1.8
05/20/2019,256.092,1.8
05/21/2019,256.092,1.8
05/22/2019,256.092,1.8
05/23/2019,256.092,1.8
05/24/2019,256.092,1.8
05/25/2019,256.092,1.8
05/26/2019,256.092,1.8
05/27/2019,256.092,1.8
05/28/2019,256.092,1.8
05/29/2019,256.092,1.8
05/30/2019,256.092,1.8
05/31/2019,256.092,1.8
06/01/2019,256.143,1.6
06/02/2019,256.143,1.6
06/03/2019,256.143,1.6
06/04/2019,256.143,1.6
06/05/2019,256.143,1.6
06/06/2019,256.143,1.6
06/07/2019,256.143,1.6
06/08/2019,256.143,1.6
06/09/2019,256.143,1.6
06/10/2019,256.143,1.6
06/11/2019,256.143,1.6
06/12/2019,256.143,1.6
06/13/2019,256.143,1.6
06/14/2019,256.143,1.6
06/15/2019,256.143,1.6
06/16/2019,256.143,1.6
06/17/2019,256.143,1.6
06/18/2019,256.143,1.6
06/19/2019,256.143,1.6
06/20/2019,256.143,1.6
06/21/2019,256.143,1.6
06/22/2019,256.143,1.6
06/23/2019,256.143,1.6
06/24/2019,256.143,1.6
06/25/2019,256.143,1.6
06/26/2019,256.143,1.6
06/27/2019,256.143,1.6
06/28/2019,256.143,1.6
06/29/2019,256.143,1.6
06/30/2019,256.143,1.6
07/01/2019,256.571,1.8
07/02/2019,256.571,1.8
07/03/2019,256.571,1.8
07/04/2019,256.571,1.8
07/05/2019,256.571,1.8
07/06/2019,256.571,1.8
07/07/2019,256.571,1.8
07/08/2019,256.571,1.8
07/09/2019,256.571,1.8
07/10/2019,256.571,1.8
07/11/2019,256.571,1.8
07/12/2019,256.571,1.8
07/13/2019,256.571,1.8
07/14/2019,256.571,1.8
07/15/2019,256.571,1.8
07/16/2019,256.571,1.8
07/17/2019,256.571,1.8
07/18/2019,256.571,1.8
07/19/2019,256.571,1.8
07/20/2019,256.571,1.8
07/21/2019,256.571,1.8
07/22/2019,256.571,1.8
07/23/2019,256.571,1.8
07/24/2019,256.571,1.8
07/25/2019,256.571,1.8
07/26/2019,256.571,1.8
07/27/2019,256.571,1.8
07/28/2019,256.571,1.8
07/29/2019,256.571,1.8
07/30/2019,256.571,1.8
07/31/2019,256.571,1.8
08/01/2019,256.558,1.7
08/02/2019,256.558,1.7
08/03/2019,256.558,1.7
08/04/2019,256.558,1.7
08/05/2019,256.558,1.7
08/06/2019,256.558,1.7
08/07/2019,256.558,1.7
08/08/2019,256.558,1.7
08/09/2019,256.558,1.7
08/10/2019,256.558,1.7
08/11/2019,256.558,1.7
08/12/2019,256.558,1.7
08/13/2019,256.558,1.7
08/14/2019,256.558,1.7
08/15/2019,256.558,1.7
08/16/2019,256.558,1.7
08/17/2019,256.558,1.7
08/18/2019,256.558,1.7
08/19/2019,256.558,1.7
08/20/2019,256.558,1.7
08/21/2019,256.558,1.7
08/22/2019,256.558,1.7
08/23/2019,256.558,1.7
08/24/2019,256.558,1.7
08/25/2019,256.558,1.7
08/26/2019,256.558,1.7
08/27/2019,256.558,1.7
08/28/2019,256.558,1.7
08/29/2019,256.558,1.7
08/30/2019,256.558,1.7
08/31/2019,256.558,1.7
09/01/2019,256.759,1.7
09/02/2019,256.759,1.7
09/03/2019,256.759,1.7
09/04/2019,256.759,1.7
09/05/2019,256.759,1.7
09/06/2019,256.759,1.7
09/07/2019,256.759,1.7
09/08/2019,256.759,1.7
09/09/2019,256.759,1.7
09/10/2019,256.759,1.7
09/11/2019,256.759,1.7
09/12/2019,256.759,1.7
09/13/2019,256.759,1.7
09/14/2019,256.759,1.7
09/15/2019,256.759,1.7
09/16/2019,256.759,1.7
09/17/2019,256.759,1.7
09/18/2019,256.759,1.7
09/19/2019,256.759,1.7
09/20/2019,256.759,1.7
09/21/2019,256.759,1.7
09/22/2019,256.759,1.7
09/23/2019,256.759,1.7
09/24/2019,256.759,1.7
09/25/2019,256.759,1.7
09/26/2019,256.759,1.7
09/27/2019,256.759,1.7
09/28/2019,256.759,1.7
09/29/2019,256.759,1.7
09/30/2019,256.759,1.7
10/01/2019,257.346,1.8
10/02/2019,257.346,1.8
10/03/2019,257.346,1.8
10/04/2019,257.346,1.8
10/05/2019,257.346,1.8
10/06/2019,257.346,1.8
10/07/2019,257.346,1.8
10/08/2019,257.346,1.8
10/09/2019,257.346,1.8
10/10/2019,257.346,1.8
10/11/2019,257.346,1.8
10/12/2019,257.346,1.8
10/13/2019,257.346,1.8
10/14/2019,257.346,1.8
10/15/2019,257.346,1.8
10/16/2019,257.346,1.8
10/17/2019,257.346,1.8
10/18/2019,257.346,1.8
10/19/2019,257.346,1.8
10/20/2019,257.346,1.8
10/21/2019,257.346,1.8
10/22/2019,257.346,1.8
10/23/2019,257.346,1.8
10/24/2019,257.346,1.8
10/25/2019,257.346,1.8
10/26/2019,257.346,1.8
10/27/2019,257.346,1.8
10/28/2019,257.346,1.8
10/29/2019,257.346,1.8
10/30/2019,257.346,1.8
10/31/2019,257.346,1.8
11/01/2019,257.208,2.1
11/02/2019,257.208,2.1
11/03/2019,257.208,2.1
11/04/2019,257.208,2.1
11/05/2019,257.208,2.1
11/06/2019,257.208,2.1
11/07/2019,257.208,2.1
11/08/2019,257.208,2.1
11/09/2019,257.208,2.1
11/10/2019,257.208,2.1
11/11/2019,257.208,2.1
11/12/2019,257.208,2.1
11/13/2019,257.208,2.1
11/14/2019,257.208,2.1
11/15/2019,257.208,2.1
11/16/2019,257.208,2.1
11/17/2019,257.208,2.1
11/18/2019,257.208,2.1
11/19/2019,257.208,2.1
11/20/2019,257.208,2.1
11/21/2019,257.208,2.1
11/22/2019,257.208,2.1
11/23/2019,257.208,2.1
11/24/2019,257.208,2.1
11/25/2019,257.208,2.1
11/26/2019,257.208,2.1
11/27/2019,257.208,2.1
11/28/2019,257.208,2.1
11/29/2019,257.208,2.1
11/30/2019,257.208,2.1
12/01/2019,256.974,2.3
12/02/2019,256.974,2.3
12/03/2019,256.974,2.3
12/04/2019,256.974,2.3
12/05/2019,256.974,2.3
12/06/2019,256.974,2.3
12/07/2019,256.974,2.3
12/08/2019,256.974,2.3
12/09/2019,256.974,2.3
12/10/2019,256.974,2.3
12/11/2019,256.974,2.3
12/12/2019,256.974,2.3
12/13/2019,256.974,2.3
12/14/2019,256.974,2.3
12/15/2019,256.974,2.3
12/16/2019,256.974,2.3
12/17/2019,256.974,2.3
12/18/2019,256.974,2.3
12/19/2019,256.974,2.3
12/20/2019,256.974,2.3
12/21/2019,256.974,2.3
12/22/2019,256.974,2.3
12/23/2019,256.974,2.3
12/24/2019,256.974,2.3
12/25/2019,256.974,2.3
12/26/2019,256.974,2.3
12/27/2019,256.974,2.3
12/28/2019,256.974,2.3
12/29/2019,256.974,2.3
12/30/2019,256.974,2.3
12/31/2019,256.974,2.3
01/01/2020,257.971,2.5
01/02/2020,257.971,2.5
01/03/2020,257.971,2.5
01/04/2020,257.971,2.5
01/05/2020,257.971,2.5
01/06/2020,257.971,2.5
01/07/2020,257.971,2.5
01/08/2020,257.971,2.5
01/09/2020,257.971,2.5
01/10/2020,257.971,2.5
01/11/2020,257.971,2.5
01/12/2020,257.971,2.5
01/13/2020,257.971,2.5
01/14/2020,257.971,2.5
01/15/2020,257.971,2.5
01/16/2020,257.971,2.5
01/17/2020,257.971,2.5
01/18/2020,257.971,2.5
01/19/2020,257.971,2.5
01/20/2020,257.971,2.5
01/21/2020,257.971,2.5
01/22/2020,257.971,2.5
01/23/2020,257.971,2.5
01/24/2020,257.971,2.5
01/25/2020,257.971,2.5
01/26/2020,257.971,2.5
01/27/2020,257.971,2.5
01/28/2020,257.971,2.5
01/29/2020,257.971,2.5
01/30/2020,257.971,2.5
01/31/2020,257.971,2.5
02/01/2020,258.678,2.3
02/02/2020,258.678,2.3
02/03/2020,258.678,2.3
02/04/2020,258.678,2.3
02/05/2020,258.678,2.3
02/06/2020,258.678,2.3
02/07/2020,258.678,2.3
02/08/2020,258.678,2.3
02/09/2020,258.678,2.3
02/10/2020,258.678,2.3
02/11/2020,258.678,2.3
02/12/2020,258.678,2.3
02/13/2020,258.678,2.3
02/14/2020,258.678,2.3
02/15/2020,258.678,2.3
02/16/2020,258.678,2.3
02/17/2020,258.678,2.3
02/18/2020,258.678,2.3
02/19/2020,258.678,2.3
02/20/2020,258.678,2.3
02/21/2020,258.678,2.3
02/22/2020,258.678,2.3
02/23/2020,258.678,2.3
02/24/2020,258.678,2.3
02/25/2020,258.678,2.3
02/26/2020,258.678,2.3
02/27/2020,258.678,2.3
02/28/2020,258.678,2.3
02/29/2020,258.678,2.3
03/01/2020,258.115,1.5
03/02/2020,258.115,1.5
03/03/2020,258.115,1.5
03/04/2020,258.115,1.5
03/05/2020,258.115,1.5
03/06/2020,258.115,1.5
03/07/2020,258.115,1.5
03/08/2020,258.115,1.5
03/09/2020,258.115,1.5
03/10/2020,258.115,1.5
03/11/2020,258.115,1.5
03/12/2020,258.115,1.5
03/13/2020,258.115,1.5
03/14/2020,258.115,1.5
03/15/2020,258.115,1.5
03/16/2020,258.115,1.5
03/17/2020,258.115,1.5
03/18/2020,258.115,1.5
03/19/2020,258.115,1.5
03/20/2020,258.115,1.5
03/21/2020,258.115,1.5
03/22/2020,258.115,1.5
03/23/2020,258.115,1.5
03/24/2020,258.115,1.5
03/25/2020,258.115,1.5
03/26/2020,258.115,1.5
03/27/2020,258.115,1.5
03/28/2020,258.115,1.5
03/29/2020,258.115,1.5
03/30/2020,258.115,1.5
03/31/2020,258.115,1.5
04/01/2020,256.389,0.3
04/02/2020,256.389,0.3
04/03/2020,256.389,0.3
04/04/2020,256.389,0.3
04/05/2020,256.389,0.3
04/06/2020,256.389,0.3
04/07/2020,256.389,0.3
04/08/2020,256.389,0.3
04/09/2020,256.389,0.3
04/10/2020,256.389,0.3
04/11/2020,256.389,0.3
04/12/2020,256.389,0.3
04/13/2020,256.389,0.3
04/14/2020,256.389,0.3
04/15/2020,256.389,0.3
04/16/2020,256.389,0.3
04/17/2020,256.389,0.3
04/18/2020,256.389,0.3
04/19/2020,256.389,0.3
04/20/2020,256.389,0.3
04/21/2020,256.389,0.3
04/22/2020,256.389,0.3
04/23/2020,256.389,0.3
04/24/2020,256.389,0.3
04/25/2020,256.389,0.3
04/26/2020,256.389,0.3
04/27/2020,256.389,0.3
04/28/2020,256.389,0.3
04/29/2020,256.389,0.3
04/30/2020,256.389,0.3
05/01/2020,256.394,0.1
05/02/2020,256.394,0.1
05/03/2020,256.394,0.1
05/04/2020,256.394,0.1
05/05/2020,256.394,0.1
05/06/2020,256.394,0.1
05/07/2020,256.394,0.1
05/08/2020,256.394,0.1
05/09/2020,256.394,0.1
05/10/2020,256.394,0.1
05/11/2020,256.394,0.1
05/12/2020,256.394,0.1
05/13/2020,256.394,0.1
05/14/2020,256.394,0.1
05/15/2020,256.394,0.1
05/16/2020,256.394,0.1
05/17/2020,256.394,0.1
05/18/2020,256.394,0.1
05/19/2020,256.394,0.1
05/20/2020,256.394,0.1
05/21/2020,256.394,0.1
05/22/2020,256.394,0.1
05/23/2020,256.394,0.1
05/24/2020,256.394,0.1
05/25/2020,256.394,0.1
05/26/2020,256.394,0.1
05/27/2020,256.394,0.1
05/28/2020,256.394,0.1
05/29/2020,256.394,0.1
05/30/2020,256.394,0.1
05/31/2020,256.394,0.1
06/01/2020,257.797,0.6
06/02/2020,257.797,0.6
06/03/2020,257.797,0.6
06/04/2020,257.797,0.6
06/05/2020,257.797,0.6
06/06/2020,257.797,0.6
06/07/2020,257.797,0.6
06/08/2020,257.797,0.6
06/09/2020,257.797,0.6
06/10/2020,257.797,0.6
06/11/2020,257.797,0.6
06/12/2020,257.797,0.6
06/13/2020,257.797,0.6
06/14/2020,257.797,0.6
06/15/2020,257.797,0.6
06/16/2020,257.797,0.6
06/17/2020,257.797,0.6
06/18/2020,257.797,0.6
06/19/2020,257.797,0.6
06/20/2020,257.797,0.6
06/21/2020,257.797,0.6
06/22/2020,257.797,0.6
06/23/2020,257.797,0.6
06/24/2020,257.797,0.6
06/25/2020,257.797,0.6
06/26/2020,257.797,0.6
06/27/2020,257.797,0.6
06/28/2020,257.797,0.6
06/29/2020,257.797,0.6
06/30/2020,257.797,0.6
07/01/2020,259.101,1
07/02/2020,259.101,1
07/03/2020,259.101,1
07/04/2020,259.101,1
07/05/2020,259.101,1
07/06/2020,259.101,1
07/07/2020,259.101,1
07/08/2020,259.101,1
07/09/2020,259.101,1
07/10/2020,259.101,1
07/11/2020,259.101,1
07/12/2020,259.101,1
07/13/2020,259.101,1
07/14/2020,259.101,1
07/15/2020,259.101,1
07/16/2020,259.101,1
07/17/2020,259.101,1
07/18/2020,259.101,1
07/19/2020,259.101,1
07/20/2020,259.101,1
07/21/2020,259.101,1
07/22/2020,259.101,1
07/23/2020,259.101,1
07/24/2020,259.101,1
07/25/2020,259.101,1
07/26/2020,259.101,1
07/27/2020,259.101,1
07/28/2020,259.101,1
07/29/2020,259.101,1
07/30/2020,259.101,1
07/31/2020,259.101,1
08/01/2020,259.918,1.3
08/02/2020,259.918,1.3
08/03/2020,259.918,1.3
08/04/2020,259.918,1.3
08/05/2020,259.918,1.3
08/06/2020,259.918,1.3
08/07/2020,259.918,1.3
08/08/2020,259.918,1.3
08/09/2020,259.918,1.3
08/10/2020,259.918,1.3
08/11/2020,259.918,1.3
08/12/2020,259.918,1.3
08/13/2020,259.918,1.3
08/14/2020,259.918,1.3
08/15/2020,259.918,1.3
08/16/2020,259.918,1.3
08/17/2020,259.918,1.3
08/18/2020,259.918,1.3
08/19/2020,259.918,1.3
08/20/2020,259.918,1.3
08/21/2020,259.918,1.3
08/22/2020,259.918,1.3
08/23/2020,259.918,1.3
08/24/2020,259.918,1.3
08/25/2020,259.918,1.3
08/26/2020,259.918,1.3
08/27/2020,259.918,1.3
08/28/2020,259.918,1.3
08/29/2020,259.918,1.3
08/30/2020,259.918,1.3
08/31/2020,259.918,1.3
09/01/2020,260.28,1.4
09/02/2020,260.28,1.4
09/03/2020,260.28,1.4
09/04/2020,260.28,1.4
09/05/2020,260.28,1.4
09/06/2020,260.28,1.4
09/07/2020,260.28,1.4
09/08/2020,260.28,1.4
09/09/2020,260.28,1.4
09/10/2020,260.28,1.4
09/11/2020,260.28,1.4
09/12/2020,260.28,1.4
09/13/2020,260.28,1.4
09/14/2020,260.28,1.4
09/15/2020,260.28,1.4
09/16/2020,260.28,1.4
09/17/2020,260.28,1.4
09/18/2020,260.28,1.4
09/19/2020,260.28,1.4
09/20/2020,260.28,1.4
09/21/2020,260.28,1.4
09/22/2020,260.28,1.4
09/23/2020,260.28,1.4
09/24/2020,260.28,1.4
09/25/2020,260.28,1.4
09/26/2020,260.28,1.4
09/27/2020,260.28,1.4
09/28/2020,260.28,1.4
09/29/2020,260.28,1.4
09/30/2020,260.28,1.4
10/01/2020,260.388,1.2
10/02/2020,260.388,1.2
10/03/2020,260.388,1.2
10/04/2020,260.388,1.2
10/05/2020,260.388,1.2
10/06/2020,260.388,1.2
10/07/2020,260.388,1.2
10/08/2020,260.388,1.2
10/09/2020,260.388,1.2
10/10/2020,260.388,1.2
10/11/2020,260.388,1.2
10/12/2020,260.388,1.2
10/13/2020,260.388,1.2
10/14/2020,260.388,1.2
10/15/2020,260.388,1.2
10/16/2020,260.388,1.2
10/17/2020,260.388,1.2
10/18/2020,260.388,1.2
10/19/2020,260.388,1.2
10/20/2020,260.388,1.2
10/21/2020,260.388,1.2
10/22/2020,260.388,1.2
10/23/2020,260.388,1.2
10/24/2020,260.388,1.2
10/25/2020,260.388,1.2
10/26/2020,260.388,1.2
10/27/2020,260.388,1.2
10/28/2020,260.388,1.2
10/29/2020,260.388,1.2
10/30/2020,260.388,1.2
10/31/2020,260.388,1.2
11/01/2020,260.229,1.2
11/02/2020,260.229,1.2
11/03/2020,260.229,1.2
11/04/2020,260.229,1.2
11/05/2020,260.229,1.2
11/06/2020,260.229,1.2
11/07/2020,260.229,1.2
11/08/2020,260.229,1.2
11/09/2020,260.229,1.2
11/10/2020,260.229,1.2
11/11/2020,260.229,1.2
11/12/2020,260.229,1.2
11/13/2020,260.229,1.2
11/14/2020,260.229,1.2
11/15/2020,260.229,1.2
11/16/2020,260.229,1.2
11/17/2020,260.229,1.2
11/18/2020,260.229,1.2
11/19/2020,260.229,1.2
11/20/2020,260.229,1.2
11/21/2020,260.229,1.2
11/22/2020,260.229,1.2
11/23/2020,260.229,1.2
11/24/2020,260.229,1.2
11/25/2020,260.229,1.2
11/26/2020,260.229,1.2
11/27/2020,260.229,1.2
11/28/2020,260.229,1.2
11/29/2020,260.229,1.2
11/30/2020,260.229,1.2
12/01/2020,260.474,1.4
12/02/2020,260.474,1.4
12/03/2020,260.474,1.4
12/04/2020,260.474,1.4
12/05/2020,260.474,1.4
12/06/2020,260.474,1.4
12/07/2020,260.474,1.4
12/08/2020,260.474,1.4
12/09/2020,260.474,1.4
12/10/2020,260.474,1.4
12/11/2020,260.474,1.4
12/12/2020,260.474,1.4
12/13/2020,260.474,1.4
12/14/2020,260.474,1.4
12/15/2020,260.474,1.4
12/16/2020,260.474,1.4
12/17/2020,260.474,1.4
12/18/2020,260.474,1.4
12/19/2020,260.474,1.4
12/20/2020,260.474,1.4
12/21/2020,260.474,1.4
12/22/2020,260.474,1.4
12/23/2020,260.474,1.4
12/24/2020,260.474,1.4
12/25/2020,260.474,1.4
12/26/2020,260.474,1.4
12/27/2020,260.474,1.4
12/28/2020,260.474,1.4
12/29/2020,260.474,1.4
12/30/2020,260.474,1.4
12/31/2020,260.474,1.4
01/01/2021,261.582,1.4
01/02/2021,261.582,1.4
01/03/2021,261.582,1.4
01/04/2021,261.582,1.4
01/05/2021,261.582,1.4
01/06/2021,261.582,1.4
01/07/2021,261.582,1.4
01/08/2021,261.582,1.4
01/09/2021,261.582,1.4
01/10/2021,261.582,1.4
01/11/2021,261.582,1.4
01/12/2021,261.582,1.4
01/13/2021,261.582,1.4
01/14/2021,261.582,1.4
01/15/2021,261.582,1.4
01/16/2021,261.582,1.4
01/17/2021,261.582,1.4
01/18/2021,261.582,1.4
01/19/2021,261.582,1.4
01/20/2021,261.582,1.4
01/21/2021,261.582,1.4
01/22/2021,261.582,1.4
01/23/2021,261.582,1.4
01/24/2021,261.582,1.4
01/25/2021,261.582,1.4
01/26/2021,261.582,1.4
01/27/2021,261.582,1.4
01/28/2021,261.582,1.4
01/29/2021,261.582,1.4
01/30/2021,261.582,1.4
01/31/2021,261.582,1.4
02/01/2021,263.014,1.7
02/02/2021,263.014,1.7
02/03/2021,263.014,1.7
02/04/2021,263.014,1.7
02/05/2021,263.014,1.7
02/06/2021,263.014,1.7
02/07/2021,263.014,1.7
02/08/2021,263.014,1.7
02/09/2021,263.014,1.7
02/10/2021,263.014,1.7
02/11/2021,263.014,1.7
02/12/2021,263.014,1.7
02/13/2021,263.014,1.7
02/14/2021,263.014,1.7
02/15/2021,263.014,1.7
02/16/2021,263.014,1.7
02/17/2021,263.014,1.7
02/18/2021,263.014,1.7
02/19/2021,263.014,1.7
02/20/2021,263.014,1.7
02/21/2021,263.014,1.7
02/22/2021,263.014,1.7
02/23/2021,263.014,1.7
02/24/2021,263.014,1.7
02/25/2021,263.014,1.7
02/26/2021,263.014,1.7
02/27/2021,263.014,1.7
02/28/2021,263.014,1.7
03/01/2021,264.877,2.6
03/02/2021,264.877,2.6
03/03/2021,264.877,2.6
03/04/2021,264.877,2.6
03/05/2021,264.877,2.6
03/06/2021,264.877,2.6
03/07/2021,264.877,2.6
03/08/2021,264.877,2.6
03/09/2021,264.877,2.6
03/10/2021,264.877,2.6
03/11/2021,264.877,2.6
03/12/2021,264.877,2.6
03/13/2021,264.877,2.6
03/14/2021,264.877,2.6
03/15/2021,264.877,2.6
03/16/2021,264.877,2.6
03/17/2021,264.877,2.6
03/18/2021,264.877,2.6
03/19/2021,264.877,2.6
03/20/2021,264.877,2.6
03/21/2021,264.877,2.6
03/22/2021,264.877,2.6
03/23/2021,264.877,2.6
03/24/2021,264.877,2.6
03/25/2021,264.877,2.6
03/26/2021,264.877,2.6
03/27/2021,264.877,2.6
03/28/2021,264.877,2.6
03/29/2021,264.877,2.6
03/30/2021,264.877,2.6
03/31/2021,264.877,2.6
04/01/2021,267.054,4.2
04/02/2021,267.054,4.2
04/03/2021,267.054,4.2
04/04/2021,267.054,4.2
04/05/2021,267.054,4.2
04/06/2021,267.054,4.2
04/07/2021,267.054,4.2
04/08/2021,267.054,4.2
04/09/2021,267.054,4.2
04/10/2021,267.054,4.2
04/11/2021,267.054,4.2
04/12/2021,267.054,4.2
04/13/2021,267.054,4.2
04/14/2021,267.054,4.2
04/15/2021,267.054,4.2
04/16/2021,267.054,4.2
04/17/2021,267.054,4.2
04/18/2021,267.054,4.2
04/19/2021,267.054,4.2
04/20/2021,267.054,4.2
04/21/2021,267.054,4.2
04/22/2021,267.054,4.2
04/23/2021,267.054,4.2
04/24/2021,267.054,4.2
04/25/2021,267.054,4.2
04/26/2021,267.054,4.2
04/27/2021,267.054,4.2
04/28/2021,267.054,4.2
04/29/2021,267.054,4.2
04/30/2021,267.054,4.2
05/01/2021,269.195,5
05/02/2021,269.195,5
05/03/2021,269.195,5
05/04/2021,269.195,5
05/05/2021,269.195,5
05/06/2021,269.195,5
05/07/2021,269.195,5
05/08/2021,269.195,5
05/09/2021,269.195,5
05/10/2021,269.195,5
05/11/2021,269.195,5
05/12/2021,269.195,5
05/13/2021,269.195,5
05/14/2021,269.195,5
05/15/2021,269.195,5
05/16/2021,269.195,5
05/17/2021,269.195,5
05/18/2021,269.195,5
05/19/2021,269.195,5
05/20/2021,269.195,5
05/21/2021,269.195,5
05/22/2021,269.195,5
05/23/2021,269.195,5
05/24/2021,269.195,5
05/25/2021,269.195,5
05/26/2021,269.195,5
05/27/2021,269.195,5
05/28/2021,269.195,5
05/29/2021,269.195,5
05/30/2021,269.195,5
05/31/2021,269.195,5
06/01/2021,271.696,5.4
06/02/2021,271.696,5.4
06/03/2021,271.696,5.4
06/04/2021,271.696,5.4
06/05/2021,271.696,5.4
06/06/2021,271.696,5.4
06/07/2021,271.696,5.4
06/08/2021,271.696,5.4
06/09/2021,271.696,5.4
06/10/2021,271.696,5.4
06/11/2021,271.696,5.4
06/12/2021,271.696,5.4
06/13/2021,271.696,5.4
06/14/2021,271.696,5.4
06/15/2021,271.696,5.4
06/16/2021,271.696,5.4
06/17/2021,271.696,5.4
06/18/2021,271.696,5.4
06/19/2021,271.696,5.4
06/20/2021,271.696,5.4
06/21/2021,271.696,5.4
06/22/2021,271.696,5.4
06/23/2021,271.696,5.4
06/24/2021,271.696,5.4
06/25/2021,271.696,5.4
06/26/2021,271.696,5.4
06/27/2021,271.696,5.4
06/28/2021,271.696,5.4
06/29/2021,271.696,5.4
06/30/2021,271.696,5.4
07/01/2021,273.003,5.4
07/02/2021,273.003,5.4
07/03/2021,273.003,5.4
07/04/2021,273.003,5.4
07/05/2021,273.003,5.4
07/06/2021,273.003,5.4
07/07/2021,273.003,5.4
07/08/2021,273.003,5.4
07/09/2021,273.003,5.4
07/10/2021,273.003,5.4
07/11/2021,273.003,5.4
07/12/2021,273.003,5.4
07/13/2021,273.003,5.4
07/14/2021,273.003,5.4
07/15/2021,273.003,5.4
07/16/2021,273.003,5.4
07/17/2021,273.003,5.4
07/18/2021,273.003,5.4
07/19/2021,273.003,5.4
07/20/2021,273.003,5.4
07/21/2021,273.003,5.4
07/22/2021,273.003,5.4
07/23/2021,273.003,5.4
07/24/2021,273.003,5.4
07/25/2021,273.003,5.4
07/26/2021,273.003,5.4
07/27/2021,273.003,5.4
07/28/2021,273.003,5.4
07/29/2021,273.003,5.4
07/30/2021,273.003,5.4
07/31/2021,273.003,5.4
08/01/2021,273.567,5.3
08/02/2021,273.567,5.3
08/03/2021,273.567,5.3
08/04/2021,273.567,5.3
08/05/2021,273.567,5.3
08/06/2021,273.567,5.3
08/07/2021,273.567,5.3
08/08/2021,273.567,5.3
08/09/2021,273.567,5.3
08/10/2021,273.567,5.3
08/11/2021,273.567,5.3
08/12/2021,273.567,5.3
08/13/2021,273.567,5.3
08/14/2021,273.567,5.3
08/15/2021,273.567,5.3
08/16/2021,273.567,5.3
08/17/2021,273.567,5.3
08/18/2021,273.567,5.3
08/19/2021,273.567,5.3
08/20/2021,273.567,5.3
08/21/2021,273.567,5.3
08/22/2021,273.567,5.3
08/23/2021,273.567,5.3
08/24/2021,273.567,5.3
08/25/2021,273.567,5.3
08/26/2021,273.567,5.3
08/27/2021,273.567,5.3
08/28/2021,273.567,5.3
08/29/2021,273.567,5.3
08/30/2021,273.567,5.3
08/31/2021,273.567,5.3
09/01/2021,274.31,5.4
09/02/2021,274.31,5.4
09/03/2021,274.31,5.4
09/04/2021,274.31,5.4
09/05/2021,274.31,5.4
09/06/2021,274.31,5.4
09/07/2021,274.31,5.4
09/08/2021,274.31,5.4
09/09/2021,274.31,5.4
09/10/2021,274.31,5.4
09/11/2021,274.31,5.4
09/12/2021,274.31,5.4
09/13/2021,274.31,5.4
09/14/2021,274.31,5.4
09/15/2021,274.31,5.4
09/16/2021,274.31,5.4
09/17/2021,274.31,5.4
09/18/2021,274.31,5.4
09/19/2021,274.31,5.4
09/20/2021,274.31,5.4
09/21/2021,274.31,5.4
09/22/2021,274.31,5.4
09/23/2021,274.31,5.4
09/24/2021,274.31,5.4
09/25/2021,274.31,5.4
09/26/2021,274.31,5.4
09/27/2021,274.31,5.4
09/28/2021,274.31,5.4
09/29/2021,274.31,5.4
09/30/2021,274.31,5.4
10/01/2021,276.589,6.2
10/02/2021,276.589,6.2
10/03/2021,276.589,6.2
10/04/2021,276.589,6.2
10/05/2021,276.589,6.2
10/06/2021,276.589,6.2
10/07/2021,276.589,6.2
10/08/2021,276.589,6.2
10/09/2021,276.589,6.2
10/10/2021,276.589,6.2
10/11/2021,276.589,6.2
10/12/2021,276.589,6.2
10/13/2021,276.589,6.2
10/14/2021,276.589,6.2
10/15/2021,276.589,6.2
10/16/2021,276.589,6.2
10/17/2021,276.589,6.2
10/18/2021,276.589,6.2
10/19/2021,276.589,6.2
10/20/2021,276.589,6.2
10/21/2021,276.589,6.2
10/22/2021,276.589,6.2
10/23/2021,276.589,6.2
10/24/2021,276.589,6.2
10/25/2021,276.589,6.2
10/26/2021,276.589,6.2
10/27/2021,276.589,6.2
10/28/2021,276.589,6.2
10/29/2021,276.589,6.2
10/30/2021,276.589,6.2
10/31/2021,276.589,6.2
11/01/2021,277.948,6.8
11/02/2021,277.948,6.8
11/03/2021,277.948,6.8
11/04/2021,277.948,6.8
11/05/2021,277.948,6.8
11/06/2021,277.948,6.8
11/07/2021,277.948,6.8
11/08/2021,277.948,6.8
11/09/2021,277.948,6.8
11/10/2021,277.948,6.8
11/11/2021,277.948,6.8
11/12/2021,277.948,6.8
11/13/2021,277.948,6.8
11/14/2021,277.948,6.8
11/15/2021,277.948,6.8
11/16/2021,277.948,6.8
11/17/2021,277.948,6.8
11/18/2021,277.948,6.8
11/19/2021,277.948,6.8
11/20/2021,277.948,6.8
11/21/2021,277.948,6.8
11/22/2021,277.948,6.8
11/23/2021,277.948,6.8
11/24/2021,277.948,6.8
11/25/2021,277.948,6.8
11/26/2021,277.948,6.8
11/27/2021,277.948,6.8
11/28/2021,277.948,6.8
11/29/2021,277.948,6.8
11/30/2021,277.948,6.8
12/01/2021,278.802,7
12/02/2021,278.802,7
12/03/2021,278.802,7
12/04/2021,278.802,7
12/05/2021,278.802,7
12/06/2021,278.802,7
12/07/2021,278.802,7
12/08/2021,278.802,7
12/09/2021,278.802,7
12/10/2021,278.802,7
12/11/2021,278.802,7
12/12/2021,278.802,7
12/13/2021,278.802,7
12/14/2021,278.802,7
12/15/2021,278.802,7
12/16/2021,278.802,7
12/17/2021,278.802,7
12/18/2021,278.802,7
12/19/2021,278.802,7
12/20/2021,278.802,7
12/21/2021,278.802,7
12/22/2021,278.802,7
12/23/2021,278.802,7
12/24/2021,278.802,7
12/25/2021,278.802,7
12/26/2021,278.802,7
12/27/2021,278.802,7
12/28/2021,278.802,7
12/29/2021,278.802,7
12/30/2021,278.802,7
12/31/2021,278.802,7
01/01/2022,281.148,7.5
01/02/2022,281.148,7.5
01/03/2022,281.148,7.5
01/04/2022,281.148,7.5
01/05/2022,281.148,7.5
01/06/2022,281.148,7.5
01/07/2022,281.148,7.5
01/08/2022,281.148,7.5
01/09/2022,281.148,7.5
01/10/2022,281.148,7.5
01/11/2022,281.148,7.5
01/12/2022,281.148,7.5
01/13/2022,281.148,7.5
01/14/2022,281.148,7.5
01/15/2022,281.148,7.5
01/16/2022,281.148,7.5
01/17/2022,281.148,7.5
01/18/2022,281.148,7.5
01/19/2022,281.148,7.5
01/20/2022,281.148,7.5
01/21/2022,281.148,7.5
01/22/2022,281.148,7.5
01/23/2022,281.148,7.5
01/24/2022,281.148,7.5
01/25/2022,281.148,7.5
01/26/2022,281.148,7.5
01/27/2022,281.148,7.5
01/28/2022,281.148,7.5
01/29/2022,281.148,7.5
01/30/2022,281.148,7.5
01/31/2022,281.148,7.5
02/01/2022,283.716,7.9
02/02/2022,283.716,7.9
02/03/2022,283.716,7.9
02/04/2022,283.716,7.9
02/05/2022,283.716,7.9
02/06/2022,283.716,7.9
02/07/2022,283.716,7.9
02/08/2022,283.716,7.9
02/09/2022,283.716,7.9
02/10/2022,283.716,7.9
02/11/2022,283.716,7.9
02/12/2022,283.716,7.9
02/13/2022,283.716,7.9
02/14/2022,283.716,7.9
02/15/2022,283.716,7.9
02/16/2022,283.716,7.9
02/17/2022,283.716,7.9
02/18/2022,283.716,7.9
02/19/2022,283.716,7.9
02/20/2022,283.716,7.9
02/21/2022,283.716,7.9
02/22/2022,283.716,7.9
02/23/2022,283.716,7.9
02/24/2022,283.716,7.9
02/25/2022,283.716,7.9
02/26/2022,283.716,7.9
02/27/2022,283.716,7.9
02/28/2022,283.716,7.9
03/01/2022,287.504,8.5
03/02/2022,287.504,8.5
03/03/2022,287.504,8.5
03/04/2022,287.504,8.5
03/05/2022,287.504,8.5
03/06/2022,287.504,8.5
03/07/2022,287.504,8.5
03/08/2022,287.504,8.5
03/09/2022,287.504,8.5
03/10/2022,287.504,8.5
03/11/2022,287.504,8.5
03/12/2022,287.504,8.5
03/13/2022,287.504,8.5
03/14/2022,287.504,8.5
03/15/2022,287.504,8.5
03/16/2022,287.504,8.5
03/17/2022,287.504,8.5
03/18/2022,287.504,8.5
03/19/2022,287.504,8.5
03/20/2022,287.504,8.5
03/21/2022,287.504,8.5
03/22/2022,287.504,8.5
03/23/2022,287.504,8.5
03/24/2022,287.504,8.5
03/25/2022,287.504,8.5
03/26/2022,287.504,8.5
03/27/2022,287.504,8.5
03/28/2022,287.504,8.5
03/29/2022,287.504,8.5
03/30/2022,287.504,8.5
03/31/2022,287.504,8.5
04/01/2022,289.109,8.3
04/02/2022,289.109,8.3
04/03/2022,289.109,8.3
04/04/2022,289.109,8.3
04/05/2022,289.109,8.3
04/06/2022,289.109,8.3
04/07/2022,289.109,8.3
04/08/2022,289.109,8.3
04/09/2022,289.109,8.3
04/10/2022,289.109,8.3
04/11/2022,289.109,8.3
04/12/2022,289.109,8.3
04/13/2022,289.109,8.3
04/14/2022,289.109,8.3
04/15/2022,289.109,8.3
04/16/2022,289.109,8.3
04/17/2022,289.109,8.3
04/18/2022,289.109,8.3
04/19/2022,289.109,8.3
04/20/2022,289.109,8.3
04/21/2022,289.109,8.3
04/22/2022,289.109,8.3
04/23/2022,289.109,8.3
04/24/2022,289.109,8.3
04/25/2022,289.109,8.3
04/26/2022,289.109,8.3
04/27/2022,289.109,8.3
04/28/2022,289.109,8.3
04/29/2022,289.109,8.3
04/30/2022,289.109,8.3
05/01/2022,292.296,8.6
05/02/2022,292.296,8.6
05/03/2022,292.296,8.6
05/04/2022,292.296,8.6
05/05/2022,292.296,8.6
05/06/2022,292.296,8.6
05/07/2022,292.296,8.6
05/08/2022,292.296,8.6
05/09/2022,292.296,8.6
05/10/2022,292.296,8.6
05/11/2022,292.296,8.6
05/12/2022,292.296,8.6
05/13/2022,292.296,8.6
05/14/2022,292.296,8.6
05/15/2022,292.296,8.6
05/16/2022,292.296,8.6
05/17/2022,292.296,8.6
05/18/2022,292.296,8.6
05/19/2022,292.296,8.6
05/20/2022,292.296,8.6
05/21/2022,292.296,8.6
05/22/2022,292.296,8.6
05/23/2022,292.296,8.6
05/24/2022,292.296,8.6
05/25/2022,292.296,8.6
05/26/2022,292.296,8.6
05/27/2022,292.296,8.6
05/28/2022,292.296,8.6
05/29/2022,292.296,8.6
05/30/2022,292.296,8.6
05/31/2022,292.296,8.6
06/01/2022,296.311,9.1
06/02/2022,296.311,9.1
06/03/2022,296.311,9.1
06/04/2022,296.311,9.1
06/05/2022,296.311,9.1
06/06/2022,296.311,9.1
06/07/2022,296.311,9.1
06/08/2022,296.311,9.1
06/09/2022,296.311,9.1
06/10/2022,296.311,9.1
06/11/2022,296.311,9.1
06/12/2022,296.311,9.1
06/13/2022,296.311,9.1
06/14/2022,296.311,9.1
06/15/2022,296.311,9.1
06/16/2022,296.311,9.1
06/17/2022,296.311,9.1
06/18/2022,296.311,9.1
06/19/2022,296.311,9.1
06/20/2022,296.311,9.1
06/21/2022,296.311,9.1
06/22/2022,296.311,9.1
06/23/2022,296.311,9.1
06/24/2022,296.311,9.1
06/25/2022,296.311,9.1
06/26/2022,296.311,9.1
06/27/2022,296.311,9.1
06/28/2022,296.311,9.1
06/29/2022,296.311,9.1
06/30/2022,296.311,9.1
07/01/2022,296.276,8.5
07/02/2022,296.276,8.5
07/03/2022,296.276,8.5
07/04/2022,296.276,8.5
07/05/2022,296.276,8.5
07/06/2022,296.276,8.5
07/07/2022,296.276,8.5
07/08/2022,296.276,8.5
07/09/2022,296.276,8.5
07/10/2022,296.276,8.5
07/11/2022,296.276,8.5
07/12/2022,296.276,8.5
07/13/2022,296.276,8.5
07/14/2022,296.276,8.5
07/15/2022,296.276,8.5
07/16/2022,296.276,8.5
07/17/2022,296.276,8.5
07/18/2022,296.276,8.5
07/19/2022,296.276,8.5
07/20/2022,296.276,8.5
07/21/2022,296.276,8.5
07/22/2022,296.276,8.5
07/23/2022,296.276,8.5
07/24/2022,296.276,8.5
07/25/2022,296.276,8.5
07/26/2022,296.276,8.5
07/27/2022,296.276,8.5
07/28/2022,296.276,8.5
07/29/2022,296.276,8.5
07/30/2022,296.276,8.5
07/31/2022,296.276,8.5
08/01/2022,296.171,8.3
08/02/2022,296.171,8.3
08/03/2022,296.171,8.3
08/04/2022,296.171,8.3
08/05/2022,296.171,8.3
08/06/2022,296.171,8.3
08/07/2022,296.171,8.3
08/08/2022,296.171,8.3
08/09/2022,296.171,8.3
08/10/2022,296.171,8.3
08/11/2022,296.171,8.3
08/12/2022,296.171,8.3
08/13/2022,296.171,8.3
08/14/2022,296.171,8.3
08/15/2022,296.171,8.3
08/16/2022,296.171,8.3
08/17/2022,296.171,8.3
08/18/2022,296.171,8.3
08/19/2022,296.171,8.3
08/20/2022,296.171,8.3
08/21/2022,296.171,8.3
08/22/2022,296.171,8.3
08/23/2022,296.171,8.3
08/24/2022,296.171,8.3
08/25/2022,296.171,8.3
08/26/2022,296.171,8.3
08/27/2022,296.171,8.3
08/28/2022,296.171,8.3
08/29/2022,296.171,8.3
08/30/2022,296.171,8.3
08/31/2022,296.171,8.3
09/01/2022,296.808,8.2
09/02/2022,296.808,8.2
09/03/2022,296.808,8.2
09/04/2022,296.808,8.2
09/05/2022,296.808,8.2
09/06/2022,296.808,8.2
09/07/2022,296.808,8.2
09/08/2022,296.808,8.2
09/09/2022,296.808,8.2
09/10/2022,296.808,8.2
09/11/2022,296.808,8.2
09/12/2022,296.808,8.2
09/13/2022,296.808,8.2
09/14/2022,296.808,8.2
09/15/2022,296.808,8.2
09/16/2022,296.808,8.2
09/17/2022,296.808,8.2
09/18/2022,296.808,8.2
09/19/2022,296.808,8.2
09/20/2022,296.808,8.2
09/21/2022,296.808,8.2
09/22/2022,296.808,8.2
09/23/2022,296.808,8.2
09/24/2022,296.808,8.2
09/25/2022,296.808,8.2
09/26/2022,296.808,8.2
09/27/2022,296.808,8.2
09/28/2022,296.808,8.2
09/29/2022,296.808,8.2
09/30/2022,296.808,8.2
10/01/2022,298.012,7.7
10/02/2022,298.012,7.7
10/03/2022,298.012,7.7
10/04/2022,298.012,7.7
10/05/2022,298.012,7.7
10/06/2022,298.012,7.7
10/07/2022,298.012,7.7
10/08/2022,298.012,7.7
10/09/2022,298.012,7.7
10/10/2022,298.012,7.7
10/11/2022,298.012,7.7
10/12/2022,298.012,7.7
10/13/2022,298.012,7.7
10/14/2022,298.012,7.7
10/15/2022,298.012,7.7
10/16/2022,298.012,7.7
10/17/2022,298.012,7.7
10/18/2022,298.012,7.7
10/19/2022,298.012,7.7
10/20/2022,298.012,7.7
10/21/2022,298.012,7.7
10/22/2022,298.012,7.7
10/23/2022,298.012,7.7
10/24/2022,298.012,7.7
10/25/2022,298.012,7.7
10/26/2022,298.012,7.7
10/27/2022,298.012,7.7
10/28/2022,298.012,7.7
10/29/2022,298.012,7.7
10/30/2022,298.012,7.7
10/31/2022,298.012,7.7
11/01/2022,297.711,7.1
11/02/2022,297.711,7.1
11/03/2022,297.711,7.1
11/04/2022,297.711,7.1
11/05/2022,297.711,7.1
11/06/2022,297.711,7.1
11/07/2022,297.711,7.1
11/08/2022,297.711,7.1
11/09/2022,297.711,7.1
11/10/2022,297.711,7.1
11/11/2022,297.711,7.1
11/12/2022,297.711,7.1
11/13/2022,297.711,7.1
11/14/2022,297.711,7.1
11/15/2022,297.711,7.1
11/16/2022,297.711,7.1
11/17/2022,297.711,7.1
11/18/2022,297.711,7.1
11/19/2022,297.711,7.1
11/20/2022,297.711,7.1
11/21/2022,297.711,7.1
11/22/2022,297.711,7.1
11/23/2022,297.711,7.1
11/24/2022,297.711,7.1
11/25/2022,297.711,7.1
11/26/2022,297.711,7.1
11/27/2022,297.711,7.1
11/28/2022,297.711,7.1
11/29/2022,297.711,7.1
11/30/2022,297.711,7.1
12/01/2022,296.797,6.5
12/02/2022,296.797,6.5
12/03/2022,296.797,6.5
12/04/2022,296.797,6.5
12/05/2022,296.797,6.5
12/06/2022,296.797,6.5
12/07/2022,296.797,6.5
12/08/2022,296.797,6.5
12/09/2022,296.797,6.5
12/10/2022,296.797,6.5
12/11/2022,296.797,6.5
12/12/2022,296.797,6.5
12/13/2022,296.797,6.5
12/14/2022,296.797,6.5
12/15/2022,296.797,6.5
12/16/2022,296.797,6.5
12/17/2022,296.797,6.5
12/18/2022,296.797,6.5
12/19/2022,296.797,6.5
12/20/2022,296.797,6.5
12/21/2022,296.797,6.5
12/22/2022,296.797,6.5
12/23/2022,296.797,6.5
12/24/2022,296.797,6.5
12/25/2022,296.797,6.5
12/26/2022,296.797,6.5
12/27/2022,296.797,6.5
12/28/2022,296.797,6.5
12/29/2022,296.797,6.5
12/30/2022,296.797,6.5
12/31/2022,296.797,6.5
01/01/2023,299.17,6.4
01/02/2023,299.17,6.4
01/03/2023,299.17,6.4
01/04/2023,299.17,6.4
01/05/2023,299.17,6.4
01/06/2023,299.17,6.4
01/07/2023,299.17,6.4
01/08/2023,299.17,6.4
01/09/2023,299.17,6.4
01/10/2023,299.17,6.4
01/11/2023,299.17,6.4
01/12/2023,299.17,6.4
01/13/2023,299.17,6.4
01/14/2023,299.17,6.4
01/15/2023,299.17,6.4
01/16/2023,299.17,6.4
01/17/2023,299.17,6.4
01/18/2023,299.17,6.4
01/19/2023,299.17,6.4
01/20/2023,299.17,6.4
01/21/2023,299.17,6.4
01/22/2023,299.17,6.4
01/23/2023,299.17,6.4
01/24/2023,299.17,6.4
01/25/2023,299.17,6.4
01/26/2023,299.17,6.4
01/27/2023,299.17,6.4
01/28/2023,299.17,6.4
01/29/2023,299.17,6.4
01/30/2023,299.17,6.4
01/31/2023,299.17,6.4
02/01/2023,300.84,6
02/02/2023,300.84,6
02/03/2023,300.84,6
02/04/2023,300.84,6
02/05/2023,300.84,6
02/06/2023,300.84,6
02/07/2023,300.84,6
02/08/2023,300.84,6
02/09/2023,300.84,6
02/10/2023,300.84,6
02/11/2023,300.84,6
02/12/2023,300.84,6
02/13/2023,300.84,6
02/14/2023,300.84,6
02/15/2023,300.84,6
02/16/2023,300.84,6
02/17/2023,300.84,6
02/18/2023,300.84,6
02/19/2023,300.84,6
02/20/2023,300.84,6
02/21/2023,300.84,6
02/22/2023,300.84,6
02/23/2023,300.84,6
02/24/2023,300.84,6
02/25/2023,300.84,6
02/26/2023,300.84,6
02/27/2023,300.84,6
02/28/2023,300.84,6
03/01/2023,301.836,5
03/02/2023,301.836,5
03/03/2023,301.836,5
03/04/2023,301.836,5
03/05/2023,301.836,5
03/06/2023,301.836,5
03/07/2023,301.836,5
03/08/2023,301.836,5
03/09/2023,301.836,5
03/10/2023,301.836,5
03/11/2023,301.836,5
03/12/2023,301.836,5
03/13/2023,301.836,5
03/14/2023,301.836,5
03/15/2023,301.836,5
03/16/2023,301.836,5
03/17/2023,301.836,5
03/18/2023,301.836,5
03/19/2023,301.836,5
03/20/2023,301.836,5
03/21/2023,301.836,5
03/22/2023,301.836,5
03/23/2023,301.836,5
03/24/2023,301.836,5
03/25/2023,301.836,5
03/26/2023,301.836,5
03/27/2023,301.836,5
03/28/2023,301.836,5
03/29/2023,301.836,5
03/30/2023,301.836,5
03/31/2023,301.836,5
04/01/2023,303.363,4.9
04/02/2023,303.363,4.9
04/03/2023,303.363,4.9
04/04/2023,303.363,4.9
04/05/2023,303.363,4.9
04/06/2023,303.363,4.9
04/07/2023,303.363,4.9
04/08/2023,303.363,4.9
04/09/2023,303.363,4.9
04/10/2023,303.363,4.9
04/11/2023,303.363,4.9
04/12/2023,303.363,4.9
04/13/2023,303.363,4.9
04/14/2023,303.363,4.9
04/15/2023,303.363,4.9
04/16/2023,303.363,4.9
04/17/2023,303.363,4.9
04/18/2023,303.363,4.9
04/19/2023,303.363,4.9
04/20/2023,303.363,4.9
04/21/2023,303.363,4.9
04/22/2023,303.363,4.9
04/23/2023,303.363,4.9
04/24/2023,303.363,4.9
04/25/2023,303.363,4.9
04/26/2023,303.363,4.9
04/27/2023,303.363,4.9
04/28/2023,303.363,4.9
04/29/2023,303.363,4.9
04/30/2023,303.363,4.9
05/01/2023,304.127,4
05/02/2023,304.127,4
05/03/2023,304.127,4
05/04/2023,304.127,4
05/05/2023,304.127,4
05/06/2023,304.127,4
05/07/2023,304.127,4
05/08/2023,304.127,4
05/09/2023,304.127,4
05/10/2023,304.127,4
05/11/2023,304.127,4
05/12/2023,304.127,4
05/13/2023,304.127,4
05/14/2023,304.127,4
05/15/2023,304.127,4
05/16/2023,304.127,4
05/17/2023,304.127,4
05/18/2023,304.127,4
05/19/2023,304.127,4
05/20/2023,304.127,4
05/21/2023,304.127,4
05/22/2023,304.127,4
05/23/2023,304.127,4
05/24/2023,304.127,4
05/25/2023,304.127,4
05/26/2023,304.127,4
05/27/2023,304.127,4
05/28/2023,304.127,4
05/29/2023,304.127,4
05/30/2023,304.127,4
05/31/2023,304.127,4
06/01/2023,305.109,3
06/02/2023,305.109,3
06/03/2023,305.109,3
06/04/2023,305.109,3
06/05/2023,305.109,3
06/06/2023,305.109,3
06/07/2023,305.109,3
06/08/2023,305.109,3
06/09/2023,305.109,3
06/10/2023,305.109,3
06/11/2023,305.109,3
06/12/2023,305.109,3
06/13/2023,305.109,3
06/14/2023,305.109,3
06/15/2023,305.109,3
06/16/2023,305.109,3
06/17/2023,305.109,3
06/18/2023,305.109,3
06/19/2023,305.109,3
06/20/2023,305.109,3
06/21/2023,305.109,3
06/22/2023,305.109,3
06/23/2023,305.109,3
06/24/2023,305.109,3
06/25/2023,305.109,3
06/26/2023,305.109,3
06/27/2023,305.109,3
06/28/2023,305.109,3
06/29/2023,305.109,3
06/30/2023,305.109,3
07/01/2023,305.691,3.2
07/02/2023,305.691,3.2
07/03/2023,305.691,3.2
07/04/2023,305.691,3.2
07/05/2023,305.691,3.2
07/06/2023,305.691,3.2
07/07/2023,305.691,3.2
07/08/2023,305.691,3.2
07/09/2023,305.691,3.2
07/10/2023,305.691,3.2
07/11/2023,305.691,3.2
07/12/2023,305.691,3.2
07/13/2023,305.691,3.2
07/14/2023,305.691,3.2
07/15/2023,305.691,3.2
07/16/2023,305.691,3.2
07/17/2023,305.691,3.2
07/18/2023,305.691,3.2
07/19/2023,305.691,3.2
07/20/2023,305.691,3.2
07/21/2023,305.691,3.2
07/22/2023,305.691,3.2
07/23/2023,305.691,3.2
07/24/2023,305.691,3.2
07/25/2023,305.691,3.2
07/26/2023,305.691,3.2
07/27/2023,305.691,3.2
07/28/2023,305.691,3.2
07/29/2023,305.691,3.2
07/30/2023,305.691,3.2
07/31/2023,305.691,3.2
08/01/2023,307.026,3.7
08/02/2023,307.026,3.7
08/03/2023,307.026,3.7
08/04/2023,307.026,3.7
08/05/2023,307.026,3.7
08/06/2023,307.026,3.7
08/07/2023,307.026,3.7
08/08/2023,307.026,3.7
08/09/2023,307.026,3.7
08/10/2023,307.026,3.7
08/11/2023,307.026,3.7
08/12/2023,307.026,3.7
08/13/2023,307.026,3.7
08/14/2023,307.026,3.7
08/15/2023,307.026,3.7
08/16/2023,307.026,3.7
08/17/2023,307.026,3.7
08/18/2023,307.026,3.7
08/19/2023,307.026,3.7
08/20/2023,307.026,3.7
08/21/2023,307.026,3.7
08/22/2023,307.026,3.7
08/23/2023,307.026,3.7
08/24/2023,307.026,3.7
08/25/2023,307.026,3.7
08/26/2023,307.026,3.7
08/27/2023,307.026,3.7
08/28/2023,307.026,3.7
08/29/2023,307.026,3.7
08/30/2023,307.026,3.7
08/31/2023,307.026,3.7
09/01/2023,307.789,3.7
09/02/2023,307.789,3.7
09/03/2023,307.789,3.7
09/04/2023,307.789,3.7
09/05/2023,307.789,3.7
09/06/2023,307.789,3.7
09/07/2023,307.789,3.7
09/08/2023,307.789,3.7
09/09/2023,307.789,3.7
09/10/2023,307.789,3.7
09/11/2023,307.789,3.7
09/12/2023,307.789,3.7
09/13/2023,307.789,3.7
09/14/2023,307.789,3.7
09/15/2023,307.789,3.7
09/16/2023,307.789,3.7
09/17/2023,307.789,3.7
09/18/2023,307.789,3.7
09/19/2023,307.789,3.7
09/20/2023,307.789,3.7
09/21/2023,307.789,3.7
09/22/2023,307.789,3.7
09/23/2023,307.789,3.7
09/24/2023,307.789,3.7
09/25/2023,307.789,3.7
09/26/2023,307.789,3.7
09/27/2023,307.789,3.7
09/28/2023,307.789,3.7
09/29/2023,307.789,3.7
09/30/2023,307.789,3.7
10/01/2023,307.671,3.2
10/02/2023,307.671,3.2
10/03/2023,307.671,3.2
10/04/2023,307.671,3.2
10/05/2023,307.671,3.2
10/06/2023,307.671,3.2
10/07/2023,307.671,3.2
10/08/2023,307.671,3.2
10/09/2023,307.671,3.2
10/10/2023,307.671,3.2
10/11/2023,307.671,3.2
10/12/2023,307.671,3.2
10/13/2023,307.671,3.2
10/14/2023,307.671,3.2
10/15/2023,307.671,3.2
10/16/2023,307.671,3.2
10/17/2023,307.671,3.2
10/18/2023,307.671,3.2
10/19/2023,307.671,3.2
10/20/2023,307.671,3.2
10/21/2023,307.671,3.2
10/22/2023,307.671,3.2
10/23/2023,307.671,3.2
10/24/2023,307.671,3.2
10/25/2023,307.671,3.2
10/26/2023,307.671,3.2
10/27/2023,307.671,3.2
10/28/2023,307.671,3.2
10/29/2023,307.671,3.2
10/30/2023,307.671,3.2
10/31/2023,307.671,3.2
11/01/2023,307.051,3.1
11/02/2023,307.051,3.1
11/03/2023,307.051,3.1
11/04/2023,307.051,3.1
11/05/2023,307.051,3.1
11/06/2023,307.051,3.1
11/07/2023,307.051,3.1
11/08/2023,307.051,3.1
11/09/2023,307.051,3.1
11/10/2023,307.051,3.1
11/11/2023,307.051,3.1
11/12/2023,307.051,3.1
11/13/2023,307.051,3.1
11/14/2023,307.051,3.1
11/15/2023,307.051,3.1
11/16/2023,307.051,3.1
11/17/2023,307.051,3.1
11/18/2023,307.051,3.1
11/19/2023,307.051,3.1
11/20/2023,307.051,3.1
11/21/2023,307.051,3.1
11/22/2023,307.051,3.1
11/23/2023,307.051,3.1
11/24/2023,307.051,3.1
11/25/2023,307.051,3.1
11/26/2023,307.051,3.1
11/27/2023,307.051,3.1
11/28/2023,307.051,3.1
11/29/2023,307.051,3.1
11/30/2023,307.051,3.1
12/01/2023,306.746,3.4
12/02/2023,306.746,3.4
12/03/2023,306.746,3.4
12/04/2023,306.746,3.4
12/05/2023,306.746,3.4
12/06/2023,306.746,3.4
12/07/2023,306.746,3.4
12/08/2023,306.746,3.4
12/09/2023,306.746,3.4
12/10/2023,306.746,3.4
12/11/2023,306.746,3.4
12/12/2023,306.746,3.4
12/13/2023,306.746,3.4
12/14/2023,306.746,3.4
12/15/2023,306.746,3.4
12/16/2023,306.746,3.4
12/17/2023,306.746,3.4
12/18/2023,306.746,3.4
12/19/2023,306.746,3.4
12/20/2023,306.746,3.4
12/21/2023,306.746,3.4
12/22/2023,306.746,3.4
12/23/2023,306.746,3.4
12/24/2023,306.746,3.4
12/25/2023,306.746,3.4
12/26/2023,306.746,3.4
12/27/2023,306.746,3.4
12/28/2023,306.746,3.4
12/29/2023,306.746,3.4
12/30/2023,306.746,3.4
12/31/2023,306.746,3.4
01/01/2024,308.417,3.1
01/02/2024,308.417,3.1
01/03/2024,308.417,3.1
01/04/2024,308.417,3.1
01/05/2024,308.417,3.1
01/06/2024,308.417,3.1
01/07/2024,308.417,3.1
01/08/2024,308.417,3.1
01/09/2024,308.417,3.1
01/10/2024,308.417,3.1
01/11/2024,308.417,3.1
01/12/2024,308.417,3.1
01/13/2024,308.417,3.1
01/14/2024,308.417,3.1
01/15/2024,308.417,3.1
01/16/2024,308.417,3.1
01/17/2024,308.417,3.1
01/18/2024,308.417,3.1
01/19/2024,308.417,3.1
01/20/2024,308.417,3.1
01/21/2024,308.417,3.1
01/22/2024,308.417,3.1
01/23/2024,308.417,3.1
01/24/2024,308.417,3.1
01/25/2024,308.417,3.1
01/26/2024,308.417,3.1
01/27/2024,308.417,3.1
01/28/2024,308.417,3.1
01/29/2024,308.417,3.1
01/30/2024,308.417,3.1
01/31/2024,308.417,3.1
02/01/2024,310.326,3.2
02/02/2024,310.326,3.2
02/03/2024,310.326,3.2
02/04/2024,310.326,3.2
02/05/2024,310.326,3.2
02/06/2024,310.326,3.2
02/07/2024,310.326,3.2
02/08/2024,310.326,3.2
02/09/2024,310.326,3.2
02/10/2024,310.326,3.2
02/11/2024,310.326,3.2
02/12/2024,310.326,3.2
02/13/2024,310.326,3.2
02/14/2024,310.326,3.2
02/15/2024,310.326,3.2
02/16/2024,310.326,3.2
02/17/2024,310.326,3.2
02/18/2024,310.326,3.2
02/19/2024,310.326,3.2
02/20/2024,310.326,3.2
02/21/2024,310.326,3.2
02/22/2024,310.326,3.2
02/23/2024,310.326,3.2
02/24/2024,310.326,3.2
02/25/2024,310.326,3.2
02/26/2024,310.326,3.2
02/27/2024,310.326,3.2
02/28/2024,310.326,3.2
02/29/2024,310.326,3.2
03/01/2024,312.332,3.5
03/02/2024,312.332,3.5
03/03/2024,312.332,3.5
03/04/2024,312.332,3.5
03/05/2024,312.332,3.5
03/06/2024,312.332,3.5
03/07/2024,312.332,3.5
03/08/2024,312.332,3.5
03/09/2024,312.332,3.5
03/10/2024,312.332,3.5
03/11/2024,312.332,3.5
03/12/2024,312.332,3.5
03/13/2024,312.332,3.5
03/14/2024,312.332,3.5
03/15/2024,312.332,3.5
03/16/2024,312.332,3.5
03/17/2024,312.332,3.5
03/18/2024,312.332,3.5
03/19/2024,312.332,3.5
03/20/2024,312.332,3.5
03/21/2024,312.332,3.5
03/22/2024,312.332,3.5
03/23/2024,312.332,3.5
03/24/2024,312.332,3.5
03/25/2024,312.332,3.5
03/26/2024,312.332,3.5
03/27/2024,312.332,3.5
03/28/2024,312.332,3.5
03/29/2024,312.332,3.5
03/30/2024,312.332,3.5
03/31/2024,312.332,3.5
04/01/2024,313.548,3.4
04/02/2024,313.548,3.4
04/03/2024,313.548,3.4
04/04/2024,313.548,3.4
04/05/2024,313.548,3.4
04/06/2024,313.548,3.4
04/07/2024,313.548,3.4
04/08/2024,313.548,3.4
04/09/2024,313.548,3.4
04/10/2024,313.548,3.4
04/11/2024,313.548,3.4
04/12/2024,313.548,3.4
04/13/2024,313.548,3.4
04/14/2024,313.548,3.4
04/15/2024,313.548,3.4
04/16/2024,313.548,3.4
04/17/2024,313.548,3.4
04/18/2024,313.548,3.4
04/19/2024,313.548,3.4
04/20/2024,313.548,3.4
04/21/2024,313.548,3.4
04/22/2024,313.548,3.4
04/23/2024,313.548,3.4
04/24/2024,313.548,3.4
04/25/2024,313.548,3.4
04/26/2024,313.548,3.4
04/27/2024,313.548,3.4
04/28/2024,313.548,3.4
04/29/2024,313.548,3.4
04/30/2024,313.548,3.4
05/01/2024,314.069,3.3
05/02/2024,314.069,3.3
05/03/2024,314.069,3.3
05/04/2024,314.069,3.3
05/05/2024,314.069,3.3
05/06/2024,314.069,3.3
05/07/2024,314.069,3.3
05/08/2024,314.069,3.3
05/09/2024,314.069,3.3
05/10/2024,314.069,3.3
05/11/2024,314.069,3.3
05/12/2024,314.069,3.3
05/13/2024,314.069,3.3
05/14/2024,314.069,3.3
05/15/2024,314.069,3.3
05/16/2024,314.069,3.3
05/17/2024,314.069,3.3
05/18/2024,314.069,3.3
05/19/2024,314.069,3.3
05/20/2024,314.069,3.3
05/21/2024,314.069,3.3
05/22/2024,314.069,3.3
05/23/2024,314.069,3.3
05/24/2024,314.069,3.3
05/25/2024,314.069,3.3
05/26/2024,314.069,3.3
05/27/2024,314.069,3.3
05/28/2024,314.069,3.3
05/29/2024,314.069,3.3
05/30/2024,314.069,3.3
05/31/2024,314.069,3.3
06/01/2024,314.175,3
06/02/2024,314.175,3
06/03/2024,314.175,3
06/04/2024,314.175,3
06/05/2024,314.175,3
06/06/2024,314.175,3
06/07/2024,314.175,3
06/08/2024,314.175,3
06/09/2024,314.175,3
06/10/2024,314.175,3
06/11/2024,314.175,3
06/12/2024,314.175,3
06/13/2024,314.175,3
06/14/2024,314.175,3
06/15/2024,314.175,3
06/16/2024,314.175,3
06/17/2024,314.175,3
06/18/2024,314.175,3
06/19/2024,314.175,3
06/20/2024,314.175,3
06/21/2024,314.175,3
06/22/2024,314.175,3
06/23/2024,314.175,3
06/24/2024,314.175,3
06/25/2024,314.175,3
06/26/2024,314.175,3
06/27/2024,314.175,3
06/28/2024,314.175,3
06/29/2024,314.175,3
06/30/2024,314.175,3
07/01/2024,314.54,2.9
07/02/2024,314.54,2.9
07/03/2024,314.54,2.9
07/04/2024,314.54,2.9
07/05/2024,314.54,2.9
07/06/2024,314.54,2.9
07/07/2024,314.54,2.9
07/08/2024,314.54,2.9
07/09/2024,314.54,2.9
07/10/2024,314.54,2.9
07/11/2024,314.54,2.9
07/12/2024,314.54,2.9
07/13/2024,314.54,2.9
07/14/2024,314.54,2.9
07/15/2024,314.54,2.9
07/16/2024,314.54,2.9
07/17/2024,314.54,2.9
07/18/2024,314.54,2.9
07/19/2024,314.54,2.9
07/20/2024,314.54,2.9
07/21/2024,314.54,2.9
07/22/2024,314.54,2.9
07/23/2024,314.54,2.9
07/24/2024,314.54,2.9
07/25/2024,314.54,2.9
07/26/2024,314.54,2.9
07/27/2024,314.54,2.9
07/28/2024,314.54,2.9
07/29/2024,314.54,2.9
07/30/2024,314.54,2.9
07/31/2024,314.54,2.9
08/01/2024,314.796,2.5
08/02/2024,314.796,2.5
08/03/2024,314.796,2.5
08/04/2024,314.796,2.5
08/05/2024,314.796,2.5
08/06/2024,314.796,2.5
08/07/2024,314.796,2.5
08/08/2024,314.796,2.5
08/09/2024,314.796,2.5
08/10/2024,314.796,2.5
08/11/2024,314.796,2.5
08/12/2024,314.796,2.5
08/13/2024,314.796,2.5
08/14/2024,314.796,2.5
08/15/2024,314.796,2.5
08/16/2024,314.796,2.5
08/17/2024,314.796,2.5
08/18/2024,314.796,2.5
08/19/2024,314.796,2.5
08/20/2024,314.796,2.5
08/21/2024,314.796,2.5
08/22/2024,314.796,2.5
08/23/2024,314.796,2.5
08/24/2024,314.796,2.5
08/25/2024,314.796,2.5
08/26/2024,314.796,2.5
08/27/2024,314.796,2.5
08/28/2024,314.796,2.5
08/29/2024,314.796,2.5
08/30/2024,314.796,2.5
08/31/2024,314.796,2.5
09/01/2024,315.301,2.4
09/02/2024,315.301,2.4
09/03/2024,315.301,2.4
09/04/2024,315.301,2.4
09/05/2024,315.301,2.4
09/06/2024,315.301,2.4
09/07/2024,315.301,2.4
09/08/2024,315.301,2.4
09/09/2024,315.301,2.4
09/10/2024,315.301,2.4
09/11/2024,315.301,2.4
09/12/2024,315.301,2.4
09/13/2024,315.301,2.4
09/14/2024,315.301,2.4
09/15/2024,315.301,2.4
09/16/2024,315.301,2.4
09/17/2024,315.301,2.4
09/18/2024,315.301,2.4
09/19/2024,315.301,2.4
09/20/2024,315.301,2.4
09/21/2024,315.301,2.4
09/22/2024,315.301,2.4
09/23/2024,315.301,2.4
09/24/2024,315.301,2.4
09/25/2024,315.301,2.4
09/26/2024,315.301,2.4
09/27/2024,315.301,2.4
09/28/2024,315.301,2.4
09/29/2024,315.301,2.4
09/30/2024,315.301,2.4
10/01/2024,315.664,2.6
10/02/2024,315.664,2.6
10/03/2024,315.664,2.6
10/04/2024,315.664,2.6
10/05/2024,315.664,2.6
10/06/2024,315.664,2.6
10/07/2024,315.664,2.6
10/08/2024,315.664,2.6
10/09/2024,315.664,2.6
10/10/2024,315.664,2.6
10/11/2024,315.664,2.6
10/12/2024,315.664,2.6
10/13/2024,315.664,2.6
10/14/2024,315.664,2.6
10/15/2024,315.664,2.6
10/16/2024,315.664,2.6
10/17/2024,315.664,2.6
10/18/2024,315.664,2.6
10/19/2024,315.664,2.6
10/20/2024,315.664,2.6
10/21/2024,315.664,2.6
10/22/2024,315.664,2.6
10/23/2024,315.664,2.6
10/24/2024,315.664,2.6
10/25/2024,315.664,2.6
10/26/2024,315.664,2.6
10/27/2024,315.664,2.6
10/28/2024,315.664,2.6
10/29/2024,315.664,2.6
10/30/2024,315.664,2.6
10/31/2024,315.664,2.6
11/01/2024,315.493,2.7
11/02/2024,315.493,2.7
11/03/2024,315.493,2.7
11/04/2024,315.493,2.7
11/05/2024,315.493,2.7
11/06/2024,315.493,2.7
11/07/2024,315.493,2.7
11/08/2024,315.493,2.7
11/09/2024,315.493,2.7
11/10/2024,315.493,2.7
11/11/2024,315.493,2.7
11/12/2024,315.493,2.7
11/13/2024,315.493,2.7
11/14/2024,315.493,2.7
11/15/2024,315.493,2.7
11/16/2024,315.493,2.7
11/17/2024,315.493,2.7
11/18/2024,315.493,2.7
11/19/2024,315.493,2.7
11/20/2024,315.493,2.7
11/21/2024,315.493,2.7
11/22/2024,315.493,2.7
11/23/2024,315.493,2.7
11/24/2024,315.493,2.7
11/25/2024,315.493,2.7
11/26/2024,315.493,2.7
11/27/2024,315.493,2.7
11/28/2024,315.493,2.7
11/29/2024,315.493,2.7
11/30/2024,315.493,2.7
12/01/2024,315.605,2.9
12/02/2024,315.605,2.9
12/03/2024,315.605,2.9
12/04/2024,315.605,2.9
12/05/2024,315.605,2.9
12/06/2024,315.605,2.9
12/07/2024,315.605,2.9
12/08/2024,315.605,2.9
12/09/2024,315.605,2.9
12/10/2024,315.605,2.9
12/11/2024,315.605,2.9
12/12/2024,315.605,2.9
12/13/2024,315.605,2.9
12/14/2024,315.605,2.9
12/15/2024,315.605,2.9
12/16/2024,315.605,2.9
12/17/2024,315.605,2.9
12/18/2024,315.605,2.9
12/19/2024,315.605,2.9
12/20/2024,315.605,2.9
12/21/2024,315.605,2.9
12/22/2024,315.605,2.9
12/23/2024,315.605,2.9
12/24/2024,315.605,2.9
12/25/2024,315.605,2.9
12/26/2024,315.605,2.9
12/27/2024,315.605,2.9
12/28/2024,315.605,2.9
12/29/2024,315.605,2.9
12/30/2024,315.605,2.9
12/31/2024,315.605,2.9
01/01/2025,317.671,3
01/02/2025,317.671,3
01/03/2025,317.671,3
01/04/2025,317.671,3
01/05/2025,317.671,3
01/06/2025,317.671,3
01/07/2025,317.671,3
01/08/2025,317.671,3
01/09/2025,317.671,3
01/10/2025,317.671,3
01/11/2025,317.671,3
01/12/2025,317.671,3
01/13/2025,317.671,3
01/14/2025,317.671,3
01/15/2025,317.671,3
01/16/2025,317.671,3
01/17/2025,317.671,3
01/18/2025,317.671,3
01/19/2025,317.671,3
01/20/2025,317.671,3
01/21/2025,317.671,3
01/22/2025,317.671,3
01/23/2025,317.671,3
01/24/2025,317.671,3
01/25/2025,317.671,3
01/26/2025,317.671,3
01/27/2025,317.671,3
01/28/2025,317.671,3
01/29/2025,317.671,3
01/30/2025,317.671,3
01/31/2025,317.671,3
02/01/2025,319.082,2.8
02/02/2025,319.082,2.8
02/03/2025,319.082,2.8
02/04/2025,319.082,2.8
02/05/2025,319.082,2.8
02/06/2025,319.082,2.8
02/07/2025,319.082,2.8
02/08/2025,319.082,2.8
02/09/2025,319.082,2.8
02/10/2025,319.082,2.8
02/11/2025,319.082,2.8
02/12/2025,319.082,2.8
02/13/2025,319.082,2.8
02/14/2025,319.082,2.8
02/15/2025,319.082,2.8
02/16/2025,319.082,2.8
02/17/2025,319.082,2.8
02/18/2025,319.082,2.8
02/19/2025,319.082,2.8
02/20/2025,319.082,2.8
02/21/2025,319.082,2.8
02/22/2025,319.082,2.8
02/23/2025,319.082,2.8
02/24/2025,319.082,2.8
02/25/2025,319.082,2.8
02/26/2025,319.082,2.8
02/27/2025,319.082,2.8
02/28/2025,319.082,2.8
03/01/2025,319.799,2.4
03/02/2025,319.799,2.4
03/03/2025,319.799,2.4
03/04/2025,319.799,2.4
03/05/2025,319.799,2.4
03/06/2025,319.799,2.4
03/07/2025,319.799,2.4
03/08/2025,319.799,2.4
03/09/2025,319.799,2.4
03/10/2025,319.799,2.4
03/11/2025,319.799,2.4
03/12/2025,319.799,2.4
03/13/2025,319.799,2.4
03/14/2025,319.799,2.4
03/15/2025,319.799,2.4
03/16/2025,319.799,2.4
03/17/2025,319.799,2.4
03/18/2025,319.799,2.4
03/19/2025,319.799,2.4
03/20/2025,319.799,2.4
03/21/2025,319.799,2.4
03/22/2025,319.799,2.4
03/23/2025,319.799,2.4
03/24/2025,319.799,2.4
03/25/2025,319.799,2.4
03/26/2025,319.799,2.4
03/27/2025,319.799,2.4
03/28/2025,319.799,2.4
03/29/2025,319.799,2.4
03/30/2025,319.799,2.4
03/31/2025,319.799,2.4
04/01/2025,320.795,2.3
04/02/2025,320.795,2.3
04/03/2025,320.795,2.3
04/04/2025,320.795,2.3
04/05/2025,320.795,2.3
04/06/2025,320.795,2.3
04/07/2025,320.795,2.3
04/08/2025,320.795,2.3
04/09/2025,320.795,2.3
04/10/2025,320.795,2.3
04/11/2025,320.795,2.3
04/12/2025,320.795,2.3
04/13/2025,320.795,2.3
04/14/2025,320.795,2.3
04/15/2025,320.795,2.3
04/16/2025,320.795,2.3
04/17/2025,320.795,2.3
04/18/2025,320.795,2.3
04/19/2025,320.795,2.3
04/20/2025,320.795,2.3
04/21/2025,320.795,2.3
04/22/2025,320.795,2.3
04/23/2025,320.795,2.3
04/24/2025,320.795,2.3
04/25/2025,320.795,2.3
04/26/2025,320.795,2.3
04/27/2025,320.795,2.3
04/28/2025,320.795,2.3
04/29/2025,320.795,2.3
04/30/2025,320.795,2.3
05/01/2025,321.465,2.4
05/02/2025,321.465,2.4
05/03/2025,321.465,2.4
05/04/2025,321.465,2.4
05/05/2025,321.465,2.4
05/06/2025,321.465,2.4
05/07/2025,321.465,2.4
05/08/2025,321.465,2.4
05/09/2025,321.465,2.4
05/10/2025,321.465,2.4
05/11/2025,321.465,2.4
05/12/2025,321.465,2.4
05/13/2025,321.465,2.4
05/14/2025,321.465,2.4
05/15/2025,321.465,2.4
05/16/2025,321.465,2.4
05/17/2025,321.465,2.4
05/18/2025,321.465,2.4
05/19/2025,321.465,2.4
05/20/2025,321.465,2.4
05/21/2025,321.465,2.4
05/22/2025,321.465,2.4
05/23/2025,321.465,2.4
05/24/2025,321.465,2.4
05/25/2025,321.465,2.4
05/26/2025,321.465,2.4
05/27/2025,321.465,2.4
05/28/2025,321.465,2.4
05/29/2025,321.465,2.4
05/30/2025,321.465,2.4
05/31/2025,321.465,2.4
06/01/2025,322.561,2.7
06/02/2025,322.561,2.7
06/03/2025,322.561,2.7
06/04/2025,322.561,2.7
06/05/2025,322.561,2.7
06/06/2025,322.561,2.7
06/07/2025,322.561,2.7
06/08/2025,322.561,2.7
06/09/2025,322.561,2.7
06/10/2025,322.561,2.7
06/11/2025,322.561,2.7
06/12/2025,322.561,2.7
06/13/2025,322.561,2.7
06/14/2025,322.561,2.7
06/15/2025,322.561,2.7
06/16/2025,322.561,2.7
06/17/2025,322.561,2.7
06/18/2025,322.561,2.7
06/19/2025,322.561,2.7
06/20/2025,322.561,2.7
06/21/2025,322.561,2.7
06/22/2025,322.561,2.7
06/23/2025,322.561,2.7
06/24/2025,322.561,2.7
06/25/2025,322.561,2.7
06/26/2025,322.561,2.7
06/27/2025,322.561,2.7
06/28/2025,322.561,2.7
06/29/2025,322.561,2.7
06/30/2025,322.561,2.7
07/01/2025,323.048,2.7
07/02/2025,323.048,2.7
07/03/2025,323.048,2.7
07/04/2025,323.048,2.7
07/05/2025,323.048,2.7
07/06/2025,323.048,2.7
07/07/2025,323.048,2.7
07/08/2025,323.048,2.7
07/09/2025,323.048,2.7
07/10/2025,323.048,2.7
07/11/2025,323.048,2.7
07/12/2025,323.048,2.7
07/13/2025,323.048,2.7
07/14/2025,323.048,2.7
07/15/2025,323.048,2.7
07/16/2025,323.048,2.7
07/17/2025,323.048,2.7
07/18/2025,323.048,2.7
07/19/2025,323.048,2.7
07/20/2025,323.048,2.7
07/21/2025,323.048,2.7
07/22/2025,323.048,2.7
07/23/2025,323.048,2.7
07/24/2025,323.048,2.7
07/25/2025,323.048,2.7
07/26/2025,323.048,2.7
07/27/2025,323.048,2.7
07/28/2025,323.048,2.7
07/29/2025,323.048,2.7
07/30/2025,323.048,2.7
07/31/2025,323.048,2.7
08/01/2025,323.976,2.9
08/02/2025,323.976,2.9
08/03/2025,323.976,2.9
08/04/2025,323.976,2.9
08/05/2025,323.976,2.9
08/06/2025,323.976,2.9
08/07/2025,323.976,2.9
08/08/2025,323.976,2.9
08/09/2025,323.976,2.9
08/10/2025,323.976,2.9
08/11/2025,323.976,2.9
08/12/2025,323.976,2.9
08/13/2025,323.976,2.9
08/14/2025,323.976,2.9
08/15/2025,323.976,2.9
08/16/2025,323.976,2.9
08/17/2025,323.976,2.9
08/18/2025,323.976,2.9
08/19/2025,323.976,2.9
08/20/2025,323.976,2.9
08/21/2025,323.976,2.9
08/22/2025,323.976,2.9
08/23/2025,323.976,2.9
08/24/2025,323.976,2.9
08/25/2025,323.976,2.9
08/26/2025,323.976,2.9
08/27/2025,323.976,2.9
08/28/2025,323.976,2.9
08/29/2025,323.976,2.9
08/30/2025,323.976,2.9
08/31/2025,323.976,2.9
09/01/2025,324.8,3
09/02/2025,324.8,3
09/03/2025,324.8,3
09/04/2025,324.8,3
09/05/2025,324.8,3
09/06/2025,324.8,3
09/07/2025,324.8,3
09/08/2025,324.8,3
09/09/2025,324.8,3
09/10/2025,324.8,3
09/11/2025,324.8,3
09/12/2025,324.8,3
09/13/2025,324.8,3
09/14/2025,324.8,3
09/15/2025,324.8,3
09/16/2025,324.8,3
09/17/2025,324.8,3
09/18/2025,324.8,3
09/19/2025,324.8,3
09/20/2025,324.8,3
09/21/2025,324.8,3
09/22/2025,324.8,3
09/23/2025,324.8,3
09/24/2025,324.8,3
09/25/2025,324.8,3
09/26/2025,324.8,3
09/27/2025,324.8,3
09/28/2025,324.8,3
09/29/2025,324.8,3
09/30/2025,324.8,3
10/01/2025,-, N/A
10/02/2025,-, N/A
10/03/2025,-, N/A
10/04/2025,-, N/A
10/05/2025,-, N/A
10/06/2025,-, N/A
10/07/2025,-, N/A
10/08/2025,-, N/A
10/09/2025,-, N/A
10/10/2025,-, N/A
10/11/2025,-, N/A
10/12/2025,-, N/A
10/13/2025,-, N/A
10/14/2025,-, N/A
10/15/2025,-, N/A
10/16/2025,-, N/A
10/17/2025,-, N/A
10/18/2025,-, N/A
10/19/2025,-, N/A
10/20/2025,-, N/A
10/21/2025,-, N/A
10/22/2025,-, N/A
10/23/2025,-, N/A
10/24/2025,-, N/A
10/25/2025,-, N/A
10/26/2025,-, N/A
10/27/2025,-, N/A
10/28/2025,-, N/A
10/29/2025,-, N/A
10/30/2025,-, N/A
10/31/2025,-, N/A
11/01/2025,324.122,2.7
11/02/2025,324.122,2.7
11/03/2025,324.122,2.7
11/04/2025,324.122,2.7
11/05/2025,324.122,2.7
11/06/2025,324.122,2.7
11/07/2025,324.122,2.7
11/08/2025,324.122,2.7
11/09/2025,324.122,2.7
11/10/2025,324.122,2.7
11/11/2025,324.122,2.7
11/12/2025,324.122,2.7
11/13/2025,324.122,2.7
11/14/2025,324.122,2.7
11/15/2025,324.122,2.7
11/16/2025,324.122,2.7
11/17/2025,324.122,2.7
11/18/2025,324.122,2.7
11/19/2025,324.122,2.7
11/20/2025,324.122,2.7
11/21/2025,324.122,2.7
11/22/2025,324.122,2.7
11/23/2025,324.122,2.7
11/24/2025,324.122,2.7
11/25/2025,324.122,2.7
11/26/2025,324.122,2.7
11/27/2025,324.122,2.7
11/28/2025,324.122,2.7
11/29/2025,324.122,2.7
11/30/2025,324.122,2.7
12/01/2025,324.054,2.7
12/02/2025,324.054,2.7
12/03/2025,324.054,2.7
12/04/2025,324.054,2.7
12/05/2025,324.054,2.7
12/06/2025,324.054,2.7
12/07/2025,324.054,2.7
12/08/2025,324.054,2.7
12/09/2025,324.054,2.7
12/10/2025,324.054,2.7
12/11/2025,324.054,2.7
12/12/2025,324.054,2.7
12/13/2025,324.054,2.7
12/14/2025,324.054,2.7
12/15/2025,324.054,2.7
12/16/2025,324.054,2.7
12/17/2025,324.054,2.7
12/18/2025,324.054,2.7
12/19/2025,324.054,2.7
12/20/2025,324.054,2.7
12/21/2025,324.054,2.7
12/22/2025,324.054,2.7
12/23/2025,324.054,2.7
12/24/2025,324.054,2.7
12/25/2025,324.054,2.7
12/26/2025,324.054,2.7
12/27/2025,324.054,2.7
12/28/2025,324.054,2.7
12/29/2025,324.054,2.7
12/30/2025,324.054,2.7
12/31/2025,324.054,2.7
