Date,M2SL
01/01/2000,4667.6
01/02/2000,4667.6
01/03/2000,4667.6
01/04/2000,4667.6
01/05/2000,4667.6
01/06/2000,4667.6
01/07/2000,4667.6
01/08/2000,4667.6
01/09/2000,4667.6
01/10/2000,4667.6
01/11/2000,4667.6
01/12/2000,4667.6
01/13/2000,4667.6
01/14/2000,4667.6
01/15/2000,4667.6
01/16/2000,4667.6
01/17/2000,4667.6
01/18/2000,4667.6
01/19/2000,4667.6
01/20/2000,4667.6
01/21/2000,4667.6
01/22/2000,4667.6
01/23/2000,4667.6
01/24/2000,4667.6
01/25/2000,4667.6
01/26/2000,4667.6
01/27/2000,4667.6
01/28/2000,4667.6
01/29/2000,4667.6
01/30/2000,4667.6
01/31/2000,4667.6
02/01/2000,4680.9
02/02/2000,4680.9
02/03/2000,4680.9
02/04/2000,4680.9
02/05/2000,4680.9
02/06/2000,4680.9
02/07/2000,4680.9
02/08/2000,4680.9
02/09/2000,4680.9
02/10/2000,4680.9
02/11/2000,4680.9
02/12/2000,4680.9
02/13/2000,4680.9
02/14/2000,4680.9
02/15/2000,4680.9
02/16/2000,4680.9
02/17/2000,4680.9
02/18/2000,4680.9
02/19/2000,4680.9
02/20/2000,4680.9
02/21/2000,4680.9
02/22/2000,4680.9
02/23/2000,4680.9
02/24/2000,4680.9
02/25/2000,4680.9
02/26/2000,4680.9
02/27/2000,4680.9
02/28/2000,4680.9
02/29/2000,4680.9
03/01/2000,4711.7
03/02/2000,4711.7
03/03/2000,4711.7
03/04/2000,4711.7
03/05/2000,4711.7
03/06/2000,4711.7
03/07/2000,4711.7
03/08/2000,4711.7
03/09/2000,4711.7
03/10/2000,4711.7
03/11/2000,4711.7
03/12/2000,4711.7
03/13/2000,4711.7
03/14/2000,4711.7
03/15/2000,4711.7
03/16/2000,4711.7
03/17/2000,4711.7
03/18/2000,4711.7
03/19/2000,4711.7
03/20/2000,4711.7
03/21/2000,4711.7
03/22/2000,4711.7
03/23/2000,4711.7
03/24/2000,4711.7
03/25/2000,4711.7
03/26/2000,4711.7
03/27/2000,4711.7
03/28/2000,4711.7
03/29/2000,4711.7
03/30/2000,4711.7
03/31/2000,4711.7
04/01/2000,4767.8
04/02/2000,4767.8
04/03/2000,4767.8
04/04/2000,4767.8
04/05/2000,4767.8
04/06/2000,4767.8
04/07/2000,4767.8
04/08/2000,4767.8
04/09/2000,4767.8
04/10/2000,4767.8
04/11/2000,4767.8
04/12/2000,4767.8
04/13/2000,4767.8
04/14/2000,4767.8
04/15/2000,4767.8
04/16/2000,4767.8
04/17/2000,4767.8
04/18/2000,4767.8
04/19/2000,4767.8
04/20/2000,4767.8
04/21/2000,4767.8
04/22/2000,4767.8
04/23/2000,4767.8
04/24/2000,4767.8
04/25/2000,4767.8
04/26/2000,4767.8
04/27/2000,4767.8
04/28/2000,4767.8
04/29/2000,4767.8
04/30/2000,4767.8
05/01/2000,4755.7
05/02/2000,4755.7
05/03/2000,4755.7
05/04/2000,4755.7
05/05/2000,4755.7
05/06/2000,4755.7
05/07/2000,4755.7
05/08/2000,4755.7
05/09/2000,4755.7
05/10/2000,4755.7
05/11/2000,4755.7
05/12/2000,4755.7
05/13/2000,4755.7
05/14/2000,4755.7
05/15/2000,4755.7
05/16/2000,4755.7
05/17/2000,4755.7
05/18/2000,4755.7
05/19/2000,4755.7
05/20/2000,4755.7
05/21/2000,4755.7
05/22/2000,4755.7
05/23/2000,4755.7
05/24/2000,4755.7
05/25/2000,4755.7
05/26/2000,4755.7
05/27/2000,4755.7
05/28/2000,4755.7
05/29/2000,4755.7
05/30/2000,4755.7
05/31/2000,4755.7
06/01/2000,4773.6
06/02/2000,4773.6
06/03/2000,4773.6
06/04/2000,4773.6
06/05/2000,4773.6
06/06/2000,4773.6
06/07/2000,4773.6
06/08/2000,4773.6
06/09/2000,4773.6
06/10/2000,4773.6
06/11/2000,4773.6
06/12/2000,4773.6
06/13/2000,4773.6
06/14/2000,4773.6
06/15/2000,4773.6
06/16/2000,4773.6
06/17/2000,4773.6
06/18/2000,4773.6
06/19/2000,4773.6
06/20/2000,4773.6
06/21/2000,4773.6
06/22/2000,4773.6
06/23/2000,4773.6
06/24/2000,4773.6
06/25/2000,4773.6
06/26/2000,4773.6
06/27/2000,4773.6
06/28/2000,4773.6
06/29/2000,4773.6
06/30/2000,4773.6
07/01/2000,4791.3
07/02/2000,4791.3
07/03/2000,4791.3
07/04/2000,4791.3
07/05/2000,4791.3
07/06/2000,4791.3
07/07/2000,4791.3
07/08/2000,4791.3
07/09/2000,4791.3
07/10/2000,4791.3
07/11/2000,4791.3
07/12/2000,4791.3
07/13/2000,4791.3
07/14/2000,4791.3
07/15/2000,4791.3
07/16/2000,4791.3
07/17/2000,4791.3
07/18/2000,4791.3
07/19/2000,4791.3
07/20/2000,4791.3
07/21/2000,4791.3
07/22/2000,4791.3
07/23/2000,4791.3
07/24/2000,4791.3
07/25/2000,4791.3
07/26/2000,4791.3
07/27/2000,4791.3
07/28/2000,4791.3
07/29/2000,4791.3
07/30/2000,4791.3
07/31/2000,4791.3
08/01/2000,4819.5
08/02/2000,4819.5
08/03/2000,4819.5
08/04/2000,4819.5
08/05/2000,4819.5
08/06/2000,4819.5
08/07/2000,4819.5
08/08/2000,4819.5
08/09/2000,4819.5
08/10/2000,4819.5
08/11/2000,4819.5
08/12/2000,4819.5
08/13/2000,4819.5
08/14/2000,4819.5
08/15/2000,4819.5
08/16/2000,4819.5
08/17/2000,4819.5
08/18/2000,4819.5
08/19/2000,4819.5
08/20/2000,4819.5
08/21/2000,4819.5
08/22/2000,4819.5
08/23/2000,4819.5
08/24/2000,4819.5
08/25/2000,4819.5
08/26/2000,4819.5
08/27/2000,4819.5
08/28/2000,4819.5
08/29/2000,4819.5
08/30/2000,4819.5
08/31/2000,4819.5
09/01/2000,4855.2
09/02/2000,4855.2
09/03/2000,4855.2
09/04/2000,4855.2
09/05/2000,4855.2
09/06/2000,4855.2
09/07/2000,4855.2
09/08/2000,4855.2
09/09/2000,4855.2
09/10/2000,4855.2
09/11/2000,4855.2
09/12/2000,4855.2
09/13/2000,4855.2
09/14/2000,4855.2
09/15/2000,4855.2
09/16/2000,4855.2
09/17/2000,4855.2
09/18/2000,4855.2
09/19/2000,4855.2
09/20/2000,4855.2
09/21/2000,4855.2
09/22/2000,4855.2
09/23/2000,4855.2
09/24/2000,4855.2
09/25/2000,4855.2
09/26/2000,4855.2
09/27/2000,4855.2
09/28/2000,4855.2
09/29/2000,4855.2
09/30/2000,4855.2
10/01/2000,4871.3
10/02/2000,4871.3
10/03/2000,4871.3
10/04/2000,4871.3
10/05/2000,4871.3
10/06/2000,4871.3
10/07/2000,4871.3
10/08/2000,4871.3
10/09/2000,4871.3
10/10/2000,4871.3
10/11/2000,4871.3
10/12/2000,4871.3
10/13/2000,4871.3
10/14/2000,4871.3
10/15/2000,4871.3
10/16/2000,4871.3
10/17/2000,4871.3
10/18/2000,4871.3
10/19/2000,4871.3
10/20/2000,4871.3
10/21/2000,4871.3
10/22/2000,4871.3
10/23/2000,4871.3
10/24/2000,4871.3
10/25/2000,4871.3
10/26/2000,4871.3
10/27/2000,4871.3
10/28/2000,4871.3
10/29/2000,4871.3
10/30/2000,4871.3
10/31/2000,4871.3
11/01/2000,4882.7
11/02/2000,4882.7
11/03/2000,4882.7
11/04/2000,4882.7
11/05/2000,4882.7
11/06/2000,4882.7
11/07/2000,4882.7
11/08/2000,4882.7
11/09/2000,4882.7
11/10/2000,4882.7
11/11/2000,4882.7
11/12/2000,4882.7
11/13/2000,4882.7
11/14/2000,4882.7
11/15/2000,4882.7
11/16/2000,4882.7
11/17/2000,4882.7
11/18/2000,4882.7
11/19/2000,4882.7
11/20/2000,4882.7
11/21/2000,4882.7
11/22/2000,4882.7
11/23/2000,4882.7
11/24/2000,4882.7
11/25/2000,4882.7
11/26/2000,4882.7
11/27/2000,4882.7
11/28/2000,4882.7
11/29/2000,4882.7
11/30/2000,4882.7
12/01/2000,4927.6
12/02/2000,4927.6
12/03/2000,4927.6
12/04/2000,4927.6
12/05/2000,4927.6
12/06/2000,4927.6
12/07/2000,4927.6
12/08/2000,4927.6
12/09/2000,4927.6
12/10/2000,4927.6
12/11/2000,4927.6
12/12/2000,4927.6
12/13/2000,4927.6
12/14/2000,4927.6
12/15/2000,4927.6
12/16/2000,4927.6
12/17/2000,4927.6
12/18/2000,4927.6
12/19/2000,4927.6
12/20/2000,4927.6
12/21/2000,4927.6
12/22/2000,4927.6
12/23/2000,4927.6
12/24/2000,4927.6
12/25/2000,4927.6
12/26/2000,4927.6
12/27/2000,4927.6
12/28/2000,4927.6
12/29/2000,4927.6
12/30/2000,4927.6
12/31/2000,4927.6
01/01/2001,4978.3
01/02/2001,4978.3
01/03/2001,4978.3
01/04/2001,4978.3
01/05/2001,4978.3
01/06/2001,4978.3
01/07/2001,4978.3
01/08/2001,4978.3
01/09/2001,4978.3
01/10/2001,4978.3
01/11/2001,4978.3
01/12/2001,4978.3
01/13/2001,4978.3
01/14/2001,4978.3
01/15/2001,4978.3
01/16/2001,4978.3
01/17/2001,4978.3
01/18/2001,4978.3
01/19/2001,4978.3
01/20/2001,4978.3
01/21/2001,4978.3
01/22/2001,4978.3
01/23/2001,4978.3
01/24/2001,4978.3
01/25/2001,4978.3
01/26/2001,4978.3
01/27/2001,4978.3
01/28/2001,4978.3
01/29/2001,4978.3
01/30/2001,4978.3
01/31/2001,4978.3
02/01/2001,5017.0
02/02/2001,5017.0
02/03/2001,5017.0
02/04/2001,5017.0
02/05/2001,5017.0
02/06/2001,5017.0
02/07/2001,5017.0
02/08/2001,5017.0
02/09/2001,5017.0
02/10/2001,5017.0
02/11/2001,5017.0
02/12/2001,5017.0
02/13/2001,5017.0
02/14/2001,5017.0
02/15/2001,5017.0
02/16/2001,5017.0
02/17/2001,5017.0
02/18/2001,5017.0
02/19/2001,5017.0
02/20/2001,5017.0
02/21/2001,5017.0
02/22/2001,5017.0
02/23/2001,5017.0
02/24/2001,5017.0
02/25/2001,5017.0
02/26/2001,5017.0
02/27/2001,5017.0
02/28/2001,5017.0
03/01/2001,5074.8
03/02/2001,5074.8
03/03/2001,5074.8
03/04/2001,5074.8
03/05/2001,5074.8
03/06/2001,5074.8
03/07/2001,5074.8
03/08/2001,5074.8
03/09/2001,5074.8
03/10/2001,5074.8
03/11/2001,5074.8
03/12/2001,5074.8
03/13/2001,5074.8
03/14/2001,5074.8
03/15/2001,5074.8
03/16/2001,5074.8
03/17/2001,5074.8
03/18/2001,5074.8
03/19/2001,5074.8
03/20/2001,5074.8
03/21/2001,5074.8
03/22/2001,5074.8
03/23/2001,5074.8
03/24/2001,5074.8
03/25/2001,5074.8
03/26/2001,5074.8
03/27/2001,5074.8
03/28/2001,5074.8
03/29/2001,5074.8
03/30/2001,5074.8
03/31/2001,5074.8
04/01/2001,5139.1
04/02/2001,5139.1
04/03/2001,5139.1
04/04/2001,5139.1
04/05/2001,5139.1
04/06/2001,5139.1
04/07/2001,5139.1
04/08/2001,5139.1
04/09/2001,5139.1
04/10/2001,5139.1
04/11/2001,5139.1
04/12/2001,5139.1
04/13/2001,5139.1
04/14/2001,5139.1
04/15/2001,5139.1
04/16/2001,5139.1
04/17/2001,5139.1
04/18/2001,5139.1
04/19/2001,5139.1
04/20/2001,5139.1
04/21/2001,5139.1
04/22/2001,5139.1
04/23/2001,5139.1
04/24/2001,5139.1
04/25/2001,5139.1
04/26/2001,5139.1
04/27/2001,5139.1
04/28/2001,5139.1
04/29/2001,5139.1
04/30/2001,5139.1
05/01/2001,5137.2
05/02/2001,5137.2
05/03/2001,5137.2
05/04/2001,5137.2
05/05/2001,5137.2
05/06/2001,5137.2
05/07/2001,5137.2
05/08/2001,5137.2
05/09/2001,5137.2
05/10/2001,5137.2
05/11/2001,5137.2
05/12/2001,5137.2
05/13/2001,5137.2
05/14/2001,5137.2
05/15/2001,5137.2
05/16/2001,5137.2
05/17/2001,5137.2
05/18/2001,5137.2
05/19/2001,5137.2
05/20/2001,5137.2
05/21/2001,5137.2
05/22/2001,5137.2
05/23/2001,5137.2
05/24/2001,5137.2
05/25/2001,5137.2
05/26/2001,5137.2
05/27/2001,5137.2
05/28/2001,5137.2
05/29/2001,5137.2
05/30/2001,5137.2
05/31/2001,5137.2
06/01/2001,5180.1
06/02/2001,5180.1
06/03/2001,5180.1
06/04/2001,5180.1
06/05/2001,5180.1
06/06/2001,5180.1
06/07/2001,5180.1
06/08/2001,5180.1
06/09/2001,5180.1
06/10/2001,5180.1
06/11/2001,5180.1
06/12/2001,5180.1
06/13/2001,5180.1
06/14/2001,5180.1
06/15/2001,5180.1
06/16/2001,5180.1
06/17/2001,5180.1
06/18/2001,5180.1
06/19/2001,5180.1
06/20/2001,5180.1
06/21/2001,5180.1
06/22/2001,5180.1
06/23/2001,5180.1
06/24/2001,5180.1
06/25/2001,5180.1
06/26/2001,5180.1
06/27/2001,5180.1
06/28/2001,5180.1
06/29/2001,5180.1
06/30/2001,5180.1
07/01/2001,5210.0
07/02/2001,5210.0
07/03/2001,5210.0
07/04/2001,5210.0
07/05/2001,5210.0
07/06/2001,5210.0
07/07/2001,5210.0
07/08/2001,5210.0
07/09/2001,5210.0
07/10/2001,5210.0
07/11/2001,5210.0
07/12/2001,5210.0
07/13/2001,5210.0
07/14/2001,5210.0
07/15/2001,5210.0
07/16/2001,5210.0
07/17/2001,5210.0
07/18/2001,5210.0
07/19/2001,5210.0
07/20/2001,5210.0
07/21/2001,5210.0
07/22/2001,5210.0
07/23/2001,5210.0
07/24/2001,5210.0
07/25/2001,5210.0
07/26/2001,5210.0
07/27/2001,5210.0
07/28/2001,5210.0
07/29/2001,5210.0
07/30/2001,5210.0
07/31/2001,5210.0
08/01/2001,5243.8
08/02/2001,5243.8
08/03/2001,5243.8
08/04/2001,5243.8
08/05/2001,5243.8
08/06/2001,5243.8
08/07/2001,5243.8
08/08/2001,5243.8
08/09/2001,5243.8
08/10/2001,5243.8
08/11/2001,5243.8
08/12/2001,5243.8
08/13/2001,5243.8
08/14/2001,5243.8
08/15/2001,5243.8
08/16/2001,5243.8
08/17/2001,5243.8
08/18/2001,5243.8
08/19/2001,5243.8
08/20/2001,5243.8
08/21/2001,5243.8
08/22/2001,5243.8
08/23/2001,5243.8
08/24/2001,5243.8
08/25/2001,5243.8
08/26/2001,5243.8
08/27/2001,5243.8
08/28/2001,5243.8
08/29/2001,5243.8
08/30/2001,5243.8
08/31/2001,5243.8
09/01/2001,5355.1
09/02/2001,5355.1
09/03/2001,5355.1
09/04/2001,5355.1
09/05/2001,5355.1
09/06/2001,5355.1
09/07/2001,5355.1
09/08/2001,5355.1
09/09/2001,5355.1
09/10/2001,5355.1
09/11/2001,5355.1
09/12/2001,5355.1
09/13/2001,5355.1
09/14/2001,5355.1
09/15/2001,5355.1
09/16/2001,5355.1
09/17/2001,5355.1
09/18/2001,5355.1
09/19/2001,5355.1
09/20/2001,5355.1
09/21/2001,5355.1
09/22/2001,5355.1
09/23/2001,5355.1
09/24/2001,5355.1
09/25/2001,5355.1
09/26/2001,5355.1
09/27/2001,5355.1
09/28/2001,5355.1
09/29/2001,5355.1
09/30/2001,5355.1
10/01/2001,5343.8
10/02/2001,5343.8
10/03/2001,5343.8
10/04/2001,5343.8
10/05/2001,5343.8
10/06/2001,5343.8
10/07/2001,5343.8
10/08/2001,5343.8
10/09/2001,5343.8
10/10/2001,5343.8
10/11/2001,5343.8
10/12/2001,5343.8
10/13/2001,5343.8
10/14/2001,5343.8
10/15/2001,5343.8
10/16/2001,5343.8
10/17/2001,5343.8
10/18/2001,5343.8
10/19/2001,5343.8
10/20/2001,5343.8
10/21/2001,5343.8
10/22/2001,5343.8
10/23/2001,5343.8
10/24/2001,5343.8
10/25/2001,5343.8
10/26/2001,5343.8
10/27/2001,5343.8
10/28/2001,5343.8
10/29/2001,5343.8
10/30/2001,5343.8
10/31/2001,5343.8
11/01/2001,5387.5
11/02/2001,5387.5
11/03/2001,5387.5
11/04/2001,5387.5
11/05/2001,5387.5
11/06/2001,5387.5
11/07/2001,5387.5
11/08/2001,5387.5
11/09/2001,5387.5
11/10/2001,5387.5
11/11/2001,5387.5
11/12/2001,5387.5
11/13/2001,5387.5
11/14/2001,5387.5
11/15/2001,5387.5
11/16/2001,5387.5
11/17/2001,5387.5
11/18/2001,5387.5
11/19/2001,5387.5
11/20/2001,5387.5
11/21/2001,5387.5
11/22/2001,5387.5
11/23/2001,5387.5
11/24/2001,5387.5
11/25/2001,5387.5
11/26/2001,5387.5
11/27/2001,5387.5
11/28/2001,5387.5
11/29/2001,5387.5
11/30/2001,5387.5
12/01/2001,5440.5
12/02/2001,5440.5
12/03/2001,5440.5
12/04/2001,5440.5
12/05/2001,5440.5
12/06/2001,5440.5
12/07/2001,5440.5
12/08/2001,5440.5
12/09/2001,5440.5
12/10/2001,5440.5
12/11/2001,5440.5
12/12/2001,5440.5
12/13/2001,5440.5
12/14/2001,5440.5
12/15/2001,5440.5
12/16/2001,5440.5
12/17/2001,5440.5
12/18/2001,5440.5
12/19/2001,5440.5
12/20/2001,5440.5
12/21/2001,5440.5
12/22/2001,5440.5
12/23/2001,5440.5
12/24/2001,5440.5
12/25/2001,5440.5
12/26/2001,5440.5
12/27/2001,5440.5
12/28/2001,5440.5
12/29/2001,5440.5
12/30/2001,5440.5
12/31/2001,5440.5
01/01/2002,5460.9
01/02/2002,5460.9
01/03/2002,5460.9
01/04/2002,5460.9
01/05/2002,5460.9
01/06/2002,5460.9
01/07/2002,5460.9
01/08/2002,5460.9
01/09/2002,5460.9
01/10/2002,5460.9
01/11/2002,5460.9
01/12/2002,5460.9
01/13/2002,5460.9
01/14/2002,5460.9
01/15/2002,5460.9
01/16/2002,5460.9
01/17/2002,5460.9
01/18/2002,5460.9
01/19/2002,5460.9
01/20/2002,5460.9
01/21/2002,5460.9
01/22/2002,5460.9
01/23/2002,5460.9
01/24/2002,5460.9
01/25/2002,5460.9
01/26/2002,5460.9
01/27/2002,5460.9
01/28/2002,5460.9
01/29/2002,5460.9
01/30/2002,5460.9
01/31/2002,5460.9
02/01/2002,5490.2
02/02/2002,5490.2
02/03/2002,5490.2
02/04/2002,5490.2
02/05/2002,5490.2
02/06/2002,5490.2
02/07/2002,5490.2
02/08/2002,5490.2
02/09/2002,5490.2
02/10/2002,5490.2
02/11/2002,5490.2
02/12/2002,5490.2
02/13/2002,5490.2
02/14/2002,5490.2
02/15/2002,5490.2
02/16/2002,5490.2
02/17/2002,5490.2
02/18/2002,5490.2
02/19/2002,5490.2
02/20/2002,5490.2
02/21/2002,5490.2
02/22/2002,5490.2
02/23/2002,5490.2
02/24/2002,5490.2
02/25/2002,5490.2
02/26/2002,5490.2
02/27/2002,5490.2
02/28/2002,5490.2
03/01/2002,5502.0
03/02/2002,5502.0
03/03/2002,5502.0
03/04/2002,5502.0
03/05/2002,5502.0
03/06/2002,5502.0
03/07/2002,5502.0
03/08/2002,5502.0
03/09/2002,5502.0
03/10/2002,5502.0
03/11/2002,5502.0
03/12/2002,5502.0
03/13/2002,5502.0
03/14/2002,5502.0
03/15/2002,5502.0
03/16/2002,5502.0
03/17/2002,5502.0
03/18/2002,5502.0
03/19/2002,5502.0
03/20/2002,5502.0
03/21/2002,5502.0
03/22/2002,5502.0
03/23/2002,5502.0
03/24/2002,5502.0
03/25/2002,5502.0
03/26/2002,5502.0
03/27/2002,5502.0
03/28/2002,5502.0
03/29/2002,5502.0
03/30/2002,5502.0
03/31/2002,5502.0
04/01/2002,5502.1
04/02/2002,5502.1
04/03/2002,5502.1
04/04/2002,5502.1
04/05/2002,5502.1
04/06/2002,5502.1
04/07/2002,5502.1
04/08/2002,5502.1
04/09/2002,5502.1
04/10/2002,5502.1
04/11/2002,5502.1
04/12/2002,5502.1
04/13/2002,5502.1
04/14/2002,5502.1
04/15/2002,5502.1
04/16/2002,5502.1
04/17/2002,5502.1
04/18/2002,5502.1
04/19/2002,5502.1
04/20/2002,5502.1
04/21/2002,5502.1
04/22/2002,5502.1
04/23/2002,5502.1
04/24/2002,5502.1
04/25/2002,5502.1
04/26/2002,5502.1
04/27/2002,5502.1
04/28/2002,5502.1
04/29/2002,5502.1
04/30/2002,5502.1
05/01/2002,5528.3
05/02/2002,5528.3
05/03/2002,5528.3
05/04/2002,5528.3
05/05/2002,5528.3
05/06/2002,5528.3
05/07/2002,5528.3
05/08/2002,5528.3
05/09/2002,5528.3
05/10/2002,5528.3
05/11/2002,5528.3
05/12/2002,5528.3
05/13/2002,5528.3
05/14/2002,5528.3
05/15/2002,5528.3
05/16/2002,5528.3
05/17/2002,5528.3
05/18/2002,5528.3
05/19/2002,5528.3
05/20/2002,5528.3
05/21/2002,5528.3
05/22/2002,5528.3
05/23/2002,5528.3
05/24/2002,5528.3
05/25/2002,5528.3
05/26/2002,5528.3
05/27/2002,5528.3
05/28/2002,5528.3
05/29/2002,5528.3
05/30/2002,5528.3
05/31/2002,5528.3
06/01/2002,5553.3
06/02/2002,5553.3
06/03/2002,5553.3
06/04/2002,5553.3
06/05/2002,5553.3
06/06/2002,5553.3
06/07/2002,5553.3
06/08/2002,5553.3
06/09/2002,5553.3
06/10/2002,5553.3
06/11/2002,5553.3
06/12/2002,5553.3
06/13/2002,5553.3
06/14/2002,5553.3
06/15/2002,5553.3
06/16/2002,5553.3
06/17/2002,5553.3
06/18/2002,5553.3
06/19/2002,5553.3
06/20/2002,5553.3
06/21/2002,5553.3
06/22/2002,5553.3
06/23/2002,5553.3
06/24/2002,5553.3
06/25/2002,5553.3
06/26/2002,5553.3
06/27/2002,5553.3
06/28/2002,5553.3
06/29/2002,5553.3
06/30/2002,5553.3
07/01/2002,5596.0
07/02/2002,5596.0
07/03/2002,5596.0
07/04/2002,5596.0
07/05/2002,5596.0
07/06/2002,5596.0
07/07/2002,5596.0
07/08/2002,5596.0
07/09/2002,5596.0
07/10/2002,5596.0
07/11/2002,5596.0
07/12/2002,5596.0
07/13/2002,5596.0
07/14/2002,5596.0
07/15/2002,5596.0
07/16/2002,5596.0
07/17/2002,5596.0
07/18/2002,5596.0
07/19/2002,5596.0
07/20/2002,5596.0
07/21/2002,5596.0
07/22/2002,5596.0
07/23/2002,5596.0
07/24/2002,5596.0
07/25/2002,5596.0
07/26/2002,5596.0
07/27/2002,5596.0
07/28/2002,5596.0
07/29/2002,5596.0
07/30/2002,5596.0
07/31/2002,5596.0
08/01/2002,5638.3
08/02/2002,5638.3
08/03/2002,5638.3
08/04/2002,5638.3
08/05/2002,5638.3
08/06/2002,5638.3
08/07/2002,5638.3
08/08/2002,5638.3
08/09/2002,5638.3
08/10/2002,5638.3
08/11/2002,5638.3
08/12/2002,5638.3
08/13/2002,5638.3
08/14/2002,5638.3
08/15/2002,5638.3
08/16/2002,5638.3
08/17/2002,5638.3
08/18/2002,5638.3
08/19/2002,5638.3
08/20/2002,5638.3
08/21/2002,5638.3
08/22/2002,5638.3
08/23/2002,5638.3
08/24/2002,5638.3
08/25/2002,5638.3
08/26/2002,5638.3
08/27/2002,5638.3
08/28/2002,5638.3
08/29/2002,5638.3
08/30/2002,5638.3
08/31/2002,5638.3
09/01/2002,5662.3
09/02/2002,5662.3
09/03/2002,5662.3
09/04/2002,5662.3
09/05/2002,5662.3
09/06/2002,5662.3
09/07/2002,5662.3
09/08/2002,5662.3
09/09/2002,5662.3
09/10/2002,5662.3
09/11/2002,5662.3
09/12/2002,5662.3
09/13/2002,5662.3
09/14/2002,5662.3
09/15/2002,5662.3
09/16/2002,5662.3
09/17/2002,5662.3
09/18/2002,5662.3
09/19/2002,5662.3
09/20/2002,5662.3
09/21/2002,5662.3
09/22/2002,5662.3
09/23/2002,5662.3
09/24/2002,5662.3
09/25/2002,5662.3
09/26/2002,5662.3
09/27/2002,5662.3
09/28/2002,5662.3
09/29/2002,5662.3
09/30/2002,5662.3
10/01/2002,5707.1
10/02/2002,5707.1
10/03/2002,5707.1
10/04/2002,5707.1
10/05/2002,5707.1
10/06/2002,5707.1
10/07/2002,5707.1
10/08/2002,5707.1
10/09/2002,5707.1
10/10/2002,5707.1
10/11/2002,5707.1
10/12/2002,5707.1
10/13/2002,5707.1
10/14/2002,5707.1
10/15/2002,5707.1
10/16/2002,5707.1
10/17/2002,5707.1
10/18/2002,5707.1
10/19/2002,5707.1
10/20/2002,5707.1
10/21/2002,5707.1
10/22/2002,5707.1
10/23/2002,5707.1
10/24/2002,5707.1
10/25/2002,5707.1
10/26/2002,5707.1
10/27/2002,5707.1
10/28/2002,5707.1
10/29/2002,5707.1
10/30/2002,5707.1
10/31/2002,5707.1
11/01/2002,5758.1
11/02/2002,5758.1
11/03/2002,5758.1
11/04/2002,5758.1
11/05/2002,5758.1
11/06/2002,5758.1
11/07/2002,5758.1
11/08/2002,5758.1
11/09/2002,5758.1
11/10/2002,5758.1
11/11/2002,5758.1
11/12/2002,5758.1
11/13/2002,5758.1
11/14/2002,5758.1
11/15/2002,5758.1
11/16/2002,5758.1
11/17/2002,5758.1
11/18/2002,5758.1
11/19/2002,5758.1
11/20/2002,5758.1
11/21/2002,5758.1
11/22/2002,5758.1
11/23/2002,5758.1
11/24/2002,5758.1
11/25/2002,5758.1
11/26/2002,5758.1
11/27/2002,5758.1
11/28/2002,5758.1
11/29/2002,5758.1
11/30/2002,5758.1
12/01/2002,5779.4
12/02/2002,5779.4
12/03/2002,5779.4
12/04/2002,5779.4
12/05/2002,5779.4
12/06/2002,5779.4
12/07/2002,5779.4
12/08/2002,5779.4
12/09/2002,5779.4
12/10/2002,5779.4
12/11/2002,5779.4
12/12/2002,5779.4
12/13/2002,5779.4
12/14/2002,5779.4
12/15/2002,5779.4
12/16/2002,5779.4
12/17/2002,5779.4
12/18/2002,5779.4
12/19/2002,5779.4
12/20/2002,5779.4
12/21/2002,5779.4
12/22/2002,5779.4
12/23/2002,5779.4
12/24/2002,5779.4
12/25/2002,5779.4
12/26/2002,5779.4
12/27/2002,5779.4
12/28/2002,5779.4
12/29/2002,5779.4
12/30/2002,5779.4
12/31/2002,5779.4
01/01/2003,5812.1
01/02/2003,5812.1
01/03/2003,5812.1
01/04/2003,5812.1
01/05/2003,5812.1
01/06/2003,5812.1
01/07/2003,5812.1
01/08/2003,5812.1
01/09/2003,5812.1
01/10/2003,5812.1
01/11/2003,5812.1
01/12/2003,5812.1
01/13/2003,5812.1
01/14/2003,5812.1
01/15/2003,5812.1
01/16/2003,5812.1
01/17/2003,5812.1
01/18/2003,5812.1
01/19/2003,5812.1
01/20/2003,5812.1
01/21/2003,5812.1
01/22/2003,5812.1
01/23/2003,5812.1
01/24/2003,5812.1
01/25/2003,5812.1
01/26/2003,5812.1
01/27/2003,5812.1
01/28/2003,5812.1
01/29/2003,5812.1
01/30/2003,5812.1
01/31/2003,5812.1
02/01/2003,5848.2
02/02/2003,5848.2
02/03/2003,5848.2
02/04/2003,5848.2
02/05/2003,5848.2
02/06/2003,5848.2
02/07/2003,5848.2
02/08/2003,5848.2
02/09/2003,5848.2
02/10/2003,5848.2
02/11/2003,5848.2
02/12/2003,5848.2
02/13/2003,5848.2
02/14/2003,5848.2
02/15/2003,5848.2
02/16/2003,5848.2
02/17/2003,5848.2
02/18/2003,5848.2
02/19/2003,5848.2
02/20/2003,5848.2
02/21/2003,5848.2
02/22/2003,5848.2
02/23/2003,5848.2
02/24/2003,5848.2
02/25/2003,5848.2
02/26/2003,5848.2
02/27/2003,5848.2
02/28/2003,5848.2
03/01/2003,5868.4
03/02/2003,5868.4
03/03/2003,5868.4
03/04/2003,5868.4
03/05/2003,5868.4
03/06/2003,5868.4
03/07/2003,5868.4
03/08/2003,5868.4
03/09/2003,5868.4
03/10/2003,5868.4
03/11/2003,5868.4
03/12/2003,5868.4
03/13/2003,5868.4
03/14/2003,5868.4
03/15/2003,5868.4
03/16/2003,5868.4
03/17/2003,5868.4
03/18/2003,5868.4
03/19/2003,5868.4
03/20/2003,5868.4
03/21/2003,5868.4
03/22/2003,5868.4
03/23/2003,5868.4
03/24/2003,5868.4
03/25/2003,5868.4
03/26/2003,5868.4
03/27/2003,5868.4
03/28/2003,5868.4
03/29/2003,5868.4
03/30/2003,5868.4
03/31/2003,5868.4
04/01/2003,5905.5
04/02/2003,5905.5
04/03/2003,5905.5
04/04/2003,5905.5
04/05/2003,5905.5
04/06/2003,5905.5
04/07/2003,5905.5
04/08/2003,5905.5
04/09/2003,5905.5
04/10/2003,5905.5
04/11/2003,5905.5
04/12/2003,5905.5
04/13/2003,5905.5
04/14/2003,5905.5
04/15/2003,5905.5
04/16/2003,5905.5
04/17/2003,5905.5
04/18/2003,5905.5
04/19/2003,5905.5
04/20/2003,5905.5
04/21/2003,5905.5
04/22/2003,5905.5
04/23/2003,5905.5
04/24/2003,5905.5
04/25/2003,5905.5
04/26/2003,5905.5
04/27/2003,5905.5
04/28/2003,5905.5
04/29/2003,5905.5
04/30/2003,5905.5
05/01/2003,5965.3
05/02/2003,5965.3
05/03/2003,5965.3
05/04/2003,5965.3
05/05/2003,5965.3
05/06/2003,5965.3
05/07/2003,5965.3
05/08/2003,5965.3
05/09/2003,5965.3
05/10/2003,5965.3
05/11/2003,5965.3
05/12/2003,5965.3
05/13/2003,5965.3
05/14/2003,5965.3
05/15/2003,5965.3
05/16/2003,5965.3
05/17/2003,5965.3
05/18/2003,5965.3
05/19/2003,5965.3
05/20/2003,5965.3
05/21/2003,5965.3
05/22/2003,5965.3
05/23/2003,5965.3
05/24/2003,5965.3
05/25/2003,5965.3
05/26/2003,5965.3
05/27/2003,5965.3
05/28/2003,5965.3
05/29/2003,5965.3
05/30/2003,5965.3
05/31/2003,5965.3
06/01/2003,6002.2
06/02/2003,6002.2
06/03/2003,6002.2
06/04/2003,6002.2
06/05/2003,6002.2
06/06/2003,6002.2
06/07/2003,6002.2
06/08/2003,6002.2
06/09/2003,6002.2
06/10/2003,6002.2
06/11/2003,6002.2
06/12/2003,6002.2
06/13/2003,6002.2
06/14/2003,6002.2
06/15/2003,6002.2
06/16/2003,6002.2
06/17/2003,6002.2
06/18/2003,6002.2
06/19/2003,6002.2
06/20/2003,6002.2
06/21/2003,6002.2
06/22/2003,6002.2
06/23/2003,6002.2
06/24/2003,6002.2
06/25/2003,6002.2
06/26/2003,6002.2
06/27/2003,6002.2
06/28/2003,6002.2
06/29/2003,6002.2
06/30/2003,6002.2
07/01/2003,6049.1
07/02/2003,6049.1
07/03/2003,6049.1
07/04/2003,6049.1
07/05/2003,6049.1
07/06/2003,6049.1
07/07/2003,6049.1
07/08/2003,6049.1
07/09/2003,6049.1
07/10/2003,6049.1
07/11/2003,6049.1
07/12/2003,6049.1
07/13/2003,6049.1
07/14/2003,6049.1
07/15/2003,6049.1
07/16/2003,6049.1
07/17/2003,6049.1
07/18/2003,6049.1
07/19/2003,6049.1
07/20/2003,6049.1
07/21/2003,6049.1
07/22/2003,6049.1
07/23/2003,6049.1
07/24/2003,6049.1
07/25/2003,6049.1
07/26/2003,6049.1
07/27/2003,6049.1
07/28/2003,6049.1
07/29/2003,6049.1
07/30/2003,6049.1
07/31/2003,6049.1
08/01/2003,6107.1
08/02/2003,6107.1
08/03/2003,6107.1
08/04/2003,6107.1
08/05/2003,6107.1
08/06/2003,6107.1
08/07/2003,6107.1
08/08/2003,6107.1
08/09/2003,6107.1
08/10/2003,6107.1
08/11/2003,6107.1
08/12/2003,6107.1
08/13/2003,6107.1
08/14/2003,6107.1
08/15/2003,6107.1
08/16/2003,6107.1
08/17/2003,6107.1
08/18/2003,6107.1
08/19/2003,6107.1
08/20/2003,6107.1
08/21/2003,6107.1
08/22/2003,6107.1
08/23/2003,6107.1
08/24/2003,6107.1
08/25/2003,6107.1
08/26/2003,6107.1
08/27/2003,6107.1
08/28/2003,6107.1
08/29/2003,6107.1
08/30/2003,6107.1
08/31/2003,6107.1
09/01/2003,6079.7
09/02/2003,6079.7
09/03/2003,6079.7
09/04/2003,6079.7
09/05/2003,6079.7
09/06/2003,6079.7
09/07/2003,6079.7
09/08/2003,6079.7
09/09/2003,6079.7
09/10/2003,6079.7
09/11/2003,6079.7
09/12/2003,6079.7
09/13/2003,6079.7
09/14/2003,6079.7
09/15/2003,6079.7
09/16/2003,6079.7
09/17/2003,6079.7
09/18/2003,6079.7
09/19/2003,6079.7
09/20/2003,6079.7
09/21/2003,6079.7
09/22/2003,6079.7
09/23/2003,6079.7
09/24/2003,6079.7
09/25/2003,6079.7
09/26/2003,6079.7
09/27/2003,6079.7
09/28/2003,6079.7
09/29/2003,6079.7
09/30/2003,6079.7
10/01/2003,6070.0
10/02/2003,6070.0
10/03/2003,6070.0
10/04/2003,6070.0
10/05/2003,6070.0
10/06/2003,6070.0
10/07/2003,6070.0
10/08/2003,6070.0
10/09/2003,6070.0
10/10/2003,6070.0
10/11/2003,6070.0
10/12/2003,6070.0
10/13/2003,6070.0
10/14/2003,6070.0
10/15/2003,6070.0
10/16/2003,6070.0
10/17/2003,6070.0
10/18/2003,6070.0
10/19/2003,6070.0
10/20/2003,6070.0
10/21/2003,6070.0
10/22/2003,6070.0
10/23/2003,6070.0
10/24/2003,6070.0
10/25/2003,6070.0
10/26/2003,6070.0
10/27/2003,6070.0
10/28/2003,6070.0
10/29/2003,6070.0
10/30/2003,6070.0
10/31/2003,6070.0
11/01/2003,6075.5
11/02/2003,6075.5
11/03/2003,6075.5
11/04/2003,6075.5
11/05/2003,6075.5
11/06/2003,6075.5
11/07/2003,6075.5
11/08/2003,6075.5
11/09/2003,6075.5
11/10/2003,6075.5
11/11/2003,6075.5
11/12/2003,6075.5
11/13/2003,6075.5
11/14/2003,6075.5
11/15/2003,6075.5
11/16/2003,6075.5
11/17/2003,6075.5
11/18/2003,6075.5
11/19/2003,6075.5
11/20/2003,6075.5
11/21/2003,6075.5
11/22/2003,6075.5
11/23/2003,6075.5
11/24/2003,6075.5
11/25/2003,6075.5
11/26/2003,6075.5
11/27/2003,6075.5
11/28/2003,6075.5
11/29/2003,6075.5
11/30/2003,6075.5
12/01/2003,6073.8
12/02/2003,6073.8
12/03/2003,6073.8
12/04/2003,6073.8
12/05/2003,6073.8
12/06/2003,6073.8
12/07/2003,6073.8
12/08/2003,6073.8
12/09/2003,6073.8
12/10/2003,6073.8
12/11/2003,6073.8
12/12/2003,6073.8
12/13/2003,6073.8
12/14/2003,6073.8
12/15/2003,6073.8
12/16/2003,6073.8
12/17/2003,6073.8
12/18/2003,6073.8
12/19/2003,6073.8
12/20/2003,6073.8
12/21/2003,6073.8
12/22/2003,6073.8
12/23/2003,6073.8
12/24/2003,6073.8
12/25/2003,6073.8
12/26/2003,6073.8
12/27/2003,6073.8
12/28/2003,6073.8
12/29/2003,6073.8
12/30/2003,6073.8
12/31/2003,6073.8
01/01/2004,6082.1
01/02/2004,6082.1
01/03/2004,6082.1
01/04/2004,6082.1
01/05/2004,6082.1
01/06/2004,6082.1
01/07/2004,6082.1
01/08/2004,6082.1
01/09/2004,6082.1
01/10/2004,6082.1
01/11/2004,6082.1
01/12/2004,6082.1
01/13/2004,6082.1
01/14/2004,6082.1
01/15/2004,6082.1
01/16/2004,6082.1
01/17/2004,6082.1
01/18/2004,6082.1
01/19/2004,6082.1
01/20/2004,6082.1
01/21/2004,6082.1
01/22/2004,6082.1
01/23/2004,6082.1
01/24/2004,6082.1
01/25/2004,6082.1
01/26/2004,6082.1
01/27/2004,6082.1
01/28/2004,6082.1
01/29/2004,6082.1
01/30/2004,6082.1
01/31/2004,6082.1
02/01/2004,6121.8
02/02/2004,6121.8
02/03/2004,6121.8
02/04/2004,6121.8
02/05/2004,6121.8
02/06/2004,6121.8
02/07/2004,6121.8
02/08/2004,6121.8
02/09/2004,6121.8
02/10/2004,6121.8
02/11/2004,6121.8
02/12/2004,6121.8
02/13/2004,6121.8
02/14/2004,6121.8
02/15/2004,6121.8
02/16/2004,6121.8
02/17/2004,6121.8
02/18/2004,6121.8
02/19/2004,6121.8
02/20/2004,6121.8
02/21/2004,6121.8
02/22/2004,6121.8
02/23/2004,6121.8
02/24/2004,6121.8
02/25/2004,6121.8
02/26/2004,6121.8
02/27/2004,6121.8
02/28/2004,6121.8
02/29/2004,6121.8
03/01/2004,6157.9
03/02/2004,6157.9
03/03/2004,6157.9
03/04/2004,6157.9
03/05/2004,6157.9
03/06/2004,6157.9
03/07/2004,6157.9
03/08/2004,6157.9
03/09/2004,6157.9
03/10/2004,6157.9
03/11/2004,6157.9
03/12/2004,6157.9
03/13/2004,6157.9
03/14/2004,6157.9
03/15/2004,6157.9
03/16/2004,6157.9
03/17/2004,6157.9
03/18/2004,6157.9
03/19/2004,6157.9
03/20/2004,6157.9
03/21/2004,6157.9
03/22/2004,6157.9
03/23/2004,6157.9
03/24/2004,6157.9
03/25/2004,6157.9
03/26/2004,6157.9
03/27/2004,6157.9
03/28/2004,6157.9
03/29/2004,6157.9
03/30/2004,6157.9
03/31/2004,6157.9
04/01/2004,6198.9
04/02/2004,6198.9
04/03/2004,6198.9
04/04/2004,6198.9
04/05/2004,6198.9
04/06/2004,6198.9
04/07/2004,6198.9
04/08/2004,6198.9
04/09/2004,6198.9
04/10/2004,6198.9
04/11/2004,6198.9
04/12/2004,6198.9
04/13/2004,6198.9
04/14/2004,6198.9
04/15/2004,6198.9
04/16/2004,6198.9
04/17/2004,6198.9
04/18/2004,6198.9
04/19/2004,6198.9
04/20/2004,6198.9
04/21/2004,6198.9
04/22/2004,6198.9
04/23/2004,6198.9
04/24/2004,6198.9
04/25/2004,6198.9
04/26/2004,6198.9
04/27/2004,6198.9
04/28/2004,6198.9
04/29/2004,6198.9
04/30/2004,6198.9
05/01/2004,6275.7
05/02/2004,6275.7
05/03/2004,6275.7
05/04/2004,6275.7
05/05/2004,6275.7
05/06/2004,6275.7
05/07/2004,6275.7
05/08/2004,6275.7
05/09/2004,6275.7
05/10/2004,6275.7
05/11/2004,6275.7
05/12/2004,6275.7
05/13/2004,6275.7
05/14/2004,6275.7
05/15/2004,6275.7
05/16/2004,6275.7
05/17/2004,6275.7
05/18/2004,6275.7
05/19/2004,6275.7
05/20/2004,6275.7
05/21/2004,6275.7
05/22/2004,6275.7
05/23/2004,6275.7
05/24/2004,6275.7
05/25/2004,6275.7
05/26/2004,6275.7
05/27/2004,6275.7
05/28/2004,6275.7
05/29/2004,6275.7
05/30/2004,6275.7
05/31/2004,6275.7
06/01/2004,6277.9
06/02/2004,6277.9
06/03/2004,6277.9
06/04/2004,6277.9
06/05/2004,6277.9
06/06/2004,6277.9
06/07/2004,6277.9
06/08/2004,6277.9
06/09/2004,6277.9
06/10/2004,6277.9
06/11/2004,6277.9
06/12/2004,6277.9
06/13/2004,6277.9
06/14/2004,6277.9
06/15/2004,6277.9
06/16/2004,6277.9
06/17/2004,6277.9
06/18/2004,6277.9
06/19/2004,6277.9
06/20/2004,6277.9
06/21/2004,6277.9
06/22/2004,6277.9
06/23/2004,6277.9
06/24/2004,6277.9
06/25/2004,6277.9
06/26/2004,6277.9
06/27/2004,6277.9
06/28/2004,6277.9
06/29/2004,6277.9
06/30/2004,6277.9
07/01/2004,6291.1
07/02/2004,6291.1
07/03/2004,6291.1
07/04/2004,6291.1
07/05/2004,6291.1
07/06/2004,6291.1
07/07/2004,6291.1
07/08/2004,6291.1
07/09/2004,6291.1
07/10/2004,6291.1
07/11/2004,6291.1
07/12/2004,6291.1
07/13/2004,6291.1
07/14/2004,6291.1
07/15/2004,6291.1
07/16/2004,6291.1
07/17/2004,6291.1
07/18/2004,6291.1
07/19/2004,6291.1
07/20/2004,6291.1
07/21/2004,6291.1
07/22/2004,6291.1
07/23/2004,6291.1
07/24/2004,6291.1
07/25/2004,6291.1
07/26/2004,6291.1
07/27/2004,6291.1
07/28/2004,6291.1
07/29/2004,6291.1
07/30/2004,6291.1
07/31/2004,6291.1
08/01/2004,6317.8
08/02/2004,6317.8
08/03/2004,6317.8
08/04/2004,6317.8
08/05/2004,6317.8
08/06/2004,6317.8
08/07/2004,6317.8
08/08/2004,6317.8
08/09/2004,6317.8
08/10/2004,6317.8
08/11/2004,6317.8
08/12/2004,6317.8
08/13/2004,6317.8
08/14/2004,6317.8
08/15/2004,6317.8
08/16/2004,6317.8
08/17/2004,6317.8
08/18/2004,6317.8
08/19/2004,6317.8
08/20/2004,6317.8
08/21/2004,6317.8
08/22/2004,6317.8
08/23/2004,6317.8
08/24/2004,6317.8
08/25/2004,6317.8
08/26/2004,6317.8
08/27/2004,6317.8
08/28/2004,6317.8
08/29/2004,6317.8
08/30/2004,6317.8
08/31/2004,6317.8
09/01/2004,6352.2
09/02/2004,6352.2
09/03/2004,6352.2
09/04/2004,6352.2
09/05/2004,6352.2
09/06/2004,6352.2
09/07/2004,6352.2
09/08/2004,6352.2
09/09/2004,6352.2
09/10/2004,6352.2
09/11/2004,6352.2
09/12/2004,6352.2
09/13/2004,6352.2
09/14/2004,6352.2
09/15/2004,6352.2
09/16/2004,6352.2
09/17/2004,6352.2
09/18/2004,6352.2
09/19/2004,6352.2
09/20/2004,6352.2
09/21/2004,6352.2
09/22/2004,6352.2
09/23/2004,6352.2
09/24/2004,6352.2
09/25/2004,6352.2
09/26/2004,6352.2
09/27/2004,6352.2
09/28/2004,6352.2
09/29/2004,6352.2
09/30/2004,6352.2
10/01/2004,6379.8
10/02/2004,6379.8
10/03/2004,6379.8
10/04/2004,6379.8
10/05/2004,6379.8
10/06/2004,6379.8
10/07/2004,6379.8
10/08/2004,6379.8
10/09/2004,6379.8
10/10/2004,6379.8
10/11/2004,6379.8
10/12/2004,6379.8
10/13/2004,6379.8
10/14/2004,6379.8
10/15/2004,6379.8
10/16/2004,6379.8
10/17/2004,6379.8
10/18/2004,6379.8
10/19/2004,6379.8
10/20/2004,6379.8
10/21/2004,6379.8
10/22/2004,6379.8
10/23/2004,6379.8
10/24/2004,6379.8
10/25/2004,6379.8
10/26/2004,6379.8
10/27/2004,6379.8
10/28/2004,6379.8
10/29/2004,6379.8
10/30/2004,6379.8
10/31/2004,6379.8
11/01/2004,6406.3
11/02/2004,6406.3
11/03/2004,6406.3
11/04/2004,6406.3
11/05/2004,6406.3
11/06/2004,6406.3
11/07/2004,6406.3
11/08/2004,6406.3
11/09/2004,6406.3
11/10/2004,6406.3
11/11/2004,6406.3
11/12/2004,6406.3
11/13/2004,6406.3
11/14/2004,6406.3
11/15/2004,6406.3
11/16/2004,6406.3
11/17/2004,6406.3
11/18/2004,6406.3
11/19/2004,6406.3
11/20/2004,6406.3
11/21/2004,6406.3
11/22/2004,6406.3
11/23/2004,6406.3
11/24/2004,6406.3
11/25/2004,6406.3
11/26/2004,6406.3
11/27/2004,6406.3
11/28/2004,6406.3
11/29/2004,6406.3
11/30/2004,6406.3
12/01/2004,6424.5
12/02/2004,6424.5
12/03/2004,6424.5
12/04/2004,6424.5
12/05/2004,6424.5
12/06/2004,6424.5
12/07/2004,6424.5
12/08/2004,6424.5
12/09/2004,6424.5
12/10/2004,6424.5
12/11/2004,6424.5
12/12/2004,6424.5
12/13/2004,6424.5
12/14/2004,6424.5
12/15/2004,6424.5
12/16/2004,6424.5
12/17/2004,6424.5
12/18/2004,6424.5
12/19/2004,6424.5
12/20/2004,6424.5
12/21/2004,6424.5
12/22/2004,6424.5
12/23/2004,6424.5
12/24/2004,6424.5
12/25/2004,6424.5
12/26/2004,6424.5
12/27/2004,6424.5
12/28/2004,6424.5
12/29/2004,6424.5
12/30/2004,6424.5
12/31/2004,6424.5
01/01/2005,6430.8
01/02/2005,6430.8
01/03/2005,6430.8
01/04/2005,6430.8
01/05/2005,6430.8
01/06/2005,6430.8
01/07/2005,6430.8
01/08/2005,6430.8
01/09/2005,6430.8
01/10/2005,6430.8
01/11/2005,6430.8
01/12/2005,6430.8
01/13/2005,6430.8
01/14/2005,6430.8
01/15/2005,6430.8
01/16/2005,6430.8
01/17/2005,6430.8
01/18/2005,6430.8
01/19/2005,6430.8
01/20/2005,6430.8
01/21/2005,6430.8
01/22/2005,6430.8
01/23/2005,6430.8
01/24/2005,6430.8
01/25/2005,6430.8
01/26/2005,6430.8
01/27/2005,6430.8
01/28/2005,6430.8
01/29/2005,6430.8
01/30/2005,6430.8
01/31/2005,6430.8
02/01/2005,6438.9
02/02/2005,6438.9
02/03/2005,6438.9
02/04/2005,6438.9
02/05/2005,6438.9
02/06/2005,6438.9
02/07/2005,6438.9
02/08/2005,6438.9
02/09/2005,6438.9
02/10/2005,6438.9
02/11/2005,6438.9
02/12/2005,6438.9
02/13/2005,6438.9
02/14/2005,6438.9
02/15/2005,6438.9
02/16/2005,6438.9
02/17/2005,6438.9
02/18/2005,6438.9
02/19/2005,6438.9
02/20/2005,6438.9
02/21/2005,6438.9
02/22/2005,6438.9
02/23/2005,6438.9
02/24/2005,6438.9
02/25/2005,6438.9
02/26/2005,6438.9
02/27/2005,6438.9
02/28/2005,6438.9
03/01/2005,6448.3
03/02/2005,6448.3
03/03/2005,6448.3
03/04/2005,6448.3
03/05/2005,6448.3
03/06/2005,6448.3
03/07/2005,6448.3
03/08/2005,6448.3
03/09/2005,6448.3
03/10/2005,6448.3
03/11/2005,6448.3
03/12/2005,6448.3
03/13/2005,6448.3
03/14/2005,6448.3
03/15/2005,6448.3
03/16/2005,6448.3
03/17/2005,6448.3
03/18/2005,6448.3
03/19/2005,6448.3
03/20/2005,6448.3
03/21/2005,6448.3
03/22/2005,6448.3
03/23/2005,6448.3
03/24/2005,6448.3
03/25/2005,6448.3
03/26/2005,6448.3
03/27/2005,6448.3
03/28/2005,6448.3
03/29/2005,6448.3
03/30/2005,6448.3
03/31/2005,6448.3
04/01/2005,6461.8
04/02/2005,6461.8
04/03/2005,6461.8
04/04/2005,6461.8
04/05/2005,6461.8
04/06/2005,6461.8
04/07/2005,6461.8
04/08/2005,6461.8
04/09/2005,6461.8
04/10/2005,6461.8
04/11/2005,6461.8
04/12/2005,6461.8
04/13/2005,6461.8
04/14/2005,6461.8
04/15/2005,6461.8
04/16/2005,6461.8
04/17/2005,6461.8
04/18/2005,6461.8
04/19/2005,6461.8
04/20/2005,6461.8
04/21/2005,6461.8
04/22/2005,6461.8
04/23/2005,6461.8
04/24/2005,6461.8
04/25/2005,6461.8
04/26/2005,6461.8
04/27/2005,6461.8
04/28/2005,6461.8
04/29/2005,6461.8
04/30/2005,6461.8
05/01/2005,6479.0
05/02/2005,6479.0
05/03/2005,6479.0
05/04/2005,6479.0
05/05/2005,6479.0
05/06/2005,6479.0
05/07/2005,6479.0
05/08/2005,6479.0
05/09/2005,6479.0
05/10/2005,6479.0
05/11/2005,6479.0
05/12/2005,6479.0
05/13/2005,6479.0
05/14/2005,6479.0
05/15/2005,6479.0
05/16/2005,6479.0
05/17/2005,6479.0
05/18/2005,6479.0
05/19/2005,6479.0
05/20/2005,6479.0
05/21/2005,6479.0
05/22/2005,6479.0
05/23/2005,6479.0
05/24/2005,6479.0
05/25/2005,6479.0
05/26/2005,6479.0
05/27/2005,6479.0
05/28/2005,6479.0
05/29/2005,6479.0
05/30/2005,6479.0
05/31/2005,6479.0
06/01/2005,6511.7
06/02/2005,6511.7
06/03/2005,6511.7
06/04/2005,6511.7
06/05/2005,6511.7
06/06/2005,6511.7
06/07/2005,6511.7
06/08/2005,6511.7
06/09/2005,6511.7
06/10/2005,6511.7
06/11/2005,6511.7
06/12/2005,6511.7
06/13/2005,6511.7
06/14/2005,6511.7
06/15/2005,6511.7
06/16/2005,6511.7
06/17/2005,6511.7
06/18/2005,6511.7
06/19/2005,6511.7
06/20/2005,6511.7
06/21/2005,6511.7
06/22/2005,6511.7
06/23/2005,6511.7
06/24/2005,6511.7
06/25/2005,6511.7
06/26/2005,6511.7
06/27/2005,6511.7
06/28/2005,6511.7
06/29/2005,6511.7
06/30/2005,6511.7
07/01/2005,6543.5
07/02/2005,6543.5
07/03/2005,6543.5
07/04/2005,6543.5
07/05/2005,6543.5
07/06/2005,6543.5
07/07/2005,6543.5
07/08/2005,6543.5
07/09/2005,6543.5
07/10/2005,6543.5
07/11/2005,6543.5
07/12/2005,6543.5
07/13/2005,6543.5
07/14/2005,6543.5
07/15/2005,6543.5
07/16/2005,6543.5
07/17/2005,6543.5
07/18/2005,6543.5
07/19/2005,6543.5
07/20/2005,6543.5
07/21/2005,6543.5
07/22/2005,6543.5
07/23/2005,6543.5
07/24/2005,6543.5
07/25/2005,6543.5
07/26/2005,6543.5
07/27/2005,6543.5
07/28/2005,6543.5
07/29/2005,6543.5
07/30/2005,6543.5
07/31/2005,6543.5
08/01/2005,6576.3
08/02/2005,6576.3
08/03/2005,6576.3
08/04/2005,6576.3
08/05/2005,6576.3
08/06/2005,6576.3
08/07/2005,6576.3
08/08/2005,6576.3
08/09/2005,6576.3
08/10/2005,6576.3
08/11/2005,6576.3
08/12/2005,6576.3
08/13/2005,6576.3
08/14/2005,6576.3
08/15/2005,6576.3
08/16/2005,6576.3
08/17/2005,6576.3
08/18/2005,6576.3
08/19/2005,6576.3
08/20/2005,6576.3
08/21/2005,6576.3
08/22/2005,6576.3
08/23/2005,6576.3
08/24/2005,6576.3
08/25/2005,6576.3
08/26/2005,6576.3
08/27/2005,6576.3
08/28/2005,6576.3
08/29/2005,6576.3
08/30/2005,6576.3
08/31/2005,6576.3
09/01/2005,6610.1
09/02/2005,6610.1
09/03/2005,6610.1
09/04/2005,6610.1
09/05/2005,6610.1
09/06/2005,6610.1
09/07/2005,6610.1
09/08/2005,6610.1
09/09/2005,6610.1
09/10/2005,6610.1
09/11/2005,6610.1
09/12/2005,6610.1
09/13/2005,6610.1
09/14/2005,6610.1
09/15/2005,6610.1
09/16/2005,6610.1
09/17/2005,6610.1
09/18/2005,6610.1
09/19/2005,6610.1
09/20/2005,6610.1
09/21/2005,6610.1
09/22/2005,6610.1
09/23/2005,6610.1
09/24/2005,6610.1
09/25/2005,6610.1
09/26/2005,6610.1
09/27/2005,6610.1
09/28/2005,6610.1
09/29/2005,6610.1
09/30/2005,6610.1
10/01/2005,6643.9
10/02/2005,6643.9
10/03/2005,6643.9
10/04/2005,6643.9
10/05/2005,6643.9
10/06/2005,6643.9
10/07/2005,6643.9
10/08/2005,6643.9
10/09/2005,6643.9
10/10/2005,6643.9
10/11/2005,6643.9
10/12/2005,6643.9
10/13/2005,6643.9
10/14/2005,6643.9
10/15/2005,6643.9
10/16/2005,6643.9
10/17/2005,6643.9
10/18/2005,6643.9
10/19/2005,6643.9
10/20/2005,6643.9
10/21/2005,6643.9
10/22/2005,6643.9
10/23/2005,6643.9
10/24/2005,6643.9
10/25/2005,6643.9
10/26/2005,6643.9
10/27/2005,6643.9
10/28/2005,6643.9
10/29/2005,6643.9
10/30/2005,6643.9
10/31/2005,6643.9
11/01/2005,6660.7
11/02/2005,6660.7
11/03/2005,6660.7
11/04/2005,6660.7
11/05/2005,6660.7
11/06/2005,6660.7
11/07/2005,6660.7
11/08/2005,6660.7
11/09/2005,6660.7
11/10/2005,6660.7
11/11/2005,6660.7
11/12/2005,6660.7
11/13/2005,6660.7
11/14/2005,6660.7
11/15/2005,6660.7
11/16/2005,6660.7
11/17/2005,6660.7
11/18/2005,6660.7
11/19/2005,6660.7
11/20/2005,6660.7
11/21/2005,6660.7
11/22/2005,6660.7
11/23/2005,6660.7
11/24/2005,6660.7
11/25/2005,6660.7
11/26/2005,6660.7
11/27/2005,6660.7
11/28/2005,6660.7
11/29/2005,6660.7
11/30/2005,6660.7
12/01/2005,6687.8
12/02/2005,6687.8
12/03/2005,6687.8
12/04/2005,6687.8
12/05/2005,6687.8
12/06/2005,6687.8
12/07/2005,6687.8
12/08/2005,6687.8
12/09/2005,6687.8
12/10/2005,6687.8
12/11/2005,6687.8
12/12/2005,6687.8
12/13/2005,6687.8
12/14/2005,6687.8
12/15/2005,6687.8
12/16/2005,6687.8
12/17/2005,6687.8
12/18/2005,6687.8
12/19/2005,6687.8
12/20/2005,6687.8
12/21/2005,6687.8
12/22/2005,6687.8
12/23/2005,6687.8
12/24/2005,6687.8
12/25/2005,6687.8
12/26/2005,6687.8
12/27/2005,6687.8
12/28/2005,6687.8
12/29/2005,6687.8
12/30/2005,6687.8
12/31/2005,6687.8
01/01/2006,6730.1
01/02/2006,6730.1
01/03/2006,6730.1
01/04/2006,6730.1
01/05/2006,6730.1
01/06/2006,6730.1
01/07/2006,6730.1
01/08/2006,6730.1
01/09/2006,6730.1
01/10/2006,6730.1
01/11/2006,6730.1
01/12/2006,6730.1
01/13/2006,6730.1
01/14/2006,6730.1
01/15/2006,6730.1
01/16/2006,6730.1
01/17/2006,6730.1
01/18/2006,6730.1
01/19/2006,6730.1
01/20/2006,6730.1
01/21/2006,6730.1
01/22/2006,6730.1
01/23/2006,6730.1
01/24/2006,6730.1
01/25/2006,6730.1
01/26/2006,6730.1
01/27/2006,6730.1
01/28/2006,6730.1
01/29/2006,6730.1
01/30/2006,6730.1
01/31/2006,6730.1
02/01/2006,6754.7
02/02/2006,6754.7
02/03/2006,6754.7
02/04/2006,6754.7
02/05/2006,6754.7
02/06/2006,6754.7
02/07/2006,6754.7
02/08/2006,6754.7
02/09/2006,6754.7
02/10/2006,6754.7
02/11/2006,6754.7
02/12/2006,6754.7
02/13/2006,6754.7
02/14/2006,6754.7
02/15/2006,6754.7
02/16/2006,6754.7
02/17/2006,6754.7
02/18/2006,6754.7
02/19/2006,6754.7
02/20/2006,6754.7
02/21/2006,6754.7
02/22/2006,6754.7
02/23/2006,6754.7
02/24/2006,6754.7
02/25/2006,6754.7
02/26/2006,6754.7
02/27/2006,6754.7
02/28/2006,6754.7
03/01/2006,6769.3
03/02/2006,6769.3
03/03/2006,6769.3
03/04/2006,6769.3
03/05/2006,6769.3
03/06/2006,6769.3
03/07/2006,6769.3
03/08/2006,6769.3
03/09/2006,6769.3
03/10/2006,6769.3
03/11/2006,6769.3
03/12/2006,6769.3
03/13/2006,6769.3
03/14/2006,6769.3
03/15/2006,6769.3
03/16/2006,6769.3
03/17/2006,6769.3
03/18/2006,6769.3
03/19/2006,6769.3
03/20/2006,6769.3
03/21/2006,6769.3
03/22/2006,6769.3
03/23/2006,6769.3
03/24/2006,6769.3
03/25/2006,6769.3
03/26/2006,6769.3
03/27/2006,6769.3
03/28/2006,6769.3
03/29/2006,6769.3
03/30/2006,6769.3
03/31/2006,6769.3
04/01/2006,6806.9
04/02/2006,6806.9
04/03/2006,6806.9
04/04/2006,6806.9
04/05/2006,6806.9
04/06/2006,6806.9
04/07/2006,6806.9
04/08/2006,6806.9
04/09/2006,6806.9
04/10/2006,6806.9
04/11/2006,6806.9
04/12/2006,6806.9
04/13/2006,6806.9
04/14/2006,6806.9
04/15/2006,6806.9
04/16/2006,6806.9
04/17/2006,6806.9
04/18/2006,6806.9
04/19/2006,6806.9
04/20/2006,6806.9
04/21/2006,6806.9
04/22/2006,6806.9
04/23/2006,6806.9
04/24/2006,6806.9
04/25/2006,6806.9
04/26/2006,6806.9
04/27/2006,6806.9
04/28/2006,6806.9
04/29/2006,6806.9
04/30/2006,6806.9
05/01/2006,6813.7
05/02/2006,6813.7
05/03/2006,6813.7
05/04/2006,6813.7
05/05/2006,6813.7
05/06/2006,6813.7
05/07/2006,6813.7
05/08/2006,6813.7
05/09/2006,6813.7
05/10/2006,6813.7
05/11/2006,6813.7
05/12/2006,6813.7
05/13/2006,6813.7
05/14/2006,6813.7
05/15/2006,6813.7
05/16/2006,6813.7
05/17/2006,6813.7
05/18/2006,6813.7
05/19/2006,6813.7
05/20/2006,6813.7
05/21/2006,6813.7
05/22/2006,6813.7
05/23/2006,6813.7
05/24/2006,6813.7
05/25/2006,6813.7
05/26/2006,6813.7
05/27/2006,6813.7
05/28/2006,6813.7
05/29/2006,6813.7
05/30/2006,6813.7
05/31/2006,6813.7
06/01/2006,6851.8
06/02/2006,6851.8
06/03/2006,6851.8
06/04/2006,6851.8
06/05/2006,6851.8
06/06/2006,6851.8
06/07/2006,6851.8
06/08/2006,6851.8
06/09/2006,6851.8
06/10/2006,6851.8
06/11/2006,6851.8
06/12/2006,6851.8
06/13/2006,6851.8
06/14/2006,6851.8
06/15/2006,6851.8
06/16/2006,6851.8
06/17/2006,6851.8
06/18/2006,6851.8
06/19/2006,6851.8
06/20/2006,6851.8
06/21/2006,6851.8
06/22/2006,6851.8
06/23/2006,6851.8
06/24/2006,6851.8
06/25/2006,6851.8
06/26/2006,6851.8
06/27/2006,6851.8
06/28/2006,6851.8
06/29/2006,6851.8
06/30/2006,6851.8
07/01/2006,6893.6
07/02/2006,6893.6
07/03/2006,6893.6
07/04/2006,6893.6
07/05/2006,6893.6
07/06/2006,6893.6
07/07/2006,6893.6
07/08/2006,6893.6
07/09/2006,6893.6
07/10/2006,6893.6
07/11/2006,6893.6
07/12/2006,6893.6
07/13/2006,6893.6
07/14/2006,6893.6
07/15/2006,6893.6
07/16/2006,6893.6
07/17/2006,6893.6
07/18/2006,6893.6
07/19/2006,6893.6
07/20/2006,6893.6
07/21/2006,6893.6
07/22/2006,6893.6
07/23/2006,6893.6
07/24/2006,6893.6
07/25/2006,6893.6
07/26/2006,6893.6
07/27/2006,6893.6
07/28/2006,6893.6
07/29/2006,6893.6
07/30/2006,6893.6
07/31/2006,6893.6
08/01/2006,6925.1
08/02/2006,6925.1
08/03/2006,6925.1
08/04/2006,6925.1
08/05/2006,6925.1
08/06/2006,6925.1
08/07/2006,6925.1
08/08/2006,6925.1
08/09/2006,6925.1
08/10/2006,6925.1
08/11/2006,6925.1
08/12/2006,6925.1
08/13/2006,6925.1
08/14/2006,6925.1
08/15/2006,6925.1
08/16/2006,6925.1
08/17/2006,6925.1
08/18/2006,6925.1
08/19/2006,6925.1
08/20/2006,6925.1
08/21/2006,6925.1
08/22/2006,6925.1
08/23/2006,6925.1
08/24/2006,6925.1
08/25/2006,6925.1
08/26/2006,6925.1
08/27/2006,6925.1
08/28/2006,6925.1
08/29/2006,6925.1
08/30/2006,6925.1
08/31/2006,6925.1
09/01/2006,6952.4
09/02/2006,6952.4
09/03/2006,6952.4
09/04/2006,6952.4
09/05/2006,6952.4
09/06/2006,6952.4
09/07/2006,6952.4
09/08/2006,6952.4
09/09/2006,6952.4
09/10/2006,6952.4
09/11/2006,6952.4
09/12/2006,6952.4
09/13/2006,6952.4
09/14/2006,6952.4
09/15/2006,6952.4
09/16/2006,6952.4
09/17/2006,6952.4
09/18/2006,6952.4
09/19/2006,6952.4
09/20/2006,6952.4
09/21/2006,6952.4
09/22/2006,6952.4
09/23/2006,6952.4
09/24/2006,6952.4
09/25/2006,6952.4
09/26/2006,6952.4
09/27/2006,6952.4
09/28/2006,6952.4
09/29/2006,6952.4
09/30/2006,6952.4
10/01/2006,7001.7
10/02/2006,7001.7
10/03/2006,7001.7
10/04/2006,7001.7
10/05/2006,7001.7
10/06/2006,7001.7
10/07/2006,7001.7
10/08/2006,7001.7
10/09/2006,7001.7
10/10/2006,7001.7
10/11/2006,7001.7
10/12/2006,7001.7
10/13/2006,7001.7
10/14/2006,7001.7
10/15/2006,7001.7
10/16/2006,7001.7
10/17/2006,7001.7
10/18/2006,7001.7
10/19/2006,7001.7
10/20/2006,7001.7
10/21/2006,7001.7
10/22/2006,7001.7
10/23/2006,7001.7
10/24/2006,7001.7
10/25/2006,7001.7
10/26/2006,7001.7
10/27/2006,7001.7
10/28/2006,7001.7
10/29/2006,7001.7
10/30/2006,7001.7
10/31/2006,7001.7
11/01/2006,7037.2
11/02/2006,7037.2
11/03/2006,7037.2
11/04/2006,7037.2
11/05/2006,7037.2
11/06/2006,7037.2
11/07/2006,7037.2
11/08/2006,7037.2
11/09/2006,7037.2
11/10/2006,7037.2
11/11/2006,7037.2
11/12/2006,7037.2
11/13/2006,7037.2
11/14/2006,7037.2
11/15/2006,7037.2
11/16/2006,7037.2
11/17/2006,7037.2
11/18/2006,7037.2
11/19/2006,7037.2
11/20/2006,7037.2
11/21/2006,7037.2
11/22/2006,7037.2
11/23/2006,7037.2
11/24/2006,7037.2
11/25/2006,7037.2
11/26/2006,7037.2
11/27/2006,7037.2
11/28/2006,7037.2
11/29/2006,7037.2
11/30/2006,7037.2
12/01/2006,7080.1
12/02/2006,7080.1
12/03/2006,7080.1
12/04/2006,7080.1
12/05/2006,7080.1
12/06/2006,7080.1
12/07/2006,7080.1
12/08/2006,7080.1
12/09/2006,7080.1
12/10/2006,7080.1
12/11/2006,7080.1
12/12/2006,7080.1
12/13/2006,7080.1
12/14/2006,7080.1
12/15/2006,7080.1
12/16/2006,7080.1
12/17/2006,7080.1
12/18/2006,7080.1
12/19/2006,7080.1
12/20/2006,7080.1
12/21/2006,7080.1
12/22/2006,7080.1
12/23/2006,7080.1
12/24/2006,7080.1
12/25/2006,7080.1
12/26/2006,7080.1
12/27/2006,7080.1
12/28/2006,7080.1
12/29/2006,7080.1
12/30/2006,7080.1
12/31/2006,7080.1
01/01/2007,7118.3
01/02/2007,7118.3
01/03/2007,7118.3
01/04/2007,7118.3
01/05/2007,7118.3
01/06/2007,7118.3
01/07/2007,7118.3
01/08/2007,7118.3
01/09/2007,7118.3
01/10/2007,7118.3
01/11/2007,7118.3
01/12/2007,7118.3
01/13/2007,7118.3
01/14/2007,7118.3
01/15/2007,7118.3
01/16/2007,7118.3
01/17/2007,7118.3
01/18/2007,7118.3
01/19/2007,7118.3
01/20/2007,7118.3
01/21/2007,7118.3
01/22/2007,7118.3
01/23/2007,7118.3
01/24/2007,7118.3
01/25/2007,7118.3
01/26/2007,7118.3
01/27/2007,7118.3
01/28/2007,7118.3
01/29/2007,7118.3
01/30/2007,7118.3
01/31/2007,7118.3
02/01/2007,7134.3
02/02/2007,7134.3
02/03/2007,7134.3
02/04/2007,7134.3
02/05/2007,7134.3
02/06/2007,7134.3
02/07/2007,7134.3
02/08/2007,7134.3
02/09/2007,7134.3
02/10/2007,7134.3
02/11/2007,7134.3
02/12/2007,7134.3
02/13/2007,7134.3
02/14/2007,7134.3
02/15/2007,7134.3
02/16/2007,7134.3
02/17/2007,7134.3
02/18/2007,7134.3
02/19/2007,7134.3
02/20/2007,7134.3
02/21/2007,7134.3
02/22/2007,7134.3
02/23/2007,7134.3
02/24/2007,7134.3
02/25/2007,7134.3
02/26/2007,7134.3
02/27/2007,7134.3
02/28/2007,7134.3
03/01/2007,7168.2
03/02/2007,7168.2
03/03/2007,7168.2
03/04/2007,7168.2
03/05/2007,7168.2
03/06/2007,7168.2
03/07/2007,7168.2
03/08/2007,7168.2
03/09/2007,7168.2
03/10/2007,7168.2
03/11/2007,7168.2
03/12/2007,7168.2
03/13/2007,7168.2
03/14/2007,7168.2
03/15/2007,7168.2
03/16/2007,7168.2
03/17/2007,7168.2
03/18/2007,7168.2
03/19/2007,7168.2
03/20/2007,7168.2
03/21/2007,7168.2
03/22/2007,7168.2
03/23/2007,7168.2
03/24/2007,7168.2
03/25/2007,7168.2
03/26/2007,7168.2
03/27/2007,7168.2
03/28/2007,7168.2
03/29/2007,7168.2
03/30/2007,7168.2
03/31/2007,7168.2
04/01/2007,7240.7
04/02/2007,7240.7
04/03/2007,7240.7
04/04/2007,7240.7
04/05/2007,7240.7
04/06/2007,7240.7
04/07/2007,7240.7
04/08/2007,7240.7
04/09/2007,7240.7
04/10/2007,7240.7
04/11/2007,7240.7
04/12/2007,7240.7
04/13/2007,7240.7
04/14/2007,7240.7
04/15/2007,7240.7
04/16/2007,7240.7
04/17/2007,7240.7
04/18/2007,7240.7
04/19/2007,7240.7
04/20/2007,7240.7
04/21/2007,7240.7
04/22/2007,7240.7
04/23/2007,7240.7
04/24/2007,7240.7
04/25/2007,7240.7
04/26/2007,7240.7
04/27/2007,7240.7
04/28/2007,7240.7
04/29/2007,7240.7
04/30/2007,7240.7
05/01/2007,7254.6
05/02/2007,7254.6
05/03/2007,7254.6
05/04/2007,7254.6
05/05/2007,7254.6
05/06/2007,7254.6
05/07/2007,7254.6
05/08/2007,7254.6
05/09/2007,7254.6
05/10/2007,7254.6
05/11/2007,7254.6
05/12/2007,7254.6
05/13/2007,7254.6
05/14/2007,7254.6
05/15/2007,7254.6
05/16/2007,7254.6
05/17/2007,7254.6
05/18/2007,7254.6
05/19/2007,7254.6
05/20/2007,7254.6
05/21/2007,7254.6
05/22/2007,7254.6
05/23/2007,7254.6
05/24/2007,7254.6
05/25/2007,7254.6
05/26/2007,7254.6
05/27/2007,7254.6
05/28/2007,7254.6
05/29/2007,7254.6
05/30/2007,7254.6
05/31/2007,7254.6
06/01/2007,7287.8
06/02/2007,7287.8
06/03/2007,7287.8
06/04/2007,7287.8
06/05/2007,7287.8
06/06/2007,7287.8
06/07/2007,7287.8
06/08/2007,7287.8
06/09/2007,7287.8
06/10/2007,7287.8
06/11/2007,7287.8
06/12/2007,7287.8
06/13/2007,7287.8
06/14/2007,7287.8
06/15/2007,7287.8
06/16/2007,7287.8
06/17/2007,7287.8
06/18/2007,7287.8
06/19/2007,7287.8
06/20/2007,7287.8
06/21/2007,7287.8
06/22/2007,7287.8
06/23/2007,7287.8
06/24/2007,7287.8
06/25/2007,7287.8
06/26/2007,7287.8
06/27/2007,7287.8
06/28/2007,7287.8
06/29/2007,7287.8
06/30/2007,7287.8
07/01/2007,7318.7
07/02/2007,7318.7
07/03/2007,7318.7
07/04/2007,7318.7
07/05/2007,7318.7
07/06/2007,7318.7
07/07/2007,7318.7
07/08/2007,7318.7
07/09/2007,7318.7
07/10/2007,7318.7
07/11/2007,7318.7
07/12/2007,7318.7
07/13/2007,7318.7
07/14/2007,7318.7
07/15/2007,7318.7
07/16/2007,7318.7
07/17/2007,7318.7
07/18/2007,7318.7
07/19/2007,7318.7
07/20/2007,7318.7
07/21/2007,7318.7
07/22/2007,7318.7
07/23/2007,7318.7
07/24/2007,7318.7
07/25/2007,7318.7
07/26/2007,7318.7
07/27/2007,7318.7
07/28/2007,7318.7
07/29/2007,7318.7
07/30/2007,7318.7
07/31/2007,7318.7
08/01/2007,7394.8
08/02/2007,7394.8
08/03/2007,7394.8
08/04/2007,7394.8
08/05/2007,7394.8
08/06/2007,7394.8
08/07/2007,7394.8
08/08/2007,7394.8
08/09/2007,7394.8
08/10/2007,7394.8
08/11/2007,7394.8
08/12/2007,7394.8
08/13/2007,7394.8
08/14/2007,7394.8
08/15/2007,7394.8
08/16/2007,7394.8
08/17/2007,7394.8
08/18/2007,7394.8
08/19/2007,7394.8
08/20/2007,7394.8
08/21/2007,7394.8
08/22/2007,7394.8
08/23/2007,7394.8
08/24/2007,7394.8
08/25/2007,7394.8
08/26/2007,7394.8
08/27/2007,7394.8
08/28/2007,7394.8
08/29/2007,7394.8
08/30/2007,7394.8
08/31/2007,7394.8
09/01/2007,7413.0
09/02/2007,7413.0
09/03/2007,7413.0
09/04/2007,7413.0
09/05/2007,7413.0
09/06/2007,7413.0
09/07/2007,7413.0
09/08/2007,7413.0
09/09/2007,7413.0
09/10/2007,7413.0
09/11/2007,7413.0
09/12/2007,7413.0
09/13/2007,7413.0
09/14/2007,7413.0
09/15/2007,7413.0
09/16/2007,7413.0
09/17/2007,7413.0
09/18/2007,7413.0
09/19/2007,7413.0
09/20/2007,7413.0
09/21/2007,7413.0
09/22/2007,7413.0
09/23/2007,7413.0
09/24/2007,7413.0
09/25/2007,7413.0
09/26/2007,7413.0
09/27/2007,7413.0
09/28/2007,7413.0
09/29/2007,7413.0
09/30/2007,7413.0
10/01/2007,7428.1
10/02/2007,7428.1
10/03/2007,7428.1
10/04/2007,7428.1
10/05/2007,7428.1
10/06/2007,7428.1
10/07/2007,7428.1
10/08/2007,7428.1
10/09/2007,7428.1
10/10/2007,7428.1
10/11/2007,7428.1
10/12/2007,7428.1
10/13/2007,7428.1
10/14/2007,7428.1
10/15/2007,7428.1
10/16/2007,7428.1
10/17/2007,7428.1
10/18/2007,7428.1
10/19/2007,7428.1
10/20/2007,7428.1
10/21/2007,7428.1
10/22/2007,7428.1
10/23/2007,7428.1
10/24/2007,7428.1
10/25/2007,7428.1
10/26/2007,7428.1
10/27/2007,7428.1
10/28/2007,7428.1
10/29/2007,7428.1
10/30/2007,7428.1
10/31/2007,7428.1
11/01/2007,7453.6
11/02/2007,7453.6
11/03/2007,7453.6
11/04/2007,7453.6
11/05/2007,7453.6
11/06/2007,7453.6
11/07/2007,7453.6
11/08/2007,7453.6
11/09/2007,7453.6
11/10/2007,7453.6
11/11/2007,7453.6
11/12/2007,7453.6
11/13/2007,7453.6
11/14/2007,7453.6
11/15/2007,7453.6
11/16/2007,7453.6
11/17/2007,7453.6
11/18/2007,7453.6
11/19/2007,7453.6
11/20/2007,7453.6
11/21/2007,7453.6
11/22/2007,7453.6
11/23/2007,7453.6
11/24/2007,7453.6
11/25/2007,7453.6
11/26/2007,7453.6
11/27/2007,7453.6
11/28/2007,7453.6
11/29/2007,7453.6
11/30/2007,7453.6
12/01/2007,7483.9
12/02/2007,7483.9
12/03/2007,7483.9
12/04/2007,7483.9
12/05/2007,7483.9
12/06/2007,7483.9
12/07/2007,7483.9
12/08/2007,7483.9
12/09/2007,7483.9
12/10/2007,7483.9
12/11/2007,7483.9
12/12/2007,7483.9
12/13/2007,7483.9
12/14/2007,7483.9
12/15/2007,7483.9
12/16/2007,7483.9
12/17/2007,7483.9
12/18/2007,7483.9
12/19/2007,7483.9
12/20/2007,7483.9
12/21/2007,7483.9
12/22/2007,7483.9
12/23/2007,7483.9
12/24/2007,7483.9
12/25/2007,7483.9
12/26/2007,7483.9
12/27/2007,7483.9
12/28/2007,7483.9
12/29/2007,7483.9
12/30/2007,7483.9
12/31/2007,7483.9
01/01/2008,7517.5
01/02/2008,7517.5
01/03/2008,7517.5
01/04/2008,7517.5
01/05/2008,7517.5
01/06/2008,7517.5
01/07/2008,7517.5
01/08/2008,7517.5
01/09/2008,7517.5
01/10/2008,7517.5
01/11/2008,7517.5
01/12/2008,7517.5
01/13/2008,7517.5
01/14/2008,7517.5
01/15/2008,7517.5
01/16/2008,7517.5
01/17/2008,7517.5
01/18/2008,7517.5
01/19/2008,7517.5
01/20/2008,7517.5
01/21/2008,7517.5
01/22/2008,7517.5
01/23/2008,7517.5
01/24/2008,7517.5
01/25/2008,7517.5
01/26/2008,7517.5
01/27/2008,7517.5
01/28/2008,7517.5
01/29/2008,7517.5
01/30/2008,7517.5
01/31/2008,7517.5
02/01/2008,7604.0
02/02/2008,7604.0
02/03/2008,7604.0
02/04/2008,7604.0
02/05/2008,7604.0
02/06/2008,7604.0
02/07/2008,7604.0
02/08/2008,7604.0
02/09/2008,7604.0
02/10/2008,7604.0
02/11/2008,7604.0
02/12/2008,7604.0
02/13/2008,7604.0
02/14/2008,7604.0
02/15/2008,7604.0
02/16/2008,7604.0
02/17/2008,7604.0
02/18/2008,7604.0
02/19/2008,7604.0
02/20/2008,7604.0
02/21/2008,7604.0
02/22/2008,7604.0
02/23/2008,7604.0
02/24/2008,7604.0
02/25/2008,7604.0
02/26/2008,7604.0
02/27/2008,7604.0
02/28/2008,7604.0
02/29/2008,7604.0
03/01/2008,7670.0
03/02/2008,7670.0
03/03/2008,7670.0
03/04/2008,7670.0
03/05/2008,7670.0
03/06/2008,7670.0
03/07/2008,7670.0
03/08/2008,7670.0
03/09/2008,7670.0
03/10/2008,7670.0
03/11/2008,7670.0
03/12/2008,7670.0
03/13/2008,7670.0
03/14/2008,7670.0
03/15/2008,7670.0
03/16/2008,7670.0
03/17/2008,7670.0
03/18/2008,7670.0
03/19/2008,7670.0
03/20/2008,7670.0
03/21/2008,7670.0
03/22/2008,7670.0
03/23/2008,7670.0
03/24/2008,7670.0
03/25/2008,7670.0
03/26/2008,7670.0
03/27/2008,7670.0
03/28/2008,7670.0
03/29/2008,7670.0
03/30/2008,7670.0
03/31/2008,7670.0
04/01/2008,7712.5
04/02/2008,7712.5
04/03/2008,7712.5
04/04/2008,7712.5
04/05/2008,7712.5
04/06/2008,7712.5
04/07/2008,7712.5
04/08/2008,7712.5
04/09/2008,7712.5
04/10/2008,7712.5
04/11/2008,7712.5
04/12/2008,7712.5
04/13/2008,7712.5
04/14/2008,7712.5
04/15/2008,7712.5
04/16/2008,7712.5
04/17/2008,7712.5
04/18/2008,7712.5
04/19/2008,7712.5
04/20/2008,7712.5
04/21/2008,7712.5
04/22/2008,7712.5
04/23/2008,7712.5
04/24/2008,7712.5
04/25/2008,7712.5
04/26/2008,7712.5
04/27/2008,7712.5
04/28/2008,7712.5
04/29/2008,7712.5
04/30/2008,7712.5
05/01/2008,7725.2
05/02/2008,7725.2
05/03/2008,7725.2
05/04/2008,7725.2
05/05/2008,7725.2
05/06/2008,7725.2
05/07/2008,7725.2
05/08/2008,7725.2
05/09/2008,7725.2
05/10/2008,7725.2
05/11/2008,7725.2
05/12/2008,7725.2
05/13/2008,7725.2
05/14/2008,7725.2
05/15/2008,7725.2
05/16/2008,7725.2
05/17/2008,7725.2
05/18/2008,7725.2
05/19/2008,7725.2
05/20/2008,7725.2
05/21/2008,7725.2
05/22/2008,7725.2
05/23/2008,7725.2
05/24/2008,7725.2
05/25/2008,7725.2
05/26/2008,7725.2
05/27/2008,7725.2
05/28/2008,7725.2
05/29/2008,7725.2
05/30/2008,7725.2
05/31/2008,7725.2
06/01/2008,7743.9
06/02/2008,7743.9
06/03/2008,7743.9
06/04/2008,7743.9
06/05/2008,7743.9
06/06/2008,7743.9
06/07/2008,7743.9
06/08/2008,7743.9
06/09/2008,7743.9
06/10/2008,7743.9
06/11/2008,7743.9
06/12/2008,7743.9
06/13/2008,7743.9
06/14/2008,7743.9
06/15/2008,7743.9
06/16/2008,7743.9
06/17/2008,7743.9
06/18/2008,7743.9
06/19/2008,7743.9
06/20/2008,7743.9
06/21/2008,7743.9
06/22/2008,7743.9
06/23/2008,7743.9
06/24/2008,7743.9
06/25/2008,7743.9
06/26/2008,7743.9
06/27/2008,7743.9
06/28/2008,7743.9
06/29/2008,7743.9
06/30/2008,7743.9
07/01/2008,7791.2
07/02/2008,7791.2
07/03/2008,7791.2
07/04/2008,7791.2
07/05/2008,7791.2
07/06/2008,7791.2
07/07/2008,7791.2
07/08/2008,7791.2
07/09/2008,7791.2
07/10/2008,7791.2
07/11/2008,7791.2
07/12/2008,7791.2
07/13/2008,7791.2
07/14/2008,7791.2
07/15/2008,7791.2
07/16/2008,7791.2
07/17/2008,7791.2
07/18/2008,7791.2
07/19/2008,7791.2
07/20/2008,7791.2
07/21/2008,7791.2
07/22/2008,7791.2
07/23/2008,7791.2
07/24/2008,7791.2
07/25/2008,7791.2
07/26/2008,7791.2
07/27/2008,7791.2
07/28/2008,7791.2
07/29/2008,7791.2
07/30/2008,7791.2
07/31/2008,7791.2
08/01/2008,7805.8
08/02/2008,7805.8
08/03/2008,7805.8
08/04/2008,7805.8
08/05/2008,7805.8
08/06/2008,7805.8
08/07/2008,7805.8
08/08/2008,7805.8
08/09/2008,7805.8
08/10/2008,7805.8
08/11/2008,7805.8
08/12/2008,7805.8
08/13/2008,7805.8
08/14/2008,7805.8
08/15/2008,7805.8
08/16/2008,7805.8
08/17/2008,7805.8
08/18/2008,7805.8
08/19/2008,7805.8
08/20/2008,7805.8
08/21/2008,7805.8
08/22/2008,7805.8
08/23/2008,7805.8
08/24/2008,7805.8
08/25/2008,7805.8
08/26/2008,7805.8
08/27/2008,7805.8
08/28/2008,7805.8
08/29/2008,7805.8
08/30/2008,7805.8
08/31/2008,7805.8
09/01/2008,7872.4
09/02/2008,7872.4
09/03/2008,7872.4
09/04/2008,7872.4
09/05/2008,7872.4
09/06/2008,7872.4
09/07/2008,7872.4
09/08/2008,7872.4
09/09/2008,7872.4
09/10/2008,7872.4
09/11/2008,7872.4
09/12/2008,7872.4
09/13/2008,7872.4
09/14/2008,7872.4
09/15/2008,7872.4
09/16/2008,7872.4
09/17/2008,7872.4
09/18/2008,7872.4
09/19/2008,7872.4
09/20/2008,7872.4
09/21/2008,7872.4
09/22/2008,7872.4
09/23/2008,7872.4
09/24/2008,7872.4
09/25/2008,7872.4
09/26/2008,7872.4
09/27/2008,7872.4
09/28/2008,7872.4
09/29/2008,7872.4
09/30/2008,7872.4
10/01/2008,7974.9
10/02/2008,7974.9
10/03/2008,7974.9
10/04/2008,7974.9
10/05/2008,7974.9
10/06/2008,7974.9
10/07/2008,7974.9
10/08/2008,7974.9
10/09/2008,7974.9
10/10/2008,7974.9
10/11/2008,7974.9
10/12/2008,7974.9
10/13/2008,7974.9
10/14/2008,7974.9
10/15/2008,7974.9
10/16/2008,7974.9
10/17/2008,7974.9
10/18/2008,7974.9
10/19/2008,7974.9
10/20/2008,7974.9
10/21/2008,7974.9
10/22/2008,7974.9
10/23/2008,7974.9
10/24/2008,7974.9
10/25/2008,7974.9
10/26/2008,7974.9
10/27/2008,7974.9
10/28/2008,7974.9
10/29/2008,7974.9
10/30/2008,7974.9
10/31/2008,7974.9
11/01/2008,8027.0
11/02/2008,8027.0
11/03/2008,8027.0
11/04/2008,8027.0
11/05/2008,8027.0
11/06/2008,8027.0
11/07/2008,8027.0
11/08/2008,8027.0
11/09/2008,8027.0
11/10/2008,8027.0
11/11/2008,8027.0
11/12/2008,8027.0
11/13/2008,8027.0
11/14/2008,8027.0
11/15/2008,8027.0
11/16/2008,8027.0
11/17/2008,8027.0
11/18/2008,8027.0
11/19/2008,8027.0
11/20/2008,8027.0
11/21/2008,8027.0
11/22/2008,8027.0
11/23/2008,8027.0
11/24/2008,8027.0
11/25/2008,8027.0
11/26/2008,8027.0
11/27/2008,8027.0
11/28/2008,8027.0
11/29/2008,8027.0
11/30/2008,8027.0
12/01/2008,8204.7
12/02/2008,8204.7
12/03/2008,8204.7
12/04/2008,8204.7
12/05/2008,8204.7
12/06/2008,8204.7
12/07/2008,8204.7
12/08/2008,8204.7
12/09/2008,8204.7
12/10/2008,8204.7
12/11/2008,8204.7
12/12/2008,8204.7
12/13/2008,8204.7
12/14/2008,8204.7
12/15/2008,8204.7
12/16/2008,8204.7
12/17/2008,8204.7
12/18/2008,8204.7
12/19/2008,8204.7
12/20/2008,8204.7
12/21/2008,8204.7
12/22/2008,8204.7
12/23/2008,8204.7
12/24/2008,8204.7
12/25/2008,8204.7
12/26/2008,8204.7
12/27/2008,8204.7
12/28/2008,8204.7
12/29/2008,8204.7
12/30/2008,8204.7
12/31/2008,8204.7
01/01/2009,8289.0
01/02/2009,8289.0
01/03/2009,8289.0
01/04/2009,8289.0
01/05/2009,8289.0
01/06/2009,8289.0
01/07/2009,8289.0
01/08/2009,8289.0
01/09/2009,8289.0
01/10/2009,8289.0
01/11/2009,8289.0
01/12/2009,8289.0
01/13/2009,8289.0
01/14/2009,8289.0
01/15/2009,8289.0
01/16/2009,8289.0
01/17/2009,8289.0
01/18/2009,8289.0
01/19/2009,8289.0
01/20/2009,8289.0
01/21/2009,8289.0
01/22/2009,8289.0
01/23/2009,8289.0
01/24/2009,8289.0
01/25/2009,8289.0
01/26/2009,8289.0
01/27/2009,8289.0
01/28/2009,8289.0
01/29/2009,8289.0
01/30/2009,8289.0
01/31/2009,8289.0
02/01/2009,8319.3
02/02/2009,8319.3
02/03/2009,8319.3
02/04/2009,8319.3
02/05/2009,8319.3
02/06/2009,8319.3
02/07/2009,8319.3
02/08/2009,8319.3
02/09/2009,8319.3
02/10/2009,8319.3
02/11/2009,8319.3
02/12/2009,8319.3
02/13/2009,8319.3
02/14/2009,8319.3
02/15/2009,8319.3
02/16/2009,8319.3
02/17/2009,8319.3
02/18/2009,8319.3
02/19/2009,8319.3
02/20/2009,8319.3
02/21/2009,8319.3
02/22/2009,8319.3
02/23/2009,8319.3
02/24/2009,8319.3
02/25/2009,8319.3
02/26/2009,8319.3
02/27/2009,8319.3
02/28/2009,8319.3
03/01/2009,8386.4
03/02/2009,8386.4
03/03/2009,8386.4
03/04/2009,8386.4
03/05/2009,8386.4
03/06/2009,8386.4
03/07/2009,8386.4
03/08/2009,8386.4
03/09/2009,8386.4
03/10/2009,8386.4
03/11/2009,8386.4
03/12/2009,8386.4
03/13/2009,8386.4
03/14/2009,8386.4
03/15/2009,8386.4
03/16/2009,8386.4
03/17/2009,8386.4
03/18/2009,8386.4
03/19/2009,8386.4
03/20/2009,8386.4
03/21/2009,8386.4
03/22/2009,8386.4
03/23/2009,8386.4
03/24/2009,8386.4
03/25/2009,8386.4
03/26/2009,8386.4
03/27/2009,8386.4
03/28/2009,8386.4
03/29/2009,8386.4
03/30/2009,8386.4
03/31/2009,8386.4
04/01/2009,8391.1
04/02/2009,8391.1
04/03/2009,8391.1
04/04/2009,8391.1
04/05/2009,8391.1
04/06/2009,8391.1
04/07/2009,8391.1
04/08/2009,8391.1
04/09/2009,8391.1
04/10/2009,8391.1
04/11/2009,8391.1
04/12/2009,8391.1
04/13/2009,8391.1
04/14/2009,8391.1
04/15/2009,8391.1
04/16/2009,8391.1
04/17/2009,8391.1
04/18/2009,8391.1
04/19/2009,8391.1
04/20/2009,8391.1
04/21/2009,8391.1
04/22/2009,8391.1
04/23/2009,8391.1
04/24/2009,8391.1
04/25/2009,8391.1
04/26/2009,8391.1
04/27/2009,8391.1
04/28/2009,8391.1
04/29/2009,8391.1
04/30/2009,8391.1
05/01/2009,8449.2
05/02/2009,8449.2
05/03/2009,8449.2
05/04/2009,8449.2
05/05/2009,8449.2
05/06/2009,8449.2
05/07/2009,8449.2
05/08/2009,8449.2
05/09/2009,8449.2
05/10/2009,8449.2
05/11/2009,8449.2
05/12/2009,8449.2
05/13/2009,8449.2
05/14/2009,8449.2
05/15/2009,8449.2
05/16/2009,8449.2
05/17/2009,8449.2
05/18/2009,8449.2
05/19/2009,8449.2
05/20/2009,8449.2
05/21/2009,8449.2
05/22/2009,8449.2
05/23/2009,8449.2
05/24/2009,8449.2
05/25/2009,8449.2
05/26/2009,8449.2
05/27/2009,8449.2
05/28/2009,8449.2
05/29/2009,8449.2
05/30/2009,8449.2
05/31/2009,8449.2
06/01/2009,8459.3
06/02/2009,8459.3
06/03/2009,8459.3
06/04/2009,8459.3
06/05/2009,8459.3
06/06/2009,8459.3
06/07/2009,8459.3
06/08/2009,8459.3
06/09/2009,8459.3
06/10/2009,8459.3
06/11/2009,8459.3
06/12/2009,8459.3
06/13/2009,8459.3
06/14/2009,8459.3
06/15/2009,8459.3
06/16/2009,8459.3
06/17/2009,8459.3
06/18/2009,8459.3
06/19/2009,8459.3
06/20/2009,8459.3
06/21/2009,8459.3
06/22/2009,8459.3
06/23/2009,8459.3
06/24/2009,8459.3
06/25/2009,8459.3
06/26/2009,8459.3
06/27/2009,8459.3
06/28/2009,8459.3
06/29/2009,8459.3
06/30/2009,8459.3
07/01/2009,8463.5
07/02/2009,8463.5
07/03/2009,8463.5
07/04/2009,8463.5
07/05/2009,8463.5
07/06/2009,8463.5
07/07/2009,8463.5
07/08/2009,8463.5
07/09/2009,8463.5
07/10/2009,8463.5
07/11/2009,8463.5
07/12/2009,8463.5
07/13/2009,8463.5
07/14/2009,8463.5
07/15/2009,8463.5
07/16/2009,8463.5
07/17/2009,8463.5
07/18/2009,8463.5
07/19/2009,8463.5
07/20/2009,8463.5
07/21/2009,8463.5
07/22/2009,8463.5
07/23/2009,8463.5
07/24/2009,8463.5
07/25/2009,8463.5
07/26/2009,8463.5
07/27/2009,8463.5
07/28/2009,8463.5
07/29/2009,8463.5
07/30/2009,8463.5
07/31/2009,8463.5
08/01/2009,8463.0
08/02/2009,8463.0
08/03/2009,8463.0
08/04/2009,8463.0
08/05/2009,8463.0
08/06/2009,8463.0
08/07/2009,8463.0
08/08/2009,8463.0
08/09/2009,8463.0
08/10/2009,8463.0
08/11/2009,8463.0
08/12/2009,8463.0
08/13/2009,8463.0
08/14/2009,8463.0
08/15/2009,8463.0
08/16/2009,8463.0
08/17/2009,8463.0
08/18/2009,8463.0
08/19/2009,8463.0
08/20/2009,8463.0
08/21/2009,8463.0
08/22/2009,8463.0
08/23/2009,8463.0
08/24/2009,8463.0
08/25/2009,8463.0
08/26/2009,8463.0
08/27/2009,8463.0
08/28/2009,8463.0
08/29/2009,8463.0
08/30/2009,8463.0
08/31/2009,8463.0
09/01/2009,8461.6
09/02/2009,8461.6
09/03/2009,8461.6
09/04/2009,8461.6
09/05/2009,8461.6
09/06/2009,8461.6
09/07/2009,8461.6
09/08/2009,8461.6
09/09/2009,8461.6
09/10/2009,8461.6
09/11/2009,8461.6
09/12/2009,8461.6
09/13/2009,8461.6
09/14/2009,8461.6
09/15/2009,8461.6
09/16/2009,8461.6
09/17/2009,8461.6
09/18/2009,8461.6
09/19/2009,8461.6
09/20/2009,8461.6
09/21/2009,8461.6
09/22/2009,8461.6
09/23/2009,8461.6
09/24/2009,8461.6
09/25/2009,8461.6
09/26/2009,8461.6
09/27/2009,8461.6
09/28/2009,8461.6
09/29/2009,8461.6
09/30/2009,8461.6
10/01/2009,8487.9
10/02/2009,8487.9
10/03/2009,8487.9
10/04/2009,8487.9
10/05/2009,8487.9
10/06/2009,8487.9
10/07/2009,8487.9
10/08/2009,8487.9
10/09/2009,8487.9
10/10/2009,8487.9
10/11/2009,8487.9
10/12/2009,8487.9
10/13/2009,8487.9
10/14/2009,8487.9
10/15/2009,8487.9
10/16/2009,8487.9
10/17/2009,8487.9
10/18/2009,8487.9
10/19/2009,8487.9
10/20/2009,8487.9
10/21/2009,8487.9
10/22/2009,8487.9
10/23/2009,8487.9
10/24/2009,8487.9
10/25/2009,8487.9
10/26/2009,8487.9
10/27/2009,8487.9
10/28/2009,8487.9
10/29/2009,8487.9
10/30/2009,8487.9
10/31/2009,8487.9
11/01/2009,8517.0
11/02/2009,8517.0
11/03/2009,8517.0
11/04/2009,8517.0
11/05/2009,8517.0
11/06/2009,8517.0
11/07/2009,8517.0
11/08/2009,8517.0
11/09/2009,8517.0
11/10/2009,8517.0
11/11/2009,8517.0
11/12/2009,8517.0
11/13/2009,8517.0
11/14/2009,8517.0
11/15/2009,8517.0
11/16/2009,8517.0
11/17/2009,8517.0
11/18/2009,8517.0
11/19/2009,8517.0
11/20/2009,8517.0
11/21/2009,8517.0
11/22/2009,8517.0
11/23/2009,8517.0
11/24/2009,8517.0
11/25/2009,8517.0
11/26/2009,8517.0
11/27/2009,8517.0
11/28/2009,8517.0
11/29/2009,8517.0
11/30/2009,8517.0
12/01/2009,8512.2
12/02/2009,8512.2
12/03/2009,8512.2
12/04/2009,8512.2
12/05/2009,8512.2
12/06/2009,8512.2
12/07/2009,8512.2
12/08/2009,8512.2
12/09/2009,8512.2
12/10/2009,8512.2
12/11/2009,8512.2
12/12/2009,8512.2
12/13/2009,8512.2
12/14/2009,8512.2
12/15/2009,8512.2
12/16/2009,8512.2
12/17/2009,8512.2
12/18/2009,8512.2
12/19/2009,8512.2
12/20/2009,8512.2
12/21/2009,8512.2
12/22/2009,8512.2
12/23/2009,8512.2
12/24/2009,8512.2
12/25/2009,8512.2
12/26/2009,8512.2
12/27/2009,8512.2
12/28/2009,8512.2
12/29/2009,8512.2
12/30/2009,8512.2
12/31/2009,8512.2
01/01/2010,8477.7
01/02/2010,8477.7
01/03/2010,8477.7
01/04/2010,8477.7
01/05/2010,8477.7
01/06/2010,8477.7
01/07/2010,8477.7
01/08/2010,8477.7
01/09/2010,8477.7
01/10/2010,8477.7
01/11/2010,8477.7
01/12/2010,8477.7
01/13/2010,8477.7
01/14/2010,8477.7
01/15/2010,8477.7
01/16/2010,8477.7
01/17/2010,8477.7
01/18/2010,8477.7
01/19/2010,8477.7
01/20/2010,8477.7
01/21/2010,8477.7
01/22/2010,8477.7
01/23/2010,8477.7
01/24/2010,8477.7
01/25/2010,8477.7
01/26/2010,8477.7
01/27/2010,8477.7
01/28/2010,8477.7
01/29/2010,8477.7
01/30/2010,8477.7
01/31/2010,8477.7
02/01/2010,8527.3
02/02/2010,8527.3
02/03/2010,8527.3
02/04/2010,8527.3
02/05/2010,8527.3
02/06/2010,8527.3
02/07/2010,8527.3
02/08/2010,8527.3
02/09/2010,8527.3
02/10/2010,8527.3
02/11/2010,8527.3
02/12/2010,8527.3
02/13/2010,8527.3
02/14/2010,8527.3
02/15/2010,8527.3
02/16/2010,8527.3
02/17/2010,8527.3
02/18/2010,8527.3
02/19/2010,8527.3
02/20/2010,8527.3
02/21/2010,8527.3
02/22/2010,8527.3
02/23/2010,8527.3
02/24/2010,8527.3
02/25/2010,8527.3
02/26/2010,8527.3
02/27/2010,8527.3
02/28/2010,8527.3
03/01/2010,8523.5
03/02/2010,8523.5
03/03/2010,8523.5
03/04/2010,8523.5
03/05/2010,8523.5
03/06/2010,8523.5
03/07/2010,8523.5
03/08/2010,8523.5
03/09/2010,8523.5
03/10/2010,8523.5
03/11/2010,8523.5
03/12/2010,8523.5
03/13/2010,8523.5
03/14/2010,8523.5
03/15/2010,8523.5
03/16/2010,8523.5
03/17/2010,8523.5
03/18/2010,8523.5
03/19/2010,8523.5
03/20/2010,8523.5
03/21/2010,8523.5
03/22/2010,8523.5
03/23/2010,8523.5
03/24/2010,8523.5
03/25/2010,8523.5
03/26/2010,8523.5
03/27/2010,8523.5
03/28/2010,8523.5
03/29/2010,8523.5
03/30/2010,8523.5
03/31/2010,8523.5
04/01/2010,8554.8
04/02/2010,8554.8
04/03/2010,8554.8
04/04/2010,8554.8
04/05/2010,8554.8
04/06/2010,8554.8
04/07/2010,8554.8
04/08/2010,8554.8
04/09/2010,8554.8
04/10/2010,8554.8
04/11/2010,8554.8
04/12/2010,8554.8
04/13/2010,8554.8
04/14/2010,8554.8
04/15/2010,8554.8
04/16/2010,8554.8
04/17/2010,8554.8
04/18/2010,8554.8
04/19/2010,8554.8
04/20/2010,8554.8
04/21/2010,8554.8
04/22/2010,8554.8
04/23/2010,8554.8
04/24/2010,8554.8
04/25/2010,8554.8
04/26/2010,8554.8
04/27/2010,8554.8
04/28/2010,8554.8
04/29/2010,8554.8
04/30/2010,8554.8
05/01/2010,8609.0
05/02/2010,8609.0
05/03/2010,8609.0
05/04/2010,8609.0
05/05/2010,8609.0
05/06/2010,8609.0
05/07/2010,8609.0
05/08/2010,8609.0
05/09/2010,8609.0
05/10/2010,8609.0
05/11/2010,8609.0
05/12/2010,8609.0
05/13/2010,8609.0
05/14/2010,8609.0
05/15/2010,8609.0
05/16/2010,8609.0
05/17/2010,8609.0
05/18/2010,8609.0
05/19/2010,8609.0
05/20/2010,8609.0
05/21/2010,8609.0
05/22/2010,8609.0
05/23/2010,8609.0
05/24/2010,8609.0
05/25/2010,8609.0
05/26/2010,8609.0
05/27/2010,8609.0
05/28/2010,8609.0
05/29/2010,8609.0
05/30/2010,8609.0
05/31/2010,8609.0
06/01/2010,8628.1
06/02/2010,8628.1
06/03/2010,8628.1
06/04/2010,8628.1
06/05/2010,8628.1
06/06/2010,8628.1
06/07/2010,8628.1
06/08/2010,8628.1
06/09/2010,8628.1
06/10/2010,8628.1
06/11/2010,8628.1
06/12/2010,8628.1
06/13/2010,8628.1
06/14/2010,8628.1
06/15/2010,8628.1
06/16/2010,8628.1
06/17/2010,8628.1
06/18/2010,8628.1
06/19/2010,8628.1
06/20/2010,8628.1
06/21/2010,8628.1
06/22/2010,8628.1
06/23/2010,8628.1
06/24/2010,8628.1
06/25/2010,8628.1
06/26/2010,8628.1
06/27/2010,8628.1
06/28/2010,8628.1
06/29/2010,8628.1
06/30/2010,8628.1
07/01/2010,8639.5
07/02/2010,8639.5
07/03/2010,8639.5
07/04/2010,8639.5
07/05/2010,8639.5
07/06/2010,8639.5
07/07/2010,8639.5
07/08/2010,8639.5
07/09/2010,8639.5
07/10/2010,8639.5
07/11/2010,8639.5
07/12/2010,8639.5
07/13/2010,8639.5
07/14/2010,8639.5
07/15/2010,8639.5
07/16/2010,8639.5
07/17/2010,8639.5
07/18/2010,8639.5
07/19/2010,8639.5
07/20/2010,8639.5
07/21/2010,8639.5
07/22/2010,8639.5
07/23/2010,8639.5
07/24/2010,8639.5
07/25/2010,8639.5
07/26/2010,8639.5
07/27/2010,8639.5
07/28/2010,8639.5
07/29/2010,8639.5
07/30/2010,8639.5
07/31/2010,8639.5
08/01/2010,8687.9
08/02/2010,8687.9
08/03/2010,8687.9
08/04/2010,8687.9
08/05/2010,8687.9
08/06/2010,8687.9
08/07/2010,8687.9
08/08/2010,8687.9
08/09/2010,8687.9
08/10/2010,8687.9
08/11/2010,8687.9
08/12/2010,8687.9
08/13/2010,8687.9
08/14/2010,8687.9
08/15/2010,8687.9
08/16/2010,8687.9
08/17/2010,8687.9
08/18/2010,8687.9
08/19/2010,8687.9
08/20/2010,8687.9
08/21/2010,8687.9
08/22/2010,8687.9
08/23/2010,8687.9
08/24/2010,8687.9
08/25/2010,8687.9
08/26/2010,8687.9
08/27/2010,8687.9
08/28/2010,8687.9
08/29/2010,8687.9
08/30/2010,8687.9
08/31/2010,8687.9
09/01/2010,8718.7
09/02/2010,8718.7
09/03/2010,8718.7
09/04/2010,8718.7
09/05/2010,8718.7
09/06/2010,8718.7
09/07/2010,8718.7
09/08/2010,8718.7
09/09/2010,8718.7
09/10/2010,8718.7
09/11/2010,8718.7
09/12/2010,8718.7
09/13/2010,8718.7
09/14/2010,8718.7
09/15/2010,8718.7
09/16/2010,8718.7
09/17/2010,8718.7
09/18/2010,8718.7
09/19/2010,8718.7
09/20/2010,8718.7
09/21/2010,8718.7
09/22/2010,8718.7
09/23/2010,8718.7
09/24/2010,8718.7
09/25/2010,8718.7
09/26/2010,8718.7
09/27/2010,8718.7
09/28/2010,8718.7
09/29/2010,8718.7
09/30/2010,8718.7
10/01/2010,8768.4
10/02/2010,8768.4
10/03/2010,8768.4
10/04/2010,8768.4
10/05/2010,8768.4
10/06/2010,8768.4
10/07/2010,8768.4
10/08/2010,8768.4
10/09/2010,8768.4
10/10/2010,8768.4
10/11/2010,8768.4
10/12/2010,8768.4
10/13/2010,8768.4
10/14/2010,8768.4
10/15/2010,8768.4
10/16/2010,8768.4
10/17/2010,8768.4
10/18/2010,8768.4
10/19/2010,8768.4
10/20/2010,8768.4
10/21/2010,8768.4
10/22/2010,8768.4
10/23/2010,8768.4
10/24/2010,8768.4
10/25/2010,8768.4
10/26/2010,8768.4
10/27/2010,8768.4
10/28/2010,8768.4
10/29/2010,8768.4
10/30/2010,8768.4
10/31/2010,8768.4
11/01/2010,8789.0
11/02/2010,8789.0
11/03/2010,8789.0
11/04/2010,8789.0
11/05/2010,8789.0
11/06/2010,8789.0
11/07/2010,8789.0
11/08/2010,8789.0
11/09/2010,8789.0
11/10/2010,8789.0
11/11/2010,8789.0
11/12/2010,8789.0
11/13/2010,8789.0
11/14/2010,8789.0
11/15/2010,8789.0
11/16/2010,8789.0
11/17/2010,8789.0
11/18/2010,8789.0
11/19/2010,8789.0
11/20/2010,8789.0
11/21/2010,8789.0
11/22/2010,8789.0
11/23/2010,8789.0
11/24/2010,8789.0
11/25/2010,8789.0
11/26/2010,8789.0
11/27/2010,8789.0
11/28/2010,8789.0
11/29/2010,8789.0
11/30/2010,8789.0
12/01/2010,8822.7
12/02/2010,8822.7
12/03/2010,8822.7
12/04/2010,8822.7
12/05/2010,8822.7
12/06/2010,8822.7
12/07/2010,8822.7
12/08/2010,8822.7
12/09/2010,8822.7
12/10/2010,8822.7
12/11/2010,8822.7
12/12/2010,8822.7
12/13/2010,8822.7
12/14/2010,8822.7
12/15/2010,8822.7
12/16/2010,8822.7
12/17/2010,8822.7
12/18/2010,8822.7
12/19/2010,8822.7
12/20/2010,8822.7
12/21/2010,8822.7
12/22/2010,8822.7
12/23/2010,8822.7
12/24/2010,8822.7
12/25/2010,8822.7
12/26/2010,8822.7
12/27/2010,8822.7
12/28/2010,8822.7
12/29/2010,8822.7
12/30/2010,8822.7
12/31/2010,8822.7
01/01/2011,8845.0
01/02/2011,8845.0
01/03/2011,8845.0
01/04/2011,8845.0
01/05/2011,8845.0
01/06/2011,8845.0
01/07/2011,8845.0
01/08/2011,8845.0
01/09/2011,8845.0
01/10/2011,8845.0
01/11/2011,8845.0
01/12/2011,8845.0
01/13/2011,8845.0
01/14/2011,8845.0
01/15/2011,8845.0
01/16/2011,8845.0
01/17/2011,8845.0
01/18/2011,8845.0
01/19/2011,8845.0
01/20/2011,8845.0
01/21/2011,8845.0
01/22/2011,8845.0
01/23/2011,8845.0
01/24/2011,8845.0
01/25/2011,8845.0
01/26/2011,8845.0
01/27/2011,8845.0
01/28/2011,8845.0
01/29/2011,8845.0
01/30/2011,8845.0
01/31/2011,8845.0
02/01/2011,8908.8
02/02/2011,8908.8
02/03/2011,8908.8
02/04/2011,8908.8
02/05/2011,8908.8
02/06/2011,8908.8
02/07/2011,8908.8
02/08/2011,8908.8
02/09/2011,8908.8
02/10/2011,8908.8
02/11/2011,8908.8
02/12/2011,8908.8
02/13/2011,8908.8
02/14/2011,8908.8
02/15/2011,8908.8
02/16/2011,8908.8
02/17/2011,8908.8
02/18/2011,8908.8
02/19/2011,8908.8
02/20/2011,8908.8
02/21/2011,8908.8
02/22/2011,8908.8
02/23/2011,8908.8
02/24/2011,8908.8
02/25/2011,8908.8
02/26/2011,8908.8
02/27/2011,8908.8
02/28/2011,8908.8
03/01/2011,8966.8
03/02/2011,8966.8
03/03/2011,8966.8
03/04/2011,8966.8
03/05/2011,8966.8
03/06/2011,8966.8
03/07/2011,8966.8
03/08/2011,8966.8
03/09/2011,8966.8
03/10/2011,8966.8
03/11/2011,8966.8
03/12/2011,8966.8
03/13/2011,8966.8
03/14/2011,8966.8
03/15/2011,8966.8
03/16/2011,8966.8
03/17/2011,8966.8
03/18/2011,8966.8
03/19/2011,8966.8
03/20/2011,8966.8
03/21/2011,8966.8
03/22/2011,8966.8
03/23/2011,8966.8
03/24/2011,8966.8
03/25/2011,8966.8
03/26/2011,8966.8
03/27/2011,8966.8
03/28/2011,8966.8
03/29/2011,8966.8
03/30/2011,8966.8
03/31/2011,8966.8
04/01/2011,9030.2
04/02/2011,9030.2
04/03/2011,9030.2
04/04/2011,9030.2
04/05/2011,9030.2
04/06/2011,9030.2
04/07/2011,9030.2
04/08/2011,9030.2
04/09/2011,9030.2
04/10/2011,9030.2
04/11/2011,9030.2
04/12/2011,9030.2
04/13/2011,9030.2
04/14/2011,9030.2
04/15/2011,9030.2
04/16/2011,9030.2
04/17/2011,9030.2
04/18/2011,9030.2
04/19/2011,9030.2
04/20/2011,9030.2
04/21/2011,9030.2
04/22/2011,9030.2
04/23/2011,9030.2
04/24/2011,9030.2
04/25/2011,9030.2
04/26/2011,9030.2
04/27/2011,9030.2
04/28/2011,9030.2
04/29/2011,9030.2
04/30/2011,9030.2
05/01/2011,9102.5
05/02/2011,9102.5
05/03/2011,9102.5
05/04/2011,9102.5
05/05/2011,9102.5
05/06/2011,9102.5
05/07/2011,9102.5
05/08/2011,9102.5
05/09/2011,9102.5
05/10/2011,9102.5
05/11/2011,9102.5
05/12/2011,9102.5
05/13/2011,9102.5
05/14/2011,9102.5
05/15/2011,9102.5
05/16/2011,9102.5
05/17/2011,9102.5
05/18/2011,9102.5
05/19/2011,9102.5
05/20/2011,9102.5
05/21/2011,9102.5
05/22/2011,9102.5
05/23/2011,9102.5
05/24/2011,9102.5
05/25/2011,9102.5
05/26/2011,9102.5
05/27/2011,9102.5
05/28/2011,9102.5
05/29/2011,9102.5
05/30/2011,9102.5
05/31/2011,9102.5
06/01/2011,9176.5
06/02/2011,9176.5
06/03/2011,9176.5
06/04/2011,9176.5
06/05/2011,9176.5
06/06/2011,9176.5
06/07/2011,9176.5
06/08/2011,9176.5
06/09/2011,9176.5
06/10/2011,9176.5
06/11/2011,9176.5
06/12/2011,9176.5
06/13/2011,9176.5
06/14/2011,9176.5
06/15/2011,9176.5
06/16/2011,9176.5
06/17/2011,9176.5
06/18/2011,9176.5
06/19/2011,9176.5
06/20/2011,9176.5
06/21/2011,9176.5
06/22/2011,9176.5
06/23/2011,9176.5
06/24/2011,9176.5
06/25/2011,9176.5
06/26/2011,9176.5
06/27/2011,9176.5
06/28/2011,9176.5
06/29/2011,9176.5
06/30/2011,9176.5
07/01/2011,9338.4
07/02/2011,9338.4
07/03/2011,9338.4
07/04/2011,9338.4
07/05/2011,9338.4
07/06/2011,9338.4
07/07/2011,9338.4
07/08/2011,9338.4
07/09/2011,9338.4
07/10/2011,9338.4
07/11/2011,9338.4
07/12/2011,9338.4
07/13/2011,9338.4
07/14/2011,9338.4
07/15/2011,9338.4
07/16/2011,9338.4
07/17/2011,9338.4
07/18/2011,9338.4
07/19/2011,9338.4
07/20/2011,9338.4
07/21/2011,9338.4
07/22/2011,9338.4
07/23/2011,9338.4
07/24/2011,9338.4
07/25/2011,9338.4
07/26/2011,9338.4
07/27/2011,9338.4
07/28/2011,9338.4
07/29/2011,9338.4
07/30/2011,9338.4
07/31/2011,9338.4
08/01/2011,9524.9
08/02/2011,9524.9
08/03/2011,9524.9
08/04/2011,9524.9
08/05/2011,9524.9
08/06/2011,9524.9
08/07/2011,9524.9
08/08/2011,9524.9
08/09/2011,9524.9
08/10/2011,9524.9
08/11/2011,9524.9
08/12/2011,9524.9
08/13/2011,9524.9
08/14/2011,9524.9
08/15/2011,9524.9
08/16/2011,9524.9
08/17/2011,9524.9
08/18/2011,9524.9
08/19/2011,9524.9
08/20/2011,9524.9
08/21/2011,9524.9
08/22/2011,9524.9
08/23/2011,9524.9
08/24/2011,9524.9
08/25/2011,9524.9
08/26/2011,9524.9
08/27/2011,9524.9
08/28/2011,9524.9
08/29/2011,9524.9
08/30/2011,9524.9
08/31/2011,9524.9
09/01/2011,9545.1
09/02/2011,9545.1
09/03/2011,9545.1
09/04/2011,9545.1
09/05/2011,9545.1
09/06/2011,9545.1
09/07/2011,9545.1
09/08/2011,9545.1
09/09/2011,9545.1
09/10/2011,9545.1
09/11/2011,9545.1
09/12/2011,9545.1
09/13/2011,9545.1
09/14/2011,9545.1
09/15/2011,9545.1
09/16/2011,9545.1
09/17/2011,9545.1
09/18/2011,9545.1
09/19/2011,9545.1
09/20/2011,9545.1
09/21/2011,9545.1
09/22/2011,9545.1
09/23/2011,9545.1
09/24/2011,9545.1
09/25/2011,9545.1
09/26/2011,9545.1
09/27/2011,9545.1
09/28/2011,9545.1
09/29/2011,9545.1
09/30/2011,9545.1
10/01/2011,9577.9
10/02/2011,9577.9
10/03/2011,9577.9
10/04/2011,9577.9
10/05/2011,9577.9
10/06/2011,9577.9
10/07/2011,9577.9
10/08/2011,9577.9
10/09/2011,9577.9
10/10/2011,9577.9
10/11/2011,9577.9
10/12/2011,9577.9
10/13/2011,9577.9
10/14/2011,9577.9
10/15/2011,9577.9
10/16/2011,9577.9
10/17/2011,9577.9
10/18/2011,9577.9
10/19/2011,9577.9
10/20/2011,9577.9
10/21/2011,9577.9
10/22/2011,9577.9
10/23/2011,9577.9
10/24/2011,9577.9
10/25/2011,9577.9
10/26/2011,9577.9
10/27/2011,9577.9
10/28/2011,9577.9
10/29/2011,9577.9
10/30/2011,9577.9
10/31/2011,9577.9
11/01/2011,9629.5
11/02/2011,9629.5
11/03/2011,9629.5
11/04/2011,9629.5
11/05/2011,9629.5
11/06/2011,9629.5
11/07/2011,9629.5
11/08/2011,9629.5
11/09/2011,9629.5
11/10/2011,9629.5
11/11/2011,9629.5
11/12/2011,9629.5
11/13/2011,9629.5
11/14/2011,9629.5
11/15/2011,9629.5
11/16/2011,9629.5
11/17/2011,9629.5
11/18/2011,9629.5
11/19/2011,9629.5
11/20/2011,9629.5
11/21/2011,9629.5
11/22/2011,9629.5
11/23/2011,9629.5
11/24/2011,9629.5
11/25/2011,9629.5
11/26/2011,9629.5
11/27/2011,9629.5
11/28/2011,9629.5
11/29/2011,9629.5
11/30/2011,9629.5
12/01/2011,9677.1
12/02/2011,9677.1
12/03/2011,9677.1
12/04/2011,9677.1
12/05/2011,9677.1
12/06/2011,9677.1
12/07/2011,9677.1
12/08/2011,9677.1
12/09/2011,9677.1
12/10/2011,9677.1
12/11/2011,9677.1
12/12/2011,9677.1
12/13/2011,9677.1
12/14/2011,9677.1
12/15/2011,9677.1
12/16/2011,9677.1
12/17/2011,9677.1
12/18/2011,9677.1
12/19/2011,9677.1
12/20/2011,9677.1
12/21/2011,9677.1
12/22/2011,9677.1
12/23/2011,9677.1
12/24/2011,9677.1
12/25/2011,9677.1
12/26/2011,9677.1
12/27/2011,9677.1
12/28/2011,9677.1
12/29/2011,9677.1
12/30/2011,9677.1
12/31/2011,9677.1
01/01/2012,9750.3
01/02/2012,9750.3
01/03/2012,9750.3
01/04/2012,9750.3
01/05/2012,9750.3
01/06/2012,9750.3
01/07/2012,9750.3
01/08/2012,9750.3
01/09/2012,9750.3
01/10/2012,9750.3
01/11/2012,9750.3
01/12/2012,9750.3
01/13/2012,9750.3
01/14/2012,9750.3
01/15/2012,9750.3
01/16/2012,9750.3
01/17/2012,9750.3
01/18/2012,9750.3
01/19/2012,9750.3
01/20/2012,9750.3
01/21/2012,9750.3
01/22/2012,9750.3
01/23/2012,9750.3
01/24/2012,9750.3
01/25/2012,9750.3
01/26/2012,9750.3
01/27/2012,9750.3
01/28/2012,9750.3
01/29/2012,9750.3
01/30/2012,9750.3
01/31/2012,9750.3
02/01/2012,9802.0
02/02/2012,9802.0
02/03/2012,9802.0
02/04/2012,9802.0
02/05/2012,9802.0
02/06/2012,9802.0
02/07/2012,9802.0
02/08/2012,9802.0
02/09/2012,9802.0
02/10/2012,9802.0
02/11/2012,9802.0
02/12/2012,9802.0
02/13/2012,9802.0
02/14/2012,9802.0
02/15/2012,9802.0
02/16/2012,9802.0
02/17/2012,9802.0
02/18/2012,9802.0
02/19/2012,9802.0
02/20/2012,9802.0
02/21/2012,9802.0
02/22/2012,9802.0
02/23/2012,9802.0
02/24/2012,9802.0
02/25/2012,9802.0
02/26/2012,9802.0
02/27/2012,9802.0
02/28/2012,9802.0
02/29/2012,9802.0
03/01/2012,9846.0
03/02/2012,9846.0
03/03/2012,9846.0
03/04/2012,9846.0
03/05/2012,9846.0
03/06/2012,9846.0
03/07/2012,9846.0
03/08/2012,9846.0
03/09/2012,9846.0
03/10/2012,9846.0
03/11/2012,9846.0
03/12/2012,9846.0
03/13/2012,9846.0
03/14/2012,9846.0
03/15/2012,9846.0
03/16/2012,9846.0
03/17/2012,9846.0
03/18/2012,9846.0
03/19/2012,9846.0
03/20/2012,9846.0
03/21/2012,9846.0
03/22/2012,9846.0
03/23/2012,9846.0
03/24/2012,9846.0
03/25/2012,9846.0
03/26/2012,9846.0
03/27/2012,9846.0
03/28/2012,9846.0
03/29/2012,9846.0
03/30/2012,9846.0
03/31/2012,9846.0
04/01/2012,9899.5
04/02/2012,9899.5
04/03/2012,9899.5
04/04/2012,9899.5
04/05/2012,9899.5
04/06/2012,9899.5
04/07/2012,9899.5
04/08/2012,9899.5
04/09/2012,9899.5
04/10/2012,9899.5
04/11/2012,9899.5
04/12/2012,9899.5
04/13/2012,9899.5
04/14/2012,9899.5
04/15/2012,9899.5
04/16/2012,9899.5
04/17/2012,9899.5
04/18/2012,9899.5
04/19/2012,9899.5
04/20/2012,9899.5
04/21/2012,9899.5
04/22/2012,9899.5
04/23/2012,9899.5
04/24/2012,9899.5
04/25/2012,9899.5
04/26/2012,9899.5
04/27/2012,9899.5
04/28/2012,9899.5
04/29/2012,9899.5
04/30/2012,9899.5
05/01/2012,9942.8
05/02/2012,9942.8
05/03/2012,9942.8
05/04/2012,9942.8
05/05/2012,9942.8
05/06/2012,9942.8
05/07/2012,9942.8
05/08/2012,9942.8
05/09/2012,9942.8
05/10/2012,9942.8
05/11/2012,9942.8
05/12/2012,9942.8
05/13/2012,9942.8
05/14/2012,9942.8
05/15/2012,9942.8
05/16/2012,9942.8
05/17/2012,9942.8
05/18/2012,9942.8
05/19/2012,9942.8
05/20/2012,9942.8
05/21/2012,9942.8
05/22/2012,9942.8
05/23/2012,9942.8
05/24/2012,9942.8
05/25/2012,9942.8
05/26/2012,9942.8
05/27/2012,9942.8
05/28/2012,9942.8
05/29/2012,9942.8
05/30/2012,9942.8
05/31/2012,9942.8
06/01/2012,10012.8
06/02/2012,10012.8
06/03/2012,10012.8
06/04/2012,10012.8
06/05/2012,10012.8
06/06/2012,10012.8
06/07/2012,10012.8
06/08/2012,10012.8
06/09/2012,10012.8
06/10/2012,10012.8
06/11/2012,10012.8
06/12/2012,10012.8
06/13/2012,10012.8
06/14/2012,10012.8
06/15/2012,10012.8
06/16/2012,10012.8
06/17/2012,10012.8
06/18/2012,10012.8
06/19/2012,10012.8
06/20/2012,10012.8
06/21/2012,10012.8
06/22/2012,10012.8
06/23/2012,10012.8
06/24/2012,10012.8
06/25/2012,10012.8
06/26/2012,10012.8
06/27/2012,10012.8
06/28/2012,10012.8
06/29/2012,10012.8
06/30/2012,10012.8
07/01/2012,10065.5
07/02/2012,10065.5
07/03/2012,10065.5
07/04/2012,10065.5
07/05/2012,10065.5
07/06/2012,10065.5
07/07/2012,10065.5
07/08/2012,10065.5
07/09/2012,10065.5
07/10/2012,10065.5
07/11/2012,10065.5
07/12/2012,10065.5
07/13/2012,10065.5
07/14/2012,10065.5
07/15/2012,10065.5
07/16/2012,10065.5
07/17/2012,10065.5
07/18/2012,10065.5
07/19/2012,10065.5
07/20/2012,10065.5
07/21/2012,10065.5
07/22/2012,10065.5
07/23/2012,10065.5
07/24/2012,10065.5
07/25/2012,10065.5
07/26/2012,10065.5
07/27/2012,10065.5
07/28/2012,10065.5
07/29/2012,10065.5
07/30/2012,10065.5
07/31/2012,10065.5
08/01/2012,10136.1
08/02/2012,10136.1
08/03/2012,10136.1
08/04/2012,10136.1
08/05/2012,10136.1
08/06/2012,10136.1
08/07/2012,10136.1
08/08/2012,10136.1
08/09/2012,10136.1
08/10/2012,10136.1
08/11/2012,10136.1
08/12/2012,10136.1
08/13/2012,10136.1
08/14/2012,10136.1
08/15/2012,10136.1
08/16/2012,10136.1
08/17/2012,10136.1
08/18/2012,10136.1
08/19/2012,10136.1
08/20/2012,10136.1
08/21/2012,10136.1
08/22/2012,10136.1
08/23/2012,10136.1
08/24/2012,10136.1
08/25/2012,10136.1
08/26/2012,10136.1
08/27/2012,10136.1
08/28/2012,10136.1
08/29/2012,10136.1
08/30/2012,10136.1
08/31/2012,10136.1
09/01/2012,10216.3
09/02/2012,10216.3
09/03/2012,10216.3
09/04/2012,10216.3
09/05/2012,10216.3
09/06/2012,10216.3
09/07/2012,10216.3
09/08/2012,10216.3
09/09/2012,10216.3
09/10/2012,10216.3
09/11/2012,10216.3
09/12/2012,10216.3
09/13/2012,10216.3
09/14/2012,10216.3
09/15/2012,10216.3
09/16/2012,10216.3
09/17/2012,10216.3
09/18/2012,10216.3
09/19/2012,10216.3
09/20/2012,10216.3
09/21/2012,10216.3
09/22/2012,10216.3
09/23/2012,10216.3
09/24/2012,10216.3
09/25/2012,10216.3
09/26/2012,10216.3
09/27/2012,10216.3
09/28/2012,10216.3
09/29/2012,10216.3
09/30/2012,10216.3
10/01/2012,10282.6
10/02/2012,10282.6
10/03/2012,10282.6
10/04/2012,10282.6
10/05/2012,10282.6
10/06/2012,10282.6
10/07/2012,10282.6
10/08/2012,10282.6
10/09/2012,10282.6
10/10/2012,10282.6
10/11/2012,10282.6
10/12/2012,10282.6
10/13/2012,10282.6
10/14/2012,10282.6
10/15/2012,10282.6
10/16/2012,10282.6
10/17/2012,10282.6
10/18/2012,10282.6
10/19/2012,10282.6
10/20/2012,10282.6
10/21/2012,10282.6
10/22/2012,10282.6
10/23/2012,10282.6
10/24/2012,10282.6
10/25/2012,10282.6
10/26/2012,10282.6
10/27/2012,10282.6
10/28/2012,10282.6
10/29/2012,10282.6
10/30/2012,10282.6
10/31/2012,10282.6
11/01/2012,10351.6
11/02/2012,10351.6
11/03/2012,10351.6
11/04/2012,10351.6
11/05/2012,10351.6
11/06/2012,10351.6
11/07/2012,10351.6
11/08/2012,10351.6
11/09/2012,10351.6
11/10/2012,10351.6
11/11/2012,10351.6
11/12/2012,10351.6
11/13/2012,10351.6
11/14/2012,10351.6
11/15/2012,10351.6
11/16/2012,10351.6
11/17/2012,10351.6
11/18/2012,10351.6
11/19/2012,10351.6
11/20/2012,10351.6
11/21/2012,10351.6
11/22/2012,10351.6
11/23/2012,10351.6
11/24/2012,10351.6
11/25/2012,10351.6
11/26/2012,10351.6
11/27/2012,10351.6
11/28/2012,10351.6
11/29/2012,10351.6
11/30/2012,10351.6
12/01/2012,10474.1
12/02/2012,10474.1
12/03/2012,10474.1
12/04/2012,10474.1
12/05/2012,10474.1
12/06/2012,10474.1
12/07/2012,10474.1
12/08/2012,10474.1
12/09/2012,10474.1
12/10/2012,10474.1
12/11/2012,10474.1
12/12/2012,10474.1
12/13/2012,10474.1
12/14/2012,10474.1
12/15/2012,10474.1
12/16/2012,10474.1
12/17/2012,10474.1
12/18/2012,10474.1
12/19/2012,10474.1
12/20/2012,10474.1
12/21/2012,10474.1
12/22/2012,10474.1
12/23/2012,10474.1
12/24/2012,10474.1
12/25/2012,10474.1
12/26/2012,10474.1
12/27/2012,10474.1
12/28/2012,10474.1
12/29/2012,10474.1
12/30/2012,10474.1
12/31/2012,10474.1
01/01/2013,10497.4
01/02/2013,10497.4
01/03/2013,10497.4
01/04/2013,10497.4
01/05/2013,10497.4
01/06/2013,10497.4
01/07/2013,10497.4
01/08/2013,10497.4
01/09/2013,10497.4
01/10/2013,10497.4
01/11/2013,10497.4
01/12/2013,10497.4
01/13/2013,10497.4
01/14/2013,10497.4
01/15/2013,10497.4
01/16/2013,10497.4
01/17/2013,10497.4
01/18/2013,10497.4
01/19/2013,10497.4
01/20/2013,10497.4
01/21/2013,10497.4
01/22/2013,10497.4
01/23/2013,10497.4
01/24/2013,10497.4
01/25/2013,10497.4
01/26/2013,10497.4
01/27/2013,10497.4
01/28/2013,10497.4
01/29/2013,10497.4
01/30/2013,10497.4
01/31/2013,10497.4
02/01/2013,10516.4
02/02/2013,10516.4
02/03/2013,10516.4
02/04/2013,10516.4
02/05/2013,10516.4
02/06/2013,10516.4
02/07/2013,10516.4
02/08/2013,10516.4
02/09/2013,10516.4
02/10/2013,10516.4
02/11/2013,10516.4
02/12/2013,10516.4
02/13/2013,10516.4
02/14/2013,10516.4
02/15/2013,10516.4
02/16/2013,10516.4
02/17/2013,10516.4
02/18/2013,10516.4
02/19/2013,10516.4
02/20/2013,10516.4
02/21/2013,10516.4
02/22/2013,10516.4
02/23/2013,10516.4
02/24/2013,10516.4
02/25/2013,10516.4
02/26/2013,10516.4
02/27/2013,10516.4
02/28/2013,10516.4
03/01/2013,10572.6
03/02/2013,10572.6
03/03/2013,10572.6
03/04/2013,10572.6
03/05/2013,10572.6
03/06/2013,10572.6
03/07/2013,10572.6
03/08/2013,10572.6
03/09/2013,10572.6
03/10/2013,10572.6
03/11/2013,10572.6
03/12/2013,10572.6
03/13/2013,10572.6
03/14/2013,10572.6
03/15/2013,10572.6
03/16/2013,10572.6
03/17/2013,10572.6
03/18/2013,10572.6
03/19/2013,10572.6
03/20/2013,10572.6
03/21/2013,10572.6
03/22/2013,10572.6
03/23/2013,10572.6
03/24/2013,10572.6
03/25/2013,10572.6
03/26/2013,10572.6
03/27/2013,10572.6
03/28/2013,10572.6
03/29/2013,10572.6
03/30/2013,10572.6
03/31/2013,10572.6
04/01/2013,10600.0
04/02/2013,10600.0
04/03/2013,10600.0
04/04/2013,10600.0
04/05/2013,10600.0
04/06/2013,10600.0
04/07/2013,10600.0
04/08/2013,10600.0
04/09/2013,10600.0
04/10/2013,10600.0
04/11/2013,10600.0
04/12/2013,10600.0
04/13/2013,10600.0
04/14/2013,10600.0
04/15/2013,10600.0
04/16/2013,10600.0
04/17/2013,10600.0
04/18/2013,10600.0
04/19/2013,10600.0
04/20/2013,10600.0
04/21/2013,10600.0
04/22/2013,10600.0
04/23/2013,10600.0
04/24/2013,10600.0
04/25/2013,10600.0
04/26/2013,10600.0
04/27/2013,10600.0
04/28/2013,10600.0
04/29/2013,10600.0
04/30/2013,10600.0
05/01/2013,10634.2
05/02/2013,10634.2
05/03/2013,10634.2
05/04/2013,10634.2
05/05/2013,10634.2
05/06/2013,10634.2
05/07/2013,10634.2
05/08/2013,10634.2
05/09/2013,10634.2
05/10/2013,10634.2
05/11/2013,10634.2
05/12/2013,10634.2
05/13/2013,10634.2
05/14/2013,10634.2
05/15/2013,10634.2
05/16/2013,10634.2
05/17/2013,10634.2
05/18/2013,10634.2
05/19/2013,10634.2
05/20/2013,10634.2
05/21/2013,10634.2
05/22/2013,10634.2
05/23/2013,10634.2
05/24/2013,10634.2
05/25/2013,10634.2
05/26/2013,10634.2
05/27/2013,10634.2
05/28/2013,10634.2
05/29/2013,10634.2
05/30/2013,10634.2
05/31/2013,10634.2
06/01/2013,10691.3
06/02/2013,10691.3
06/03/2013,10691.3
06/04/2013,10691.3
06/05/2013,10691.3
06/06/2013,10691.3
06/07/2013,10691.3
06/08/2013,10691.3
06/09/2013,10691.3
06/10/2013,10691.3
06/11/2013,10691.3
06/12/2013,10691.3
06/13/2013,10691.3
06/14/2013,10691.3
06/15/2013,10691.3
06/16/2013,10691.3
06/17/2013,10691.3
06/18/2013,10691.3
06/19/2013,10691.3
06/20/2013,10691.3
06/21/2013,10691.3
06/22/2013,10691.3
06/23/2013,10691.3
06/24/2013,10691.3
06/25/2013,10691.3
06/26/2013,10691.3
06/27/2013,10691.3
06/28/2013,10691.3
06/29/2013,10691.3
06/30/2013,10691.3
07/01/2013,10730.5
07/02/2013,10730.5
07/03/2013,10730.5
07/04/2013,10730.5
07/05/2013,10730.5
07/06/2013,10730.5
07/07/2013,10730.5
07/08/2013,10730.5
07/09/2013,10730.5
07/10/2013,10730.5
07/11/2013,10730.5
07/12/2013,10730.5
07/13/2013,10730.5
07/14/2013,10730.5
07/15/2013,10730.5
07/16/2013,10730.5
07/17/2013,10730.5
07/18/2013,10730.5
07/19/2013,10730.5
07/20/2013,10730.5
07/21/2013,10730.5
07/22/2013,10730.5
07/23/2013,10730.5
07/24/2013,10730.5
07/25/2013,10730.5
07/26/2013,10730.5
07/27/2013,10730.5
07/28/2013,10730.5
07/29/2013,10730.5
07/30/2013,10730.5
07/31/2013,10730.5
08/01/2013,10788.5
08/02/2013,10788.5
08/03/2013,10788.5
08/04/2013,10788.5
08/05/2013,10788.5
08/06/2013,10788.5
08/07/2013,10788.5
08/08/2013,10788.5
08/09/2013,10788.5
08/10/2013,10788.5
08/11/2013,10788.5
08/12/2013,10788.5
08/13/2013,10788.5
08/14/2013,10788.5
08/15/2013,10788.5
08/16/2013,10788.5
08/17/2013,10788.5
08/18/2013,10788.5
08/19/2013,10788.5
08/20/2013,10788.5
08/21/2013,10788.5
08/22/2013,10788.5
08/23/2013,10788.5
08/24/2013,10788.5
08/25/2013,10788.5
08/26/2013,10788.5
08/27/2013,10788.5
08/28/2013,10788.5
08/29/2013,10788.5
08/30/2013,10788.5
08/31/2013,10788.5
09/01/2013,10848.9
09/02/2013,10848.9
09/03/2013,10848.9
09/04/2013,10848.9
09/05/2013,10848.9
09/06/2013,10848.9
09/07/2013,10848.9
09/08/2013,10848.9
09/09/2013,10848.9
09/10/2013,10848.9
09/11/2013,10848.9
09/12/2013,10848.9
09/13/2013,10848.9
09/14/2013,10848.9
09/15/2013,10848.9
09/16/2013,10848.9
09/17/2013,10848.9
09/18/2013,10848.9
09/19/2013,10848.9
09/20/2013,10848.9
09/21/2013,10848.9
09/22/2013,10848.9
09/23/2013,10848.9
09/24/2013,10848.9
09/25/2013,10848.9
09/26/2013,10848.9
09/27/2013,10848.9
09/28/2013,10848.9
09/29/2013,10848.9
09/30/2013,10848.9
10/01/2013,10973.2
10/02/2013,10973.2
10/03/2013,10973.2
10/04/2013,10973.2
10/05/2013,10973.2
10/06/2013,10973.2
10/07/2013,10973.2
10/08/2013,10973.2
10/09/2013,10973.2
10/10/2013,10973.2
10/11/2013,10973.2
10/12/2013,10973.2
10/13/2013,10973.2
10/14/2013,10973.2
10/15/2013,10973.2
10/16/2013,10973.2
10/17/2013,10973.2
10/18/2013,10973.2
10/19/2013,10973.2
10/20/2013,10973.2
10/21/2013,10973.2
10/22/2013,10973.2
10/23/2013,10973.2
10/24/2013,10973.2
10/25/2013,10973.2
10/26/2013,10973.2
10/27/2013,10973.2
10/28/2013,10973.2
10/29/2013,10973.2
10/30/2013,10973.2
10/31/2013,10973.2
11/01/2013,10981.9
11/02/2013,10981.9
11/03/2013,10981.9
11/04/2013,10981.9
11/05/2013,10981.9
11/06/2013,10981.9
11/07/2013,10981.9
11/08/2013,10981.9
11/09/2013,10981.9
11/10/2013,10981.9
11/11/2013,10981.9
11/12/2013,10981.9
11/13/2013,10981.9
11/14/2013,10981.9
11/15/2013,10981.9
11/16/2013,10981.9
11/17/2013,10981.9
11/18/2013,10981.9
11/19/2013,10981.9
11/20/2013,10981.9
11/21/2013,10981.9
11/22/2013,10981.9
11/23/2013,10981.9
11/24/2013,10981.9
11/25/2013,10981.9
11/26/2013,10981.9
11/27/2013,10981.9
11/28/2013,10981.9
11/29/2013,10981.9
11/30/2013,10981.9
12/01/2013,11046.9
12/02/2013,11046.9
12/03/2013,11046.9
12/04/2013,11046.9
12/05/2013,11046.9
12/06/2013,11046.9
12/07/2013,11046.9
12/08/2013,11046.9
12/09/2013,11046.9
12/10/2013,11046.9
12/11/2013,11046.9
12/12/2013,11046.9
12/13/2013,11046.9
12/14/2013,11046.9
12/15/2013,11046.9
12/16/2013,11046.9
12/17/2013,11046.9
12/18/2013,11046.9
12/19/2013,11046.9
12/20/2013,11046.9
12/21/2013,11046.9
12/22/2013,11046.9
12/23/2013,11046.9
12/24/2013,11046.9
12/25/2013,11046.9
12/26/2013,11046.9
12/27/2013,11046.9
12/28/2013,11046.9
12/29/2013,11046.9
12/30/2013,11046.9
12/31/2013,11046.9
01/01/2014,11116.6
01/02/2014,11116.6
01/03/2014,11116.6
01/04/2014,11116.6
01/05/2014,11116.6
01/06/2014,11116.6
01/07/2014,11116.6
01/08/2014,11116.6
01/09/2014,11116.6
01/10/2014,11116.6
01/11/2014,11116.6
01/12/2014,11116.6
01/13/2014,11116.6
01/14/2014,11116.6
01/15/2014,11116.6
01/16/2014,11116.6
01/17/2014,11116.6
01/18/2014,11116.6
01/19/2014,11116.6
01/20/2014,11116.6
01/21/2014,11116.6
01/22/2014,11116.6
01/23/2014,11116.6
01/24/2014,11116.6
01/25/2014,11116.6
01/26/2014,11116.6
01/27/2014,11116.6
01/28/2014,11116.6
01/29/2014,11116.6
01/30/2014,11116.6
01/31/2014,11116.6
02/01/2014,11182.3
02/02/2014,11182.3
02/03/2014,11182.3
02/04/2014,11182.3
02/05/2014,11182.3
02/06/2014,11182.3
02/07/2014,11182.3
02/08/2014,11182.3
02/09/2014,11182.3
02/10/2014,11182.3
02/11/2014,11182.3
02/12/2014,11182.3
02/13/2014,11182.3
02/14/2014,11182.3
02/15/2014,11182.3
02/16/2014,11182.3
02/17/2014,11182.3
02/18/2014,11182.3
02/19/2014,11182.3
02/20/2014,11182.3
02/21/2014,11182.3
02/22/2014,11182.3
02/23/2014,11182.3
02/24/2014,11182.3
02/25/2014,11182.3
02/26/2014,11182.3
02/27/2014,11182.3
02/28/2014,11182.3
03/01/2014,11218.2
03/02/2014,11218.2
03/03/2014,11218.2
03/04/2014,11218.2
03/05/2014,11218.2
03/06/2014,11218.2
03/07/2014,11218.2
03/08/2014,11218.2
03/09/2014,11218.2
03/10/2014,11218.2
03/11/2014,11218.2
03/12/2014,11218.2
03/13/2014,11218.2
03/14/2014,11218.2
03/15/2014,11218.2
03/16/2014,11218.2
03/17/2014,11218.2
03/18/2014,11218.2
03/19/2014,11218.2
03/20/2014,11218.2
03/21/2014,11218.2
03/22/2014,11218.2
03/23/2014,11218.2
03/24/2014,11218.2
03/25/2014,11218.2
03/26/2014,11218.2
03/27/2014,11218.2
03/28/2014,11218.2
03/29/2014,11218.2
03/30/2014,11218.2
03/31/2014,11218.2
04/01/2014,11263.1
04/02/2014,11263.1
04/03/2014,11263.1
04/04/2014,11263.1
04/05/2014,11263.1
04/06/2014,11263.1
04/07/2014,11263.1
04/08/2014,11263.1
04/09/2014,11263.1
04/10/2014,11263.1
04/11/2014,11263.1
04/12/2014,11263.1
04/13/2014,11263.1
04/14/2014,11263.1
04/15/2014,11263.1
04/16/2014,11263.1
04/17/2014,11263.1
04/18/2014,11263.1
04/19/2014,11263.1
04/20/2014,11263.1
04/21/2014,11263.1
04/22/2014,11263.1
04/23/2014,11263.1
04/24/2014,11263.1
04/25/2014,11263.1
04/26/2014,11263.1
04/27/2014,11263.1
04/28/2014,11263.1
04/29/2014,11263.1
04/30/2014,11263.1
05/01/2014,11327.6
05/02/2014,11327.6
05/03/2014,11327.6
05/04/2014,11327.6
05/05/2014,11327.6
05/06/2014,11327.6
05/07/2014,11327.6
05/08/2014,11327.6
05/09/2014,11327.6
05/10/2014,11327.6
05/11/2014,11327.6
05/12/2014,11327.6
05/13/2014,11327.6
05/14/2014,11327.6
05/15/2014,11327.6
05/16/2014,11327.6
05/17/2014,11327.6
05/18/2014,11327.6
05/19/2014,11327.6
05/20/2014,11327.6
05/21/2014,11327.6
05/22/2014,11327.6
05/23/2014,11327.6
05/24/2014,11327.6
05/25/2014,11327.6
05/26/2014,11327.6
05/27/2014,11327.6
05/28/2014,11327.6
05/29/2014,11327.6
05/30/2014,11327.6
05/31/2014,11327.6
06/01/2014,11382.8
06/02/2014,11382.8
06/03/2014,11382.8
06/04/2014,11382.8
06/05/2014,11382.8
06/06/2014,11382.8
06/07/2014,11382.8
06/08/2014,11382.8
06/09/2014,11382.8
06/10/2014,11382.8
06/11/2014,11382.8
06/12/2014,11382.8
06/13/2014,11382.8
06/14/2014,11382.8
06/15/2014,11382.8
06/16/2014,11382.8
06/17/2014,11382.8
06/18/2014,11382.8
06/19/2014,11382.8
06/20/2014,11382.8
06/21/2014,11382.8
06/22/2014,11382.8
06/23/2014,11382.8
06/24/2014,11382.8
06/25/2014,11382.8
06/26/2014,11382.8
06/27/2014,11382.8
06/28/2014,11382.8
06/29/2014,11382.8
06/30/2014,11382.8
07/01/2014,11437.5
07/02/2014,11437.5
07/03/2014,11437.5
07/04/2014,11437.5
07/05/2014,11437.5
07/06/2014,11437.5
07/07/2014,11437.5
07/08/2014,11437.5
07/09/2014,11437.5
07/10/2014,11437.5
07/11/2014,11437.5
07/12/2014,11437.5
07/13/2014,11437.5
07/14/2014,11437.5
07/15/2014,11437.5
07/16/2014,11437.5
07/17/2014,11437.5
07/18/2014,11437.5
07/19/2014,11437.5
07/20/2014,11437.5
07/21/2014,11437.5
07/22/2014,11437.5
07/23/2014,11437.5
07/24/2014,11437.5
07/25/2014,11437.5
07/26/2014,11437.5
07/27/2014,11437.5
07/28/2014,11437.5
07/29/2014,11437.5
07/30/2014,11437.5
07/31/2014,11437.5
08/01/2014,11461.6
08/02/2014,11461.6
08/03/2014,11461.6
08/04/2014,11461.6
08/05/2014,11461.6
08/06/2014,11461.6
08/07/2014,11461.6
08/08/2014,11461.6
08/09/2014,11461.6
08/10/2014,11461.6
08/11/2014,11461.6
08/12/2014,11461.6
08/13/2014,11461.6
08/14/2014,11461.6
08/15/2014,11461.6
08/16/2014,11461.6
08/17/2014,11461.6
08/18/2014,11461.6
08/19/2014,11461.6
08/20/2014,11461.6
08/21/2014,11461.6
08/22/2014,11461.6
08/23/2014,11461.6
08/24/2014,11461.6
08/25/2014,11461.6
08/26/2014,11461.6
08/27/2014,11461.6
08/28/2014,11461.6
08/29/2014,11461.6
08/30/2014,11461.6
08/31/2014,11461.6
09/01/2014,11502.8
09/02/2014,11502.8
09/03/2014,11502.8
09/04/2014,11502.8
09/05/2014,11502.8
09/06/2014,11502.8
09/07/2014,11502.8
09/08/2014,11502.8
09/09/2014,11502.8
09/10/2014,11502.8
09/11/2014,11502.8
09/12/2014,11502.8
09/13/2014,11502.8
09/14/2014,11502.8
09/15/2014,11502.8
09/16/2014,11502.8
09/17/2014,11502.8
09/18/2014,11502.8
09/19/2014,11502.8
09/20/2014,11502.8
09/21/2014,11502.8
09/22/2014,11502.8
09/23/2014,11502.8
09/24/2014,11502.8
09/25/2014,11502.8
09/26/2014,11502.8
09/27/2014,11502.8
09/28/2014,11502.8
09/29/2014,11502.8
09/30/2014,11502.8
10/01/2014,11576.6
10/02/2014,11576.6
10/03/2014,11576.6
10/04/2014,11576.6
10/05/2014,11576.6
10/06/2014,11576.6
10/07/2014,11576.6
10/08/2014,11576.6
10/09/2014,11576.6
10/10/2014,11576.6
10/11/2014,11576.6
10/12/2014,11576.6
10/13/2014,11576.6
10/14/2014,11576.6
10/15/2014,11576.6
10/16/2014,11576.6
10/17/2014,11576.6
10/18/2014,11576.6
10/19/2014,11576.6
10/20/2014,11576.6
10/21/2014,11576.6
10/22/2014,11576.6
10/23/2014,11576.6
10/24/2014,11576.6
10/25/2014,11576.6
10/26/2014,11576.6
10/27/2014,11576.6
10/28/2014,11576.6
10/29/2014,11576.6
10/30/2014,11576.6
10/31/2014,11576.6
11/01/2014,11617.3
11/02/2014,11617.3
11/03/2014,11617.3
11/04/2014,11617.3
11/05/2014,11617.3
11/06/2014,11617.3
11/07/2014,11617.3
11/08/2014,11617.3
11/09/2014,11617.3
11/10/2014,11617.3
11/11/2014,11617.3
11/12/2014,11617.3
11/13/2014,11617.3
11/14/2014,11617.3
11/15/2014,11617.3
11/16/2014,11617.3
11/17/2014,11617.3
11/18/2014,11617.3
11/19/2014,11617.3
11/20/2014,11617.3
11/21/2014,11617.3
11/22/2014,11617.3
11/23/2014,11617.3
11/24/2014,11617.3
11/25/2014,11617.3
11/26/2014,11617.3
11/27/2014,11617.3
11/28/2014,11617.3
11/29/2014,11617.3
11/30/2014,11617.3
12/01/2014,11701.0
12/02/2014,11701.0
12/03/2014,11701.0
12/04/2014,11701.0
12/05/2014,11701.0
12/06/2014,11701.0
12/07/2014,11701.0
12/08/2014,11701.0
12/09/2014,11701.0
12/10/2014,11701.0
12/11/2014,11701.0
12/12/2014,11701.0
12/13/2014,11701.0
12/14/2014,11701.0
12/15/2014,11701.0
12/16/2014,11701.0
12/17/2014,11701.0
12/18/2014,11701.0
12/19/2014,11701.0
12/20/2014,11701.0
12/21/2014,11701.0
12/22/2014,11701.0
12/23/2014,11701.0
12/24/2014,11701.0
12/25/2014,11701.0
12/26/2014,11701.0
12/27/2014,11701.0
12/28/2014,11701.0
12/29/2014,11701.0
12/30/2014,11701.0
12/31/2014,11701.0
01/01/2015,11787.8
01/02/2015,11787.8
01/03/2015,11787.8
01/04/2015,11787.8
01/05/2015,11787.8
01/06/2015,11787.8
01/07/2015,11787.8
01/08/2015,11787.8
01/09/2015,11787.8
01/10/2015,11787.8
01/11/2015,11787.8
01/12/2015,11787.8
01/13/2015,11787.8
01/14/2015,11787.8
01/15/2015,11787.8
01/16/2015,11787.8
01/17/2015,11787.8
01/18/2015,11787.8
01/19/2015,11787.8
01/20/2015,11787.8
01/21/2015,11787.8
01/22/2015,11787.8
01/23/2015,11787.8
01/24/2015,11787.8
01/25/2015,11787.8
01/26/2015,11787.8
01/27/2015,11787.8
01/28/2015,11787.8
01/29/2015,11787.8
01/30/2015,11787.8
01/31/2015,11787.8
02/01/2015,11904.7
02/02/2015,11904.7
02/03/2015,11904.7
02/04/2015,11904.7
02/05/2015,11904.7
02/06/2015,11904.7
02/07/2015,11904.7
02/08/2015,11904.7
02/09/2015,11904.7
02/10/2015,11904.7
02/11/2015,11904.7
02/12/2015,11904.7
02/13/2015,11904.7
02/14/2015,11904.7
02/15/2015,11904.7
02/16/2015,11904.7
02/17/2015,11904.7
02/18/2015,11904.7
02/19/2015,11904.7
02/20/2015,11904.7
02/21/2015,11904.7
02/22/2015,11904.7
02/23/2015,11904.7
02/24/2015,11904.7
02/25/2015,11904.7
02/26/2015,11904.7
02/27/2015,11904.7
02/28/2015,11904.7
03/01/2015,11902.8
03/02/2015,11902.8
03/03/2015,11902.8
03/04/2015,11902.8
03/05/2015,11902.8
03/06/2015,11902.8
03/07/2015,11902.8
03/08/2015,11902.8
03/09/2015,11902.8
03/10/2015,11902.8
03/11/2015,11902.8
03/12/2015,11902.8
03/13/2015,11902.8
03/14/2015,11902.8
03/15/2015,11902.8
03/16/2015,11902.8
03/17/2015,11902.8
03/18/2015,11902.8
03/19/2015,11902.8
03/20/2015,11902.8
03/21/2015,11902.8
03/22/2015,11902.8
03/23/2015,11902.8
03/24/2015,11902.8
03/25/2015,11902.8
03/26/2015,11902.8
03/27/2015,11902.8
03/28/2015,11902.8
03/29/2015,11902.8
03/30/2015,11902.8
03/31/2015,11902.8
04/01/2015,11936.7
04/02/2015,11936.7
04/03/2015,11936.7
04/04/2015,11936.7
04/05/2015,11936.7
04/06/2015,11936.7
04/07/2015,11936.7
04/08/2015,11936.7
04/09/2015,11936.7
04/10/2015,11936.7
04/11/2015,11936.7
04/12/2015,11936.7
04/13/2015,11936.7
04/14/2015,11936.7
04/15/2015,11936.7
04/16/2015,11936.7
04/17/2015,11936.7
04/18/2015,11936.7
04/19/2015,11936.7
04/20/2015,11936.7
04/21/2015,11936.7
04/22/2015,11936.7
04/23/2015,11936.7
04/24/2015,11936.7
04/25/2015,11936.7
04/26/2015,11936.7
04/27/2015,11936.7
04/28/2015,11936.7
04/29/2015,11936.7
04/30/2015,11936.7
05/01/2015,11964.2
05/02/2015,11964.2
05/03/2015,11964.2
05/04/2015,11964.2
05/05/2015,11964.2
05/06/2015,11964.2
05/07/2015,11964.2
05/08/2015,11964.2
05/09/2015,11964.2
05/10/2015,11964.2
05/11/2015,11964.2
05/12/2015,11964.2
05/13/2015,11964.2
05/14/2015,11964.2
05/15/2015,11964.2
05/16/2015,11964.2
05/17/2015,11964.2
05/18/2015,11964.2
05/19/2015,11964.2
05/20/2015,11964.2
05/21/2015,11964.2
05/22/2015,11964.2
05/23/2015,11964.2
05/24/2015,11964.2
05/25/2015,11964.2
05/26/2015,11964.2
05/27/2015,11964.2
05/28/2015,11964.2
05/29/2015,11964.2
05/30/2015,11964.2
05/31/2015,11964.2
06/01/2015,12004.6
06/02/2015,12004.6
06/03/2015,12004.6
06/04/2015,12004.6
06/05/2015,12004.6
06/06/2015,12004.6
06/07/2015,12004.6
06/08/2015,12004.6
06/09/2015,12004.6
06/10/2015,12004.6
06/11/2015,12004.6
06/12/2015,12004.6
06/13/2015,12004.6
06/14/2015,12004.6
06/15/2015,12004.6
06/16/2015,12004.6
06/17/2015,12004.6
06/18/2015,12004.6
06/19/2015,12004.6
06/20/2015,12004.6
06/21/2015,12004.6
06/22/2015,12004.6
06/23/2015,12004.6
06/24/2015,12004.6
06/25/2015,12004.6
06/26/2015,12004.6
06/27/2015,12004.6
06/28/2015,12004.6
06/29/2015,12004.6
06/30/2015,12004.6
07/01/2015,12048.3
07/02/2015,12048.3
07/03/2015,12048.3
07/04/2015,12048.3
07/05/2015,12048.3
07/06/2015,12048.3
07/07/2015,12048.3
07/08/2015,12048.3
07/09/2015,12048.3
07/10/2015,12048.3
07/11/2015,12048.3
07/12/2015,12048.3
07/13/2015,12048.3
07/14/2015,12048.3
07/15/2015,12048.3
07/16/2015,12048.3
07/17/2015,12048.3
07/18/2015,12048.3
07/19/2015,12048.3
07/20/2015,12048.3
07/21/2015,12048.3
07/22/2015,12048.3
07/23/2015,12048.3
07/24/2015,12048.3
07/25/2015,12048.3
07/26/2015,12048.3
07/27/2015,12048.3
07/28/2015,12048.3
07/29/2015,12048.3
07/30/2015,12048.3
07/31/2015,12048.3
08/01/2015,12093.1
08/02/2015,12093.1
08/03/2015,12093.1
08/04/2015,12093.1
08/05/2015,12093.1
08/06/2015,12093.1
08/07/2015,12093.1
08/08/2015,12093.1
08/09/2015,12093.1
08/10/2015,12093.1
08/11/2015,12093.1
08/12/2015,12093.1
08/13/2015,12093.1
08/14/2015,12093.1
08/15/2015,12093.1
08/16/2015,12093.1
08/17/2015,12093.1
08/18/2015,12093.1
08/19/2015,12093.1
08/20/2015,12093.1
08/21/2015,12093.1
08/22/2015,12093.1
08/23/2015,12093.1
08/24/2015,12093.1
08/25/2015,12093.1
08/26/2015,12093.1
08/27/2015,12093.1
08/28/2015,12093.1
08/29/2015,12093.1
08/30/2015,12093.1
08/31/2015,12093.1
09/01/2015,12154.3
09/02/2015,12154.3
09/03/2015,12154.3
09/04/2015,12154.3
09/05/2015,12154.3
09/06/2015,12154.3
09/07/2015,12154.3
09/08/2015,12154.3
09/09/2015,12154.3
09/10/2015,12154.3
09/11/2015,12154.3
09/12/2015,12154.3
09/13/2015,12154.3
09/14/2015,12154.3
09/15/2015,12154.3
09/16/2015,12154.3
09/17/2015,12154.3
09/18/2015,12154.3
09/19/2015,12154.3
09/20/2015,12154.3
09/21/2015,12154.3
09/22/2015,12154.3
09/23/2015,12154.3
09/24/2015,12154.3
09/25/2015,12154.3
09/26/2015,12154.3
09/27/2015,12154.3
09/28/2015,12154.3
09/29/2015,12154.3
09/30/2015,12154.3
10/01/2015,12205.6
10/02/2015,12205.6
10/03/2015,12205.6
10/04/2015,12205.6
10/05/2015,12205.6
10/06/2015,12205.6
10/07/2015,12205.6
10/08/2015,12205.6
10/09/2015,12205.6
10/10/2015,12205.6
10/11/2015,12205.6
10/12/2015,12205.6
10/13/2015,12205.6
10/14/2015,12205.6
10/15/2015,12205.6
10/16/2015,12205.6
10/17/2015,12205.6
10/18/2015,12205.6
10/19/2015,12205.6
10/20/2015,12205.6
10/21/2015,12205.6
10/22/2015,12205.6
10/23/2015,12205.6
10/24/2015,12205.6
10/25/2015,12205.6
10/26/2015,12205.6
10/27/2015,12205.6
10/28/2015,12205.6
10/29/2015,12205.6
10/30/2015,12205.6
10/31/2015,12205.6
11/01/2015,12296.9
11/02/2015,12296.9
11/03/2015,12296.9
11/04/2015,12296.9
11/05/2015,12296.9
11/06/2015,12296.9
11/07/2015,12296.9
11/08/2015,12296.9
11/09/2015,12296.9
11/10/2015,12296.9
11/11/2015,12296.9
11/12/2015,12296.9
11/13/2015,12296.9
11/14/2015,12296.9
11/15/2015,12296.9
11/16/2015,12296.9
11/17/2015,12296.9
11/18/2015,12296.9
11/19/2015,12296.9
11/20/2015,12296.9
11/21/2015,12296.9
11/22/2015,12296.9
11/23/2015,12296.9
11/24/2015,12296.9
11/25/2015,12296.9
11/26/2015,12296.9
11/27/2015,12296.9
11/28/2015,12296.9
11/29/2015,12296.9
11/30/2015,12296.9
12/01/2015,12368.2
12/02/2015,12368.2
12/03/2015,12368.2
12/04/2015,12368.2
12/05/2015,12368.2
12/06/2015,12368.2
12/07/2015,12368.2
12/08/2015,12368.2
12/09/2015,12368.2
12/10/2015,12368.2
12/11/2015,12368.2
12/12/2015,12368.2
12/13/2015,12368.2
12/14/2015,12368.2
12/15/2015,12368.2
12/16/2015,12368.2
12/17/2015,12368.2
12/18/2015,12368.2
12/19/2015,12368.2
12/20/2015,12368.2
12/21/2015,12368.2
12/22/2015,12368.2
12/23/2015,12368.2
12/24/2015,12368.2
12/25/2015,12368.2
12/26/2015,12368.2
12/27/2015,12368.2
12/28/2015,12368.2
12/29/2015,12368.2
12/30/2015,12368.2
12/31/2015,12368.2
01/01/2016,12505.5
01/02/2016,12505.5
01/03/2016,12505.5
01/04/2016,12505.5
01/05/2016,12505.5
01/06/2016,12505.5
01/07/2016,12505.5
01/08/2016,12505.5
01/09/2016,12505.5
01/10/2016,12505.5
01/11/2016,12505.5
01/12/2016,12505.5
01/13/2016,12505.5
01/14/2016,12505.5
01/15/2016,12505.5
01/16/2016,12505.5
01/17/2016,12505.5
01/18/2016,12505.5
01/19/2016,12505.5
01/20/2016,12505.5
01/21/2016,12505.5
01/22/2016,12505.5
01/23/2016,12505.5
01/24/2016,12505.5
01/25/2016,12505.5
01/26/2016,12505.5
01/27/2016,12505.5
01/28/2016,12505.5
01/29/2016,12505.5
01/30/2016,12505.5
01/31/2016,12505.5
02/01/2016,12577.7
02/02/2016,12577.7
02/03/2016,12577.7
02/04/2016,12577.7
02/05/2016,12577.7
02/06/2016,12577.7
02/07/2016,12577.7
02/08/2016,12577.7
02/09/2016,12577.7
02/10/2016,12577.7
02/11/2016,12577.7
02/12/2016,12577.7
02/13/2016,12577.7
02/14/2016,12577.7
02/15/2016,12577.7
02/16/2016,12577.7
02/17/2016,12577.7
02/18/2016,12577.7
02/19/2016,12577.7
02/20/2016,12577.7
02/21/2016,12577.7
02/22/2016,12577.7
02/23/2016,12577.7
02/24/2016,12577.7
02/25/2016,12577.7
02/26/2016,12577.7
02/27/2016,12577.7
02/28/2016,12577.7
02/29/2016,12577.7
03/01/2016,12628.6
03/02/2016,12628.6
03/03/2016,12628.6
03/04/2016,12628.6
03/05/2016,12628.6
03/06/2016,12628.6
03/07/2016,12628.6
03/08/2016,12628.6
03/09/2016,12628.6
03/10/2016,12628.6
03/11/2016,12628.6
03/12/2016,12628.6
03/13/2016,12628.6
03/14/2016,12628.6
03/15/2016,12628.6
03/16/2016,12628.6
03/17/2016,12628.6
03/18/2016,12628.6
03/19/2016,12628.6
03/20/2016,12628.6
03/21/2016,12628.6
03/22/2016,12628.6
03/23/2016,12628.6
03/24/2016,12628.6
03/25/2016,12628.6
03/26/2016,12628.6
03/27/2016,12628.6
03/28/2016,12628.6
03/29/2016,12628.6
03/30/2016,12628.6
03/31/2016,12628.6
04/01/2016,12707.6
04/02/2016,12707.6
04/03/2016,12707.6
04/04/2016,12707.6
04/05/2016,12707.6
04/06/2016,12707.6
04/07/2016,12707.6
04/08/2016,12707.6
04/09/2016,12707.6
04/10/2016,12707.6
04/11/2016,12707.6
04/12/2016,12707.6
04/13/2016,12707.6
04/14/2016,12707.6
04/15/2016,12707.6
04/16/2016,12707.6
04/17/2016,12707.6
04/18/2016,12707.6
04/19/2016,12707.6
04/20/2016,12707.6
04/21/2016,12707.6
04/22/2016,12707.6
04/23/2016,12707.6
04/24/2016,12707.6
04/25/2016,12707.6
04/26/2016,12707.6
04/27/2016,12707.6
04/28/2016,12707.6
04/29/2016,12707.6
04/30/2016,12707.6
05/01/2016,12774.6
05/02/2016,12774.6
05/03/2016,12774.6
05/04/2016,12774.6
05/05/2016,12774.6
05/06/2016,12774.6
05/07/2016,12774.6
05/08/2016,12774.6
05/09/2016,12774.6
05/10/2016,12774.6
05/11/2016,12774.6
05/12/2016,12774.6
05/13/2016,12774.6
05/14/2016,12774.6
05/15/2016,12774.6
05/16/2016,12774.6
05/17/2016,12774.6
05/18/2016,12774.6
05/19/2016,12774.6
05/20/2016,12774.6
05/21/2016,12774.6
05/22/2016,12774.6
05/23/2016,12774.6
05/24/2016,12774.6
05/25/2016,12774.6
05/26/2016,12774.6
05/27/2016,12774.6
05/28/2016,12774.6
05/29/2016,12774.6
05/30/2016,12774.6
05/31/2016,12774.6
06/01/2016,12835.1
06/02/2016,12835.1
06/03/2016,12835.1
06/04/2016,12835.1
06/05/2016,12835.1
06/06/2016,12835.1
06/07/2016,12835.1
06/08/2016,12835.1
06/09/2016,12835.1
06/10/2016,12835.1
06/11/2016,12835.1
06/12/2016,12835.1
06/13/2016,12835.1
06/14/2016,12835.1
06/15/2016,12835.1
06/16/2016,12835.1
06/17/2016,12835.1
06/18/2016,12835.1
06/19/2016,12835.1
06/20/2016,12835.1
06/21/2016,12835.1
06/22/2016,12835.1
06/23/2016,12835.1
06/24/2016,12835.1
06/25/2016,12835.1
06/26/2016,12835.1
06/27/2016,12835.1
06/28/2016,12835.1
06/29/2016,12835.1
06/30/2016,12835.1
07/01/2016,12889.3
07/02/2016,12889.3
07/03/2016,12889.3
07/04/2016,12889.3
07/05/2016,12889.3
07/06/2016,12889.3
07/07/2016,12889.3
07/08/2016,12889.3
07/09/2016,12889.3
07/10/2016,12889.3
07/11/2016,12889.3
07/12/2016,12889.3
07/13/2016,12889.3
07/14/2016,12889.3
07/15/2016,12889.3
07/16/2016,12889.3
07/17/2016,12889.3
07/18/2016,12889.3
07/19/2016,12889.3
07/20/2016,12889.3
07/21/2016,12889.3
07/22/2016,12889.3
07/23/2016,12889.3
07/24/2016,12889.3
07/25/2016,12889.3
07/26/2016,12889.3
07/27/2016,12889.3
07/28/2016,12889.3
07/29/2016,12889.3
07/30/2016,12889.3
07/31/2016,12889.3
08/01/2016,12973.6
08/02/2016,12973.6
08/03/2016,12973.6
08/04/2016,12973.6
08/05/2016,12973.6
08/06/2016,12973.6
08/07/2016,12973.6
08/08/2016,12973.6
08/09/2016,12973.6
08/10/2016,12973.6
08/11/2016,12973.6
08/12/2016,12973.6
08/13/2016,12973.6
08/14/2016,12973.6
08/15/2016,12973.6
08/16/2016,12973.6
08/17/2016,12973.6
08/18/2016,12973.6
08/19/2016,12973.6
08/20/2016,12973.6
08/21/2016,12973.6
08/22/2016,12973.6
08/23/2016,12973.6
08/24/2016,12973.6
08/25/2016,12973.6
08/26/2016,12973.6
08/27/2016,12973.6
08/28/2016,12973.6
08/29/2016,12973.6
08/30/2016,12973.6
08/31/2016,12973.6
09/01/2016,13033.8
09/02/2016,13033.8
09/03/2016,13033.8
09/04/2016,13033.8
09/05/2016,13033.8
09/06/2016,13033.8
09/07/2016,13033.8
09/08/2016,13033.8
09/09/2016,13033.8
09/10/2016,13033.8
09/11/2016,13033.8
09/12/2016,13033.8
09/13/2016,13033.8
09/14/2016,13033.8
09/15/2016,13033.8
09/16/2016,13033.8
09/17/2016,13033.8
09/18/2016,13033.8
09/19/2016,13033.8
09/20/2016,13033.8
09/21/2016,13033.8
09/22/2016,13033.8
09/23/2016,13033.8
09/24/2016,13033.8
09/25/2016,13033.8
09/26/2016,13033.8
09/27/2016,13033.8
09/28/2016,13033.8
09/29/2016,13033.8
09/30/2016,13033.8
10/01/2016,13107.1
10/02/2016,13107.1
10/03/2016,13107.1
10/04/2016,13107.1
10/05/2016,13107.1
10/06/2016,13107.1
10/07/2016,13107.1
10/08/2016,13107.1
10/09/2016,13107.1
10/10/2016,13107.1
10/11/2016,13107.1
10/12/2016,13107.1
10/13/2016,13107.1
10/14/2016,13107.1
10/15/2016,13107.1
10/16/2016,13107.1
10/17/2016,13107.1
10/18/2016,13107.1
10/19/2016,13107.1
10/20/2016,13107.1
10/21/2016,13107.1
10/22/2016,13107.1
10/23/2016,13107.1
10/24/2016,13107.1
10/25/2016,13107.1
10/26/2016,13107.1
10/27/2016,13107.1
10/28/2016,13107.1
10/29/2016,13107.1
10/30/2016,13107.1
10/31/2016,13107.1
11/01/2016,13180.6
11/02/2016,13180.6
11/03/2016,13180.6
11/04/2016,13180.6
11/05/2016,13180.6
11/06/2016,13180.6
11/07/2016,13180.6
11/08/2016,13180.6
11/09/2016,13180.6
11/10/2016,13180.6
11/11/2016,13180.6
11/12/2016,13180.6
11/13/2016,13180.6
11/14/2016,13180.6
11/15/2016,13180.6
11/16/2016,13180.6
11/17/2016,13180.6
11/18/2016,13180.6
11/19/2016,13180.6
11/20/2016,13180.6
11/21/2016,13180.6
11/22/2016,13180.6
11/23/2016,13180.6
11/24/2016,13180.6
11/25/2016,13180.6
11/26/2016,13180.6
11/27/2016,13180.6
11/28/2016,13180.6
11/29/2016,13180.6
11/30/2016,13180.6
12/01/2016,13225.8
12/02/2016,13225.8
12/03/2016,13225.8
12/04/2016,13225.8
12/05/2016,13225.8
12/06/2016,13225.8
12/07/2016,13225.8
12/08/2016,13225.8
12/09/2016,13225.8
12/10/2016,13225.8
12/11/2016,13225.8
12/12/2016,13225.8
12/13/2016,13225.8
12/14/2016,13225.8
12/15/2016,13225.8
12/16/2016,13225.8
12/17/2016,13225.8
12/18/2016,13225.8
12/19/2016,13225.8
12/20/2016,13225.8
12/21/2016,13225.8
12/22/2016,13225.8
12/23/2016,13225.8
12/24/2016,13225.8
12/25/2016,13225.8
12/26/2016,13225.8
12/27/2016,13225.8
12/28/2016,13225.8
12/29/2016,13225.8
12/30/2016,13225.8
12/31/2016,13225.8
01/01/2017,13300.3
01/02/2017,13300.3
01/03/2017,13300.3
01/04/2017,13300.3
01/05/2017,13300.3
01/06/2017,13300.3
01/07/2017,13300.3
01/08/2017,13300.3
01/09/2017,13300.3
01/10/2017,13300.3
01/11/2017,13300.3
01/12/2017,13300.3
01/13/2017,13300.3
01/14/2017,13300.3
01/15/2017,13300.3
01/16/2017,13300.3
01/17/2017,13300.3
01/18/2017,13300.3
01/19/2017,13300.3
01/20/2017,13300.3
01/21/2017,13300.3
01/22/2017,13300.3
01/23/2017,13300.3
01/24/2017,13300.3
01/25/2017,13300.3
01/26/2017,13300.3
01/27/2017,13300.3
01/28/2017,13300.3
01/29/2017,13300.3
01/30/2017,13300.3
01/31/2017,13300.3
02/01/2017,13367.0
02/02/2017,13367.0
02/03/2017,13367.0
02/04/2017,13367.0
02/05/2017,13367.0
02/06/2017,13367.0
02/07/2017,13367.0
02/08/2017,13367.0
02/09/2017,13367.0
02/10/2017,13367.0
02/11/2017,13367.0
02/12/2017,13367.0
02/13/2017,13367.0
02/14/2017,13367.0
02/15/2017,13367.0
02/16/2017,13367.0
02/17/2017,13367.0
02/18/2017,13367.0
02/19/2017,13367.0
02/20/2017,13367.0
02/21/2017,13367.0
02/22/2017,13367.0
02/23/2017,13367.0
02/24/2017,13367.0
02/25/2017,13367.0
02/26/2017,13367.0
02/27/2017,13367.0
02/28/2017,13367.0
03/01/2017,13428.4
03/02/2017,13428.4
03/03/2017,13428.4
03/04/2017,13428.4
03/05/2017,13428.4
03/06/2017,13428.4
03/07/2017,13428.4
03/08/2017,13428.4
03/09/2017,13428.4
03/10/2017,13428.4
03/11/2017,13428.4
03/12/2017,13428.4
03/13/2017,13428.4
03/14/2017,13428.4
03/15/2017,13428.4
03/16/2017,13428.4
03/17/2017,13428.4
03/18/2017,13428.4
03/19/2017,13428.4
03/20/2017,13428.4
03/21/2017,13428.4
03/22/2017,13428.4
03/23/2017,13428.4
03/24/2017,13428.4
03/25/2017,13428.4
03/26/2017,13428.4
03/27/2017,13428.4
03/28/2017,13428.4
03/29/2017,13428.4
03/30/2017,13428.4
03/31/2017,13428.4
04/01/2017,13484.4
04/02/2017,13484.4
04/03/2017,13484.4
04/04/2017,13484.4
04/05/2017,13484.4
04/06/2017,13484.4
04/07/2017,13484.4
04/08/2017,13484.4
04/09/2017,13484.4
04/10/2017,13484.4
04/11/2017,13484.4
04/12/2017,13484.4
04/13/2017,13484.4
04/14/2017,13484.4
04/15/2017,13484.4
04/16/2017,13484.4
04/17/2017,13484.4
04/18/2017,13484.4
04/19/2017,13484.4
04/20/2017,13484.4
04/21/2017,13484.4
04/22/2017,13484.4
04/23/2017,13484.4
04/24/2017,13484.4
04/25/2017,13484.4
04/26/2017,13484.4
04/27/2017,13484.4
04/28/2017,13484.4
04/29/2017,13484.4
04/30/2017,13484.4
05/01/2017,13536.4
05/02/2017,13536.4
05/03/2017,13536.4
05/04/2017,13536.4
05/05/2017,13536.4
05/06/2017,13536.4
05/07/2017,13536.4
05/08/2017,13536.4
05/09/2017,13536.4
05/10/2017,13536.4
05/11/2017,13536.4
05/12/2017,13536.4
05/13/2017,13536.4
05/14/2017,13536.4
05/15/2017,13536.4
05/16/2017,13536.4
05/17/2017,13536.4
05/18/2017,13536.4
05/19/2017,13536.4
05/20/2017,13536.4
05/21/2017,13536.4
05/22/2017,13536.4
05/23/2017,13536.4
05/24/2017,13536.4
05/25/2017,13536.4
05/26/2017,13536.4
05/27/2017,13536.4
05/28/2017,13536.4
05/29/2017,13536.4
05/30/2017,13536.4
05/31/2017,13536.4
06/01/2017,13558.1
06/02/2017,13558.1
06/03/2017,13558.1
06/04/2017,13558.1
06/05/2017,13558.1
06/06/2017,13558.1
06/07/2017,13558.1
06/08/2017,13558.1
06/09/2017,13558.1
06/10/2017,13558.1
06/11/2017,13558.1
06/12/2017,13558.1
06/13/2017,13558.1
06/14/2017,13558.1
06/15/2017,13558.1
06/16/2017,13558.1
06/17/2017,13558.1
06/18/2017,13558.1
06/19/2017,13558.1
06/20/2017,13558.1
06/21/2017,13558.1
06/22/2017,13558.1
06/23/2017,13558.1
06/24/2017,13558.1
06/25/2017,13558.1
06/26/2017,13558.1
06/27/2017,13558.1
06/28/2017,13558.1
06/29/2017,13558.1
06/30/2017,13558.1
07/01/2017,13615.1
07/02/2017,13615.1
07/03/2017,13615.1
07/04/2017,13615.1
07/05/2017,13615.1
07/06/2017,13615.1
07/07/2017,13615.1
07/08/2017,13615.1
07/09/2017,13615.1
07/10/2017,13615.1
07/11/2017,13615.1
07/12/2017,13615.1
07/13/2017,13615.1
07/14/2017,13615.1
07/15/2017,13615.1
07/16/2017,13615.1
07/17/2017,13615.1
07/18/2017,13615.1
07/19/2017,13615.1
07/20/2017,13615.1
07/21/2017,13615.1
07/22/2017,13615.1
07/23/2017,13615.1
07/24/2017,13615.1
07/25/2017,13615.1
07/26/2017,13615.1
07/27/2017,13615.1
07/28/2017,13615.1
07/29/2017,13615.1
07/30/2017,13615.1
07/31/2017,13615.1
08/01/2017,13674.3
08/02/2017,13674.3
08/03/2017,13674.3
08/04/2017,13674.3
08/05/2017,13674.3
08/06/2017,13674.3
08/07/2017,13674.3
08/08/2017,13674.3
08/09/2017,13674.3
08/10/2017,13674.3
08/11/2017,13674.3
08/12/2017,13674.3
08/13/2017,13674.3
08/14/2017,13674.3
08/15/2017,13674.3
08/16/2017,13674.3
08/17/2017,13674.3
08/18/2017,13674.3
08/19/2017,13674.3
08/20/2017,13674.3
08/21/2017,13674.3
08/22/2017,13674.3
08/23/2017,13674.3
08/24/2017,13674.3
08/25/2017,13674.3
08/26/2017,13674.3
08/27/2017,13674.3
08/28/2017,13674.3
08/29/2017,13674.3
08/30/2017,13674.3
08/31/2017,13674.3
09/01/2017,13722.7
09/02/2017,13722.7
09/03/2017,13722.7
09/04/2017,13722.7
09/05/2017,13722.7
09/06/2017,13722.7
09/07/2017,13722.7
09/08/2017,13722.7
09/09/2017,13722.7
09/10/2017,13722.7
09/11/2017,13722.7
09/12/2017,13722.7
09/13/2017,13722.7
09/14/2017,13722.7
09/15/2017,13722.7
09/16/2017,13722.7
09/17/2017,13722.7
09/18/2017,13722.7
09/19/2017,13722.7
09/20/2017,13722.7
09/21/2017,13722.7
09/22/2017,13722.7
09/23/2017,13722.7
09/24/2017,13722.7
09/25/2017,13722.7
09/26/2017,13722.7
09/27/2017,13722.7
09/28/2017,13722.7
09/29/2017,13722.7
09/30/2017,13722.7
10/01/2017,13782.0
10/02/2017,13782.0
10/03/2017,13782.0
10/04/2017,13782.0
10/05/2017,13782.0
10/06/2017,13782.0
10/07/2017,13782.0
10/08/2017,13782.0
10/09/2017,13782.0
10/10/2017,13782.0
10/11/2017,13782.0
10/12/2017,13782.0
10/13/2017,13782.0
10/14/2017,13782.0
10/15/2017,13782.0
10/16/2017,13782.0
10/17/2017,13782.0
10/18/2017,13782.0
10/19/2017,13782.0
10/20/2017,13782.0
10/21/2017,13782.0
10/22/2017,13782.0
10/23/2017,13782.0
10/24/2017,13782.0
10/25/2017,13782.0
10/26/2017,13782.0
10/27/2017,13782.0
10/28/2017,13782.0
10/29/2017,13782.0
10/30/2017,13782.0
10/31/2017,13782.0
11/01/2017,13814.6
11/02/2017,13814.6
11/03/2017,13814.6
11/04/2017,13814.6
11/05/2017,13814.6
11/06/2017,13814.6
11/07/2017,13814.6
11/08/2017,13814.6
11/09/2017,13814.6
11/10/2017,13814.6
11/11/2017,13814.6
11/12/2017,13814.6
11/13/2017,13814.6
11/14/2017,13814.6
11/15/2017,13814.6
11/16/2017,13814.6
11/17/2017,13814.6
11/18/2017,13814.6
11/19/2017,13814.6
11/20/2017,13814.6
11/21/2017,13814.6
11/22/2017,13814.6
11/23/2017,13814.6
11/24/2017,13814.6
11/25/2017,13814.6
11/26/2017,13814.6
11/27/2017,13814.6
11/28/2017,13814.6
11/29/2017,13814.6
11/30/2017,13814.6
12/01/2017,13873.5
12/02/2017,13873.5
12/03/2017,13873.5
12/04/2017,13873.5
12/05/2017,13873.5
12/06/2017,13873.5
12/07/2017,13873.5
12/08/2017,13873.5
12/09/2017,13873.5
12/10/2017,13873.5
12/11/2017,13873.5
12/12/2017,13873.5
12/13/2017,13873.5
12/14/2017,13873.5
12/15/2017,13873.5
12/16/2017,13873.5
12/17/2017,13873.5
12/18/2017,13873.5
12/19/2017,13873.5
12/20/2017,13873.5
12/21/2017,13873.5
12/22/2017,13873.5
12/23/2017,13873.5
12/24/2017,13873.5
12/25/2017,13873.5
12/26/2017,13873.5
12/27/2017,13873.5
12/28/2017,13873.5
12/29/2017,13873.5
12/30/2017,13873.5
12/31/2017,13873.5
01/01/2018,13882.9
01/02/2018,13882.9
01/03/2018,13882.9
01/04/2018,13882.9
01/05/2018,13882.9
01/06/2018,13882.9
01/07/2018,13882.9
01/08/2018,13882.9
01/09/2018,13882.9
01/10/2018,13882.9
01/11/2018,13882.9
01/12/2018,13882.9
01/13/2018,13882.9
01/14/2018,13882.9
01/15/2018,13882.9
01/16/2018,13882.9
01/17/2018,13882.9
01/18/2018,13882.9
01/19/2018,13882.9
01/20/2018,13882.9
01/21/2018,13882.9
01/22/2018,13882.9
01/23/2018,13882.9
01/24/2018,13882.9
01/25/2018,13882.9
01/26/2018,13882.9
01/27/2018,13882.9
01/28/2018,13882.9
01/29/2018,13882.9
01/30/2018,13882.9
01/31/2018,13882.9
02/01/2018,13919.0
02/02/2018,13919.0
02/03/2018,13919.0
02/04/2018,13919.0
02/05/2018,13919.0
02/06/2018,13919.0
02/07/2018,13919.0
02/08/2018,13919.0
02/09/2018,13919.0
02/10/2018,13919.0
02/11/2018,13919.0
02/12/2018,13919.0
02/13/2018,13919.0
02/14/2018,13919.0
02/15/2018,13919.0
02/16/2018,13919.0
02/17/2018,13919.0
02/18/2018,13919.0
02/19/2018,13919.0
02/20/2018,13919.0
02/21/2018,13919.0
02/22/2018,13919.0
02/23/2018,13919.0
02/24/2018,13919.0
02/25/2018,13919.0
02/26/2018,13919.0
02/27/2018,13919.0
02/28/2018,13919.0
03/01/2018,13975.8
03/02/2018,13975.8
03/03/2018,13975.8
03/04/2018,13975.8
03/05/2018,13975.8
03/06/2018,13975.8
03/07/2018,13975.8
03/08/2018,13975.8
03/09/2018,13975.8
03/10/2018,13975.8
03/11/2018,13975.8
03/12/2018,13975.8
03/13/2018,13975.8
03/14/2018,13975.8
03/15/2018,13975.8
03/16/2018,13975.8
03/17/2018,13975.8
03/18/2018,13975.8
03/19/2018,13975.8
03/20/2018,13975.8
03/21/2018,13975.8
03/22/2018,13975.8
03/23/2018,13975.8
03/24/2018,13975.8
03/25/2018,13975.8
03/26/2018,13975.8
03/27/2018,13975.8
03/28/2018,13975.8
03/29/2018,13975.8
03/30/2018,13975.8
03/31/2018,13975.8
04/01/2018,13993.7
04/02/2018,13993.7
04/03/2018,13993.7
04/04/2018,13993.7
04/05/2018,13993.7
04/06/2018,13993.7
04/07/2018,13993.7
04/08/2018,13993.7
04/09/2018,13993.7
04/10/2018,13993.7
04/11/2018,13993.7
04/12/2018,13993.7
04/13/2018,13993.7
04/14/2018,13993.7
04/15/2018,13993.7
04/16/2018,13993.7
04/17/2018,13993.7
04/18/2018,13993.7
04/19/2018,13993.7
04/20/2018,13993.7
04/21/2018,13993.7
04/22/2018,13993.7
04/23/2018,13993.7
04/24/2018,13993.7
04/25/2018,13993.7
04/26/2018,13993.7
04/27/2018,13993.7
04/28/2018,13993.7
04/29/2018,13993.7
04/30/2018,13993.7
05/01/2018,14049.4
05/02/2018,14049.4
05/03/2018,14049.4
05/04/2018,14049.4
05/05/2018,14049.4
05/06/2018,14049.4
05/07/2018,14049.4
05/08/2018,14049.4
05/09/2018,14049.4
05/10/2018,14049.4
05/11/2018,14049.4
05/12/2018,14049.4
05/13/2018,14049.4
05/14/2018,14049.4
05/15/2018,14049.4
05/16/2018,14049.4
05/17/2018,14049.4
05/18/2018,14049.4
05/19/2018,14049.4
05/20/2018,14049.4
05/21/2018,14049.4
05/22/2018,14049.4
05/23/2018,14049.4
05/24/2018,14049.4
05/25/2018,14049.4
05/26/2018,14049.4
05/27/2018,14049.4
05/28/2018,14049.4
05/29/2018,14049.4
05/30/2018,14049.4
05/31/2018,14049.4
06/01/2018,14109.7
06/02/2018,14109.7
06/03/2018,14109.7
06/04/2018,14109.7
06/05/2018,14109.7
06/06/2018,14109.7
06/07/2018,14109.7
06/08/2018,14109.7
06/09/2018,14109.7
06/10/2018,14109.7
06/11/2018,14109.7
06/12/2018,14109.7
06/13/2018,14109.7
06/14/2018,14109.7
06/15/2018,14109.7
06/16/2018,14109.7
06/17/2018,14109.7
06/18/2018,14109.7
06/19/2018,14109.7
06/20/2018,14109.7
06/21/2018,14109.7
06/22/2018,14109.7
06/23/2018,14109.7
06/24/2018,14109.7
06/25/2018,14109.7
06/26/2018,14109.7
06/27/2018,14109.7
06/28/2018,14109.7
06/29/2018,14109.7
06/30/2018,14109.7
07/01/2018,14143.9
07/02/2018,14143.9
07/03/2018,14143.9
07/04/2018,14143.9
07/05/2018,14143.9
07/06/2018,14143.9
07/07/2018,14143.9
07/08/2018,14143.9
07/09/2018,14143.9
07/10/2018,14143.9
07/11/2018,14143.9
07/12/2018,14143.9
07/13/2018,14143.9
07/14/2018,14143.9
07/15/2018,14143.9
07/16/2018,14143.9
07/17/2018,14143.9
07/18/2018,14143.9
07/19/2018,14143.9
07/20/2018,14143.9
07/21/2018,14143.9
07/22/2018,14143.9
07/23/2018,14143.9
07/24/2018,14143.9
07/25/2018,14143.9
07/26/2018,14143.9
07/27/2018,14143.9
07/28/2018,14143.9
07/29/2018,14143.9
07/30/2018,14143.9
07/31/2018,14143.9
08/01/2018,14193.6
08/02/2018,14193.6
08/03/2018,14193.6
08/04/2018,14193.6
08/05/2018,14193.6
08/06/2018,14193.6
08/07/2018,14193.6
08/08/2018,14193.6
08/09/2018,14193.6
08/10/2018,14193.6
08/11/2018,14193.6
08/12/2018,14193.6
08/13/2018,14193.6
08/14/2018,14193.6
08/15/2018,14193.6
08/16/2018,14193.6
08/17/2018,14193.6
08/18/2018,14193.6
08/19/2018,14193.6
08/20/2018,14193.6
08/21/2018,14193.6
08/22/2018,14193.6
08/23/2018,14193.6
08/24/2018,14193.6
08/25/2018,14193.6
08/26/2018,14193.6
08/27/2018,14193.6
08/28/2018,14193.6
08/29/2018,14193.6
08/30/2018,14193.6
08/31/2018,14193.6
09/01/2018,14229.1
09/02/2018,14229.1
09/03/2018,14229.1
09/04/2018,14229.1
09/05/2018,14229.1
09/06/2018,14229.1
09/07/2018,14229.1
09/08/2018,14229.1
09/09/2018,14229.1
09/10/2018,14229.1
09/11/2018,14229.1
09/12/2018,14229.1
09/13/2018,14229.1
09/14/2018,14229.1
09/15/2018,14229.1
09/16/2018,14229.1
09/17/2018,14229.1
09/18/2018,14229.1
09/19/2018,14229.1
09/20/2018,14229.1
09/21/2018,14229.1
09/22/2018,14229.1
09/23/2018,14229.1
09/24/2018,14229.1
09/25/2018,14229.1
09/26/2018,14229.1
09/27/2018,14229.1
09/28/2018,14229.1
09/29/2018,14229.1
09/30/2018,14229.1
10/01/2018,14241.1
10/02/2018,14241.1
10/03/2018,14241.1
10/04/2018,14241.1
10/05/2018,14241.1
10/06/2018,14241.1
10/07/2018,14241.1
10/08/2018,14241.1
10/09/2018,14241.1
10/10/2018,14241.1
10/11/2018,14241.1
10/12/2018,14241.1
10/13/2018,14241.1
10/14/2018,14241.1
10/15/2018,14241.1
10/16/2018,14241.1
10/17/2018,14241.1
10/18/2018,14241.1
10/19/2018,14241.1
10/20/2018,14241.1
10/21/2018,14241.1
10/22/2018,14241.1
10/23/2018,14241.1
10/24/2018,14241.1
10/25/2018,14241.1
10/26/2018,14241.1
10/27/2018,14241.1
10/28/2018,14241.1
10/29/2018,14241.1
10/30/2018,14241.1
10/31/2018,14241.1
11/01/2018,14260.5
11/02/2018,14260.5
11/03/2018,14260.5
11/04/2018,14260.5
11/05/2018,14260.5
11/06/2018,14260.5
11/07/2018,14260.5
11/08/2018,14260.5
11/09/2018,14260.5
11/10/2018,14260.5
11/11/2018,14260.5
11/12/2018,14260.5
11/13/2018,14260.5
11/14/2018,14260.5
11/15/2018,14260.5
11/16/2018,14260.5
11/17/2018,14260.5
11/18/2018,14260.5
11/19/2018,14260.5
11/20/2018,14260.5
11/21/2018,14260.5
11/22/2018,14260.5
11/23/2018,14260.5
11/24/2018,14260.5
11/25/2018,14260.5
11/26/2018,14260.5
11/27/2018,14260.5
11/28/2018,14260.5
11/29/2018,14260.5
11/30/2018,14260.5
12/01/2018,14382.3
12/02/2018,14382.3
12/03/2018,14382.3
12/04/2018,14382.3
12/05/2018,14382.3
12/06/2018,14382.3
12/07/2018,14382.3
12/08/2018,14382.3
12/09/2018,14382.3
12/10/2018,14382.3
12/11/2018,14382.3
12/12/2018,14382.3
12/13/2018,14382.3
12/14/2018,14382.3
12/15/2018,14382.3
12/16/2018,14382.3
12/17/2018,14382.3
12/18/2018,14382.3
12/19/2018,14382.3
12/20/2018,14382.3
12/21/2018,14382.3
12/22/2018,14382.3
12/23/2018,14382.3
12/24/2018,14382.3
12/25/2018,14382.3
12/26/2018,14382.3
12/27/2018,14382.3
12/28/2018,14382.3
12/29/2018,14382.3
12/30/2018,14382.3
12/31/2018,14382.3
01/01/2019,14445.7
01/02/2019,14445.7
01/03/2019,14445.7
01/04/2019,14445.7
01/05/2019,14445.7
01/06/2019,14445.7
01/07/2019,14445.7
01/08/2019,14445.7
01/09/2019,14445.7
01/10/2019,14445.7
01/11/2019,14445.7
01/12/2019,14445.7
01/13/2019,14445.7
01/14/2019,14445.7
01/15/2019,14445.7
01/16/2019,14445.7
01/17/2019,14445.7
01/18/2019,14445.7
01/19/2019,14445.7
01/20/2019,14445.7
01/21/2019,14445.7
01/22/2019,14445.7
01/23/2019,14445.7
01/24/2019,14445.7
01/25/2019,14445.7
01/26/2019,14445.7
01/27/2019,14445.7
01/28/2019,14445.7
01/29/2019,14445.7
01/30/2019,14445.7
01/31/2019,14445.7
02/01/2019,14480.8
02/02/2019,14480.8
02/03/2019,14480.8
02/04/2019,14480.8
02/05/2019,14480.8
02/06/2019,14480.8
02/07/2019,14480.8
02/08/2019,14480.8
02/09/2019,14480.8
02/10/2019,14480.8
02/11/2019,14480.8
02/12/2019,14480.8
02/13/2019,14480.8
02/14/2019,14480.8
02/15/2019,14480.8
02/16/2019,14480.8
02/17/2019,14480.8
02/18/2019,14480.8
02/19/2019,14480.8
02/20/2019,14480.8
02/21/2019,14480.8
02/22/2019,14480.8
02/23/2019,14480.8
02/24/2019,14480.8
02/25/2019,14480.8
02/26/2019,14480.8
02/27/2019,14480.8
02/28/2019,14480.8
03/01/2019,14525.9
03/02/2019,14525.9
03/03/2019,14525.9
03/04/2019,14525.9
03/05/2019,14525.9
03/06/2019,14525.9
03/07/2019,14525.9
03/08/2019,14525.9
03/09/2019,14525.9
03/10/2019,14525.9
03/11/2019,14525.9
03/12/2019,14525.9
03/13/2019,14525.9
03/14/2019,14525.9
03/15/2019,14525.9
03/16/2019,14525.9
03/17/2019,14525.9
03/18/2019,14525.9
03/19/2019,14525.9
03/20/2019,14525.9
03/21/2019,14525.9
03/22/2019,14525.9
03/23/2019,14525.9
03/24/2019,14525.9
03/25/2019,14525.9
03/26/2019,14525.9
03/27/2019,14525.9
03/28/2019,14525.9
03/29/2019,14525.9
03/30/2019,14525.9
03/31/2019,14525.9
04/01/2019,14554.2
04/02/2019,14554.2
04/03/2019,14554.2
04/04/2019,14554.2
04/05/2019,14554.2
04/06/2019,14554.2
04/07/2019,14554.2
04/08/2019,14554.2
04/09/2019,14554.2
04/10/2019,14554.2
04/11/2019,14554.2
04/12/2019,14554.2
04/13/2019,14554.2
04/14/2019,14554.2
04/15/2019,14554.2
04/16/2019,14554.2
04/17/2019,14554.2
04/18/2019,14554.2
04/19/2019,14554.2
04/20/2019,14554.2
04/21/2019,14554.2
04/22/2019,14554.2
04/23/2019,14554.2
04/24/2019,14554.2
04/25/2019,14554.2
04/26/2019,14554.2
04/27/2019,14554.2
04/28/2019,14554.2
04/29/2019,14554.2
04/30/2019,14554.2
05/01/2019,14652.0
05/02/2019,14652.0
05/03/2019,14652.0
05/04/2019,14652.0
05/05/2019,14652.0
05/06/2019,14652.0
05/07/2019,14652.0
05/08/2019,14652.0
05/09/2019,14652.0
05/10/2019,14652.0
05/11/2019,14652.0
05/12/2019,14652.0
05/13/2019,14652.0
05/14/2019,14652.0
05/15/2019,14652.0
05/16/2019,14652.0
05/17/2019,14652.0
05/18/2019,14652.0
05/19/2019,14652.0
05/20/2019,14652.0
05/21/2019,14652.0
05/22/2019,14652.0
05/23/2019,14652.0
05/24/2019,14652.0
05/25/2019,14652.0
05/26/2019,14652.0
05/27/2019,14652.0
05/28/2019,14652.0
05/29/2019,14652.0
05/30/2019,14652.0
05/31/2019,14652.0
06/01/2019,14771.0
06/02/2019,14771.0
06/03/2019,14771.0
06/04/2019,14771.0
06/05/2019,14771.0
06/06/2019,14771.0
06/07/2019,14771.0
06/08/2019,14771.0
06/09/2019,14771.0
06/10/2019,14771.0
06/11/2019,14771.0
06/12/2019,14771.0
06/13/2019,14771.0
06/14/2019,14771.0
06/15/2019,14771.0
06/16/2019,14771.0
06/17/2019,14771.0
06/18/2019,14771.0
06/19/2019,14771.0
06/20/2019,14771.0
06/21/2019,14771.0
06/22/2019,14771.0
06/23/2019,14771.0
06/24/2019,14771.0
06/25/2019,14771.0
06/26/2019,14771.0
06/27/2019,14771.0
06/28/2019,14771.0
06/29/2019,14771.0
06/30/2019,14771.0
07/01/2019,14853.1
07/02/2019,14853.1
07/03/2019,14853.1
07/04/2019,14853.1
07/05/2019,14853.1
07/06/2019,14853.1
07/07/2019,14853.1
07/08/2019,14853.1
07/09/2019,14853.1
07/10/2019,14853.1
07/11/2019,14853.1
07/12/2019,14853.1
07/13/2019,14853.1
07/14/2019,14853.1
07/15/2019,14853.1
07/16/2019,14853.1
07/17/2019,14853.1
07/18/2019,14853.1
07/19/2019,14853.1
07/20/2019,14853.1
07/21/2019,14853.1
07/22/2019,14853.1
07/23/2019,14853.1
07/24/2019,14853.1
07/25/2019,14853.1
07/26/2019,14853.1
07/27/2019,14853.1
07/28/2019,14853.1
07/29/2019,14853.1
07/30/2019,14853.1
07/31/2019,14853.1
08/01/2019,14934.3
08/02/2019,14934.3
08/03/2019,14934.3
08/04/2019,14934.3
08/05/2019,14934.3
08/06/2019,14934.3
08/07/2019,14934.3
08/08/2019,14934.3
08/09/2019,14934.3
08/10/2019,14934.3
08/11/2019,14934.3
08/12/2019,14934.3
08/13/2019,14934.3
08/14/2019,14934.3
08/15/2019,14934.3
08/16/2019,14934.3
08/17/2019,14934.3
08/18/2019,14934.3
08/19/2019,14934.3
08/20/2019,14934.3
08/21/2019,14934.3
08/22/2019,14934.3
08/23/2019,14934.3
08/24/2019,14934.3
08/25/2019,14934.3
08/26/2019,14934.3
08/27/2019,14934.3
08/28/2019,14934.3
08/29/2019,14934.3
08/30/2019,14934.3
08/31/2019,14934.3
09/01/2019,15031.0
09/02/2019,15031.0
09/03/2019,15031.0
09/04/2019,15031.0
09/05/2019,15031.0
09/06/2019,15031.0
09/07/2019,15031.0
09/08/2019,15031.0
09/09/2019,15031.0
09/10/2019,15031.0
09/11/2019,15031.0
09/12/2019,15031.0
09/13/2019,15031.0
09/14/2019,15031.0
09/15/2019,15031.0
09/16/2019,15031.0
09/17/2019,15031.0
09/18/2019,15031.0
09/19/2019,15031.0
09/20/2019,15031.0
09/21/2019,15031.0
09/22/2019,15031.0
09/23/2019,15031.0
09/24/2019,15031.0
09/25/2019,15031.0
09/26/2019,15031.0
09/27/2019,15031.0
09/28/2019,15031.0
09/29/2019,15031.0
09/30/2019,15031.0
10/01/2019,15166.9
10/02/2019,15166.9
10/03/2019,15166.9
10/04/2019,15166.9
10/05/2019,15166.9
10/06/2019,15166.9
10/07/2019,15166.9
10/08/2019,15166.9
10/09/2019,15166.9
10/10/2019,15166.9
10/11/2019,15166.9
10/12/2019,15166.9
10/13/2019,15166.9
10/14/2019,15166.9
10/15/2019,15166.9
10/16/2019,15166.9
10/17/2019,15166.9
10/18/2019,15166.9
10/19/2019,15166.9
10/20/2019,15166.9
10/21/2019,15166.9
10/22/2019,15166.9
10/23/2019,15166.9
10/24/2019,15166.9
10/25/2019,15166.9
10/26/2019,15166.9
10/27/2019,15166.9
10/28/2019,15166.9
10/29/2019,15166.9
10/30/2019,15166.9
10/31/2019,15166.9
11/01/2019,15276.4
11/02/2019,15276.4
11/03/2019,15276.4
11/04/2019,15276.4
11/05/2019,15276.4
11/06/2019,15276.4
11/07/2019,15276.4
11/08/2019,15276.4
11/09/2019,15276.4
11/10/2019,15276.4
11/11/2019,15276.4
11/12/2019,15276.4
11/13/2019,15276.4
11/14/2019,15276.4
11/15/2019,15276.4
11/16/2019,15276.4
11/17/2019,15276.4
11/18/2019,15276.4
11/19/2019,15276.4
11/20/2019,15276.4
11/21/2019,15276.4
11/22/2019,15276.4
11/23/2019,15276.4
11/24/2019,15276.4
11/25/2019,15276.4
11/26/2019,15276.4
11/27/2019,15276.4
11/28/2019,15276.4
11/29/2019,15276.4
11/30/2019,15276.4
12/01/2019,15347.6
12/02/2019,15347.6
12/03/2019,15347.6
12/04/2019,15347.6
12/05/2019,15347.6
12/06/2019,15347.6
12/07/2019,15347.6
12/08/2019,15347.6
12/09/2019,15347.6
12/10/2019,15347.6
12/11/2019,15347.6
12/12/2019,15347.6
12/13/2019,15347.6
12/14/2019,15347.6
12/15/2019,15347.6
12/16/2019,15347.6
12/17/2019,15347.6
12/18/2019,15347.6
12/19/2019,15347.6
12/20/2019,15347.6
12/21/2019,15347.6
12/22/2019,15347.6
12/23/2019,15347.6
12/24/2019,15347.6
12/25/2019,15347.6
12/26/2019,15347.6
12/27/2019,15347.6
12/28/2019,15347.6
12/29/2019,15347.6
12/30/2019,15347.6
12/31/2019,15347.6
01/01/2020,15416.3
01/02/2020,15416.3
01/03/2020,15416.3
01/04/2020,15416.3
01/05/2020,15416.3
01/06/2020,15416.3
01/07/2020,15416.3
01/08/2020,15416.3
01/09/2020,15416.3
01/10/2020,15416.3
01/11/2020,15416.3
01/12/2020,15416.3
01/13/2020,15416.3
01/14/2020,15416.3
01/15/2020,15416.3
01/16/2020,15416.3
01/17/2020,15416.3
01/18/2020,15416.3
01/19/2020,15416.3
01/20/2020,15416.3
01/21/2020,15416.3
01/22/2020,15416.3
01/23/2020,15416.3
01/24/2020,15416.3
01/25/2020,15416.3
01/26/2020,15416.3
01/27/2020,15416.3
01/28/2020,15416.3
01/29/2020,15416.3
01/30/2020,15416.3
01/31/2020,15416.3
02/01/2020,15466.6
02/02/2020,15466.6
02/03/2020,15466.6
02/04/2020,15466.6
02/05/2020,15466.6
02/06/2020,15466.6
02/07/2020,15466.6
02/08/2020,15466.6
02/09/2020,15466.6
02/10/2020,15466.6
02/11/2020,15466.6
02/12/2020,15466.6
02/13/2020,15466.6
02/14/2020,15466.6
02/15/2020,15466.6
02/16/2020,15466.6
02/17/2020,15466.6
02/18/2020,15466.6
02/19/2020,15466.6
02/20/2020,15466.6
02/21/2020,15466.6
02/22/2020,15466.6
02/23/2020,15466.6
02/24/2020,15466.6
02/25/2020,15466.6
02/26/2020,15466.6
02/27/2020,15466.6
02/28/2020,15466.6
02/29/2020,15466.6
03/01/2020,15993.4
03/02/2020,15993.4
03/03/2020,15993.4
03/04/2020,15993.4
03/05/2020,15993.4
03/06/2020,15993.4
03/07/2020,15993.4
03/08/2020,15993.4
03/09/2020,15993.4
03/10/2020,15993.4
03/11/2020,15993.4
03/12/2020,15993.4
03/13/2020,15993.4
03/14/2020,15993.4
03/15/2020,15993.4
03/16/2020,15993.4
03/17/2020,15993.4
03/18/2020,15993.4
03/19/2020,15993.4
03/20/2020,15993.4
03/21/2020,15993.4
03/22/2020,15993.4
03/23/2020,15993.4
03/24/2020,15993.4
03/25/2020,15993.4
03/26/2020,15993.4
03/27/2020,15993.4
03/28/2020,15993.4
03/29/2020,15993.4
03/30/2020,15993.4
03/31/2020,15993.4
04/01/2020,17005.4
04/02/2020,17005.4
04/03/2020,17005.4
04/04/2020,17005.4
04/05/2020,17005.4
04/06/2020,17005.4
04/07/2020,17005.4
04/08/2020,17005.4
04/09/2020,17005.4
04/10/2020,17005.4
04/11/2020,17005.4
04/12/2020,17005.4
04/13/2020,17005.4
04/14/2020,17005.4
04/15/2020,17005.4
04/16/2020,17005.4
04/17/2020,17005.4
04/18/2020,17005.4
04/19/2020,17005.4
04/20/2020,17005.4
04/21/2020,17005.4
04/22/2020,17005.4
04/23/2020,17005.4
04/24/2020,17005.4
04/25/2020,17005.4
04/26/2020,17005.4
04/27/2020,17005.4
04/28/2020,17005.4
04/29/2020,17005.4
04/30/2020,17005.4
05/01/2020,17852.9
05/02/2020,17852.9
05/03/2020,17852.9
05/04/2020,17852.9
05/05/2020,17852.9
05/06/2020,17852.9
05/07/2020,17852.9
05/08/2020,17852.9
05/09/2020,17852.9
05/10/2020,17852.9
05/11/2020,17852.9
05/12/2020,17852.9
05/13/2020,17852.9
05/14/2020,17852.9
05/15/2020,17852.9
05/16/2020,17852.9
05/17/2020,17852.9
05/18/2020,17852.9
05/19/2020,17852.9
05/20/2020,17852.9
05/21/2020,17852.9
05/22/2020,17852.9
05/23/2020,17852.9
05/24/2020,17852.9
05/25/2020,17852.9
05/26/2020,17852.9
05/27/2020,17852.9
05/28/2020,17852.9
05/29/2020,17852.9
05/30/2020,17852.9
05/31/2020,17852.9
06/01/2020,18140.6
06/02/2020,18140.6
06/03/2020,18140.6
06/04/2020,18140.6
06/05/2020,18140.6
06/06/2020,18140.6
06/07/2020,18140.6
06/08/2020,18140.6
06/09/2020,18140.6
06/10/2020,18140.6
06/11/2020,18140.6
06/12/2020,18140.6
06/13/2020,18140.6
06/14/2020,18140.6
06/15/2020,18140.6
06/16/2020,18140.6
06/17/2020,18140.6
06/18/2020,18140.6
06/19/2020,18140.6
06/20/2020,18140.6
06/21/2020,18140.6
06/22/2020,18140.6
06/23/2020,18140.6
06/24/2020,18140.6
06/25/2020,18140.6
06/26/2020,18140.6
06/27/2020,18140.6
06/28/2020,18140.6
06/29/2020,18140.6
06/30/2020,18140.6
07/01/2020,18297.7
07/02/2020,18297.7
07/03/2020,18297.7
07/04/2020,18297.7
07/05/2020,18297.7
07/06/2020,18297.7
07/07/2020,18297.7
07/08/2020,18297.7
07/09/2020,18297.7
07/10/2020,18297.7
07/11/2020,18297.7
07/12/2020,18297.7
07/13/2020,18297.7
07/14/2020,18297.7
07/15/2020,18297.7
07/16/2020,18297.7
07/17/2020,18297.7
07/18/2020,18297.7
07/19/2020,18297.7
07/20/2020,18297.7
07/21/2020,18297.7
07/22/2020,18297.7
07/23/2020,18297.7
07/24/2020,18297.7
07/25/2020,18297.7
07/26/2020,18297.7
07/27/2020,18297.7
07/28/2020,18297.7
07/29/2020,18297.7
07/30/2020,18297.7
07/31/2020,18297.7
08/01/2020,18364.1
08/02/2020,18364.1
08/03/2020,18364.1
08/04/2020,18364.1
08/05/2020,18364.1
08/06/2020,18364.1
08/07/2020,18364.1
08/08/2020,18364.1
08/09/2020,18364.1
08/10/2020,18364.1
08/11/2020,18364.1
08/12/2020,18364.1
08/13/2020,18364.1
08/14/2020,18364.1
08/15/2020,18364.1
08/16/2020,18364.1
08/17/2020,18364.1
08/18/2020,18364.1
08/19/2020,18364.1
08/20/2020,18364.1
08/21/2020,18364.1
08/22/2020,18364.1
08/23/2020,18364.1
08/24/2020,18364.1
08/25/2020,18364.1
08/26/2020,18364.1
08/27/2020,18364.1
08/28/2020,18364.1
08/29/2020,18364.1
08/30/2020,18364.1
08/31/2020,18364.1
09/01/2020,18596.4
09/02/2020,18596.4
09/03/2020,18596.4
09/04/2020,18596.4
09/05/2020,18596.4
09/06/2020,18596.4
09/07/2020,18596.4
09/08/2020,18596.4
09/09/2020,18596.4
09/10/2020,18596.4
09/11/2020,18596.4
09/12/2020,18596.4
09/13/2020,18596.4
09/14/2020,18596.4
09/15/2020,18596.4
09/16/2020,18596.4
09/17/2020,18596.4
09/18/2020,18596.4
09/19/2020,18596.4
09/20/2020,18596.4
09/21/2020,18596.4
09/22/2020,18596.4
09/23/2020,18596.4
09/24/2020,18596.4
09/25/2020,18596.4
09/26/2020,18596.4
09/27/2020,18596.4
09/28/2020,18596.4
09/29/2020,18596.4
09/30/2020,18596.4
10/01/2020,18751.1
10/02/2020,18751.1
10/03/2020,18751.1
10/04/2020,18751.1
10/05/2020,18751.1
10/06/2020,18751.1
10/07/2020,18751.1
10/08/2020,18751.1
10/09/2020,18751.1
10/10/2020,18751.1
10/11/2020,18751.1
10/12/2020,18751.1
10/13/2020,18751.1
10/14/2020,18751.1
10/15/2020,18751.1
10/16/2020,18751.1
10/17/2020,18751.1
10/18/2020,18751.1
10/19/2020,18751.1
10/20/2020,18751.1
10/21/2020,18751.1
10/22/2020,18751.1
10/23/2020,18751.1
10/24/2020,18751.1
10/25/2020,18751.1
10/26/2020,18751.1
10/27/2020,18751.1
10/28/2020,18751.1
10/29/2020,18751.1
10/30/2020,18751.1
10/31/2020,18751.1
11/01/2020,18978.9
11/02/2020,18978.9
11/03/2020,18978.9
11/04/2020,18978.9
11/05/2020,18978.9
11/06/2020,18978.9
11/07/2020,18978.9
11/08/2020,18978.9
11/09/2020,18978.9
11/10/2020,18978.9
11/11/2020,18978.9
11/12/2020,18978.9
11/13/2020,18978.9
11/14/2020,18978.9
11/15/2020,18978.9
11/16/2020,18978.9
11/17/2020,18978.9
11/18/2020,18978.9
11/19/2020,18978.9
11/20/2020,18978.9
11/21/2020,18978.9
11/22/2020,18978.9
11/23/2020,18978.9
11/24/2020,18978.9
11/25/2020,18978.9
11/26/2020,18978.9
11/27/2020,18978.9
11/28/2020,18978.9
11/29/2020,18978.9
11/30/2020,18978.9
12/01/2020,19133.0
12/02/2020,19133.0
12/03/2020,19133.0
12/04/2020,19133.0
12/05/2020,19133.0
12/06/2020,19133.0
12/07/2020,19133.0
12/08/2020,19133.0
12/09/2020,19133.0
12/10/2020,19133.0
12/11/2020,19133.0
12/12/2020,19133.0
12/13/2020,19133.0
12/14/2020,19133.0
12/15/2020,19133.0
12/16/2020,19133.0
12/17/2020,19133.0
12/18/2020,19133.0
12/19/2020,19133.0
12/20/2020,19133.0
12/21/2020,19133.0
12/22/2020,19133.0
12/23/2020,19133.0
12/24/2020,19133.0
12/25/2020,19133.0
12/26/2020,19133.0
12/27/2020,19133.0
12/28/2020,19133.0
12/29/2020,19133.0
12/30/2020,19133.0
12/31/2020,19133.0
01/01/2021,19359.5
01/02/2021,19359.5
01/03/2021,19359.5
01/04/2021,19359.5
01/05/2021,19359.5
01/06/2021,19359.5
01/07/2021,19359.5
01/08/2021,19359.5
01/09/2021,19359.5
01/10/2021,19359.5
01/11/2021,19359.5
01/12/2021,19359.5
01/13/2021,19359.5
01/14/2021,19359.5
01/15/2021,19359.5
01/16/2021,19359.5
01/17/2021,19359.5
01/18/2021,19359.5
01/19/2021,19359.5
01/20/2021,19359.5
01/21/2021,19359.5
01/22/2021,19359.5
01/23/2021,19359.5
01/24/2021,19359.5
01/25/2021,19359.5
01/26/2021,19359.5
01/27/2021,19359.5
01/28/2021,19359.5
01/29/2021,19359.5
01/30/2021,19359.5
01/31/2021,19359.5
02/01/2021,19596.5
02/02/2021,19596.5
02/03/2021,19596.5
02/04/2021,19596.5
02/05/2021,19596.5
02/06/2021,19596.5
02/07/2021,19596.5
02/08/2021,19596.5
02/09/2021,19596.5
02/10/2021,19596.5
02/11/2021,19596.5
02/12/2021,19596.5
02/13/2021,19596.5
02/14/2021,19596.5
02/15/2021,19596.5
02/16/2021,19596.5
02/17/2021,19596.5
02/18/2021,19596.5
02/19/2021,19596.5
02/20/2021,19596.5
02/21/2021,19596.5
02/22/2021,19596.5
02/23/2021,19596.5
02/24/2021,19596.5
02/25/2021,19596.5
02/26/2021,19596.5
02/27/2021,19596.5
02/28/2021,19596.5
03/01/2021,19823.2
03/02/2021,19823.2
03/03/2021,19823.2
03/04/2021,19823.2
03/05/2021,19823.2
03/06/2021,19823.2
03/07/2021,19823.2
03/08/2021,19823.2
03/09/2021,19823.2
03/10/2021,19823.2
03/11/2021,19823.2
03/12/2021,19823.2
03/13/2021,19823.2
03/14/2021,19823.2
03/15/2021,19823.2
03/16/2021,19823.2
03/17/2021,19823.2
03/18/2021,19823.2
03/19/2021,19823.2
03/20/2021,19823.2
03/21/2021,19823.2
03/22/2021,19823.2
03/23/2021,19823.2
03/24/2021,19823.2
03/25/2021,19823.2
03/26/2021,19823.2
03/27/2021,19823.2
03/28/2021,19823.2
03/29/2021,19823.2
03/30/2021,19823.2
03/31/2021,19823.2
04/01/2021,20161.5
04/02/2021,20161.5
04/03/2021,20161.5
04/04/2021,20161.5
04/05/2021,20161.5
04/06/2021,20161.5
04/07/2021,20161.5
04/08/2021,20161.5
04/09/2021,20161.5
04/10/2021,20161.5
04/11/2021,20161.5
04/12/2021,20161.5
04/13/2021,20161.5
04/14/2021,20161.5
04/15/2021,20161.5
04/16/2021,20161.5
04/17/2021,20161.5
04/18/2021,20161.5
04/19/2021,20161.5
04/20/2021,20161.5
04/21/2021,20161.5
04/22/2021,20161.5
04/23/2021,20161.5
04/24/2021,20161.5
04/25/2021,20161.5
04/26/2021,20161.5
04/27/2021,20161.5
04/28/2021,20161.5
04/29/2021,20161.5
04/30/2021,20161.5
05/01/2021,20430.6
05/02/2021,20430.6
05/03/2021,20430.6
05/04/2021,20430.6
05/05/2021,20430.6
05/06/2021,20430.6
05/07/2021,20430.6
05/08/2021,20430.6
05/09/2021,20430.6
05/10/2021,20430.6
05/11/2021,20430.6
05/12/2021,20430.6
05/13/2021,20430.6
05/14/2021,20430.6
05/15/2021,20430.6
05/16/2021,20430.6
05/17/2021,20430.6
05/18/2021,20430.6
05/19/2021,20430.6
05/20/2021,20430.6
05/21/2021,20430.6
05/22/2021,20430.6
05/23/2021,20430.6
05/24/2021,20430.6
05/25/2021,20430.6
05/26/2021,20430.6
05/27/2021,20430.6
05/28/2021,20430.6
05/29/2021,20430.6
05/30/2021,20430.6
05/31/2021,20430.6
06/01/2021,20472.9
06/02/2021,20472.9
06/03/2021,20472.9
06/04/2021,20472.9
06/05/2021,20472.9
06/06/2021,20472.9
06/07/2021,20472.9
06/08/2021,20472.9
06/09/2021,20472.9
06/10/2021,20472.9
06/11/2021,20472.9
06/12/2021,20472.9
06/13/2021,20472.9
06/14/2021,20472.9
06/15/2021,20472.9
06/16/2021,20472.9
06/17/2021,20472.9
06/18/2021,20472.9
06/19/2021,20472.9
06/20/2021,20472.9
06/21/2021,20472.9
06/22/2021,20472.9
06/23/2021,20472.9
06/24/2021,20472.9
06/25/2021,20472.9
06/26/2021,20472.9
06/27/2021,20472.9
06/28/2021,20472.9
06/29/2021,20472.9
06/30/2021,20472.9
07/01/2021,20628.2
07/02/2021,20628.2
07/03/2021,20628.2
07/04/2021,20628.2
07/05/2021,20628.2
07/06/2021,20628.2
07/07/2021,20628.2
07/08/2021,20628.2
07/09/2021,20628.2
07/10/2021,20628.2
07/11/2021,20628.2
07/12/2021,20628.2
07/13/2021,20628.2
07/14/2021,20628.2
07/15/2021,20628.2
07/16/2021,20628.2
07/17/2021,20628.2
07/18/2021,20628.2
07/19/2021,20628.2
07/20/2021,20628.2
07/21/2021,20628.2
07/22/2021,20628.2
07/23/2021,20628.2
07/24/2021,20628.2
07/25/2021,20628.2
07/26/2021,20628.2
07/27/2021,20628.2
07/28/2021,20628.2
07/29/2021,20628.2
07/30/2021,20628.2
07/31/2021,20628.2
08/01/2021,20811.1
08/02/2021,20811.1
08/03/2021,20811.1
08/04/2021,20811.1
08/05/2021,20811.1
08/06/2021,20811.1
08/07/2021,20811.1
08/08/2021,20811.1
08/09/2021,20811.1
08/10/2021,20811.1
08/11/2021,20811.1
08/12/2021,20811.1
08/13/2021,20811.1
08/14/2021,20811.1
08/15/2021,20811.1
08/16/2021,20811.1
08/17/2021,20811.1
08/18/2021,20811.1
08/19/2021,20811.1
08/20/2021,20811.1
08/21/2021,20811.1
08/22/2021,20811.1
08/23/2021,20811.1
08/24/2021,20811.1
08/25/2021,20811.1
08/26/2021,20811.1
08/27/2021,20811.1
08/28/2021,20811.1
08/29/2021,20811.1
08/30/2021,20811.1
08/31/2021,20811.1
09/01/2021,20979.1
09/02/2021,20979.1
09/03/2021,20979.1
09/04/2021,20979.1
09/05/2021,20979.1
09/06/2021,20979.1
09/07/2021,20979.1
09/08/2021,20979.1
09/09/2021,20979.1
09/10/2021,20979.1
09/11/2021,20979.1
09/12/2021,20979.1
09/13/2021,20979.1
09/14/2021,20979.1
09/15/2021,20979.1
09/16/2021,20979.1
09/17/2021,20979.1
09/18/2021,20979.1
09/19/2021,20979.1
09/20/2021,20979.1
09/21/2021,20979.1
09/22/2021,20979.1
09/23/2021,20979.1
09/24/2021,20979.1
09/25/2021,20979.1
09/26/2021,20979.1
09/27/2021,20979.1
09/28/2021,20979.1
09/29/2021,20979.1
09/30/2021,20979.1
10/01/2021,21142.2
10/02/2021,21142.2
10/03/2021,21142.2
10/04/2021,21142.2
10/05/2021,21142.2
10/06/2021,21142.2
10/07/2021,21142.2
10/08/2021,21142.2
10/09/2021,21142.2
10/10/2021,21142.2
10/11/2021,21142.2
10/12/2021,21142.2
10/13/2021,21142.2
10/14/2021,21142.2
10/15/2021,21142.2
10/16/2021,21142.2
10/17/2021,21142.2
10/18/2021,21142.2
10/19/2021,21142.2
10/20/2021,21142.2
10/21/2021,21142.2
10/22/2021,21142.2
10/23/2021,21142.2
10/24/2021,21142.2
10/25/2021,21142.2
10/26/2021,21142.2
10/27/2021,21142.2
10/28/2021,21142.2
10/29/2021,21142.2
10/30/2021,21142.2
10/31/2021,21142.2
11/01/2021,21316.5
11/02/2021,21316.5
11/03/2021,21316.5
11/04/2021,21316.5
11/05/2021,21316.5
11/06/2021,21316.5
11/07/2021,21316.5
11/08/2021,21316.5
11/09/2021,21316.5
11/10/2021,21316.5
11/11/2021,21316.5
11/12/2021,21316.5
11/13/2021,21316.5
11/14/2021,21316.5
11/15/2021,21316.5
11/16/2021,21316.5
11/17/2021,21316.5
11/18/2021,21316.5
11/19/2021,21316.5
11/20/2021,21316.5
11/21/2021,21316.5
11/22/2021,21316.5
11/23/2021,21316.5
11/24/2021,21316.5
11/25/2021,21316.5
11/26/2021,21316.5
11/27/2021,21316.5
11/28/2021,21316.5
11/29/2021,21316.5
11/30/2021,21316.5
12/01/2021,21470.9
12/02/2021,21470.9
12/03/2021,21470.9
12/04/2021,21470.9
12/05/2021,21470.9
12/06/2021,21470.9
12/07/2021,21470.9
12/08/2021,21470.9
12/09/2021,21470.9
12/10/2021,21470.9
12/11/2021,21470.9
12/12/2021,21470.9
12/13/2021,21470.9
12/14/2021,21470.9
12/15/2021,21470.9
12/16/2021,21470.9
12/17/2021,21470.9
12/18/2021,21470.9
12/19/2021,21470.9
12/20/2021,21470.9
12/21/2021,21470.9
12/22/2021,21470.9
12/23/2021,21470.9
12/24/2021,21470.9
12/25/2021,21470.9
12/26/2021,21470.9
12/27/2021,21470.9
12/28/2021,21470.9
12/29/2021,21470.9
12/30/2021,21470.9
12/31/2021,21470.9
01/01/2022,21587.4
01/02/2022,21587.4
01/03/2022,21587.4
01/04/2022,21587.4
01/05/2022,21587.4
01/06/2022,21587.4
01/07/2022,21587.4
01/08/2022,21587.4
01/09/2022,21587.4
01/10/2022,21587.4
01/11/2022,21587.4
01/12/2022,21587.4
01/13/2022,21587.4
01/14/2022,21587.4
01/15/2022,21587.4
01/16/2022,21587.4
01/17/2022,21587.4
01/18/2022,21587.4
01/19/2022,21587.4
01/20/2022,21587.4
01/21/2022,21587.4
01/22/2022,21587.4
01/23/2022,21587.4
01/24/2022,21587.4
01/25/2022,21587.4
01/26/2022,21587.4
01/27/2022,21587.4
01/28/2022,21587.4
01/29/2022,21587.4
01/30/2022,21587.4
01/31/2022,21587.4
02/01/2022,21684.9
02/02/2022,21684.9
02/03/2022,21684.9
02/04/2022,21684.9
02/05/2022,21684.9
02/06/2022,21684.9
02/07/2022,21684.9
02/08/2022,21684.9
02/09/2022,21684.9
02/10/2022,21684.9
02/11/2022,21684.9
02/12/2022,21684.9
02/13/2022,21684.9
02/14/2022,21684.9
02/15/2022,21684.9
02/16/2022,21684.9
02/17/2022,21684.9
02/18/2022,21684.9
02/19/2022,21684.9
02/20/2022,21684.9
02/21/2022,21684.9
02/22/2022,21684.9
02/23/2022,21684.9
02/24/2022,21684.9
02/25/2022,21684.9
02/26/2022,21684.9
02/27/2022,21684.9
02/28/2022,21684.9
03/01/2022,21721.3
03/02/2022,21721.3
03/03/2022,21721.3
03/04/2022,21721.3
03/05/2022,21721.3
03/06/2022,21721.3
03/07/2022,21721.3
03/08/2022,21721.3
03/09/2022,21721.3
03/10/2022,21721.3
03/11/2022,21721.3
03/12/2022,21721.3
03/13/2022,21721.3
03/14/2022,21721.3
03/15/2022,21721.3
03/16/2022,21721.3
03/17/2022,21721.3
03/18/2022,21721.3
03/19/2022,21721.3
03/20/2022,21721.3
03/21/2022,21721.3
03/22/2022,21721.3
03/23/2022,21721.3
03/24/2022,21721.3
03/25/2022,21721.3
03/26/2022,21721.3
03/27/2022,21721.3
03/28/2022,21721.3
03/29/2022,21721.3
03/30/2022,21721.3
03/31/2022,21721.3
04/01/2022,21750.0
04/02/2022,21750.0
04/03/2022,21750.0
04/04/2022,21750.0
04/05/2022,21750.0
04/06/2022,21750.0
04/07/2022,21750.0
04/08/2022,21750.0
04/09/2022,21750.0
04/10/2022,21750.0
04/11/2022,21750.0
04/12/2022,21750.0
04/13/2022,21750.0
04/14/2022,21750.0
04/15/2022,21750.0
04/16/2022,21750.0
04/17/2022,21750.0
04/18/2022,21750.0
04/19/2022,21750.0
04/20/2022,21750.0
04/21/2022,21750.0
04/22/2022,21750.0
04/23/2022,21750.0
04/24/2022,21750.0
04/25/2022,21750.0
04/26/2022,21750.0
04/27/2022,21750.0
04/28/2022,21750.0
04/29/2022,21750.0
04/30/2022,21750.0
05/01/2022,21690.7
05/02/2022,21690.7
05/03/2022,21690.7
05/04/2022,21690.7
05/05/2022,21690.7
05/06/2022,21690.7
05/07/2022,21690.7
05/08/2022,21690.7
05/09/2022,21690.7
05/10/2022,21690.7
05/11/2022,21690.7
05/12/2022,21690.7
05/13/2022,21690.7
05/14/2022,21690.7
05/15/2022,21690.7
05/16/2022,21690.7
05/17/2022,21690.7
05/18/2022,21690.7
05/19/2022,21690.7
05/20/2022,21690.7
05/21/2022,21690.7
05/22/2022,21690.7
05/23/2022,21690.7
05/24/2022,21690.7
05/25/2022,21690.7
05/26/2022,21690.7
05/27/2022,21690.7
05/28/2022,21690.7
05/29/2022,21690.7
05/30/2022,21690.7
05/31/2022,21690.7
06/01/2022,21642.9
06/02/2022,21642.9
06/03/2022,21642.9
06/04/2022,21642.9
06/05/2022,21642.9
06/06/2022,21642.9
06/07/2022,21642.9
06/08/2022,21642.9
06/09/2022,21642.9
06/10/2022,21642.9
06/11/2022,21642.9
06/12/2022,21642.9
06/13/2022,21642.9
06/14/2022,21642.9
06/15/2022,21642.9
06/16/2022,21642.9
06/17/2022,21642.9
06/18/2022,21642.9
06/19/2022,21642.9
06/20/2022,21642.9
06/21/2022,21642.9
06/22/2022,21642.9
06/23/2022,21642.9
06/24/2022,21642.9
06/25/2022,21642.9
06/26/2022,21642.9
06/27/2022,21642.9
06/28/2022,21642.9
06/29/2022,21642.9
06/30/2022,21642.9
07/01/2022,21641.7
07/02/2022,21641.7
07/03/2022,21641.7
07/04/2022,21641.7
07/05/2022,21641.7
07/06/2022,21641.7
07/07/2022,21641.7
07/08/2022,21641.7
07/09/2022,21641.7
07/10/2022,21641.7
07/11/2022,21641.7
07/12/2022,21641.7
07/13/2022,21641.7
07/14/2022,21641.7
07/15/2022,21641.7
07/16/2022,21641.7
07/17/2022,21641.7
07/18/2022,21641.7
07/19/2022,21641.7
07/20/2022,21641.7
07/21/2022,21641.7
07/22/2022,21641.7
07/23/2022,21641.7
07/24/2022,21641.7
07/25/2022,21641.7
07/26/2022,21641.7
07/27/2022,21641.7
07/28/2022,21641.7
07/29/2022,21641.7
07/30/2022,21641.7
07/31/2022,21641.7
08/01/2022,21606.7
08/02/2022,21606.7
08/03/2022,21606.7
08/04/2022,21606.7
08/05/2022,21606.7
08/06/2022,21606.7
08/07/2022,21606.7
08/08/2022,21606.7
08/09/2022,21606.7
08/10/2022,21606.7
08/11/2022,21606.7
08/12/2022,21606.7
08/13/2022,21606.7
08/14/2022,21606.7
08/15/2022,21606.7
08/16/2022,21606.7
08/17/2022,21606.7
08/18/2022,21606.7
08/19/2022,21606.7
08/20/2022,21606.7
08/21/2022,21606.7
08/22/2022,21606.7
08/23/2022,21606.7
08/24/2022,21606.7
08/25/2022,21606.7
08/26/2022,21606.7
08/27/2022,21606.7
08/28/2022,21606.7
08/29/2022,21606.7
08/30/2022,21606.7
08/31/2022,21606.7
09/01/2022,21520.8
09/02/2022,21520.8
09/03/2022,21520.8
09/04/2022,21520.8
09/05/2022,21520.8
09/06/2022,21520.8
09/07/2022,21520.8
09/08/2022,21520.8
09/09/2022,21520.8
09/10/2022,21520.8
09/11/2022,21520.8
09/12/2022,21520.8
09/13/2022,21520.8
09/14/2022,21520.8
09/15/2022,21520.8
09/16/2022,21520.8
09/17/2022,21520.8
09/18/2022,21520.8
09/19/2022,21520.8
09/20/2022,21520.8
09/21/2022,21520.8
09/22/2022,21520.8
09/23/2022,21520.8
09/24/2022,21520.8
09/25/2022,21520.8
09/26/2022,21520.8
09/27/2022,21520.8
09/28/2022,21520.8
09/29/2022,21520.8
09/30/2022,21520.8
10/01/2022,21424.4
10/02/2022,21424.4
10/03/2022,21424.4
10/04/2022,21424.4
10/05/2022,21424.4
10/06/2022,21424.4
10/07/2022,21424.4
10/08/2022,21424.4
10/09/2022,21424.4
10/10/2022,21424.4
10/11/2022,21424.4
10/12/2022,21424.4
10/13/2022,21424.4
10/14/2022,21424.4
10/15/2022,21424.4
10/16/2022,21424.4
10/17/2022,21424.4
10/18/2022,21424.4
10/19/2022,21424.4
10/20/2022,21424.4
10/21/2022,21424.4
10/22/2022,21424.4
10/23/2022,21424.4
10/24/2022,21424.4
10/25/2022,21424.4
10/26/2022,21424.4
10/27/2022,21424.4
10/28/2022,21424.4
10/29/2022,21424.4
10/30/2022,21424.4
10/31/2022,21424.4
11/01/2022,21358.1
11/02/2022,21358.1
11/03/2022,21358.1
11/04/2022,21358.1
11/05/2022,21358.1
11/06/2022,21358.1
11/07/2022,21358.1
11/08/2022,21358.1
11/09/2022,21358.1
11/10/2022,21358.1
11/11/2022,21358.1
11/12/2022,21358.1
11/13/2022,21358.1
11/14/2022,21358.1
11/15/2022,21358.1
11/16/2022,21358.1
11/17/2022,21358.1
11/18/2022,21358.1
11/19/2022,21358.1
11/20/2022,21358.1
11/21/2022,21358.1
11/22/2022,21358.1
11/23/2022,21358.1
11/24/2022,21358.1
11/25/2022,21358.1
11/26/2022,21358.1
11/27/2022,21358.1
11/28/2022,21358.1
11/29/2022,21358.1
11/30/2022,21358.1
12/01/2022,21219.0
12/02/2022,21219.0
12/03/2022,21219.0
12/04/2022,21219.0
12/05/2022,21219.0
12/06/2022,21219.0
12/07/2022,21219.0
12/08/2022,21219.0
12/09/2022,21219.0
12/10/2022,21219.0
12/11/2022,21219.0
12/12/2022,21219.0
12/13/2022,21219.0
12/14/2022,21219.0
12/15/2022,21219.0
12/16/2022,21219.0
12/17/2022,21219.0
12/18/2022,21219.0
12/19/2022,21219.0
12/20/2022,21219.0
12/21/2022,21219.0
12/22/2022,21219.0
12/23/2022,21219.0
12/24/2022,21219.0
12/25/2022,21219.0
12/26/2022,21219.0
12/27/2022,21219.0
12/28/2022,21219.0
12/29/2022,21219.0
12/30/2022,21219.0
12/31/2022,21219.0
01/01/2023,21205.4
01/02/2023,21205.4
01/03/2023,21205.4
01/04/2023,21205.4
01/05/2023,21205.4
01/06/2023,21205.4
01/07/2023,21205.4
01/08/2023,21205.4
01/09/2023,21205.4
01/10/2023,21205.4
01/11/2023,21205.4
01/12/2023,21205.4
01/13/2023,21205.4
01/14/2023,21205.4
01/15/2023,21205.4
01/16/2023,21205.4
01/17/2023,21205.4
01/18/2023,21205.4
01/19/2023,21205.4
01/20/2023,21205.4
01/21/2023,21205.4
01/22/2023,21205.4
01/23/2023,21205.4
01/24/2023,21205.4
01/25/2023,21205.4
01/26/2023,21205.4
01/27/2023,21205.4
01/28/2023,21205.4
01/29/2023,21205.4
01/30/2023,21205.4
01/31/2023,21205.4
02/01/2023,21184.7
02/02/2023,21184.7
02/03/2023,21184.7
02/04/2023,21184.7
02/05/2023,21184.7
02/06/2023,21184.7
02/07/2023,21184.7
02/08/2023,21184.7
02/09/2023,21184.7
02/10/2023,21184.7
02/11/2023,21184.7
02/12/2023,21184.7
02/13/2023,21184.7
02/14/2023,21184.7
02/15/2023,21184.7
02/16/2023,21184.7
02/17/2023,21184.7
02/18/2023,21184.7
02/19/2023,21184.7
02/20/2023,21184.7
02/21/2023,21184.7
02/22/2023,21184.7
02/23/2023,21184.7
02/24/2023,21184.7
02/25/2023,21184.7
02/26/2023,21184.7
02/27/2023,21184.7
02/28/2023,21184.7
03/01/2023,20876.1
03/02/2023,20876.1
03/03/2023,20876.1
03/04/2023,20876.1
03/05/2023,20876.1
03/06/2023,20876.1
03/07/2023,20876.1
03/08/2023,20876.1
03/09/2023,20876.1
03/10/2023,20876.1
03/11/2023,20876.1
03/12/2023,20876.1
03/13/2023,20876.1
03/14/2023,20876.1
03/15/2023,20876.1
03/16/2023,20876.1
03/17/2023,20876.1
03/18/2023,20876.1
03/19/2023,20876.1
03/20/2023,20876.1
03/21/2023,20876.1
03/22/2023,20876.1
03/23/2023,20876.1
03/24/2023,20876.1
03/25/2023,20876.1
03/26/2023,20876.1
03/27/2023,20876.1
03/28/2023,20876.1
03/29/2023,20876.1
03/30/2023,20876.1
03/31/2023,20876.1
04/01/2023,20729.7
04/02/2023,20729.7
04/03/2023,20729.7
04/04/2023,20729.7
04/05/2023,20729.7
04/06/2023,20729.7
04/07/2023,20729.7
04/08/2023,20729.7
04/09/2023,20729.7
04/10/2023,20729.7
04/11/2023,20729.7
04/12/2023,20729.7
04/13/2023,20729.7
04/14/2023,20729.7
04/15/2023,20729.7
04/16/2023,20729.7
04/17/2023,20729.7
04/18/2023,20729.7
04/19/2023,20729.7
04/20/2023,20729.7
04/21/2023,20729.7
04/22/2023,20729.7
04/23/2023,20729.7
04/24/2023,20729.7
04/25/2023,20729.7
04/26/2023,20729.7
04/27/2023,20729.7
04/28/2023,20729.7
04/29/2023,20729.7
04/30/2023,20729.7
05/01/2023,20801.1
05/02/2023,20801.1
05/03/2023,20801.1
05/04/2023,20801.1
05/05/2023,20801.1
05/06/2023,20801.1
05/07/2023,20801.1
05/08/2023,20801.1
05/09/2023,20801.1
05/10/2023,20801.1
05/11/2023,20801.1
05/12/2023,20801.1
05/13/2023,20801.1
05/14/2023,20801.1
05/15/2023,20801.1
05/16/2023,20801.1
05/17/2023,20801.1
05/18/2023,20801.1
05/19/2023,20801.1
05/20/2023,20801.1
05/21/2023,20801.1
05/22/2023,20801.1
05/23/2023,20801.1
05/24/2023,20801.1
05/25/2023,20801.1
05/26/2023,20801.1
05/27/2023,20801.1
05/28/2023,20801.1
05/29/2023,20801.1
05/30/2023,20801.1
05/31/2023,20801.1
06/01/2023,20782.7
06/02/2023,20782.7
06/03/2023,20782.7
06/04/2023,20782.7
06/05/2023,20782.7
06/06/2023,20782.7
06/07/2023,20782.7
06/08/2023,20782.7
06/09/2023,20782.7
06/10/2023,20782.7
06/11/2023,20782.7
06/12/2023,20782.7
06/13/2023,20782.7
06/14/2023,20782.7
06/15/2023,20782.7
06/16/2023,20782.7
06/17/2023,20782.7
06/18/2023,20782.7
06/19/2023,20782.7
06/20/2023,20782.7
06/21/2023,20782.7
06/22/2023,20782.7
06/23/2023,20782.7
06/24/2023,20782.7
06/25/2023,20782.7
06/26/2023,20782.7
06/27/2023,20782.7
06/28/2023,20782.7
06/29/2023,20782.7
06/30/2023,20782.7
07/01/2023,20772.0
07/02/2023,20772.0
07/03/2023,20772.0
07/04/2023,20772.0
07/05/2023,20772.0
07/06/2023,20772.0
07/07/2023,20772.0
07/08/2023,20772.0
07/09/2023,20772.0
07/10/2023,20772.0
07/11/2023,20772.0
07/12/2023,20772.0
07/13/2023,20772.0
07/14/2023,20772.0
07/15/2023,20772.0
07/16/2023,20772.0
07/17/2023,20772.0
07/18/2023,20772.0
07/19/2023,20772.0
07/20/2023,20772.0
07/21/2023,20772.0
07/22/2023,20772.0
07/23/2023,20772.0
07/24/2023,20772.0
07/25/2023,20772.0
07/26/2023,20772.0
07/27/2023,20772.0
07/28/2023,20772.0
07/29/2023,20772.0
07/30/2023,20772.0
07/31/2023,20772.0
08/01/2023,20746.9
08/02/2023,20746.9
08/03/2023,20746.9
08/04/2023,20746.9
08/05/2023,20746.9
08/06/2023,20746.9
08/07/2023,20746.9
08/08/2023,20746.9
08/09/2023,20746.9
08/10/2023,20746.9
08/11/2023,20746.9
08/12/2023,20746.9
08/13/2023,20746.9
08/14/2023,20746.9
08/15/2023,20746.9
08/16/2023,20746.9
08/17/2023,20746.9
08/18/2023,20746.9
08/19/2023,20746.9
08/20/2023,20746.9
08/21/2023,20746.9
08/22/2023,20746.9
08/23/2023,20746.9
08/24/2023,20746.9
08/25/2023,20746.9
08/26/2023,20746.9
08/27/2023,20746.9
08/28/2023,20746.9
08/29/2023,20746.9
08/30/2023,20746.9
08/31/2023,20746.9
09/01/2023,20720.5
09/02/2023,20720.5
09/03/2023,20720.5
09/04/2023,20720.5
09/05/2023,20720.5
09/06/2023,20720.5
09/07/2023,20720.5
09/08/2023,20720.5
09/09/2023,20720.5
09/10/2023,20720.5
09/11/2023,20720.5
09/12/2023,20720.5
09/13/2023,20720.5
09/14/2023,20720.5
09/15/2023,20720.5
09/16/2023,20720.5
09/17/2023,20720.5
09/18/2023,20720.5
09/19/2023,20720.5
09/20/2023,20720.5
09/21/2023,20720.5
09/22/2023,20720.5
09/23/2023,20720.5
09/24/2023,20720.5
09/25/2023,20720.5
09/26/2023,20720.5
09/27/2023,20720.5
09/28/2023,20720.5
09/29/2023,20720.5
09/30/2023,20720.5
10/01/2023,20687.4
10/02/2023,20687.4
10/03/2023,20687.4
10/04/2023,20687.4
10/05/2023,20687.4
10/06/2023,20687.4
10/07/2023,20687.4
10/08/2023,20687.4
10/09/2023,20687.4
10/10/2023,20687.4
10/11/2023,20687.4
10/12/2023,20687.4
10/13/2023,20687.4
10/14/2023,20687.4
10/15/2023,20687.4
10/16/2023,20687.4
10/17/2023,20687.4
10/18/2023,20687.4
10/19/2023,20687.4
10/20/2023,20687.4
10/21/2023,20687.4
10/22/2023,20687.4
10/23/2023,20687.4
10/24/2023,20687.4
10/25/2023,20687.4
10/26/2023,20687.4
10/27/2023,20687.4
10/28/2023,20687.4
10/29/2023,20687.4
10/30/2023,20687.4
10/31/2023,20687.4
11/01/2023,20696.9
11/02/2023,20696.9
11/03/2023,20696.9
11/04/2023,20696.9
11/05/2023,20696.9
11/06/2023,20696.9
11/07/2023,20696.9
11/08/2023,20696.9
11/09/2023,20696.9
11/10/2023,20696.9
11/11/2023,20696.9
11/12/2023,20696.9
11/13/2023,20696.9
11/14/2023,20696.9
11/15/2023,20696.9
11/16/2023,20696.9
11/17/2023,20696.9
11/18/2023,20696.9
11/19/2023,20696.9
11/20/2023,20696.9
11/21/2023,20696.9
11/22/2023,20696.9
11/23/2023,20696.9
11/24/2023,20696.9
11/25/2023,20696.9
11/26/2023,20696.9
11/27/2023,20696.9
11/28/2023,20696.9
11/29/2023,20696.9
11/30/2023,20696.9
12/01/2023,20701.4
12/02/2023,20701.4
12/03/2023,20701.4
12/04/2023,20701.4
12/05/2023,20701.4
12/06/2023,20701.4
12/07/2023,20701.4
12/08/2023,20701.4
12/09/2023,20701.4
12/10/2023,20701.4
12/11/2023,20701.4
12/12/2023,20701.4
12/13/2023,20701.4
12/14/2023,20701.4
12/15/2023,20701.4
12/16/2023,20701.4
12/17/2023,20701.4
12/18/2023,20701.4
12/19/2023,20701.4
12/20/2023,20701.4
12/21/2023,20701.4
12/22/2023,20701.4
12/23/2023,20701.4
12/24/2023,20701.4
12/25/2023,20701.4
12/26/2023,20701.4
12/27/2023,20701.4
12/28/2023,20701.4
12/29/2023,20701.4
12/30/2023,20701.4
12/31/2023,20701.4
01/01/2024,20773.3
01/02/2024,20773.3
01/03/2024,20773.3
01/04/2024,20773.3
01/05/2024,20773.3
01/06/2024,20773.3
01/07/2024,20773.3
01/08/2024,20773.3
01/09/2024,20773.3
01/10/2024,20773.3
01/11/2024,20773.3
01/12/2024,20773.3
01/13/2024,20773.3
01/14/2024,20773.3
01/15/2024,20773.3
01/16/2024,20773.3
01/17/2024,20773.3
01/18/2024,20773.3
01/19/2024,20773.3
01/20/2024,20773.3
01/21/2024,20773.3
01/22/2024,20773.3
01/23/2024,20773.3
01/24/2024,20773.3
01/25/2024,20773.3
01/26/2024,20773.3
01/27/2024,20773.3
01/28/2024,20773.3
01/29/2024,20773.3
01/30/2024,20773.3
01/31/2024,20773.3
02/01/2024,20861.4
02/02/2024,20861.4
02/03/2024,20861.4
02/04/2024,20861.4
02/05/2024,20861.4
02/06/2024,20861.4
02/07/2024,20861.4
02/08/2024,20861.4
02/09/2024,20861.4
02/10/2024,20861.4
02/11/2024,20861.4
02/12/2024,20861.4
02/13/2024,20861.4
02/14/2024,20861.4
02/15/2024,20861.4
02/16/2024,20861.4
02/17/2024,20861.4
02/18/2024,20861.4
02/19/2024,20861.4
02/20/2024,20861.4
02/21/2024,20861.4
02/22/2024,20861.4
02/23/2024,20861.4
02/24/2024,20861.4
02/25/2024,20861.4
02/26/2024,20861.4
02/27/2024,20861.4
02/28/2024,20861.4
02/29/2024,20861.4
03/01/2024,20901.0
03/02/2024,20901.0
03/03/2024,20901.0
03/04/2024,20901.0
03/05/2024,20901.0
03/06/2024,20901.0
03/07/2024,20901.0
03/08/2024,20901.0
03/09/2024,20901.0
03/10/2024,20901.0
03/11/2024,20901.0
03/12/2024,20901.0
03/13/2024,20901.0
03/14/2024,20901.0
03/15/2024,20901.0
03/16/2024,20901.0
03/17/2024,20901.0
03/18/2024,20901.0
03/19/2024,20901.0
03/20/2024,20901.0
03/21/2024,20901.0
03/22/2024,20901.0
03/23/2024,20901.0
03/24/2024,20901.0
03/25/2024,20901.0
03/26/2024,20901.0
03/27/2024,20901.0
03/28/2024,20901.0
03/29/2024,20901.0
03/30/2024,20901.0
03/31/2024,20901.0
04/01/2024,20929.1
04/02/2024,20929.1
04/03/2024,20929.1
04/04/2024,20929.1
04/05/2024,20929.1
04/06/2024,20929.1
04/07/2024,20929.1
04/08/2024,20929.1
04/09/2024,20929.1
04/10/2024,20929.1
04/11/2024,20929.1
04/12/2024,20929.1
04/13/2024,20929.1
04/14/2024,20929.1
04/15/2024,20929.1
04/16/2024,20929.1
04/17/2024,20929.1
04/18/2024,20929.1
04/19/2024,20929.1
04/20/2024,20929.1
04/21/2024,20929.1
04/22/2024,20929.1
04/23/2024,20929.1
04/24/2024,20929.1
04/25/2024,20929.1
04/26/2024,20929.1
04/27/2024,20929.1
04/28/2024,20929.1
04/29/2024,20929.1
04/30/2024,20929.1
05/01/2024,20989.7
05/02/2024,20989.7
05/03/2024,20989.7
05/04/2024,20989.7
05/05/2024,20989.7
05/06/2024,20989.7
05/07/2024,20989.7
05/08/2024,20989.7
05/09/2024,20989.7
05/10/2024,20989.7
05/11/2024,20989.7
05/12/2024,20989.7
05/13/2024,20989.7
05/14/2024,20989.7
05/15/2024,20989.7
05/16/2024,20989.7
05/17/2024,20989.7
05/18/2024,20989.7
05/19/2024,20989.7
05/20/2024,20989.7
05/21/2024,20989.7
05/22/2024,20989.7
05/23/2024,20989.7
05/24/2024,20989.7
05/25/2024,20989.7
05/26/2024,20989.7
05/27/2024,20989.7
05/28/2024,20989.7
05/29/2024,20989.7
05/30/2024,20989.7
05/31/2024,20989.7
06/01/2024,21053.1
06/02/2024,21053.1
06/03/2024,21053.1
06/04/2024,21053.1
06/05/2024,21053.1
06/06/2024,21053.1
06/07/2024,21053.1
06/08/2024,21053.1
06/09/2024,21053.1
06/10/2024,21053.1
06/11/2024,21053.1
06/12/2024,21053.1
06/13/2024,21053.1
06/14/2024,21053.1
06/15/2024,21053.1
06/16/2024,21053.1
06/17/2024,21053.1
06/18/2024,21053.1
06/19/2024,21053.1
06/20/2024,21053.1
06/21/2024,21053.1
06/22/2024,21053.1
06/23/2024,21053.1
06/24/2024,21053.1
06/25/2024,21053.1
06/26/2024,21053.1
06/27/2024,21053.1
06/28/2024,21053.1
06/29/2024,21053.1
06/30/2024,21053.1
07/01/2024,21084.2
07/02/2024,21084.2
07/03/2024,21084.2
07/04/2024,21084.2
07/05/2024,21084.2
07/06/2024,21084.2
07/07/2024,21084.2
07/08/2024,21084.2
07/09/2024,21084.2
07/10/2024,21084.2
07/11/2024,21084.2
07/12/2024,21084.2
07/13/2024,21084.2
07/14/2024,21084.2
07/15/2024,21084.2
07/16/2024,21084.2
07/17/2024,21084.2
07/18/2024,21084.2
07/19/2024,21084.2
07/20/2024,21084.2
07/21/2024,21084.2
07/22/2024,21084.2
07/23/2024,21084.2
07/24/2024,21084.2
07/25/2024,21084.2
07/26/2024,21084.2
07/27/2024,21084.2
07/28/2024,21084.2
07/29/2024,21084.2
07/30/2024,21084.2
07/31/2024,21084.2
08/01/2024,21171.1
08/02/2024,21171.1
08/03/2024,21171.1
08/04/2024,21171.1
08/05/2024,21171.1
08/06/2024,21171.1
08/07/2024,21171.1
08/08/2024,21171.1
08/09/2024,21171.1
08/10/2024,21171.1
08/11/2024,21171.1
08/12/2024,21171.1
08/13/2024,21171.1
08/14/2024,21171.1
08/15/2024,21171.1
08/16/2024,21171.1
08/17/2024,21171.1
08/18/2024,21171.1
08/19/2024,21171.1
08/20/2024,21171.1
08/21/2024,21171.1
08/22/2024,21171.1
08/23/2024,21171.1
08/24/2024,21171.1
08/25/2024,21171.1
08/26/2024,21171.1
08/27/2024,21171.1
08/28/2024,21171.1
08/29/2024,21171.1
08/30/2024,21171.1
08/31/2024,21171.1
09/01/2024,21257.5
09/02/2024,21257.5
09/03/2024,21257.5
09/04/2024,21257.5
09/05/2024,21257.5
09/06/2024,21257.5
09/07/2024,21257.5
09/08/2024,21257.5
09/09/2024,21257.5
09/10/2024,21257.5
09/11/2024,21257.5
09/12/2024,21257.5
09/13/2024,21257.5
09/14/2024,21257.5
09/15/2024,21257.5
09/16/2024,21257.5
09/17/2024,21257.5
09/18/2024,21257.5
09/19/2024,21257.5
09/20/2024,21257.5
09/21/2024,21257.5
09/22/2024,21257.5
09/23/2024,21257.5
09/24/2024,21257.5
09/25/2024,21257.5
09/26/2024,21257.5
09/27/2024,21257.5
09/28/2024,21257.5
09/29/2024,21257.5
09/30/2024,21257.5
10/01/2024,21308.1
10/02/2024,21308.1
10/03/2024,21308.1
10/04/2024,21308.1
10/05/2024,21308.1
10/06/2024,21308.1
10/07/2024,21308.1
10/08/2024,21308.1
10/09/2024,21308.1
10/10/2024,21308.1
10/11/2024,21308.1
10/12/2024,21308.1
10/13/2024,21308.1
10/14/2024,21308.1
10/15/2024,21308.1
10/16/2024,21308.1
10/17/2024,21308.1
10/18/2024,21308.1
10/19/2024,21308.1
10/20/2024,21308.1
10/21/2024,21308.1
10/22/2024,21308.1
10/23/2024,21308.1
10/24/2024,21308.1
10/25/2024,21308.1
10/26/2024,21308.1
10/27/2024,21308.1
10/28/2024,21308.1
10/29/2024,21308.1
10/30/2024,21308.1
10/31/2024,21308.1
11/01/2024,21407.9
11/02/2024,21407.9
11/03/2024,21407.9
11/04/2024,21407.9
11/05/2024,21407.9
11/06/2024,21407.9
11/07/2024,21407.9
11/08/2024,21407.9
11/09/2024,21407.9
11/10/2024,21407.9
11/11/2024,21407.9
11/12/2024,21407.9
11/13/2024,21407.9
11/14/2024,21407.9
11/15/2024,21407.9
11/16/2024,21407.9
11/17/2024,21407.9
11/18/2024,21407.9
11/19/2024,21407.9
11/20/2024,21407.9
11/21/2024,21407.9
11/22/2024,21407.9
11/23/2024,21407.9
11/24/2024,21407.9
11/25/2024,21407.9
11/26/2024,21407.9
11/27/2024,21407.9
11/28/2024,21407.9
11/29/2024,21407.9
11/30/2024,21407.9
12/01/2024,21424.5
12/02/2024,21424.5
12/03/2024,21424.5
12/04/2024,21424.5
12/05/2024,21424.5
12/06/2024,21424.5
12/07/2024,21424.5
12/08/2024,21424.5
12/09/2024,21424.5
12/10/2024,21424.5
12/11/2024,21424.5
12/12/2024,21424.5
12/13/2024,21424.5
12/14/2024,21424.5
12/15/2024,21424.5
12/16/2024,21424.5
12/17/2024,21424.5
12/18/2024,21424.5
12/19/2024,21424.5
12/20/2024,21424.5
12/21/2024,21424.5
12/22/2024,21424.5
12/23/2024,21424.5
12/24/2024,21424.5
12/25/2024,21424.5
12/26/2024,21424.5
12/27/2024,21424.5
12/28/2024,21424.5
12/29/2024,21424.5
12/30/2024,21424.5
12/31/2024,21424.5
01/01/2025,21492.5
01/02/2025,21492.5
01/03/2025,21492.5
01/04/2025,21492.5
01/05/2025,21492.5
01/06/2025,21492.5
01/07/2025,21492.5
01/08/2025,21492.5
01/09/2025,21492.5
01/10/2025,21492.5
01/11/2025,21492.5
01/12/2025,21492.5
01/13/2025,21492.5
01/14/2025,21492.5
01/15/2025,21492.5
01/16/2025,21492.5
01/17/2025,21492.5
01/18/2025,21492.5
01/19/2025,21492.5
01/20/2025,21492.5
01/21/2025,21492.5
01/22/2025,21492.5
01/23/2025,21492.5
01/24/2025,21492.5
01/25/2025,21492.5
01/26/2025,21492.5
01/27/2025,21492.5
01/28/2025,21492.5
01/29/2025,21492.5
01/30/2025,21492.5
01/31/2025,21492.5
02/01/2025,21564.8
02/02/2025,21564.8
02/03/2025,21564.8
02/04/2025,21564.8
02/05/2025,21564.8
02/06/2025,21564.8
02/07/2025,21564.8
02/08/2025,21564.8
02/09/2025,21564.8
02/10/2025,21564.8
02/11/2025,21564.8
02/12/2025,21564.8
02/13/2025,21564.8
02/14/2025,21564.8
02/15/2025,21564.8
02/16/2025,21564.8
02/17/2025,21564.8
02/18/2025,21564.8
02/19/2025,21564.8
02/20/2025,21564.8
02/21/2025,21564.8
02/22/2025,21564.8
02/23/2025,21564.8
02/24/2025,21564.8
02/25/2025,21564.8
02/26/2025,21564.8
02/27/2025,21564.8
02/28/2025,21564.8
03/01/2025,21636.8
03/02/2025,21636.8
03/03/2025,21636.8
03/04/2025,21636.8
03/05/2025,21636.8
03/06/2025,21636.8
03/07/2025,21636.8
03/08/2025,21636.8
03/09/2025,21636.8
03/10/2025,21636.8
03/11/2025,21636.8
03/12/2025,21636.8
03/13/2025,21636.8
03/14/2025,21636.8
03/15/2025,21636.8
03/16/2025,21636.8
03/17/2025,21636.8
03/18/2025,21636.8
03/19/2025,21636.8
03/20/2025,21636.8
03/21/2025,21636.8
03/22/2025,21636.8
03/23/2025,21636.8
03/24/2025,21636.8
03/25/2025,21636.8
03/26/2025,21636.8
03/27/2025,21636.8
03/28/2025,21636.8
03/29/2025,21636.8
03/30/2025,21636.8
03/31/2025,21636.8
04/01/2025,21770.7
04/02/2025,21770.7
04/03/2025,21770.7
04/04/2025,21770.7
04/05/2025,21770.7
04/06/2025,21770.7
04/07/2025,21770.7
04/08/2025,21770.7
04/09/2025,21770.7
04/10/2025,21770.7
04/11/2025,21770.7
04/12/2025,21770.7
04/13/2025,21770.7
04/14/2025,21770.7
04/15/2025,21770.7
04/16/2025,21770.7
04/17/2025,21770.7
04/18/2025,21770.7
04/19/2025,21770.7
04/20/2025,21770.7
04/21/2025,21770.7
04/22/2025,21770.7
04/23/2025,21770.7
04/24/2025,21770.7
04/25/2025,21770.7
04/26/2025,21770.7
04/27/2025,21770.7
04/28/2025,21770.7
04/29/2025,21770.7
04/30/2025,21770.7
05/01/2025,21827.6
05/02/2025,21827.6
05/03/2025,21827.6
05/04/2025,21827.6
05/05/2025,21827.6
05/06/2025,21827.6
05/07/2025,21827.6
05/08/2025,21827.6
05/09/2025,21827.6
05/10/2025,21827.6
05/11/2025,21827.6
05/12/2025,21827.6
05/13/2025,21827.6
05/14/2025,21827.6
05/15/2025,21827.6
05/16/2025,21827.6
05/17/2025,21827.6
05/18/2025,21827.6
05/19/2025,21827.6
05/20/2025,21827.6
05/21/2025,21827.6
05/22/2025,21827.6
05/23/2025,21827.6
05/24/2025,21827.6
05/25/2025,21827.6
05/26/2025,21827.6
05/27/2025,21827.6
05/28/2025,21827.6
05/29/2025,21827.6
05/30/2025,21827.6
05/31/2025,21827.6
06/01/2025,21942.5
06/02/2025,21942.5
06/03/2025,21942.5
06/04/2025,21942.5
06/05/2025,21942.5
06/06/2025,21942.5
06/07/2025,21942.5
06/08/2025,21942.5
06/09/2025,21942.5
06/10/2025,21942.5
06/11/2025,21942.5
06/12/2025,21942.5
06/13/2025,21942.5
06/14/2025,21942.5
06/15/2025,21942.5
06/16/2025,21942.5
06/17/2025,21942.5
06/18/2025,21942.5
06/19/2025,21942.5
06/20/2025,21942.5
06/21/2025,21942.5
06/22/2025,21942.5
06/23/2025,21942.5
06/24/2025,21942.5
06/25/2025,21942.5
06/26/2025,21942.5
06/27/2025,21942.5
06/28/2025,21942.5
06/29/2025,21942.5
06/30/2025,21942.5
07/01/2025,22028.6
07/02/2025,22028.6
07/03/2025,22028.6
07/04/2025,22028.6
07/05/2025,22028.6
07/06/2025,22028.6
07/07/2025,22028.6
07/08/2025,22028.6
07/09/2025,22028.6
07/10/2025,22028.6
07/11/2025,22028.6
07/12/2025,22028.6
07/13/2025,22028.6
07/14/2025,22028.6
07/15/2025,22028.6
07/16/2025,22028.6
07/17/2025,22028.6
07/18/2025,22028.6
07/19/2025,22028.6
07/20/2025,22028.6
07/21/2025,22028.6
07/22/2025,22028.6
07/23/2025,22028.6
07/24/2025,22028.6
07/25/2025,22028.6
07/26/2025,22028.6
07/27/2025,22028.6
07/28/2025,22028.6
07/29/2025,22028.6
07/30/2025,22028.6
07/31/2025,22028.6
08/01/2025,22108.2
08/02/2025,22108.2
08/03/2025,22108.2
08/04/2025,22108.2
08/05/2025,22108.2
08/06/2025,22108.2
08/07/2025,22108.2
08/08/2025,22108.2
08/09/2025,22108.2
08/10/2025,22108.2
08/11/2025,22108.2
08/12/2025,22108.2
08/13/2025,22108.2
08/14/2025,22108.2
08/15/2025,22108.2
08/16/2025,22108.2
08/17/2025,22108.2
08/18/2025,22108.2
08/19/2025,22108.2
08/20/2025,22108.2
08/21/2025,22108.2
08/22/2025,22108.2
08/23/2025,22108.2
08/24/2025,22108.2
08/25/2025,22108.2
08/26/2025,22108.2
08/27/2025,22108.2
08/28/2025,22108.2
08/29/2025,22108.2
08/30/2025,22108.2
08/31/2025,22108.2
09/01/2025,22211.9
09/02/2025,22211.9
09/03/2025,22211.9
09/04/2025,22211.9
09/05/2025,22211.9
09/06/2025,22211.9
09/07/2025,22211.9
09/08/2025,22211.9
09/09/2025,22211.9
09/10/2025,22211.9
09/11/2025,22211.9
09/12/2025,22211.9
09/13/2025,22211.9
09/14/2025,22211.9
09/15/2025,22211.9
09/16/2025,22211.9
09/17/2025,22211.9
09/18/2025,22211.9
09/19/2025,22211.9
09/20/2025,22211.9
09/21/2025,22211.9
09/22/2025,22211.9
09/23/2025,22211.9
09/24/2025,22211.9
09/25/2025,22211.9
09/26/2025,22211.9
09/27/2025,22211.9
09/28/2025,22211.9
09/29/2025,22211.9
09/30/2025,22211.9
10/01/2025,22297.8
10/02/2025,22297.8
10/03/2025,22297.8
10/04/2025,22297.8
10/05/2025,22297.8
10/06/2025,22297.8
10/07/2025,22297.8
10/08/2025,22297.8
10/09/2025,22297.8
10/10/2025,22297.8
10/11/2025,22297.8
10/12/2025,22297.8
10/13/2025,22297.8
10/14/2025,22297.8
10/15/2025,22297.8
10/16/2025,22297.8
10/17/2025,22297.8
10/18/2025,22297.8
10/19/2025,22297.8
10/20/2025,22297.8
10/21/2025,22297.8
10/22/2025,22297.8
10/23/2025,22297.8
10/24/2025,22297.8
10/25/2025,22297.8
10/26/2025,22297.8
10/27/2025,22297.8
10/28/2025,22297.8
10/29/2025,22297.8
10/30/2025,22297.8
10/31/2025,22297.8
11/01/2025,22322.1
11/02/2025,22322.1
11/03/2025,22322.1
11/04/2025,22322.1
11/05/2025,22322.1
11/06/2025,22322.1
11/07/2025,22322.1
11/08/2025,22322.1
11/09/2025,22322.1
11/10/2025,22322.1
11/11/2025,22322.1
11/12/2025,22322.1
11/13/2025,22322.1
11/14/2025,22322.1
11/15/2025,22322.1
11/16/2025,22322.1
11/17/2025,22322.1
11/18/2025,22322.1
11/19/2025,22322.1
11/20/2025,22322.1
11/21/2025,22322.1
11/22/2025,22322.1
11/23/2025,22322.1
11/24/2025,22322.1
11/25/2025,22322.1
11/26/2025,22322.1
11/27/2025,22322.1
11/28/2025,22322.1
11/29/2025,22322.1
11/30/2025,22322.1
12/01/2025,22411.0
12/02/2025,22411.0
12/03/2025,22411.0
12/04/2025,22411.0
12/05/2025,22411.0
12/06/2025,22411.0
12/07/2025,22411.0
12/08/2025,22411.0
12/09/2025,22411.0
12/10/2025,22411.0
12/11/2025,22411.0
12/12/2025,22411.0
12/13/2025,22411.0
12/14/2025,22411.0
12/15/2025,22411.0
12/16/2025,22411.0
12/17/2025,22411.0
12/18/2025,22411.0
12/19/2025,22411.0
12/20/2025,22411.0
12/21/2025,22411.0
12/22/2025,22411.0
12/23/2025,22411.0
12/24/2025,22411.0
12/25/2025,22411.0
12/26/2025,22411.0
12/27/2025,22411.0
12/28/2025,22411.0
12/29/2025,22411.0
12/30/2025,22411.0
12/31/2025,22411.0
