Date,NFCI,ANFCI,Risk (NFCI),Credit (NFCI),Leverage (NFCI),Nonfinancial_Leverage (NFCI)
1/1/2000,-0.17225244,0.073399416,-0.247039283,0.095887952,1.222271839,0.567221381
1/2/2000,-0.17225244,0.073399416,-0.247039283,0.095887952,1.222271839,0.567221381
1/3/2000,-0.17225244,0.073399416,-0.247039283,0.095887952,1.222271839,0.567221381
1/4/2000,-0.17225244,0.073399416,-0.247039283,0.095887952,1.222271839,0.567221381
1/5/2000,-0.17225244,0.073399416,-0.247039283,0.095887952,1.222271839,0.567221381
1/6/2000,-0.17225244,0.073399416,-0.247039283,0.095887952,1.222271839,0.567221381
1/7/2000,-0.182076453,0.049372464,-0.252533144,0.082133057,1.269985822,0.570699586
1/8/2000,-0.182076453,0.049372464,-0.252533144,0.082133057,1.269985822,0.570699586
1/9/2000,-0.182076453,0.049372464,-0.252533144,0.082133057,1.269985822,0.570699586
1/10/2000,-0.182076453,0.049372464,-0.252533144,0.082133057,1.269985822,0.570699586
1/11/2000,-0.182076453,0.049372464,-0.252533144,0.082133057,1.269985822,0.570699586
1/12/2000,-0.182076453,0.049372464,-0.252533144,0.082133057,1.269985822,0.570699586
1/13/2000,-0.182076453,0.049372464,-0.252533144,0.082133057,1.269985822,0.570699586
1/14/2000,-0.193312943,0.023867579,-0.25713603,0.066667367,1.308608262,0.57484043
1/15/2000,-0.193312943,0.023867579,-0.25713603,0.066667367,1.308608262,0.57484043
1/16/2000,-0.193312943,0.023867579,-0.25713603,0.066667367,1.308608262,0.57484043
1/17/2000,-0.193312943,0.023867579,-0.25713603,0.066667367,1.308608262,0.57484043
1/18/2000,-0.193312943,0.023867579,-0.25713603,0.066667367,1.308608262,0.57484043
1/19/2000,-0.193312943,0.023867579,-0.25713603,0.066667367,1.308608262,0.57484043
1/20/2000,-0.193312943,0.023867579,-0.25713603,0.066667367,1.308608262,0.57484043
1/21/2000,-0.203636231,0.003723041,-0.260235076,0.051094754,1.338095836,0.579707533
1/22/2000,-0.203636231,0.003723041,-0.260235076,0.051094754,1.338095836,0.579707533
1/23/2000,-0.203636231,0.003723041,-0.260235076,0.051094754,1.338095836,0.579707533
1/24/2000,-0.203636231,0.003723041,-0.260235076,0.051094754,1.338095836,0.579707533
1/25/2000,-0.203636231,0.003723041,-0.260235076,0.051094754,1.338095836,0.579707533
1/26/2000,-0.203636231,0.003723041,-0.260235076,0.051094754,1.338095836,0.579707533
1/27/2000,-0.203636231,0.003723041,-0.260235076,0.051094754,1.338095836,0.579707533
1/28/2000,-0.210963324,-0.011259708,-0.26081003,0.037827789,1.356887596,0.585355064
1/29/2000,-0.210963324,-0.011259708,-0.26081003,0.037827789,1.356887596,0.585355064
1/30/2000,-0.210963324,-0.011259708,-0.26081003,0.037827789,1.356887596,0.585355064
1/31/2000,-0.210963324,-0.011259708,-0.26081003,0.037827789,1.356887596,0.585355064
2/1/2000,-0.210963324,-0.011259708,-0.26081003,0.037827789,1.356887596,0.585355064
2/2/2000,-0.210963324,-0.011259708,-0.26081003,0.037827789,1.356887596,0.585355064
2/3/2000,-0.210963324,-0.011259708,-0.26081003,0.037827789,1.356887596,0.585355064
2/4/2000,-0.212837546,-0.021184246,-0.258270506,0.028579298,1.365956377,0.591820267
2/5/2000,-0.212837546,-0.021184246,-0.258270506,0.028579298,1.365956377,0.591820267
2/6/2000,-0.212837546,-0.021184246,-0.258270506,0.028579298,1.365956377,0.591820267
2/7/2000,-0.212837546,-0.021184246,-0.258270506,0.028579298,1.365956377,0.591820267
2/8/2000,-0.212837546,-0.021184246,-0.258270506,0.028579298,1.365956377,0.591820267
2/9/2000,-0.212837546,-0.021184246,-0.258270506,0.028579298,1.365956377,0.591820267
2/10/2000,-0.212837546,-0.021184246,-0.258270506,0.028579298,1.365956377,0.591820267
2/11/2000,-0.210597803,-0.027582915,-0.253030326,0.023956073,1.364355045,0.599117918
2/12/2000,-0.210597803,-0.027582915,-0.253030326,0.023956073,1.364355045,0.599117918
2/13/2000,-0.210597803,-0.027582915,-0.253030326,0.023956073,1.364355045,0.599117918
2/14/2000,-0.210597803,-0.027582915,-0.253030326,0.023956073,1.364355045,0.599117918
2/15/2000,-0.210597803,-0.027582915,-0.253030326,0.023956073,1.364355045,0.599117918
2/16/2000,-0.210597803,-0.027582915,-0.253030326,0.023956073,1.364355045,0.599117918
2/17/2000,-0.210597803,-0.027582915,-0.253030326,0.023956073,1.364355045,0.599117918
2/18/2000,-0.202863367,-0.027632241,-0.243553932,0.024484348,1.351943325,0.60723947
2/19/2000,-0.202863367,-0.027632241,-0.243553932,0.024484348,1.351943325,0.60723947
2/20/2000,-0.202863367,-0.027632241,-0.243553932,0.024484348,1.351943325,0.60723947
2/21/2000,-0.202863367,-0.027632241,-0.243553932,0.024484348,1.351943325,0.60723947
2/22/2000,-0.202863367,-0.027632241,-0.243553932,0.024484348,1.351943325,0.60723947
2/23/2000,-0.202863367,-0.027632241,-0.243553932,0.024484348,1.351943325,0.60723947
2/24/2000,-0.202863367,-0.027632241,-0.243553932,0.024484348,1.351943325,0.60723947
2/25/2000,-0.190094833,-0.016536727,-0.228651056,0.029701729,1.327491262,0.616151213
2/26/2000,-0.190094833,-0.016536727,-0.228651056,0.029701729,1.327491262,0.616151213
2/27/2000,-0.190094833,-0.016536727,-0.228651056,0.029701729,1.327491262,0.616151213
2/28/2000,-0.190094833,-0.016536727,-0.228651056,0.029701729,1.327491262,0.616151213
2/29/2000,-0.190094833,-0.016536727,-0.228651056,0.029701729,1.327491262,0.616151213
3/1/2000,-0.190094833,-0.016536727,-0.228651056,0.029701729,1.327491262,0.616151213
3/2/2000,-0.190094833,-0.016536727,-0.228651056,0.029701729,1.327491262,0.616151213
3/3/2000,-0.174114289,0.00831379,-0.209567364,0.038775106,1.29179717,0.625791534
3/4/2000,-0.174114289,0.00831379,-0.209567364,0.038775106,1.29179717,0.625791534
3/5/2000,-0.174114289,0.00831379,-0.209567364,0.038775106,1.29179717,0.625791534
3/6/2000,-0.174114289,0.00831379,-0.209567364,0.038775106,1.29179717,0.625791534
3/7/2000,-0.174114289,0.00831379,-0.209567364,0.038775106,1.29179717,0.625791534
3/8/2000,-0.174114289,0.00831379,-0.209567364,0.038775106,1.29179717,0.625791534
3/9/2000,-0.174114289,0.00831379,-0.209567364,0.038775106,1.29179717,0.625791534
3/10/2000,-0.154148222,0.046376596,-0.185088524,0.050610852,1.245705051,0.636072084
3/11/2000,-0.154148222,0.046376596,-0.185088524,0.050610852,1.245705051,0.636072084
3/12/2000,-0.154148222,0.046376596,-0.185088524,0.050610852,1.245705051,0.636072084
3/13/2000,-0.154148222,0.046376596,-0.185088524,0.050610852,1.245705051,0.636072084
3/14/2000,-0.154148222,0.046376596,-0.185088524,0.050610852,1.245705051,0.636072084
3/15/2000,-0.154148222,0.046376596,-0.185088524,0.050610852,1.245705051,0.636072084
3/16/2000,-0.154148222,0.046376596,-0.185088524,0.050610852,1.245705051,0.636072084
3/17/2000,-0.132036155,0.089873431,-0.15612134,0.064105558,1.189394378,0.646876588
3/18/2000,-0.132036155,0.089873431,-0.15612134,0.064105558,1.189394378,0.646876588
3/19/2000,-0.132036155,0.089873431,-0.15612134,0.064105558,1.189394378,0.646876588
3/20/2000,-0.132036155,0.089873431,-0.15612134,0.064105558,1.189394378,0.646876588
3/21/2000,-0.132036155,0.089873431,-0.15612134,0.064105558,1.189394378,0.646876588
3/22/2000,-0.132036155,0.089873431,-0.15612134,0.064105558,1.189394378,0.646876588
3/23/2000,-0.132036155,0.089873431,-0.15612134,0.064105558,1.189394378,0.646876588
3/24/2000,-0.109869157,0.12762716,-0.126030844,0.078201987,1.126113656,0.658061858
3/25/2000,-0.109869157,0.12762716,-0.126030844,0.078201987,1.126113656,0.658061858
3/26/2000,-0.109869157,0.12762716,-0.126030844,0.078201987,1.126113656,0.658061858
3/27/2000,-0.109869157,0.12762716,-0.126030844,0.078201987,1.126113656,0.658061858
3/28/2000,-0.109869157,0.12762716,-0.126030844,0.078201987,1.126113656,0.658061858
3/29/2000,-0.109869157,0.12762716,-0.126030844,0.078201987,1.126113656,0.658061858
3/30/2000,-0.109869157,0.12762716,-0.126030844,0.078201987,1.126113656,0.658061858
3/31/2000,-0.089029741,0.151369402,-0.095975307,0.091765646,1.057623843,0.669464908
4/1/2000,-0.089029741,0.151369402,-0.095975307,0.091765646,1.057623843,0.669464908
4/2/2000,-0.089029741,0.151369402,-0.095975307,0.091765646,1.057623843,0.669464908
4/3/2000,-0.089029741,0.151369402,-0.095975307,0.091765646,1.057623843,0.669464908
4/4/2000,-0.089029741,0.151369402,-0.095975307,0.091765646,1.057623843,0.669464908
4/5/2000,-0.089029741,0.151369402,-0.095975307,0.091765646,1.057623843,0.669464908
4/6/2000,-0.089029741,0.151369402,-0.095975307,0.091765646,1.057623843,0.669464908
4/7/2000,-0.07327105,0.155100243,-0.070141451,0.104286114,0.986016999,0.680916925
4/8/2000,-0.07327105,0.155100243,-0.070141451,0.104286114,0.986016999,0.680916925
4/9/2000,-0.07327105,0.155100243,-0.070141451,0.104286114,0.986016999,0.680916925
4/10/2000,-0.07327105,0.155100243,-0.070141451,0.104286114,0.986016999,0.680916925
4/11/2000,-0.07327105,0.155100243,-0.070141451,0.104286114,0.986016999,0.680916925
4/12/2000,-0.07327105,0.155100243,-0.070141451,0.104286114,0.986016999,0.680916925
4/13/2000,-0.07327105,0.155100243,-0.070141451,0.104286114,0.986016999,0.680916925
4/14/2000,-0.058956798,0.15493851,-0.044783563,0.115692963,0.912142354,0.692219417
4/15/2000,-0.058956798,0.15493851,-0.044783563,0.115692963,0.912142354,0.692219417
4/16/2000,-0.058956798,0.15493851,-0.044783563,0.115692963,0.912142354,0.692219417
4/17/2000,-0.058956798,0.15493851,-0.044783563,0.115692963,0.912142354,0.692219417
4/18/2000,-0.058956798,0.15493851,-0.044783563,0.115692963,0.912142354,0.692219417
4/19/2000,-0.058956798,0.15493851,-0.044783563,0.115692963,0.912142354,0.692219417
4/20/2000,-0.058956798,0.15493851,-0.044783563,0.115692963,0.912142354,0.692219417
4/21/2000,-0.046002479,0.159458379,-0.020462792,0.125904442,0.83840636,0.703206564
4/22/2000,-0.046002479,0.159458379,-0.020462792,0.125904442,0.83840636,0.703206564
4/23/2000,-0.046002479,0.159458379,-0.020462792,0.125904442,0.83840636,0.703206564
4/24/2000,-0.046002479,0.159458379,-0.020462792,0.125904442,0.83840636,0.703206564
4/25/2000,-0.046002479,0.159458379,-0.020462792,0.125904442,0.83840636,0.703206564
4/26/2000,-0.046002479,0.159458379,-0.020462792,0.125904442,0.83840636,0.703206564
4/27/2000,-0.046002479,0.159458379,-0.020462792,0.125904442,0.83840636,0.703206564
4/28/2000,-0.032083226,0.180092395,0.00433512,0.135510781,0.766261208,0.713721692
4/29/2000,-0.032083226,0.180092395,0.00433512,0.135510781,0.766261208,0.713721692
4/30/2000,-0.032083226,0.180092395,0.00433512,0.135510781,0.766261208,0.713721692
5/1/2000,-0.032083226,0.180092395,0.00433512,0.135510781,0.766261208,0.713721692
5/2/2000,-0.032083226,0.180092395,0.00433512,0.135510781,0.766261208,0.713721692
5/3/2000,-0.032083226,0.180092395,0.00433512,0.135510781,0.766261208,0.713721692
5/4/2000,-0.032083226,0.180092395,0.00433512,0.135510781,0.766261208,0.713721692
5/5/2000,-0.016259815,0.21942864,0.029767692,0.145191964,0.696686088,0.723630365
5/6/2000,-0.016259815,0.21942864,0.029767692,0.145191964,0.696686088,0.723630365
5/7/2000,-0.016259815,0.21942864,0.029767692,0.145191964,0.696686088,0.723630365
5/8/2000,-0.016259815,0.21942864,0.029767692,0.145191964,0.696686088,0.723630365
5/9/2000,-0.016259815,0.21942864,0.029767692,0.145191964,0.696686088,0.723630365
5/10/2000,-0.016259815,0.21942864,0.029767692,0.145191964,0.696686088,0.723630365
5/11/2000,-0.016259815,0.21942864,0.029767692,0.145191964,0.696686088,0.723630365
5/12/2000,-0.001044751,0.265910453,0.05347138,0.154852046,0.630376963,0.732826722
5/13/2000,-0.001044751,0.265910453,0.05347138,0.154852046,0.630376963,0.732826722
5/14/2000,-0.001044751,0.265910453,0.05347138,0.154852046,0.630376963,0.732826722
5/15/2000,-0.001044751,0.265910453,0.05347138,0.154852046,0.630376963,0.732826722
5/16/2000,-0.001044751,0.265910453,0.05347138,0.154852046,0.630376963,0.732826722
5/17/2000,-0.001044751,0.265910453,0.05347138,0.154852046,0.630376963,0.732826722
5/18/2000,-0.001044751,0.265910453,0.05347138,0.154852046,0.630376963,0.732826722
5/19/2000,0.013126876,0.309886538,0.073177444,0.164997118,0.56880796,0.741233694
5/20/2000,0.013126876,0.309886538,0.073177444,0.164997118,0.56880796,0.741233694
5/21/2000,0.013126876,0.309886538,0.073177444,0.164997118,0.56880796,0.741233694
5/22/2000,0.013126876,0.309886538,0.073177444,0.164997118,0.56880796,0.741233694
5/23/2000,0.013126876,0.309886538,0.073177444,0.164997118,0.56880796,0.741233694
5/24/2000,0.013126876,0.309886538,0.073177444,0.164997118,0.56880796,0.741233694
5/25/2000,0.013126876,0.309886538,0.073177444,0.164997118,0.56880796,0.741233694
5/26/2000,0.025166531,0.341450806,0.08735045,0.175557227,0.511716222,0.748800787
5/27/2000,0.025166531,0.341450806,0.08735045,0.175557227,0.511716222,0.748800787
5/28/2000,0.025166531,0.341450806,0.08735045,0.175557227,0.511716222,0.748800787
5/29/2000,0.025166531,0.341450806,0.08735045,0.175557227,0.511716222,0.748800787
5/30/2000,0.025166531,0.341450806,0.08735045,0.175557227,0.511716222,0.748800787
5/31/2000,0.025166531,0.341450806,0.08735045,0.175557227,0.511716222,0.748800787
6/1/2000,0.025166531,0.341450806,0.08735045,0.175557227,0.511716222,0.748800787
6/2/2000,0.03252066,0.355389215,0.093169407,0.186217412,0.4584559,0.755504032
6/3/2000,0.03252066,0.355389215,0.093169407,0.186217412,0.4584559,0.755504032
6/4/2000,0.03252066,0.355389215,0.093169407,0.186217412,0.4584559,0.755504032
6/5/2000,0.03252066,0.355389215,0.093169407,0.186217412,0.4584559,0.755504032
6/6/2000,0.03252066,0.355389215,0.093169407,0.186217412,0.4584559,0.755504032
6/7/2000,0.03252066,0.355389215,0.093169407,0.186217412,0.4584559,0.755504032
6/8/2000,0.03252066,0.355389215,0.093169407,0.186217412,0.4584559,0.755504032
6/9/2000,0.033731438,0.353762666,0.088751982,0.196542216,0.408136577,0.761342248
6/10/2000,0.033731438,0.353762666,0.088751982,0.196542216,0.408136577,0.761342248
6/11/2000,0.033731438,0.353762666,0.088751982,0.196542216,0.408136577,0.761342248
6/12/2000,0.033731438,0.353762666,0.088751982,0.196542216,0.408136577,0.761342248
6/13/2000,0.033731438,0.353762666,0.088751982,0.196542216,0.408136577,0.761342248
6/14/2000,0.033731438,0.353762666,0.088751982,0.196542216,0.408136577,0.761342248
6/15/2000,0.033731438,0.353762666,0.088751982,0.196542216,0.408136577,0.761342248
6/16/2000,0.029051306,0.343529366,0.075765162,0.205942413,0.357563193,0.766333952
6/17/2000,0.029051306,0.343529366,0.075765162,0.205942413,0.357563193,0.766333952
6/18/2000,0.029051306,0.343529366,0.075765162,0.205942413,0.357563193,0.766333952
6/19/2000,0.029051306,0.343529366,0.075765162,0.205942413,0.357563193,0.766333952
6/20/2000,0.029051306,0.343529366,0.075765162,0.205942413,0.357563193,0.766333952
6/21/2000,0.029051306,0.343529366,0.075765162,0.205942413,0.357563193,0.766333952
6/22/2000,0.029051306,0.343529366,0.075765162,0.205942413,0.357563193,0.766333952
6/23/2000,0.01723508,0.324313357,0.053855784,0.213918947,0.304364427,0.77051521
6/24/2000,0.01723508,0.324313357,0.053855784,0.213918947,0.304364427,0.77051521
6/25/2000,0.01723508,0.324313357,0.053855784,0.213918947,0.304364427,0.77051521
6/26/2000,0.01723508,0.324313357,0.053855784,0.213918947,0.304364427,0.77051521
6/27/2000,0.01723508,0.324313357,0.053855784,0.213918947,0.304364427,0.77051521
6/28/2000,0.01723508,0.324313357,0.053855784,0.213918947,0.304364427,0.77051521
6/29/2000,0.01723508,0.324313357,0.053855784,0.213918947,0.304364427,0.77051521
6/30/2000,-0.000817947,0.295741975,0.025043539,0.220263568,0.245968368,0.773933554
7/1/2000,-0.000817947,0.295741975,0.025043539,0.220263568,0.245968368,0.773933554
7/2/2000,-0.000817947,0.295741975,0.025043539,0.220263568,0.245968368,0.773933554
7/3/2000,-0.000817947,0.295741975,0.025043539,0.220263568,0.245968368,0.773933554
7/4/2000,-0.000817947,0.295741975,0.025043539,0.220263568,0.245968368,0.773933554
7/5/2000,-0.000817947,0.295741975,0.025043539,0.220263568,0.245968368,0.773933554
7/6/2000,-0.000817947,0.295741975,0.025043539,0.220263568,0.245968368,0.773933554
7/7/2000,-0.025647443,0.252294745,-0.009104515,0.224538485,0.179637351,0.776640818
7/8/2000,-0.025647443,0.252294745,-0.009104515,0.224538485,0.179637351,0.776640818
7/9/2000,-0.025647443,0.252294745,-0.009104515,0.224538485,0.179637351,0.776640818
7/10/2000,-0.025647443,0.252294745,-0.009104515,0.224538485,0.179637351,0.776640818
7/11/2000,-0.025647443,0.252294745,-0.009104515,0.224538485,0.179637351,0.776640818
7/12/2000,-0.025647443,0.252294745,-0.009104515,0.224538485,0.179637351,0.776640818
7/13/2000,-0.025647443,0.252294745,-0.009104515,0.224538485,0.179637351,0.776640818
7/14/2000,-0.054841059,0.196500449,-0.045962063,0.226943487,0.105512181,0.778699469
7/15/2000,-0.054841059,0.196500449,-0.045962063,0.226943487,0.105512181,0.778699469
7/16/2000,-0.054841059,0.196500449,-0.045962063,0.226943487,0.105512181,0.778699469
7/17/2000,-0.054841059,0.196500449,-0.045962063,0.226943487,0.105512181,0.778699469
7/18/2000,-0.054841059,0.196500449,-0.045962063,0.226943487,0.105512181,0.778699469
7/19/2000,-0.054841059,0.196500449,-0.045962063,0.226943487,0.105512181,0.778699469
7/20/2000,-0.054841059,0.196500449,-0.045962063,0.226943487,0.105512181,0.778699469
7/21/2000,-0.085404499,0.133316825,-0.082215087,0.227651325,0.024243687,0.780169879
7/22/2000,-0.085404499,0.133316825,-0.082215087,0.227651325,0.024243687,0.780169879
7/23/2000,-0.085404499,0.133316825,-0.082215087,0.227651325,0.024243687,0.780169879
7/24/2000,-0.085404499,0.133316825,-0.082215087,0.227651325,0.024243687,0.780169879
7/25/2000,-0.085404499,0.133316825,-0.082215087,0.227651325,0.024243687,0.780169879
7/26/2000,-0.085404499,0.133316825,-0.082215087,0.227651325,0.024243687,0.780169879
7/27/2000,-0.085404499,0.133316825,-0.082215087,0.227651325,0.024243687,0.780169879
7/28/2000,-0.115872827,0.071670323,-0.116067073,0.226942273,-0.062729982,0.781108995
7/29/2000,-0.115872827,0.071670323,-0.116067073,0.226942273,-0.062729982,0.781108995
7/30/2000,-0.115872827,0.071670323,-0.116067073,0.226942273,-0.062729982,0.781108995
7/31/2000,-0.115872827,0.071670323,-0.116067073,0.226942273,-0.062729982,0.781108995
8/1/2000,-0.115872827,0.071670323,-0.116067073,0.226942273,-0.062729982,0.781108995
8/2/2000,-0.115872827,0.071670323,-0.116067073,0.226942273,-0.062729982,0.781108995
8/3/2000,-0.115872827,0.071670323,-0.116067073,0.226942273,-0.062729982,0.781108995
8/4/2000,-0.143967282,0.02194437,-0.145210195,0.224948685,-0.152863915,0.781571628
8/5/2000,-0.143967282,0.02194437,-0.145210195,0.224948685,-0.152863915,0.781571628
8/6/2000,-0.143967282,0.02194437,-0.145210195,0.224948685,-0.152863915,0.781571628
8/7/2000,-0.143967282,0.02194437,-0.145210195,0.224948685,-0.152863915,0.781571628
8/8/2000,-0.143967282,0.02194437,-0.145210195,0.224948685,-0.152863915,0.781571628
8/9/2000,-0.143967282,0.02194437,-0.145210195,0.224948685,-0.152863915,0.781571628
8/10/2000,-0.143967282,0.02194437,-0.145210195,0.224948685,-0.152863915,0.781571628
8/11/2000,-0.168147046,-0.009614201,-0.168649759,0.221832922,-0.24246249,0.781608028
8/12/2000,-0.168147046,-0.009614201,-0.168649759,0.221832922,-0.24246249,0.781608028
8/13/2000,-0.168147046,-0.009614201,-0.168649759,0.221832922,-0.24246249,0.781608028
8/14/2000,-0.168147046,-0.009614201,-0.168649759,0.221832922,-0.24246249,0.781608028
8/15/2000,-0.168147046,-0.009614201,-0.168649759,0.221832922,-0.24246249,0.781608028
8/16/2000,-0.168147046,-0.009614201,-0.168649759,0.221832922,-0.24246249,0.781608028
8/17/2000,-0.168147046,-0.009614201,-0.168649759,0.221832922,-0.24246249,0.781608028
8/18/2000,-0.18639846,-0.02351595,-0.184778559,0.218253663,-0.329180726,0.781263282
8/19/2000,-0.18639846,-0.02351595,-0.184778559,0.218253663,-0.329180726,0.781263282
8/20/2000,-0.18639846,-0.02351595,-0.184778559,0.218253663,-0.329180726,0.781263282
8/21/2000,-0.18639846,-0.02351595,-0.184778559,0.218253663,-0.329180726,0.781263282
8/22/2000,-0.18639846,-0.02351595,-0.184778559,0.218253663,-0.329180726,0.781263282
8/23/2000,-0.18639846,-0.02351595,-0.184778559,0.218253663,-0.329180726,0.781263282
8/24/2000,-0.18639846,-0.02351595,-0.184778559,0.218253663,-0.329180726,0.781263282
8/25/2000,-0.198779829,-0.027581831,-0.193657288,0.21441889,-0.410703055,0.780578033
8/26/2000,-0.198779829,-0.027581831,-0.193657288,0.21441889,-0.410703055,0.780578033
8/27/2000,-0.198779829,-0.027581831,-0.193657288,0.21441889,-0.410703055,0.780578033
8/28/2000,-0.198779829,-0.027581831,-0.193657288,0.21441889,-0.410703055,0.780578033
8/29/2000,-0.198779829,-0.027581831,-0.193657288,0.21441889,-0.410703055,0.780578033
8/30/2000,-0.198779829,-0.027581831,-0.193657288,0.21441889,-0.410703055,0.780578033
8/31/2000,-0.198779829,-0.027581831,-0.193657288,0.21441889,-0.410703055,0.780578033
9/1/2000,-0.206172453,-0.029599429,-0.196292525,0.210762197,-0.485477226,0.77958895
9/2/2000,-0.206172453,-0.029599429,-0.196292525,0.210762197,-0.485477226,0.77958895
9/3/2000,-0.206172453,-0.029599429,-0.196292525,0.210762197,-0.485477226,0.77958895
9/4/2000,-0.206172453,-0.029599429,-0.196292525,0.210762197,-0.485477226,0.77958895
9/5/2000,-0.206172453,-0.029599429,-0.196292525,0.210762197,-0.485477226,0.77958895
9/6/2000,-0.206172453,-0.029599429,-0.196292525,0.210762197,-0.485477226,0.77958895
9/7/2000,-0.206172453,-0.029599429,-0.196292525,0.210762197,-0.485477226,0.77958895
9/8/2000,-0.2081655,-0.031966961,-0.193101926,0.207992894,-0.552270809,0.778328974
9/9/2000,-0.2081655,-0.031966961,-0.193101926,0.207992894,-0.552270809,0.778328974
9/10/2000,-0.2081655,-0.031966961,-0.193101926,0.207992894,-0.552270809,0.778328974
9/11/2000,-0.2081655,-0.031966961,-0.193101926,0.207992894,-0.552270809,0.778328974
9/12/2000,-0.2081655,-0.031966961,-0.193101926,0.207992894,-0.552270809,0.778328974
9/13/2000,-0.2081655,-0.031966961,-0.193101926,0.207992894,-0.552270809,0.778328974
9/14/2000,-0.2081655,-0.031966961,-0.193101926,0.207992894,-0.552270809,0.778328974
9/15/2000,-0.206729724,-0.035541683,-0.187273516,0.206754541,-0.609709902,0.776828511
9/16/2000,-0.206729724,-0.035541683,-0.187273516,0.206754541,-0.609709902,0.776828511
9/17/2000,-0.206729724,-0.035541683,-0.187273516,0.206754541,-0.609709902,0.776828511
9/18/2000,-0.206729724,-0.035541683,-0.187273516,0.206754541,-0.609709902,0.776828511
9/19/2000,-0.206729724,-0.035541683,-0.187273516,0.206754541,-0.609709902,0.776828511
9/20/2000,-0.206729724,-0.035541683,-0.187273516,0.206754541,-0.609709902,0.776828511
9/21/2000,-0.206729724,-0.035541683,-0.187273516,0.206754541,-0.609709902,0.776828511
9/22/2000,-0.202351572,-0.036324163,-0.180320381,0.208224033,-0.658388634,0.775115676
9/23/2000,-0.202351572,-0.036324163,-0.180320381,0.208224033,-0.658388634,0.775115676
9/24/2000,-0.202351572,-0.036324163,-0.180320381,0.208224033,-0.658388634,0.775115676
9/25/2000,-0.202351572,-0.036324163,-0.180320381,0.208224033,-0.658388634,0.775115676
9/26/2000,-0.202351572,-0.036324163,-0.180320381,0.208224033,-0.658388634,0.775115676
9/27/2000,-0.202351572,-0.036324163,-0.180320381,0.208224033,-0.658388634,0.775115676
9/28/2000,-0.202351572,-0.036324163,-0.180320381,0.208224033,-0.658388634,0.775115676
9/29/2000,-0.196327335,-0.032111815,-0.17370085,0.213724519,-0.700854986,0.773216673
9/30/2000,-0.196327335,-0.032111815,-0.17370085,0.213724519,-0.700854986,0.773216673
10/1/2000,-0.196327335,-0.032111815,-0.17370085,0.213724519,-0.700854986,0.773216673
10/2/2000,-0.196327335,-0.032111815,-0.17370085,0.213724519,-0.700854986,0.773216673
10/3/2000,-0.196327335,-0.032111815,-0.17370085,0.213724519,-0.700854986,0.773216673
10/4/2000,-0.196327335,-0.032111815,-0.17370085,0.213724519,-0.700854986,0.773216673
10/5/2000,-0.196327335,-0.032111815,-0.17370085,0.213724519,-0.700854986,0.773216673
10/6/2000,-0.189486241,-0.024374977,-0.169206528,0.224286656,-0.738758637,0.771153991
10/7/2000,-0.189486241,-0.024374977,-0.169206528,0.224286656,-0.738758637,0.771153991
10/8/2000,-0.189486241,-0.024374977,-0.169206528,0.224286656,-0.738758637,0.771153991
10/9/2000,-0.189486241,-0.024374977,-0.169206528,0.224286656,-0.738758637,0.771153991
10/10/2000,-0.189486241,-0.024374977,-0.169206528,0.224286656,-0.738758637,0.771153991
10/11/2000,-0.189486241,-0.024374977,-0.169206528,0.224286656,-0.738758637,0.771153991
10/12/2000,-0.189486241,-0.024374977,-0.169206528,0.224286656,-0.738758637,0.771153991
10/13/2000,-0.181379535,-0.016872158,-0.166304544,0.241659771,-0.776526917,0.768952917
10/14/2000,-0.181379535,-0.016872158,-0.166304544,0.241659771,-0.776526917,0.768952917
10/15/2000,-0.181379535,-0.016872158,-0.166304544,0.241659771,-0.776526917,0.768952917
10/16/2000,-0.181379535,-0.016872158,-0.166304544,0.241659771,-0.776526917,0.768952917
10/17/2000,-0.181379535,-0.016872158,-0.166304544,0.241659771,-0.776526917,0.768952917
10/18/2000,-0.181379535,-0.016872158,-0.166304544,0.241659771,-0.776526917,0.768952917
10/19/2000,-0.181379535,-0.016872158,-0.166304544,0.241659771,-0.776526917,0.768952917
10/20/2000,-0.174635359,-0.018294722,-0.16690516,0.266520075,-0.818410315,0.766629666
10/21/2000,-0.174635359,-0.018294722,-0.16690516,0.266520075,-0.818410315,0.766629666
10/22/2000,-0.174635359,-0.018294722,-0.16690516,0.266520075,-0.818410315,0.766629666
10/23/2000,-0.174635359,-0.018294722,-0.16690516,0.266520075,-0.818410315,0.766629666
10/24/2000,-0.174635359,-0.018294722,-0.16690516,0.266520075,-0.818410315,0.766629666
10/25/2000,-0.174635359,-0.018294722,-0.16690516,0.266520075,-0.818410315,0.766629666
10/26/2000,-0.174635359,-0.018294722,-0.16690516,0.266520075,-0.818410315,0.766629666
10/27/2000,-0.167623492,-0.027718294,-0.169252162,0.29930969,-0.867855255,0.764198359
10/28/2000,-0.167623492,-0.027718294,-0.169252162,0.29930969,-0.867855255,0.764198359
10/29/2000,-0.167623492,-0.027718294,-0.169252162,0.29930969,-0.867855255,0.764198359
10/30/2000,-0.167623492,-0.027718294,-0.169252162,0.29930969,-0.867855255,0.764198359
10/31/2000,-0.167623492,-0.027718294,-0.169252162,0.29930969,-0.867855255,0.764198359
11/1/2000,-0.167623492,-0.027718294,-0.169252162,0.29930969,-0.867855255,0.764198359
11/2/2000,-0.167623492,-0.027718294,-0.169252162,0.29930969,-0.867855255,0.764198359
11/3/2000,-0.157983974,-0.039272408,-0.170873796,0.339411009,-0.926959948,0.761669628
11/4/2000,-0.157983974,-0.039272408,-0.170873796,0.339411009,-0.926959948,0.761669628
11/5/2000,-0.157983974,-0.039272408,-0.170873796,0.339411009,-0.926959948,0.761669628
11/6/2000,-0.157983974,-0.039272408,-0.170873796,0.339411009,-0.926959948,0.761669628
11/7/2000,-0.157983974,-0.039272408,-0.170873796,0.339411009,-0.926959948,0.761669628
11/8/2000,-0.157983974,-0.039272408,-0.170873796,0.339411009,-0.926959948,0.761669628
11/9/2000,-0.157983974,-0.039272408,-0.170873796,0.339411009,-0.926959948,0.761669628
11/10/2000,-0.144714152,-0.044445152,-0.170344189,0.385853951,-0.99769494,0.75905145
11/11/2000,-0.144714152,-0.044445152,-0.170344189,0.385853951,-0.99769494,0.75905145
11/12/2000,-0.144714152,-0.044445152,-0.170344189,0.385853951,-0.99769494,0.75905145
11/13/2000,-0.144714152,-0.044445152,-0.170344189,0.385853951,-0.99769494,0.75905145
11/14/2000,-0.144714152,-0.044445152,-0.170344189,0.385853951,-0.99769494,0.75905145
11/15/2000,-0.144714152,-0.044445152,-0.170344189,0.385853951,-0.99769494,0.75905145
11/16/2000,-0.144714152,-0.044445152,-0.170344189,0.385853951,-0.99769494,0.75905145
11/17/2000,-0.12703466,-0.034565273,-0.167049928,0.436659514,-1.079812923,0.756350738
11/18/2000,-0.12703466,-0.034565273,-0.167049928,0.436659514,-1.079812923,0.756350738
11/19/2000,-0.12703466,-0.034565273,-0.167049928,0.436659514,-1.079812923,0.756350738
11/20/2000,-0.12703466,-0.034565273,-0.167049928,0.436659514,-1.079812923,0.756350738
11/21/2000,-0.12703466,-0.034565273,-0.167049928,0.436659514,-1.079812923,0.756350738
11/22/2000,-0.12703466,-0.034565273,-0.167049928,0.436659514,-1.079812923,0.756350738
11/23/2000,-0.12703466,-0.034565273,-0.167049928,0.436659514,-1.079812923,0.756350738
11/24/2000,-0.106469169,-0.007801095,-0.161100678,0.48871866,-1.17288505,0.75357533
11/25/2000,-0.106469169,-0.007801095,-0.161100678,0.48871866,-1.17288505,0.75357533
11/26/2000,-0.106469169,-0.007801095,-0.161100678,0.48871866,-1.17288505,0.75357533
11/27/2000,-0.106469169,-0.007801095,-0.161100678,0.48871866,-1.17288505,0.75357533
11/28/2000,-0.106469169,-0.007801095,-0.161100678,0.48871866,-1.17288505,0.75357533
11/29/2000,-0.106469169,-0.007801095,-0.161100678,0.48871866,-1.17288505,0.75357533
11/30/2000,-0.106469169,-0.007801095,-0.161100678,0.48871866,-1.17288505,0.75357533
12/1/2000,-0.086078179,0.030161602,-0.15370943,0.538018044,-1.274977297,0.750735343
12/2/2000,-0.086078179,0.030161602,-0.15370943,0.538018044,-1.274977297,0.750735343
12/3/2000,-0.086078179,0.030161602,-0.15370943,0.538018044,-1.274977297,0.750735343
12/4/2000,-0.086078179,0.030161602,-0.15370943,0.538018044,-1.274977297,0.750735343
12/5/2000,-0.086078179,0.030161602,-0.15370943,0.538018044,-1.274977297,0.750735343
12/6/2000,-0.086078179,0.030161602,-0.15370943,0.538018044,-1.274977297,0.750735343
12/7/2000,-0.086078179,0.030161602,-0.15370943,0.538018044,-1.274977297,0.750735343
12/8/2000,-0.070542799,0.065400532,-0.148584364,0.579932871,-1.381049601,0.747844591
12/9/2000,-0.070542799,0.065400532,-0.148584364,0.579932871,-1.381049601,0.747844591
12/10/2000,-0.070542799,0.065400532,-0.148584364,0.579932871,-1.381049601,0.747844591
12/11/2000,-0.070542799,0.065400532,-0.148584364,0.579932871,-1.381049601,0.747844591
12/12/2000,-0.070542799,0.065400532,-0.148584364,0.579932871,-1.381049601,0.747844591
12/13/2000,-0.070542799,0.065400532,-0.148584364,0.579932871,-1.381049601,0.747844591
12/14/2000,-0.070542799,0.065400532,-0.148584364,0.579932871,-1.381049601,0.747844591
12/15/2000,-0.064872959,0.085381215,-0.148363485,0.609749339,-1.486277056,0.744922089
12/16/2000,-0.064872959,0.085381215,-0.148363485,0.609749339,-1.486277056,0.744922089
12/17/2000,-0.064872959,0.085381215,-0.148363485,0.609749339,-1.486277056,0.744922089
12/18/2000,-0.064872959,0.085381215,-0.148363485,0.609749339,-1.486277056,0.744922089
12/19/2000,-0.064872959,0.085381215,-0.148363485,0.609749339,-1.486277056,0.744922089
12/20/2000,-0.064872959,0.085381215,-0.148363485,0.609749339,-1.486277056,0.744922089
12/21/2000,-0.064872959,0.085381215,-0.148363485,0.609749339,-1.486277056,0.744922089
12/22/2000,-0.069948379,0.085193916,-0.153416151,0.625034228,-1.586198131,0.741992411
12/23/2000,-0.069948379,0.085193916,-0.153416151,0.625034228,-1.586198131,0.741992411
12/24/2000,-0.069948379,0.085193916,-0.153416151,0.625034228,-1.586198131,0.741992411
12/25/2000,-0.069948379,0.085193916,-0.153416151,0.625034228,-1.586198131,0.741992411
12/26/2000,-0.069948379,0.085193916,-0.153416151,0.625034228,-1.586198131,0.741992411
12/27/2000,-0.069948379,0.085193916,-0.153416151,0.625034228,-1.586198131,0.741992411
12/28/2000,-0.069948379,0.085193916,-0.153416151,0.625034228,-1.586198131,0.741992411
12/29/2000,-0.090149387,0.059873758,-0.169064846,0.625041016,-1.675669141,0.739085365
12/30/2000,-0.090149387,0.059873758,-0.169064846,0.625041016,-1.675669141,0.739085365
12/31/2000,-0.090149387,0.059873758,-0.169064846,0.625041016,-1.675669141,0.739085365
1/1/2001,-0.090149387,0.059873758,-0.169064846,0.625041016,-1.675669141,0.739085365
1/2/2001,-0.090149387,0.059873758,-0.169064846,0.625041016,-1.675669141,0.739085365
1/3/2001,-0.090149387,0.059873758,-0.169064846,0.625041016,-1.675669141,0.739085365
1/4/2001,-0.090149387,0.059873758,-0.169064846,0.625041016,-1.675669141,0.739085365
1/5/2001,-0.119781295,0.02232169,-0.190965282,0.611339062,-1.752019878,0.736235083
1/6/2001,-0.119781295,0.02232169,-0.190965282,0.611339062,-1.752019878,0.736235083
1/7/2001,-0.119781295,0.02232169,-0.190965282,0.611339062,-1.752019878,0.736235083
1/8/2001,-0.119781295,0.02232169,-0.190965282,0.611339062,-1.752019878,0.736235083
1/9/2001,-0.119781295,0.02232169,-0.190965282,0.611339062,-1.752019878,0.736235083
1/10/2001,-0.119781295,0.02232169,-0.190965282,0.611339062,-1.752019878,0.736235083
1/11/2001,-0.119781295,0.02232169,-0.190965282,0.611339062,-1.752019878,0.736235083
1/12/2001,-0.155385643,-0.020476103,-0.219658848,0.589156039,-1.814383275,0.733482437
1/13/2001,-0.155385643,-0.020476103,-0.219658848,0.589156039,-1.814383275,0.733482437
1/14/2001,-0.155385643,-0.020476103,-0.219658848,0.589156039,-1.814383275,0.733482437
1/15/2001,-0.155385643,-0.020476103,-0.219658848,0.589156039,-1.814383275,0.733482437
1/16/2001,-0.155385643,-0.020476103,-0.219658848,0.589156039,-1.814383275,0.733482437
1/17/2001,-0.155385643,-0.020476103,-0.219658848,0.589156039,-1.814383275,0.733482437
1/18/2001,-0.155385643,-0.020476103,-0.219658848,0.589156039,-1.814383275,0.733482437
1/19/2001,-0.192146238,-0.059956665,-0.250456178,0.56145186,-1.863224926,0.7308627
1/20/2001,-0.192146238,-0.059956665,-0.250456178,0.56145186,-1.863224926,0.7308627
1/21/2001,-0.192146238,-0.059956665,-0.250456178,0.56145186,-1.863224926,0.7308627
1/22/2001,-0.192146238,-0.059956665,-0.250456178,0.56145186,-1.863224926,0.7308627
1/23/2001,-0.192146238,-0.059956665,-0.250456178,0.56145186,-1.863224926,0.7308627
1/24/2001,-0.192146238,-0.059956665,-0.250456178,0.56145186,-1.863224926,0.7308627
1/25/2001,-0.192146238,-0.059956665,-0.250456178,0.56145186,-1.863224926,0.7308627
1/26/2001,-0.225412844,-0.092836434,-0.278551085,0.531679334,-1.900499744,0.728411484
1/27/2001,-0.225412844,-0.092836434,-0.278551085,0.531679334,-1.900499744,0.728411484
1/28/2001,-0.225412844,-0.092836434,-0.278551085,0.531679334,-1.900499744,0.728411484
1/29/2001,-0.225412844,-0.092836434,-0.278551085,0.531679334,-1.900499744,0.728411484
1/30/2001,-0.225412844,-0.092836434,-0.278551085,0.531679334,-1.900499744,0.728411484
1/31/2001,-0.225412844,-0.092836434,-0.278551085,0.531679334,-1.900499744,0.728411484
2/1/2001,-0.225412844,-0.092836434,-0.278551085,0.531679334,-1.900499744,0.728411484
2/2/2001,-0.252322395,-0.119626573,-0.300369047,0.50185977,-1.927375033,0.726159471
2/3/2001,-0.252322395,-0.119626573,-0.300369047,0.50185977,-1.927375033,0.726159471
2/4/2001,-0.252322395,-0.119626573,-0.300369047,0.50185977,-1.927375033,0.726159471
2/5/2001,-0.252322395,-0.119626573,-0.300369047,0.50185977,-1.927375033,0.726159471
2/6/2001,-0.252322395,-0.119626573,-0.300369047,0.50185977,-1.927375033,0.726159471
2/7/2001,-0.252322395,-0.119626573,-0.300369047,0.50185977,-1.927375033,0.726159471
2/8/2001,-0.252322395,-0.119626573,-0.300369047,0.50185977,-1.927375033,0.726159471
2/9/2001,-0.270896125,-0.142361986,-0.313802978,0.474422064,-1.946175878,0.724129626
2/10/2001,-0.270896125,-0.142361986,-0.313802978,0.474422064,-1.946175878,0.724129626
2/11/2001,-0.270896125,-0.142361986,-0.313802978,0.474422064,-1.946175878,0.724129626
2/12/2001,-0.270896125,-0.142361986,-0.313802978,0.474422064,-1.946175878,0.724129626
2/13/2001,-0.270896125,-0.142361986,-0.313802978,0.474422064,-1.946175878,0.724129626
2/14/2001,-0.270896125,-0.142361986,-0.313802978,0.474422064,-1.946175878,0.724129626
2/15/2001,-0.270896125,-0.142361986,-0.313802978,0.474422064,-1.946175878,0.724129626
2/16/2001,-0.279949591,-0.159718979,-0.317648511,0.450817837,-1.958932246,0.722336186
2/17/2001,-0.279949591,-0.159718979,-0.317648511,0.450817837,-1.958932246,0.722336186
2/18/2001,-0.279949591,-0.159718979,-0.317648511,0.450817837,-1.958932246,0.722336186
2/19/2001,-0.279949591,-0.159718979,-0.317648511,0.450817837,-1.958932246,0.722336186
2/20/2001,-0.279949591,-0.159718979,-0.317648511,0.450817837,-1.958932246,0.722336186
2/21/2001,-0.279949591,-0.159718979,-0.317648511,0.450817837,-1.958932246,0.722336186
2/22/2001,-0.279949591,-0.159718979,-0.317648511,0.450817837,-1.958932246,0.722336186
2/23/2001,-0.279176229,-0.168763413,-0.31156635,0.431181464,-1.966857135,0.720783347
2/24/2001,-0.279176229,-0.168763413,-0.31156635,0.431181464,-1.966857135,0.720783347
2/25/2001,-0.279176229,-0.168763413,-0.31156635,0.431181464,-1.966857135,0.720783347
2/26/2001,-0.279176229,-0.168763413,-0.31156635,0.431181464,-1.966857135,0.720783347
2/27/2001,-0.279176229,-0.168763413,-0.31156635,0.431181464,-1.966857135,0.720783347
2/28/2001,-0.279176229,-0.168763413,-0.31156635,0.431181464,-1.966857135,0.720783347
3/1/2001,-0.279176229,-0.168763413,-0.31156635,0.431181464,-1.966857135,0.720783347
3/2/2001,-0.273060275,-0.169733973,-0.299575037,0.415236243,-1.972126198,0.71946344
3/3/2001,-0.273060275,-0.169733973,-0.299575037,0.415236243,-1.972126198,0.71946344
3/4/2001,-0.273060275,-0.169733973,-0.299575037,0.415236243,-1.972126198,0.71946344
3/5/2001,-0.273060275,-0.169733973,-0.299575037,0.415236243,-1.972126198,0.71946344
3/6/2001,-0.273060275,-0.169733973,-0.299575037,0.415236243,-1.972126198,0.71946344
3/7/2001,-0.273060275,-0.169733973,-0.299575037,0.415236243,-1.972126198,0.71946344
3/8/2001,-0.273060275,-0.169733973,-0.299575037,0.415236243,-1.972126198,0.71946344
3/9/2001,-0.264267439,-0.162659578,-0.284395825,0.401287612,-1.974585057,0.718356774
3/10/2001,-0.264267439,-0.162659578,-0.284395825,0.401287612,-1.974585057,0.718356774
3/11/2001,-0.264267439,-0.162659578,-0.284395825,0.401287612,-1.974585057,0.718356774
3/12/2001,-0.264267439,-0.162659578,-0.284395825,0.401287612,-1.974585057,0.718356774
3/13/2001,-0.264267439,-0.162659578,-0.284395825,0.401287612,-1.974585057,0.718356774
3/14/2001,-0.264267439,-0.162659578,-0.284395825,0.401287612,-1.974585057,0.718356774
3/15/2001,-0.264267439,-0.162659578,-0.284395825,0.401287612,-1.974585057,0.718356774
3/16/2001,-0.255274545,-0.150389815,-0.268468608,0.387784311,-1.974922736,0.717430456
3/17/2001,-0.255274545,-0.150389815,-0.268468608,0.387784311,-1.974922736,0.717430456
3/18/2001,-0.255274545,-0.150389815,-0.268468608,0.387784311,-1.974922736,0.717430456
3/19/2001,-0.255274545,-0.150389815,-0.268468608,0.387784311,-1.974922736,0.717430456
3/20/2001,-0.255274545,-0.150389815,-0.268468608,0.387784311,-1.974922736,0.717430456
3/21/2001,-0.255274545,-0.150389815,-0.268468608,0.387784311,-1.974922736,0.717430456
3/22/2001,-0.255274545,-0.150389815,-0.268468608,0.387784311,-1.974922736,0.717430456
3/23/2001,-0.251170479,-0.143215775,-0.257030713,0.372941525,-1.972797425,0.716637718
3/24/2001,-0.251170479,-0.143215775,-0.257030713,0.372941525,-1.972797425,0.716637718
3/25/2001,-0.251170479,-0.143215775,-0.257030713,0.372941525,-1.972797425,0.716637718
3/26/2001,-0.251170479,-0.143215775,-0.257030713,0.372941525,-1.972797425,0.716637718
3/27/2001,-0.251170479,-0.143215775,-0.257030713,0.372941525,-1.972797425,0.716637718
3/28/2001,-0.251170479,-0.143215775,-0.257030713,0.372941525,-1.972797425,0.716637718
3/29/2001,-0.251170479,-0.143215775,-0.257030713,0.372941525,-1.972797425,0.716637718
3/30/2001,-0.254611975,-0.148213625,-0.253178808,0.356110548,-1.968868805,0.715920667
3/31/2001,-0.254611975,-0.148213625,-0.253178808,0.356110548,-1.968868805,0.715920667
4/1/2001,-0.254611975,-0.148213625,-0.253178808,0.356110548,-1.968868805,0.715920667
4/2/2001,-0.254611975,-0.148213625,-0.253178808,0.356110548,-1.968868805,0.715920667
4/3/2001,-0.254611975,-0.148213625,-0.253178808,0.356110548,-1.968868805,0.715920667
4/4/2001,-0.254611975,-0.148213625,-0.253178808,0.356110548,-1.968868805,0.715920667
4/5/2001,-0.254611975,-0.148213625,-0.253178808,0.356110548,-1.968868805,0.715920667
4/6/2001,-0.264251343,-0.166609255,-0.257158188,0.337274955,-1.962501791,0.715213713
4/7/2001,-0.264251343,-0.166609255,-0.257158188,0.337274955,-1.962501791,0.715213713
4/8/2001,-0.264251343,-0.166609255,-0.257158188,0.337274955,-1.962501791,0.715213713
4/9/2001,-0.264251343,-0.166609255,-0.257158188,0.337274955,-1.962501791,0.715213713
4/10/2001,-0.264251343,-0.166609255,-0.257158188,0.337274955,-1.962501791,0.715213713
4/11/2001,-0.264251343,-0.166609255,-0.257158188,0.337274955,-1.962501791,0.715213713
4/12/2001,-0.264251343,-0.166609255,-0.257158188,0.337274955,-1.962501791,0.715213713
4/13/2001,-0.283330927,-0.199273126,-0.271988507,0.316802293,-1.955301284,0.714434558
4/14/2001,-0.283330927,-0.199273126,-0.271988507,0.316802293,-1.955301284,0.714434558
4/15/2001,-0.283330927,-0.199273126,-0.271988507,0.316802293,-1.955301284,0.714434558
4/16/2001,-0.283330927,-0.199273126,-0.271988507,0.316802293,-1.955301284,0.714434558
4/17/2001,-0.283330927,-0.199273126,-0.271988507,0.316802293,-1.955301284,0.714434558
4/18/2001,-0.283330927,-0.199273126,-0.271988507,0.316802293,-1.955301284,0.714434558
4/19/2001,-0.283330927,-0.199273126,-0.271988507,0.316802293,-1.955301284,0.714434558
4/20/2001,-0.30771609,-0.237287458,-0.293490267,0.2952728,-1.948022845,0.71350582
4/21/2001,-0.30771609,-0.237287458,-0.293490267,0.2952728,-1.948022845,0.71350582
4/22/2001,-0.30771609,-0.237287458,-0.293490267,0.2952728,-1.948022845,0.71350582
4/23/2001,-0.30771609,-0.237287458,-0.293490267,0.2952728,-1.948022845,0.71350582
4/24/2001,-0.30771609,-0.237287458,-0.293490267,0.2952728,-1.948022845,0.71350582
4/25/2001,-0.30771609,-0.237287458,-0.293490267,0.2952728,-1.948022845,0.71350582
4/26/2001,-0.30771609,-0.237287458,-0.293490267,0.2952728,-1.948022845,0.71350582
4/27/2001,-0.334497918,-0.271804954,-0.318519857,0.274058259,-1.942378453,0.712347068
4/28/2001,-0.334497918,-0.271804954,-0.318519857,0.274058259,-1.942378453,0.712347068
4/29/2001,-0.334497918,-0.271804954,-0.318519857,0.274058259,-1.942378453,0.712347068
4/30/2001,-0.334497918,-0.271804954,-0.318519857,0.274058259,-1.942378453,0.712347068
5/1/2001,-0.334497918,-0.271804954,-0.318519857,0.274058259,-1.942378453,0.712347068
5/2/2001,-0.334497918,-0.271804954,-0.318519857,0.274058259,-1.942378453,0.712347068
5/3/2001,-0.334497918,-0.271804954,-0.318519857,0.274058259,-1.942378453,0.712347068
5/4/2001,-0.362460588,-0.29908363,-0.345428375,0.254153826,-1.939256208,0.710878536
5/5/2001,-0.362460588,-0.29908363,-0.345428375,0.254153826,-1.939256208,0.710878536
5/6/2001,-0.362460588,-0.29908363,-0.345428375,0.254153826,-1.939256208,0.710878536
5/7/2001,-0.362460588,-0.29908363,-0.345428375,0.254153826,-1.939256208,0.710878536
5/8/2001,-0.362460588,-0.29908363,-0.345428375,0.254153826,-1.939256208,0.710878536
5/9/2001,-0.362460588,-0.29908363,-0.345428375,0.254153826,-1.939256208,0.710878536
5/10/2001,-0.362460588,-0.29908363,-0.345428375,0.254153826,-1.939256208,0.710878536
5/11/2001,-0.387786667,-0.317688725,-0.371094653,0.237180934,-1.939141007,0.709024724
5/12/2001,-0.387786667,-0.317688725,-0.371094653,0.237180934,-1.939141007,0.709024724
5/13/2001,-0.387786667,-0.317688725,-0.371094653,0.237180934,-1.939141007,0.709024724
5/14/2001,-0.387786667,-0.317688725,-0.371094653,0.237180934,-1.939141007,0.709024724
5/15/2001,-0.387786667,-0.317688725,-0.371094653,0.237180934,-1.939141007,0.709024724
5/16/2001,-0.387786667,-0.317688725,-0.371094653,0.237180934,-1.939141007,0.709024724
5/17/2001,-0.387786667,-0.317688725,-0.371094653,0.237180934,-1.939141007,0.709024724
5/18/2001,-0.40766098,-0.329080923,-0.392011401,0.223555945,-1.942463911,0.706715731
5/19/2001,-0.40766098,-0.329080923,-0.392011401,0.223555945,-1.942463911,0.706715731
5/20/2001,-0.40766098,-0.329080923,-0.392011401,0.223555945,-1.942463911,0.706715731
5/21/2001,-0.40766098,-0.329080923,-0.392011401,0.223555945,-1.942463911,0.706715731
5/22/2001,-0.40766098,-0.329080923,-0.392011401,0.223555945,-1.942463911,0.706715731
5/23/2001,-0.40766098,-0.329080923,-0.392011401,0.223555945,-1.942463911,0.706715731
5/24/2001,-0.40766098,-0.329080923,-0.392011401,0.223555945,-1.942463911,0.706715731
5/25/2001,-0.42365062,-0.340943704,-0.410054253,0.214111484,-1.949271587,0.703887515
5/26/2001,-0.42365062,-0.340943704,-0.410054253,0.214111484,-1.949271587,0.703887515
5/27/2001,-0.42365062,-0.340943704,-0.410054253,0.214111484,-1.949271587,0.703887515
5/28/2001,-0.42365062,-0.340943704,-0.410054253,0.214111484,-1.949271587,0.703887515
5/29/2001,-0.42365062,-0.340943704,-0.410054253,0.214111484,-1.949271587,0.703887515
5/30/2001,-0.42365062,-0.340943704,-0.410054253,0.214111484,-1.949271587,0.703887515
5/31/2001,-0.42365062,-0.340943704,-0.410054253,0.214111484,-1.949271587,0.703887515
6/1/2001,-0.434958375,-0.355362228,-0.424921067,0.208804715,-1.95835715,0.700483716
6/2/2001,-0.434958375,-0.355362228,-0.424921067,0.208804715,-1.95835715,0.700483716
6/3/2001,-0.434958375,-0.355362228,-0.424921067,0.208804715,-1.95835715,0.700483716
6/4/2001,-0.434958375,-0.355362228,-0.424921067,0.208804715,-1.95835715,0.700483716
6/5/2001,-0.434958375,-0.355362228,-0.424921067,0.208804715,-1.95835715,0.700483716
6/6/2001,-0.434958375,-0.355362228,-0.424921067,0.208804715,-1.95835715,0.700483716
6/7/2001,-0.434958375,-0.355362228,-0.424921067,0.208804715,-1.95835715,0.700483716
6/8/2001,-0.442747264,-0.372096879,-0.437382058,0.206660615,-1.968445303,0.696455896
6/9/2001,-0.442747264,-0.372096879,-0.437382058,0.206660615,-1.968445303,0.696455896
6/10/2001,-0.442747264,-0.372096879,-0.437382058,0.206660615,-1.968445303,0.696455896
6/11/2001,-0.442747264,-0.372096879,-0.437382058,0.206660615,-1.968445303,0.696455896
6/12/2001,-0.442747264,-0.372096879,-0.437382058,0.206660615,-1.968445303,0.696455896
6/13/2001,-0.442747264,-0.372096879,-0.437382058,0.206660615,-1.968445303,0.696455896
6/14/2001,-0.442747264,-0.372096879,-0.437382058,0.206660615,-1.968445303,0.696455896
6/15/2001,-0.44863108,-0.388294429,-0.448225912,0.206493172,-1.978512942,0.691764039
6/16/2001,-0.44863108,-0.388294429,-0.448225912,0.206493172,-1.978512942,0.691764039
6/17/2001,-0.44863108,-0.388294429,-0.448225912,0.206493172,-1.978512942,0.691764039
6/18/2001,-0.44863108,-0.388294429,-0.448225912,0.206493172,-1.978512942,0.691764039
6/19/2001,-0.44863108,-0.388294429,-0.448225912,0.206493172,-1.978512942,0.691764039
6/20/2001,-0.44863108,-0.388294429,-0.448225912,0.206493172,-1.978512942,0.691764039
6/21/2001,-0.44863108,-0.388294429,-0.448225912,0.206493172,-1.978512942,0.691764039
6/22/2001,-0.454299537,-0.399985796,-0.458703108,0.206798591,-1.986469353,0.686378258
6/23/2001,-0.454299537,-0.399985796,-0.458703108,0.206798591,-1.986469353,0.686378258
6/24/2001,-0.454299537,-0.399985796,-0.458703108,0.206798591,-1.986469353,0.686378258
6/25/2001,-0.454299537,-0.399985796,-0.458703108,0.206798591,-1.986469353,0.686378258
6/26/2001,-0.454299537,-0.399985796,-0.458703108,0.206798591,-1.986469353,0.686378258
6/27/2001,-0.454299537,-0.399985796,-0.458703108,0.206798591,-1.986469353,0.686378258
6/28/2001,-0.454299537,-0.399985796,-0.458703108,0.206798591,-1.986469353,0.686378258
6/29/2001,-0.461032283,-0.406384274,-0.470093617,0.206428097,-1.989969243,0.68027952
6/30/2001,-0.461032283,-0.406384274,-0.470093617,0.206428097,-1.989969243,0.68027952
7/1/2001,-0.461032283,-0.406384274,-0.470093617,0.206428097,-1.989969243,0.68027952
7/2/2001,-0.461032283,-0.406384274,-0.470093617,0.206428097,-1.989969243,0.68027952
7/3/2001,-0.461032283,-0.406384274,-0.470093617,0.206428097,-1.989969243,0.68027952
7/4/2001,-0.461032283,-0.406384274,-0.470093617,0.206428097,-1.989969243,0.68027952
7/5/2001,-0.461032283,-0.406384274,-0.470093617,0.206428097,-1.989969243,0.68027952
7/6/2001,-0.470135092,-0.411179744,-0.482290482,0.204140962,-1.988031471,0.673453886
7/7/2001,-0.470135092,-0.411179744,-0.482290482,0.204140962,-1.988031471,0.673453886
7/8/2001,-0.470135092,-0.411179744,-0.482290482,0.204140962,-1.988031471,0.673453886
7/9/2001,-0.470135092,-0.411179744,-0.482290482,0.204140962,-1.988031471,0.673453886
7/10/2001,-0.470135092,-0.411179744,-0.482290482,0.204140962,-1.988031471,0.673453886
7/11/2001,-0.470135092,-0.411179744,-0.482290482,0.204140962,-1.988031471,0.673453886
7/12/2001,-0.470135092,-0.411179744,-0.482290482,0.204140962,-1.988031471,0.673453886
7/13/2001,-0.480511616,-0.417792946,-0.49458088,0.200432971,-1.979807922,0.665902807
7/14/2001,-0.480511616,-0.417792946,-0.49458088,0.200432971,-1.979807922,0.665902807
7/15/2001,-0.480511616,-0.417792946,-0.49458088,0.200432971,-1.979807922,0.665902807
7/16/2001,-0.480511616,-0.417792946,-0.49458088,0.200432971,-1.979807922,0.665902807
7/17/2001,-0.480511616,-0.417792946,-0.49458088,0.200432971,-1.979807922,0.665902807
7/18/2001,-0.480511616,-0.417792946,-0.49458088,0.200432971,-1.979807922,0.665902807
7/19/2001,-0.480511616,-0.417792946,-0.49458088,0.200432971,-1.979807922,0.665902807
7/20/2001,-0.490963845,-0.429647062,-0.504939763,0.195480791,-1.965347631,0.65763622
7/21/2001,-0.490963845,-0.429647062,-0.504939763,0.195480791,-1.965347631,0.65763622
7/22/2001,-0.490963845,-0.429647062,-0.504939763,0.195480791,-1.965347631,0.65763622
7/23/2001,-0.490963845,-0.429647062,-0.504939763,0.195480791,-1.965347631,0.65763622
7/24/2001,-0.490963845,-0.429647062,-0.504939763,0.195480791,-1.965347631,0.65763622
7/25/2001,-0.490963845,-0.429647062,-0.504939763,0.195480791,-1.965347631,0.65763622
7/26/2001,-0.490963845,-0.429647062,-0.504939763,0.195480791,-1.965347631,0.65763622
7/27/2001,-0.500480888,-0.449129571,-0.51258821,0.190650399,-1.945372473,0.648672804
7/28/2001,-0.500480888,-0.449129571,-0.51258821,0.190650399,-1.945372473,0.648672804
7/29/2001,-0.500480888,-0.449129571,-0.51258821,0.190650399,-1.945372473,0.648672804
7/30/2001,-0.500480888,-0.449129571,-0.51258821,0.190650399,-1.945372473,0.648672804
7/31/2001,-0.500480888,-0.449129571,-0.51258821,0.190650399,-1.945372473,0.648672804
8/1/2001,-0.500480888,-0.449129571,-0.51258821,0.190650399,-1.945372473,0.648672804
8/2/2001,-0.500480888,-0.449129571,-0.51258821,0.190650399,-1.945372473,0.648672804
8/3/2001,-0.505332027,-0.469061652,-0.514403261,0.187279331,-1.92047546,0.639043476
8/4/2001,-0.505332027,-0.469061652,-0.514403261,0.187279331,-1.92047546,0.639043476
8/5/2001,-0.505332027,-0.469061652,-0.514403261,0.187279331,-1.92047546,0.639043476
8/6/2001,-0.505332027,-0.469061652,-0.514403261,0.187279331,-1.92047546,0.639043476
8/7/2001,-0.505332027,-0.469061652,-0.514403261,0.187279331,-1.92047546,0.639043476
8/8/2001,-0.505332027,-0.469061652,-0.514403261,0.187279331,-1.92047546,0.639043476
8/9/2001,-0.505332027,-0.469061652,-0.514403261,0.187279331,-1.92047546,0.639043476
8/10/2001,-0.501087977,-0.479163457,-0.507280982,0.187133195,-1.891842937,0.628795409
8/11/2001,-0.501087977,-0.479163457,-0.507280982,0.187133195,-1.891842937,0.628795409
8/12/2001,-0.501087977,-0.479163457,-0.507280982,0.187133195,-1.891842937,0.628795409
8/13/2001,-0.501087977,-0.479163457,-0.507280982,0.187133195,-1.891842937,0.628795409
8/14/2001,-0.501087977,-0.479163457,-0.507280982,0.187133195,-1.891842937,0.628795409
8/15/2001,-0.501087977,-0.479163457,-0.507280982,0.187133195,-1.891842937,0.628795409
8/16/2001,-0.501087977,-0.479163457,-0.507280982,0.187133195,-1.891842937,0.628795409
8/17/2001,-0.48739256,-0.474200566,-0.491521707,0.191271287,-1.861195827,0.617992901
8/18/2001,-0.48739256,-0.474200566,-0.491521707,0.191271287,-1.861195827,0.617992901
8/19/2001,-0.48739256,-0.474200566,-0.491521707,0.191271287,-1.861195827,0.617992901
8/20/2001,-0.48739256,-0.474200566,-0.491521707,0.191271287,-1.861195827,0.617992901
8/21/2001,-0.48739256,-0.474200566,-0.491521707,0.191271287,-1.861195827,0.617992901
8/22/2001,-0.48739256,-0.474200566,-0.491521707,0.191271287,-1.861195827,0.617992901
8/23/2001,-0.48739256,-0.474200566,-0.491521707,0.191271287,-1.861195827,0.617992901
8/24/2001,-0.463367628,-0.450901675,-0.467538231,0.200431931,-1.829933035,0.606720639
8/25/2001,-0.463367628,-0.450901675,-0.467538231,0.200431931,-1.829933035,0.606720639
8/26/2001,-0.463367628,-0.450901675,-0.467538231,0.200431931,-1.829933035,0.606720639
8/27/2001,-0.463367628,-0.450901675,-0.467538231,0.200431931,-1.829933035,0.606720639
8/28/2001,-0.463367628,-0.450901675,-0.467538231,0.200431931,-1.829933035,0.606720639
8/29/2001,-0.463367628,-0.450901675,-0.467538231,0.200431931,-1.829933035,0.606720639
8/30/2001,-0.463367628,-0.450901675,-0.467538231,0.200431931,-1.829933035,0.606720639
8/31/2001,-0.432547415,-0.415737767,-0.43904741,0.214461726,-1.800263157,0.595086481
9/1/2001,-0.432547415,-0.415737767,-0.43904741,0.214461726,-1.800263157,0.595086481
9/2/2001,-0.432547415,-0.415737767,-0.43904741,0.214461726,-1.800263157,0.595086481
9/3/2001,-0.432547415,-0.415737767,-0.43904741,0.214461726,-1.800263157,0.595086481
9/4/2001,-0.432547415,-0.415737767,-0.43904741,0.214461726,-1.800263157,0.595086481
9/5/2001,-0.432547415,-0.415737767,-0.43904741,0.214461726,-1.800263157,0.595086481
9/6/2001,-0.432547415,-0.415737767,-0.43904741,0.214461726,-1.800263157,0.595086481
9/7/2001,-0.398694722,-0.379930197,-0.409889173,0.232268343,-1.773478852,0.583221405
9/8/2001,-0.398694722,-0.379930197,-0.409889173,0.232268343,-1.773478852,0.583221405
9/9/2001,-0.398694722,-0.379930197,-0.409889173,0.232268343,-1.773478852,0.583221405
9/10/2001,-0.398694722,-0.379930197,-0.409889173,0.232268343,-1.773478852,0.583221405
9/11/2001,-0.398694722,-0.379930197,-0.409889173,0.232268343,-1.773478852,0.583221405
9/12/2001,-0.398694722,-0.379930197,-0.409889173,0.232268343,-1.773478852,0.583221405
9/13/2001,-0.398694722,-0.379930197,-0.409889173,0.232268343,-1.773478852,0.583221405
9/14/2001,-0.366540639,-0.350224648,-0.384158923,0.252375412,-1.751211055,0.571281863
9/15/2001,-0.366540639,-0.350224648,-0.384158923,0.252375412,-1.751211055,0.571281863
9/16/2001,-0.366540639,-0.350224648,-0.384158923,0.252375412,-1.751211055,0.571281863
9/17/2001,-0.366540639,-0.350224648,-0.384158923,0.252375412,-1.751211055,0.571281863
9/18/2001,-0.366540639,-0.350224648,-0.384158923,0.252375412,-1.751211055,0.571281863
9/19/2001,-0.366540639,-0.350224648,-0.384158923,0.252375412,-1.751211055,0.571281863
9/20/2001,-0.366540639,-0.350224648,-0.384158923,0.252375412,-1.751211055,0.571281863
9/21/2001,-0.344269735,-0.33714127,-0.368827428,0.272111793,-1.733206297,0.559448443
9/22/2001,-0.344269735,-0.33714127,-0.368827428,0.272111793,-1.733206297,0.559448443
9/23/2001,-0.344269735,-0.33714127,-0.368827428,0.272111793,-1.733206297,0.559448443
9/24/2001,-0.344269735,-0.33714127,-0.368827428,0.272111793,-1.733206297,0.559448443
9/25/2001,-0.344269735,-0.33714127,-0.368827428,0.272111793,-1.733206297,0.559448443
9/26/2001,-0.344269735,-0.33714127,-0.368827428,0.272111793,-1.733206297,0.559448443
9/27/2001,-0.344269735,-0.33714127,-0.368827428,0.272111793,-1.733206297,0.559448443
9/28/2001,-0.337791851,-0.345442393,-0.368146163,0.289300515,-1.71967805,0.547918165
9/29/2001,-0.337791851,-0.345442393,-0.368146163,0.289300515,-1.71967805,0.547918165
9/30/2001,-0.337791851,-0.345442393,-0.368146163,0.289300515,-1.71967805,0.547918165
10/1/2001,-0.337791851,-0.345442393,-0.368146163,0.289300515,-1.71967805,0.547918165
10/2/2001,-0.337791851,-0.345442393,-0.368146163,0.289300515,-1.71967805,0.547918165
10/3/2001,-0.337791851,-0.345442393,-0.368146163,0.289300515,-1.71967805,0.547918165
10/4/2001,-0.337791851,-0.345442393,-0.368146163,0.289300515,-1.71967805,0.547918165
10/5/2001,-0.339986131,-0.360521901,-0.375144559,0.302154123,-1.708076314,0.536893691
10/6/2001,-0.339986131,-0.360521901,-0.375144559,0.302154123,-1.708076314,0.536893691
10/7/2001,-0.339986131,-0.360521901,-0.375144559,0.302154123,-1.708076314,0.536893691
10/8/2001,-0.339986131,-0.360521901,-0.375144559,0.302154123,-1.708076314,0.536893691
10/9/2001,-0.339986131,-0.360521901,-0.375144559,0.302154123,-1.708076314,0.536893691
10/10/2001,-0.339986131,-0.360521901,-0.375144559,0.302154123,-1.708076314,0.536893691
10/11/2001,-0.339986131,-0.360521901,-0.375144559,0.302154123,-1.708076314,0.536893691
10/12/2001,-0.351317551,-0.382352048,-0.390339968,0.310495343,-1.697119063,0.526603463
10/13/2001,-0.351317551,-0.382352048,-0.390339968,0.310495343,-1.697119063,0.526603463
10/14/2001,-0.351317551,-0.382352048,-0.390339968,0.310495343,-1.697119063,0.526603463
10/15/2001,-0.351317551,-0.382352048,-0.390339968,0.310495343,-1.697119063,0.526603463
10/16/2001,-0.351317551,-0.382352048,-0.390339968,0.310495343,-1.697119063,0.526603463
10/17/2001,-0.351317551,-0.382352048,-0.390339968,0.310495343,-1.697119063,0.526603463
10/18/2001,-0.351317551,-0.382352048,-0.390339968,0.310495343,-1.697119063,0.526603463
10/19/2001,-0.366976079,-0.405893307,-0.408265504,0.314230937,-1.68573444,0.517233285
10/20/2001,-0.366976079,-0.405893307,-0.408265504,0.314230937,-1.68573444,0.517233285
10/21/2001,-0.366976079,-0.405893307,-0.408265504,0.314230937,-1.68573444,0.517233285
10/22/2001,-0.366976079,-0.405893307,-0.408265504,0.314230937,-1.68573444,0.517233285
10/23/2001,-0.366976079,-0.405893307,-0.408265504,0.314230937,-1.68573444,0.517233285
10/24/2001,-0.366976079,-0.405893307,-0.408265504,0.314230937,-1.68573444,0.517233285
10/25/2001,-0.366976079,-0.405893307,-0.408265504,0.314230937,-1.68573444,0.517233285
10/26/2001,-0.383535879,-0.429427893,-0.425862398,0.314152122,-1.672231391,0.508954987
10/27/2001,-0.383535879,-0.429427893,-0.425862398,0.314152122,-1.672231391,0.508954987
10/28/2001,-0.383535879,-0.429427893,-0.425862398,0.314152122,-1.672231391,0.508954987
10/29/2001,-0.383535879,-0.429427893,-0.425862398,0.314152122,-1.672231391,0.508954987
10/30/2001,-0.383535879,-0.429427893,-0.425862398,0.314152122,-1.672231391,0.508954987
10/31/2001,-0.383535879,-0.429427893,-0.425862398,0.314152122,-1.672231391,0.508954987
11/1/2001,-0.383535879,-0.429427893,-0.425862398,0.314152122,-1.672231391,0.508954987
11/2/2001,-0.395211791,-0.44859847,-0.437626302,0.311056719,-1.655000252,0.501907158
11/3/2001,-0.395211791,-0.44859847,-0.437626302,0.311056719,-1.655000252,0.501907158
11/4/2001,-0.395211791,-0.44859847,-0.437626302,0.311056719,-1.655000252,0.501907158
11/5/2001,-0.395211791,-0.44859847,-0.437626302,0.311056719,-1.655000252,0.501907158
11/6/2001,-0.395211791,-0.44859847,-0.437626302,0.311056719,-1.655000252,0.501907158
11/7/2001,-0.395211791,-0.44859847,-0.437626302,0.311056719,-1.655000252,0.501907158
11/8/2001,-0.395211791,-0.44859847,-0.437626302,0.311056719,-1.655000252,0.501907158
11/9/2001,-0.400615454,-0.462415023,-0.442473401,0.306359092,-1.633810291,0.496184195
11/10/2001,-0.400615454,-0.462415023,-0.442473401,0.306359092,-1.633810291,0.496184195
11/11/2001,-0.400615454,-0.462415023,-0.442473401,0.306359092,-1.633810291,0.496184195
11/12/2001,-0.400615454,-0.462415023,-0.442473401,0.306359092,-1.633810291,0.496184195
11/13/2001,-0.400615454,-0.462415023,-0.442473401,0.306359092,-1.633810291,0.496184195
11/14/2001,-0.400615454,-0.462415023,-0.442473401,0.306359092,-1.633810291,0.496184195
11/15/2001,-0.400615454,-0.462415023,-0.442473401,0.306359092,-1.633810291,0.496184195
11/16/2001,-0.398994037,-0.465807882,-0.440477655,0.301152984,-1.607970225,0.491834717
11/17/2001,-0.398994037,-0.465807882,-0.440477655,0.301152984,-1.607970225,0.491834717
11/18/2001,-0.398994037,-0.465807882,-0.440477655,0.301152984,-1.607970225,0.491834717
11/19/2001,-0.398994037,-0.465807882,-0.440477655,0.301152984,-1.607970225,0.491834717
11/20/2001,-0.398994037,-0.465807882,-0.440477655,0.301152984,-1.607970225,0.491834717
11/21/2001,-0.398994037,-0.465807882,-0.440477655,0.301152984,-1.607970225,0.491834717
11/22/2001,-0.398994037,-0.465807882,-0.440477655,0.301152984,-1.607970225,0.491834717
11/23/2001,-0.388990464,-0.45332271,-0.430860402,0.296150926,-1.577683911,0.488860908
11/24/2001,-0.388990464,-0.45332271,-0.430860402,0.296150926,-1.577683911,0.488860908
11/25/2001,-0.388990464,-0.45332271,-0.430860402,0.296150926,-1.577683911,0.488860908
11/26/2001,-0.388990464,-0.45332271,-0.430860402,0.296150926,-1.577683911,0.488860908
11/27/2001,-0.388990464,-0.45332271,-0.430860402,0.296150926,-1.577683911,0.488860908
11/28/2001,-0.388990464,-0.45332271,-0.430860402,0.296150926,-1.577683911,0.488860908
11/29/2001,-0.388990464,-0.45332271,-0.430860402,0.296150926,-1.577683911,0.488860908
11/30/2001,-0.375251713,-0.427893715,-0.418868467,0.291558798,-1.543197692,0.487215427
12/1/2001,-0.375251713,-0.427893715,-0.418868467,0.291558798,-1.543197692,0.487215427
12/2/2001,-0.375251713,-0.427893715,-0.418868467,0.291558798,-1.543197692,0.487215427
12/3/2001,-0.375251713,-0.427893715,-0.418868467,0.291558798,-1.543197692,0.487215427
12/4/2001,-0.375251713,-0.427893715,-0.418868467,0.291558798,-1.543197692,0.487215427
12/5/2001,-0.375251713,-0.427893715,-0.418868467,0.291558798,-1.543197692,0.487215427
12/6/2001,-0.375251713,-0.427893715,-0.418868467,0.291558798,-1.543197692,0.487215427
12/7/2001,-0.362698983,-0.398284647,-0.4087095,0.286473877,-1.50539051,0.486805178
12/8/2001,-0.362698983,-0.398284647,-0.4087095,0.286473877,-1.50539051,0.486805178
12/9/2001,-0.362698983,-0.398284647,-0.4087095,0.286473877,-1.50539051,0.486805178
12/10/2001,-0.362698983,-0.398284647,-0.4087095,0.286473877,-1.50539051,0.486805178
12/11/2001,-0.362698983,-0.398284647,-0.4087095,0.286473877,-1.50539051,0.486805178
12/12/2001,-0.362698983,-0.398284647,-0.4087095,0.286473877,-1.50539051,0.486805178
12/13/2001,-0.362698983,-0.398284647,-0.4087095,0.286473877,-1.50539051,0.486805178
12/14/2001,-0.35648756,-0.377892576,-0.404031699,0.27870161,-1.464577279,0.487492168
12/15/2001,-0.35648756,-0.377892576,-0.404031699,0.27870161,-1.464577279,0.487492168
12/16/2001,-0.35648756,-0.377892576,-0.404031699,0.27870161,-1.464577279,0.487492168
12/17/2001,-0.35648756,-0.377892576,-0.404031699,0.27870161,-1.464577279,0.487492168
12/18/2001,-0.35648756,-0.377892576,-0.404031699,0.27870161,-1.464577279,0.487492168
12/19/2001,-0.35648756,-0.377892576,-0.404031699,0.27870161,-1.464577279,0.487492168
12/20/2001,-0.35648756,-0.377892576,-0.404031699,0.27870161,-1.464577279,0.487492168
12/21/2001,-0.358821593,-0.378010542,-0.406485807,0.267270913,-1.421719125,0.489096147
12/22/2001,-0.358821593,-0.378010542,-0.406485807,0.267270913,-1.421719125,0.489096147
12/23/2001,-0.358821593,-0.378010542,-0.406485807,0.267270913,-1.421719125,0.489096147
12/24/2001,-0.358821593,-0.378010542,-0.406485807,0.267270913,-1.421719125,0.489096147
12/25/2001,-0.358821593,-0.378010542,-0.406485807,0.267270913,-1.421719125,0.489096147
12/26/2001,-0.358821593,-0.378010542,-0.406485807,0.267270913,-1.421719125,0.489096147
12/27/2001,-0.358821593,-0.378010542,-0.406485807,0.267270913,-1.421719125,0.489096147
12/28/2001,-0.372205461,-0.404304537,-0.418393548,0.251686048,-1.377640318,0.491407114
12/29/2001,-0.372205461,-0.404304537,-0.418393548,0.251686048,-1.377640318,0.491407114
12/30/2001,-0.372205461,-0.404304537,-0.418393548,0.251686048,-1.377640318,0.491407114
12/31/2001,-0.372205461,-0.404304537,-0.418393548,0.251686048,-1.377640318,0.491407114
1/1/2002,-0.372205461,-0.404304537,-0.418393548,0.251686048,-1.377640318,0.491407114
1/2/2002,-0.372205461,-0.404304537,-0.418393548,0.251686048,-1.377640318,0.491407114
1/3/2002,-0.372205461,-0.404304537,-0.418393548,0.251686048,-1.377640318,0.491407114
1/4/2002,-0.392429879,-0.448801421,-0.436154041,0.232285627,-1.332912321,0.49420325
1/5/2002,-0.392429879,-0.448801421,-0.436154041,0.232285627,-1.332912321,0.49420325
1/6/2002,-0.392429879,-0.448801421,-0.436154041,0.232285627,-1.332912321,0.49420325
1/7/2002,-0.392429879,-0.448801421,-0.436154041,0.232285627,-1.332912321,0.49420325
1/8/2002,-0.392429879,-0.448801421,-0.436154041,0.232285627,-1.332912321,0.49420325
1/9/2002,-0.392429879,-0.448801421,-0.436154041,0.232285627,-1.332912321,0.49420325
1/10/2002,-0.392429879,-0.448801421,-0.436154041,0.232285627,-1.332912321,0.49420325
1/11/2002,-0.417947716,-0.50035048,-0.459117512,0.210676492,-1.289317103,0.497223788
1/12/2002,-0.417947716,-0.50035048,-0.459117512,0.210676492,-1.289317103,0.497223788
1/13/2002,-0.417947716,-0.50035048,-0.459117512,0.210676492,-1.289317103,0.497223788
1/14/2002,-0.417947716,-0.50035048,-0.459117512,0.210676492,-1.289317103,0.497223788
1/15/2002,-0.417947716,-0.50035048,-0.459117512,0.210676492,-1.289317103,0.497223788
1/16/2002,-0.417947716,-0.50035048,-0.459117512,0.210676492,-1.289317103,0.497223788
1/17/2002,-0.417947716,-0.50035048,-0.459117512,0.210676492,-1.289317103,0.497223788
1/18/2002,-0.443354156,-0.543899927,-0.483251852,0.188916117,-1.248125998,0.500241461
1/19/2002,-0.443354156,-0.543899927,-0.483251852,0.188916117,-1.248125998,0.500241461
1/20/2002,-0.443354156,-0.543899927,-0.483251852,0.188916117,-1.248125998,0.500241461
1/21/2002,-0.443354156,-0.543899927,-0.483251852,0.188916117,-1.248125998,0.500241461
1/22/2002,-0.443354156,-0.543899927,-0.483251852,0.188916117,-1.248125998,0.500241461
1/23/2002,-0.443354156,-0.543899927,-0.483251852,0.188916117,-1.248125998,0.500241461
1/24/2002,-0.443354156,-0.543899927,-0.483251852,0.188916117,-1.248125998,0.500241461
1/25/2002,-0.464535887,-0.567928393,-0.505130129,0.168518589,-1.210371674,0.503039787
1/26/2002,-0.464535887,-0.567928393,-0.505130129,0.168518589,-1.210371674,0.503039787
1/27/2002,-0.464535887,-0.567928393,-0.505130129,0.168518589,-1.210371674,0.503039787
1/28/2002,-0.464535887,-0.567928393,-0.505130129,0.168518589,-1.210371674,0.503039787
1/29/2002,-0.464535887,-0.567928393,-0.505130129,0.168518589,-1.210371674,0.503039787
1/30/2002,-0.464535887,-0.567928393,-0.505130129,0.168518589,-1.210371674,0.503039787
1/31/2002,-0.464535887,-0.567928393,-0.505130129,0.168518589,-1.210371674,0.503039787
2/1/2002,-0.479671593,-0.572374684,-0.523118923,0.15106287,-1.177906424,0.505426141
2/2/2002,-0.479671593,-0.572374684,-0.523118923,0.15106287,-1.177906424,0.505426141
2/3/2002,-0.479671593,-0.572374684,-0.523118923,0.15106287,-1.177906424,0.505426141
2/4/2002,-0.479671593,-0.572374684,-0.523118923,0.15106287,-1.177906424,0.505426141
2/5/2002,-0.479671593,-0.572374684,-0.523118923,0.15106287,-1.177906424,0.505426141
2/6/2002,-0.479671593,-0.572374684,-0.523118923,0.15106287,-1.177906424,0.505426141
2/7/2002,-0.479671593,-0.572374684,-0.523118923,0.15106287,-1.177906424,0.505426141
2/8/2002,-0.488708752,-0.563117196,-0.53601788,0.137403463,-1.153482217,0.507242331
2/9/2002,-0.488708752,-0.563117196,-0.53601788,0.137403463,-1.153482217,0.507242331
2/10/2002,-0.488708752,-0.563117196,-0.53601788,0.137403463,-1.153482217,0.507242331
2/11/2002,-0.488708752,-0.563117196,-0.53601788,0.137403463,-1.153482217,0.507242331
2/12/2002,-0.488708752,-0.563117196,-0.53601788,0.137403463,-1.153482217,0.507242331
2/13/2002,-0.488708752,-0.563117196,-0.53601788,0.137403463,-1.153482217,0.507242331
2/14/2002,-0.488708752,-0.563117196,-0.53601788,0.137403463,-1.153482217,0.507242331
2/15/2002,-0.493080376,-0.549036179,-0.544052902,0.127297518,-1.138344735,0.508366308
2/16/2002,-0.493080376,-0.549036179,-0.544052902,0.127297518,-1.138344735,0.508366308
2/17/2002,-0.493080376,-0.549036179,-0.544052902,0.127297518,-1.138344735,0.508366308
2/18/2002,-0.493080376,-0.549036179,-0.544052902,0.127297518,-1.138344735,0.508366308
2/19/2002,-0.493080376,-0.549036179,-0.544052902,0.127297518,-1.138344735,0.508366308
2/20/2002,-0.493080376,-0.549036179,-0.544052902,0.127297518,-1.138344735,0.508366308
2/21/2002,-0.493080376,-0.549036179,-0.544052902,0.127297518,-1.138344735,0.508366308
2/22/2002,-0.493339744,-0.535135075,-0.546610451,0.119878405,-1.133365493,0.508711047
2/23/2002,-0.493339744,-0.535135075,-0.546610451,0.119878405,-1.133365493,0.508711047
2/24/2002,-0.493339744,-0.535135075,-0.546610451,0.119878405,-1.133365493,0.508711047
2/25/2002,-0.493339744,-0.535135075,-0.546610451,0.119878405,-1.133365493,0.508711047
2/26/2002,-0.493339744,-0.535135075,-0.546610451,0.119878405,-1.133365493,0.508711047
2/27/2002,-0.493339744,-0.535135075,-0.546610451,0.119878405,-1.133365493,0.508711047
2/28/2002,-0.493339744,-0.535135075,-0.546610451,0.119878405,-1.133365493,0.508711047
3/1/2002,-0.492779408,-0.525119843,-0.545710513,0.1137998,-1.138937955,0.508226119
3/2/2002,-0.492779408,-0.525119843,-0.545710513,0.1137998,-1.138937955,0.508226119
3/3/2002,-0.492779408,-0.525119843,-0.545710513,0.1137998,-1.138937955,0.508226119
3/4/2002,-0.492779408,-0.525119843,-0.545710513,0.1137998,-1.138937955,0.508226119
3/5/2002,-0.492779408,-0.525119843,-0.545710513,0.1137998,-1.138937955,0.508226119
3/6/2002,-0.492779408,-0.525119843,-0.545710513,0.1137998,-1.138937955,0.508226119
3/7/2002,-0.492779408,-0.525119843,-0.545710513,0.1137998,-1.138937955,0.508226119
3/8/2002,-0.491846749,-0.514395092,-0.541612796,0.107499285,-1.153733242,0.506894761
3/9/2002,-0.491846749,-0.514395092,-0.541612796,0.107499285,-1.153733242,0.506894761
3/10/2002,-0.491846749,-0.514395092,-0.541612796,0.107499285,-1.153733242,0.506894761
3/11/2002,-0.491846749,-0.514395092,-0.541612796,0.107499285,-1.153733242,0.506894761
3/12/2002,-0.491846749,-0.514395092,-0.541612796,0.107499285,-1.153733242,0.506894761
3/13/2002,-0.491846749,-0.514395092,-0.541612796,0.107499285,-1.153733242,0.506894761
3/14/2002,-0.491846749,-0.514395092,-0.541612796,0.107499285,-1.153733242,0.506894761
3/15/2002,-0.492474562,-0.502732997,-0.536811748,0.099534725,-1.175407925,0.504731675
3/16/2002,-0.492474562,-0.502732997,-0.536811748,0.099534725,-1.175407925,0.504731675
3/17/2002,-0.492474562,-0.502732997,-0.536811748,0.099534725,-1.175407925,0.504731675
3/18/2002,-0.492474562,-0.502732997,-0.536811748,0.099534725,-1.175407925,0.504731675
3/19/2002,-0.492474562,-0.502732997,-0.536811748,0.099534725,-1.175407925,0.504731675
3/20/2002,-0.492474562,-0.502732997,-0.536811748,0.099534725,-1.175407925,0.504731675
3/21/2002,-0.492474562,-0.502732997,-0.536811748,0.099534725,-1.175407925,0.504731675
3/22/2002,-0.496661833,-0.490632902,-0.534180958,0.089023968,-1.201439639,0.501782035
3/23/2002,-0.496661833,-0.490632902,-0.534180958,0.089023968,-1.201439639,0.501782035
3/24/2002,-0.496661833,-0.490632902,-0.534180958,0.089023968,-1.201439639,0.501782035
3/25/2002,-0.496661833,-0.490632902,-0.534180958,0.089023968,-1.201439639,0.501782035
3/26/2002,-0.496661833,-0.490632902,-0.534180958,0.089023968,-1.201439639,0.501782035
3/27/2002,-0.496661833,-0.490632902,-0.534180958,0.089023968,-1.201439639,0.501782035
3/28/2002,-0.496661833,-0.490632902,-0.534180958,0.089023968,-1.201439639,0.501782035
3/29/2002,-0.504940392,-0.482289967,-0.535020844,0.075301762,-1.229095625,0.498113901
3/30/2002,-0.504940392,-0.482289967,-0.535020844,0.075301762,-1.229095625,0.498113901
3/31/2002,-0.504940392,-0.482289967,-0.535020844,0.075301762,-1.229095625,0.498113901
4/1/2002,-0.504940392,-0.482289967,-0.535020844,0.075301762,-1.229095625,0.498113901
4/2/2002,-0.504940392,-0.482289967,-0.535020844,0.075301762,-1.229095625,0.498113901
4/3/2002,-0.504940392,-0.482289967,-0.535020844,0.075301762,-1.229095625,0.498113901
4/4/2002,-0.504940392,-0.482289967,-0.535020844,0.075301762,-1.229095625,0.498113901
4/5/2002,-0.518283532,-0.485345843,-0.540819124,0.058333811,-1.25613479,0.493809021
4/6/2002,-0.518283532,-0.485345843,-0.540819124,0.058333811,-1.25613479,0.493809021
4/7/2002,-0.518283532,-0.485345843,-0.540819124,0.058333811,-1.25613479,0.493809021
4/8/2002,-0.518283532,-0.485345843,-0.540819124,0.058333811,-1.25613479,0.493809021
4/9/2002,-0.518283532,-0.485345843,-0.540819124,0.058333811,-1.25613479,0.493809021
4/10/2002,-0.518283532,-0.485345843,-0.540819124,0.058333811,-1.25613479,0.493809021
4/11/2002,-0.518283532,-0.485345843,-0.540819124,0.058333811,-1.25613479,0.493809021
4/12/2002,-0.536881378,-0.504679182,-0.552353415,0.038586111,-1.280394184,0.488973682
4/13/2002,-0.536881378,-0.504679182,-0.552353415,0.038586111,-1.280394184,0.488973682
4/14/2002,-0.536881378,-0.504679182,-0.552353415,0.038586111,-1.280394184,0.488973682
4/15/2002,-0.536881378,-0.504679182,-0.552353415,0.038586111,-1.280394184,0.488973682
4/16/2002,-0.536881378,-0.504679182,-0.552353415,0.038586111,-1.280394184,0.488973682
4/17/2002,-0.536881378,-0.504679182,-0.552353415,0.038586111,-1.280394184,0.488973682
4/18/2002,-0.536881378,-0.504679182,-0.552353415,0.038586111,-1.280394184,0.488973682
4/19/2002,-0.558687766,-0.538753112,-0.568186114,0.017371295,-1.30040295,0.483714193
4/20/2002,-0.558687766,-0.538753112,-0.568186114,0.017371295,-1.30040295,0.483714193
4/21/2002,-0.558687766,-0.538753112,-0.568186114,0.017371295,-1.30040295,0.483714193
4/22/2002,-0.558687766,-0.538753112,-0.568186114,0.017371295,-1.30040295,0.483714193
4/23/2002,-0.558687766,-0.538753112,-0.568186114,0.017371295,-1.30040295,0.483714193
4/24/2002,-0.558687766,-0.538753112,-0.568186114,0.017371295,-1.30040295,0.483714193
4/25/2002,-0.558687766,-0.538753112,-0.568186114,0.017371295,-1.30040295,0.483714193
4/26/2002,-0.581459634,-0.580139259,-0.586078157,-0.003653541,-1.315875042,0.478139017
4/27/2002,-0.581459634,-0.580139259,-0.586078157,-0.003653541,-1.315875042,0.478139017
4/28/2002,-0.581459634,-0.580139259,-0.586078157,-0.003653541,-1.315875042,0.478139017
4/29/2002,-0.581459634,-0.580139259,-0.586078157,-0.003653541,-1.315875042,0.478139017
4/30/2002,-0.581459634,-0.580139259,-0.586078157,-0.003653541,-1.315875042,0.478139017
5/1/2002,-0.581459634,-0.580139259,-0.586078157,-0.003653541,-1.315875042,0.478139017
5/2/2002,-0.581459634,-0.580139259,-0.586078157,-0.003653541,-1.315875042,0.478139017
5/3/2002,-0.603717095,-0.621752493,-0.604531089,-0.022629486,-1.326934534,0.472357135
5/4/2002,-0.603717095,-0.621752493,-0.604531089,-0.022629486,-1.326934534,0.472357135
5/5/2002,-0.603717095,-0.621752493,-0.604531089,-0.022629486,-1.326934534,0.472357135
5/6/2002,-0.603717095,-0.621752493,-0.604531089,-0.022629486,-1.326934534,0.472357135
5/7/2002,-0.603717095,-0.621752493,-0.604531089,-0.022629486,-1.326934534,0.472357135
5/8/2002,-0.603717095,-0.621752493,-0.604531089,-0.022629486,-1.326934534,0.472357135
5/9/2002,-0.603717095,-0.621752493,-0.604531089,-0.022629486,-1.326934534,0.472357135
5/10/2002,-0.620111767,-0.649262184,-0.619253663,-0.037020031,-1.333946263,0.466473039
5/11/2002,-0.620111767,-0.649262184,-0.619253663,-0.037020031,-1.333946263,0.466473039
5/12/2002,-0.620111767,-0.649262184,-0.619253663,-0.037020031,-1.333946263,0.466473039
5/13/2002,-0.620111767,-0.649262184,-0.619253663,-0.037020031,-1.333946263,0.466473039
5/14/2002,-0.620111767,-0.649262184,-0.619253663,-0.037020031,-1.333946263,0.466473039
5/15/2002,-0.620111767,-0.649262184,-0.619253663,-0.037020031,-1.333946263,0.466473039
5/16/2002,-0.620111767,-0.649262184,-0.619253663,-0.037020031,-1.333946263,0.466473039
5/17/2002,-0.630668544,-0.661574962,-0.629650394,-0.04537202,-1.338332117,0.46058419
5/18/2002,-0.630668544,-0.661574962,-0.629650394,-0.04537202,-1.338332117,0.46058419
5/19/2002,-0.630668544,-0.661574962,-0.629650394,-0.04537202,-1.338332117,0.46058419
5/20/2002,-0.630668544,-0.661574962,-0.629650394,-0.04537202,-1.338332117,0.46058419
5/21/2002,-0.630668544,-0.661574962,-0.629650394,-0.04537202,-1.338332117,0.46058419
5/22/2002,-0.630668544,-0.661574962,-0.629650394,-0.04537202,-1.338332117,0.46058419
5/23/2002,-0.630668544,-0.661574962,-0.629650394,-0.04537202,-1.338332117,0.46058419
5/24/2002,-0.632606212,-0.657329335,-0.632838263,-0.046503505,-1.341407376,0.454780743
5/25/2002,-0.632606212,-0.657329335,-0.632838263,-0.046503505,-1.341407376,0.454780743
5/26/2002,-0.632606212,-0.657329335,-0.632838263,-0.046503505,-1.341407376,0.454780743
5/27/2002,-0.632606212,-0.657329335,-0.632838263,-0.046503505,-1.341407376,0.454780743
5/28/2002,-0.632606212,-0.657329335,-0.632838263,-0.046503505,-1.341407376,0.454780743
5/29/2002,-0.632606212,-0.657329335,-0.632838263,-0.046503505,-1.341407376,0.454780743
5/30/2002,-0.632606212,-0.657329335,-0.632838263,-0.046503505,-1.341407376,0.454780743
5/31/2002,-0.626495622,-0.643100199,-0.62851877,-0.040357415,-1.344538087,0.449144122
6/1/2002,-0.626495622,-0.643100199,-0.62851877,-0.040357415,-1.344538087,0.449144122
6/2/2002,-0.626495622,-0.643100199,-0.62851877,-0.040357415,-1.344538087,0.449144122
6/3/2002,-0.626495622,-0.643100199,-0.62851877,-0.040357415,-1.344538087,0.449144122
6/4/2002,-0.626495622,-0.643100199,-0.62851877,-0.040357415,-1.344538087,0.449144122
6/5/2002,-0.626495622,-0.643100199,-0.62851877,-0.040357415,-1.344538087,0.449144122
6/6/2002,-0.626495622,-0.643100199,-0.62851877,-0.040357415,-1.344538087,0.449144122
6/7/2002,-0.612355693,-0.623254671,-0.617067801,-0.02689784,-1.348373629,0.443746492
6/8/2002,-0.612355693,-0.623254671,-0.617067801,-0.02689784,-1.348373629,0.443746492
6/9/2002,-0.612355693,-0.623254671,-0.617067801,-0.02689784,-1.348373629,0.443746492
6/10/2002,-0.612355693,-0.623254671,-0.617067801,-0.02689784,-1.348373629,0.443746492
6/11/2002,-0.612355693,-0.623254671,-0.617067801,-0.02689784,-1.348373629,0.443746492
6/12/2002,-0.612355693,-0.623254671,-0.617067801,-0.02689784,-1.348373629,0.443746492
6/13/2002,-0.612355693,-0.623254671,-0.617067801,-0.02689784,-1.348373629,0.443746492
6/14/2002,-0.592019225,-0.602398283,-0.600055499,-0.007205843,-1.353127046,0.438651059
6/15/2002,-0.592019225,-0.602398283,-0.600055499,-0.007205843,-1.353127046,0.438651059
6/16/2002,-0.592019225,-0.602398283,-0.600055499,-0.007205843,-1.353127046,0.438651059
6/17/2002,-0.592019225,-0.602398283,-0.600055499,-0.007205843,-1.353127046,0.438651059
6/18/2002,-0.592019225,-0.602398283,-0.600055499,-0.007205843,-1.353127046,0.438651059
6/19/2002,-0.592019225,-0.602398283,-0.600055499,-0.007205843,-1.353127046,0.438651059
6/20/2002,-0.592019225,-0.602398283,-0.600055499,-0.007205843,-1.353127046,0.438651059
6/21/2002,-0.567271953,-0.58030219,-0.578463039,0.016834257,-1.358767201,0.43391086
6/22/2002,-0.567271953,-0.58030219,-0.578463039,0.016834257,-1.358767201,0.43391086
6/23/2002,-0.567271953,-0.58030219,-0.578463039,0.016834257,-1.358767201,0.43391086
6/24/2002,-0.567271953,-0.58030219,-0.578463039,0.016834257,-1.358767201,0.43391086
6/25/2002,-0.567271953,-0.58030219,-0.578463039,0.016834257,-1.358767201,0.43391086
6/26/2002,-0.567271953,-0.58030219,-0.578463039,0.016834257,-1.358767201,0.43391086
6/27/2002,-0.567271953,-0.58030219,-0.578463039,0.016834257,-1.358767201,0.43391086
6/28/2002,-0.539858322,-0.555425808,-0.554279193,0.043479808,-1.364172318,0.429568453
6/29/2002,-0.539858322,-0.555425808,-0.554279193,0.043479808,-1.364172318,0.429568453
6/30/2002,-0.539858322,-0.555425808,-0.554279193,0.043479808,-1.364172318,0.429568453
7/1/2002,-0.539858322,-0.555425808,-0.554279193,0.043479808,-1.364172318,0.429568453
7/2/2002,-0.539858322,-0.555425808,-0.554279193,0.043479808,-1.364172318,0.429568453
7/3/2002,-0.539858322,-0.555425808,-0.554279193,0.043479808,-1.364172318,0.429568453
7/4/2002,-0.539858322,-0.555425808,-0.554279193,0.043479808,-1.364172318,0.429568453
7/5/2002,-0.511946663,-0.526621418,-0.528964548,0.070411952,-1.368286174,0.425658715
7/6/2002,-0.511946663,-0.526621418,-0.528964548,0.070411952,-1.368286174,0.425658715
7/7/2002,-0.511946663,-0.526621418,-0.528964548,0.070411952,-1.368286174,0.425658715
7/8/2002,-0.511946663,-0.526621418,-0.528964548,0.070411952,-1.368286174,0.425658715
7/9/2002,-0.511946663,-0.526621418,-0.528964548,0.070411952,-1.368286174,0.425658715
7/10/2002,-0.511946663,-0.526621418,-0.528964548,0.070411952,-1.368286174,0.425658715
7/11/2002,-0.511946663,-0.526621418,-0.528964548,0.070411952,-1.368286174,0.425658715
7/12/2002,-0.484655256,-0.494690967,-0.503020878,0.095785703,-1.370196459,0.422206717
7/13/2002,-0.484655256,-0.494690967,-0.503020878,0.095785703,-1.370196459,0.422206717
7/14/2002,-0.484655256,-0.494690967,-0.503020878,0.095785703,-1.370196459,0.422206717
7/15/2002,-0.484655256,-0.494690967,-0.503020878,0.095785703,-1.370196459,0.422206717
7/16/2002,-0.484655256,-0.494690967,-0.503020878,0.095785703,-1.370196459,0.422206717
7/17/2002,-0.484655256,-0.494690967,-0.503020878,0.095785703,-1.370196459,0.422206717
7/18/2002,-0.484655256,-0.494690967,-0.503020878,0.095785703,-1.370196459,0.422206717
7/19/2002,-0.460803111,-0.465544878,-0.479198648,0.118248339,-1.368571865,0.419224562
7/20/2002,-0.460803111,-0.465544878,-0.479198648,0.118248339,-1.368571865,0.419224562
7/21/2002,-0.460803111,-0.465544878,-0.479198648,0.118248339,-1.368571865,0.419224562
7/22/2002,-0.460803111,-0.465544878,-0.479198648,0.118248339,-1.368571865,0.419224562
7/23/2002,-0.460803111,-0.465544878,-0.479198648,0.118248339,-1.368571865,0.419224562
7/24/2002,-0.460803111,-0.465544878,-0.479198648,0.118248339,-1.368571865,0.419224562
7/25/2002,-0.460803111,-0.465544878,-0.479198648,0.118248339,-1.368571865,0.419224562
7/26/2002,-0.440249553,-0.442282388,-0.457983198,0.137257896,-1.362022024,0.41671608
7/27/2002,-0.440249553,-0.442282388,-0.457983198,0.137257896,-1.362022024,0.41671608
7/28/2002,-0.440249553,-0.442282388,-0.457983198,0.137257896,-1.362022024,0.41671608
7/29/2002,-0.440249553,-0.442282388,-0.457983198,0.137257896,-1.362022024,0.41671608
7/30/2002,-0.440249553,-0.442282388,-0.457983198,0.137257896,-1.362022024,0.41671608
7/31/2002,-0.440249553,-0.442282388,-0.457983198,0.137257896,-1.362022024,0.41671608
8/1/2002,-0.440249553,-0.442282388,-0.457983198,0.137257896,-1.362022024,0.41671608
8/2/2002,-0.425909361,-0.430585386,-0.44204212,0.152280566,-1.349827381,0.414674226
8/3/2002,-0.425909361,-0.430585386,-0.44204212,0.152280566,-1.349827381,0.414674226
8/4/2002,-0.425909361,-0.430585386,-0.44204212,0.152280566,-1.349827381,0.414674226
8/5/2002,-0.425909361,-0.430585386,-0.44204212,0.152280566,-1.349827381,0.414674226
8/6/2002,-0.425909361,-0.430585386,-0.44204212,0.152280566,-1.349827381,0.414674226
8/7/2002,-0.425909361,-0.430585386,-0.44204212,0.152280566,-1.349827381,0.414674226
8/8/2002,-0.425909361,-0.430585386,-0.44204212,0.152280566,-1.349827381,0.414674226
8/9/2002,-0.41457669,-0.426201908,-0.429589171,0.16407586,-1.331182338,0.413079251
8/10/2002,-0.41457669,-0.426201908,-0.429589171,0.16407586,-1.331182338,0.413079251
8/11/2002,-0.41457669,-0.426201908,-0.429589171,0.16407586,-1.331182338,0.413079251
8/12/2002,-0.41457669,-0.426201908,-0.429589171,0.16407586,-1.331182338,0.413079251
8/13/2002,-0.41457669,-0.426201908,-0.429589171,0.16407586,-1.331182338,0.413079251
8/14/2002,-0.41457669,-0.426201908,-0.429589171,0.16407586,-1.331182338,0.413079251
8/15/2002,-0.41457669,-0.426201908,-0.429589171,0.16407586,-1.331182338,0.413079251
8/16/2002,-0.407092483,-0.428340015,-0.421754444,0.172668103,-1.305442163,0.411899473
8/17/2002,-0.407092483,-0.428340015,-0.421754444,0.172668103,-1.305442163,0.411899473
8/18/2002,-0.407092483,-0.428340015,-0.421754444,0.172668103,-1.305442163,0.411899473
8/19/2002,-0.407092483,-0.428340015,-0.421754444,0.172668103,-1.305442163,0.411899473
8/20/2002,-0.407092483,-0.428340015,-0.421754444,0.172668103,-1.305442163,0.411899473
8/21/2002,-0.407092483,-0.428340015,-0.421754444,0.172668103,-1.305442163,0.411899473
8/22/2002,-0.407092483,-0.428340015,-0.421754444,0.172668103,-1.305442163,0.411899473
8/23/2002,-0.399040848,-0.427937976,-0.414427465,0.178796224,-1.273609097,0.411090772
8/24/2002,-0.399040848,-0.427937976,-0.414427465,0.178796224,-1.273609097,0.411090772
8/25/2002,-0.399040848,-0.427937976,-0.414427465,0.178796224,-1.273609097,0.411090772
8/26/2002,-0.399040848,-0.427937976,-0.414427465,0.178796224,-1.273609097,0.411090772
8/27/2002,-0.399040848,-0.427937976,-0.414427465,0.178796224,-1.273609097,0.411090772
8/28/2002,-0.399040848,-0.427937976,-0.414427465,0.178796224,-1.273609097,0.411090772
8/29/2002,-0.399040848,-0.427937976,-0.414427465,0.178796224,-1.273609097,0.411090772
8/30/2002,-0.390625443,-0.422413473,-0.4078299,0.183290429,-1.237516742,0.410595803
8/31/2002,-0.390625443,-0.422413473,-0.4078299,0.183290429,-1.237516742,0.410595803
9/1/2002,-0.390625443,-0.422413473,-0.4078299,0.183290429,-1.237516742,0.410595803
9/2/2002,-0.390625443,-0.422413473,-0.4078299,0.183290429,-1.237516742,0.410595803
9/3/2002,-0.390625443,-0.422413473,-0.4078299,0.183290429,-1.237516742,0.410595803
9/4/2002,-0.390625443,-0.422413473,-0.4078299,0.183290429,-1.237516742,0.410595803
9/5/2002,-0.390625443,-0.422413473,-0.4078299,0.183290429,-1.237516742,0.410595803
9/6/2002,-0.380009223,-0.409625846,-0.400584028,0.186908807,-1.198702858,0.410344947
9/7/2002,-0.380009223,-0.409625846,-0.400584028,0.186908807,-1.198702858,0.410344947
9/8/2002,-0.380009223,-0.409625846,-0.400584028,0.186908807,-1.198702858,0.410344947
9/9/2002,-0.380009223,-0.409625846,-0.400584028,0.186908807,-1.198702858,0.410344947
9/10/2002,-0.380009223,-0.409625846,-0.400584028,0.186908807,-1.198702858,0.410344947
9/11/2002,-0.380009223,-0.409625846,-0.400584028,0.186908807,-1.198702858,0.410344947
9/12/2002,-0.380009223,-0.409625846,-0.400584028,0.186908807,-1.198702858,0.410344947
9/13/2002,-0.369357974,-0.393335313,-0.394072804,0.189877347,-1.159745524,0.410255782
9/14/2002,-0.369357974,-0.393335313,-0.394072804,0.189877347,-1.159745524,0.410255782
9/15/2002,-0.369357974,-0.393335313,-0.394072804,0.189877347,-1.159745524,0.410255782
9/16/2002,-0.369357974,-0.393335313,-0.394072804,0.189877347,-1.159745524,0.410255782
9/17/2002,-0.369357974,-0.393335313,-0.394072804,0.189877347,-1.159745524,0.410255782
9/18/2002,-0.369357974,-0.393335313,-0.394072804,0.189877347,-1.159745524,0.410255782
9/19/2002,-0.369357974,-0.393335313,-0.394072804,0.189877347,-1.159745524,0.410255782
9/20/2002,-0.359808324,-0.377833903,-0.389279926,0.192477969,-1.122485501,0.410233732
9/21/2002,-0.359808324,-0.377833903,-0.389279926,0.192477969,-1.122485501,0.410233732
9/22/2002,-0.359808324,-0.377833903,-0.389279926,0.192477969,-1.122485501,0.410233732
9/23/2002,-0.359808324,-0.377833903,-0.389279926,0.192477969,-1.122485501,0.410233732
9/24/2002,-0.359808324,-0.377833903,-0.389279926,0.192477969,-1.122485501,0.410233732
9/25/2002,-0.359808324,-0.377833903,-0.389279926,0.192477969,-1.122485501,0.410233732
9/26/2002,-0.359808324,-0.377833903,-0.389279926,0.192477969,-1.122485501,0.410233732
9/27/2002,-0.353973087,-0.368494863,-0.387625047,0.194315406,-1.088722009,0.410176488
9/28/2002,-0.353973087,-0.368494863,-0.387625047,0.194315406,-1.088722009,0.410176488
9/29/2002,-0.353973087,-0.368494863,-0.387625047,0.194315406,-1.088722009,0.410176488
9/30/2002,-0.353973087,-0.368494863,-0.387625047,0.194315406,-1.088722009,0.410176488
10/1/2002,-0.353973087,-0.368494863,-0.387625047,0.194315406,-1.088722009,0.410176488
10/2/2002,-0.353973087,-0.368494863,-0.387625047,0.194315406,-1.088722009,0.410176488
10/3/2002,-0.353973087,-0.368494863,-0.387625047,0.194315406,-1.088722009,0.410176488
10/4/2002,-0.353321944,-0.366573638,-0.390881332,0.194886841,-1.057617918,0.409979742
10/5/2002,-0.353321944,-0.366573638,-0.390881332,0.194886841,-1.057617918,0.409979742
10/6/2002,-0.353321944,-0.366573638,-0.390881332,0.194886841,-1.057617918,0.409979742
10/7/2002,-0.353321944,-0.366573638,-0.390881332,0.194886841,-1.057617918,0.409979742
10/8/2002,-0.353321944,-0.366573638,-0.390881332,0.194886841,-1.057617918,0.409979742
10/9/2002,-0.353321944,-0.366573638,-0.390881332,0.194886841,-1.057617918,0.409979742
10/10/2002,-0.353321944,-0.366573638,-0.390881332,0.194886841,-1.057617918,0.409979742
10/11/2002,-0.359190365,-0.373276715,-0.399449384,0.193694915,-1.029346194,0.409525926
10/12/2002,-0.359190365,-0.373276715,-0.399449384,0.193694915,-1.029346194,0.409525926
10/13/2002,-0.359190365,-0.373276715,-0.399449384,0.193694915,-1.029346194,0.409525926
10/14/2002,-0.359190365,-0.373276715,-0.399449384,0.193694915,-1.029346194,0.409525926
10/15/2002,-0.359190365,-0.373276715,-0.399449384,0.193694915,-1.029346194,0.409525926
10/16/2002,-0.359190365,-0.373276715,-0.399449384,0.193694915,-1.029346194,0.409525926
10/17/2002,-0.359190365,-0.373276715,-0.399449384,0.193694915,-1.029346194,0.409525926
10/18/2002,-0.371879337,-0.387904813,-0.414124037,0.190506958,-1.002103429,0.408717323
10/19/2002,-0.371879337,-0.387904813,-0.414124037,0.190506958,-1.002103429,0.408717323
10/20/2002,-0.371879337,-0.387904813,-0.414124037,0.190506958,-1.002103429,0.408717323
10/21/2002,-0.371879337,-0.387904813,-0.414124037,0.190506958,-1.002103429,0.408717323
10/22/2002,-0.371879337,-0.387904813,-0.414124037,0.190506958,-1.002103429,0.408717323
10/23/2002,-0.371879337,-0.387904813,-0.414124037,0.190506958,-1.002103429,0.408717323
10/24/2002,-0.371879337,-0.387904813,-0.414124037,0.190506958,-1.002103429,0.408717323
10/25/2002,-0.387558156,-0.404463611,-0.432252609,0.185600379,-0.973642454,0.407462766
10/26/2002,-0.387558156,-0.404463611,-0.432252609,0.185600379,-0.973642454,0.407462766
10/27/2002,-0.387558156,-0.404463611,-0.432252609,0.185600379,-0.973642454,0.407462766
10/28/2002,-0.387558156,-0.404463611,-0.432252609,0.185600379,-0.973642454,0.407462766
10/29/2002,-0.387558156,-0.404463611,-0.432252609,0.185600379,-0.973642454,0.407462766
10/30/2002,-0.387558156,-0.404463611,-0.432252609,0.185600379,-0.973642454,0.407462766
10/31/2002,-0.387558156,-0.404463611,-0.432252609,0.185600379,-0.973642454,0.407462766
11/1/2002,-0.406084613,-0.423849665,-0.453412291,0.179226307,-0.94335958,0.405685247
11/2/2002,-0.406084613,-0.423849665,-0.453412291,0.179226307,-0.94335958,0.405685247
11/3/2002,-0.406084613,-0.423849665,-0.453412291,0.179226307,-0.94335958,0.405685247
11/4/2002,-0.406084613,-0.423849665,-0.453412291,0.179226307,-0.94335958,0.405685247
11/5/2002,-0.406084613,-0.423849665,-0.453412291,0.179226307,-0.94335958,0.405685247
11/6/2002,-0.406084613,-0.423849665,-0.453412291,0.179226307,-0.94335958,0.405685247
11/7/2002,-0.406084613,-0.423849665,-0.453412291,0.179226307,-0.94335958,0.405685247
11/8/2002,-0.423941046,-0.442015412,-0.475196324,0.172001649,-0.909558291,0.403326534
11/9/2002,-0.423941046,-0.442015412,-0.475196324,0.172001649,-0.909558291,0.403326534
11/10/2002,-0.423941046,-0.442015412,-0.475196324,0.172001649,-0.909558291,0.403326534
11/11/2002,-0.423941046,-0.442015412,-0.475196324,0.172001649,-0.909558291,0.403326534
11/12/2002,-0.423941046,-0.442015412,-0.475196324,0.172001649,-0.909558291,0.403326534
11/13/2002,-0.423941046,-0.442015412,-0.475196324,0.172001649,-0.909558291,0.403326534
11/14/2002,-0.423941046,-0.442015412,-0.475196324,0.172001649,-0.909558291,0.403326534
11/15/2002,-0.439389341,-0.457157935,-0.495119248,0.164142956,-0.872705158,0.400347779
11/16/2002,-0.439389341,-0.457157935,-0.495119248,0.164142956,-0.872705158,0.400347779
11/17/2002,-0.439389341,-0.457157935,-0.495119248,0.164142956,-0.872705158,0.400347779
11/18/2002,-0.439389341,-0.457157935,-0.495119248,0.164142956,-0.872705158,0.400347779
11/19/2002,-0.439389341,-0.457157935,-0.495119248,0.164142956,-0.872705158,0.400347779
11/20/2002,-0.439389341,-0.457157935,-0.495119248,0.164142956,-0.872705158,0.400347779
11/21/2002,-0.439389341,-0.457157935,-0.495119248,0.164142956,-0.872705158,0.400347779
11/22/2002,-0.450182012,-0.465916214,-0.511234311,0.156089417,-0.832844969,0.396728967
11/23/2002,-0.450182012,-0.465916214,-0.511234311,0.156089417,-0.832844969,0.396728967
11/24/2002,-0.450182012,-0.465916214,-0.511234311,0.156089417,-0.832844969,0.396728967
11/25/2002,-0.450182012,-0.465916214,-0.511234311,0.156089417,-0.832844969,0.396728967
11/26/2002,-0.450182012,-0.465916214,-0.511234311,0.156089417,-0.832844969,0.396728967
11/27/2002,-0.450182012,-0.465916214,-0.511234311,0.156089417,-0.832844969,0.396728967
11/28/2002,-0.450182012,-0.465916214,-0.511234311,0.156089417,-0.832844969,0.396728967
11/29/2002,-0.456539933,-0.467956337,-0.523447919,0.147803165,-0.790593825,0.392469777
11/30/2002,-0.456539933,-0.467956337,-0.523447919,0.147803165,-0.790593825,0.392469777
12/1/2002,-0.456539933,-0.467956337,-0.523447919,0.147803165,-0.790593825,0.392469777
12/2/2002,-0.456539933,-0.467956337,-0.523447919,0.147803165,-0.790593825,0.392469777
12/3/2002,-0.456539933,-0.467956337,-0.523447919,0.147803165,-0.790593825,0.392469777
12/4/2002,-0.456539933,-0.467956337,-0.523447919,0.147803165,-0.790593825,0.392469777
12/5/2002,-0.456539933,-0.467956337,-0.523447919,0.147803165,-0.790593825,0.392469777
12/6/2002,-0.459005783,-0.46457237,-0.531933544,0.139263341,-0.747156996,0.387587501
12/7/2002,-0.459005783,-0.46457237,-0.531933544,0.139263341,-0.747156996,0.387587501
12/8/2002,-0.459005783,-0.46457237,-0.531933544,0.139263341,-0.747156996,0.387587501
12/9/2002,-0.459005783,-0.46457237,-0.531933544,0.139263341,-0.747156996,0.387587501
12/10/2002,-0.459005783,-0.46457237,-0.531933544,0.139263341,-0.747156996,0.387587501
12/11/2002,-0.459005783,-0.46457237,-0.531933544,0.139263341,-0.747156996,0.387587501
12/12/2002,-0.459005783,-0.46457237,-0.531933544,0.139263341,-0.747156996,0.387587501
12/13/2002,-0.462315395,-0.461377326,-0.538923226,0.128871848,-0.704313971,0.382115802
12/14/2002,-0.462315395,-0.461377326,-0.538923226,0.128871848,-0.704313971,0.382115802
12/15/2002,-0.462315395,-0.461377326,-0.538923226,0.128871848,-0.704313971,0.382115802
12/16/2002,-0.462315395,-0.461377326,-0.538923226,0.128871848,-0.704313971,0.382115802
12/17/2002,-0.462315395,-0.461377326,-0.538923226,0.128871848,-0.704313971,0.382115802
12/18/2002,-0.462315395,-0.461377326,-0.538923226,0.128871848,-0.704313971,0.382115802
12/19/2002,-0.462315395,-0.461377326,-0.538923226,0.128871848,-0.704313971,0.382115802
12/20/2002,-0.466122781,-0.461329408,-0.544535129,0.116933903,-0.663157434,0.376103217
12/21/2002,-0.466122781,-0.461329408,-0.544535129,0.116933903,-0.663157434,0.376103217
12/22/2002,-0.466122781,-0.461329408,-0.544535129,0.116933903,-0.663157434,0.376103217
12/23/2002,-0.466122781,-0.461329408,-0.544535129,0.116933903,-0.663157434,0.376103217
12/24/2002,-0.466122781,-0.461329408,-0.544535129,0.116933903,-0.663157434,0.376103217
12/25/2002,-0.466122781,-0.461329408,-0.544535129,0.116933903,-0.663157434,0.376103217
12/26/2002,-0.466122781,-0.461329408,-0.544535129,0.116933903,-0.663157434,0.376103217
12/27/2002,-0.472801449,-0.467941786,-0.550112812,0.102738856,-0.624851293,0.369609208
12/28/2002,-0.472801449,-0.467941786,-0.550112812,0.102738856,-0.624851293,0.369609208
12/29/2002,-0.472801449,-0.467941786,-0.550112812,0.102738856,-0.624851293,0.369609208
12/30/2002,-0.472801449,-0.467941786,-0.550112812,0.102738856,-0.624851293,0.369609208
12/31/2002,-0.472801449,-0.467941786,-0.550112812,0.102738856,-0.624851293,0.369609208
1/1/2003,-0.472801449,-0.467941786,-0.550112812,0.102738856,-0.624851293,0.369609208
1/2/2003,-0.472801449,-0.467941786,-0.550112812,0.102738856,-0.624851293,0.369609208
1/3/2003,-0.483446612,-0.483039,-0.556824554,0.08681181,-0.590906298,0.362694491
1/4/2003,-0.483446612,-0.483039,-0.556824554,0.08681181,-0.590906298,0.362694491
1/5/2003,-0.483446612,-0.483039,-0.556824554,0.08681181,-0.590906298,0.362694491
1/6/2003,-0.483446612,-0.483039,-0.556824554,0.08681181,-0.590906298,0.362694491
1/7/2003,-0.483446612,-0.483039,-0.556824554,0.08681181,-0.590906298,0.362694491
1/8/2003,-0.483446612,-0.483039,-0.556824554,0.08681181,-0.590906298,0.362694491
1/9/2003,-0.483446612,-0.483039,-0.556824554,0.08681181,-0.590906298,0.362694491
1/10/2003,-0.496540102,-0.502863935,-0.564288673,0.07012653,-0.561983673,0.355432692
1/11/2003,-0.496540102,-0.502863935,-0.564288673,0.07012653,-0.561983673,0.355432692
1/12/2003,-0.496540102,-0.502863935,-0.564288673,0.07012653,-0.561983673,0.355432692
1/13/2003,-0.496540102,-0.502863935,-0.564288673,0.07012653,-0.561983673,0.355432692
1/14/2003,-0.496540102,-0.502863935,-0.564288673,0.07012653,-0.561983673,0.355432692
1/15/2003,-0.496540102,-0.502863935,-0.564288673,0.07012653,-0.561983673,0.355432692
1/16/2003,-0.496540102,-0.502863935,-0.564288673,0.07012653,-0.561983673,0.355432692
1/17/2003,-0.508868225,-0.521787624,-0.571465501,0.054549268,-0.538608665,0.347885774
1/18/2003,-0.508868225,-0.521787624,-0.571465501,0.054549268,-0.538608665,0.347885774
1/19/2003,-0.508868225,-0.521787624,-0.571465501,0.054549268,-0.538608665,0.347885774
1/20/2003,-0.508868225,-0.521787624,-0.571465501,0.054549268,-0.538608665,0.347885774
1/21/2003,-0.508868225,-0.521787624,-0.571465501,0.054549268,-0.538608665,0.347885774
1/22/2003,-0.508868225,-0.521787624,-0.571465501,0.054549268,-0.538608665,0.347885774
1/23/2003,-0.508868225,-0.521787624,-0.571465501,0.054549268,-0.538608665,0.347885774
1/24/2003,-0.518410735,-0.535824518,-0.577841195,0.041285138,-0.521073625,0.340110103
1/25/2003,-0.518410735,-0.535824518,-0.577841195,0.041285138,-0.521073625,0.340110103
1/26/2003,-0.518410735,-0.535824518,-0.577841195,0.041285138,-0.521073625,0.340110103
1/27/2003,-0.518410735,-0.535824518,-0.577841195,0.041285138,-0.521073625,0.340110103
1/28/2003,-0.518410735,-0.535824518,-0.577841195,0.041285138,-0.521073625,0.340110103
1/29/2003,-0.518410735,-0.535824518,-0.577841195,0.041285138,-0.521073625,0.340110103
1/30/2003,-0.518410735,-0.535824518,-0.577841195,0.041285138,-0.521073625,0.340110103
1/31/2003,-0.525469719,-0.545912253,-0.583526197,0.030628762,-0.510507657,0.332153696
2/1/2003,-0.525469719,-0.545912253,-0.583526197,0.030628762,-0.510507657,0.332153696
2/2/2003,-0.525469719,-0.545912253,-0.583526197,0.030628762,-0.510507657,0.332153696
2/3/2003,-0.525469719,-0.545912253,-0.583526197,0.030628762,-0.510507657,0.332153696
2/4/2003,-0.525469719,-0.545912253,-0.583526197,0.030628762,-0.510507657,0.332153696
2/5/2003,-0.525469719,-0.545912253,-0.583526197,0.030628762,-0.510507657,0.332153696
2/6/2003,-0.525469719,-0.545912253,-0.583526197,0.030628762,-0.510507657,0.332153696
2/7/2003,-0.52928837,-0.551595996,-0.588217726,0.022954266,-0.50748076,0.324055504
2/8/2003,-0.52928837,-0.551595996,-0.588217726,0.022954266,-0.50748076,0.324055504
2/9/2003,-0.52928837,-0.551595996,-0.588217726,0.022954266,-0.50748076,0.324055504
2/10/2003,-0.52928837,-0.551595996,-0.588217726,0.022954266,-0.50748076,0.324055504
2/11/2003,-0.52928837,-0.551595996,-0.588217726,0.022954266,-0.50748076,0.324055504
2/12/2003,-0.52928837,-0.551595996,-0.588217726,0.022954266,-0.50748076,0.324055504
2/13/2003,-0.52928837,-0.551595996,-0.588217726,0.022954266,-0.50748076,0.324055504
2/14/2003,-0.531851206,-0.556663669,-0.591908921,0.017029878,-0.513395409,0.315846245
2/15/2003,-0.531851206,-0.556663669,-0.591908921,0.017029878,-0.513395409,0.315846245
2/16/2003,-0.531851206,-0.556663669,-0.591908921,0.017029878,-0.513395409,0.315846245
2/17/2003,-0.531851206,-0.556663669,-0.591908921,0.017029878,-0.513395409,0.315846245
2/18/2003,-0.531851206,-0.556663669,-0.591908921,0.017029878,-0.513395409,0.315846245
2/19/2003,-0.531851206,-0.556663669,-0.591908921,0.017029878,-0.513395409,0.315846245
2/20/2003,-0.531851206,-0.556663669,-0.591908921,0.017029878,-0.513395409,0.315846245
2/21/2003,-0.534478941,-0.56322424,-0.595695044,0.012041264,-0.527879067,0.307550794
2/22/2003,-0.534478941,-0.56322424,-0.595695044,0.012041264,-0.527879067,0.307550794
2/23/2003,-0.534478941,-0.56322424,-0.595695044,0.012041264,-0.527879067,0.307550794
2/24/2003,-0.534478941,-0.56322424,-0.595695044,0.012041264,-0.527879067,0.307550794
2/25/2003,-0.534478941,-0.56322424,-0.595695044,0.012041264,-0.527879067,0.307550794
2/26/2003,-0.534478941,-0.56322424,-0.595695044,0.012041264,-0.527879067,0.307550794
2/27/2003,-0.534478941,-0.56322424,-0.595695044,0.012041264,-0.527879067,0.307550794
2/28/2003,-0.538709253,-0.573319063,-0.600235713,0.006745735,-0.550529373,0.299190337
3/1/2003,-0.538709253,-0.573319063,-0.600235713,0.006745735,-0.550529373,0.299190337
3/2/2003,-0.538709253,-0.573319063,-0.600235713,0.006745735,-0.550529373,0.299190337
3/3/2003,-0.538709253,-0.573319063,-0.600235713,0.006745735,-0.550529373,0.299190337
3/4/2003,-0.538709253,-0.573319063,-0.600235713,0.006745735,-0.550529373,0.299190337
3/5/2003,-0.538709253,-0.573319063,-0.600235713,0.006745735,-0.550529373,0.299190337
3/6/2003,-0.538709253,-0.573319063,-0.600235713,0.006745735,-0.550529373,0.299190337
3/7/2003,-0.545326432,-0.587273275,-0.606035018,0.000396561,-0.580510495,0.290784278
3/8/2003,-0.545326432,-0.587273275,-0.606035018,0.000396561,-0.580510495,0.290784278
3/9/2003,-0.545326432,-0.587273275,-0.606035018,0.000396561,-0.580510495,0.290784278
3/10/2003,-0.545326432,-0.587273275,-0.606035018,0.000396561,-0.580510495,0.290784278
3/11/2003,-0.545326432,-0.587273275,-0.606035018,0.000396561,-0.580510495,0.290784278
3/12/2003,-0.545326432,-0.587273275,-0.606035018,0.000396561,-0.580510495,0.290784278
3/13/2003,-0.545326432,-0.587273275,-0.606035018,0.000396561,-0.580510495,0.290784278
3/14/2003,-0.555374634,-0.605241159,-0.614332798,-0.007647823,-0.615810788,0.282353046
3/15/2003,-0.555374634,-0.605241159,-0.614332798,-0.007647823,-0.615810788,0.282353046
3/16/2003,-0.555374634,-0.605241159,-0.614332798,-0.007647823,-0.615810788,0.282353046
3/17/2003,-0.555374634,-0.605241159,-0.614332798,-0.007647823,-0.615810788,0.282353046
3/18/2003,-0.555374634,-0.605241159,-0.614332798,-0.007647823,-0.615810788,0.282353046
3/19/2003,-0.555374634,-0.605241159,-0.614332798,-0.007647823,-0.615810788,0.282353046
3/20/2003,-0.555374634,-0.605241159,-0.614332798,-0.007647823,-0.615810788,0.282353046
3/21/2003,-0.570099025,-0.629669153,-0.626215379,-0.017483105,-0.654942927,0.27391963
3/22/2003,-0.570099025,-0.629669153,-0.626215379,-0.017483105,-0.654942927,0.27391963
3/23/2003,-0.570099025,-0.629669153,-0.626215379,-0.017483105,-0.654942927,0.27391963
3/24/2003,-0.570099025,-0.629669153,-0.626215379,-0.017483105,-0.654942927,0.27391963
3/25/2003,-0.570099025,-0.629669153,-0.626215379,-0.017483105,-0.654942927,0.27391963
3/26/2003,-0.570099025,-0.629669153,-0.626215379,-0.017483105,-0.654942927,0.27391963
3/27/2003,-0.570099025,-0.629669153,-0.626215379,-0.017483105,-0.654942927,0.27391963
3/28/2003,-0.589684473,-0.661054357,-0.643132187,-0.02849886,-0.695031095,0.26551135
3/29/2003,-0.589684473,-0.661054357,-0.643132187,-0.02849886,-0.695031095,0.26551135
3/30/2003,-0.589684473,-0.661054357,-0.643132187,-0.02849886,-0.695031095,0.26551135
3/31/2003,-0.589684473,-0.661054357,-0.643132187,-0.02849886,-0.695031095,0.26551135
4/1/2003,-0.589684473,-0.661054357,-0.643132187,-0.02849886,-0.695031095,0.26551135
4/2/2003,-0.589684473,-0.661054357,-0.643132187,-0.02849886,-0.695031095,0.26551135
4/3/2003,-0.589684473,-0.661054357,-0.643132187,-0.02849886,-0.695031095,0.26551135
4/4/2003,-0.612996223,-0.699467928,-0.663832123,-0.040014238,-0.734679664,0.257154005
4/5/2003,-0.612996223,-0.699467928,-0.663832123,-0.040014238,-0.734679664,0.257154005
4/6/2003,-0.612996223,-0.699467928,-0.663832123,-0.040014238,-0.734679664,0.257154005
4/7/2003,-0.612996223,-0.699467928,-0.663832123,-0.040014238,-0.734679664,0.257154005
4/8/2003,-0.612996223,-0.699467928,-0.663832123,-0.040014238,-0.734679664,0.257154005
4/9/2003,-0.612996223,-0.699467928,-0.663832123,-0.040014238,-0.734679664,0.257154005
4/10/2003,-0.612996223,-0.699467928,-0.663832123,-0.040014238,-0.734679664,0.257154005
4/11/2003,-0.638552971,-0.739936234,-0.687791229,-0.050966222,-0.771276898,0.248885341
4/12/2003,-0.638552971,-0.739936234,-0.687791229,-0.050966222,-0.771276898,0.248885341
4/13/2003,-0.638552971,-0.739936234,-0.687791229,-0.050966222,-0.771276898,0.248885341
4/14/2003,-0.638552971,-0.739936234,-0.687791229,-0.050966222,-0.771276898,0.248885341
4/15/2003,-0.638552971,-0.739936234,-0.687791229,-0.050966222,-0.771276898,0.248885341
4/16/2003,-0.638552971,-0.739936234,-0.687791229,-0.050966222,-0.771276898,0.248885341
4/17/2003,-0.638552971,-0.739936234,-0.687791229,-0.050966222,-0.771276898,0.248885341
4/18/2003,-0.663159578,-0.777270373,-0.713070731,-0.059755018,-0.80330814,0.240730552
4/19/2003,-0.663159578,-0.777270373,-0.713070731,-0.059755018,-0.80330814,0.240730552
4/20/2003,-0.663159578,-0.777270373,-0.713070731,-0.059755018,-0.80330814,0.240730552
4/21/2003,-0.663159578,-0.777270373,-0.713070731,-0.059755018,-0.80330814,0.240730552
4/22/2003,-0.663159578,-0.777270373,-0.713070731,-0.059755018,-0.80330814,0.240730552
4/23/2003,-0.663159578,-0.777270373,-0.713070731,-0.059755018,-0.80330814,0.240730552
4/24/2003,-0.663159578,-0.777270373,-0.713070731,-0.059755018,-0.80330814,0.240730552
4/25/2003,-0.684510068,-0.806234257,-0.73733195,-0.06583858,-0.829754939,0.232714748
4/26/2003,-0.684510068,-0.806234257,-0.73733195,-0.06583858,-0.829754939,0.232714748
4/27/2003,-0.684510068,-0.806234257,-0.73733195,-0.06583858,-0.829754939,0.232714748
4/28/2003,-0.684510068,-0.806234257,-0.73733195,-0.06583858,-0.829754939,0.232714748
4/29/2003,-0.684510068,-0.806234257,-0.73733195,-0.06583858,-0.829754939,0.232714748
4/30/2003,-0.684510068,-0.806234257,-0.73733195,-0.06583858,-0.829754939,0.232714748
5/1/2003,-0.684510068,-0.806234257,-0.73733195,-0.06583858,-0.829754939,0.232714748
5/2/2003,-0.700788303,-0.82271264,-0.758776302,-0.068556776,-0.850719399,0.224858352
5/3/2003,-0.700788303,-0.82271264,-0.758776302,-0.068556776,-0.850719399,0.224858352
5/4/2003,-0.700788303,-0.82271264,-0.758776302,-0.068556776,-0.850719399,0.224858352
5/5/2003,-0.700788303,-0.82271264,-0.758776302,-0.068556776,-0.850719399,0.224858352
5/6/2003,-0.700788303,-0.82271264,-0.758776302,-0.068556776,-0.850719399,0.224858352
5/7/2003,-0.700788303,-0.82271264,-0.758776302,-0.068556776,-0.850719399,0.224858352
5/8/2003,-0.700788303,-0.82271264,-0.758776302,-0.068556776,-0.850719399,0.224858352
5/9/2003,-0.710428818,-0.824863492,-0.775718285,-0.067960289,-0.866355984,0.217179444
5/10/2003,-0.710428818,-0.824863492,-0.775718285,-0.067960289,-0.866355984,0.217179444
5/11/2003,-0.710428818,-0.824863492,-0.775718285,-0.067960289,-0.866355984,0.217179444
5/12/2003,-0.710428818,-0.824863492,-0.775718285,-0.067960289,-0.866355984,0.217179444
5/13/2003,-0.710428818,-0.824863492,-0.775718285,-0.067960289,-0.866355984,0.217179444
5/14/2003,-0.710428818,-0.824863492,-0.775718285,-0.067960289,-0.866355984,0.217179444
5/15/2003,-0.710428818,-0.824863492,-0.775718285,-0.067960289,-0.866355984,0.217179444
5/16/2003,-0.714899705,-0.816838358,-0.787817503,-0.065399585,-0.877832078,0.209695773
5/17/2003,-0.714899705,-0.816838358,-0.787817503,-0.065399585,-0.877832078,0.209695773
5/18/2003,-0.714899705,-0.816838358,-0.787817503,-0.065399585,-0.877832078,0.209695773
5/19/2003,-0.714899705,-0.816838358,-0.787817503,-0.065399585,-0.877832078,0.209695773
5/20/2003,-0.714899705,-0.816838358,-0.787817503,-0.065399585,-0.877832078,0.209695773
5/21/2003,-0.714899705,-0.816838358,-0.787817503,-0.065399585,-0.877832078,0.209695773
5/22/2003,-0.714899705,-0.816838358,-0.787817503,-0.065399585,-0.877832078,0.209695773
5/23/2003,-0.715397689,-0.802690964,-0.795191726,-0.062432255,-0.885631668,0.202428229
5/24/2003,-0.715397689,-0.802690964,-0.795191726,-0.062432255,-0.885631668,0.202428229
5/25/2003,-0.715397689,-0.802690964,-0.795191726,-0.062432255,-0.885631668,0.202428229
5/26/2003,-0.715397689,-0.802690964,-0.795191726,-0.062432255,-0.885631668,0.202428229
5/27/2003,-0.715397689,-0.802690964,-0.795191726,-0.062432255,-0.885631668,0.202428229
5/28/2003,-0.715397689,-0.802690964,-0.795191726,-0.062432255,-0.885631668,0.202428229
5/29/2003,-0.715397689,-0.802690964,-0.795191726,-0.062432255,-0.885631668,0.202428229
5/30/2003,-0.714051989,-0.786891207,-0.798430404,-0.060823371,-0.890747356,0.195403601
5/31/2003,-0.714051989,-0.786891207,-0.798430404,-0.060823371,-0.890747356,0.195403601
6/1/2003,-0.714051989,-0.786891207,-0.798430404,-0.060823371,-0.890747356,0.195403601
6/2/2003,-0.714051989,-0.786891207,-0.798430404,-0.060823371,-0.890747356,0.195403601
6/3/2003,-0.714051989,-0.786891207,-0.798430404,-0.060823371,-0.890747356,0.195403601
6/4/2003,-0.714051989,-0.786891207,-0.798430404,-0.060823371,-0.890747356,0.195403601
6/5/2003,-0.714051989,-0.786891207,-0.798430404,-0.060823371,-0.890747356,0.195403601
6/6/2003,-0.712215517,-0.771143992,-0.797692024,-0.062236627,-0.893597733,0.188657036
6/7/2003,-0.712215517,-0.771143992,-0.797692024,-0.062236627,-0.893597733,0.188657036
6/8/2003,-0.712215517,-0.771143992,-0.797692024,-0.062236627,-0.893597733,0.188657036
6/9/2003,-0.712215517,-0.771143992,-0.797692024,-0.062236627,-0.893597733,0.188657036
6/10/2003,-0.712215517,-0.771143992,-0.797692024,-0.062236627,-0.893597733,0.188657036
6/11/2003,-0.712215517,-0.771143992,-0.797692024,-0.062236627,-0.893597733,0.188657036
6/12/2003,-0.712215517,-0.771143992,-0.797692024,-0.062236627,-0.893597733,0.188657036
6/13/2003,-0.711554384,-0.759012692,-0.794030031,-0.06778408,-0.894204439,0.182235187
6/14/2003,-0.711554384,-0.759012692,-0.794030031,-0.06778408,-0.894204439,0.182235187
6/15/2003,-0.711554384,-0.759012692,-0.794030031,-0.06778408,-0.894204439,0.182235187
6/16/2003,-0.711554384,-0.759012692,-0.794030031,-0.06778408,-0.894204439,0.182235187
6/17/2003,-0.711554384,-0.759012692,-0.794030031,-0.06778408,-0.894204439,0.182235187
6/18/2003,-0.711554384,-0.759012692,-0.794030031,-0.06778408,-0.894204439,0.182235187
6/19/2003,-0.711554384,-0.759012692,-0.794030031,-0.06778408,-0.894204439,0.182235187
6/20/2003,-0.713030353,-0.751515869,-0.787877351,-0.078131085,-0.892353929,0.176197449
6/21/2003,-0.713030353,-0.751515869,-0.787877351,-0.078131085,-0.892353929,0.176197449
6/22/2003,-0.713030353,-0.751515869,-0.787877351,-0.078131085,-0.892353929,0.176197449
6/23/2003,-0.713030353,-0.751515869,-0.787877351,-0.078131085,-0.892353929,0.176197449
6/24/2003,-0.713030353,-0.751515869,-0.787877351,-0.078131085,-0.892353929,0.176197449
6/25/2003,-0.713030353,-0.751515869,-0.787877351,-0.078131085,-0.892353929,0.176197449
6/26/2003,-0.713030353,-0.751515869,-0.787877351,-0.078131085,-0.892353929,0.176197449
6/27/2003,-0.715675332,-0.747902055,-0.77883932,-0.092745882,-0.887547612,0.170615029
6/28/2003,-0.715675332,-0.747902055,-0.77883932,-0.092745882,-0.887547612,0.170615029
6/29/2003,-0.715675332,-0.747902055,-0.77883932,-0.092745882,-0.887547612,0.170615029
6/30/2003,-0.715675332,-0.747902055,-0.77883932,-0.092745882,-0.887547612,0.170615029
7/1/2003,-0.715675332,-0.747902055,-0.77883932,-0.092745882,-0.887547612,0.170615029
7/2/2003,-0.715675332,-0.747902055,-0.77883932,-0.092745882,-0.887547612,0.170615029
7/3/2003,-0.715675332,-0.747902055,-0.77883932,-0.092745882,-0.887547612,0.170615029
7/4/2003,-0.718613564,-0.747713768,-0.767360611,-0.110526666,-0.878396012,0.16556586
7/5/2003,-0.718613564,-0.747713768,-0.767360611,-0.110526666,-0.878396012,0.16556586
7/6/2003,-0.718613564,-0.747713768,-0.767360611,-0.110526666,-0.878396012,0.16556586
7/7/2003,-0.718613564,-0.747713768,-0.767360611,-0.110526666,-0.878396012,0.16556586
7/8/2003,-0.718613564,-0.747713768,-0.767360611,-0.110526666,-0.878396012,0.16556586
7/9/2003,-0.718613564,-0.747713768,-0.767360611,-0.110526666,-0.878396012,0.16556586
7/10/2003,-0.718613564,-0.747713768,-0.767360611,-0.110526666,-0.878396012,0.16556586
7/11/2003,-0.720157846,-0.750622578,-0.753729739,-0.129798957,-0.863628727,0.161146029
7/12/2003,-0.720157846,-0.750622578,-0.753729739,-0.129798957,-0.863628727,0.161146029
7/13/2003,-0.720157846,-0.750622578,-0.753729739,-0.129798957,-0.863628727,0.161146029
7/14/2003,-0.720157846,-0.750622578,-0.753729739,-0.129798957,-0.863628727,0.161146029
7/15/2003,-0.720157846,-0.750622578,-0.753729739,-0.129798957,-0.863628727,0.161146029
7/16/2003,-0.720157846,-0.750622578,-0.753729739,-0.129798957,-0.863628727,0.161146029
7/17/2003,-0.720157846,-0.750622578,-0.753729739,-0.129798957,-0.863628727,0.161146029
7/18/2003,-0.718425411,-0.753455982,-0.737979673,-0.148731933,-0.842124909,0.157434927
7/19/2003,-0.718425411,-0.753455982,-0.737979673,-0.148731933,-0.842124909,0.157434927
7/20/2003,-0.718425411,-0.753455982,-0.737979673,-0.148731933,-0.842124909,0.157434927
7/21/2003,-0.718425411,-0.753455982,-0.737979673,-0.148731933,-0.842124909,0.157434927
7/22/2003,-0.718425411,-0.753455982,-0.737979673,-0.148731933,-0.842124909,0.157434927
7/23/2003,-0.718425411,-0.753455982,-0.737979673,-0.148731933,-0.842124909,0.157434927
7/24/2003,-0.718425411,-0.753455982,-0.737979673,-0.148731933,-0.842124909,0.157434927
7/25/2003,-0.713413197,-0.754053405,-0.722025305,-0.165617405,-0.813176567,0.154511543
7/26/2003,-0.713413197,-0.754053405,-0.722025305,-0.165617405,-0.813176567,0.154511543
7/27/2003,-0.713413197,-0.754053405,-0.722025305,-0.165617405,-0.813176567,0.154511543
7/28/2003,-0.713413197,-0.754053405,-0.722025305,-0.165617405,-0.813176567,0.154511543
7/29/2003,-0.713413197,-0.754053405,-0.722025305,-0.165617405,-0.813176567,0.154511543
7/30/2003,-0.713413197,-0.754053405,-0.722025305,-0.165617405,-0.813176567,0.154511543
7/31/2003,-0.713413197,-0.754053405,-0.722025305,-0.165617405,-0.813176567,0.154511543
8/1/2003,-0.703551616,-0.748392823,-0.705667844,-0.179245446,-0.776990946,0.152443052
8/2/2003,-0.703551616,-0.748392823,-0.705667844,-0.179245446,-0.776990946,0.152443052
8/3/2003,-0.703551616,-0.748392823,-0.705667844,-0.179245446,-0.776990946,0.152443052
8/4/2003,-0.703551616,-0.748392823,-0.705667844,-0.179245446,-0.776990946,0.152443052
8/5/2003,-0.703551616,-0.748392823,-0.705667844,-0.179245446,-0.776990946,0.152443052
8/6/2003,-0.703551616,-0.748392823,-0.705667844,-0.179245446,-0.776990946,0.152443052
8/7/2003,-0.703551616,-0.748392823,-0.705667844,-0.179245446,-0.776990946,0.152443052
8/8/2003,-0.693388763,-0.740156446,-0.693040268,-0.189128204,-0.735790775,0.151280845
8/9/2003,-0.693388763,-0.740156446,-0.693040268,-0.189128204,-0.735790775,0.151280845
8/10/2003,-0.693388763,-0.740156446,-0.693040268,-0.189128204,-0.735790775,0.151280845
8/11/2003,-0.693388763,-0.740156446,-0.693040268,-0.189128204,-0.735790775,0.151280845
8/12/2003,-0.693388763,-0.740156446,-0.693040268,-0.189128204,-0.735790775,0.151280845
8/13/2003,-0.693388763,-0.740156446,-0.693040268,-0.189128204,-0.735790775,0.151280845
8/14/2003,-0.693388763,-0.740156446,-0.693040268,-0.189128204,-0.735790775,0.151280845
8/15/2003,-0.683380795,-0.729141637,-0.684117913,-0.195753263,-0.691674734,0.151059301
8/16/2003,-0.683380795,-0.729141637,-0.684117913,-0.195753263,-0.691674734,0.151059301
8/17/2003,-0.683380795,-0.729141637,-0.684117913,-0.195753263,-0.691674734,0.151059301
8/18/2003,-0.683380795,-0.729141637,-0.684117913,-0.195753263,-0.691674734,0.151059301
8/19/2003,-0.683380795,-0.729141637,-0.684117913,-0.195753263,-0.691674734,0.151059301
8/20/2003,-0.683380795,-0.729141637,-0.684117913,-0.195753263,-0.691674734,0.151059301
8/21/2003,-0.683380795,-0.729141637,-0.684117913,-0.195753263,-0.691674734,0.151059301
8/22/2003,-0.675296151,-0.718304262,-0.679645705,-0.199607532,-0.64786523,0.151795203
8/23/2003,-0.675296151,-0.718304262,-0.679645705,-0.199607532,-0.64786523,0.151795203
8/24/2003,-0.675296151,-0.718304262,-0.679645705,-0.199607532,-0.64786523,0.151795203
8/25/2003,-0.675296151,-0.718304262,-0.679645705,-0.199607532,-0.64786523,0.151795203
8/26/2003,-0.675296151,-0.718304262,-0.679645705,-0.199607532,-0.64786523,0.151795203
8/27/2003,-0.675296151,-0.718304262,-0.679645705,-0.199607532,-0.64786523,0.151795203
8/28/2003,-0.675296151,-0.718304262,-0.679645705,-0.199607532,-0.64786523,0.151795203
8/29/2003,-0.670171824,-0.710476199,-0.678774542,-0.201655597,-0.608288969,0.153486125
8/30/2003,-0.670171824,-0.710476199,-0.678774542,-0.201655597,-0.608288969,0.153486125
8/31/2003,-0.670171824,-0.710476199,-0.678774542,-0.201655597,-0.608288969,0.153486125
9/1/2003,-0.670171824,-0.710476199,-0.678774542,-0.201655597,-0.608288969,0.153486125
9/2/2003,-0.670171824,-0.710476199,-0.678774542,-0.201655597,-0.608288969,0.153486125
9/3/2003,-0.670171824,-0.710476199,-0.678774542,-0.201655597,-0.608288969,0.153486125
9/4/2003,-0.670171824,-0.710476199,-0.678774542,-0.201655597,-0.608288969,0.153486125
9/5/2003,-0.668721936,-0.706888613,-0.680981499,-0.203087545,-0.575274252,0.156111858
9/6/2003,-0.668721936,-0.706888613,-0.680981499,-0.203087545,-0.575274252,0.156111858
9/7/2003,-0.668721936,-0.706888613,-0.680981499,-0.203087545,-0.575274252,0.156111858
9/8/2003,-0.668721936,-0.706888613,-0.680981499,-0.203087545,-0.575274252,0.156111858
9/9/2003,-0.668721936,-0.706888613,-0.680981499,-0.203087545,-0.575274252,0.156111858
9/10/2003,-0.668721936,-0.706888613,-0.680981499,-0.203087545,-0.575274252,0.156111858
9/11/2003,-0.668721936,-0.706888613,-0.680981499,-0.203087545,-0.575274252,0.156111858
9/12/2003,-0.67104952,-0.70733061,-0.685615097,-0.204699711,-0.550522743,0.159634626
9/13/2003,-0.67104952,-0.70733061,-0.685615097,-0.204699711,-0.550522743,0.159634626
9/14/2003,-0.67104952,-0.70733061,-0.685615097,-0.204699711,-0.550522743,0.159634626
9/15/2003,-0.67104952,-0.70733061,-0.685615097,-0.204699711,-0.550522743,0.159634626
9/16/2003,-0.67104952,-0.70733061,-0.685615097,-0.204699711,-0.550522743,0.159634626
9/17/2003,-0.67104952,-0.70733061,-0.685615097,-0.204699711,-0.550522743,0.159634626
9/18/2003,-0.67104952,-0.70733061,-0.685615097,-0.204699711,-0.550522743,0.159634626
9/19/2003,-0.676382106,-0.709895994,-0.690648897,-0.207443136,-0.534936659,0.164000036
9/20/2003,-0.676382106,-0.709895994,-0.690648897,-0.207443136,-0.534936659,0.164000036
9/21/2003,-0.676382106,-0.709895994,-0.690648897,-0.207443136,-0.534936659,0.164000036
9/22/2003,-0.676382106,-0.709895994,-0.690648897,-0.207443136,-0.534936659,0.164000036
9/23/2003,-0.676382106,-0.709895994,-0.690648897,-0.207443136,-0.534936659,0.164000036
9/24/2003,-0.676382106,-0.709895994,-0.690648897,-0.207443136,-0.534936659,0.164000036
9/25/2003,-0.676382106,-0.709895994,-0.690648897,-0.207443136,-0.534936659,0.164000036
9/26/2003,-0.683318642,-0.712602774,-0.695265303,-0.211617212,-0.526889587,0.169141777
9/27/2003,-0.683318642,-0.712602774,-0.695265303,-0.211617212,-0.526889587,0.169141777
9/28/2003,-0.683318642,-0.712602774,-0.695265303,-0.211617212,-0.526889587,0.169141777
9/29/2003,-0.683318642,-0.712602774,-0.695265303,-0.211617212,-0.526889587,0.169141777
9/30/2003,-0.683318642,-0.712602774,-0.695265303,-0.211617212,-0.526889587,0.169141777
10/1/2003,-0.683318642,-0.712602774,-0.695265303,-0.211617212,-0.526889587,0.169141777
10/2/2003,-0.683318642,-0.712602774,-0.695265303,-0.211617212,-0.526889587,0.169141777
10/3/2003,-0.691150847,-0.715141224,-0.698646733,-0.217532491,-0.524493859,0.174988662
10/4/2003,-0.691150847,-0.715141224,-0.698646733,-0.217532491,-0.524493859,0.174988662
10/5/2003,-0.691150847,-0.715141224,-0.698646733,-0.217532491,-0.524493859,0.174988662
10/6/2003,-0.691150847,-0.715141224,-0.698646733,-0.217532491,-0.524493859,0.174988662
10/7/2003,-0.691150847,-0.715141224,-0.698646733,-0.217532491,-0.524493859,0.174988662
10/8/2003,-0.691150847,-0.715141224,-0.698646733,-0.217532491,-0.524493859,0.174988662
10/9/2003,-0.691150847,-0.715141224,-0.698646733,-0.217532491,-0.524493859,0.174988662
10/10/2003,-0.699752636,-0.718270206,-0.701554208,-0.224880376,-0.524786805,0.181453791
10/11/2003,-0.699752636,-0.718270206,-0.701554208,-0.224880376,-0.524786805,0.181453791
10/12/2003,-0.699752636,-0.718270206,-0.701554208,-0.224880376,-0.524786805,0.181453791
10/13/2003,-0.699752636,-0.718270206,-0.701554208,-0.224880376,-0.524786805,0.181453791
10/14/2003,-0.699752636,-0.718270206,-0.701554208,-0.224880376,-0.524786805,0.181453791
10/15/2003,-0.699752636,-0.718270206,-0.701554208,-0.224880376,-0.524786805,0.181453791
10/16/2003,-0.699752636,-0.718270206,-0.701554208,-0.224880376,-0.524786805,0.181453791
10/17/2003,-0.707737099,-0.721805626,-0.703851328,-0.232819625,-0.524785638,0.188461425
10/18/2003,-0.707737099,-0.721805626,-0.703851328,-0.232819625,-0.524785638,0.188461425
10/19/2003,-0.707737099,-0.721805626,-0.703851328,-0.232819625,-0.524785638,0.188461425
10/20/2003,-0.707737099,-0.721805626,-0.703851328,-0.232819625,-0.524785638,0.188461425
10/21/2003,-0.707737099,-0.721805626,-0.703851328,-0.232819625,-0.524785638,0.188461425
10/22/2003,-0.707737099,-0.721805626,-0.703851328,-0.232819625,-0.524785638,0.188461425
10/23/2003,-0.707737099,-0.721805626,-0.703851328,-0.232819625,-0.524785638,0.188461425
10/24/2003,-0.713411989,-0.724479158,-0.705143196,-0.240517672,-0.521637831,0.195938785
10/25/2003,-0.713411989,-0.724479158,-0.705143196,-0.240517672,-0.521637831,0.195938785
10/26/2003,-0.713411989,-0.724479158,-0.705143196,-0.240517672,-0.521637831,0.195938785
10/27/2003,-0.713411989,-0.724479158,-0.705143196,-0.240517672,-0.521637831,0.195938785
10/28/2003,-0.713411989,-0.724479158,-0.705143196,-0.240517672,-0.521637831,0.195938785
10/29/2003,-0.713411989,-0.724479158,-0.705143196,-0.240517672,-0.521637831,0.195938785
10/30/2003,-0.713411989,-0.724479158,-0.705143196,-0.240517672,-0.521637831,0.195938785
10/31/2003,-0.717893462,-0.727485521,-0.70688654,-0.247572951,-0.513608143,0.203819864
11/1/2003,-0.717893462,-0.727485521,-0.70688654,-0.247572951,-0.513608143,0.203819864
11/2/2003,-0.717893462,-0.727485521,-0.70688654,-0.247572951,-0.513608143,0.203819864
11/3/2003,-0.717893462,-0.727485521,-0.70688654,-0.247572951,-0.513608143,0.203819864
11/4/2003,-0.717893462,-0.727485521,-0.70688654,-0.247572951,-0.513608143,0.203819864
11/5/2003,-0.717893462,-0.727485521,-0.70688654,-0.247572951,-0.513608143,0.203819864
11/6/2003,-0.717893462,-0.727485521,-0.70688654,-0.247572951,-0.513608143,0.203819864
11/7/2003,-0.720013517,-0.72692026,-0.70860261,-0.253423648,-0.499837722,0.212048075
11/8/2003,-0.720013517,-0.72692026,-0.70860261,-0.253423648,-0.499837722,0.212048075
11/9/2003,-0.720013517,-0.72692026,-0.70860261,-0.253423648,-0.499837722,0.212048075
11/10/2003,-0.720013517,-0.72692026,-0.70860261,-0.253423648,-0.499837722,0.212048075
11/11/2003,-0.720013517,-0.72692026,-0.70860261,-0.253423648,-0.499837722,0.212048075
11/12/2003,-0.720013517,-0.72692026,-0.70860261,-0.253423648,-0.499837722,0.212048075
11/13/2003,-0.720013517,-0.72692026,-0.70860261,-0.253423648,-0.499837722,0.212048075
11/14/2003,-0.720183549,-0.721714581,-0.710461124,-0.258214799,-0.480727711,0.220574421
11/15/2003,-0.720183549,-0.721714581,-0.710461124,-0.258214799,-0.480727711,0.220574421
11/16/2003,-0.720183549,-0.721714581,-0.710461124,-0.258214799,-0.480727711,0.220574421
11/17/2003,-0.720183549,-0.721714581,-0.710461124,-0.258214799,-0.480727711,0.220574421
11/18/2003,-0.720183549,-0.721714581,-0.710461124,-0.258214799,-0.480727711,0.220574421
11/19/2003,-0.720183549,-0.721714581,-0.710461124,-0.258214799,-0.480727711,0.220574421
11/20/2003,-0.720183549,-0.721714581,-0.710461124,-0.258214799,-0.480727711,0.220574421
11/21/2003,-0.718980437,-0.712369481,-0.712366265,-0.262410069,-0.457804681,0.229355657
11/22/2003,-0.718980437,-0.712369481,-0.712366265,-0.262410069,-0.457804681,0.229355657
11/23/2003,-0.718980437,-0.712369481,-0.712366265,-0.262410069,-0.457804681,0.229355657
11/24/2003,-0.718980437,-0.712369481,-0.712366265,-0.262410069,-0.457804681,0.229355657
11/25/2003,-0.718980437,-0.712369481,-0.712366265,-0.262410069,-0.457804681,0.229355657
11/26/2003,-0.718980437,-0.712369481,-0.712366265,-0.262410069,-0.457804681,0.229355657
11/27/2003,-0.718980437,-0.712369481,-0.712366265,-0.262410069,-0.457804681,0.229355657
11/28/2003,-0.717685505,-0.70072705,-0.714843439,-0.26663595,-0.43340362,0.238352974
11/29/2003,-0.717685505,-0.70072705,-0.714843439,-0.26663595,-0.43340362,0.238352974
11/30/2003,-0.717685505,-0.70072705,-0.714843439,-0.26663595,-0.43340362,0.238352974
12/1/2003,-0.717685505,-0.70072705,-0.714843439,-0.26663595,-0.43340362,0.238352974
12/2/2003,-0.717685505,-0.70072705,-0.714843439,-0.26663595,-0.43340362,0.238352974
12/3/2003,-0.717685505,-0.70072705,-0.714843439,-0.26663595,-0.43340362,0.238352974
12/4/2003,-0.717685505,-0.70072705,-0.714843439,-0.26663595,-0.43340362,0.238352974
12/5/2003,-0.715848848,-0.687813181,-0.717164093,-0.271302631,-0.410109823,0.247529393
12/6/2003,-0.715848848,-0.687813181,-0.717164093,-0.271302631,-0.410109823,0.247529393
12/7/2003,-0.715848848,-0.687813181,-0.717164093,-0.271302631,-0.410109823,0.247529393
12/8/2003,-0.715848848,-0.687813181,-0.717164093,-0.271302631,-0.410109823,0.247529393
12/9/2003,-0.715848848,-0.687813181,-0.717164093,-0.271302631,-0.410109823,0.247529393
12/10/2003,-0.715848848,-0.687813181,-0.717164093,-0.271302631,-0.410109823,0.247529393
12/11/2003,-0.715848848,-0.687813181,-0.717164093,-0.271302631,-0.410109823,0.247529393
12/12/2003,-0.716632609,-0.67896926,-0.720783962,-0.277521073,-0.391310097,0.25684812
12/13/2003,-0.716632609,-0.67896926,-0.720783962,-0.277521073,-0.391310097,0.25684812
12/14/2003,-0.716632609,-0.67896926,-0.720783962,-0.277521073,-0.391310097,0.25684812
12/15/2003,-0.716632609,-0.67896926,-0.720783962,-0.277521073,-0.391310097,0.25684812
12/16/2003,-0.716632609,-0.67896926,-0.720783962,-0.277521073,-0.391310097,0.25684812
12/17/2003,-0.716632609,-0.67896926,-0.720783962,-0.277521073,-0.391310097,0.25684812
12/18/2003,-0.716632609,-0.67896926,-0.720783962,-0.277521073,-0.391310097,0.25684812
12/19/2003,-0.719963152,-0.674238918,-0.725346694,-0.285339261,-0.379766852,0.266271159
12/20/2003,-0.719963152,-0.674238918,-0.725346694,-0.285339261,-0.379766852,0.266271159
12/21/2003,-0.719963152,-0.674238918,-0.725346694,-0.285339261,-0.379766852,0.266271159
12/22/2003,-0.719963152,-0.674238918,-0.725346694,-0.285339261,-0.379766852,0.266271159
12/23/2003,-0.719963152,-0.674238918,-0.725346694,-0.285339261,-0.379766852,0.266271159
12/24/2003,-0.719963152,-0.674238918,-0.725346694,-0.285339261,-0.379766852,0.266271159
12/25/2003,-0.719963152,-0.674238918,-0.725346694,-0.285339261,-0.379766852,0.266271159
12/26/2003,-0.7262487,-0.673587294,-0.730556733,-0.294965854,-0.377714552,0.275757145
12/27/2003,-0.7262487,-0.673587294,-0.730556733,-0.294965854,-0.377714552,0.275757145
12/28/2003,-0.7262487,-0.673587294,-0.730556733,-0.294965854,-0.377714552,0.275757145
12/29/2003,-0.7262487,-0.673587294,-0.730556733,-0.294965854,-0.377714552,0.275757145
12/30/2003,-0.7262487,-0.673587294,-0.730556733,-0.294965854,-0.377714552,0.275757145
12/31/2003,-0.7262487,-0.673587294,-0.730556733,-0.294965854,-0.377714552,0.275757145
1/1/2004,-0.7262487,-0.673587294,-0.730556733,-0.294965854,-0.377714552,0.275757145
1/2/2004,-0.736165506,-0.676358819,-0.737363063,-0.305739217,-0.386417049,0.285261827
1/3/2004,-0.736165506,-0.676358819,-0.737363063,-0.305739217,-0.386417049,0.285261827
1/4/2004,-0.736165506,-0.676358819,-0.737363063,-0.305739217,-0.386417049,0.285261827
1/5/2004,-0.736165506,-0.676358819,-0.737363063,-0.305739217,-0.386417049,0.285261827
1/6/2004,-0.736165506,-0.676358819,-0.737363063,-0.305739217,-0.386417049,0.285261827
1/7/2004,-0.736165506,-0.676358819,-0.737363063,-0.305739217,-0.386417049,0.285261827
1/8/2004,-0.736165506,-0.676358819,-0.737363063,-0.305739217,-0.386417049,0.285261827
1/9/2004,-0.749368925,-0.680350953,-0.745637035,-0.316883276,-0.406160116,0.294742467
1/10/2004,-0.749368925,-0.680350953,-0.745637035,-0.316883276,-0.406160116,0.294742467
1/11/2004,-0.749368925,-0.680350953,-0.745637035,-0.316883276,-0.406160116,0.294742467
1/12/2004,-0.749368925,-0.680350953,-0.745637035,-0.316883276,-0.406160116,0.294742467
1/13/2004,-0.749368925,-0.680350953,-0.745637035,-0.316883276,-0.406160116,0.294742467
1/14/2004,-0.749368925,-0.680350953,-0.745637035,-0.316883276,-0.406160116,0.294742467
1/15/2004,-0.749368925,-0.680350953,-0.745637035,-0.316883276,-0.406160116,0.294742467
1/16/2004,-0.763218847,-0.686058607,-0.754439234,-0.326636006,-0.43589045,0.30415086
1/17/2004,-0.763218847,-0.686058607,-0.754439234,-0.326636006,-0.43589045,0.30415086
1/18/2004,-0.763218847,-0.686058607,-0.754439234,-0.326636006,-0.43589045,0.30415086
1/19/2004,-0.763218847,-0.686058607,-0.754439234,-0.326636006,-0.43589045,0.30415086
1/20/2004,-0.763218847,-0.686058607,-0.754439234,-0.326636006,-0.43589045,0.30415086
1/21/2004,-0.763218847,-0.686058607,-0.754439234,-0.326636006,-0.43589045,0.30415086
1/22/2004,-0.763218847,-0.686058607,-0.754439234,-0.326636006,-0.43589045,0.30415086
1/23/2004,-0.776553759,-0.693573345,-0.76345291,-0.334201111,-0.473120977,0.313451863
1/24/2004,-0.776553759,-0.693573345,-0.76345291,-0.334201111,-0.473120977,0.313451863
1/25/2004,-0.776553759,-0.693573345,-0.76345291,-0.334201111,-0.473120977,0.313451863
1/26/2004,-0.776553759,-0.693573345,-0.76345291,-0.334201111,-0.473120977,0.313451863
1/27/2004,-0.776553759,-0.693573345,-0.76345291,-0.334201111,-0.473120977,0.313451863
1/28/2004,-0.776553759,-0.693573345,-0.76345291,-0.334201111,-0.473120977,0.313451863
1/29/2004,-0.776553759,-0.693573345,-0.76345291,-0.334201111,-0.473120977,0.313451863
1/30/2004,-0.788810559,-0.703981701,-0.772453649,-0.339080432,-0.514970046,0.322616031
1/31/2004,-0.788810559,-0.703981701,-0.772453649,-0.339080432,-0.514970046,0.322616031
2/1/2004,-0.788810559,-0.703981701,-0.772453649,-0.339080432,-0.514970046,0.322616031
2/2/2004,-0.788810559,-0.703981701,-0.772453649,-0.339080432,-0.514970046,0.322616031
2/3/2004,-0.788810559,-0.703981701,-0.772453649,-0.339080432,-0.514970046,0.322616031
2/4/2004,-0.788810559,-0.703981701,-0.772453649,-0.339080432,-0.514970046,0.322616031
2/5/2004,-0.788810559,-0.703981701,-0.772453649,-0.339080432,-0.514970046,0.322616031
2/6/2004,-0.798743208,-0.71650113,-0.781095104,-0.340793862,-0.557627662,0.331623984
2/7/2004,-0.798743208,-0.71650113,-0.781095104,-0.340793862,-0.557627662,0.331623984
2/8/2004,-0.798743208,-0.71650113,-0.781095104,-0.340793862,-0.557627662,0.331623984
2/9/2004,-0.798743208,-0.71650113,-0.781095104,-0.340793862,-0.557627662,0.331623984
2/10/2004,-0.798743208,-0.71650113,-0.781095104,-0.340793862,-0.557627662,0.331623984
2/11/2004,-0.798743208,-0.71650113,-0.781095104,-0.340793862,-0.557627662,0.331623984
2/12/2004,-0.798743208,-0.71650113,-0.781095104,-0.340793862,-0.557627662,0.331623984
2/13/2004,-0.80744303,-0.730611637,-0.789806256,-0.340141848,-0.597250993,0.340467719
2/14/2004,-0.80744303,-0.730611637,-0.789806256,-0.340141848,-0.597250993,0.340467719
2/15/2004,-0.80744303,-0.730611637,-0.789806256,-0.340141848,-0.597250993,0.340467719
2/16/2004,-0.80744303,-0.730611637,-0.789806256,-0.340141848,-0.597250993,0.340467719
2/17/2004,-0.80744303,-0.730611637,-0.789806256,-0.340141848,-0.597250993,0.340467719
2/18/2004,-0.80744303,-0.730611637,-0.789806256,-0.340141848,-0.597250993,0.340467719
2/19/2004,-0.80744303,-0.730611637,-0.789806256,-0.340141848,-0.597250993,0.340467719
2/20/2004,-0.813562245,-0.742667374,-0.796682022,-0.338226162,-0.629964845,0.34915019
2/21/2004,-0.813562245,-0.742667374,-0.796682022,-0.338226162,-0.629964845,0.34915019
2/22/2004,-0.813562245,-0.742667374,-0.796682022,-0.338226162,-0.629964845,0.34915019
2/23/2004,-0.813562245,-0.742667374,-0.796682022,-0.338226162,-0.629964845,0.34915019
2/24/2004,-0.813562245,-0.742667374,-0.796682022,-0.338226162,-0.629964845,0.34915019
2/25/2004,-0.813562245,-0.742667374,-0.796682022,-0.338226162,-0.629964845,0.34915019
2/26/2004,-0.813562245,-0.742667374,-0.796682022,-0.338226162,-0.629964845,0.34915019
2/27/2004,-0.817050304,-0.749857558,-0.801151099,-0.335981594,-0.652745841,0.357684236
2/28/2004,-0.817050304,-0.749857558,-0.801151099,-0.335981594,-0.652745841,0.357684236
2/29/2004,-0.817050304,-0.749857558,-0.801151099,-0.335981594,-0.652745841,0.357684236
3/1/2004,-0.817050304,-0.749857558,-0.801151099,-0.335981594,-0.652745841,0.357684236
3/2/2004,-0.817050304,-0.749857558,-0.801151099,-0.335981594,-0.652745841,0.357684236
3/3/2004,-0.817050304,-0.749857558,-0.801151099,-0.335981594,-0.652745841,0.357684236
3/4/2004,-0.817050304,-0.749857558,-0.801151099,-0.335981594,-0.652745841,0.357684236
3/5/2004,-0.817694592,-0.752385607,-0.802481051,-0.334509501,-0.663066954,0.366092053
3/6/2004,-0.817694592,-0.752385607,-0.802481051,-0.334509501,-0.663066954,0.366092053
3/7/2004,-0.817694592,-0.752385607,-0.802481051,-0.334509501,-0.663066954,0.366092053
3/8/2004,-0.817694592,-0.752385607,-0.802481051,-0.334509501,-0.663066954,0.366092053
3/9/2004,-0.817694592,-0.752385607,-0.802481051,-0.334509501,-0.663066954,0.366092053
3/10/2004,-0.817694592,-0.752385607,-0.802481051,-0.334509501,-0.663066954,0.366092053
3/11/2004,-0.817694592,-0.752385607,-0.802481051,-0.334509501,-0.663066954,0.366092053
3/12/2004,-0.81619801,-0.752793742,-0.800479203,-0.334842205,-0.659804147,0.374403481
3/13/2004,-0.81619801,-0.752793742,-0.800479203,-0.334842205,-0.659804147,0.374403481
3/14/2004,-0.81619801,-0.752793742,-0.800479203,-0.334842205,-0.659804147,0.374403481
3/15/2004,-0.81619801,-0.752793742,-0.800479203,-0.334842205,-0.659804147,0.374403481
3/16/2004,-0.81619801,-0.752793742,-0.800479203,-0.334842205,-0.659804147,0.374403481
3/17/2004,-0.81619801,-0.752793742,-0.800479203,-0.334842205,-0.659804147,0.374403481
3/18/2004,-0.81619801,-0.752793742,-0.800479203,-0.334842205,-0.659804147,0.374403481
3/19/2004,-0.812015741,-0.752815702,-0.794505298,-0.337260645,-0.642820241,0.382654629
3/20/2004,-0.812015741,-0.752815702,-0.794505298,-0.337260645,-0.642820241,0.382654629
3/21/2004,-0.812015741,-0.752815702,-0.794505298,-0.337260645,-0.642820241,0.382654629
3/22/2004,-0.812015741,-0.752815702,-0.794505298,-0.337260645,-0.642820241,0.382654629
3/23/2004,-0.812015741,-0.752815702,-0.794505298,-0.337260645,-0.642820241,0.382654629
3/24/2004,-0.812015741,-0.752815702,-0.794505298,-0.337260645,-0.642820241,0.382654629
3/25/2004,-0.812015741,-0.752815702,-0.794505298,-0.337260645,-0.642820241,0.382654629
3/26/2004,-0.805405525,-0.754374725,-0.784944962,-0.341701857,-0.612965223,0.390886533
3/27/2004,-0.805405525,-0.754374725,-0.784944962,-0.341701857,-0.612965223,0.390886533
3/28/2004,-0.805405525,-0.754374725,-0.784944962,-0.341701857,-0.612965223,0.390886533
3/29/2004,-0.805405525,-0.754374725,-0.784944962,-0.341701857,-0.612965223,0.390886533
3/30/2004,-0.805405525,-0.754374725,-0.784944962,-0.341701857,-0.612965223,0.390886533
3/31/2004,-0.805405525,-0.754374725,-0.784944962,-0.341701857,-0.612965223,0.390886533
4/1/2004,-0.805405525,-0.754374725,-0.784944962,-0.341701857,-0.612965223,0.390886533
4/2/2004,-0.796939888,-0.757329084,-0.772350377,-0.347589671,-0.572719047,0.399142413
4/3/2004,-0.796939888,-0.757329084,-0.772350377,-0.347589671,-0.572719047,0.399142413
4/4/2004,-0.796939888,-0.757329084,-0.772350377,-0.347589671,-0.572719047,0.399142413
4/5/2004,-0.796939888,-0.757329084,-0.772350377,-0.347589671,-0.572719047,0.399142413
4/6/2004,-0.796939888,-0.757329084,-0.772350377,-0.347589671,-0.572719047,0.399142413
4/7/2004,-0.796939888,-0.757329084,-0.772350377,-0.347589671,-0.572719047,0.399142413
4/8/2004,-0.796939888,-0.757329084,-0.772350377,-0.347589671,-0.572719047,0.399142413
4/9/2004,-0.785924757,-0.758339934,-0.757030406,-0.353412194,-0.525216958,0.407465033
4/10/2004,-0.785924757,-0.758339934,-0.757030406,-0.353412194,-0.525216958,0.407465033
4/11/2004,-0.785924757,-0.758339934,-0.757030406,-0.353412194,-0.525216958,0.407465033
4/12/2004,-0.785924757,-0.758339934,-0.757030406,-0.353412194,-0.525216958,0.407465033
4/13/2004,-0.785924757,-0.758339934,-0.757030406,-0.353412194,-0.525216958,0.407465033
4/14/2004,-0.785924757,-0.758339934,-0.757030406,-0.353412194,-0.525216958,0.407465033
4/15/2004,-0.785924757,-0.758339934,-0.757030406,-0.353412194,-0.525216958,0.407465033
4/16/2004,-0.77248428,-0.752473084,-0.740172552,-0.357991137,-0.473542689,0.415899955
4/17/2004,-0.77248428,-0.752473084,-0.740172552,-0.357991137,-0.473542689,0.415899955
4/18/2004,-0.77248428,-0.752473084,-0.740172552,-0.357991137,-0.473542689,0.415899955
4/19/2004,-0.77248428,-0.752473084,-0.740172552,-0.357991137,-0.473542689,0.415899955
4/20/2004,-0.77248428,-0.752473084,-0.740172552,-0.357991137,-0.473542689,0.415899955
4/21/2004,-0.77248428,-0.752473084,-0.740172552,-0.357991137,-0.473542689,0.415899955
4/22/2004,-0.77248428,-0.752473084,-0.740172552,-0.357991137,-0.473542689,0.415899955
4/23/2004,-0.757259519,-0.73860302,-0.722630319,-0.360134682,-0.42183749,0.424486336
4/24/2004,-0.757259519,-0.73860302,-0.722630319,-0.360134682,-0.42183749,0.424486336
4/25/2004,-0.757259519,-0.73860302,-0.722630319,-0.360134682,-0.42183749,0.424486336
4/26/2004,-0.757259519,-0.73860302,-0.722630319,-0.360134682,-0.42183749,0.424486336
4/27/2004,-0.757259519,-0.73860302,-0.722630319,-0.360134682,-0.42183749,0.424486336
4/28/2004,-0.757259519,-0.73860302,-0.722630319,-0.360134682,-0.42183749,0.424486336
4/29/2004,-0.757259519,-0.73860302,-0.722630319,-0.360134682,-0.42183749,0.424486336
4/30/2004,-0.741847302,-0.719834555,-0.70631239,-0.359116974,-0.373416042,0.433259365
5/1/2004,-0.741847302,-0.719834555,-0.70631239,-0.359116974,-0.373416042,0.433259365
5/2/2004,-0.741847302,-0.719834555,-0.70631239,-0.359116974,-0.373416042,0.433259365
5/3/2004,-0.741847302,-0.719834555,-0.70631239,-0.359116974,-0.373416042,0.433259365
5/4/2004,-0.741847302,-0.719834555,-0.70631239,-0.359116974,-0.373416042,0.433259365
5/5/2004,-0.741847302,-0.719834555,-0.70631239,-0.359116974,-0.373416042,0.433259365
5/6/2004,-0.741847302,-0.719834555,-0.70631239,-0.359116974,-0.373416042,0.433259365
5/7/2004,-0.726963842,-0.701118824,-0.69202919,-0.355162755,-0.330138702,0.442249194
5/8/2004,-0.726963842,-0.701118824,-0.69202919,-0.355162755,-0.330138702,0.442249194
5/9/2004,-0.726963842,-0.701118824,-0.69202919,-0.355162755,-0.330138702,0.442249194
5/10/2004,-0.726963842,-0.701118824,-0.69202919,-0.355162755,-0.330138702,0.442249194
5/11/2004,-0.726963842,-0.701118824,-0.69202919,-0.355162755,-0.330138702,0.442249194
5/12/2004,-0.726963842,-0.701118824,-0.69202919,-0.355162755,-0.330138702,0.442249194
5/13/2004,-0.726963842,-0.701118824,-0.69202919,-0.355162755,-0.330138702,0.442249194
5/14/2004,-0.714321433,-0.688496848,-0.68067853,-0.348857549,-0.294272927,0.45147911
5/15/2004,-0.714321433,-0.688496848,-0.68067853,-0.348857549,-0.294272927,0.45147911
5/16/2004,-0.714321433,-0.688496848,-0.68067853,-0.348857549,-0.294272927,0.45147911
5/17/2004,-0.714321433,-0.688496848,-0.68067853,-0.348857549,-0.294272927,0.45147911
5/18/2004,-0.714321433,-0.688496848,-0.68067853,-0.348857549,-0.294272927,0.45147911
5/19/2004,-0.714321433,-0.688496848,-0.68067853,-0.348857549,-0.294272927,0.45147911
5/20/2004,-0.714321433,-0.688496848,-0.68067853,-0.348857549,-0.294272927,0.45147911
5/21/2004,-0.704310971,-0.68465225,-0.67251251,-0.341226885,-0.26590808,0.460965373
5/22/2004,-0.704310971,-0.68465225,-0.67251251,-0.341226885,-0.26590808,0.460965373
5/23/2004,-0.704310971,-0.68465225,-0.67251251,-0.341226885,-0.26590808,0.460965373
5/24/2004,-0.704310971,-0.68465225,-0.67251251,-0.341226885,-0.26590808,0.460965373
5/25/2004,-0.704310971,-0.68465225,-0.67251251,-0.341226885,-0.26590808,0.460965373
5/26/2004,-0.704310971,-0.68465225,-0.67251251,-0.341226885,-0.26590808,0.460965373
5/27/2004,-0.704310971,-0.68465225,-0.67251251,-0.341226885,-0.26590808,0.460965373
5/28/2004,-0.697224557,-0.688676981,-0.66720374,-0.333417644,-0.245114151,0.470717331
5/29/2004,-0.697224557,-0.688676981,-0.66720374,-0.333417644,-0.245114151,0.470717331
5/30/2004,-0.697224557,-0.688676981,-0.66720374,-0.333417644,-0.245114151,0.470717331
5/31/2004,-0.697224557,-0.688676981,-0.66720374,-0.333417644,-0.245114151,0.470717331
6/1/2004,-0.697224557,-0.688676981,-0.66720374,-0.333417644,-0.245114151,0.470717331
6/2/2004,-0.697224557,-0.688676981,-0.66720374,-0.333417644,-0.245114151,0.470717331
6/3/2004,-0.697224557,-0.688676981,-0.66720374,-0.333417644,-0.245114151,0.470717331
6/4/2004,-0.692463533,-0.697119865,-0.664126606,-0.326061793,-0.231497815,0.480737163
6/5/2004,-0.692463533,-0.697119865,-0.664126606,-0.326061793,-0.231497815,0.480737163
6/6/2004,-0.692463533,-0.697119865,-0.664126606,-0.326061793,-0.231497815,0.480737163
6/7/2004,-0.692463533,-0.697119865,-0.664126606,-0.326061793,-0.231497815,0.480737163
6/8/2004,-0.692463533,-0.697119865,-0.664126606,-0.326061793,-0.231497815,0.480737163
6/9/2004,-0.692463533,-0.697119865,-0.664126606,-0.326061793,-0.231497815,0.480737163
6/10/2004,-0.692463533,-0.697119865,-0.664126606,-0.326061793,-0.231497815,0.480737163
6/11/2004,-0.68984392,-0.702257825,-0.662924324,-0.319863601,-0.224103277,0.491020308
6/12/2004,-0.68984392,-0.702257825,-0.662924324,-0.319863601,-0.224103277,0.491020308
6/13/2004,-0.68984392,-0.702257825,-0.662924324,-0.319863601,-0.224103277,0.491020308
6/14/2004,-0.68984392,-0.702257825,-0.662924324,-0.319863601,-0.224103277,0.491020308
6/15/2004,-0.68984392,-0.702257825,-0.662924324,-0.319863601,-0.224103277,0.491020308
6/16/2004,-0.68984392,-0.702257825,-0.662924324,-0.319863601,-0.224103277,0.491020308
6/17/2004,-0.68984392,-0.702257825,-0.662924324,-0.319863601,-0.224103277,0.491020308
6/18/2004,-0.688468603,-0.702607704,-0.662583782,-0.315040892,-0.222215583,0.501555729
6/19/2004,-0.688468603,-0.702607704,-0.662583782,-0.315040892,-0.222215583,0.501555729
6/20/2004,-0.688468603,-0.702607704,-0.662583782,-0.315040892,-0.222215583,0.501555729
6/21/2004,-0.688468603,-0.702607704,-0.662583782,-0.315040892,-0.222215583,0.501555729
6/22/2004,-0.688468603,-0.702607704,-0.662583782,-0.315040892,-0.222215583,0.501555729
6/23/2004,-0.688468603,-0.702607704,-0.662583782,-0.315040892,-0.222215583,0.501555729
6/24/2004,-0.688468603,-0.702607704,-0.662583782,-0.315040892,-0.222215583,0.501555729
6/25/2004,-0.688902384,-0.700196158,-0.663698201,-0.311485333,-0.224938528,0.512326162
6/26/2004,-0.688902384,-0.700196158,-0.663698201,-0.311485333,-0.224938528,0.512326162
6/27/2004,-0.688902384,-0.700196158,-0.663698201,-0.311485333,-0.224938528,0.512326162
6/28/2004,-0.688902384,-0.700196158,-0.663698201,-0.311485333,-0.224938528,0.512326162
6/29/2004,-0.688902384,-0.700196158,-0.663698201,-0.311485333,-0.224938528,0.512326162
6/30/2004,-0.688902384,-0.700196158,-0.663698201,-0.311485333,-0.224938528,0.512326162
7/1/2004,-0.688902384,-0.700196158,-0.663698201,-0.311485333,-0.224938528,0.512326162
7/2/2004,-0.690246979,-0.697587967,-0.665676515,-0.308650198,-0.231414217,0.523309654
7/3/2004,-0.690246979,-0.697587967,-0.665676515,-0.308650198,-0.231414217,0.523309654
7/4/2004,-0.690246979,-0.697587967,-0.665676515,-0.308650198,-0.231414217,0.523309654
7/5/2004,-0.690246979,-0.697587967,-0.665676515,-0.308650198,-0.231414217,0.523309654
7/6/2004,-0.690246979,-0.697587967,-0.665676515,-0.308650198,-0.231414217,0.523309654
7/7/2004,-0.690246979,-0.697587967,-0.665676515,-0.308650198,-0.231414217,0.523309654
7/8/2004,-0.690246979,-0.697587967,-0.665676515,-0.308650198,-0.231414217,0.523309654
7/9/2004,-0.692245082,-0.699090123,-0.668547088,-0.306068866,-0.240499943,0.534481807
7/10/2004,-0.692245082,-0.699090123,-0.668547088,-0.306068866,-0.240499943,0.534481807
7/11/2004,-0.692245082,-0.699090123,-0.668547088,-0.306068866,-0.240499943,0.534481807
7/12/2004,-0.692245082,-0.699090123,-0.668547088,-0.306068866,-0.240499943,0.534481807
7/13/2004,-0.692245082,-0.699090123,-0.668547088,-0.306068866,-0.240499943,0.534481807
7/14/2004,-0.692245082,-0.699090123,-0.668547088,-0.306068866,-0.240499943,0.534481807
7/15/2004,-0.692245082,-0.699090123,-0.668547088,-0.306068866,-0.240499943,0.534481807
7/16/2004,-0.694035168,-0.705602343,-0.671679072,-0.302868495,-0.251530601,0.545813165
7/17/2004,-0.694035168,-0.705602343,-0.671679072,-0.302868495,-0.251530601,0.545813165
7/18/2004,-0.694035168,-0.705602343,-0.671679072,-0.302868495,-0.251530601,0.545813165
7/19/2004,-0.694035168,-0.705602343,-0.671679072,-0.302868495,-0.251530601,0.545813165
7/20/2004,-0.694035168,-0.705602343,-0.671679072,-0.302868495,-0.251530601,0.545813165
7/21/2004,-0.694035168,-0.705602343,-0.671679072,-0.302868495,-0.251530601,0.545813165
7/22/2004,-0.694035168,-0.705602343,-0.671679072,-0.302868495,-0.251530601,0.545813165
7/23/2004,-0.696057392,-0.71699709,-0.675794718,-0.298531898,-0.263362946,0.557276878
7/24/2004,-0.696057392,-0.71699709,-0.675794718,-0.298531898,-0.263362946,0.557276878
7/25/2004,-0.696057392,-0.71699709,-0.675794718,-0.298531898,-0.263362946,0.557276878
7/26/2004,-0.696057392,-0.71699709,-0.675794718,-0.298531898,-0.263362946,0.557276878
7/27/2004,-0.696057392,-0.71699709,-0.675794718,-0.298531898,-0.263362946,0.557276878
7/28/2004,-0.696057392,-0.71699709,-0.675794718,-0.298531898,-0.263362946,0.557276878
7/29/2004,-0.696057392,-0.71699709,-0.675794718,-0.298531898,-0.263362946,0.557276878
7/30/2004,-0.698122393,-0.730471429,-0.680800175,-0.292733459,-0.274967649,0.568846912
7/31/2004,-0.698122393,-0.730471429,-0.680800175,-0.292733459,-0.274967649,0.568846912
8/1/2004,-0.698122393,-0.730471429,-0.680800175,-0.292733459,-0.274967649,0.568846912
8/2/2004,-0.698122393,-0.730471429,-0.680800175,-0.292733459,-0.274967649,0.568846912
8/3/2004,-0.698122393,-0.730471429,-0.680800175,-0.292733459,-0.274967649,0.568846912
8/4/2004,-0.698122393,-0.730471429,-0.680800175,-0.292733459,-0.274967649,0.568846912
8/5/2004,-0.698122393,-0.730471429,-0.680800175,-0.292733459,-0.274967649,0.568846912
8/6/2004,-0.699319494,-0.741129664,-0.685969172,-0.28530327,-0.285261262,0.580499684
8/7/2004,-0.699319494,-0.741129664,-0.685969172,-0.28530327,-0.285261262,0.580499684
8/8/2004,-0.699319494,-0.741129664,-0.685969172,-0.28530327,-0.285261262,0.580499684
8/9/2004,-0.699319494,-0.741129664,-0.685969172,-0.28530327,-0.285261262,0.580499684
8/10/2004,-0.699319494,-0.741129664,-0.685969172,-0.28530327,-0.285261262,0.580499684
8/11/2004,-0.699319494,-0.741129664,-0.685969172,-0.28530327,-0.285261262,0.580499684
8/12/2004,-0.699319494,-0.741129664,-0.685969172,-0.28530327,-0.285261262,0.580499684
8/13/2004,-0.701143574,-0.74768003,-0.692523482,-0.276585154,-0.293129191,0.592215351
8/14/2004,-0.701143574,-0.74768003,-0.692523482,-0.276585154,-0.293129191,0.592215351
8/15/2004,-0.701143574,-0.74768003,-0.692523482,-0.276585154,-0.293129191,0.592215351
8/16/2004,-0.701143574,-0.74768003,-0.692523482,-0.276585154,-0.293129191,0.592215351
8/17/2004,-0.701143574,-0.74768003,-0.692523482,-0.276585154,-0.293129191,0.592215351
8/18/2004,-0.701143574,-0.74768003,-0.692523482,-0.276585154,-0.293129191,0.592215351
8/19/2004,-0.701143574,-0.74768003,-0.692523482,-0.276585154,-0.293129191,0.592215351
8/20/2004,-0.702445855,-0.749978769,-0.698840237,-0.267444591,-0.297375056,0.603978389
8/21/2004,-0.702445855,-0.749978769,-0.698840237,-0.267444591,-0.297375056,0.603978389
8/22/2004,-0.702445855,-0.749978769,-0.698840237,-0.267444591,-0.297375056,0.603978389
8/23/2004,-0.702445855,-0.749978769,-0.698840237,-0.267444591,-0.297375056,0.603978389
8/24/2004,-0.702445855,-0.749978769,-0.698840237,-0.267444591,-0.297375056,0.603978389
8/25/2004,-0.702445855,-0.749978769,-0.698840237,-0.267444591,-0.297375056,0.603978389
8/26/2004,-0.702445855,-0.749978769,-0.698840237,-0.267444591,-0.297375056,0.603978389
8/27/2004,-0.703507425,-0.74856438,-0.705153566,-0.258522402,-0.296956634,0.61577767
8/28/2004,-0.703507425,-0.74856438,-0.705153566,-0.258522402,-0.296956634,0.61577767
8/29/2004,-0.703507425,-0.74856438,-0.705153566,-0.258522402,-0.296956634,0.61577767
8/30/2004,-0.703507425,-0.74856438,-0.705153566,-0.258522402,-0.296956634,0.61577767
8/31/2004,-0.703507425,-0.74856438,-0.705153566,-0.258522402,-0.296956634,0.61577767
9/1/2004,-0.703507425,-0.74856438,-0.705153566,-0.258522402,-0.296956634,0.61577767
9/2/2004,-0.703507425,-0.74856438,-0.705153566,-0.258522402,-0.296956634,0.61577767
9/3/2004,-0.703215524,-0.742661366,-0.710602963,-0.250202947,-0.291297209,0.627606767
9/4/2004,-0.703215524,-0.742661366,-0.710602963,-0.250202947,-0.291297209,0.627606767
9/5/2004,-0.703215524,-0.742661366,-0.710602963,-0.250202947,-0.291297209,0.627606767
9/6/2004,-0.703215524,-0.742661366,-0.710602963,-0.250202947,-0.291297209,0.627606767
9/7/2004,-0.703215524,-0.742661366,-0.710602963,-0.250202947,-0.291297209,0.627606767
9/8/2004,-0.703215524,-0.742661366,-0.710602963,-0.250202947,-0.291297209,0.627606767
9/9/2004,-0.703215524,-0.742661366,-0.710602963,-0.250202947,-0.291297209,0.627606767
9/10/2004,-0.703093449,-0.735345757,-0.715297135,-0.243988456,-0.280317174,0.639463731
9/11/2004,-0.703093449,-0.735345757,-0.715297135,-0.243988456,-0.280317174,0.639463731
9/12/2004,-0.703093449,-0.735345757,-0.715297135,-0.243988456,-0.280317174,0.639463731
9/13/2004,-0.703093449,-0.735345757,-0.715297135,-0.243988456,-0.280317174,0.639463731
9/14/2004,-0.703093449,-0.735345757,-0.715297135,-0.243988456,-0.280317174,0.639463731
9/15/2004,-0.703093449,-0.735345757,-0.715297135,-0.243988456,-0.280317174,0.639463731
9/16/2004,-0.703093449,-0.735345757,-0.715297135,-0.243988456,-0.280317174,0.639463731
9/17/2004,-0.702758602,-0.726097258,-0.719048208,-0.239982268,-0.264540205,0.651350854
9/18/2004,-0.702758602,-0.726097258,-0.719048208,-0.239982268,-0.264540205,0.651350854
9/19/2004,-0.702758602,-0.726097258,-0.719048208,-0.239982268,-0.264540205,0.651350854
9/20/2004,-0.702758602,-0.726097258,-0.719048208,-0.239982268,-0.264540205,0.651350854
9/21/2004,-0.702758602,-0.726097258,-0.719048208,-0.239982268,-0.264540205,0.651350854
9/22/2004,-0.702758602,-0.726097258,-0.719048208,-0.239982268,-0.264540205,0.651350854
9/23/2004,-0.702758602,-0.726097258,-0.719048208,-0.239982268,-0.264540205,0.651350854
9/24/2004,-0.702147181,-0.714743262,-0.721637382,-0.23836013,-0.244946227,0.663274449
9/25/2004,-0.702147181,-0.714743262,-0.721637382,-0.23836013,-0.244946227,0.663274449
9/26/2004,-0.702147181,-0.714743262,-0.721637382,-0.23836013,-0.244946227,0.663274449
9/27/2004,-0.702147181,-0.714743262,-0.721637382,-0.23836013,-0.244946227,0.663274449
9/28/2004,-0.702147181,-0.714743262,-0.721637382,-0.23836013,-0.244946227,0.663274449
9/29/2004,-0.702147181,-0.714743262,-0.721637382,-0.23836013,-0.244946227,0.663274449
9/30/2004,-0.702147181,-0.714743262,-0.721637382,-0.23836013,-0.244946227,0.663274449
10/1/2004,-0.701362939,-0.702462684,-0.723069037,-0.239091953,-0.222812763,0.675244059
10/2/2004,-0.701362939,-0.702462684,-0.723069037,-0.239091953,-0.222812763,0.675244059
10/3/2004,-0.701362939,-0.702462684,-0.723069037,-0.239091953,-0.222812763,0.675244059
10/4/2004,-0.701362939,-0.702462684,-0.723069037,-0.239091953,-0.222812763,0.675244059
10/5/2004,-0.701362939,-0.702462684,-0.723069037,-0.239091953,-0.222812763,0.675244059
10/6/2004,-0.701362939,-0.702462684,-0.723069037,-0.239091953,-0.222812763,0.675244059
10/7/2004,-0.701362939,-0.702462684,-0.723069037,-0.239091953,-0.222812763,0.675244059
10/8/2004,-0.701273231,-0.691193476,-0.724125539,-0.241848794,-0.199790472,0.68727108
10/9/2004,-0.701273231,-0.691193476,-0.724125539,-0.241848794,-0.199790472,0.68727108
10/10/2004,-0.701273231,-0.691193476,-0.724125539,-0.241848794,-0.199790472,0.68727108
10/11/2004,-0.701273231,-0.691193476,-0.724125539,-0.241848794,-0.199790472,0.68727108
10/12/2004,-0.701273231,-0.691193476,-0.724125539,-0.241848794,-0.199790472,0.68727108
10/13/2004,-0.701273231,-0.691193476,-0.724125539,-0.241848794,-0.199790472,0.68727108
10/14/2004,-0.701273231,-0.691193476,-0.724125539,-0.241848794,-0.199790472,0.68727108
10/15/2004,-0.701978587,-0.682445848,-0.725909902,-0.245725133,-0.176885241,0.699369888
10/16/2004,-0.701978587,-0.682445848,-0.725909902,-0.245725133,-0.176885241,0.699369888
10/17/2004,-0.701978587,-0.682445848,-0.725909902,-0.245725133,-0.176885241,0.699369888
10/18/2004,-0.701978587,-0.682445848,-0.725909902,-0.245725133,-0.176885241,0.699369888
10/19/2004,-0.701978587,-0.682445848,-0.725909902,-0.245725133,-0.176885241,0.699369888
10/20/2004,-0.701978587,-0.682445848,-0.725909902,-0.245725133,-0.176885241,0.699369888
10/21/2004,-0.701978587,-0.682445848,-0.725909902,-0.245725133,-0.176885241,0.699369888
10/22/2004,-0.704541152,-0.678526311,-0.729135707,-0.250228148,-0.155958655,0.71155473
10/23/2004,-0.704541152,-0.678526311,-0.729135707,-0.250228148,-0.155958655,0.71155473
10/24/2004,-0.704541152,-0.678526311,-0.729135707,-0.250228148,-0.155958655,0.71155473
10/25/2004,-0.704541152,-0.678526311,-0.729135707,-0.250228148,-0.155958655,0.71155473
10/26/2004,-0.704541152,-0.678526311,-0.729135707,-0.250228148,-0.155958655,0.71155473
10/27/2004,-0.704541152,-0.678526311,-0.729135707,-0.250228148,-0.155958655,0.71155473
10/28/2004,-0.704541152,-0.678526311,-0.729135707,-0.250228148,-0.155958655,0.71155473
10/29/2004,-0.707659654,-0.67823835,-0.732550964,-0.254661538,-0.138423157,0.72383988
10/30/2004,-0.707659654,-0.67823835,-0.732550964,-0.254661538,-0.138423157,0.72383988
10/31/2004,-0.707659654,-0.67823835,-0.732550964,-0.254661538,-0.138423157,0.72383988
11/1/2004,-0.707659654,-0.67823835,-0.732550964,-0.254661538,-0.138423157,0.72383988
11/2/2004,-0.707659654,-0.67823835,-0.732550964,-0.254661538,-0.138423157,0.72383988
11/3/2004,-0.707659654,-0.67823835,-0.732550964,-0.254661538,-0.138423157,0.72383988
11/4/2004,-0.707659654,-0.67823835,-0.732550964,-0.254661538,-0.138423157,0.72383988
11/5/2004,-0.711205342,-0.681147061,-0.73644868,-0.258422951,-0.124715578,0.736239091
11/6/2004,-0.711205342,-0.681147061,-0.73644868,-0.258422951,-0.124715578,0.736239091
11/7/2004,-0.711205342,-0.681147061,-0.73644868,-0.258422951,-0.124715578,0.736239091
11/8/2004,-0.711205342,-0.681147061,-0.73644868,-0.258422951,-0.124715578,0.736239091
11/9/2004,-0.711205342,-0.681147061,-0.73644868,-0.258422951,-0.124715578,0.736239091
11/10/2004,-0.711205342,-0.681147061,-0.73644868,-0.258422951,-0.124715578,0.736239091
11/11/2004,-0.711205342,-0.681147061,-0.73644868,-0.258422951,-0.124715578,0.736239091
11/12/2004,-0.715394245,-0.688773671,-0.740397091,-0.26125343,-0.115879503,0.748764966
11/13/2004,-0.715394245,-0.688773671,-0.740397091,-0.26125343,-0.115879503,0.748764966
11/14/2004,-0.715394245,-0.688773671,-0.740397091,-0.26125343,-0.115879503,0.748764966
11/15/2004,-0.715394245,-0.688773671,-0.740397091,-0.26125343,-0.115879503,0.748764966
11/16/2004,-0.715394245,-0.688773671,-0.740397091,-0.26125343,-0.115879503,0.748764966
11/17/2004,-0.715394245,-0.688773671,-0.740397091,-0.26125343,-0.115879503,0.748764966
11/18/2004,-0.715394245,-0.688773671,-0.740397091,-0.26125343,-0.115879503,0.748764966
11/19/2004,-0.717574767,-0.69653484,-0.742328189,-0.262522812,-0.111814871,0.761428589
11/20/2004,-0.717574767,-0.69653484,-0.742328189,-0.262522812,-0.111814871,0.761428589
11/21/2004,-0.717574767,-0.69653484,-0.742328189,-0.262522812,-0.111814871,0.761428589
11/22/2004,-0.717574767,-0.69653484,-0.742328189,-0.262522812,-0.111814871,0.761428589
11/23/2004,-0.717574767,-0.69653484,-0.742328189,-0.262522812,-0.111814871,0.761428589
11/24/2004,-0.717574767,-0.69653484,-0.742328189,-0.262522812,-0.111814871,0.761428589
11/25/2004,-0.717574767,-0.69653484,-0.742328189,-0.262522812,-0.111814871,0.761428589
11/26/2004,-0.718233864,-0.703507365,-0.742354125,-0.262281605,-0.112369232,0.774239357
11/27/2004,-0.718233864,-0.703507365,-0.742354125,-0.262281605,-0.112369232,0.774239357
11/28/2004,-0.718233864,-0.703507365,-0.742354125,-0.262281605,-0.112369232,0.774239357
11/29/2004,-0.718233864,-0.703507365,-0.742354125,-0.262281605,-0.112369232,0.774239357
11/30/2004,-0.718233864,-0.703507365,-0.742354125,-0.262281605,-0.112369232,0.774239357
12/1/2004,-0.718233864,-0.703507365,-0.742354125,-0.262281605,-0.112369232,0.774239357
12/2/2004,-0.718233864,-0.703507365,-0.742354125,-0.262281605,-0.112369232,0.774239357
12/3/2004,-0.716645369,-0.708690104,-0.739876348,-0.260639771,-0.116670146,0.787204775
12/4/2004,-0.716645369,-0.708690104,-0.739876348,-0.260639771,-0.116670146,0.787204775
12/5/2004,-0.716645369,-0.708690104,-0.739876348,-0.260639771,-0.116670146,0.787204775
12/6/2004,-0.716645369,-0.708690104,-0.739876348,-0.260639771,-0.116670146,0.787204775
12/7/2004,-0.716645369,-0.708690104,-0.739876348,-0.260639771,-0.116670146,0.787204775
12/8/2004,-0.716645369,-0.708690104,-0.739876348,-0.260639771,-0.116670146,0.787204775
12/9/2004,-0.716645369,-0.708690104,-0.739876348,-0.260639771,-0.116670146,0.787204775
12/10/2004,-0.713668823,-0.70951113,-0.736092728,-0.257764051,-0.123457672,0.800330326
12/11/2004,-0.713668823,-0.70951113,-0.736092728,-0.257764051,-0.123457672,0.800330326
12/12/2004,-0.713668823,-0.70951113,-0.736092728,-0.257764051,-0.123457672,0.800330326
12/13/2004,-0.713668823,-0.70951113,-0.736092728,-0.257764051,-0.123457672,0.800330326
12/14/2004,-0.713668823,-0.70951113,-0.736092728,-0.257764051,-0.123457672,0.800330326
12/15/2004,-0.713668823,-0.70951113,-0.736092728,-0.257764051,-0.123457672,0.800330326
12/16/2004,-0.713668823,-0.70951113,-0.736092728,-0.257764051,-0.123457672,0.800330326
12/17/2004,-0.708934168,-0.704992681,-0.730807813,-0.254066858,-0.131490357,0.813619421
12/18/2004,-0.708934168,-0.704992681,-0.730807813,-0.254066858,-0.131490357,0.813619421
12/19/2004,-0.708934168,-0.704992681,-0.730807813,-0.254066858,-0.131490357,0.813619421
12/20/2004,-0.708934168,-0.704992681,-0.730807813,-0.254066858,-0.131490357,0.813619421
12/21/2004,-0.708934168,-0.704992681,-0.730807813,-0.254066858,-0.131490357,0.813619421
12/22/2004,-0.708934168,-0.704992681,-0.730807813,-0.254066858,-0.131490357,0.813619421
12/23/2004,-0.708934168,-0.704992681,-0.730807813,-0.254066858,-0.131490357,0.813619421
12/24/2004,-0.703743801,-0.697189111,-0.725700001,-0.249967566,-0.139315925,0.827073326
12/25/2004,-0.703743801,-0.697189111,-0.725700001,-0.249967566,-0.139315925,0.827073326
12/26/2004,-0.703743801,-0.697189111,-0.725700001,-0.249967566,-0.139315925,0.827073326
12/27/2004,-0.703743801,-0.697189111,-0.725700001,-0.249967566,-0.139315925,0.827073326
12/28/2004,-0.703743801,-0.697189111,-0.725700001,-0.249967566,-0.139315925,0.827073326
12/29/2004,-0.703743801,-0.697189111,-0.725700001,-0.249967566,-0.139315925,0.827073326
12/30/2004,-0.703743801,-0.697189111,-0.725700001,-0.249967566,-0.139315925,0.827073326
12/31/2004,-0.699640414,-0.688773299,-0.722321691,-0.246100522,-0.145697396,0.840691267
1/1/2005,-0.699640414,-0.688773299,-0.722321691,-0.246100522,-0.145697396,0.840691267
1/2/2005,-0.699640414,-0.688773299,-0.722321691,-0.246100522,-0.145697396,0.840691267
1/3/2005,-0.699640414,-0.688773299,-0.722321691,-0.246100522,-0.145697396,0.840691267
1/4/2005,-0.699640414,-0.688773299,-0.722321691,-0.246100522,-0.145697396,0.840691267
1/5/2005,-0.699640414,-0.688773299,-0.722321691,-0.246100522,-0.145697396,0.840691267
1/6/2005,-0.699640414,-0.688773299,-0.722321691,-0.246100522,-0.145697396,0.840691267
1/7/2005,-0.697328957,-0.682874065,-0.721376278,-0.242824619,-0.149941924,0.854469999
1/8/2005,-0.697328957,-0.682874065,-0.721376278,-0.242824619,-0.149941924,0.854469999
1/9/2005,-0.697328957,-0.682874065,-0.721376278,-0.242824619,-0.149941924,0.854469999
1/10/2005,-0.697328957,-0.682874065,-0.721376278,-0.242824619,-0.149941924,0.854469999
1/11/2005,-0.697328957,-0.682874065,-0.721376278,-0.242824619,-0.149941924,0.854469999
1/12/2005,-0.697328957,-0.682874065,-0.721376278,-0.242824619,-0.149941924,0.854469999
1/13/2005,-0.697328957,-0.682874065,-0.721376278,-0.242824619,-0.149941924,0.854469999
1/14/2005,-0.697820258,-0.682522455,-0.723819966,-0.240492959,-0.151355801,0.868404709
1/15/2005,-0.697820258,-0.682522455,-0.723819966,-0.240492959,-0.151355801,0.868404709
1/16/2005,-0.697820258,-0.682522455,-0.723819966,-0.240492959,-0.151355801,0.868404709
1/17/2005,-0.697820258,-0.682522455,-0.723819966,-0.240492959,-0.151355801,0.868404709
1/18/2005,-0.697820258,-0.682522455,-0.723819966,-0.240492959,-0.151355801,0.868404709
1/19/2005,-0.697820258,-0.682522455,-0.723819966,-0.240492959,-0.151355801,0.868404709
1/20/2005,-0.697820258,-0.682522455,-0.723819966,-0.240492959,-0.151355801,0.868404709
1/21/2005,-0.700320854,-0.688080528,-0.728347396,-0.239374648,-0.149896796,0.882487608
1/22/2005,-0.700320854,-0.688080528,-0.728347396,-0.239374648,-0.149896796,0.882487608
1/23/2005,-0.700320854,-0.688080528,-0.728347396,-0.239374648,-0.149896796,0.882487608
1/24/2005,-0.700320854,-0.688080528,-0.728347396,-0.239374648,-0.149896796,0.882487608
1/25/2005,-0.700320854,-0.688080528,-0.728347396,-0.239374648,-0.149896796,0.882487608
1/26/2005,-0.700320854,-0.688080528,-0.728347396,-0.239374648,-0.149896796,0.882487608
1/27/2005,-0.700320854,-0.688080528,-0.728347396,-0.239374648,-0.149896796,0.882487608
1/28/2005,-0.704890084,-0.698499348,-0.734529394,-0.239577041,-0.145547103,0.89670903
1/29/2005,-0.704890084,-0.698499348,-0.734529394,-0.239577041,-0.145547103,0.89670903
1/30/2005,-0.704890084,-0.698499348,-0.734529394,-0.239577041,-0.145547103,0.89670903
1/31/2005,-0.704890084,-0.698499348,-0.734529394,-0.239577041,-0.145547103,0.89670903
2/1/2005,-0.704890084,-0.698499348,-0.734529394,-0.239577041,-0.145547103,0.89670903
2/2/2005,-0.704890084,-0.698499348,-0.734529394,-0.239577041,-0.145547103,0.89670903
2/3/2005,-0.704890084,-0.698499348,-0.734529394,-0.239577041,-0.145547103,0.89670903
2/4/2005,-0.710372027,-0.710828281,-0.740900653,-0.240707136,-0.138773301,0.911057331
2/5/2005,-0.710372027,-0.710828281,-0.740900653,-0.240707136,-0.138773301,0.911057331
2/6/2005,-0.710372027,-0.710828281,-0.740900653,-0.240707136,-0.138773301,0.911057331
2/7/2005,-0.710372027,-0.710828281,-0.740900653,-0.240707136,-0.138773301,0.911057331
2/8/2005,-0.710372027,-0.710828281,-0.740900653,-0.240707136,-0.138773301,0.911057331
2/9/2005,-0.710372027,-0.710828281,-0.740900653,-0.240707136,-0.138773301,0.911057331
2/10/2005,-0.710372027,-0.710828281,-0.740900653,-0.240707136,-0.138773301,0.911057331
2/11/2005,-0.714324227,-0.719149366,-0.745028084,-0.242023914,-0.130066607,0.925519567
2/12/2005,-0.714324227,-0.719149366,-0.745028084,-0.242023914,-0.130066607,0.925519567
2/13/2005,-0.714324227,-0.719149366,-0.745028084,-0.242023914,-0.130066607,0.925519567
2/14/2005,-0.714324227,-0.719149366,-0.745028084,-0.242023914,-0.130066607,0.925519567
2/15/2005,-0.714324227,-0.719149366,-0.745028084,-0.242023914,-0.130066607,0.925519567
2/16/2005,-0.714324227,-0.719149366,-0.745028084,-0.242023914,-0.130066607,0.925519567
2/17/2005,-0.714324227,-0.719149366,-0.745028084,-0.242023914,-0.130066607,0.925519567
2/18/2005,-0.715098469,-0.7189437,-0.745261094,-0.242892616,-0.119736737,0.940082171
2/19/2005,-0.715098469,-0.7189437,-0.745261094,-0.242892616,-0.119736737,0.940082171
2/20/2005,-0.715098469,-0.7189437,-0.745261094,-0.242892616,-0.119736737,0.940082171
2/21/2005,-0.715098469,-0.7189437,-0.745261094,-0.242892616,-0.119736737,0.940082171
2/22/2005,-0.715098469,-0.7189437,-0.745261094,-0.242892616,-0.119736737,0.940082171
2/23/2005,-0.715098469,-0.7189437,-0.745261094,-0.242892616,-0.119736737,0.940082171
2/24/2005,-0.715098469,-0.7189437,-0.745261094,-0.242892616,-0.119736737,0.940082171
2/25/2005,-0.71230087,-0.709891446,-0.741353131,-0.242321701,-0.108573195,0.954731748
2/26/2005,-0.71230087,-0.709891446,-0.741353131,-0.242321701,-0.108573195,0.954731748
2/27/2005,-0.71230087,-0.709891446,-0.741353131,-0.242321701,-0.108573195,0.954731748
2/28/2005,-0.71230087,-0.709891446,-0.741353131,-0.242321701,-0.108573195,0.954731748
3/1/2005,-0.71230087,-0.709891446,-0.741353131,-0.242321701,-0.108573195,0.954731748
3/2/2005,-0.71230087,-0.709891446,-0.741353131,-0.242321701,-0.108573195,0.954731748
3/3/2005,-0.71230087,-0.709891446,-0.741353131,-0.242321701,-0.108573195,0.954731748
3/4/2005,-0.705321872,-0.690535631,-0.732936253,-0.239773978,-0.096731289,0.969455998
3/5/2005,-0.705321872,-0.690535631,-0.732936253,-0.239773978,-0.096731289,0.969455998
3/6/2005,-0.705321872,-0.690535631,-0.732936253,-0.239773978,-0.096731289,0.969455998
3/7/2005,-0.705321872,-0.690535631,-0.732936253,-0.239773978,-0.096731289,0.969455998
3/8/2005,-0.705321872,-0.690535631,-0.732936253,-0.239773978,-0.096731289,0.969455998
3/9/2005,-0.705321872,-0.690535631,-0.732936253,-0.239773978,-0.096731289,0.969455998
3/10/2005,-0.705321872,-0.690535631,-0.732936253,-0.239773978,-0.096731289,0.969455998
3/11/2005,-0.695027876,-0.665122935,-0.72175402,-0.234679305,-0.083864228,0.984244623
3/12/2005,-0.695027876,-0.665122935,-0.72175402,-0.234679305,-0.083864228,0.984244623
3/13/2005,-0.695027876,-0.665122935,-0.72175402,-0.234679305,-0.083864228,0.984244623
3/14/2005,-0.695027876,-0.665122935,-0.72175402,-0.234679305,-0.083864228,0.984244623
3/15/2005,-0.695027876,-0.665122935,-0.72175402,-0.234679305,-0.083864228,0.984244623
3/16/2005,-0.695027876,-0.665122935,-0.72175402,-0.234679305,-0.083864228,0.984244623
3/17/2005,-0.695027876,-0.665122935,-0.72175402,-0.234679305,-0.083864228,0.984244623
3/18/2005,-0.681691092,-0.636738082,-0.708649492,-0.226661087,-0.070158234,0.99909031
3/19/2005,-0.681691092,-0.636738082,-0.708649492,-0.226661087,-0.070158234,0.99909031
3/20/2005,-0.681691092,-0.636738082,-0.708649492,-0.226661087,-0.070158234,0.99909031
3/21/2005,-0.681691092,-0.636738082,-0.708649492,-0.226661087,-0.070158234,0.99909031
3/22/2005,-0.681691092,-0.636738082,-0.708649492,-0.226661087,-0.070158234,0.99909031
3/23/2005,-0.681691092,-0.636738082,-0.708649492,-0.226661087,-0.070158234,0.99909031
3/24/2005,-0.681691092,-0.636738082,-0.708649492,-0.226661087,-0.070158234,0.99909031
3/25/2005,-0.667222325,-0.610384651,-0.69605583,-0.215721644,-0.055588555,1.013989987
3/26/2005,-0.667222325,-0.610384651,-0.69605583,-0.215721644,-0.055588555,1.013989987
3/27/2005,-0.667222325,-0.610384651,-0.69605583,-0.215721644,-0.055588555,1.013989987
3/28/2005,-0.667222325,-0.610384651,-0.69605583,-0.215721644,-0.055588555,1.013989987
3/29/2005,-0.667222325,-0.610384651,-0.69605583,-0.215721644,-0.055588555,1.013989987
3/30/2005,-0.667222325,-0.610384651,-0.69605583,-0.215721644,-0.055588555,1.013989987
3/31/2005,-0.667222325,-0.610384651,-0.69605583,-0.215721644,-0.055588555,1.013989987
4/1/2005,-0.652819565,-0.588495612,-0.685145883,-0.202111584,-0.040833151,1.028945258
4/2/2005,-0.652819565,-0.588495612,-0.685145883,-0.202111584,-0.040833151,1.028945258
4/3/2005,-0.652819565,-0.588495612,-0.685145883,-0.202111584,-0.040833151,1.028945258
4/4/2005,-0.652819565,-0.588495612,-0.685145883,-0.202111584,-0.040833151,1.028945258
4/5/2005,-0.652819565,-0.588495612,-0.685145883,-0.202111584,-0.040833151,1.028945258
4/6/2005,-0.652819565,-0.588495612,-0.685145883,-0.202111584,-0.040833151,1.028945258
4/7/2005,-0.652819565,-0.588495612,-0.685145883,-0.202111584,-0.040833151,1.028945258
4/8/2005,-0.639483948,-0.573026947,-0.677002739,-0.186349563,-0.026226593,1.043962717
4/9/2005,-0.639483948,-0.573026947,-0.677002739,-0.186349563,-0.026226593,1.043962717
4/10/2005,-0.639483948,-0.573026947,-0.677002739,-0.186349563,-0.026226593,1.043962717
4/11/2005,-0.639483948,-0.573026947,-0.677002739,-0.186349563,-0.026226593,1.043962717
4/12/2005,-0.639483948,-0.573026947,-0.677002739,-0.186349563,-0.026226593,1.043962717
4/13/2005,-0.639483948,-0.573026947,-0.677002739,-0.186349563,-0.026226593,1.043962717
4/14/2005,-0.639483948,-0.573026947,-0.677002739,-0.186349563,-0.026226593,1.043962717
4/15/2005,-0.627748815,-0.56410685,-0.671186843,-0.16967948,-0.012300199,1.05905598
4/16/2005,-0.627748815,-0.56410685,-0.671186843,-0.16967948,-0.012300199,1.05905598
4/17/2005,-0.627748815,-0.56410685,-0.671186843,-0.16967948,-0.012300199,1.05905598
4/18/2005,-0.627748815,-0.56410685,-0.671186843,-0.16967948,-0.012300199,1.05905598
4/19/2005,-0.627748815,-0.56410685,-0.671186843,-0.16967948,-0.012300199,1.05905598
4/20/2005,-0.627748815,-0.56410685,-0.671186843,-0.16967948,-0.012300199,1.05905598
4/21/2005,-0.627748815,-0.56410685,-0.671186843,-0.16967948,-0.012300199,1.05905598
4/22/2005,-0.618222001,-0.5616906,-0.668046696,-0.153065229,0.000881746,1.07424379
4/23/2005,-0.618222001,-0.5616906,-0.668046696,-0.153065229,0.000881746,1.07424379
4/24/2005,-0.618222001,-0.5616906,-0.668046696,-0.153065229,0.000881746,1.07424379
4/25/2005,-0.618222001,-0.5616906,-0.668046696,-0.153065229,0.000881746,1.07424379
4/26/2005,-0.618222001,-0.5616906,-0.668046696,-0.153065229,0.000881746,1.07424379
4/27/2005,-0.618222001,-0.5616906,-0.668046696,-0.153065229,0.000881746,1.07424379
4/28/2005,-0.618222001,-0.5616906,-0.668046696,-0.153065229,0.000881746,1.07424379
4/29/2005,-0.611105434,-0.563454498,-0.666752023,-0.137756721,0.012954608,1.089550812
4/30/2005,-0.611105434,-0.563454498,-0.666752023,-0.137756721,0.012954608,1.089550812
5/1/2005,-0.611105434,-0.563454498,-0.666752023,-0.137756721,0.012954608,1.089550812
5/2/2005,-0.611105434,-0.563454498,-0.666752023,-0.137756721,0.012954608,1.089550812
5/3/2005,-0.611105434,-0.563454498,-0.666752023,-0.137756721,0.012954608,1.089550812
5/4/2005,-0.611105434,-0.563454498,-0.666752023,-0.137756721,0.012954608,1.089550812
5/5/2005,-0.611105434,-0.563454498,-0.666752023,-0.137756721,0.012954608,1.089550812
5/6/2005,-0.605897396,-0.568034979,-0.666721155,-0.124772812,0.024722267,1.105007748
5/7/2005,-0.605897396,-0.568034979,-0.666721155,-0.124772812,0.024722267,1.105007748
5/8/2005,-0.605897396,-0.568034979,-0.666721155,-0.124772812,0.024722267,1.105007748
5/9/2005,-0.605897396,-0.568034979,-0.666721155,-0.124772812,0.024722267,1.105007748
5/10/2005,-0.605897396,-0.568034979,-0.666721155,-0.124772812,0.024722267,1.105007748
5/11/2005,-0.605897396,-0.568034979,-0.666721155,-0.124772812,0.024722267,1.105007748
5/12/2005,-0.605897396,-0.568034979,-0.666721155,-0.124772812,0.024722267,1.105007748
5/13/2005,-0.602230677,-0.570889466,-0.666989073,-0.114818362,0.036246188,1.120651055
5/14/2005,-0.602230677,-0.570889466,-0.666989073,-0.114818362,0.036246188,1.120651055
5/15/2005,-0.602230677,-0.570889466,-0.666989073,-0.114818362,0.036246188,1.120651055
5/16/2005,-0.602230677,-0.570889466,-0.666989073,-0.114818362,0.036246188,1.120651055
5/17/2005,-0.602230677,-0.570889466,-0.666989073,-0.114818362,0.036246188,1.120651055
5/18/2005,-0.602230677,-0.570889466,-0.666989073,-0.114818362,0.036246188,1.120651055
5/19/2005,-0.602230677,-0.570889466,-0.666989073,-0.114818362,0.036246188,1.120651055
5/20/2005,-0.600583755,-0.571620916,-0.668016689,-0.108003714,0.047695135,1.136522016
5/21/2005,-0.600583755,-0.571620916,-0.668016689,-0.108003714,0.047695135,1.136522016
5/22/2005,-0.600583755,-0.571620916,-0.668016689,-0.108003714,0.047695135,1.136522016
5/23/2005,-0.600583755,-0.571620916,-0.668016689,-0.108003714,0.047695135,1.136522016
5/24/2005,-0.600583755,-0.571620916,-0.668016689,-0.108003714,0.047695135,1.136522016
5/25/2005,-0.600583755,-0.571620916,-0.668016689,-0.108003714,0.047695135,1.136522016
5/26/2005,-0.600583755,-0.571620916,-0.668016689,-0.108003714,0.047695135,1.136522016
5/27/2005,-0.600950182,-0.569090528,-0.669771913,-0.104544801,0.059758144,1.152666398
5/28/2005,-0.600950182,-0.569090528,-0.669771913,-0.104544801,0.059758144,1.152666398
5/29/2005,-0.600950182,-0.569090528,-0.669771913,-0.104544801,0.059758144,1.152666398
5/30/2005,-0.600950182,-0.569090528,-0.669771913,-0.104544801,0.059758144,1.152666398
5/31/2005,-0.600950182,-0.569090528,-0.669771913,-0.104544801,0.059758144,1.152666398
6/1/2005,-0.600950182,-0.569090528,-0.669771913,-0.104544801,0.059758144,1.152666398
6/2/2005,-0.600950182,-0.569090528,-0.669771913,-0.104544801,0.059758144,1.152666398
6/3/2005,-0.601659513,-0.561089056,-0.670795277,-0.103808045,0.072194337,1.169133473
6/4/2005,-0.601659513,-0.561089056,-0.670795277,-0.103808045,0.072194337,1.169133473
6/5/2005,-0.601659513,-0.561089056,-0.670795277,-0.103808045,0.072194337,1.169133473
6/6/2005,-0.601659513,-0.561089056,-0.670795277,-0.103808045,0.072194337,1.169133473
6/7/2005,-0.601659513,-0.561089056,-0.670795277,-0.103808045,0.072194337,1.169133473
6/8/2005,-0.601659513,-0.561089056,-0.670795277,-0.103808045,0.072194337,1.169133473
6/9/2005,-0.601659513,-0.561089056,-0.670795277,-0.103808045,0.072194337,1.169133473
6/10/2005,-0.603122793,-0.552221178,-0.671968565,-0.10529128,0.085632599,1.185975006
6/11/2005,-0.603122793,-0.552221178,-0.671968565,-0.10529128,0.085632599,1.185975006
6/12/2005,-0.603122793,-0.552221178,-0.671968565,-0.10529128,0.085632599,1.185975006
6/13/2005,-0.603122793,-0.552221178,-0.671968565,-0.10529128,0.085632599,1.185975006
6/14/2005,-0.603122793,-0.552221178,-0.671968565,-0.10529128,0.085632599,1.185975006
6/15/2005,-0.603122793,-0.552221178,-0.671968565,-0.10529128,0.085632599,1.185975006
6/16/2005,-0.603122793,-0.552221178,-0.671968565,-0.10529128,0.085632599,1.185975006
6/17/2005,-0.604338613,-0.543416958,-0.672849017,-0.108122576,0.100051008,1.203244509
6/18/2005,-0.604338613,-0.543416958,-0.672849017,-0.108122576,0.100051008,1.203244509
6/19/2005,-0.604338613,-0.543416958,-0.672849017,-0.108122576,0.100051008,1.203244509
6/20/2005,-0.604338613,-0.543416958,-0.672849017,-0.108122576,0.100051008,1.203244509
6/21/2005,-0.604338613,-0.543416958,-0.672849017,-0.108122576,0.100051008,1.203244509
6/22/2005,-0.604338613,-0.543416958,-0.672849017,-0.108122576,0.100051008,1.203244509
6/23/2005,-0.604338613,-0.543416958,-0.672849017,-0.108122576,0.100051008,1.203244509
6/24/2005,-0.605918733,-0.538906583,-0.674606473,-0.111134203,0.114889414,1.220995543
6/25/2005,-0.605918733,-0.538906583,-0.674606473,-0.111134203,0.114889414,1.220995543
6/26/2005,-0.605918733,-0.538906583,-0.674606473,-0.111134203,0.114889414,1.220995543
6/27/2005,-0.605918733,-0.538906583,-0.674606473,-0.111134203,0.114889414,1.220995543
6/28/2005,-0.605918733,-0.538906583,-0.674606473,-0.111134203,0.114889414,1.220995543
6/29/2005,-0.605918733,-0.538906583,-0.674606473,-0.111134203,0.114889414,1.220995543
6/30/2005,-0.605918733,-0.538906583,-0.674606473,-0.111134203,0.114889414,1.220995543
7/1/2005,-0.607858554,-0.539143711,-0.677313108,-0.113756848,0.129770042,1.239278495
7/2/2005,-0.607858554,-0.539143711,-0.677313108,-0.113756848,0.129770042,1.239278495
7/3/2005,-0.607858554,-0.539143711,-0.677313108,-0.113756848,0.129770042,1.239278495
7/4/2005,-0.607858554,-0.539143711,-0.677313108,-0.113756848,0.129770042,1.239278495
7/5/2005,-0.607858554,-0.539143711,-0.677313108,-0.113756848,0.129770042,1.239278495
7/6/2005,-0.607858554,-0.539143711,-0.677313108,-0.113756848,0.129770042,1.239278495
7/7/2005,-0.607858554,-0.539143711,-0.677313108,-0.113756848,0.129770042,1.239278495
7/8/2005,-0.609385116,-0.543086397,-0.680603691,-0.115338461,0.144376859,1.258142063
7/9/2005,-0.609385116,-0.543086397,-0.680603691,-0.115338461,0.144376859,1.258142063
7/10/2005,-0.609385116,-0.543086397,-0.680603691,-0.115338461,0.144376859,1.258142063
7/11/2005,-0.609385116,-0.543086397,-0.680603691,-0.115338461,0.144376859,1.258142063
7/12/2005,-0.609385116,-0.543086397,-0.680603691,-0.115338461,0.144376859,1.258142063
7/13/2005,-0.609385116,-0.543086397,-0.680603691,-0.115338461,0.144376859,1.258142063
7/14/2005,-0.609385116,-0.543086397,-0.680603691,-0.115338461,0.144376859,1.258142063
7/15/2005,-0.612330885,-0.550209911,-0.685438726,-0.115884265,0.157504147,1.277629784
7/16/2005,-0.612330885,-0.550209911,-0.685438726,-0.115884265,0.157504147,1.277629784
7/17/2005,-0.612330885,-0.550209911,-0.685438726,-0.115884265,0.157504147,1.277629784
7/18/2005,-0.612330885,-0.550209911,-0.685438726,-0.115884265,0.157504147,1.277629784
7/19/2005,-0.612330885,-0.550209911,-0.685438726,-0.115884265,0.157504147,1.277629784
7/20/2005,-0.612330885,-0.550209911,-0.685438726,-0.115884265,0.157504147,1.277629784
7/21/2005,-0.612330885,-0.550209911,-0.685438726,-0.115884265,0.157504147,1.277629784
7/22/2005,-0.614291273,-0.556095647,-0.689961624,-0.114929391,0.168713018,1.297772657
7/23/2005,-0.614291273,-0.556095647,-0.689961624,-0.114929391,0.168713018,1.297772657
7/24/2005,-0.614291273,-0.556095647,-0.689961624,-0.114929391,0.168713018,1.297772657
7/25/2005,-0.614291273,-0.556095647,-0.689961624,-0.114929391,0.168713018,1.297772657
7/26/2005,-0.614291273,-0.556095647,-0.689961624,-0.114929391,0.168713018,1.297772657
7/27/2005,-0.614291273,-0.556095647,-0.689961624,-0.114929391,0.168713018,1.297772657
7/28/2005,-0.614291273,-0.556095647,-0.689961624,-0.114929391,0.168713018,1.297772657
7/29/2005,-0.61537689,-0.558744547,-0.693366005,-0.113012734,0.177096213,1.318592709
7/30/2005,-0.61537689,-0.558744547,-0.693366005,-0.113012734,0.177096213,1.318592709
7/31/2005,-0.61537689,-0.558744547,-0.693366005,-0.113012734,0.177096213,1.318592709
8/1/2005,-0.61537689,-0.558744547,-0.693366005,-0.113012734,0.177096213,1.318592709
8/2/2005,-0.61537689,-0.558744547,-0.693366005,-0.113012734,0.177096213,1.318592709
8/3/2005,-0.61537689,-0.558744547,-0.693366005,-0.113012734,0.177096213,1.318592709
8/4/2005,-0.61537689,-0.558744547,-0.693366005,-0.113012734,0.177096213,1.318592709
8/5/2005,-0.614329357,-0.556411504,-0.69443929,-0.110197842,0.181894628,1.340097942
8/6/2005,-0.614329357,-0.556411504,-0.69443929,-0.110197842,0.181894628,1.340097942
8/7/2005,-0.614329357,-0.556411504,-0.69443929,-0.110197842,0.181894628,1.340097942
8/8/2005,-0.614329357,-0.556411504,-0.69443929,-0.110197842,0.181894628,1.340097942
8/9/2005,-0.614329357,-0.556411504,-0.69443929,-0.110197842,0.181894628,1.340097942
8/10/2005,-0.614329357,-0.556411504,-0.69443929,-0.110197842,0.181894628,1.340097942
8/11/2005,-0.614329357,-0.556411504,-0.69443929,-0.110197842,0.181894628,1.340097942
8/12/2005,-0.611818612,-0.550757292,-0.692976856,-0.107409826,0.1824835,1.362277012
8/13/2005,-0.611818612,-0.550757292,-0.692976856,-0.107409826,0.1824835,1.362277012
8/14/2005,-0.611818612,-0.550757292,-0.692976856,-0.107409826,0.1824835,1.362277012
8/15/2005,-0.611818612,-0.550757292,-0.692976856,-0.107409826,0.1824835,1.362277012
8/16/2005,-0.611818612,-0.550757292,-0.692976856,-0.107409826,0.1824835,1.362277012
8/17/2005,-0.611818612,-0.550757292,-0.692976856,-0.107409826,0.1824835,1.362277012
8/18/2005,-0.611818612,-0.550757292,-0.692976856,-0.107409826,0.1824835,1.362277012
8/19/2005,-0.606750003,-0.540011487,-0.688155453,-0.104755818,0.178051323,1.385097994
8/20/2005,-0.606750003,-0.540011487,-0.688155453,-0.104755818,0.178051323,1.385097994
8/21/2005,-0.606750003,-0.540011487,-0.688155453,-0.104755818,0.178051323,1.385097994
8/22/2005,-0.606750003,-0.540011487,-0.688155453,-0.104755818,0.178051323,1.385097994
8/23/2005,-0.606750003,-0.540011487,-0.688155453,-0.104755818,0.178051323,1.385097994
8/24/2005,-0.606750003,-0.540011487,-0.688155453,-0.104755818,0.178051323,1.385097994
8/25/2005,-0.606750003,-0.540011487,-0.688155453,-0.104755818,0.178051323,1.385097994
8/26/2005,-0.600093412,-0.524674632,-0.680303443,-0.103111862,0.167824764,1.408505952
8/27/2005,-0.600093412,-0.524674632,-0.680303443,-0.103111862,0.167824764,1.408505952
8/28/2005,-0.600093412,-0.524674632,-0.680303443,-0.103111862,0.167824764,1.408505952
8/29/2005,-0.600093412,-0.524674632,-0.680303443,-0.103111862,0.167824764,1.408505952
8/30/2005,-0.600093412,-0.524674632,-0.680303443,-0.103111862,0.167824764,1.408505952
8/31/2005,-0.600093412,-0.524674632,-0.680303443,-0.103111862,0.167824764,1.408505952
9/1/2005,-0.600093412,-0.524674632,-0.680303443,-0.103111862,0.167824764,1.408505952
9/2/2005,-0.592201005,-0.505369717,-0.669472984,-0.102936407,0.150993897,1.432420434
9/3/2005,-0.592201005,-0.505369717,-0.669472984,-0.102936407,0.150993897,1.432420434
9/4/2005,-0.592201005,-0.505369717,-0.669472984,-0.102936407,0.150993897,1.432420434
9/5/2005,-0.592201005,-0.505369717,-0.669472984,-0.102936407,0.150993897,1.432420434
9/6/2005,-0.592201005,-0.505369717,-0.669472984,-0.102936407,0.150993897,1.432420434
9/7/2005,-0.592201005,-0.505369717,-0.669472984,-0.102936407,0.150993897,1.432420434
9/8/2005,-0.592201005,-0.505369717,-0.669472984,-0.102936407,0.150993897,1.432420434
9/9/2005,-0.584354697,-0.484865626,-0.656812733,-0.104660685,0.126977535,1.456736266
9/10/2005,-0.584354697,-0.484865626,-0.656812733,-0.104660685,0.126977535,1.456736266
9/11/2005,-0.584354697,-0.484865626,-0.656812733,-0.104660685,0.126977535,1.456736266
9/12/2005,-0.584354697,-0.484865626,-0.656812733,-0.104660685,0.126977535,1.456736266
9/13/2005,-0.584354697,-0.484865626,-0.656812733,-0.104660685,0.126977535,1.456736266
9/14/2005,-0.584354697,-0.484865626,-0.656812733,-0.104660685,0.126977535,1.456736266
9/15/2005,-0.584354697,-0.484865626,-0.656812733,-0.104660685,0.126977535,1.456736266
9/16/2005,-0.576921913,-0.465990268,-0.642682605,-0.107983832,0.094571037,1.481322335
9/17/2005,-0.576921913,-0.465990268,-0.642682605,-0.107983832,0.094571037,1.481322335
9/18/2005,-0.576921913,-0.465990268,-0.642682605,-0.107983832,0.094571037,1.481322335
9/19/2005,-0.576921913,-0.465990268,-0.642682605,-0.107983832,0.094571037,1.481322335
9/20/2005,-0.576921913,-0.465990268,-0.642682605,-0.107983832,0.094571037,1.481322335
9/21/2005,-0.576921913,-0.465990268,-0.642682605,-0.107983832,0.094571037,1.481322335
9/22/2005,-0.576921913,-0.465990268,-0.642682605,-0.107983832,0.094571037,1.481322335
9/23/2005,-0.571026557,-0.455229191,-0.629340452,-0.112643758,0.054971804,1.506023528
9/24/2005,-0.571026557,-0.455229191,-0.629340452,-0.112643758,0.054971804,1.506023528
9/25/2005,-0.571026557,-0.455229191,-0.629340452,-0.112643758,0.054971804,1.506023528
9/26/2005,-0.571026557,-0.455229191,-0.629340452,-0.112643758,0.054971804,1.506023528
9/27/2005,-0.571026557,-0.455229191,-0.629340452,-0.112643758,0.054971804,1.506023528
9/28/2005,-0.571026557,-0.455229191,-0.629340452,-0.112643758,0.054971804,1.506023528
9/29/2005,-0.571026557,-0.455229191,-0.629340452,-0.112643758,0.054971804,1.506023528
9/30/2005,-0.567899008,-0.456096079,-0.617470769,-0.118303574,0.007765709,1.530668229
10/1/2005,-0.567899008,-0.456096079,-0.617470769,-0.118303574,0.007765709,1.530668229
10/2/2005,-0.567899008,-0.456096079,-0.617470769,-0.118303574,0.007765709,1.530668229
10/3/2005,-0.567899008,-0.456096079,-0.617470769,-0.118303574,0.007765709,1.530668229
10/4/2005,-0.567899008,-0.456096079,-0.617470769,-0.118303574,0.007765709,1.530668229
10/5/2005,-0.567899008,-0.456096079,-0.617470769,-0.118303574,0.007765709,1.530668229
10/6/2005,-0.567899008,-0.456096079,-0.617470769,-0.118303574,0.007765709,1.530668229
10/7/2005,-0.568631405,-0.472672128,-0.608775177,-0.124339669,-0.045551534,1.555080931
10/8/2005,-0.568631405,-0.472672128,-0.608775177,-0.124339669,-0.045551534,1.555080931
10/9/2005,-0.568631405,-0.472672128,-0.608775177,-0.124339669,-0.045551534,1.555080931
10/10/2005,-0.568631405,-0.472672128,-0.608775177,-0.124339669,-0.045551534,1.555080931
10/11/2005,-0.568631405,-0.472672128,-0.608775177,-0.124339669,-0.045551534,1.555080931
10/12/2005,-0.568631405,-0.472672128,-0.608775177,-0.124339669,-0.045551534,1.555080931
10/13/2005,-0.568631405,-0.472672128,-0.608775177,-0.124339669,-0.045551534,1.555080931
10/14/2005,-0.572737736,-0.499904529,-0.603433711,-0.130069123,-0.1028636,1.579062624
10/15/2005,-0.572737736,-0.499904529,-0.603433711,-0.130069123,-0.1028636,1.579062624
10/16/2005,-0.572737736,-0.499904529,-0.603433711,-0.130069123,-0.1028636,1.579062624
10/17/2005,-0.572737736,-0.499904529,-0.603433711,-0.130069123,-0.1028636,1.579062624
10/18/2005,-0.572737736,-0.499904529,-0.603433711,-0.130069123,-0.1028636,1.579062624
10/19/2005,-0.572737736,-0.499904529,-0.603433711,-0.130069123,-0.1028636,1.579062624
10/20/2005,-0.572737736,-0.499904529,-0.603433711,-0.130069123,-0.1028636,1.579062624
10/21/2005,-0.578599538,-0.531166273,-0.600335929,-0.134812653,-0.161576855,1.602453893
10/22/2005,-0.578599538,-0.531166273,-0.600335929,-0.134812653,-0.161576855,1.602453893
10/23/2005,-0.578599538,-0.531166273,-0.600335929,-0.134812653,-0.161576855,1.602453893
10/24/2005,-0.578599538,-0.531166273,-0.600335929,-0.134812653,-0.161576855,1.602453893
10/25/2005,-0.578599538,-0.531166273,-0.600335929,-0.134812653,-0.161576855,1.602453893
10/26/2005,-0.578599538,-0.531166273,-0.600335929,-0.134812653,-0.161576855,1.602453893
10/27/2005,-0.578599538,-0.531166273,-0.600335929,-0.134812653,-0.161576855,1.602453893
10/28/2005,-0.584839425,-0.559418296,-0.598106468,-0.138448606,-0.218601087,1.625110176
10/29/2005,-0.584839425,-0.559418296,-0.598106468,-0.138448606,-0.218601087,1.625110176
10/30/2005,-0.584839425,-0.559418296,-0.598106468,-0.138448606,-0.218601087,1.625110176
10/31/2005,-0.584839425,-0.559418296,-0.598106468,-0.138448606,-0.218601087,1.625110176
11/1/2005,-0.584839425,-0.559418296,-0.598106468,-0.138448606,-0.218601087,1.625110176
11/2/2005,-0.584839425,-0.559418296,-0.598106468,-0.138448606,-0.218601087,1.625110176
11/3/2005,-0.584839425,-0.559418296,-0.598106468,-0.138448606,-0.218601087,1.625110176
11/4/2005,-0.588892433,-0.577409261,-0.595555885,-0.140185881,-0.270320317,1.646918591
11/5/2005,-0.588892433,-0.577409261,-0.595555885,-0.140185881,-0.270320317,1.646918591
11/6/2005,-0.588892433,-0.577409261,-0.595555885,-0.140185881,-0.270320317,1.646918591
11/7/2005,-0.588892433,-0.577409261,-0.595555885,-0.140185881,-0.270320317,1.646918591
11/8/2005,-0.588892433,-0.577409261,-0.595555885,-0.140185881,-0.270320317,1.646918591
11/9/2005,-0.588892433,-0.577409261,-0.595555885,-0.140185881,-0.270320317,1.646918591
11/10/2005,-0.588892433,-0.577409261,-0.595555885,-0.140185881,-0.270320317,1.646918591
11/11/2005,-0.590448496,-0.58213844,-0.591975794,-0.140014476,-0.314514616,1.667806728
11/12/2005,-0.590448496,-0.58213844,-0.591975794,-0.140014476,-0.314514616,1.667806728
11/13/2005,-0.590448496,-0.58213844,-0.591975794,-0.140014476,-0.314514616,1.667806728
11/14/2005,-0.590448496,-0.58213844,-0.591975794,-0.140014476,-0.314514616,1.667806728
11/15/2005,-0.590448496,-0.58213844,-0.591975794,-0.140014476,-0.314514616,1.667806728
11/16/2005,-0.590448496,-0.58213844,-0.591975794,-0.140014476,-0.314514616,1.667806728
11/17/2005,-0.590448496,-0.58213844,-0.591975794,-0.140014476,-0.314514616,1.667806728
11/18/2005,-0.587959113,-0.572371014,-0.586814569,-0.137757621,-0.348357616,1.687743311
11/19/2005,-0.587959113,-0.572371014,-0.586814569,-0.137757621,-0.348357616,1.687743311
11/20/2005,-0.587959113,-0.572371014,-0.586814569,-0.137757621,-0.348357616,1.687743311
11/21/2005,-0.587959113,-0.572371014,-0.586814569,-0.137757621,-0.348357616,1.687743311
11/22/2005,-0.587959113,-0.572371014,-0.586814569,-0.137757621,-0.348357616,1.687743311
11/23/2005,-0.587959113,-0.572371014,-0.586814569,-0.137757621,-0.348357616,1.687743311
11/24/2005,-0.587959113,-0.572371014,-0.586814569,-0.137757621,-0.348357616,1.687743311
11/25/2005,-0.583074333,-0.551391268,-0.580845007,-0.134186829,-0.37090953,1.706737814
11/26/2005,-0.583074333,-0.551391268,-0.580845007,-0.134186829,-0.37090953,1.706737814
11/27/2005,-0.583074333,-0.551391268,-0.580845007,-0.134186829,-0.37090953,1.706737814
11/28/2005,-0.583074333,-0.551391268,-0.580845007,-0.134186829,-0.37090953,1.706737814
11/29/2005,-0.583074333,-0.551391268,-0.580845007,-0.134186829,-0.37090953,1.706737814
11/30/2005,-0.583074333,-0.551391268,-0.580845007,-0.134186829,-0.37090953,1.706737814
12/1/2005,-0.583074333,-0.551391268,-0.580845007,-0.134186829,-0.37090953,1.706737814
12/2/2005,-0.576488089,-0.522589688,-0.575188968,-0.129510761,-0.381664169,1.724841728
12/3/2005,-0.576488089,-0.522589688,-0.575188968,-0.129510761,-0.381664169,1.724841728
12/4/2005,-0.576488089,-0.522589688,-0.575188968,-0.129510761,-0.381664169,1.724841728
12/5/2005,-0.576488089,-0.522589688,-0.575188968,-0.129510761,-0.381664169,1.724841728
12/6/2005,-0.576488089,-0.522589688,-0.575188968,-0.129510761,-0.381664169,1.724841728
12/7/2005,-0.576488089,-0.522589688,-0.575188968,-0.129510761,-0.381664169,1.724841728
12/8/2005,-0.576488089,-0.522589688,-0.575188968,-0.129510761,-0.381664169,1.724841728
12/9/2005,-0.569995595,-0.489400684,-0.571675812,-0.124054216,-0.381557925,1.742144526
12/10/2005,-0.569995595,-0.489400684,-0.571675812,-0.124054216,-0.381557925,1.742144526
12/11/2005,-0.569995595,-0.489400684,-0.571675812,-0.124054216,-0.381557925,1.742144526
12/12/2005,-0.569995595,-0.489400684,-0.571675812,-0.124054216,-0.381557925,1.742144526
12/13/2005,-0.569995595,-0.489400684,-0.571675812,-0.124054216,-0.381557925,1.742144526
12/14/2005,-0.569995595,-0.489400684,-0.571675812,-0.124054216,-0.381557925,1.742144526
12/15/2005,-0.569995595,-0.489400684,-0.571675812,-0.124054216,-0.381557925,1.742144526
12/16/2005,-0.565098144,-0.456571476,-0.571603501,-0.118695396,-0.371798048,1.758771714
12/17/2005,-0.565098144,-0.456571476,-0.571603501,-0.118695396,-0.371798048,1.758771714
12/18/2005,-0.565098144,-0.456571476,-0.571603501,-0.118695396,-0.371798048,1.758771714
12/19/2005,-0.565098144,-0.456571476,-0.571603501,-0.118695396,-0.371798048,1.758771714
12/20/2005,-0.565098144,-0.456571476,-0.571603501,-0.118695396,-0.371798048,1.758771714
12/21/2005,-0.565098144,-0.456571476,-0.571603501,-0.118695396,-0.371798048,1.758771714
12/22/2005,-0.565098144,-0.456571476,-0.571603501,-0.118695396,-0.371798048,1.758771714
12/23/2005,-0.563612302,-0.430753412,-0.576856959,-0.113653724,-0.354884439,1.774881516
12/24/2005,-0.563612302,-0.430753412,-0.576856959,-0.113653724,-0.354884439,1.774881516
12/25/2005,-0.563612302,-0.430753412,-0.576856959,-0.113653724,-0.354884439,1.774881516
12/26/2005,-0.563612302,-0.430753412,-0.576856959,-0.113653724,-0.354884439,1.774881516
12/27/2005,-0.563612302,-0.430753412,-0.576856959,-0.113653724,-0.354884439,1.774881516
12/28/2005,-0.563612302,-0.430753412,-0.576856959,-0.113653724,-0.354884439,1.774881516
12/29/2005,-0.563612302,-0.430753412,-0.576856959,-0.113653724,-0.354884439,1.774881516
12/30/2005,-0.565300333,-0.41264285,-0.586549274,-0.109518101,-0.333887486,1.790652711
12/31/2005,-0.565300333,-0.41264285,-0.586549274,-0.109518101,-0.333887486,1.790652711
1/1/2006,-0.565300333,-0.41264285,-0.586549274,-0.109518101,-0.333887486,1.790652711
1/2/2006,-0.565300333,-0.41264285,-0.586549274,-0.109518101,-0.333887486,1.790652711
1/3/2006,-0.565300333,-0.41264285,-0.586549274,-0.109518101,-0.333887486,1.790652711
1/4/2006,-0.565300333,-0.41264285,-0.586549274,-0.109518101,-0.333887486,1.790652711
1/5/2006,-0.565300333,-0.41264285,-0.586549274,-0.109518101,-0.333887486,1.790652711
1/6/2006,-0.571434945,-0.407589433,-0.601578951,-0.106579511,-0.311914561,1.806274081
1/7/2006,-0.571434945,-0.407589433,-0.601578951,-0.106579511,-0.311914561,1.806274081
1/8/2006,-0.571434945,-0.407589433,-0.601578951,-0.106579511,-0.311914561,1.806274081
1/9/2006,-0.571434945,-0.407589433,-0.601578951,-0.106579511,-0.311914561,1.806274081
1/10/2006,-0.571434945,-0.407589433,-0.601578951,-0.106579511,-0.311914561,1.806274081
1/11/2006,-0.571434945,-0.407589433,-0.601578951,-0.106579511,-0.311914561,1.806274081
1/12/2006,-0.571434945,-0.407589433,-0.601578951,-0.106579511,-0.311914561,1.806274081
1/13/2006,-0.581217565,-0.413482796,-0.618828315,-0.105599732,-0.293093688,1.821958673
1/14/2006,-0.581217565,-0.413482796,-0.618828315,-0.105599732,-0.293093688,1.821958673
1/15/2006,-0.581217565,-0.413482796,-0.618828315,-0.105599732,-0.293093688,1.821958673
1/16/2006,-0.581217565,-0.413482796,-0.618828315,-0.105599732,-0.293093688,1.821958673
1/17/2006,-0.581217565,-0.413482796,-0.618828315,-0.105599732,-0.293093688,1.821958673
1/18/2006,-0.581217565,-0.413482796,-0.618828315,-0.105599732,-0.293093688,1.821958673
1/19/2006,-0.581217565,-0.413482796,-0.618828315,-0.105599732,-0.293093688,1.821958673
1/20/2006,-0.591798479,-0.425513779,-0.635657056,-0.10617766,-0.279658716,1.837892855
1/21/2006,-0.591798479,-0.425513779,-0.635657056,-0.10617766,-0.279658716,1.837892855
1/22/2006,-0.591798479,-0.425513779,-0.635657056,-0.10617766,-0.279658716,1.837892855
1/23/2006,-0.591798479,-0.425513779,-0.635657056,-0.10617766,-0.279658716,1.837892855
1/24/2006,-0.591798479,-0.425513779,-0.635657056,-0.10617766,-0.279658716,1.837892855
1/25/2006,-0.591798479,-0.425513779,-0.635657056,-0.10617766,-0.279658716,1.837892855
1/26/2006,-0.591798479,-0.425513779,-0.635657056,-0.10617766,-0.279658716,1.837892855
1/27/2006,-0.603931857,-0.441919639,-0.65123109,-0.108525926,-0.274162649,1.854251188
1/28/2006,-0.603931857,-0.441919639,-0.65123109,-0.108525926,-0.274162649,1.854251188
1/29/2006,-0.603931857,-0.441919639,-0.65123109,-0.108525926,-0.274162649,1.854251188
1/30/2006,-0.603931857,-0.441919639,-0.65123109,-0.108525926,-0.274162649,1.854251188
1/31/2006,-0.603931857,-0.441919639,-0.65123109,-0.108525926,-0.274162649,1.854251188
2/1/2006,-0.603931857,-0.441919639,-0.65123109,-0.108525926,-0.274162649,1.854251188
2/2/2006,-0.603931857,-0.441919639,-0.65123109,-0.108525926,-0.274162649,1.854251188
2/3/2006,-0.614693357,-0.456773376,-0.663371552,-0.111883399,-0.276898095,1.871185502
2/4/2006,-0.614693357,-0.456773376,-0.663371552,-0.111883399,-0.276898095,1.871185502
2/5/2006,-0.614693357,-0.456773376,-0.663371552,-0.111883399,-0.276898095,1.871185502
2/6/2006,-0.614693357,-0.456773376,-0.663371552,-0.111883399,-0.276898095,1.871185502
2/7/2006,-0.614693357,-0.456773376,-0.663371552,-0.111883399,-0.276898095,1.871185502
2/8/2006,-0.614693357,-0.456773376,-0.663371552,-0.111883399,-0.276898095,1.871185502
2/9/2006,-0.614693357,-0.456773376,-0.663371552,-0.111883399,-0.276898095,1.871185502
2/10/2006,-0.623256903,-0.469910923,-0.671046275,-0.116007776,-0.287702882,1.88881261
2/11/2006,-0.623256903,-0.469910923,-0.671046275,-0.116007776,-0.287702882,1.88881261
2/12/2006,-0.623256903,-0.469910923,-0.671046275,-0.116007776,-0.287702882,1.88881261
2/13/2006,-0.623256903,-0.469910923,-0.671046275,-0.116007776,-0.287702882,1.88881261
2/14/2006,-0.623256903,-0.469910923,-0.671046275,-0.116007776,-0.287702882,1.88881261
2/15/2006,-0.623256903,-0.469910923,-0.671046275,-0.116007776,-0.287702882,1.88881261
2/16/2006,-0.623256903,-0.469910923,-0.671046275,-0.116007776,-0.287702882,1.88881261
2/17/2006,-0.629869034,-0.481803569,-0.674920062,-0.120684401,-0.305040593,1.90721135
2/18/2006,-0.629869034,-0.481803569,-0.674920062,-0.120684401,-0.305040593,1.90721135
2/19/2006,-0.629869034,-0.481803569,-0.674920062,-0.120684401,-0.305040593,1.90721135
2/20/2006,-0.629869034,-0.481803569,-0.674920062,-0.120684401,-0.305040593,1.90721135
2/21/2006,-0.629869034,-0.481803569,-0.674920062,-0.120684401,-0.305040593,1.90721135
2/22/2006,-0.629869034,-0.481803569,-0.674920062,-0.120684401,-0.305040593,1.90721135
2/23/2006,-0.629869034,-0.481803569,-0.674920062,-0.120684401,-0.305040593,1.90721135
2/24/2006,-0.634010378,-0.49245837,-0.674672682,-0.125673131,-0.32738351,1.926420615
2/25/2006,-0.634010378,-0.49245837,-0.674672682,-0.125673131,-0.32738351,1.926420615
2/26/2006,-0.634010378,-0.49245837,-0.674672682,-0.125673131,-0.32738351,1.926420615
2/27/2006,-0.634010378,-0.49245837,-0.674672682,-0.125673131,-0.32738351,1.926420615
2/28/2006,-0.634010378,-0.49245837,-0.674672682,-0.125673131,-0.32738351,1.926420615
3/1/2006,-0.634010378,-0.49245837,-0.674672682,-0.125673131,-0.32738351,1.926420615
3/2/2006,-0.634010378,-0.49245837,-0.674672682,-0.125673131,-0.32738351,1.926420615
3/3/2006,-0.635219379,-0.501662676,-0.671084627,-0.130478957,-0.352197854,1.946435368
3/4/2006,-0.635219379,-0.501662676,-0.671084627,-0.130478957,-0.352197854,1.946435368
3/5/2006,-0.635219379,-0.501662676,-0.671084627,-0.130478957,-0.352197854,1.946435368
3/6/2006,-0.635219379,-0.501662676,-0.671084627,-0.130478957,-0.352197854,1.946435368
3/7/2006,-0.635219379,-0.501662676,-0.671084627,-0.130478957,-0.352197854,1.946435368
3/8/2006,-0.635219379,-0.501662676,-0.671084627,-0.130478957,-0.352197854,1.946435368
3/9/2006,-0.635219379,-0.501662676,-0.671084627,-0.130478957,-0.352197854,1.946435368
3/10/2006,-0.634781476,-0.507192975,-0.665022085,-0.135404495,-0.377882639,1.967208121
3/11/2006,-0.634781476,-0.507192975,-0.665022085,-0.135404495,-0.377882639,1.967208121
3/12/2006,-0.634781476,-0.507192975,-0.665022085,-0.135404495,-0.377882639,1.967208121
3/13/2006,-0.634781476,-0.507192975,-0.665022085,-0.135404495,-0.377882639,1.967208121
3/14/2006,-0.634781476,-0.507192975,-0.665022085,-0.135404495,-0.377882639,1.967208121
3/15/2006,-0.634781476,-0.507192975,-0.665022085,-0.135404495,-0.377882639,1.967208121
3/16/2006,-0.634781476,-0.507192975,-0.665022085,-0.135404495,-0.377882639,1.967208121
3/17/2006,-0.633475627,-0.508709384,-0.658728377,-0.139790194,-0.402255164,1.988648496
3/18/2006,-0.633475627,-0.508709384,-0.658728377,-0.139790194,-0.402255164,1.988648496
3/19/2006,-0.633475627,-0.508709384,-0.658728377,-0.139790194,-0.402255164,1.988648496
3/20/2006,-0.633475627,-0.508709384,-0.658728377,-0.139790194,-0.402255164,1.988648496
3/21/2006,-0.633475627,-0.508709384,-0.658728377,-0.139790194,-0.402255164,1.988648496
3/22/2006,-0.633475627,-0.508709384,-0.658728377,-0.139790194,-0.402255164,1.988648496
3/23/2006,-0.633475627,-0.508709384,-0.658728377,-0.139790194,-0.402255164,1.988648496
3/24/2006,-0.631964006,-0.505600233,-0.652857988,-0.143305371,-0.424919848,2.010624054
3/25/2006,-0.631964006,-0.505600233,-0.652857988,-0.143305371,-0.424919848,2.010624054
3/26/2006,-0.631964006,-0.505600233,-0.652857988,-0.143305371,-0.424919848,2.010624054
3/27/2006,-0.631964006,-0.505600233,-0.652857988,-0.143305371,-0.424919848,2.010624054
3/28/2006,-0.631964006,-0.505600233,-0.652857988,-0.143305371,-0.424919848,2.010624054
3/29/2006,-0.631964006,-0.505600233,-0.652857988,-0.143305371,-0.424919848,2.010624054
3/30/2006,-0.631964006,-0.505600233,-0.652857988,-0.143305371,-0.424919848,2.010624054
3/31/2006,-0.629443038,-0.497513379,-0.647251118,-0.145734689,-0.444777025,2.03297015
4/1/2006,-0.629443038,-0.497513379,-0.647251118,-0.145734689,-0.444777025,2.03297015
4/2/2006,-0.629443038,-0.497513379,-0.647251118,-0.145734689,-0.444777025,2.03297015
4/3/2006,-0.629443038,-0.497513379,-0.647251118,-0.145734689,-0.444777025,2.03297015
4/4/2006,-0.629443038,-0.497513379,-0.647251118,-0.145734689,-0.444777025,2.03297015
4/5/2006,-0.629443038,-0.497513379,-0.647251118,-0.145734689,-0.444777025,2.03297015
4/6/2006,-0.629443038,-0.497513379,-0.647251118,-0.145734689,-0.444777025,2.03297015
4/7/2006,-0.627298102,-0.489695008,-0.642991678,-0.147000339,-0.461929346,2.055506556
4/8/2006,-0.627298102,-0.489695008,-0.642991678,-0.147000339,-0.461929346,2.055506556
4/9/2006,-0.627298102,-0.489695008,-0.642991678,-0.147000339,-0.461929346,2.055506556
4/10/2006,-0.627298102,-0.489695008,-0.642991678,-0.147000339,-0.461929346,2.055506556
4/11/2006,-0.627298102,-0.489695008,-0.642991678,-0.147000339,-0.461929346,2.055506556
4/12/2006,-0.627298102,-0.489695008,-0.642991678,-0.147000339,-0.461929346,2.055506556
4/13/2006,-0.627298102,-0.489695008,-0.642991678,-0.147000339,-0.461929346,2.055506556
4/14/2006,-0.624948754,-0.482314297,-0.639010338,-0.147073499,-0.477021183,2.078012265
4/15/2006,-0.624948754,-0.482314297,-0.639010338,-0.147073499,-0.477021183,2.078012265
4/16/2006,-0.624948754,-0.482314297,-0.639010338,-0.147073499,-0.477021183,2.078012265
4/17/2006,-0.624948754,-0.482314297,-0.639010338,-0.147073499,-0.477021183,2.078012265
4/18/2006,-0.624948754,-0.482314297,-0.639010338,-0.147073499,-0.477021183,2.078012265
4/19/2006,-0.624948754,-0.482314297,-0.639010338,-0.147073499,-0.477021183,2.078012265
4/20/2006,-0.624948754,-0.482314297,-0.639010338,-0.147073499,-0.477021183,2.078012265
4/21/2006,-0.623159997,-0.477545448,-0.635237075,-0.146466843,-0.490136271,2.100292921
4/22/2006,-0.623159997,-0.477545448,-0.635237075,-0.146466843,-0.490136271,2.100292921
4/23/2006,-0.623159997,-0.477545448,-0.635237075,-0.146466843,-0.490136271,2.100292921
4/24/2006,-0.623159997,-0.477545448,-0.635237075,-0.146466843,-0.490136271,2.100292921
4/25/2006,-0.623159997,-0.477545448,-0.635237075,-0.146466843,-0.490136271,2.100292921
4/26/2006,-0.623159997,-0.477545448,-0.635237075,-0.146466843,-0.490136271,2.100292921
4/27/2006,-0.623159997,-0.477545448,-0.635237075,-0.146466843,-0.490136271,2.100292921
4/28/2006,-0.620396727,-0.473699304,-0.629582215,-0.145369961,-0.50158677,2.122159232
4/29/2006,-0.620396727,-0.473699304,-0.629582215,-0.145369961,-0.50158677,2.122159232
4/30/2006,-0.620396727,-0.473699304,-0.629582215,-0.145369961,-0.50158677,2.122159232
5/1/2006,-0.620396727,-0.473699304,-0.629582215,-0.145369961,-0.50158677,2.122159232
5/2/2006,-0.620396727,-0.473699304,-0.629582215,-0.145369961,-0.50158677,2.122159232
5/3/2006,-0.620396727,-0.473699304,-0.629582215,-0.145369961,-0.50158677,2.122159232
5/4/2006,-0.620396727,-0.473699304,-0.629582215,-0.145369961,-0.50158677,2.122159232
5/5/2006,-0.615144817,-0.466398531,-0.621136472,-0.143761238,-0.510508161,2.143441066
5/6/2006,-0.615144817,-0.466398531,-0.621136472,-0.143761238,-0.510508161,2.143441066
5/7/2006,-0.615144817,-0.466398531,-0.621136472,-0.143761238,-0.510508161,2.143441066
5/8/2006,-0.615144817,-0.466398531,-0.621136472,-0.143761238,-0.510508161,2.143441066
5/9/2006,-0.615144817,-0.466398531,-0.621136472,-0.143761238,-0.510508161,2.143441066
5/10/2006,-0.615144817,-0.466398531,-0.621136472,-0.143761238,-0.510508161,2.143441066
5/11/2006,-0.615144817,-0.466398531,-0.621136472,-0.143761238,-0.510508161,2.143441066
5/12/2006,-0.607837167,-0.456113965,-0.609233089,-0.142385891,-0.516986923,2.163996618
5/13/2006,-0.607837167,-0.456113965,-0.609233089,-0.142385891,-0.516986923,2.163996618
5/14/2006,-0.607837167,-0.456113965,-0.609233089,-0.142385891,-0.516986923,2.163996618
5/15/2006,-0.607837167,-0.456113965,-0.609233089,-0.142385891,-0.516986923,2.163996618
5/16/2006,-0.607837167,-0.456113965,-0.609233089,-0.142385891,-0.516986923,2.163996618
5/17/2006,-0.607837167,-0.456113965,-0.609233089,-0.142385891,-0.516986923,2.163996618
5/18/2006,-0.607837167,-0.456113965,-0.609233089,-0.142385891,-0.516986923,2.163996618
5/19/2006,-0.596422664,-0.438789667,-0.592587967,-0.140897514,-0.520628173,2.183714861
5/20/2006,-0.596422664,-0.438789667,-0.592587967,-0.140897514,-0.520628173,2.183714861
5/21/2006,-0.596422664,-0.438789667,-0.592587967,-0.140897514,-0.520628173,2.183714861
5/22/2006,-0.596422664,-0.438789667,-0.592587967,-0.140897514,-0.520628173,2.183714861
5/23/2006,-0.596422664,-0.438789667,-0.592587967,-0.140897514,-0.520628173,2.183714861
5/24/2006,-0.596422664,-0.438789667,-0.592587967,-0.140897514,-0.520628173,2.183714861
5/25/2006,-0.596422664,-0.438789667,-0.592587967,-0.140897514,-0.520628173,2.183714861
5/26/2006,-0.583015813,-0.417617902,-0.573607979,-0.139262073,-0.521269946,2.202514907
5/27/2006,-0.583015813,-0.417617902,-0.573607979,-0.139262073,-0.521269946,2.202514907
5/28/2006,-0.583015813,-0.417617902,-0.573607979,-0.139262073,-0.521269946,2.202514907
5/29/2006,-0.583015813,-0.417617902,-0.573607979,-0.139262073,-0.521269946,2.202514907
5/30/2006,-0.583015813,-0.417617902,-0.573607979,-0.139262073,-0.521269946,2.202514907
5/31/2006,-0.583015813,-0.417617902,-0.573607979,-0.139262073,-0.521269946,2.202514907
6/1/2006,-0.583015813,-0.417617902,-0.573607979,-0.139262073,-0.521269946,2.202514907
6/2/2006,-0.56873647,-0.395338867,-0.554307288,-0.137285305,-0.518553273,2.220347706
6/3/2006,-0.56873647,-0.395338867,-0.554307288,-0.137285305,-0.518553273,2.220347706
6/4/2006,-0.56873647,-0.395338867,-0.554307288,-0.137285305,-0.518553273,2.220347706
6/5/2006,-0.56873647,-0.395338867,-0.554307288,-0.137285305,-0.518553273,2.220347706
6/6/2006,-0.56873647,-0.395338867,-0.554307288,-0.137285305,-0.518553273,2.220347706
6/7/2006,-0.56873647,-0.395338867,-0.554307288,-0.137285305,-0.518553273,2.220347706
6/8/2006,-0.56873647,-0.395338867,-0.554307288,-0.137285305,-0.518553273,2.220347706
6/9/2006,-0.554980781,-0.375815804,-0.536524879,-0.134878159,-0.512835948,2.237193461
6/10/2006,-0.554980781,-0.375815804,-0.536524879,-0.134878159,-0.512835948,2.237193461
6/11/2006,-0.554980781,-0.375815804,-0.536524879,-0.134878159,-0.512835948,2.237193461
6/12/2006,-0.554980781,-0.375815804,-0.536524879,-0.134878159,-0.512835948,2.237193461
6/13/2006,-0.554980781,-0.375815804,-0.536524879,-0.134878159,-0.512835948,2.237193461
6/14/2006,-0.554980781,-0.375815804,-0.536524879,-0.134878159,-0.512835948,2.237193461
6/15/2006,-0.554980781,-0.375815804,-0.536524879,-0.134878159,-0.512835948,2.237193461
6/16/2006,-0.542483526,-0.360501155,-0.522547515,-0.131648712,-0.503891822,2.25305959
6/17/2006,-0.542483526,-0.360501155,-0.522547515,-0.131648712,-0.503891822,2.25305959
6/18/2006,-0.542483526,-0.360501155,-0.522547515,-0.131648712,-0.503891822,2.25305959
6/19/2006,-0.542483526,-0.360501155,-0.522547515,-0.131648712,-0.503891822,2.25305959
6/20/2006,-0.542483526,-0.360501155,-0.522547515,-0.131648712,-0.503891822,2.25305959
6/21/2006,-0.542483526,-0.360501155,-0.522547515,-0.131648712,-0.503891822,2.25305959
6/22/2006,-0.542483526,-0.360501155,-0.522547515,-0.131648712,-0.503891822,2.25305959
6/23/2006,-0.533531858,-0.352521123,-0.515034609,-0.127451732,-0.492709592,2.267979471
6/24/2006,-0.533531858,-0.352521123,-0.515034609,-0.127451732,-0.492709592,2.267979471
6/25/2006,-0.533531858,-0.352521123,-0.515034609,-0.127451732,-0.492709592,2.267979471
6/26/2006,-0.533531858,-0.352521123,-0.515034609,-0.127451732,-0.492709592,2.267979471
6/27/2006,-0.533531858,-0.352521123,-0.515034609,-0.127451732,-0.492709592,2.267979471
6/28/2006,-0.533531858,-0.352521123,-0.515034609,-0.127451732,-0.492709592,2.267979471
6/29/2006,-0.533531858,-0.352521123,-0.515034609,-0.127451732,-0.492709592,2.267979471
6/30/2006,-0.529425509,-0.352991508,-0.515379001,-0.122162743,-0.480692935,2.28200589
7/1/2006,-0.529425509,-0.352991508,-0.515379001,-0.122162743,-0.480692935,2.28200589
7/2/2006,-0.529425509,-0.352991508,-0.515379001,-0.122162743,-0.480692935,2.28200589
7/3/2006,-0.529425509,-0.352991508,-0.515379001,-0.122162743,-0.480692935,2.28200589
7/4/2006,-0.529425509,-0.352991508,-0.515379001,-0.122162743,-0.480692935,2.28200589
7/5/2006,-0.529425509,-0.352991508,-0.515379001,-0.122162743,-0.480692935,2.28200589
7/6/2006,-0.529425509,-0.352991508,-0.515379001,-0.122162743,-0.480692935,2.28200589
7/7/2006,-0.530049898,-0.36136563,-0.52294301,-0.116166503,-0.469201204,2.295201733
7/8/2006,-0.530049898,-0.36136563,-0.52294301,-0.116166503,-0.469201204,2.295201733
7/9/2006,-0.530049898,-0.36136563,-0.52294301,-0.116166503,-0.469201204,2.295201733
7/10/2006,-0.530049898,-0.36136563,-0.52294301,-0.116166503,-0.469201204,2.295201733
7/11/2006,-0.530049898,-0.36136563,-0.52294301,-0.116166503,-0.469201204,2.295201733
7/12/2006,-0.530049898,-0.36136563,-0.52294301,-0.116166503,-0.469201204,2.295201733
7/13/2006,-0.530049898,-0.36136563,-0.52294301,-0.116166503,-0.469201204,2.295201733
7/14/2006,-0.535857854,-0.376214794,-0.537140866,-0.109542697,-0.46029988,2.307650415
7/15/2006,-0.535857854,-0.376214794,-0.537140866,-0.109542697,-0.46029988,2.307650415
7/16/2006,-0.535857854,-0.376214794,-0.537140866,-0.109542697,-0.46029988,2.307650415
7/17/2006,-0.535857854,-0.376214794,-0.537140866,-0.109542697,-0.46029988,2.307650415
7/18/2006,-0.535857854,-0.376214794,-0.537140866,-0.109542697,-0.46029988,2.307650415
7/19/2006,-0.535857854,-0.376214794,-0.537140866,-0.109542697,-0.46029988,2.307650415
7/20/2006,-0.535857854,-0.376214794,-0.537140866,-0.109542697,-0.46029988,2.307650415
7/21/2006,-0.546035976,-0.396673214,-0.555997603,-0.102836087,-0.455143511,2.319433143
7/22/2006,-0.546035976,-0.396673214,-0.555997603,-0.102836087,-0.455143511,2.319433143
7/23/2006,-0.546035976,-0.396673214,-0.555997603,-0.102836087,-0.455143511,2.319433143
7/24/2006,-0.546035976,-0.396673214,-0.555997603,-0.102836087,-0.455143511,2.319433143
7/25/2006,-0.546035976,-0.396673214,-0.555997603,-0.102836087,-0.455143511,2.319433143
7/26/2006,-0.546035976,-0.396673214,-0.555997603,-0.102836087,-0.455143511,2.319433143
7/27/2006,-0.546035976,-0.396673214,-0.555997603,-0.102836087,-0.455143511,2.319433143
7/28/2006,-0.559636077,-0.420287239,-0.577986907,-0.096411319,-0.453881864,2.330631082
7/29/2006,-0.559636077,-0.420287239,-0.577986907,-0.096411319,-0.453881864,2.330631082
7/30/2006,-0.559636077,-0.420287239,-0.577986907,-0.096411319,-0.453881864,2.330631082
7/31/2006,-0.559636077,-0.420287239,-0.577986907,-0.096411319,-0.453881864,2.330631082
8/1/2006,-0.559636077,-0.420287239,-0.577986907,-0.096411319,-0.453881864,2.330631082
8/2/2006,-0.559636077,-0.420287239,-0.577986907,-0.096411319,-0.453881864,2.330631082
8/3/2006,-0.559636077,-0.420287239,-0.577986907,-0.096411319,-0.453881864,2.330631082
8/4/2006,-0.573838908,-0.442224857,-0.599448813,-0.090437991,-0.457000447,2.341324001
8/5/2006,-0.573838908,-0.442224857,-0.599448813,-0.090437991,-0.457000447,2.341324001
8/6/2006,-0.573838908,-0.442224857,-0.599448813,-0.090437991,-0.457000447,2.341324001
8/7/2006,-0.573838908,-0.442224857,-0.599448813,-0.090437991,-0.457000447,2.341324001
8/8/2006,-0.573838908,-0.442224857,-0.599448813,-0.090437991,-0.457000447,2.341324001
8/9/2006,-0.573838908,-0.442224857,-0.599448813,-0.090437991,-0.457000447,2.341324001
8/10/2006,-0.573838908,-0.442224857,-0.599448813,-0.090437991,-0.457000447,2.341324001
8/11/2006,-0.587027783,-0.460789746,-0.618387252,-0.085285492,-0.463350521,2.351586499
8/12/2006,-0.587027783,-0.460789746,-0.618387252,-0.085285492,-0.463350521,2.351586499
8/13/2006,-0.587027783,-0.460789746,-0.618387252,-0.085285492,-0.463350521,2.351586499
8/14/2006,-0.587027783,-0.460789746,-0.618387252,-0.085285492,-0.463350521,2.351586499
8/15/2006,-0.587027783,-0.460789746,-0.618387252,-0.085285492,-0.463350521,2.351586499
8/16/2006,-0.587027783,-0.460789746,-0.618387252,-0.085285492,-0.463350521,2.351586499
8/17/2006,-0.587027783,-0.460789746,-0.618387252,-0.085285492,-0.463350521,2.351586499
8/18/2006,-0.597567356,-0.472504325,-0.633044733,-0.080800484,-0.472330462,2.361486627
8/19/2006,-0.597567356,-0.472504325,-0.633044733,-0.080800484,-0.472330462,2.361486627
8/20/2006,-0.597567356,-0.472504325,-0.633044733,-0.080800484,-0.472330462,2.361486627
8/21/2006,-0.597567356,-0.472504325,-0.633044733,-0.080800484,-0.472330462,2.361486627
8/22/2006,-0.597567356,-0.472504325,-0.633044733,-0.080800484,-0.472330462,2.361486627
8/23/2006,-0.597567356,-0.472504325,-0.633044733,-0.080800484,-0.472330462,2.361486627
8/24/2006,-0.597567356,-0.472504325,-0.633044733,-0.080800484,-0.472330462,2.361486627
8/25/2006,-0.604430567,-0.477220082,-0.642665412,-0.076902738,-0.482543036,2.37108628
8/26/2006,-0.604430567,-0.477220082,-0.642665412,-0.076902738,-0.482543036,2.37108628
8/27/2006,-0.604430567,-0.477220082,-0.642665412,-0.076902738,-0.482543036,2.37108628
8/28/2006,-0.604430567,-0.477220082,-0.642665412,-0.076902738,-0.482543036,2.37108628
8/29/2006,-0.604430567,-0.477220082,-0.642665412,-0.076902738,-0.482543036,2.37108628
8/30/2006,-0.604430567,-0.477220082,-0.642665412,-0.076902738,-0.482543036,2.37108628
8/31/2006,-0.604430567,-0.477220082,-0.642665412,-0.076902738,-0.482543036,2.37108628
9/1/2006,-0.607335903,-0.47647417,-0.647382098,-0.073545302,-0.492443114,2.380440958
9/2/2006,-0.607335903,-0.47647417,-0.647382098,-0.073545302,-0.492443114,2.380440958
9/3/2006,-0.607335903,-0.47647417,-0.647382098,-0.073545302,-0.492443114,2.380440958
9/4/2006,-0.607335903,-0.47647417,-0.647382098,-0.073545302,-0.492443114,2.380440958
9/5/2006,-0.607335903,-0.47647417,-0.647382098,-0.073545302,-0.492443114,2.380440958
9/6/2006,-0.607335903,-0.47647417,-0.647382098,-0.073545302,-0.492443114,2.380440958
9/7/2006,-0.607335903,-0.47647417,-0.647382098,-0.073545302,-0.492443114,2.380440958
9/8/2006,-0.607394118,-0.4739126,-0.648711564,-0.07059908,-0.500830289,2.389599927
9/9/2006,-0.607394118,-0.4739126,-0.648711564,-0.07059908,-0.500830289,2.389599927
9/10/2006,-0.607394118,-0.4739126,-0.648711564,-0.07059908,-0.500830289,2.389599927
9/11/2006,-0.607394118,-0.4739126,-0.648711564,-0.07059908,-0.500830289,2.389599927
9/12/2006,-0.607394118,-0.4739126,-0.648711564,-0.07059908,-0.500830289,2.389599927
9/13/2006,-0.607394118,-0.4739126,-0.648711564,-0.07059908,-0.500830289,2.389599927
9/14/2006,-0.607394118,-0.4739126,-0.648711564,-0.07059908,-0.500830289,2.389599927
9/15/2006,-0.606256344,-0.473064221,-0.649540905,-0.067689085,-0.506043049,2.398607213
9/16/2006,-0.606256344,-0.473064221,-0.649540905,-0.067689085,-0.506043049,2.398607213
9/17/2006,-0.606256344,-0.473064221,-0.649540905,-0.067689085,-0.506043049,2.398607213
9/18/2006,-0.606256344,-0.473064221,-0.649540905,-0.067689085,-0.506043049,2.398607213
9/19/2006,-0.606256344,-0.473064221,-0.649540905,-0.067689085,-0.506043049,2.398607213
9/20/2006,-0.606256344,-0.473064221,-0.649540905,-0.067689085,-0.506043049,2.398607213
9/21/2006,-0.606256344,-0.473064221,-0.649540905,-0.067689085,-0.506043049,2.398607213
9/22/2006,-0.60565739,-0.478021071,-0.652158523,-0.064692782,-0.507203006,2.407501511
9/23/2006,-0.60565739,-0.478021071,-0.652158523,-0.064692782,-0.507203006,2.407501511
9/24/2006,-0.60565739,-0.478021071,-0.652158523,-0.064692782,-0.507203006,2.407501511
9/25/2006,-0.60565739,-0.478021071,-0.652158523,-0.064692782,-0.507203006,2.407501511
9/26/2006,-0.60565739,-0.478021071,-0.652158523,-0.064692782,-0.507203006,2.407501511
9/27/2006,-0.60565739,-0.478021071,-0.652158523,-0.064692782,-0.507203006,2.407501511
9/28/2006,-0.60565739,-0.478021071,-0.652158523,-0.064692782,-0.507203006,2.407501511
9/29/2006,-0.606646224,-0.488643668,-0.65753535,-0.061517322,-0.504476668,2.416316736
9/30/2006,-0.606646224,-0.488643668,-0.65753535,-0.061517322,-0.504476668,2.416316736
10/1/2006,-0.606646224,-0.488643668,-0.65753535,-0.061517322,-0.504476668,2.416316736
10/2/2006,-0.606646224,-0.488643668,-0.65753535,-0.061517322,-0.504476668,2.416316736
10/3/2006,-0.606646224,-0.488643668,-0.65753535,-0.061517322,-0.504476668,2.416316736
10/4/2006,-0.606646224,-0.488643668,-0.65753535,-0.061517322,-0.504476668,2.416316736
10/5/2006,-0.606646224,-0.488643668,-0.65753535,-0.061517322,-0.504476668,2.416316736
10/6/2006,-0.61013595,-0.50511162,-0.666548578,-0.058002359,-0.498327499,2.425081525
10/7/2006,-0.61013595,-0.50511162,-0.666548578,-0.058002359,-0.498327499,2.425081525
10/8/2006,-0.61013595,-0.50511162,-0.666548578,-0.058002359,-0.498327499,2.425081525
10/9/2006,-0.61013595,-0.50511162,-0.666548578,-0.058002359,-0.498327499,2.425081525
10/10/2006,-0.61013595,-0.50511162,-0.666548578,-0.058002359,-0.498327499,2.425081525
10/11/2006,-0.61013595,-0.50511162,-0.666548578,-0.058002359,-0.498327499,2.425081525
10/12/2006,-0.61013595,-0.50511162,-0.666548578,-0.058002359,-0.498327499,2.425081525
10/13/2006,-0.616188929,-0.524231986,-0.678453807,-0.054260322,-0.489728079,2.433823165
10/14/2006,-0.616188929,-0.524231986,-0.678453807,-0.054260322,-0.489728079,2.433823165
10/15/2006,-0.616188929,-0.524231986,-0.678453807,-0.054260322,-0.489728079,2.433823165
10/16/2006,-0.616188929,-0.524231986,-0.678453807,-0.054260322,-0.489728079,2.433823165
10/17/2006,-0.616188929,-0.524231986,-0.678453807,-0.054260322,-0.489728079,2.433823165
10/18/2006,-0.616188929,-0.524231986,-0.678453807,-0.054260322,-0.489728079,2.433823165
10/19/2006,-0.616188929,-0.524231986,-0.678453807,-0.054260322,-0.489728079,2.433823165
10/20/2006,-0.622738646,-0.541696812,-0.690978786,-0.050178166,-0.479622429,2.442558261
10/21/2006,-0.622738646,-0.541696812,-0.690978786,-0.050178166,-0.479622429,2.442558261
10/22/2006,-0.622738646,-0.541696812,-0.690978786,-0.050178166,-0.479622429,2.442558261
10/23/2006,-0.622738646,-0.541696812,-0.690978786,-0.050178166,-0.479622429,2.442558261
10/24/2006,-0.622738646,-0.541696812,-0.690978786,-0.050178166,-0.479622429,2.442558261
10/25/2006,-0.622738646,-0.541696812,-0.690978786,-0.050178166,-0.479622429,2.442558261
10/26/2006,-0.622738646,-0.541696812,-0.690978786,-0.050178166,-0.479622429,2.442558261
10/27/2006,-0.629006617,-0.554164811,-0.702578306,-0.045911771,-0.469207459,2.451299303
10/28/2006,-0.629006617,-0.554164811,-0.702578306,-0.045911771,-0.469207459,2.451299303
10/29/2006,-0.629006617,-0.554164811,-0.702578306,-0.045911771,-0.469207459,2.451299303
10/30/2006,-0.629006617,-0.554164811,-0.702578306,-0.045911771,-0.469207459,2.451299303
10/31/2006,-0.629006617,-0.554164811,-0.702578306,-0.045911771,-0.469207459,2.451299303
11/1/2006,-0.629006617,-0.554164811,-0.702578306,-0.045911771,-0.469207459,2.451299303
11/2/2006,-0.629006617,-0.554164811,-0.702578306,-0.045911771,-0.469207459,2.451299303
11/3/2006,-0.632661445,-0.555678187,-0.710906958,-0.041703183,-0.458689727,2.460052529
11/4/2006,-0.632661445,-0.555678187,-0.710906958,-0.041703183,-0.458689727,2.460052529
11/5/2006,-0.632661445,-0.555678187,-0.710906958,-0.041703183,-0.458689727,2.460052529
11/6/2006,-0.632661445,-0.555678187,-0.710906958,-0.041703183,-0.458689727,2.460052529
11/7/2006,-0.632661445,-0.555678187,-0.710906958,-0.041703183,-0.458689727,2.460052529
11/8/2006,-0.632661445,-0.555678187,-0.710906958,-0.041703183,-0.458689727,2.460052529
11/9/2006,-0.632661445,-0.555678187,-0.710906958,-0.041703183,-0.458689727,2.460052529
11/10/2006,-0.633885767,-0.545833782,-0.715237908,-0.038403773,-0.448326495,2.468818395
11/11/2006,-0.633885767,-0.545833782,-0.715237908,-0.038403773,-0.448326495,2.468818395
11/12/2006,-0.633885767,-0.545833782,-0.715237908,-0.038403773,-0.448326495,2.468818395
11/13/2006,-0.633885767,-0.545833782,-0.715237908,-0.038403773,-0.448326495,2.468818395
11/14/2006,-0.633885767,-0.545833782,-0.715237908,-0.038403773,-0.448326495,2.468818395
11/15/2006,-0.633885767,-0.545833782,-0.715237908,-0.038403773,-0.448326495,2.468818395
11/16/2006,-0.633885767,-0.545833782,-0.715237908,-0.038403773,-0.448326495,2.468818395
11/17/2006,-0.632416389,-0.521986777,-0.715790971,-0.036181755,-0.437964639,2.477592918
11/18/2006,-0.632416389,-0.521986777,-0.715790971,-0.036181755,-0.437964639,2.477592918
11/19/2006,-0.632416389,-0.521986777,-0.715790971,-0.036181755,-0.437964639,2.477592918
11/20/2006,-0.632416389,-0.521986777,-0.715790971,-0.036181755,-0.437964639,2.477592918
11/21/2006,-0.632416389,-0.521986777,-0.715790971,-0.036181755,-0.437964639,2.477592918
11/22/2006,-0.632416389,-0.521986777,-0.715790971,-0.036181755,-0.437964639,2.477592918
11/23/2006,-0.632416389,-0.521986777,-0.715790971,-0.036181755,-0.437964639,2.477592918
11/24/2006,-0.628878527,-0.488182315,-0.712992919,-0.035845121,-0.427234919,2.486369061
11/25/2006,-0.628878527,-0.488182315,-0.712992919,-0.035845121,-0.427234919,2.486369061
11/26/2006,-0.628878527,-0.488182315,-0.712992919,-0.035845121,-0.427234919,2.486369061
11/27/2006,-0.628878527,-0.488182315,-0.712992919,-0.035845121,-0.427234919,2.486369061
11/28/2006,-0.628878527,-0.488182315,-0.712992919,-0.035845121,-0.427234919,2.486369061
11/29/2006,-0.628878527,-0.488182315,-0.712992919,-0.035845121,-0.427234919,2.486369061
11/30/2006,-0.628878527,-0.488182315,-0.712992919,-0.035845121,-0.427234919,2.486369061
12/1/2006,-0.624615268,-0.450510301,-0.708189645,-0.038014276,-0.415825448,2.495137666
12/2/2006,-0.624615268,-0.450510301,-0.708189645,-0.038014276,-0.415825448,2.495137666
12/3/2006,-0.624615268,-0.450510301,-0.708189645,-0.038014276,-0.415825448,2.495137666
12/4/2006,-0.624615268,-0.450510301,-0.708189645,-0.038014276,-0.415825448,2.495137666
12/5/2006,-0.624615268,-0.450510301,-0.708189645,-0.038014276,-0.415825448,2.495137666
12/6/2006,-0.624615268,-0.450510301,-0.708189645,-0.038014276,-0.415825448,2.495137666
12/7/2006,-0.624615268,-0.450510301,-0.708189645,-0.038014276,-0.415825448,2.495137666
12/8/2006,-0.621841052,-0.416863768,-0.703817749,-0.042818042,-0.40378841,2.503888905
12/9/2006,-0.621841052,-0.416863768,-0.703817749,-0.042818042,-0.40378841,2.503888905
12/10/2006,-0.621841052,-0.416863768,-0.703817749,-0.042818042,-0.40378841,2.503888905
12/11/2006,-0.621841052,-0.416863768,-0.703817749,-0.042818042,-0.40378841,2.503888905
12/12/2006,-0.621841052,-0.416863768,-0.703817749,-0.042818042,-0.40378841,2.503888905
12/13/2006,-0.621841052,-0.416863768,-0.703817749,-0.042818042,-0.40378841,2.503888905
12/14/2006,-0.621841052,-0.416863768,-0.703817749,-0.042818042,-0.40378841,2.503888905
12/15/2006,-0.622425814,-0.397302073,-0.702464948,-0.050432572,-0.390371438,2.512613419
12/16/2006,-0.622425814,-0.397302073,-0.702464948,-0.050432572,-0.390371438,2.512613419
12/17/2006,-0.622425814,-0.397302073,-0.702464948,-0.050432572,-0.390371438,2.512613419
12/18/2006,-0.622425814,-0.397302073,-0.702464948,-0.050432572,-0.390371438,2.512613419
12/19/2006,-0.622425814,-0.397302073,-0.702464948,-0.050432572,-0.390371438,2.512613419
12/20/2006,-0.622425814,-0.397302073,-0.702464948,-0.050432572,-0.390371438,2.512613419
12/21/2006,-0.622425814,-0.397302073,-0.702464948,-0.050432572,-0.390371438,2.512613419
12/22/2006,-0.626944506,-0.394441561,-0.705124943,-0.060314875,-0.376012609,2.521303223
12/23/2006,-0.626944506,-0.394441561,-0.705124943,-0.060314875,-0.376012609,2.521303223
12/24/2006,-0.626944506,-0.394441561,-0.705124943,-0.060314875,-0.376012609,2.521303223
12/25/2006,-0.626944506,-0.394441561,-0.705124943,-0.060314875,-0.376012609,2.521303223
12/26/2006,-0.626944506,-0.394441561,-0.705124943,-0.060314875,-0.376012609,2.521303223
12/27/2006,-0.626944506,-0.394441561,-0.705124943,-0.060314875,-0.376012609,2.521303223
12/28/2006,-0.626944506,-0.394441561,-0.705124943,-0.060314875,-0.376012609,2.521303223
12/29/2006,-0.635363601,-0.405248671,-0.712092267,-0.071544971,-0.361581037,2.529952349
12/30/2006,-0.635363601,-0.405248671,-0.712092267,-0.071544971,-0.361581037,2.529952349
12/31/2006,-0.635363601,-0.405248671,-0.712092267,-0.071544971,-0.361581037,2.529952349
1/1/2007,-0.635363601,-0.405248671,-0.712092267,-0.071544971,-0.361581037,2.529952349
1/2/2007,-0.635363601,-0.405248671,-0.712092267,-0.071544971,-0.361581037,2.529952349
1/3/2007,-0.635363601,-0.405248671,-0.712092267,-0.071544971,-0.361581037,2.529952349
1/4/2007,-0.635363601,-0.405248671,-0.712092267,-0.071544971,-0.361581037,2.529952349
1/5/2007,-0.647146727,-0.426517204,-0.723009436,-0.083088196,-0.347922717,2.538558027
1/6/2007,-0.647146727,-0.426517204,-0.723009436,-0.083088196,-0.347922717,2.538558027
1/7/2007,-0.647146727,-0.426517204,-0.723009436,-0.083088196,-0.347922717,2.538558027
1/8/2007,-0.647146727,-0.426517204,-0.723009436,-0.083088196,-0.347922717,2.538558027
1/9/2007,-0.647146727,-0.426517204,-0.723009436,-0.083088196,-0.347922717,2.538558027
1/10/2007,-0.647146727,-0.426517204,-0.723009436,-0.083088196,-0.347922717,2.538558027
1/11/2007,-0.647146727,-0.426517204,-0.723009436,-0.083088196,-0.347922717,2.538558027
1/12/2007,-0.660205619,-0.45059785,-0.735105281,-0.093686562,-0.337140279,2.547120073
1/13/2007,-0.660205619,-0.45059785,-0.735105281,-0.093686562,-0.337140279,2.547120073
1/14/2007,-0.660205619,-0.45059785,-0.735105281,-0.093686562,-0.337140279,2.547120073
1/15/2007,-0.660205619,-0.45059785,-0.735105281,-0.093686562,-0.337140279,2.547120073
1/16/2007,-0.660205619,-0.45059785,-0.735105281,-0.093686562,-0.337140279,2.547120073
1/17/2007,-0.660205619,-0.45059785,-0.735105281,-0.093686562,-0.337140279,2.547120073
1/18/2007,-0.660205619,-0.45059785,-0.735105281,-0.093686562,-0.337140279,2.547120073
1/19/2007,-0.672477015,-0.47434371,-0.746219624,-0.10219997,-0.330167486,2.555639296
1/20/2007,-0.672477015,-0.47434371,-0.746219624,-0.10219997,-0.330167486,2.555639296
1/21/2007,-0.672477015,-0.47434371,-0.746219624,-0.10219997,-0.330167486,2.555639296
1/22/2007,-0.672477015,-0.47434371,-0.746219624,-0.10219997,-0.330167486,2.555639296
1/23/2007,-0.672477015,-0.47434371,-0.746219624,-0.10219997,-0.330167486,2.555639296
1/24/2007,-0.672477015,-0.47434371,-0.746219624,-0.10219997,-0.330167486,2.555639296
1/25/2007,-0.672477015,-0.47434371,-0.746219624,-0.10219997,-0.330167486,2.555639296
1/26/2007,-0.681844392,-0.496722001,-0.753686484,-0.108124776,-0.327364386,2.564118992
1/27/2007,-0.681844392,-0.496722001,-0.753686484,-0.108124776,-0.327364386,2.564118992
1/28/2007,-0.681844392,-0.496722001,-0.753686484,-0.108124776,-0.327364386,2.564118992
1/29/2007,-0.681844392,-0.496722001,-0.753686484,-0.108124776,-0.327364386,2.564118992
1/30/2007,-0.681844392,-0.496722001,-0.753686484,-0.108124776,-0.327364386,2.564118992
1/31/2007,-0.681844392,-0.496722001,-0.753686484,-0.108124776,-0.327364386,2.564118992
2/1/2007,-0.681844392,-0.496722001,-0.753686484,-0.108124776,-0.327364386,2.564118992
2/2/2007,-0.685527118,-0.51532744,-0.755302648,-0.110712493,-0.32811069,2.57256287
2/3/2007,-0.685527118,-0.51532744,-0.755302648,-0.110712493,-0.32811069,2.57256287
2/4/2007,-0.685527118,-0.51532744,-0.755302648,-0.110712493,-0.32811069,2.57256287
2/5/2007,-0.685527118,-0.51532744,-0.755302648,-0.110712493,-0.32811069,2.57256287
2/6/2007,-0.685527118,-0.51532744,-0.755302648,-0.110712493,-0.32811069,2.57256287
2/7/2007,-0.685527118,-0.51532744,-0.755302648,-0.110712493,-0.32811069,2.57256287
2/8/2007,-0.685527118,-0.51532744,-0.755302648,-0.110712493,-0.32811069,2.57256287
2/9/2007,-0.683994809,-0.529776069,-0.751251628,-0.110082146,-0.331631547,2.58097383
2/10/2007,-0.683994809,-0.529776069,-0.751251628,-0.110082146,-0.331631547,2.58097383
2/11/2007,-0.683994809,-0.529776069,-0.751251628,-0.110082146,-0.331631547,2.58097383
2/12/2007,-0.683994809,-0.529776069,-0.751251628,-0.110082146,-0.331631547,2.58097383
2/13/2007,-0.683994809,-0.529776069,-0.751251628,-0.110082146,-0.331631547,2.58097383
2/14/2007,-0.683994809,-0.529776069,-0.751251628,-0.110082146,-0.331631547,2.58097383
2/15/2007,-0.683994809,-0.529776069,-0.751251628,-0.110082146,-0.331631547,2.58097383
2/16/2007,-0.676198456,-0.534209715,-0.741294164,-0.106578947,-0.335774748,2.589353023
2/17/2007,-0.676198456,-0.534209715,-0.741294164,-0.106578947,-0.335774748,2.589353023
2/18/2007,-0.676198456,-0.534209715,-0.741294164,-0.106578947,-0.335774748,2.589353023
2/19/2007,-0.676198456,-0.534209715,-0.741294164,-0.106578947,-0.335774748,2.589353023
2/20/2007,-0.676198456,-0.534209715,-0.741294164,-0.106578947,-0.335774748,2.589353023
2/21/2007,-0.676198456,-0.534209715,-0.741294164,-0.106578947,-0.335774748,2.589353023
2/22/2007,-0.676198456,-0.534209715,-0.741294164,-0.106578947,-0.335774748,2.589353023
2/23/2007,-0.663635596,-0.525503918,-0.727299361,-0.100747823,-0.338865872,2.597698695
2/24/2007,-0.663635596,-0.525503918,-0.727299361,-0.100747823,-0.338865872,2.597698695
2/25/2007,-0.663635596,-0.525503918,-0.727299361,-0.100747823,-0.338865872,2.597698695
2/26/2007,-0.663635596,-0.525503918,-0.727299361,-0.100747823,-0.338865872,2.597698695
2/27/2007,-0.663635596,-0.525503918,-0.727299361,-0.100747823,-0.338865872,2.597698695
2/28/2007,-0.663635596,-0.525503918,-0.727299361,-0.100747823,-0.338865872,2.597698695
3/1/2007,-0.663635596,-0.525503918,-0.727299361,-0.100747823,-0.338865872,2.597698695
3/2/2007,-0.647879003,-0.501305714,-0.710798098,-0.09352377,-0.339549012,2.606004875
3/3/2007,-0.647879003,-0.501305714,-0.710798098,-0.09352377,-0.339549012,2.606004875
3/4/2007,-0.647879003,-0.501305714,-0.710798098,-0.09352377,-0.339549012,2.606004875
3/5/2007,-0.647879003,-0.501305714,-0.710798098,-0.09352377,-0.339549012,2.606004875
3/6/2007,-0.647879003,-0.501305714,-0.710798098,-0.09352377,-0.339549012,2.606004875
3/7/2007,-0.647879003,-0.501305714,-0.710798098,-0.09352377,-0.339549012,2.606004875
3/8/2007,-0.647879003,-0.501305714,-0.710798098,-0.09352377,-0.339549012,2.606004875
3/9/2007,-0.633364242,-0.471969076,-0.696072706,-0.085925172,-0.336668662,2.61426092
3/10/2007,-0.633364242,-0.471969076,-0.696072706,-0.085925172,-0.336668662,2.61426092
3/11/2007,-0.633364242,-0.471969076,-0.696072706,-0.085925172,-0.336668662,2.61426092
3/12/2007,-0.633364242,-0.471969076,-0.696072706,-0.085925172,-0.336668662,2.61426092
3/13/2007,-0.633364242,-0.471969076,-0.696072706,-0.085925172,-0.336668662,2.61426092
3/14/2007,-0.633364242,-0.471969076,-0.696072706,-0.085925172,-0.336668662,2.61426092
3/15/2007,-0.633364242,-0.471969076,-0.696072706,-0.085925172,-0.336668662,2.61426092
3/16/2007,-0.621163669,-0.445541007,-0.684269965,-0.078935773,-0.32918265,2.622450563
3/17/2007,-0.621163669,-0.445541007,-0.684269965,-0.078935773,-0.32918265,2.622450563
3/18/2007,-0.621163669,-0.445541007,-0.684269965,-0.078935773,-0.32918265,2.622450563
3/19/2007,-0.621163669,-0.445541007,-0.684269965,-0.078935773,-0.32918265,2.622450563
3/20/2007,-0.621163669,-0.445541007,-0.684269965,-0.078935773,-0.32918265,2.622450563
3/21/2007,-0.621163669,-0.445541007,-0.684269965,-0.078935773,-0.32918265,2.622450563
3/22/2007,-0.621163669,-0.445541007,-0.684269965,-0.078935773,-0.32918265,2.622450563
3/23/2007,-0.612832852,-0.43146581,-0.676459151,-0.073191364,-0.317438084,2.630551638
3/24/2007,-0.612832852,-0.43146581,-0.676459151,-0.073191364,-0.317438084,2.630551638
3/25/2007,-0.612832852,-0.43146581,-0.676459151,-0.073191364,-0.317438084,2.630551638
3/26/2007,-0.612832852,-0.43146581,-0.676459151,-0.073191364,-0.317438084,2.630551638
3/27/2007,-0.612832852,-0.43146581,-0.676459151,-0.073191364,-0.317438084,2.630551638
3/28/2007,-0.612832852,-0.43146581,-0.676459151,-0.073191364,-0.317438084,2.630551638
3/29/2007,-0.612832852,-0.43146581,-0.676459151,-0.073191364,-0.317438084,2.630551638
3/30/2007,-0.60690897,-0.43108826,-0.671144587,-0.069297179,-0.301345824,2.63853655
3/31/2007,-0.60690897,-0.43108826,-0.671144587,-0.069297179,-0.301345824,2.63853655
4/1/2007,-0.60690897,-0.43108826,-0.671144587,-0.069297179,-0.301345824,2.63853655
4/2/2007,-0.60690897,-0.43108826,-0.671144587,-0.069297179,-0.301345824,2.63853655
4/3/2007,-0.60690897,-0.43108826,-0.671144587,-0.069297179,-0.301345824,2.63853655
4/4/2007,-0.60690897,-0.43108826,-0.671144587,-0.069297179,-0.301345824,2.63853655
4/5/2007,-0.60690897,-0.43108826,-0.671144587,-0.069297179,-0.301345824,2.63853655
4/6/2007,-0.603086757,-0.43954619,-0.667461562,-0.067555083,-0.281903705,2.646376042
4/7/2007,-0.603086757,-0.43954619,-0.667461562,-0.067555083,-0.281903705,2.646376042
4/8/2007,-0.603086757,-0.43954619,-0.667461562,-0.067555083,-0.281903705,2.646376042
4/9/2007,-0.603086757,-0.43954619,-0.667461562,-0.067555083,-0.281903705,2.646376042
4/10/2007,-0.603086757,-0.43954619,-0.667461562,-0.067555083,-0.281903705,2.646376042
4/11/2007,-0.603086757,-0.43954619,-0.667461562,-0.067555083,-0.281903705,2.646376042
4/12/2007,-0.603086757,-0.43954619,-0.667461562,-0.067555083,-0.281903705,2.646376042
4/13/2007,-0.599404605,-0.442842094,-0.662367612,-0.068265843,-0.260952359,2.65403231
4/14/2007,-0.599404605,-0.442842094,-0.662367612,-0.068265843,-0.260952359,2.65403231
4/15/2007,-0.599404605,-0.442842094,-0.662367612,-0.068265843,-0.260952359,2.65403231
4/16/2007,-0.599404605,-0.442842094,-0.662367612,-0.068265843,-0.260952359,2.65403231
4/17/2007,-0.599404605,-0.442842094,-0.662367612,-0.068265843,-0.260952359,2.65403231
4/18/2007,-0.599404605,-0.442842094,-0.662367612,-0.068265843,-0.260952359,2.65403231
4/19/2007,-0.599404605,-0.442842094,-0.662367612,-0.068265843,-0.260952359,2.65403231
4/20/2007,-0.594966477,-0.432147487,-0.654519702,-0.07169577,-0.23910887,2.661473353
4/21/2007,-0.594966477,-0.432147487,-0.654519702,-0.07169577,-0.23910887,2.661473353
4/22/2007,-0.594966477,-0.432147487,-0.654519702,-0.07169577,-0.23910887,2.661473353
4/23/2007,-0.594966477,-0.432147487,-0.654519702,-0.07169577,-0.23910887,2.661473353
4/24/2007,-0.594966477,-0.432147487,-0.654519702,-0.07169577,-0.23910887,2.661473353
4/25/2007,-0.594966477,-0.432147487,-0.654519702,-0.07169577,-0.23910887,2.661473353
4/26/2007,-0.594966477,-0.432147487,-0.654519702,-0.07169577,-0.23910887,2.661473353
4/27/2007,-0.588441179,-0.404010091,-0.642476281,-0.078113007,-0.216306597,2.668667357
4/28/2007,-0.588441179,-0.404010091,-0.642476281,-0.078113007,-0.216306597,2.668667357
4/29/2007,-0.588441179,-0.404010091,-0.642476281,-0.078113007,-0.216306597,2.668667357
4/30/2007,-0.588441179,-0.404010091,-0.642476281,-0.078113007,-0.216306597,2.668667357
5/1/2007,-0.588441179,-0.404010091,-0.642476281,-0.078113007,-0.216306597,2.668667357
5/2/2007,-0.588441179,-0.404010091,-0.642476281,-0.078113007,-0.216306597,2.668667357
5/3/2007,-0.588441179,-0.404010091,-0.642476281,-0.078113007,-0.216306597,2.668667357
5/4/2007,-0.579720576,-0.365122958,-0.626460827,-0.087260511,-0.192296446,2.675585299
5/5/2007,-0.579720576,-0.365122958,-0.626460827,-0.087260511,-0.192296446,2.675585299
5/6/2007,-0.579720576,-0.365122958,-0.626460827,-0.087260511,-0.192296446,2.675585299
5/7/2007,-0.579720576,-0.365122958,-0.626460827,-0.087260511,-0.192296446,2.675585299
5/8/2007,-0.579720576,-0.365122958,-0.626460827,-0.087260511,-0.192296446,2.675585299
5/9/2007,-0.579720576,-0.365122958,-0.626460827,-0.087260511,-0.192296446,2.675585299
5/10/2007,-0.579720576,-0.365122958,-0.626460827,-0.087260511,-0.192296446,2.675585299
5/11/2007,-0.571268297,-0.331344533,-0.609213961,-0.0992243,-0.165689886,2.682201341
5/12/2007,-0.571268297,-0.331344533,-0.609213961,-0.0992243,-0.165689886,2.682201341
5/13/2007,-0.571268297,-0.331344533,-0.609213961,-0.0992243,-0.165689886,2.682201341
5/14/2007,-0.571268297,-0.331344533,-0.609213961,-0.0992243,-0.165689886,2.682201341
5/15/2007,-0.571268297,-0.331344533,-0.609213961,-0.0992243,-0.165689886,2.682201341
5/16/2007,-0.571268297,-0.331344533,-0.609213961,-0.0992243,-0.165689886,2.682201341
5/17/2007,-0.571268297,-0.331344533,-0.609213961,-0.0992243,-0.165689886,2.682201341
5/18/2007,-0.562386529,-0.3098859,-0.591302147,-0.112996355,-0.134754963,2.688492514
5/19/2007,-0.562386529,-0.3098859,-0.591302147,-0.112996355,-0.134754963,2.688492514
5/20/2007,-0.562386529,-0.3098859,-0.591302147,-0.112996355,-0.134754963,2.688492514
5/21/2007,-0.562386529,-0.3098859,-0.591302147,-0.112996355,-0.134754963,2.688492514
5/22/2007,-0.562386529,-0.3098859,-0.591302147,-0.112996355,-0.134754963,2.688492514
5/23/2007,-0.562386529,-0.3098859,-0.591302147,-0.112996355,-0.134754963,2.688492514
5/24/2007,-0.562386529,-0.3098859,-0.591302147,-0.112996355,-0.134754963,2.688492514
5/25/2007,-0.553924096,-0.298611897,-0.574483364,-0.127167903,-0.097961682,2.6944378
5/26/2007,-0.553924096,-0.298611897,-0.574483364,-0.127167903,-0.097961682,2.6944378
5/27/2007,-0.553924096,-0.298611897,-0.574483364,-0.127167903,-0.097961682,2.6944378
5/28/2007,-0.553924096,-0.298611897,-0.574483364,-0.127167903,-0.097961682,2.6944378
5/29/2007,-0.553924096,-0.298611897,-0.574483364,-0.127167903,-0.097961682,2.6944378
5/30/2007,-0.553924096,-0.298611897,-0.574483364,-0.127167903,-0.097961682,2.6944378
5/31/2007,-0.553924096,-0.298611897,-0.574483364,-0.127167903,-0.097961682,2.6944378
6/1/2007,-0.547487859,-0.293172491,-0.561401942,-0.139821574,-0.053425829,2.700017696
6/2/2007,-0.547487859,-0.293172491,-0.561401942,-0.139821574,-0.053425829,2.700017696
6/3/2007,-0.547487859,-0.293172491,-0.561401942,-0.139821574,-0.053425829,2.700017696
6/4/2007,-0.547487859,-0.293172491,-0.561401942,-0.139821574,-0.053425829,2.700017696
6/5/2007,-0.547487859,-0.293172491,-0.561401942,-0.139821574,-0.053425829,2.700017696
6/6/2007,-0.547487859,-0.293172491,-0.561401942,-0.139821574,-0.053425829,2.700017696
6/7/2007,-0.547487859,-0.293172491,-0.561401942,-0.139821574,-0.053425829,2.700017696
6/8/2007,-0.544407372,-0.28691992,-0.553797961,-0.14834498,-0.0003791,2.705213659
6/9/2007,-0.544407372,-0.28691992,-0.553797961,-0.14834498,-0.0003791,2.705213659
6/10/2007,-0.544407372,-0.28691992,-0.553797961,-0.14834498,-0.0003791,2.705213659
6/11/2007,-0.544407372,-0.28691992,-0.553797961,-0.14834498,-0.0003791,2.705213659
6/12/2007,-0.544407372,-0.28691992,-0.553797961,-0.14834498,-0.0003791,2.705213659
6/13/2007,-0.544407372,-0.28691992,-0.553797961,-0.14834498,-0.0003791,2.705213659
6/14/2007,-0.544407372,-0.28691992,-0.553797961,-0.14834498,-0.0003791,2.705213659
6/15/2007,-0.540612212,-0.269869081,-0.548667756,-0.149459954,0.061816886,2.710007414
6/16/2007,-0.540612212,-0.269869081,-0.548667756,-0.149459954,0.061816886,2.710007414
6/17/2007,-0.540612212,-0.269869081,-0.548667756,-0.149459954,0.061816886,2.710007414
6/18/2007,-0.540612212,-0.269869081,-0.548667756,-0.149459954,0.061816886,2.710007414
6/19/2007,-0.540612212,-0.269869081,-0.548667756,-0.149459954,0.061816886,2.710007414
6/20/2007,-0.540612212,-0.269869081,-0.548667756,-0.149459954,0.061816886,2.710007414
6/21/2007,-0.540612212,-0.269869081,-0.548667756,-0.149459954,0.061816886,2.710007414
6/22/2007,-0.535147189,-0.252296617,-0.544815743,-0.140270125,0.13276508,2.714381178
6/23/2007,-0.535147189,-0.252296617,-0.544815743,-0.140270125,0.13276508,2.714381178
6/24/2007,-0.535147189,-0.252296617,-0.544815743,-0.140270125,0.13276508,2.714381178
6/25/2007,-0.535147189,-0.252296617,-0.544815743,-0.140270125,0.13276508,2.714381178
6/26/2007,-0.535147189,-0.252296617,-0.544815743,-0.140270125,0.13276508,2.714381178
6/27/2007,-0.535147189,-0.252296617,-0.544815743,-0.140270125,0.13276508,2.714381178
6/28/2007,-0.535147189,-0.252296617,-0.544815743,-0.140270125,0.13276508,2.714381178
6/29/2007,-0.522996346,-0.243628148,-0.536583575,-0.118274233,0.211076289,2.718317542
6/30/2007,-0.522996346,-0.243628148,-0.536583575,-0.118274233,0.211076289,2.718317542
7/1/2007,-0.522996346,-0.243628148,-0.536583575,-0.118274233,0.211076289,2.718317542
7/2/2007,-0.522996346,-0.243628148,-0.536583575,-0.118274233,0.211076289,2.718317542
7/3/2007,-0.522996346,-0.243628148,-0.536583575,-0.118274233,0.211076289,2.718317542
7/4/2007,-0.522996346,-0.243628148,-0.536583575,-0.118274233,0.211076289,2.718317542
7/5/2007,-0.522996346,-0.243628148,-0.536583575,-0.118274233,0.211076289,2.718317542
7/6/2007,-0.498286384,-0.245321693,-0.517721699,-0.081494776,0.294622488,2.721802109
7/7/2007,-0.498286384,-0.245321693,-0.517721699,-0.081494776,0.294622488,2.721802109
7/8/2007,-0.498286384,-0.245321693,-0.517721699,-0.081494776,0.294622488,2.721802109
7/9/2007,-0.498286384,-0.245321693,-0.517721699,-0.081494776,0.294622488,2.721802109
7/10/2007,-0.498286384,-0.245321693,-0.517721699,-0.081494776,0.294622488,2.721802109
7/11/2007,-0.498286384,-0.245321693,-0.517721699,-0.081494776,0.294622488,2.721802109
7/12/2007,-0.498286384,-0.245321693,-0.517721699,-0.081494776,0.294622488,2.721802109
7/13/2007,-0.453730145,-0.242384984,-0.479399811,-0.0299597,0.380630441,2.724819748
7/14/2007,-0.453730145,-0.242384984,-0.479399811,-0.0299597,0.380630441,2.724819748
7/15/2007,-0.453730145,-0.242384984,-0.479399811,-0.0299597,0.380630441,2.724819748
7/16/2007,-0.453730145,-0.242384984,-0.479399811,-0.0299597,0.380630441,2.724819748
7/17/2007,-0.453730145,-0.242384984,-0.479399811,-0.0299597,0.380630441,2.724819748
7/18/2007,-0.453730145,-0.242384984,-0.479399811,-0.0299597,0.380630441,2.724819748
7/19/2007,-0.453730145,-0.242384984,-0.479399811,-0.0299597,0.380630441,2.724819748
7/20/2007,-0.385525961,-0.209172635,-0.417747525,0.035145822,0.466975983,2.727366367
7/21/2007,-0.385525961,-0.209172635,-0.417747525,0.035145822,0.466975983,2.727366367
7/22/2007,-0.385525961,-0.209172635,-0.417747525,0.035145822,0.466975983,2.727366367
7/23/2007,-0.385525961,-0.209172635,-0.417747525,0.035145822,0.466975983,2.727366367
7/24/2007,-0.385525961,-0.209172635,-0.417747525,0.035145822,0.466975983,2.727366367
7/25/2007,-0.385525961,-0.209172635,-0.417747525,0.035145822,0.466975983,2.727366367
7/26/2007,-0.385525961,-0.209172635,-0.417747525,0.035145822,0.466975983,2.727366367
7/27/2007,-0.291876205,-0.113551365,-0.330641338,0.110724409,0.551135301,2.729442954
7/28/2007,-0.291876205,-0.113551365,-0.330641338,0.110724409,0.551135301,2.729442954
7/29/2007,-0.291876205,-0.113551365,-0.330641338,0.110724409,0.551135301,2.729442954
7/30/2007,-0.291876205,-0.113551365,-0.330641338,0.110724409,0.551135301,2.729442954
7/31/2007,-0.291876205,-0.113551365,-0.330641338,0.110724409,0.551135301,2.729442954
8/1/2007,-0.291876205,-0.113551365,-0.330641338,0.110724409,0.551135301,2.729442954
8/2/2007,-0.291876205,-0.113551365,-0.330641338,0.110724409,0.551135301,2.729442954
8/3/2007,-0.18004053,0.051484083,-0.225091209,0.191324588,0.632082435,2.73105963
8/4/2007,-0.18004053,0.051484083,-0.225091209,0.191324588,0.632082435,2.73105963
8/5/2007,-0.18004053,0.051484083,-0.225091209,0.191324588,0.632082435,2.73105963
8/6/2007,-0.18004053,0.051484083,-0.225091209,0.191324588,0.632082435,2.73105963
8/7/2007,-0.18004053,0.051484083,-0.225091209,0.191324588,0.632082435,2.73105963
8/8/2007,-0.18004053,0.051484083,-0.225091209,0.191324588,0.632082435,2.73105963
8/9/2007,-0.18004053,0.051484083,-0.225091209,0.191324588,0.632082435,2.73105963
8/10/2007,-0.059859889,0.269019748,-0.11132799,0.27080041,0.709332851,2.732235601
8/11/2007,-0.059859889,0.269019748,-0.11132799,0.27080041,0.709332851,2.732235601
8/12/2007,-0.059859889,0.269019748,-0.11132799,0.27080041,0.709332851,2.732235601
8/13/2007,-0.059859889,0.269019748,-0.11132799,0.27080041,0.709332851,2.732235601
8/14/2007,-0.059859889,0.269019748,-0.11132799,0.27080041,0.709332851,2.732235601
8/15/2007,-0.059859889,0.269019748,-0.11132799,0.27080041,0.709332851,2.732235601
8/16/2007,-0.059859889,0.269019748,-0.11132799,0.27080041,0.709332851,2.732235601
8/17/2007,0.058382395,0.500448894,0.000288195,0.341596196,0.783983856,2.732998244
8/18/2007,0.058382395,0.500448894,0.000288195,0.341596196,0.783983856,2.732998244
8/19/2007,0.058382395,0.500448894,0.000288195,0.341596196,0.783983856,2.732998244
8/20/2007,0.058382395,0.500448894,0.000288195,0.341596196,0.783983856,2.732998244
8/21/2007,0.058382395,0.500448894,0.000288195,0.341596196,0.783983856,2.732998244
8/22/2007,0.058382395,0.500448894,0.000288195,0.341596196,0.783983856,2.732998244
8/23/2007,0.058382395,0.500448894,0.000288195,0.341596196,0.783983856,2.732998244
8/24/2007,0.153162648,0.683483347,0.089271593,0.396444823,0.857840389,2.733382094
8/25/2007,0.153162648,0.683483347,0.089271593,0.396444823,0.857840389,2.733382094
8/26/2007,0.153162648,0.683483347,0.089271593,0.396444823,0.857840389,2.733382094
8/27/2007,0.153162648,0.683483347,0.089271593,0.396444823,0.857840389,2.733382094
8/28/2007,0.153162648,0.683483347,0.089271593,0.396444823,0.857840389,2.733382094
8/29/2007,0.153162648,0.683483347,0.089271593,0.396444823,0.857840389,2.733382094
8/30/2007,0.153162648,0.683483347,0.089271593,0.396444823,0.857840389,2.733382094
8/31/2007,0.204924354,0.759877737,0.137101435,0.430642708,0.931858157,2.733427634
9/1/2007,0.204924354,0.759877737,0.137101435,0.430642708,0.931858157,2.733427634
9/2/2007,0.204924354,0.759877737,0.137101435,0.430642708,0.931858157,2.733427634
9/3/2007,0.204924354,0.759877737,0.137101435,0.430642708,0.931858157,2.733427634
9/4/2007,0.204924354,0.759877737,0.137101435,0.430642708,0.931858157,2.733427634
9/5/2007,0.204924354,0.759877737,0.137101435,0.430642708,0.931858157,2.733427634
9/6/2007,0.204924354,0.759877737,0.137101435,0.430642708,0.931858157,2.733427634
9/7/2007,0.220894506,0.744552064,0.150985406,0.442776333,1.00713674,2.733179409
9/8/2007,0.220894506,0.744552064,0.150985406,0.442776333,1.00713674,2.733179409
9/9/2007,0.220894506,0.744552064,0.150985406,0.442776333,1.00713674,2.733179409
9/10/2007,0.220894506,0.744552064,0.150985406,0.442776333,1.00713674,2.733179409
9/11/2007,0.220894506,0.744552064,0.150985406,0.442776333,1.00713674,2.733179409
9/12/2007,0.220894506,0.744552064,0.150985406,0.442776333,1.00713674,2.733179409
9/13/2007,0.220894506,0.744552064,0.150985406,0.442776333,1.00713674,2.733179409
9/14/2007,0.197140959,0.649903557,0.127297555,0.434714174,1.0844457,2.732684391
9/15/2007,0.197140959,0.649903557,0.127297555,0.434714174,1.0844457,2.732684391
9/16/2007,0.197140959,0.649903557,0.127297555,0.434714174,1.0844457,2.732684391
9/17/2007,0.197140959,0.649903557,0.127297555,0.434714174,1.0844457,2.732684391
9/18/2007,0.197140959,0.649903557,0.127297555,0.434714174,1.0844457,2.732684391
9/19/2007,0.197140959,0.649903557,0.127297555,0.434714174,1.0844457,2.732684391
9/20/2007,0.197140959,0.649903557,0.127297555,0.434714174,1.0844457,2.732684391
9/21/2007,0.140272737,0.510174085,0.073077172,0.410694326,1.165194893,2.731989614
9/22/2007,0.140272737,0.510174085,0.073077172,0.410694326,1.165194893,2.731989614
9/23/2007,0.140272737,0.510174085,0.073077172,0.410694326,1.165194893,2.731989614
9/24/2007,0.140272737,0.510174085,0.073077172,0.410694326,1.165194893,2.731989614
9/25/2007,0.140272737,0.510174085,0.073077172,0.410694326,1.165194893,2.731989614
9/26/2007,0.140272737,0.510174085,0.073077172,0.410694326,1.165194893,2.731989614
9/27/2007,0.140272737,0.510174085,0.073077172,0.410694326,1.165194893,2.731989614
9/28/2007,0.075052159,0.386859226,0.008417539,0.381110828,1.250097382,2.731138907
9/29/2007,0.075052159,0.386859226,0.008417539,0.381110828,1.250097382,2.731138907
9/30/2007,0.075052159,0.386859226,0.008417539,0.381110828,1.250097382,2.731138907
10/1/2007,0.075052159,0.386859226,0.008417539,0.381110828,1.250097382,2.731138907
10/2/2007,0.075052159,0.386859226,0.008417539,0.381110828,1.250097382,2.731138907
10/3/2007,0.075052159,0.386859226,0.008417539,0.381110828,1.250097382,2.731138907
10/4/2007,0.075052159,0.386859226,0.008417539,0.381110828,1.250097382,2.731138907
10/5/2007,0.014464016,0.294796437,-0.051917683,0.35280323,1.339088668,2.730172803
10/6/2007,0.014464016,0.294796437,-0.051917683,0.35280323,1.339088668,2.730172803
10/7/2007,0.014464016,0.294796437,-0.051917683,0.35280323,1.339088668,2.730172803
10/8/2007,0.014464016,0.294796437,-0.051917683,0.35280323,1.339088668,2.730172803
10/9/2007,0.014464016,0.294796437,-0.051917683,0.35280323,1.339088668,2.730172803
10/10/2007,0.014464016,0.294796437,-0.051917683,0.35280323,1.339088668,2.730172803
10/11/2007,0.014464016,0.294796437,-0.051917683,0.35280323,1.339088668,2.730172803
10/12/2007,-0.025807906,0.242090638,-0.091610859,0.332355157,1.433125926,2.729125518
10/13/2007,-0.025807906,0.242090638,-0.091610859,0.332355157,1.433125926,2.729125518
10/14/2007,-0.025807906,0.242090638,-0.091610859,0.332355157,1.433125926,2.729125518
10/15/2007,-0.025807906,0.242090638,-0.091610859,0.332355157,1.433125926,2.729125518
10/16/2007,-0.025807906,0.242090638,-0.091610859,0.332355157,1.433125926,2.729125518
10/17/2007,-0.025807906,0.242090638,-0.091610859,0.332355157,1.433125926,2.729125518
10/18/2007,-0.025807906,0.242090638,-0.091610859,0.332355157,1.433125926,2.729125518
10/19/2007,-0.032504768,0.231302889,-0.098055984,0.326446826,1.530700307,2.728021004
10/20/2007,-0.032504768,0.231302889,-0.098055984,0.326446826,1.530700307,2.728021004
10/21/2007,-0.032504768,0.231302889,-0.098055984,0.326446826,1.530700307,2.728021004
10/22/2007,-0.032504768,0.231302889,-0.098055984,0.326446826,1.530700307,2.728021004
10/23/2007,-0.032504768,0.231302889,-0.098055984,0.326446826,1.530700307,2.728021004
10/24/2007,-0.032504768,0.231302889,-0.098055984,0.326446826,1.530700307,2.728021004
10/25/2007,-0.032504768,0.231302889,-0.098055984,0.326446826,1.530700307,2.728021004
10/26/2007,-0.001719764,0.260117282,-0.064890147,0.33711063,1.628758035,2.726873519
10/27/2007,-0.001719764,0.260117282,-0.064890147,0.33711063,1.628758035,2.726873519
10/28/2007,-0.001719764,0.260117282,-0.064890147,0.33711063,1.628758035,2.726873519
10/29/2007,-0.001719764,0.260117282,-0.064890147,0.33711063,1.628758035,2.726873519
10/30/2007,-0.001719764,0.260117282,-0.064890147,0.33711063,1.628758035,2.726873519
10/31/2007,-0.001719764,0.260117282,-0.064890147,0.33711063,1.628758035,2.726873519
11/1/2007,-0.001719764,0.260117282,-0.064890147,0.33711063,1.628758035,2.726873519
11/2/2007,0.065173829,0.337285705,0.007010274,0.363339981,1.725588201,2.725685133
11/3/2007,0.065173829,0.337285705,0.007010274,0.363339981,1.725588201,2.725685133
11/4/2007,0.065173829,0.337285705,0.007010274,0.363339981,1.725588201,2.725685133
11/5/2007,0.065173829,0.337285705,0.007010274,0.363339981,1.725588201,2.725685133
11/6/2007,0.065173829,0.337285705,0.007010274,0.363339981,1.725588201,2.725685133
11/7/2007,0.065173829,0.337285705,0.007010274,0.363339981,1.725588201,2.725685133
11/8/2007,0.065173829,0.337285705,0.007010274,0.363339981,1.725588201,2.725685133
11/9/2007,0.163220496,0.474913512,0.111993393,0.403043445,1.817165621,2.724441874
11/10/2007,0.163220496,0.474913512,0.111993393,0.403043445,1.817165621,2.724441874
11/11/2007,0.163220496,0.474913512,0.111993393,0.403043445,1.817165621,2.724441874
11/12/2007,0.163220496,0.474913512,0.111993393,0.403043445,1.817165621,2.724441874
11/13/2007,0.163220496,0.474913512,0.111993393,0.403043445,1.817165621,2.724441874
11/14/2007,0.163220496,0.474913512,0.111993393,0.403043445,1.817165621,2.724441874
11/15/2007,0.163220496,0.474913512,0.111993393,0.403043445,1.817165621,2.724441874
11/16/2007,0.273955412,0.653294162,0.230157765,0.451259351,1.900667834,2.723113224
11/17/2007,0.273955412,0.653294162,0.230157765,0.451259351,1.900667834,2.723113224
11/18/2007,0.273955412,0.653294162,0.230157765,0.451259351,1.900667834,2.723113224
11/19/2007,0.273955412,0.653294162,0.230157765,0.451259351,1.900667834,2.723113224
11/20/2007,0.273955412,0.653294162,0.230157765,0.451259351,1.900667834,2.723113224
11/21/2007,0.273955412,0.653294162,0.230157765,0.451259351,1.900667834,2.723113224
11/22/2007,0.273955412,0.653294162,0.230157765,0.451259351,1.900667834,2.723113224
11/23/2007,0.386322513,0.85100197,0.347061703,0.50324769,1.973805823,2.721650479
11/24/2007,0.386322513,0.85100197,0.347061703,0.50324769,1.973805823,2.721650479
11/25/2007,0.386322513,0.85100197,0.347061703,0.50324769,1.973805823,2.721650479
11/26/2007,0.386322513,0.85100197,0.347061703,0.50324769,1.973805823,2.721650479
11/27/2007,0.386322513,0.85100197,0.347061703,0.50324769,1.973805823,2.721650479
11/28/2007,0.386322513,0.85100197,0.347061703,0.50324769,1.973805823,2.721650479
11/29/2007,0.386322513,0.85100197,0.347061703,0.50324769,1.973805823,2.721650479
11/30/2007,0.479525902,1.016065239,0.443031053,0.551747348,2.033275099,2.719985388
12/1/2007,0.479525902,1.016065239,0.443031053,0.551747348,2.033275099,2.719985388
12/2/2007,0.479525902,1.016065239,0.443031053,0.551747348,2.033275099,2.719985388
12/3/2007,0.479525902,1.016065239,0.443031053,0.551747348,2.033275099,2.719985388
12/4/2007,0.479525902,1.016065239,0.443031053,0.551747348,2.033275099,2.719985388
12/5/2007,0.479525902,1.016065239,0.443031053,0.551747348,2.033275099,2.719985388
12/6/2007,0.479525902,1.016065239,0.443031053,0.551747348,2.033275099,2.719985388
12/7/2007,0.542348623,1.104066253,0.503120164,0.593305796,2.079079256,2.718030667
12/8/2007,0.542348623,1.104066253,0.503120164,0.593305796,2.079079256,2.718030667
12/9/2007,0.542348623,1.104066253,0.503120164,0.593305796,2.079079256,2.718030667
12/10/2007,0.542348623,1.104066253,0.503120164,0.593305796,2.079079256,2.718030667
12/11/2007,0.542348623,1.104066253,0.503120164,0.593305796,2.079079256,2.718030667
12/12/2007,0.542348623,1.104066253,0.503120164,0.593305796,2.079079256,2.718030667
12/13/2007,0.542348623,1.104066253,0.503120164,0.593305796,2.079079256,2.718030667
12/14/2007,0.568908888,1.101881854,0.521662706,0.62491928,2.110399504,2.715679161
12/15/2007,0.568908888,1.101881854,0.521662706,0.62491928,2.110399504,2.715679161
12/16/2007,0.568908888,1.101881854,0.521662706,0.62491928,2.110399504,2.715679161
12/17/2007,0.568908888,1.101881854,0.521662706,0.62491928,2.110399504,2.715679161
12/18/2007,0.568908888,1.101881854,0.521662706,0.62491928,2.110399504,2.715679161
12/19/2007,0.568908888,1.101881854,0.521662706,0.62491928,2.110399504,2.715679161
12/20/2007,0.568908888,1.101881854,0.521662706,0.62491928,2.110399504,2.715679161
12/21/2007,0.558539669,1.025998399,0.497470757,0.647949501,2.126666977,2.712805362
12/22/2007,0.558539669,1.025998399,0.497470757,0.647949501,2.126666977,2.712805362
12/23/2007,0.558539669,1.025998399,0.497470757,0.647949501,2.126666977,2.712805362
12/24/2007,0.558539669,1.025998399,0.497470757,0.647949501,2.126666977,2.712805362
12/25/2007,0.558539669,1.025998399,0.497470757,0.647949501,2.126666977,2.712805362
12/26/2007,0.558539669,1.025998399,0.497470757,0.647949501,2.126666977,2.712805362
12/27/2007,0.558539669,1.025998399,0.497470757,0.647949501,2.126666977,2.712805362
12/28/2007,0.519139204,0.915756044,0.439929933,0.664186768,2.130264238,2.709271473
12/29/2007,0.519139204,0.915756044,0.439929933,0.664186768,2.130264238,2.709271473
12/30/2007,0.519139204,0.915756044,0.439929933,0.664186768,2.130264238,2.709271473
12/31/2007,0.519139204,0.915756044,0.439929933,0.664186768,2.130264238,2.709271473
1/1/2008,0.519139204,0.915756044,0.439929933,0.664186768,2.130264238,2.709271473
1/2/2008,0.519139204,0.915756044,0.439929933,0.664186768,2.130264238,2.709271473
1/3/2008,0.519139204,0.915756044,0.439929933,0.664186768,2.130264238,2.709271473
1/4/2008,0.471873004,0.829355919,0.371306146,0.677964063,2.123898672,2.704932807
1/5/2008,0.471873004,0.829355919,0.371306146,0.677964063,2.123898672,2.704932807
1/6/2008,0.471873004,0.829355919,0.371306146,0.677964063,2.123898672,2.704932807
1/7/2008,0.471873004,0.829355919,0.371306146,0.677964063,2.123898672,2.704932807
1/8/2008,0.471873004,0.829355919,0.371306146,0.677964063,2.123898672,2.704932807
1/9/2008,0.471873004,0.829355919,0.371306146,0.677964063,2.123898672,2.704932807
1/10/2008,0.471873004,0.829355919,0.371306146,0.677964063,2.123898672,2.704932807
1/11/2008,0.427648986,0.784373264,0.302731289,0.696421377,2.111186146,2.69962906
1/12/2008,0.427648986,0.784373264,0.302731289,0.696421377,2.111186146,2.69962906
1/13/2008,0.427648986,0.784373264,0.302731289,0.696421377,2.111186146,2.69962906
1/14/2008,0.427648986,0.784373264,0.302731289,0.696421377,2.111186146,2.69962906
1/15/2008,0.427648986,0.784373264,0.302731289,0.696421377,2.111186146,2.69962906
1/16/2008,0.427648986,0.784373264,0.302731289,0.696421377,2.111186146,2.69962906
1/17/2008,0.427648986,0.784373264,0.302731289,0.696421377,2.111186146,2.69962906
1/18/2008,0.40472373,0.78837375,0.254755683,0.722998022,2.097424447,2.693223929
1/19/2008,0.40472373,0.78837375,0.254755683,0.722998022,2.097424447,2.693223929
1/20/2008,0.40472373,0.78837375,0.254755683,0.722998022,2.097424447,2.693223929
1/21/2008,0.40472373,0.78837375,0.254755683,0.722998022,2.097424447,2.693223929
1/22/2008,0.40472373,0.78837375,0.254755683,0.722998022,2.097424447,2.693223929
1/23/2008,0.40472373,0.78837375,0.254755683,0.722998022,2.097424447,2.693223929
1/24/2008,0.40472373,0.78837375,0.254755683,0.722998022,2.097424447,2.693223929
1/25/2008,0.412999663,0.827770288,0.241424007,0.759371209,2.086008734,2.68558962
1/26/2008,0.412999663,0.827770288,0.241424007,0.759371209,2.086008734,2.68558962
1/27/2008,0.412999663,0.827770288,0.241424007,0.759371209,2.086008734,2.68558962
1/28/2008,0.412999663,0.827770288,0.241424007,0.759371209,2.086008734,2.68558962
1/29/2008,0.412999663,0.827770288,0.241424007,0.759371209,2.086008734,2.68558962
1/30/2008,0.412999663,0.827770288,0.241424007,0.759371209,2.086008734,2.68558962
1/31/2008,0.412999663,0.827770288,0.241424007,0.759371209,2.086008734,2.68558962
2/1/2008,0.443284945,0.867580026,0.254706184,0.806149645,2.081169666,2.676619483
2/2/2008,0.443284945,0.867580026,0.254706184,0.806149645,2.081169666,2.676619483
2/3/2008,0.443284945,0.867580026,0.254706184,0.806149645,2.081169666,2.676619483
2/4/2008,0.443284945,0.867580026,0.254706184,0.806149645,2.081169666,2.676619483
2/5/2008,0.443284945,0.867580026,0.254706184,0.806149645,2.081169666,2.676619483
2/6/2008,0.443284945,0.867580026,0.254706184,0.806149645,2.081169666,2.676619483
2/7/2008,0.443284945,0.867580026,0.254706184,0.806149645,2.081169666,2.676619483
2/8/2008,0.505149204,0.926749149,0.301576414,0.863985213,2.085389778,2.666237375
2/9/2008,0.505149204,0.926749149,0.301576414,0.863985213,2.085389778,2.666237375
2/10/2008,0.505149204,0.926749149,0.301576414,0.863985213,2.085389778,2.666237375
2/11/2008,0.505149204,0.926749149,0.301576414,0.863985213,2.085389778,2.666237375
2/12/2008,0.505149204,0.926749149,0.301576414,0.863985213,2.085389778,2.666237375
2/13/2008,0.505149204,0.926749149,0.301576414,0.863985213,2.085389778,2.666237375
2/14/2008,0.505149204,0.926749149,0.301576414,0.863985213,2.085389778,2.666237375
2/15/2008,0.590109049,1.018583157,0.376595435,0.927626134,2.097472182,2.654400135
2/16/2008,0.590109049,1.018583157,0.376595435,0.927626134,2.097472182,2.654400135
2/17/2008,0.590109049,1.018583157,0.376595435,0.927626134,2.097472182,2.654400135
2/18/2008,0.590109049,1.018583157,0.376595435,0.927626134,2.097472182,2.654400135
2/19/2008,0.590109049,1.018583157,0.376595435,0.927626134,2.097472182,2.654400135
2/20/2008,0.590109049,1.018583157,0.376595435,0.927626134,2.097472182,2.654400135
2/21/2008,0.590109049,1.018583157,0.376595435,0.927626134,2.097472182,2.654400135
2/22/2008,0.689213901,1.157377654,0.47183236,0.990808074,2.115694845,2.641100103
2/23/2008,0.689213901,1.157377654,0.47183236,0.990808074,2.115694845,2.641100103
2/24/2008,0.689213901,1.157377654,0.47183236,0.990808074,2.115694845,2.641100103
2/25/2008,0.689213901,1.157377654,0.47183236,0.990808074,2.115694845,2.641100103
2/26/2008,0.689213901,1.157377654,0.47183236,0.990808074,2.115694845,2.641100103
2/27/2008,0.689213901,1.157377654,0.47183236,0.990808074,2.115694845,2.641100103
2/28/2008,0.689213901,1.157377654,0.47183236,0.990808074,2.115694845,2.641100103
2/29/2008,0.789129377,1.332082831,0.575041561,1.045324688,2.138379175,2.626369248
3/1/2008,0.789129377,1.332082831,0.575041561,1.045324688,2.138379175,2.626369248
3/2/2008,0.789129377,1.332082831,0.575041561,1.045324688,2.138379175,2.626369248
3/3/2008,0.789129377,1.332082831,0.575041561,1.045324688,2.138379175,2.626369248
3/4/2008,0.789129377,1.332082831,0.575041561,1.045324688,2.138379175,2.626369248
3/5/2008,0.789129377,1.332082831,0.575041561,1.045324688,2.138379175,2.626369248
3/6/2008,0.789129377,1.332082831,0.575041561,1.045324688,2.138379175,2.626369248
3/7/2008,0.880367476,1.517065174,0.673256291,1.087088686,2.162594155,2.61027819
3/8/2008,0.880367476,1.517065174,0.673256291,1.087088686,2.162594155,2.61027819
3/9/2008,0.880367476,1.517065174,0.673256291,1.087088686,2.162594155,2.61027819
3/10/2008,0.880367476,1.517065174,0.673256291,1.087088686,2.162594155,2.61027819
3/11/2008,0.880367476,1.517065174,0.673256291,1.087088686,2.162594155,2.61027819
3/12/2008,0.880367476,1.517065174,0.673256291,1.087088686,2.162594155,2.61027819
3/13/2008,0.880367476,1.517065174,0.673256291,1.087088686,2.162594155,2.61027819
3/14/2008,0.940967161,1.648018613,0.748071564,1.107101345,2.186498412,2.592937657
3/15/2008,0.940967161,1.648018613,0.748071564,1.107101345,2.186498412,2.592937657
3/16/2008,0.940967161,1.648018613,0.748071564,1.107101345,2.186498412,2.592937657
3/17/2008,0.940967161,1.648018613,0.748071564,1.107101345,2.186498412,2.592937657
3/18/2008,0.940967161,1.648018613,0.748071564,1.107101345,2.186498412,2.592937657
3/19/2008,0.940967161,1.648018613,0.748071564,1.107101345,2.186498412,2.592937657
3/20/2008,0.940967161,1.648018613,0.748071564,1.107101345,2.186498412,2.592937657
3/21/2008,0.964690798,1.689809819,0.793038947,1.101424621,2.209258679,2.574498557
3/22/2008,0.964690798,1.689809819,0.793038947,1.101424621,2.209258679,2.574498557
3/23/2008,0.964690798,1.689809819,0.793038947,1.101424621,2.209258679,2.574498557
3/24/2008,0.964690798,1.689809819,0.793038947,1.101424621,2.209258679,2.574498557
3/25/2008,0.964690798,1.689809819,0.793038947,1.101424621,2.209258679,2.574498557
3/26/2008,0.964690798,1.689809819,0.793038947,1.101424621,2.209258679,2.574498557
3/27/2008,0.964690798,1.689809819,0.793038947,1.101424621,2.209258679,2.574498557
3/28/2008,0.943166508,1.624498206,0.794197181,1.07161239,2.234003722,2.55514213
3/29/2008,0.943166508,1.624498206,0.794197181,1.07161239,2.234003722,2.55514213
3/30/2008,0.943166508,1.624498206,0.794197181,1.07161239,2.234003722,2.55514213
3/31/2008,0.943166508,1.624498206,0.794197181,1.07161239,2.234003722,2.55514213
4/1/2008,0.943166508,1.624498206,0.794197181,1.07161239,2.234003722,2.55514213
4/2/2008,0.943166508,1.624498206,0.794197181,1.07161239,2.234003722,2.55514213
4/3/2008,0.943166508,1.624498206,0.794197181,1.07161239,2.234003722,2.55514213
4/4/2008,0.889262084,1.494205841,0.762339706,1.022168399,2.260087285,2.535066511
4/5/2008,0.889262084,1.494205841,0.762339706,1.022168399,2.260087285,2.535066511
4/6/2008,0.889262084,1.494205841,0.762339706,1.022168399,2.260087285,2.535066511
4/7/2008,0.889262084,1.494205841,0.762339706,1.022168399,2.260087285,2.535066511
4/8/2008,0.889262084,1.494205841,0.762339706,1.022168399,2.260087285,2.535066511
4/9/2008,0.889262084,1.494205841,0.762339706,1.022168399,2.260087285,2.535066511
4/10/2008,0.889262084,1.494205841,0.762339706,1.022168399,2.260087285,2.535066511
4/11/2008,0.814833959,1.34556836,0.704170827,0.960344671,2.291963074,2.514512087
4/12/2008,0.814833959,1.34556836,0.704170827,0.960344671,2.291963074,2.514512087
4/13/2008,0.814833959,1.34556836,0.704170827,0.960344671,2.291963074,2.514512087
4/14/2008,0.814833959,1.34556836,0.704170827,0.960344671,2.291963074,2.514512087
4/15/2008,0.814833959,1.34556836,0.704170827,0.960344671,2.291963074,2.514512087
4/16/2008,0.814833959,1.34556836,0.704170827,0.960344671,2.291963074,2.514512087
4/17/2008,0.814833959,1.34556836,0.704170827,0.960344671,2.291963074,2.514512087
4/18/2008,0.732089012,1.221224285,0.633113166,0.892403124,2.330686209,2.493693955
4/19/2008,0.732089012,1.221224285,0.633113166,0.892403124,2.330686209,2.493693955
4/20/2008,0.732089012,1.221224285,0.633113166,0.892403124,2.330686209,2.493693955
4/21/2008,0.732089012,1.221224285,0.633113166,0.892403124,2.330686209,2.493693955
4/22/2008,0.732089012,1.221224285,0.633113166,0.892403124,2.330686209,2.493693955
4/23/2008,0.732089012,1.221224285,0.633113166,0.892403124,2.330686209,2.493693955
4/24/2008,0.732089012,1.221224285,0.633113166,0.892403124,2.330686209,2.493693955
4/25/2008,0.646252422,1.12713449,0.552234011,0.827592122,2.378333463,2.472825359
4/26/2008,0.646252422,1.12713449,0.552234011,0.827592122,2.378333463,2.472825359
4/27/2008,0.646252422,1.12713449,0.552234011,0.827592122,2.378333463,2.472825359
4/28/2008,0.646252422,1.12713449,0.552234011,0.827592122,2.378333463,2.472825359
4/29/2008,0.646252422,1.12713449,0.552234011,0.827592122,2.378333463,2.472825359
4/30/2008,0.646252422,1.12713449,0.552234011,0.827592122,2.378333463,2.472825359
5/1/2008,0.646252422,1.12713449,0.552234011,0.827592122,2.378333463,2.472825359
5/2/2008,0.571099451,1.055533667,0.476264331,0.772657666,2.435612376,2.452104205
5/3/2008,0.571099451,1.055533667,0.476264331,0.772657666,2.435612376,2.452104205
5/4/2008,0.571099451,1.055533667,0.476264331,0.772657666,2.435612376,2.452104205
5/5/2008,0.571099451,1.055533667,0.476264331,0.772657666,2.435612376,2.452104205
5/6/2008,0.571099451,1.055533667,0.476264331,0.772657666,2.435612376,2.452104205
5/7/2008,0.571099451,1.055533667,0.476264331,0.772657666,2.435612376,2.452104205
5/8/2008,0.571099451,1.055533667,0.476264331,0.772657666,2.435612376,2.452104205
5/9/2008,0.516643709,0.991699216,0.414464071,0.734196264,2.502468479,2.431702681
5/10/2008,0.516643709,0.991699216,0.414464071,0.734196264,2.502468479,2.431702681
5/11/2008,0.516643709,0.991699216,0.414464071,0.734196264,2.502468479,2.431702681
5/12/2008,0.516643709,0.991699216,0.414464071,0.734196264,2.502468479,2.431702681
5/13/2008,0.516643709,0.991699216,0.414464071,0.734196264,2.502468479,2.431702681
5/14/2008,0.516643709,0.991699216,0.414464071,0.734196264,2.502468479,2.431702681
5/15/2008,0.516643709,0.991699216,0.414464071,0.734196264,2.502468479,2.431702681
5/16/2008,0.484315995,0.919929708,0.374618227,0.71234761,2.575285394,2.411764098
5/17/2008,0.484315995,0.919929708,0.374618227,0.71234761,2.575285394,2.411764098
5/18/2008,0.484315995,0.919929708,0.374618227,0.71234761,2.575285394,2.411764098
5/19/2008,0.484315995,0.919929708,0.374618227,0.71234761,2.575285394,2.411764098
5/20/2008,0.484315995,0.919929708,0.374618227,0.71234761,2.575285394,2.411764098
5/21/2008,0.484315995,0.919929708,0.374618227,0.71234761,2.575285394,2.411764098
5/22/2008,0.484315995,0.919929708,0.374618227,0.71234761,2.575285394,2.411764098
5/23/2008,0.479640135,0.862600002,0.36087414,0.709406772,2.651308232,2.392402947
5/24/2008,0.479640135,0.862600002,0.36087414,0.709406772,2.651308232,2.392402947
5/25/2008,0.479640135,0.862600002,0.36087414,0.709406772,2.651308232,2.392402947
5/26/2008,0.479640135,0.862600002,0.36087414,0.709406772,2.651308232,2.392402947
5/27/2008,0.479640135,0.862600002,0.36087414,0.709406772,2.651308232,2.392402947
5/28/2008,0.479640135,0.862600002,0.36087414,0.709406772,2.651308232,2.392402947
5/29/2008,0.479640135,0.862600002,0.36087414,0.709406772,2.651308232,2.392402947
5/30/2008,0.501113605,0.852299548,0.37388924,0.72286369,2.725479337,2.373701573
5/31/2008,0.501113605,0.852299548,0.37388924,0.72286369,2.725479337,2.373701573
6/1/2008,0.501113605,0.852299548,0.37388924,0.72286369,2.725479337,2.373701573
6/2/2008,0.501113605,0.852299548,0.37388924,0.72286369,2.725479337,2.373701573
6/3/2008,0.501113605,0.852299548,0.37388924,0.72286369,2.725479337,2.373701573
6/4/2008,0.501113605,0.852299548,0.37388924,0.72286369,2.725479337,2.373701573
6/5/2008,0.501113605,0.852299548,0.37388924,0.72286369,2.725479337,2.373701573
6/6/2008,0.547097585,0.915394324,0.410503843,0.750110034,2.793130415,2.35571174
6/7/2008,0.547097585,0.915394324,0.410503843,0.750110034,2.793130415,2.35571174
6/8/2008,0.547097585,0.915394324,0.410503843,0.750110034,2.793130415,2.35571174
6/9/2008,0.547097585,0.915394324,0.410503843,0.750110034,2.793130415,2.35571174
6/10/2008,0.547097585,0.915394324,0.410503843,0.750110034,2.793130415,2.35571174
6/11/2008,0.547097585,0.915394324,0.410503843,0.750110034,2.793130415,2.35571174
6/12/2008,0.547097585,0.915394324,0.410503843,0.750110034,2.793130415,2.35571174
6/13/2008,0.60126847,1.026085382,0.456932328,0.783924135,2.849096106,2.338455313
6/14/2008,0.60126847,1.026085382,0.456932328,0.783924135,2.849096106,2.338455313
6/15/2008,0.60126847,1.026085382,0.456932328,0.783924135,2.849096106,2.338455313
6/16/2008,0.60126847,1.026085382,0.456932328,0.783924135,2.849096106,2.338455313
6/17/2008,0.60126847,1.026085382,0.456932328,0.783924135,2.849096106,2.338455313
6/18/2008,0.60126847,1.026085382,0.456932328,0.783924135,2.849096106,2.338455313
6/19/2008,0.60126847,1.026085382,0.456932328,0.783924135,2.849096106,2.338455313
6/20/2008,0.657946628,1.160921587,0.504636846,0.820124722,2.889939028,2.321923798
6/21/2008,0.657946628,1.160921587,0.504636846,0.820124722,2.889939028,2.321923798
6/22/2008,0.657946628,1.160921587,0.504636846,0.820124722,2.889939028,2.321923798
6/23/2008,0.657946628,1.160921587,0.504636846,0.820124722,2.889939028,2.321923798
6/24/2008,0.657946628,1.160921587,0.504636846,0.820124722,2.889939028,2.321923798
6/25/2008,0.657946628,1.160921587,0.504636846,0.820124722,2.889939028,2.321923798
6/26/2008,0.657946628,1.160921587,0.504636846,0.820124722,2.889939028,2.321923798
6/27/2008,0.710512685,1.272830822,0.544904818,0.855015158,2.912181163,2.306080971
6/28/2008,0.710512685,1.272830822,0.544904818,0.855015158,2.912181163,2.306080971
6/29/2008,0.710512685,1.272830822,0.544904818,0.855015158,2.912181163,2.306080971
6/30/2008,0.710512685,1.272830822,0.544904818,0.855015158,2.912181163,2.306080971
7/1/2008,0.710512685,1.272830822,0.544904818,0.855015158,2.912181163,2.306080971
7/2/2008,0.710512685,1.272830822,0.544904818,0.855015158,2.912181163,2.306080971
7/3/2008,0.710512685,1.272830822,0.544904818,0.855015158,2.912181163,2.306080971
7/4/2008,0.743230896,1.311672489,0.567547756,0.880597937,2.914068526,2.290879878
7/5/2008,0.743230896,1.311672489,0.567547756,0.880597937,2.914068526,2.290879878
7/6/2008,0.743230896,1.311672489,0.567547756,0.880597937,2.914068526,2.290879878
7/7/2008,0.743230896,1.311672489,0.567547756,0.880597937,2.914068526,2.290879878
7/8/2008,0.743230896,1.311672489,0.567547756,0.880597937,2.914068526,2.290879878
7/9/2008,0.743230896,1.311672489,0.567547756,0.880597937,2.914068526,2.290879878
7/10/2008,0.743230896,1.311672489,0.567547756,0.880597937,2.914068526,2.290879878
7/11/2008,0.752519678,1.281712976,0.568493019,0.895791184,2.896131661,2.276239311
7/12/2008,0.752519678,1.281712976,0.568493019,0.895791184,2.896131661,2.276239311
7/13/2008,0.752519678,1.281712976,0.568493019,0.895791184,2.896131661,2.276239311
7/14/2008,0.752519678,1.281712976,0.568493019,0.895791184,2.896131661,2.276239311
7/15/2008,0.752519678,1.281712976,0.568493019,0.895791184,2.896131661,2.276239311
7/16/2008,0.752519678,1.281712976,0.568493019,0.895791184,2.896131661,2.276239311
7/17/2008,0.752519678,1.281712976,0.568493019,0.895791184,2.896131661,2.276239311
7/18/2008,0.742963603,1.222751381,0.553818287,0.901879512,2.85881692,2.262075469
7/19/2008,0.742963603,1.222751381,0.553818287,0.901879512,2.85881692,2.262075469
7/20/2008,0.742963603,1.222751381,0.553818287,0.901879512,2.85881692,2.262075469
7/21/2008,0.742963603,1.222751381,0.553818287,0.901879512,2.85881692,2.262075469
7/22/2008,0.742963603,1.222751381,0.553818287,0.901879512,2.85881692,2.262075469
7/23/2008,0.742963603,1.222751381,0.553818287,0.901879512,2.85881692,2.262075469
7/24/2008,0.742963603,1.222751381,0.553818287,0.901879512,2.85881692,2.262075469
7/25/2008,0.714723226,1.158180895,0.52318893,0.902523686,2.807954342,2.248296564
7/26/2008,0.714723226,1.158180895,0.52318893,0.902523686,2.807954342,2.248296564
7/27/2008,0.714723226,1.158180895,0.52318893,0.902523686,2.807954342,2.248296564
7/28/2008,0.714723226,1.158180895,0.52318893,0.902523686,2.807954342,2.248296564
7/29/2008,0.714723226,1.158180895,0.52318893,0.902523686,2.807954342,2.248296564
7/30/2008,0.714723226,1.158180895,0.52318893,0.902523686,2.807954342,2.248296564
7/31/2008,0.714723226,1.158180895,0.52318893,0.902523686,2.807954342,2.248296564
8/1/2008,0.683880029,1.124525561,0.494684289,0.903569777,2.747336334,2.234802541
8/2/2008,0.683880029,1.124525561,0.494684289,0.903569777,2.747336334,2.234802541
8/3/2008,0.683880029,1.124525561,0.494684289,0.903569777,2.747336334,2.234802541
8/4/2008,0.683880029,1.124525561,0.494684289,0.903569777,2.747336334,2.234802541
8/5/2008,0.683880029,1.124525561,0.494684289,0.903569777,2.747336334,2.234802541
8/6/2008,0.683880029,1.124525561,0.494684289,0.903569777,2.747336334,2.234802541
8/7/2008,0.683880029,1.124525561,0.494684289,0.903569777,2.747336334,2.234802541
8/8/2008,0.667949183,1.120562058,0.486804585,0.912115117,2.682682275,2.221481744
8/9/2008,0.667949183,1.120562058,0.486804585,0.912115117,2.682682275,2.221481744
8/10/2008,0.667949183,1.120562058,0.486804585,0.912115117,2.682682275,2.221481744
8/11/2008,0.667949183,1.120562058,0.486804585,0.912115117,2.682682275,2.221481744
8/12/2008,0.667949183,1.120562058,0.486804585,0.912115117,2.682682275,2.221481744
8/13/2008,0.667949183,1.120562058,0.486804585,0.912115117,2.682682275,2.221481744
8/14/2008,0.667949183,1.120562058,0.486804585,0.912115117,2.682682275,2.221481744
8/15/2008,0.675053871,1.119958338,0.509997997,0.935049863,2.618799424,2.208210557
8/16/2008,0.675053871,1.119958338,0.509997997,0.935049863,2.618799424,2.208210557
8/17/2008,0.675053871,1.119958338,0.509997997,0.935049863,2.618799424,2.208210557
8/18/2008,0.675053871,1.119958338,0.509997997,0.935049863,2.618799424,2.208210557
8/19/2008,0.675053871,1.119958338,0.509997997,0.935049863,2.618799424,2.208210557
8/20/2008,0.675053871,1.119958338,0.509997997,0.935049863,2.618799424,2.208210557
8/21/2008,0.675053871,1.119958338,0.509997997,0.935049863,2.618799424,2.208210557
8/22/2008,0.730180747,1.138595236,0.586807384,0.980810737,2.561060336,2.194849705
8/23/2008,0.730180747,1.138595236,0.586807384,0.980810737,2.561060336,2.194849705
8/24/2008,0.730180747,1.138595236,0.586807384,0.980810737,2.561060336,2.194849705
8/25/2008,0.730180747,1.138595236,0.586807384,0.980810737,2.561060336,2.194849705
8/26/2008,0.730180747,1.138595236,0.586807384,0.980810737,2.561060336,2.194849705
8/27/2008,0.730180747,1.138595236,0.586807384,0.980810737,2.561060336,2.194849705
8/28/2008,0.730180747,1.138595236,0.586807384,0.980810737,2.561060336,2.194849705
8/29/2008,0.837246114,1.188278438,0.723099057,1.052484722,2.513124292,2.181240163
8/30/2008,0.837246114,1.188278438,0.723099057,1.052484722,2.513124292,2.181240163
8/31/2008,0.837246114,1.188278438,0.723099057,1.052484722,2.513124292,2.181240163
9/1/2008,0.837246114,1.188278438,0.723099057,1.052484722,2.513124292,2.181240163
9/2/2008,0.837246114,1.188278438,0.723099057,1.052484722,2.513124292,2.181240163
9/3/2008,0.837246114,1.188278438,0.723099057,1.052484722,2.513124292,2.181240163
9/4/2008,0.837246114,1.188278438,0.723099057,1.052484722,2.513124292,2.181240163
9/5/2008,1.003755732,1.316481118,0.924020789,1.151677583,2.480099921,2.167202901
9/6/2008,1.003755732,1.316481118,0.924020789,1.151677583,2.480099921,2.167202901
9/7/2008,1.003755732,1.316481118,0.924020789,1.151677583,2.480099921,2.167202901
9/8/2008,1.003755732,1.316481118,0.924020789,1.151677583,2.480099921,2.167202901
9/9/2008,1.003755732,1.316481118,0.924020789,1.151677583,2.480099921,2.167202901
9/10/2008,1.003755732,1.316481118,0.924020789,1.151677583,2.480099921,2.167202901
9/11/2008,1.003755732,1.316481118,0.924020789,1.151677583,2.480099921,2.167202901
9/12/2008,1.223771592,1.573015798,1.178690412,1.278286739,2.466298738,2.152534964
9/13/2008,1.223771592,1.573015798,1.178690412,1.278286739,2.466298738,2.152534964
9/14/2008,1.223771592,1.573015798,1.178690412,1.278286739,2.466298738,2.152534964
9/15/2008,1.223771592,1.573015798,1.178690412,1.278286739,2.466298738,2.152534964
9/16/2008,1.223771592,1.573015798,1.178690412,1.278286739,2.466298738,2.152534964
9/17/2008,1.223771592,1.573015798,1.178690412,1.278286739,2.466298738,2.152534964
9/18/2008,1.223771592,1.573015798,1.178690412,1.278286739,2.466298738,2.152534964
9/19/2008,1.50732095,1.994788082,1.486706146,1.433932219,2.473251624,2.137009422
9/20/2008,1.50732095,1.994788082,1.486706146,1.433932219,2.473251624,2.137009422
9/21/2008,1.50732095,1.994788082,1.486706146,1.433932219,2.473251624,2.137009422
9/22/2008,1.50732095,1.994788082,1.486706146,1.433932219,2.473251624,2.137009422
9/23/2008,1.50732095,1.994788082,1.486706146,1.433932219,2.473251624,2.137009422
9/24/2008,1.50732095,1.994788082,1.486706146,1.433932219,2.473251624,2.137009422
9/25/2008,1.50732095,1.994788082,1.486706146,1.433932219,2.473251624,2.137009422
9/26/2008,1.788139573,2.450052008,1.79167666,1.601713032,2.503068954,2.120381124
9/27/2008,1.788139573,2.450052008,1.79167666,1.601713032,2.503068954,2.120381124
9/28/2008,1.788139573,2.450052008,1.79167666,1.601713032,2.503068954,2.120381124
9/29/2008,1.788139573,2.450052008,1.79167666,1.601713032,2.503068954,2.120381124
9/30/2008,1.788139573,2.450052008,1.79167666,1.601713032,2.503068954,2.120381124
10/1/2008,1.788139573,2.450052008,1.79167666,1.601713032,2.503068954,2.120381124
10/2/2008,1.788139573,2.450052008,1.79167666,1.601713032,2.503068954,2.120381124
10/3/2008,2.068504365,2.886431017,2.089109318,1.777634416,2.553853326,2.102408769
10/4/2008,2.068504365,2.886431017,2.089109318,1.777634416,2.553853326,2.102408769
10/5/2008,2.068504365,2.886431017,2.089109318,1.777634416,2.553853326,2.102408769
10/6/2008,2.068504365,2.886431017,2.089109318,1.777634416,2.553853326,2.102408769
10/7/2008,2.068504365,2.886431017,2.089109318,1.777634416,2.553853326,2.102408769
10/8/2008,2.068504365,2.886431017,2.089109318,1.777634416,2.553853326,2.102408769
10/9/2008,2.068504365,2.886431017,2.089109318,1.777634416,2.553853326,2.102408769
10/10/2008,2.31995647,3.202168937,2.344838827,1.957148761,2.622576743,2.082811461
10/11/2008,2.31995647,3.202168937,2.344838827,1.957148761,2.622576743,2.082811461
10/12/2008,2.31995647,3.202168937,2.344838827,1.957148761,2.622576743,2.082811461
10/13/2008,2.31995647,3.202168937,2.344838827,1.957148761,2.622576743,2.082811461
10/14/2008,2.31995647,3.202168937,2.344838827,1.957148761,2.622576743,2.082811461
10/15/2008,2.31995647,3.202168937,2.344838827,1.957148761,2.622576743,2.082811461
10/16/2008,2.31995647,3.202168937,2.344838827,1.957148761,2.622576743,2.082811461
10/17/2008,2.515016819,3.332430897,2.540822324,2.125625454,2.704933832,2.061368015
10/18/2008,2.515016819,3.332430897,2.540822324,2.125625454,2.704933832,2.061368015
10/19/2008,2.515016819,3.332430897,2.540822324,2.125625454,2.704933832,2.061368015
10/20/2008,2.515016819,3.332430897,2.540822324,2.125625454,2.704933832,2.061368015
10/21/2008,2.515016819,3.332430897,2.540822324,2.125625454,2.704933832,2.061368015
10/22/2008,2.515016819,3.332430897,2.540822324,2.125625454,2.704933832,2.061368015
10/23/2008,2.515016819,3.332430897,2.540822324,2.125625454,2.704933832,2.061368015
10/24/2008,2.656176624,3.323846975,2.672332956,2.282139838,2.797522202,2.037874307
10/25/2008,2.656176624,3.323846975,2.672332956,2.282139838,2.797522202,2.037874307
10/26/2008,2.656176624,3.323846975,2.672332956,2.282139838,2.797522202,2.037874307
10/27/2008,2.656176624,3.323846975,2.672332956,2.282139838,2.797522202,2.037874307
10/28/2008,2.656176624,3.323846975,2.672332956,2.282139838,2.797522202,2.037874307
10/29/2008,2.656176624,3.323846975,2.672332956,2.282139838,2.797522202,2.037874307
10/30/2008,2.656176624,3.323846975,2.672332956,2.282139838,2.797522202,2.037874307
10/31/2008,2.776810467,3.310074965,2.771984222,2.423575519,2.894179403,2.012164067
11/1/2008,2.776810467,3.310074965,2.771984222,2.423575519,2.894179403,2.012164067
11/2/2008,2.776810467,3.310074965,2.771984222,2.423575519,2.894179403,2.012164067
11/3/2008,2.776810467,3.310074965,2.771984222,2.423575519,2.894179403,2.012164067
11/4/2008,2.776810467,3.310074965,2.771984222,2.423575519,2.894179403,2.012164067
11/5/2008,2.776810467,3.310074965,2.771984222,2.423575519,2.894179403,2.012164067
11/6/2008,2.776810467,3.310074965,2.771984222,2.423575519,2.894179403,2.012164067
11/7/2008,2.86908253,3.347341743,2.831323997,2.54710335,2.991396175,1.984116947
11/8/2008,2.86908253,3.347341743,2.831323997,2.54710335,2.991396175,1.984116947
11/9/2008,2.86908253,3.347341743,2.831323997,2.54710335,2.991396175,1.984116947
11/10/2008,2.86908253,3.347341743,2.831323997,2.54710335,2.991396175,1.984116947
11/11/2008,2.86908253,3.347341743,2.831323997,2.54710335,2.991396175,1.984116947
11/12/2008,2.86908253,3.347341743,2.831323997,2.54710335,2.991396175,1.984116947
11/13/2008,2.86908253,3.347341743,2.831323997,2.54710335,2.991396175,1.984116947
11/14/2008,2.949711155,3.49328814,2.865040562,2.652836282,3.084774901,1.953664947
11/15/2008,2.949711155,3.49328814,2.865040562,2.652836282,3.084774901,1.953664947
11/16/2008,2.949711155,3.49328814,2.865040562,2.652836282,3.084774901,1.953664947
11/17/2008,2.949711155,3.49328814,2.865040562,2.652836282,3.084774901,1.953664947
11/18/2008,2.949711155,3.49328814,2.865040562,2.652836282,3.084774901,1.953664947
11/19/2008,2.949711155,3.49328814,2.865040562,2.652836282,3.084774901,1.953664947
11/20/2008,2.949711155,3.49328814,2.865040562,2.652836282,3.084774901,1.953664947
11/21/2008,3.027235418,3.72065117,2.88653289,2.734848357,3.172641107,1.920790317
11/22/2008,3.027235418,3.72065117,2.88653289,2.734848357,3.172641107,1.920790317
11/23/2008,3.027235418,3.72065117,2.88653289,2.734848357,3.172641107,1.920790317
11/24/2008,3.027235418,3.72065117,2.88653289,2.734848357,3.172641107,1.920790317
11/25/2008,3.027235418,3.72065117,2.88653289,2.734848357,3.172641107,1.920790317
11/26/2008,3.027235418,3.72065117,2.88653289,2.734848357,3.172641107,1.920790317
11/27/2008,3.027235418,3.72065117,2.88653289,2.734848357,3.172641107,1.920790317
11/28/2008,3.054493262,3.87264189,2.869840691,2.777769049,3.251187358,1.885528221
11/29/2008,3.054493262,3.87264189,2.869840691,2.777769049,3.251187358,1.885528221
11/30/2008,3.054493262,3.87264189,2.869840691,2.777769049,3.251187358,1.885528221
12/1/2008,3.054493262,3.87264189,2.869840691,2.777769049,3.251187358,1.885528221
12/2/2008,3.054493262,3.87264189,2.869840691,2.777769049,3.251187358,1.885528221
12/3/2008,3.054493262,3.87264189,2.869840691,2.777769049,3.251187358,1.885528221
12/4/2008,3.054493262,3.87264189,2.869840691,2.777769049,3.251187358,1.885528221
12/5/2008,3.048408326,3.917855116,2.830844067,2.780118706,3.325037977,1.847965462
12/6/2008,3.048408326,3.917855116,2.830844067,2.780118706,3.325037977,1.847965462
12/7/2008,3.048408326,3.917855116,2.830844067,2.780118706,3.325037977,1.847965462
12/8/2008,3.048408326,3.917855116,2.830844067,2.780118706,3.325037977,1.847965462
12/9/2008,3.048408326,3.917855116,2.830844067,2.780118706,3.325037977,1.847965462
12/10/2008,3.048408326,3.917855116,2.830844067,2.780118706,3.325037977,1.847965462
12/11/2008,3.048408326,3.917855116,2.830844067,2.780118706,3.325037977,1.847965462
12/12/2008,2.984113193,3.800115712,2.752398427,2.737865214,3.396310078,1.808235322
12/13/2008,2.984113193,3.800115712,2.752398427,2.737865214,3.396310078,1.808235322
12/14/2008,2.984113193,3.800115712,2.752398427,2.737865214,3.396310078,1.808235322
12/15/2008,2.984113193,3.800115712,2.752398427,2.737865214,3.396310078,1.808235322
12/16/2008,2.984113193,3.800115712,2.752398427,2.737865214,3.396310078,1.808235322
12/17/2008,2.984113193,3.800115712,2.752398427,2.737865214,3.396310078,1.808235322
12/18/2008,2.984113193,3.800115712,2.752398427,2.737865214,3.396310078,1.808235322
12/19/2008,2.85959333,3.550475935,2.635874091,2.652664798,3.467377085,1.766516301
12/20/2008,2.85959333,3.550475935,2.635874091,2.652664798,3.467377085,1.766516301
12/21/2008,2.85959333,3.550475935,2.635874091,2.652664798,3.467377085,1.766516301
12/22/2008,2.85959333,3.550475935,2.635874091,2.652664798,3.467377085,1.766516301
12/23/2008,2.85959333,3.550475935,2.635874091,2.652664798,3.467377085,1.766516301
12/24/2008,2.85959333,3.550475935,2.635874091,2.652664798,3.467377085,1.766516301
12/25/2008,2.85959333,3.550475935,2.635874091,2.652664798,3.467377085,1.766516301
12/26/2008,2.699896501,3.269223475,2.500679339,2.535182314,3.541210662,1.723025453
12/27/2008,2.699896501,3.269223475,2.500679339,2.535182314,3.541210662,1.723025453
12/28/2008,2.699896501,3.269223475,2.500679339,2.535182314,3.541210662,1.723025453
12/29/2008,2.699896501,3.269223475,2.500679339,2.535182314,3.541210662,1.723025453
12/30/2008,2.699896501,3.269223475,2.500679339,2.535182314,3.541210662,1.723025453
12/31/2008,2.699896501,3.269223475,2.500679339,2.535182314,3.541210662,1.723025453
1/1/2009,2.699896501,3.269223475,2.500679339,2.535182314,3.541210662,1.723025453
1/2/2009,2.547422395,3.057376981,2.366958078,2.410891952,3.618111596,1.678003669
1/3/2009,2.547422395,3.057376981,2.366958078,2.410891952,3.618111596,1.678003669
1/4/2009,2.547422395,3.057376981,2.366958078,2.410891952,3.618111596,1.678003669
1/5/2009,2.547422395,3.057376981,2.366958078,2.410891952,3.618111596,1.678003669
1/6/2009,2.547422395,3.057376981,2.366958078,2.410891952,3.618111596,1.678003669
1/7/2009,2.547422395,3.057376981,2.366958078,2.410891952,3.618111596,1.678003669
1/8/2009,2.547422395,3.057376981,2.366958078,2.410891952,3.618111596,1.678003669
1/9/2009,2.395437146,2.907592123,2.237828724,2.282667752,3.696854311,1.631694375
1/10/2009,2.395437146,2.907592123,2.237828724,2.282667752,3.696854311,1.631694375
1/11/2009,2.395437146,2.907592123,2.237828724,2.282667752,3.696854311,1.631694375
1/12/2009,2.395437146,2.907592123,2.237828724,2.282667752,3.696854311,1.631694375
1/13/2009,2.395437146,2.907592123,2.237828724,2.282667752,3.696854311,1.631694375
1/14/2009,2.395437146,2.907592123,2.237828724,2.282667752,3.696854311,1.631694375
1/15/2009,2.395437146,2.907592123,2.237828724,2.282667752,3.696854311,1.631694375
1/16/2009,2.272680202,2.821759156,2.129335338,2.169724601,3.774027284,1.584384438
1/17/2009,2.272680202,2.821759156,2.129335338,2.169724601,3.774027284,1.584384438
1/18/2009,2.272680202,2.821759156,2.129335338,2.169724601,3.774027284,1.584384438
1/19/2009,2.272680202,2.821759156,2.129335338,2.169724601,3.774027284,1.584384438
1/20/2009,2.272680202,2.821759156,2.129335338,2.169724601,3.774027284,1.584384438
1/21/2009,2.272680202,2.821759156,2.129335338,2.169724601,3.774027284,1.584384438
1/22/2009,2.272680202,2.821759156,2.129335338,2.169724601,3.774027284,1.584384438
1/23/2009,2.183642795,2.759316703,2.049033724,2.077839397,3.843405705,1.536296632
1/24/2009,2.183642795,2.759316703,2.049033724,2.077839397,3.843405705,1.536296632
1/25/2009,2.183642795,2.759316703,2.049033724,2.077839397,3.843405705,1.536296632
1/26/2009,2.183642795,2.759316703,2.049033724,2.077839397,3.843405705,1.536296632
1/27/2009,2.183642795,2.759316703,2.049033724,2.077839397,3.843405705,1.536296632
1/28/2009,2.183642795,2.759316703,2.049033724,2.077839397,3.843405705,1.536296632
1/29/2009,2.183642795,2.759316703,2.049033724,2.077839397,3.843405705,1.536296632
1/30/2009,2.124848255,2.688771505,1.991339494,2.013428013,3.898338672,1.487636001
1/31/2009,2.124848255,2.688771505,1.991339494,2.013428013,3.898338672,1.487636001
2/1/2009,2.124848255,2.688771505,1.991339494,2.013428013,3.898338672,1.487636001
2/2/2009,2.124848255,2.688771505,1.991339494,2.013428013,3.898338672,1.487636001
2/3/2009,2.124848255,2.688771505,1.991339494,2.013428013,3.898338672,1.487636001
2/4/2009,2.124848255,2.688771505,1.991339494,2.013428013,3.898338672,1.487636001
2/5/2009,2.124848255,2.688771505,1.991339494,2.013428013,3.898338672,1.487636001
2/6/2009,2.095389046,2.629711105,1.954133217,1.97815098,3.93232325,1.438567401
2/7/2009,2.095389046,2.629711105,1.954133217,1.97815098,3.93232325,1.438567401
2/8/2009,2.095389046,2.629711105,1.954133217,1.97815098,3.93232325,1.438567401
2/9/2009,2.095389046,2.629711105,1.954133217,1.97815098,3.93232325,1.438567401
2/10/2009,2.095389046,2.629711105,1.954133217,1.97815098,3.93232325,1.438567401
2/11/2009,2.095389046,2.629711105,1.954133217,1.97815098,3.93232325,1.438567401
2/12/2009,2.095389046,2.629711105,1.954133217,1.97815098,3.93232325,1.438567401
2/13/2009,2.096838279,2.619139182,1.938203138,1.969667829,3.938588792,1.389210977
2/14/2009,2.096838279,2.619139182,1.938203138,1.969667829,3.938588792,1.389210977
2/15/2009,2.096838279,2.619139182,1.938203138,1.969667829,3.938588792,1.389210977
2/16/2009,2.096838279,2.619139182,1.938203138,1.969667829,3.938588792,1.389210977
2/17/2009,2.096838279,2.619139182,1.938203138,1.969667829,3.938588792,1.389210977
2/18/2009,2.096838279,2.619139182,1.938203138,1.969667829,3.938588792,1.389210977
2/19/2009,2.096838279,2.619139182,1.938203138,1.969667829,3.938588792,1.389210977
2/20/2009,2.114451726,2.669102025,1.932430078,1.979451315,3.91131649,1.339644807
2/21/2009,2.114451726,2.669102025,1.932430078,1.979451315,3.91131649,1.339644807
2/22/2009,2.114451726,2.669102025,1.932430078,1.979451315,3.91131649,1.339644807
2/23/2009,2.114451726,2.669102025,1.932430078,1.979451315,3.91131649,1.339644807
2/24/2009,2.114451726,2.669102025,1.932430078,1.979451315,3.91131649,1.339644807
2/25/2009,2.114451726,2.669102025,1.932430078,1.979451315,3.91131649,1.339644807
2/26/2009,2.114451726,2.669102025,1.932430078,1.979451315,3.91131649,1.339644807
2/27/2009,2.131537676,2.764230995,1.925364402,1.995975728,3.846186737,1.289912763
2/28/2009,2.131537676,2.764230995,1.925364402,1.995975728,3.846186737,1.289912763
3/1/2009,2.131537676,2.764230995,1.925364402,1.995975728,3.846186737,1.289912763
3/2/2009,2.131537676,2.764230995,1.925364402,1.995975728,3.846186737,1.289912763
3/3/2009,2.131537676,2.764230995,1.925364402,1.995975728,3.846186737,1.289912763
3/4/2009,2.131537676,2.764230995,1.925364402,1.995975728,3.846186737,1.289912763
3/5/2009,2.131537676,2.764230995,1.925364402,1.995975728,3.846186737,1.289912763
3/6/2009,2.136379136,2.863610966,1.90727421,2.008005901,3.744257241,1.240027152
3/7/2009,2.136379136,2.863610966,1.90727421,2.008005901,3.744257241,1.240027152
3/8/2009,2.136379136,2.863610966,1.90727421,2.008005901,3.744257241,1.240027152
3/9/2009,2.136379136,2.863610966,1.90727421,2.008005901,3.744257241,1.240027152
3/10/2009,2.136379136,2.863610966,1.90727421,2.008005901,3.744257241,1.240027152
3/11/2009,2.136379136,2.863610966,1.90727421,2.008005901,3.744257241,1.240027152
3/12/2009,2.136379136,2.863610966,1.90727421,2.008005901,3.744257241,1.240027152
3/13/2009,2.099137106,2.87972022,1.860384281,1.999928007,3.605112725,1.189977505
3/14/2009,2.099137106,2.87972022,1.860384281,1.999928007,3.605112725,1.189977505
3/15/2009,2.099137106,2.87972022,1.860384281,1.999928007,3.605112725,1.189977505
3/16/2009,2.099137106,2.87972022,1.860384281,1.999928007,3.605112725,1.189977505
3/17/2009,2.099137106,2.87972022,1.860384281,1.999928007,3.605112725,1.189977505
3/18/2009,2.099137106,2.87972022,1.860384281,1.999928007,3.605112725,1.189977505
3/19/2009,2.099137106,2.87972022,1.860384281,1.999928007,3.605112725,1.189977505
3/20/2009,2.026628799,2.800864822,1.787424043,1.967549734,3.436499497,1.139737744
3/21/2009,2.026628799,2.800864822,1.787424043,1.967549734,3.436499497,1.139737744
3/22/2009,2.026628799,2.800864822,1.787424043,1.967549734,3.436499497,1.139737744
3/23/2009,2.026628799,2.800864822,1.787424043,1.967549734,3.436499497,1.139737744
3/24/2009,2.026628799,2.800864822,1.787424043,1.967549734,3.436499497,1.139737744
3/25/2009,2.026628799,2.800864822,1.787424043,1.967549734,3.436499497,1.139737744
3/26/2009,2.026628799,2.800864822,1.787424043,1.967549734,3.436499497,1.139737744
3/27/2009,1.921290573,2.635853072,1.689367344,1.910009753,3.244218752,1.089273825
3/28/2009,1.921290573,2.635853072,1.689367344,1.910009753,3.244218752,1.089273825
3/29/2009,1.921290573,2.635853072,1.689367344,1.910009753,3.244218752,1.089273825
3/30/2009,1.921290573,2.635853072,1.689367344,1.910009753,3.244218752,1.089273825
3/31/2009,1.921290573,2.635853072,1.689367344,1.910009753,3.244218752,1.089273825
4/1/2009,1.921290573,2.635853072,1.689367344,1.910009753,3.244218752,1.089273825
4/2/2009,1.921290573,2.635853072,1.689367344,1.910009753,3.244218752,1.089273825
4/3/2009,1.796793369,2.433625641,1.574722841,1.831050781,3.037692696,1.038538171
4/4/2009,1.796793369,2.433625641,1.574722841,1.831050781,3.037692696,1.038538171
4/5/2009,1.796793369,2.433625641,1.574722841,1.831050781,3.037692696,1.038538171
4/6/2009,1.796793369,2.433625641,1.574722841,1.831050781,3.037692696,1.038538171
4/7/2009,1.796793369,2.433625641,1.574722841,1.831050781,3.037692696,1.038538171
4/8/2009,1.796793369,2.433625641,1.574722841,1.831050781,3.037692696,1.038538171
4/9/2009,1.796793369,2.433625641,1.574722841,1.831050781,3.037692696,1.038538171
4/10/2009,1.656673853,2.235054075,1.451690476,1.73069601,2.825517376,0.987499168
4/11/2009,1.656673853,2.235054075,1.451690476,1.73069601,2.825517376,0.987499168
4/12/2009,1.656673853,2.235054075,1.451690476,1.73069601,2.825517376,0.987499168
4/13/2009,1.656673853,2.235054075,1.451690476,1.73069601,2.825517376,0.987499168
4/14/2009,1.656673853,2.235054075,1.451690476,1.73069601,2.825517376,0.987499168
4/15/2009,1.656673853,2.235054075,1.451690476,1.73069601,2.825517376,0.987499168
4/16/2009,1.656673853,2.235054075,1.451690476,1.73069601,2.825517376,0.987499168
4/17/2009,1.514899809,2.078011335,1.327336093,1.619321564,2.616312833,0.936112697
4/18/2009,1.514899809,2.078011335,1.327336093,1.619321564,2.616312833,0.936112697
4/19/2009,1.514899809,2.078011335,1.327336093,1.619321564,2.616312833,0.936112697
4/20/2009,1.514899809,2.078011335,1.327336093,1.619321564,2.616312833,0.936112697
4/21/2009,1.514899809,2.078011335,1.327336093,1.619321564,2.616312833,0.936112697
4/22/2009,1.514899809,2.078011335,1.327336093,1.619321564,2.616312833,0.936112697
4/23/2009,1.514899809,2.078011335,1.327336093,1.619321564,2.616312833,0.936112697
4/24/2009,1.375876943,1.953010785,1.20674328,1.502881745,2.416980749,0.884331514
4/25/2009,1.375876943,1.953010785,1.20674328,1.502881745,2.416980749,0.884331514
4/26/2009,1.375876943,1.953010785,1.20674328,1.502881745,2.416980749,0.884331514
4/27/2009,1.375876943,1.953010785,1.20674328,1.502881745,2.416980749,0.884331514
4/28/2009,1.375876943,1.953010785,1.20674328,1.502881745,2.416980749,0.884331514
4/29/2009,1.375876943,1.953010785,1.20674328,1.502881745,2.416980749,0.884331514
4/30/2009,1.375876943,1.953010785,1.20674328,1.502881745,2.416980749,0.884331514
5/1/2009,1.240668698,1.827652568,1.093805302,1.385322036,2.233294291,0.832116637
5/2/2009,1.240668698,1.827652568,1.093805302,1.385322036,2.233294291,0.832116637
5/3/2009,1.240668698,1.827652568,1.093805302,1.385322036,2.233294291,0.832116637
5/4/2009,1.240668698,1.827652568,1.093805302,1.385322036,2.233294291,0.832116637
5/5/2009,1.240668698,1.827652568,1.093805302,1.385322036,2.233294291,0.832116637
5/6/2009,1.240668698,1.827652568,1.093805302,1.385322036,2.233294291,0.832116637
5/7/2009,1.240668698,1.827652568,1.093805302,1.385322036,2.233294291,0.832116637
5/8/2009,1.116505308,1.685951585,0.993318317,1.274585417,2.067520934,0.779440221
5/9/2009,1.116505308,1.685951585,0.993318317,1.274585417,2.067520934,0.779440221
5/10/2009,1.116505308,1.685951585,0.993318317,1.274585417,2.067520934,0.779440221
5/11/2009,1.116505308,1.685951585,0.993318317,1.274585417,2.067520934,0.779440221
5/12/2009,1.116505308,1.685951585,0.993318317,1.274585417,2.067520934,0.779440221
5/13/2009,1.116505308,1.685951585,0.993318317,1.274585417,2.067520934,0.779440221
5/14/2009,1.116505308,1.685951585,0.993318317,1.274585417,2.067520934,0.779440221
5/15/2009,1.015025979,1.535079575,0.910582562,1.177640743,1.923747552,0.726295287
5/16/2009,1.015025979,1.535079575,0.910582562,1.177640743,1.923747552,0.726295287
5/17/2009,1.015025979,1.535079575,0.910582562,1.177640743,1.923747552,0.726295287
5/18/2009,1.015025979,1.535079575,0.910582562,1.177640743,1.923747552,0.726295287
5/19/2009,1.015025979,1.535079575,0.910582562,1.177640743,1.923747552,0.726295287
5/20/2009,1.015025979,1.535079575,0.910582562,1.177640743,1.923747552,0.726295287
5/21/2009,1.015025979,1.535079575,0.910582562,1.177640743,1.923747552,0.726295287
5/22/2009,0.930769664,1.390520248,0.844571884,1.093906228,1.799712683,0.672705373
5/23/2009,0.930769664,1.390520248,0.844571884,1.093906228,1.799712683,0.672705373
5/24/2009,0.930769664,1.390520248,0.844571884,1.093906228,1.799712683,0.672705373
5/25/2009,0.930769664,1.390520248,0.844571884,1.093906228,1.799712683,0.672705373
5/26/2009,0.930769664,1.390520248,0.844571884,1.093906228,1.799712683,0.672705373
5/27/2009,0.930769664,1.390520248,0.844571884,1.093906228,1.799712683,0.672705373
5/28/2009,0.930769664,1.390520248,0.844571884,1.093906228,1.799712683,0.672705373
5/29/2009,0.871421603,1.296006991,0.799203582,1.025703474,1.693829502,0.618734096
5/30/2009,0.871421603,1.296006991,0.799203582,1.025703474,1.693829502,0.618734096
5/31/2009,0.871421603,1.296006991,0.799203582,1.025703474,1.693829502,0.618734096
6/1/2009,0.871421603,1.296006991,0.799203582,1.025703474,1.693829502,0.618734096
6/2/2009,0.871421603,1.296006991,0.799203582,1.025703474,1.693829502,0.618734096
6/3/2009,0.871421603,1.296006991,0.799203582,1.025703474,1.693829502,0.618734096
6/4/2009,0.871421603,1.296006991,0.799203582,1.025703474,1.693829502,0.618734096
6/5/2009,0.824116673,1.254758191,0.762808839,0.970057285,1.603341958,0.56448933
6/6/2009,0.824116673,1.254758191,0.762808839,0.970057285,1.603341958,0.56448933
6/7/2009,0.824116673,1.254758191,0.762808839,0.970057285,1.603341958,0.56448933
6/8/2009,0.824116673,1.254758191,0.762808839,0.970057285,1.603341958,0.56448933
6/9/2009,0.824116673,1.254758191,0.762808839,0.970057285,1.603341958,0.56448933
6/10/2009,0.824116673,1.254758191,0.762808839,0.970057285,1.603341958,0.56448933
6/11/2009,0.824116673,1.254758191,0.762808839,0.970057285,1.603341958,0.56448933
6/12/2009,0.788415625,1.26151202,0.731732063,0.926869849,1.523474092,0.510131728
6/13/2009,0.788415625,1.26151202,0.731732063,0.926869849,1.523474092,0.510131728
6/14/2009,0.788415625,1.26151202,0.731732063,0.926869849,1.523474092,0.510131728
6/15/2009,0.788415625,1.26151202,0.731732063,0.926869849,1.523474092,0.510131728
6/16/2009,0.788415625,1.26151202,0.731732063,0.926869849,1.523474092,0.510131728
6/17/2009,0.788415625,1.26151202,0.731732063,0.926869849,1.523474092,0.510131728
6/18/2009,0.788415625,1.26151202,0.731732063,0.926869849,1.523474092,0.510131728
6/19/2009,0.758397872,1.288483389,0.699012763,0.89330696,1.450716623,0.455876674
6/20/2009,0.758397872,1.288483389,0.699012763,0.89330696,1.450716623,0.455876674
6/21/2009,0.758397872,1.288483389,0.699012763,0.89330696,1.450716623,0.455876674
6/22/2009,0.758397872,1.288483389,0.699012763,0.89330696,1.450716623,0.455876674
6/23/2009,0.758397872,1.288483389,0.699012763,0.89330696,1.450716623,0.455876674
6/24/2009,0.758397872,1.288483389,0.699012763,0.89330696,1.450716623,0.455876674
6/25/2009,0.758397872,1.288483389,0.699012763,0.89330696,1.450716623,0.455876674
6/26/2009,0.721671668,1.282413333,0.659896884,0.860613409,1.38080368,0.401988723
6/27/2009,0.721671668,1.282413333,0.659896884,0.860613409,1.38080368,0.401988723
6/28/2009,0.721671668,1.282413333,0.659896884,0.860613409,1.38080368,0.401988723
6/29/2009,0.721671668,1.282413333,0.659896884,0.860613409,1.38080368,0.401988723
6/30/2009,0.721671668,1.282413333,0.659896884,0.860613409,1.38080368,0.401988723
7/1/2009,0.721671668,1.282413333,0.659896884,0.860613409,1.38080368,0.401988723
7/2/2009,0.721671668,1.282413333,0.659896884,0.860613409,1.38080368,0.401988723
7/3/2009,0.676325582,1.224444913,0.614143614,0.825141925,1.310805736,0.348751789
7/4/2009,0.676325582,1.224444913,0.614143614,0.825141925,1.310805736,0.348751789
7/5/2009,0.676325582,1.224444913,0.614143614,0.825141925,1.310805736,0.348751789
7/6/2009,0.676325582,1.224444913,0.614143614,0.825141925,1.310805736,0.348751789
7/7/2009,0.676325582,1.224444913,0.614143614,0.825141925,1.310805736,0.348751789
7/8/2009,0.676325582,1.224444913,0.614143614,0.825141925,1.310805736,0.348751789
7/9/2009,0.676325582,1.224444913,0.614143614,0.825141925,1.310805736,0.348751789
7/10/2009,0.621257829,1.116650159,0.561618844,0.785163886,1.238143176,0.296524372
7/11/2009,0.621257829,1.116650159,0.561618844,0.785163886,1.238143176,0.296524372
7/12/2009,0.621257829,1.116650159,0.561618844,0.785163886,1.238143176,0.296524372
7/13/2009,0.621257829,1.116650159,0.561618844,0.785163886,1.238143176,0.296524372
7/14/2009,0.621257829,1.116650159,0.561618844,0.785163886,1.238143176,0.296524372
7/15/2009,0.621257829,1.116650159,0.561618844,0.785163886,1.238143176,0.296524372
7/16/2009,0.621257829,1.116650159,0.561618844,0.785163886,1.238143176,0.296524372
7/17/2009,0.55442081,0.976804918,0.503383009,0.73815717,1.162049504,0.245604569
7/18/2009,0.55442081,0.976804918,0.503383009,0.73815717,1.162049504,0.245604569
7/19/2009,0.55442081,0.976804918,0.503383009,0.73815717,1.162049504,0.245604569
7/20/2009,0.55442081,0.976804918,0.503383009,0.73815717,1.162049504,0.245604569
7/21/2009,0.55442081,0.976804918,0.503383009,0.73815717,1.162049504,0.245604569
7/22/2009,0.55442081,0.976804918,0.503383009,0.73815717,1.162049504,0.245604569
7/23/2009,0.55442081,0.976804918,0.503383009,0.73815717,1.162049504,0.245604569
7/24/2009,0.482718411,0.840290341,0.444199879,0.686395773,1.083211208,0.196285256
7/25/2009,0.482718411,0.840290341,0.444199879,0.686395773,1.083211208,0.196285256
7/26/2009,0.482718411,0.840290341,0.444199879,0.686395773,1.083211208,0.196285256
7/27/2009,0.482718411,0.840290341,0.444199879,0.686395773,1.083211208,0.196285256
7/28/2009,0.482718411,0.840290341,0.444199879,0.686395773,1.083211208,0.196285256
7/29/2009,0.482718411,0.840290341,0.444199879,0.686395773,1.083211208,0.196285256
7/30/2009,0.482718411,0.840290341,0.444199879,0.686395773,1.083211208,0.196285256
7/31/2009,0.413944212,0.735468219,0.387422077,0.634807879,1.002828355,0.148821814
8/1/2009,0.413944212,0.735468219,0.387422077,0.634807879,1.002828355,0.148821814
8/2/2009,0.413944212,0.735468219,0.387422077,0.634807879,1.002828355,0.148821814
8/3/2009,0.413944212,0.735468219,0.387422077,0.634807879,1.002828355,0.148821814
8/4/2009,0.413944212,0.735468219,0.387422077,0.634807879,1.002828355,0.148821814
8/5/2009,0.413944212,0.735468219,0.387422077,0.634807879,1.002828355,0.148821814
8/6/2009,0.413944212,0.735468219,0.387422077,0.634807879,1.002828355,0.148821814
8/7/2009,0.354128767,0.669520939,0.335284864,0.587691319,0.923323266,0.103419456
8/8/2009,0.354128767,0.669520939,0.335284864,0.587691319,0.923323266,0.103419456
8/9/2009,0.354128767,0.669520939,0.335284864,0.587691319,0.923323266,0.103419456
8/10/2009,0.354128767,0.669520939,0.335284864,0.587691319,0.923323266,0.103419456
8/11/2009,0.354128767,0.669520939,0.335284864,0.587691319,0.923323266,0.103419456
8/12/2009,0.354128767,0.669520939,0.335284864,0.587691319,0.923323266,0.103419456
8/13/2009,0.354128767,0.669520939,0.335284864,0.587691319,0.923323266,0.103419456
8/14/2009,0.305409936,0.63211013,0.289952378,0.54571326,0.848284332,0.060227599
8/15/2009,0.305409936,0.63211013,0.289952378,0.54571326,0.848284332,0.060227599
8/16/2009,0.305409936,0.63211013,0.289952378,0.54571326,0.848284332,0.060227599
8/17/2009,0.305409936,0.63211013,0.289952378,0.54571326,0.848284332,0.060227599
8/18/2009,0.305409936,0.63211013,0.289952378,0.54571326,0.848284332,0.060227599
8/19/2009,0.305409936,0.63211013,0.289952378,0.54571326,0.848284332,0.060227599
8/20/2009,0.305409936,0.63211013,0.289952378,0.54571326,0.848284332,0.060227599
8/21/2009,0.265030287,0.601860276,0.251307719,0.508133806,0.779488016,0.019340943
8/22/2009,0.265030287,0.601860276,0.251307719,0.508133806,0.779488016,0.019340943
8/23/2009,0.265030287,0.601860276,0.251307719,0.508133806,0.779488016,0.019340943
8/24/2009,0.265030287,0.601860276,0.251307719,0.508133806,0.779488016,0.019340943
8/25/2009,0.265030287,0.601860276,0.251307719,0.508133806,0.779488016,0.019340943
8/26/2009,0.265030287,0.601860276,0.251307719,0.508133806,0.779488016,0.019340943
8/27/2009,0.265030287,0.601860276,0.251307719,0.508133806,0.779488016,0.019340943
8/28/2009,0.228431838,0.560260841,0.216760902,0.473667914,0.719486798,-0.01920395
8/29/2009,0.228431838,0.560260841,0.216760902,0.473667914,0.719486798,-0.01920395
8/30/2009,0.228431838,0.560260841,0.216760902,0.473667914,0.719486798,-0.01920395
8/31/2009,0.228431838,0.560260841,0.216760902,0.473667914,0.719486798,-0.01920395
9/1/2009,0.228431838,0.560260841,0.216760902,0.473667914,0.719486798,-0.01920395
9/2/2009,0.228431838,0.560260841,0.216760902,0.473667914,0.719486798,-0.01920395
9/3/2009,0.228431838,0.560260841,0.216760902,0.473667914,0.719486798,-0.01920395
9/4/2009,0.196191393,0.507916912,0.186297347,0.442832369,0.669952458,-0.055426443
9/5/2009,0.196191393,0.507916912,0.186297347,0.442832369,0.669952458,-0.055426443
9/6/2009,0.196191393,0.507916912,0.186297347,0.442832369,0.669952458,-0.055426443
9/7/2009,0.196191393,0.507916912,0.186297347,0.442832369,0.669952458,-0.055426443
9/8/2009,0.196191393,0.507916912,0.186297347,0.442832369,0.669952458,-0.055426443
9/9/2009,0.196191393,0.507916912,0.186297347,0.442832369,0.669952458,-0.055426443
9/10/2009,0.196191393,0.507916912,0.186297347,0.442832369,0.669952458,-0.055426443
9/11/2009,0.16285388,0.448915496,0.157628672,0.413384054,0.631246502,-0.089397152
9/12/2009,0.16285388,0.448915496,0.157628672,0.413384054,0.631246502,-0.089397152
9/13/2009,0.16285388,0.448915496,0.157628672,0.413384054,0.631246502,-0.089397152
9/14/2009,0.16285388,0.448915496,0.157628672,0.413384054,0.631246502,-0.089397152
9/15/2009,0.16285388,0.448915496,0.157628672,0.413384054,0.631246502,-0.089397152
9/16/2009,0.16285388,0.448915496,0.157628672,0.413384054,0.631246502,-0.089397152
9/17/2009,0.16285388,0.448915496,0.157628672,0.413384054,0.631246502,-0.089397152
9/18/2009,0.12968062,0.395373941,0.130118774,0.386601169,0.60369292,-0.121237712
9/19/2009,0.12968062,0.395373941,0.130118774,0.386601169,0.60369292,-0.121237712
9/20/2009,0.12968062,0.395373941,0.130118774,0.386601169,0.60369292,-0.121237712
9/21/2009,0.12968062,0.395373941,0.130118774,0.386601169,0.60369292,-0.121237712
9/22/2009,0.12968062,0.395373941,0.130118774,0.386601169,0.60369292,-0.121237712
9/23/2009,0.12968062,0.395373941,0.130118774,0.386601169,0.60369292,-0.121237712
9/24/2009,0.12968062,0.395373941,0.130118774,0.386601169,0.60369292,-0.121237712
9/25/2009,0.100572809,0.358580122,0.104698266,0.364329817,0.58712963,-0.15111127
9/26/2009,0.100572809,0.358580122,0.104698266,0.364329817,0.58712963,-0.15111127
9/27/2009,0.100572809,0.358580122,0.104698266,0.364329817,0.58712963,-0.15111127
9/28/2009,0.100572809,0.358580122,0.104698266,0.364329817,0.58712963,-0.15111127
9/29/2009,0.100572809,0.358580122,0.104698266,0.364329817,0.58712963,-0.15111127
9/30/2009,0.100572809,0.358580122,0.104698266,0.364329817,0.58712963,-0.15111127
10/1/2009,0.100572809,0.358580122,0.104698266,0.364329817,0.58712963,-0.15111127
10/2/2009,0.078374728,0.342951738,0.082283392,0.347937505,0.580142361,-0.179214215
10/3/2009,0.078374728,0.342951738,0.082283392,0.347937505,0.580142361,-0.179214215
10/4/2009,0.078374728,0.342951738,0.082283392,0.347937505,0.580142361,-0.179214215
10/5/2009,0.078374728,0.342951738,0.082283392,0.347937505,0.580142361,-0.179214215
10/6/2009,0.078374728,0.342951738,0.082283392,0.347937505,0.580142361,-0.179214215
10/7/2009,0.078374728,0.342951738,0.082283392,0.347937505,0.580142361,-0.179214215
10/8/2009,0.078374728,0.342951738,0.082283392,0.347937505,0.580142361,-0.179214215
10/9/2009,0.057595558,0.331859655,0.060900067,0.334221289,0.581364311,-0.205759866
10/10/2009,0.057595558,0.331859655,0.060900067,0.334221289,0.581364311,-0.205759866
10/11/2009,0.057595558,0.331859655,0.060900067,0.334221289,0.581364311,-0.205759866
10/12/2009,0.057595558,0.331859655,0.060900067,0.334221289,0.581364311,-0.205759866
10/13/2009,0.057595558,0.331859655,0.060900067,0.334221289,0.581364311,-0.205759866
10/14/2009,0.057595558,0.331859655,0.060900067,0.334221289,0.581364311,-0.205759866
10/15/2009,0.057595558,0.331859655,0.060900067,0.334221289,0.581364311,-0.205759866
10/16/2009,0.040657284,0.317337056,0.042796847,0.322338699,0.589245592,-0.231012876
10/17/2009,0.040657284,0.317337056,0.042796847,0.322338699,0.589245592,-0.231012876
10/18/2009,0.040657284,0.317337056,0.042796847,0.322338699,0.589245592,-0.231012876
10/19/2009,0.040657284,0.317337056,0.042796847,0.322338699,0.589245592,-0.231012876
10/20/2009,0.040657284,0.317337056,0.042796847,0.322338699,0.589245592,-0.231012876
10/21/2009,0.040657284,0.317337056,0.042796847,0.322338699,0.589245592,-0.231012876
10/22/2009,0.040657284,0.317337056,0.042796847,0.322338699,0.589245592,-0.231012876
10/23/2009,0.027536144,0.295772099,0.027151974,0.312091422,0.601480845,-0.255204777
10/24/2009,0.027536144,0.295772099,0.027151974,0.312091422,0.601480845,-0.255204777
10/25/2009,0.027536144,0.295772099,0.027151974,0.312091422,0.601480845,-0.255204777
10/26/2009,0.027536144,0.295772099,0.027151974,0.312091422,0.601480845,-0.255204777
10/27/2009,0.027536144,0.295772099,0.027151974,0.312091422,0.601480845,-0.255204777
10/28/2009,0.027536144,0.295772099,0.027151974,0.312091422,0.601480845,-0.255204777
10/29/2009,0.027536144,0.295772099,0.027151974,0.312091422,0.601480845,-0.255204777
10/30/2009,0.019850942,0.271898841,0.015680108,0.302165562,0.616166692,-0.278572476
10/31/2009,0.019850942,0.271898841,0.015680108,0.302165562,0.616166692,-0.278572476
11/1/2009,0.019850942,0.271898841,0.015680108,0.302165562,0.616166692,-0.278572476
11/2/2009,0.019850942,0.271898841,0.015680108,0.302165562,0.616166692,-0.278572476
11/3/2009,0.019850942,0.271898841,0.015680108,0.302165562,0.616166692,-0.278572476
11/4/2009,0.019850942,0.271898841,0.015680108,0.302165562,0.616166692,-0.278572476
11/5/2009,0.019850942,0.271898841,0.015680108,0.302165562,0.616166692,-0.278572476
11/6/2009,0.011033266,0.245127562,0.006032057,0.288336093,0.631166417,-0.301337319
11/7/2009,0.011033266,0.245127562,0.006032057,0.288336093,0.631166417,-0.301337319
11/8/2009,0.011033266,0.245127562,0.006032057,0.288336093,0.631166417,-0.301337319
11/9/2009,0.011033266,0.245127562,0.006032057,0.288336093,0.631166417,-0.301337319
11/10/2009,0.011033266,0.245127562,0.006032057,0.288336093,0.631166417,-0.301337319
11/11/2009,0.011033266,0.245127562,0.006032057,0.288336093,0.631166417,-0.301337319
11/12/2009,0.011033266,0.245127562,0.006032057,0.288336093,0.631166417,-0.301337319
11/13/2009,-0.000850754,0.222429555,-0.003282087,0.269200428,0.644849993,-0.323698842
11/14/2009,-0.000850754,0.222429555,-0.003282087,0.269200428,0.644849993,-0.323698842
11/15/2009,-0.000850754,0.222429555,-0.003282087,0.269200428,0.644849993,-0.323698842
11/16/2009,-0.000850754,0.222429555,-0.003282087,0.269200428,0.644849993,-0.323698842
11/17/2009,-0.000850754,0.222429555,-0.003282087,0.269200428,0.644849993,-0.323698842
11/18/2009,-0.000850754,0.222429555,-0.003282087,0.269200428,0.644849993,-0.323698842
11/19/2009,-0.000850754,0.222429555,-0.003282087,0.269200428,0.644849993,-0.323698842
11/20/2009,-0.014907248,0.206985807,-0.011438024,0.244181227,0.655985741,-0.345833564
11/21/2009,-0.014907248,0.206985807,-0.011438024,0.244181227,0.655985741,-0.345833564
11/22/2009,-0.014907248,0.206985807,-0.011438024,0.244181227,0.655985741,-0.345833564
11/23/2009,-0.014907248,0.206985807,-0.011438024,0.244181227,0.655985741,-0.345833564
11/24/2009,-0.014907248,0.206985807,-0.011438024,0.244181227,0.655985741,-0.345833564
11/25/2009,-0.014907248,0.206985807,-0.011438024,0.244181227,0.655985741,-0.345833564
11/26/2009,-0.014907248,0.206985807,-0.011438024,0.244181227,0.655985741,-0.345833564
11/27/2009,-0.033687947,0.188783571,-0.019291757,0.211746904,0.664062205,-0.367896536
11/28/2009,-0.033687947,0.188783571,-0.019291757,0.211746904,0.664062205,-0.367896536
11/29/2009,-0.033687947,0.188783571,-0.019291757,0.211746904,0.664062205,-0.367896536
11/30/2009,-0.033687947,0.188783571,-0.019291757,0.211746904,0.664062205,-0.367896536
12/1/2009,-0.033687947,0.188783571,-0.019291757,0.211746904,0.664062205,-0.367896536
12/2/2009,-0.033687947,0.188783571,-0.019291757,0.211746904,0.664062205,-0.367896536
12/3/2009,-0.033687947,0.188783571,-0.019291757,0.211746904,0.664062205,-0.367896536
12/4/2009,-0.058675344,0.157354712,-0.027672892,0.172463523,0.668058409,-0.390019568
12/5/2009,-0.058675344,0.157354712,-0.027672892,0.172463523,0.668058409,-0.390019568
12/6/2009,-0.058675344,0.157354712,-0.027672892,0.172463523,0.668058409,-0.390019568
12/7/2009,-0.058675344,0.157354712,-0.027672892,0.172463523,0.668058409,-0.390019568
12/8/2009,-0.058675344,0.157354712,-0.027672892,0.172463523,0.668058409,-0.390019568
12/9/2009,-0.058675344,0.157354712,-0.027672892,0.172463523,0.668058409,-0.390019568
12/10/2009,-0.058675344,0.157354712,-0.027672892,0.172463523,0.668058409,-0.390019568
12/11/2009,-0.090080761,0.106225837,-0.037983988,0.128277981,0.668548609,-0.41231345
12/12/2009,-0.090080761,0.106225837,-0.037983988,0.128277981,0.668548609,-0.41231345
12/13/2009,-0.090080761,0.106225837,-0.037983988,0.128277981,0.668548609,-0.41231345
12/14/2009,-0.090080761,0.106225837,-0.037983988,0.128277981,0.668548609,-0.41231345
12/15/2009,-0.090080761,0.106225837,-0.037983988,0.128277981,0.668548609,-0.41231345
12/16/2009,-0.090080761,0.106225837,-0.037983988,0.128277981,0.668548609,-0.41231345
12/17/2009,-0.090080761,0.106225837,-0.037983988,0.128277981,0.668548609,-0.41231345
12/18/2009,-0.123193598,0.040410367,-0.049352077,0.084536803,0.66495664,-0.43486903
12/19/2009,-0.123193598,0.040410367,-0.049352077,0.084536803,0.66495664,-0.43486903
12/20/2009,-0.123193598,0.040410367,-0.049352077,0.084536803,0.66495664,-0.43486903
12/21/2009,-0.123193598,0.040410367,-0.049352077,0.084536803,0.66495664,-0.43486903
12/22/2009,-0.123193598,0.040410367,-0.049352077,0.084536803,0.66495664,-0.43486903
12/23/2009,-0.123193598,0.040410367,-0.049352077,0.084536803,0.66495664,-0.43486903
12/24/2009,-0.123193598,0.040410367,-0.049352077,0.084536803,0.66495664,-0.43486903
12/25/2009,-0.154381847,-0.027355481,-0.061464093,0.045930659,0.656878762,-0.457756139
12/26/2009,-0.154381847,-0.027355481,-0.061464093,0.045930659,0.656878762,-0.457756139
12/27/2009,-0.154381847,-0.027355481,-0.061464093,0.045930659,0.656878762,-0.457756139
12/28/2009,-0.154381847,-0.027355481,-0.061464093,0.045930659,0.656878762,-0.457756139
12/29/2009,-0.154381847,-0.027355481,-0.061464093,0.045930659,0.656878762,-0.457756139
12/30/2009,-0.154381847,-0.027355481,-0.061464093,0.045930659,0.656878762,-0.457756139
12/31/2009,-0.154381847,-0.027355481,-0.061464093,0.045930659,0.656878762,-0.457756139
1/1/2010,-0.179671689,-0.078524302,-0.073197767,0.01689987,0.644023086,-0.481027479
1/2/2010,-0.179671689,-0.078524302,-0.073197767,0.01689987,0.644023086,-0.481027479
1/3/2010,-0.179671689,-0.078524302,-0.073197767,0.01689987,0.644023086,-0.481027479
1/4/2010,-0.179671689,-0.078524302,-0.073197767,0.01689987,0.644023086,-0.481027479
1/5/2010,-0.179671689,-0.078524302,-0.073197767,0.01689987,0.644023086,-0.481027479
1/6/2010,-0.179671689,-0.078524302,-0.073197767,0.01689987,0.644023086,-0.481027479
1/7/2010,-0.179671689,-0.078524302,-0.073197767,0.01689987,0.644023086,-0.481027479
1/8/2010,-0.200015873,-0.106121307,-0.085260055,-0.001557416,0.625586481,-0.50472002
1/9/2010,-0.200015873,-0.106121307,-0.085260055,-0.001557416,0.625586481,-0.50472002
1/10/2010,-0.200015873,-0.106121307,-0.085260055,-0.001557416,0.625586481,-0.50472002
1/11/2010,-0.200015873,-0.106121307,-0.085260055,-0.001557416,0.625586481,-0.50472002
1/12/2010,-0.200015873,-0.106121307,-0.085260055,-0.001557416,0.625586481,-0.50472002
1/13/2010,-0.200015873,-0.106121307,-0.085260055,-0.001557416,0.625586481,-0.50472002
1/14/2010,-0.200015873,-0.106121307,-0.085260055,-0.001557416,0.625586481,-0.50472002
1/15/2010,-0.209279885,-0.10035343,-0.096620618,-0.006276608,0.600978215,-0.528854967
1/16/2010,-0.209279885,-0.10035343,-0.096620618,-0.006276608,0.600978215,-0.528854967
1/17/2010,-0.209279885,-0.10035343,-0.096620618,-0.006276608,0.600978215,-0.528854967
1/18/2010,-0.209279885,-0.10035343,-0.096620618,-0.006276608,0.600978215,-0.528854967
1/19/2010,-0.209279885,-0.10035343,-0.096620618,-0.006276608,0.600978215,-0.528854967
1/20/2010,-0.209279885,-0.10035343,-0.096620618,-0.006276608,0.600978215,-0.528854967
1/21/2010,-0.209279885,-0.10035343,-0.096620618,-0.006276608,0.600978215,-0.528854967
1/22/2010,-0.207508599,-0.070571231,-0.105330755,-1.97E-05,0.569481251,-0.553423541
1/23/2010,-0.207508599,-0.070571231,-0.105330755,-1.97E-05,0.569481251,-0.553423541
1/24/2010,-0.207508599,-0.070571231,-0.105330755,-1.97E-05,0.569481251,-0.553423541
1/25/2010,-0.207508599,-0.070571231,-0.105330755,-1.97E-05,0.569481251,-0.553423541
1/26/2010,-0.207508599,-0.070571231,-0.105330755,-1.97E-05,0.569481251,-0.553423541
1/27/2010,-0.207508599,-0.070571231,-0.105330755,-1.97E-05,0.569481251,-0.553423541
1/28/2010,-0.207508599,-0.070571231,-0.105330755,-1.97E-05,0.569481251,-0.553423541
1/29/2010,-0.202817655,-0.040933476,-0.114068349,0.010647136,0.530432766,-0.578402467
1/30/2010,-0.202817655,-0.040933476,-0.114068349,0.010647136,0.530432766,-0.578402467
1/31/2010,-0.202817655,-0.040933476,-0.114068349,0.010647136,0.530432766,-0.578402467
2/1/2010,-0.202817655,-0.040933476,-0.114068349,0.010647136,0.530432766,-0.578402467
2/2/2010,-0.202817655,-0.040933476,-0.114068349,0.010647136,0.530432766,-0.578402467
2/3/2010,-0.202817655,-0.040933476,-0.114068349,0.010647136,0.530432766,-0.578402467
2/4/2010,-0.202817655,-0.040933476,-0.114068349,0.010647136,0.530432766,-0.578402467
2/5/2010,-0.19862446,-0.025359737,-0.123863479,0.020652106,0.484195923,-0.603742514
2/6/2010,-0.19862446,-0.025359737,-0.123863479,0.020652106,0.484195923,-0.603742514
2/7/2010,-0.19862446,-0.025359737,-0.123863479,0.020652106,0.484195923,-0.603742514
2/8/2010,-0.19862446,-0.025359737,-0.123863479,0.020652106,0.484195923,-0.603742514
2/9/2010,-0.19862446,-0.025359737,-0.123863479,0.020652106,0.484195923,-0.603742514
2/10/2010,-0.19862446,-0.025359737,-0.123863479,0.020652106,0.484195923,-0.603742514
2/11/2010,-0.19862446,-0.025359737,-0.123863479,0.020652106,0.484195923,-0.603742514
2/12/2010,-0.201504302,-0.034014203,-0.138240613,0.024946772,0.431019189,-0.629369063
2/13/2010,-0.201504302,-0.034014203,-0.138240613,0.024946772,0.431019189,-0.629369063
2/14/2010,-0.201504302,-0.034014203,-0.138240613,0.024946772,0.431019189,-0.629369063
2/15/2010,-0.201504302,-0.034014203,-0.138240613,0.024946772,0.431019189,-0.629369063
2/16/2010,-0.201504302,-0.034014203,-0.138240613,0.024946772,0.431019189,-0.629369063
2/17/2010,-0.201504302,-0.034014203,-0.138240613,0.024946772,0.431019189,-0.629369063
2/18/2010,-0.201504302,-0.034014203,-0.138240613,0.024946772,0.431019189,-0.629369063
2/19/2010,-0.218512091,-0.070295225,-0.159394489,0.017791188,0.372039402,-0.655184003
2/20/2010,-0.218512091,-0.070295225,-0.159394489,0.017791188,0.372039402,-0.655184003
2/21/2010,-0.218512091,-0.070295225,-0.159394489,0.017791188,0.372039402,-0.655184003
2/22/2010,-0.218512091,-0.070295225,-0.159394489,0.017791188,0.372039402,-0.655184003
2/23/2010,-0.218512091,-0.070295225,-0.159394489,0.017791188,0.372039402,-0.655184003
2/24/2010,-0.218512091,-0.070295225,-0.159394489,0.017791188,0.372039402,-0.655184003
2/25/2010,-0.218512091,-0.070295225,-0.159394489,0.017791188,0.372039402,-0.655184003
2/26/2010,-0.247277611,-0.119500467,-0.186951905,-0.000109363,0.309238442,-0.681066038
2/27/2010,-0.247277611,-0.119500467,-0.186951905,-0.000109363,0.309238442,-0.681066038
2/28/2010,-0.247277611,-0.119500467,-0.186951905,-0.000109363,0.309238442,-0.681066038
3/1/2010,-0.247277611,-0.119500467,-0.186951905,-0.000109363,0.309238442,-0.681066038
3/2/2010,-0.247277611,-0.119500467,-0.186951905,-0.000109363,0.309238442,-0.681066038
3/3/2010,-0.247277611,-0.119500467,-0.186951905,-0.000109363,0.309238442,-0.681066038
3/4/2010,-0.247277611,-0.119500467,-0.186951905,-0.000109363,0.309238442,-0.681066038
3/5/2010,-0.287234598,-0.173016103,-0.220012043,-0.028296445,0.245291734,-0.706871217
3/6/2010,-0.287234598,-0.173016103,-0.220012043,-0.028296445,0.245291734,-0.706871217
3/7/2010,-0.287234598,-0.173016103,-0.220012043,-0.028296445,0.245291734,-0.706871217
3/8/2010,-0.287234598,-0.173016103,-0.220012043,-0.028296445,0.245291734,-0.706871217
3/9/2010,-0.287234598,-0.173016103,-0.220012043,-0.028296445,0.245291734,-0.706871217
3/10/2010,-0.287234598,-0.173016103,-0.220012043,-0.028296445,0.245291734,-0.706871217
3/11/2010,-0.287234598,-0.173016103,-0.220012043,-0.028296445,0.245291734,-0.706871217
3/12/2010,-0.333640337,-0.224405035,-0.255697188,-0.063152611,0.183457161,-0.732436441
3/13/2010,-0.333640337,-0.224405035,-0.255697188,-0.063152611,0.183457161,-0.732436441
3/14/2010,-0.333640337,-0.224405035,-0.255697188,-0.063152611,0.183457161,-0.732436441
3/15/2010,-0.333640337,-0.224405035,-0.255697188,-0.063152611,0.183457161,-0.732436441
3/16/2010,-0.333640337,-0.224405035,-0.255697188,-0.063152611,0.183457161,-0.732436441
3/17/2010,-0.333640337,-0.224405035,-0.255697188,-0.063152611,0.183457161,-0.732436441
3/18/2010,-0.333640337,-0.224405035,-0.255697188,-0.063152611,0.183457161,-0.732436441
3/19/2010,-0.379464016,-0.271158035,-0.289652199,-0.099018477,0.126780888,-0.757580302
3/20/2010,-0.379464016,-0.271158035,-0.289652199,-0.099018477,0.126780888,-0.757580302
3/21/2010,-0.379464016,-0.271158035,-0.289652199,-0.099018477,0.126780888,-0.757580302
3/22/2010,-0.379464016,-0.271158035,-0.289652199,-0.099018477,0.126780888,-0.757580302
3/23/2010,-0.379464016,-0.271158035,-0.289652199,-0.099018477,0.126780888,-0.757580302
3/24/2010,-0.379464016,-0.271158035,-0.289652199,-0.099018477,0.126780888,-0.757580302
3/25/2010,-0.379464016,-0.271158035,-0.289652199,-0.099018477,0.126780888,-0.757580302
3/26/2010,-0.420352455,-0.319230555,-0.317525989,-0.131582889,0.0780851,-0.782107454
3/27/2010,-0.420352455,-0.319230555,-0.317525989,-0.131582889,0.0780851,-0.782107454
3/28/2010,-0.420352455,-0.319230555,-0.317525989,-0.131582889,0.0780851,-0.782107454
3/29/2010,-0.420352455,-0.319230555,-0.317525989,-0.131582889,0.0780851,-0.782107454
3/30/2010,-0.420352455,-0.319230555,-0.317525989,-0.131582889,0.0780851,-0.782107454
3/31/2010,-0.420352455,-0.319230555,-0.317525989,-0.131582889,0.0780851,-0.782107454
4/1/2010,-0.420352455,-0.319230555,-0.317525989,-0.131582889,0.0780851,-0.782107454
4/2/2010,-0.448775375,-0.365284962,-0.33417228,-0.15481724,0.03970503,-0.805818554
4/3/2010,-0.448775375,-0.365284962,-0.33417228,-0.15481724,0.03970503,-0.805818554
4/4/2010,-0.448775375,-0.365284962,-0.33417228,-0.15481724,0.03970503,-0.805818554
4/5/2010,-0.448775375,-0.365284962,-0.33417228,-0.15481724,0.03970503,-0.805818554
4/6/2010,-0.448775375,-0.365284962,-0.33417228,-0.15481724,0.03970503,-0.805818554
4/7/2010,-0.448775375,-0.365284962,-0.33417228,-0.15481724,0.03970503,-0.805818554
4/8/2010,-0.448775375,-0.365284962,-0.33417228,-0.15481724,0.03970503,-0.805818554
4/9/2010,-0.460508871,-0.399819443,-0.336506511,-0.164329752,0.012607387,-0.828517421
4/10/2010,-0.460508871,-0.399819443,-0.336506511,-0.164329752,0.012607387,-0.828517421
4/11/2010,-0.460508871,-0.399819443,-0.336506511,-0.164329752,0.012607387,-0.828517421
4/12/2010,-0.460508871,-0.399819443,-0.336506511,-0.164329752,0.012607387,-0.828517421
4/13/2010,-0.460508871,-0.399819443,-0.336506511,-0.164329752,0.012607387,-0.828517421
4/14/2010,-0.460508871,-0.399819443,-0.336506511,-0.164329752,0.012607387,-0.828517421
4/15/2010,-0.460508871,-0.399819443,-0.336506511,-0.164329752,0.012607387,-0.828517421
4/16/2010,-0.449174523,-0.406354245,-0.32003997,-0.156747807,-0.002910302,-0.849999812
4/17/2010,-0.449174523,-0.406354245,-0.32003997,-0.156747807,-0.002910302,-0.849999812
4/18/2010,-0.449174523,-0.406354245,-0.32003997,-0.156747807,-0.002910302,-0.849999812
4/19/2010,-0.449174523,-0.406354245,-0.32003997,-0.156747807,-0.002910302,-0.849999812
4/20/2010,-0.449174523,-0.406354245,-0.32003997,-0.156747807,-0.002910302,-0.849999812
4/21/2010,-0.449174523,-0.406354245,-0.32003997,-0.156747807,-0.002910302,-0.849999812
4/22/2010,-0.449174523,-0.406354245,-0.32003997,-0.156747807,-0.002910302,-0.849999812
4/23/2010,-0.413347229,-0.373012573,-0.28340984,-0.131764887,-0.008147819,-0.870104993
4/24/2010,-0.413347229,-0.373012573,-0.28340984,-0.131764887,-0.008147819,-0.870104993
4/25/2010,-0.413347229,-0.373012573,-0.28340984,-0.131764887,-0.008147819,-0.870104993
4/26/2010,-0.413347229,-0.373012573,-0.28340984,-0.131764887,-0.008147819,-0.870104993
4/27/2010,-0.413347229,-0.373012573,-0.28340984,-0.131764887,-0.008147819,-0.870104993
4/28/2010,-0.413347229,-0.373012573,-0.28340984,-0.131764887,-0.008147819,-0.870104993
4/29/2010,-0.413347229,-0.373012573,-0.28340984,-0.131764887,-0.008147819,-0.870104993
4/30/2010,-0.353891715,-0.294137837,-0.228400722,-0.090953969,-0.004627574,-0.888695098
5/1/2010,-0.353891715,-0.294137837,-0.228400722,-0.090953969,-0.004627574,-0.888695098
5/2/2010,-0.353891715,-0.294137837,-0.228400722,-0.090953969,-0.004627574,-0.888695098
5/3/2010,-0.353891715,-0.294137837,-0.228400722,-0.090953969,-0.004627574,-0.888695098
5/4/2010,-0.353891715,-0.294137837,-0.228400722,-0.090953969,-0.004627574,-0.888695098
5/5/2010,-0.353891715,-0.294137837,-0.228400722,-0.090953969,-0.004627574,-0.888695098
5/6/2010,-0.353891715,-0.294137837,-0.228400722,-0.090953969,-0.004627574,-0.888695098
5/7/2010,-0.276467037,-0.182227737,-0.160074857,-0.038519392,0.004988155,-0.905669237
5/8/2010,-0.276467037,-0.182227737,-0.160074857,-0.038519392,0.004988155,-0.905669237
5/9/2010,-0.276467037,-0.182227737,-0.160074857,-0.038519392,0.004988155,-0.905669237
5/10/2010,-0.276467037,-0.182227737,-0.160074857,-0.038519392,0.004988155,-0.905669237
5/11/2010,-0.276467037,-0.182227737,-0.160074857,-0.038519392,0.004988155,-0.905669237
5/12/2010,-0.276467037,-0.182227737,-0.160074857,-0.038519392,0.004988155,-0.905669237
5/13/2010,-0.276467037,-0.182227737,-0.160074857,-0.038519392,0.004988155,-0.905669237
5/14/2010,-0.199744087,-0.071209759,-0.0908604,0.015772056,0.017579623,-0.920975271
5/15/2010,-0.199744087,-0.071209759,-0.0908604,0.015772056,0.017579623,-0.920975271
5/16/2010,-0.199744087,-0.071209759,-0.0908604,0.015772056,0.017579623,-0.920975271
5/17/2010,-0.199744087,-0.071209759,-0.0908604,0.015772056,0.017579623,-0.920975271
5/18/2010,-0.199744087,-0.071209759,-0.0908604,0.015772056,0.017579623,-0.920975271
5/19/2010,-0.199744087,-0.071209759,-0.0908604,0.015772056,0.017579623,-0.920975271
5/20/2010,-0.199744087,-0.071209759,-0.0908604,0.015772056,0.017579623,-0.920975271
5/21/2010,-0.12627023,0.026020485,-0.02671493,0.068897875,0.030726267,-0.934610478
5/22/2010,-0.12627023,0.026020485,-0.02671493,0.068897875,0.030726267,-0.934610478
5/23/2010,-0.12627023,0.026020485,-0.02671493,0.068897875,0.030726267,-0.934610478
5/24/2010,-0.12627023,0.026020485,-0.02671493,0.068897875,0.030726267,-0.934610478
5/25/2010,-0.12627023,0.026020485,-0.02671493,0.068897875,0.030726267,-0.934610478
5/26/2010,-0.12627023,0.026020485,-0.02671493,0.068897875,0.030726267,-0.934610478
5/27/2010,-0.12627023,0.026020485,-0.02671493,0.068897875,0.030726267,-0.934610478
5/28/2010,-0.071574868,0.084504977,0.022418031,0.111489252,0.04216703,-0.946622922
5/29/2010,-0.071574868,0.084504977,0.022418031,0.111489252,0.04216703,-0.946622922
5/30/2010,-0.071574868,0.084504977,0.022418031,0.111489252,0.04216703,-0.946622922
5/31/2010,-0.071574868,0.084504977,0.022418031,0.111489252,0.04216703,-0.946622922
6/1/2010,-0.071574868,0.084504977,0.022418031,0.111489252,0.04216703,-0.946622922
6/2/2010,-0.071574868,0.084504977,0.022418031,0.111489252,0.04216703,-0.946622922
6/3/2010,-0.071574868,0.084504977,0.022418031,0.111489252,0.04216703,-0.946622922
6/4/2010,-0.040575497,0.102465508,0.051185793,0.140041846,0.050389784,-0.957114351
6/5/2010,-0.040575497,0.102465508,0.051185793,0.140041846,0.050389784,-0.957114351
6/6/2010,-0.040575497,0.102465508,0.051185793,0.140041846,0.050389784,-0.957114351
6/7/2010,-0.040575497,0.102465508,0.051185793,0.140041846,0.050389784,-0.957114351
6/8/2010,-0.040575497,0.102465508,0.051185793,0.140041846,0.050389784,-0.957114351
6/9/2010,-0.040575497,0.102465508,0.051185793,0.140041846,0.050389784,-0.957114351
6/10/2010,-0.040575497,0.102465508,0.051185793,0.140041846,0.050389784,-0.957114351
6/11/2010,-0.031650594,0.096378563,0.058971547,0.154454128,0.05415255,-0.9662364
6/12/2010,-0.031650594,0.096378563,0.058971547,0.154454128,0.05415255,-0.9662364
6/13/2010,-0.031650594,0.096378563,0.058971547,0.154454128,0.05415255,-0.9662364
6/14/2010,-0.031650594,0.096378563,0.058971547,0.154454128,0.05415255,-0.9662364
6/15/2010,-0.031650594,0.096378563,0.058971547,0.154454128,0.05415255,-0.9662364
6/16/2010,-0.031650594,0.096378563,0.058971547,0.154454128,0.05415255,-0.9662364
6/17/2010,-0.031650594,0.096378563,0.058971547,0.154454128,0.05415255,-0.9662364
6/18/2010,-0.046568317,0.067477218,0.046516359,0.152625037,0.053459196,-0.974190091
6/19/2010,-0.046568317,0.067477218,0.046516359,0.152625037,0.053459196,-0.974190091
6/20/2010,-0.046568317,0.067477218,0.046516359,0.152625037,0.053459196,-0.974190091
6/21/2010,-0.046568317,0.067477218,0.046516359,0.152625037,0.053459196,-0.974190091
6/22/2010,-0.046568317,0.067477218,0.046516359,0.152625037,0.053459196,-0.974190091
6/23/2010,-0.046568317,0.067477218,0.046516359,0.152625037,0.053459196,-0.974190091
6/24/2010,-0.046568317,0.067477218,0.046516359,0.152625037,0.053459196,-0.974190091
6/25/2010,-0.074182788,0.031313473,0.019800978,0.140359389,0.04861224,-0.981222094
6/26/2010,-0.074182788,0.031313473,0.019800978,0.140359389,0.04861224,-0.981222094
6/27/2010,-0.074182788,0.031313473,0.019800978,0.140359389,0.04861224,-0.981222094
6/28/2010,-0.074182788,0.031313473,0.019800978,0.140359389,0.04861224,-0.981222094
6/29/2010,-0.074182788,0.031313473,0.019800978,0.140359389,0.04861224,-0.981222094
6/30/2010,-0.074182788,0.031313473,0.019800978,0.140359389,0.04861224,-0.981222094
7/1/2010,-0.074182788,0.031313473,0.019800978,0.140359389,0.04861224,-0.981222094
7/2/2010,-0.108786375,-0.00981689,-0.01608491,0.121107359,0.040598903,-0.987609955
7/3/2010,-0.108786375,-0.00981689,-0.01608491,0.121107359,0.040598903,-0.987609955
7/4/2010,-0.108786375,-0.00981689,-0.01608491,0.121107359,0.040598903,-0.987609955
7/5/2010,-0.108786375,-0.00981689,-0.01608491,0.121107359,0.040598903,-0.987609955
7/6/2010,-0.108786375,-0.00981689,-0.01608491,0.121107359,0.040598903,-0.987609955
7/7/2010,-0.108786375,-0.00981689,-0.01608491,0.121107359,0.040598903,-0.987609955
7/8/2010,-0.108786375,-0.00981689,-0.01608491,0.121107359,0.040598903,-0.987609955
7/9/2010,-0.150729413,-0.065077943,-0.058266089,0.096589153,0.029665975,-0.993642275
7/10/2010,-0.150729413,-0.065077943,-0.058266089,0.096589153,0.029665975,-0.993642275
7/11/2010,-0.150729413,-0.065077943,-0.058266089,0.096589153,0.029665975,-0.993642275
7/12/2010,-0.150729413,-0.065077943,-0.058266089,0.096589153,0.029665975,-0.993642275
7/13/2010,-0.150729413,-0.065077943,-0.058266089,0.096589153,0.029665975,-0.993642275
7/14/2010,-0.150729413,-0.065077943,-0.058266089,0.096589153,0.029665975,-0.993642275
7/15/2010,-0.150729413,-0.065077943,-0.058266089,0.096589153,0.029665975,-0.993642275
7/16/2010,-0.191270759,-0.124811037,-0.100259961,0.072019967,0.017689626,-0.999647659
7/17/2010,-0.191270759,-0.124811037,-0.100259961,0.072019967,0.017689626,-0.999647659
7/18/2010,-0.191270759,-0.124811037,-0.100259961,0.072019967,0.017689626,-0.999647659
7/19/2010,-0.191270759,-0.124811037,-0.100259961,0.072019967,0.017689626,-0.999647659
7/20/2010,-0.191270759,-0.124811037,-0.100259961,0.072019967,0.017689626,-0.999647659
7/21/2010,-0.191270759,-0.124811037,-0.100259961,0.072019967,0.017689626,-0.999647659
7/22/2010,-0.191270759,-0.124811037,-0.100259961,0.072019967,0.017689626,-0.999647659
7/23/2010,-0.224635478,-0.17731122,-0.137154794,0.05156607,0.004983784,-1.005903701
7/24/2010,-0.224635478,-0.17731122,-0.137154794,0.05156607,0.004983784,-1.005903701
7/25/2010,-0.224635478,-0.17731122,-0.137154794,0.05156607,0.004983784,-1.005903701
7/26/2010,-0.224635478,-0.17731122,-0.137154794,0.05156607,0.004983784,-1.005903701
7/27/2010,-0.224635478,-0.17731122,-0.137154794,0.05156607,0.004983784,-1.005903701
7/28/2010,-0.224635478,-0.17731122,-0.137154794,0.05156607,0.004983784,-1.005903701
7/29/2010,-0.224635478,-0.17731122,-0.137154794,0.05156607,0.004983784,-1.005903701
7/30/2010,-0.249224503,-0.21433208,-0.166597598,0.036582834,-0.007440003,-1.012668386
7/31/2010,-0.249224503,-0.21433208,-0.166597598,0.036582834,-0.007440003,-1.012668386
8/1/2010,-0.249224503,-0.21433208,-0.166597598,0.036582834,-0.007440003,-1.012668386
8/2/2010,-0.249224503,-0.21433208,-0.166597598,0.036582834,-0.007440003,-1.012668386
8/3/2010,-0.249224503,-0.21433208,-0.166597598,0.036582834,-0.007440003,-1.012668386
8/4/2010,-0.249224503,-0.21433208,-0.166597598,0.036582834,-0.007440003,-1.012668386
8/5/2010,-0.249224503,-0.21433208,-0.166597598,0.036582834,-0.007440003,-1.012668386
8/6/2010,-0.263558139,-0.226278638,-0.187745369,0.028325801,-0.01890598,-1.020158688
8/7/2010,-0.263558139,-0.226278638,-0.187745369,0.028325801,-0.01890598,-1.020158688
8/8/2010,-0.263558139,-0.226278638,-0.187745369,0.028325801,-0.01890598,-1.020158688
8/9/2010,-0.263558139,-0.226278638,-0.187745369,0.028325801,-0.01890598,-1.020158688
8/10/2010,-0.263558139,-0.226278638,-0.187745369,0.028325801,-0.01890598,-1.020158688
8/11/2010,-0.263558139,-0.226278638,-0.187745369,0.028325801,-0.01890598,-1.020158688
8/12/2010,-0.263558139,-0.226278638,-0.187745369,0.028325801,-0.01890598,-1.020158688
8/13/2010,-0.268373458,-0.215491458,-0.201674364,0.026357937,-0.028602289,-1.028535812
8/14/2010,-0.268373458,-0.215491458,-0.201674364,0.026357937,-0.028602289,-1.028535812
8/15/2010,-0.268373458,-0.215491458,-0.201674364,0.026357937,-0.028602289,-1.028535812
8/16/2010,-0.268373458,-0.215491458,-0.201674364,0.026357937,-0.028602289,-1.028535812
8/17/2010,-0.268373458,-0.215491458,-0.201674364,0.026357937,-0.028602289,-1.028535812
8/18/2010,-0.268373458,-0.215491458,-0.201674364,0.026357937,-0.028602289,-1.028535812
8/19/2010,-0.268373458,-0.215491458,-0.201674364,0.026357937,-0.028602289,-1.028535812
8/20/2010,-0.269686245,-0.198204534,-0.21100889,0.026396967,-0.035766834,-1.037902653
8/21/2010,-0.269686245,-0.198204534,-0.21100889,0.026396967,-0.035766834,-1.037902653
8/22/2010,-0.269686245,-0.198204534,-0.21100889,0.026396967,-0.035766834,-1.037902653
8/23/2010,-0.269686245,-0.198204534,-0.21100889,0.026396967,-0.035766834,-1.037902653
8/24/2010,-0.269686245,-0.198204534,-0.21100889,0.026396967,-0.035766834,-1.037902653
8/25/2010,-0.269686245,-0.198204534,-0.21100889,0.026396967,-0.035766834,-1.037902653
8/26/2010,-0.269686245,-0.198204534,-0.21100889,0.026396967,-0.035766834,-1.037902653
8/27/2010,-0.271793725,-0.188779956,-0.218752464,0.025292295,-0.039746631,-1.048303722
8/28/2010,-0.271793725,-0.188779956,-0.218752464,0.025292295,-0.039746631,-1.048303722
8/29/2010,-0.271793725,-0.188779956,-0.218752464,0.025292295,-0.039746631,-1.048303722
8/30/2010,-0.271793725,-0.188779956,-0.218752464,0.025292295,-0.039746631,-1.048303722
8/31/2010,-0.271793725,-0.188779956,-0.218752464,0.025292295,-0.039746631,-1.048303722
9/1/2010,-0.271793725,-0.188779956,-0.218752464,0.025292295,-0.039746631,-1.048303722
9/2/2010,-0.271793725,-0.188779956,-0.218752464,0.025292295,-0.039746631,-1.048303722
9/3/2010,-0.279089888,-0.19570313,-0.227718383,0.0196692,-0.039818932,-1.059722084
9/4/2010,-0.279089888,-0.19570313,-0.227718383,0.0196692,-0.039818932,-1.059722084
9/5/2010,-0.279089888,-0.19570313,-0.227718383,0.0196692,-0.039818932,-1.059722084
9/6/2010,-0.279089888,-0.19570313,-0.227718383,0.0196692,-0.039818932,-1.059722084
9/7/2010,-0.279089888,-0.19570313,-0.227718383,0.0196692,-0.039818932,-1.059722084
9/8/2010,-0.279089888,-0.19570313,-0.227718383,0.0196692,-0.039818932,-1.059722084
9/9/2010,-0.279089888,-0.19570313,-0.227718383,0.0196692,-0.039818932,-1.059722084
9/10/2010,-0.293914853,-0.221805088,-0.239185116,0.006695858,-0.034955419,-1.072083946
9/11/2010,-0.293914853,-0.221805088,-0.239185116,0.006695858,-0.034955419,-1.072083946
9/12/2010,-0.293914853,-0.221805088,-0.239185116,0.006695858,-0.034955419,-1.072083946
9/13/2010,-0.293914853,-0.221805088,-0.239185116,0.006695858,-0.034955419,-1.072083946
9/14/2010,-0.293914853,-0.221805088,-0.239185116,0.006695858,-0.034955419,-1.072083946
9/15/2010,-0.293914853,-0.221805088,-0.239185116,0.006695858,-0.034955419,-1.072083946
9/16/2010,-0.293914853,-0.221805088,-0.239185116,0.006695858,-0.034955419,-1.072083946
9/17/2010,-0.313198506,-0.254787462,-0.252158504,-0.012843564,-0.024948881,-1.085260754
9/18/2010,-0.313198506,-0.254787462,-0.252158504,-0.012843564,-0.024948881,-1.085260754
9/19/2010,-0.313198506,-0.254787462,-0.252158504,-0.012843564,-0.024948881,-1.085260754
9/20/2010,-0.313198506,-0.254787462,-0.252158504,-0.012843564,-0.024948881,-1.085260754
9/21/2010,-0.313198506,-0.254787462,-0.252158504,-0.012843564,-0.024948881,-1.085260754
9/22/2010,-0.313198506,-0.254787462,-0.252158504,-0.012843564,-0.024948881,-1.085260754
9/23/2010,-0.313198506,-0.254787462,-0.252158504,-0.012843564,-0.024948881,-1.085260754
9/24/2010,-0.335126239,-0.282513762,-0.265876648,-0.037811977,-0.010231824,-1.099072356
9/25/2010,-0.335126239,-0.282513762,-0.265876648,-0.037811977,-0.010231824,-1.099072356
9/26/2010,-0.335126239,-0.282513762,-0.265876648,-0.037811977,-0.010231824,-1.099072356
9/27/2010,-0.335126239,-0.282513762,-0.265876648,-0.037811977,-0.010231824,-1.099072356
9/28/2010,-0.335126239,-0.282513762,-0.265876648,-0.037811977,-0.010231824,-1.099072356
9/29/2010,-0.335126239,-0.282513762,-0.265876648,-0.037811977,-0.010231824,-1.099072356
9/30/2010,-0.335126239,-0.282513762,-0.265876648,-0.037811977,-0.010231824,-1.099072356
10/1/2010,-0.359218052,-0.30507487,-0.278970424,-0.06809893,0.008458755,-1.113302449
10/2/2010,-0.359218052,-0.30507487,-0.278970424,-0.06809893,0.008458755,-1.113302449
10/3/2010,-0.359218052,-0.30507487,-0.278970424,-0.06809893,0.008458755,-1.113302449
10/4/2010,-0.359218052,-0.30507487,-0.278970424,-0.06809893,0.008458755,-1.113302449
10/5/2010,-0.359218052,-0.30507487,-0.278970424,-0.06809893,0.008458755,-1.113302449
10/6/2010,-0.359218052,-0.30507487,-0.278970424,-0.06809893,0.008458755,-1.113302449
10/7/2010,-0.359218052,-0.30507487,-0.278970424,-0.06809893,0.008458755,-1.113302449
10/8/2010,-0.38305709,-0.322579577,-0.289649909,-0.10154182,0.02990725,-1.127716085
10/9/2010,-0.38305709,-0.322579577,-0.289649909,-0.10154182,0.02990725,-1.127716085
10/10/2010,-0.38305709,-0.322579577,-0.289649909,-0.10154182,0.02990725,-1.127716085
10/11/2010,-0.38305709,-0.322579577,-0.289649909,-0.10154182,0.02990725,-1.127716085
10/12/2010,-0.38305709,-0.322579577,-0.289649909,-0.10154182,0.02990725,-1.127716085
10/13/2010,-0.38305709,-0.322579577,-0.289649909,-0.10154182,0.02990725,-1.127716085
10/14/2010,-0.38305709,-0.322579577,-0.289649909,-0.10154182,0.02990725,-1.127716085
10/15/2010,-0.404897051,-0.340302411,-0.297518626,-0.135452079,0.052458879,-1.142035721
10/16/2010,-0.404897051,-0.340302411,-0.297518626,-0.135452079,0.052458879,-1.142035721
10/17/2010,-0.404897051,-0.340302411,-0.297518626,-0.135452079,0.052458879,-1.142035721
10/18/2010,-0.404897051,-0.340302411,-0.297518626,-0.135452079,0.052458879,-1.142035721
10/19/2010,-0.404897051,-0.340302411,-0.297518626,-0.135452079,0.052458879,-1.142035721
10/20/2010,-0.404897051,-0.340302411,-0.297518626,-0.135452079,0.052458879,-1.142035721
10/21/2010,-0.404897051,-0.340302411,-0.297518626,-0.135452079,0.052458879,-1.142035721
10/22/2010,-0.422480744,-0.361116392,-0.300635182,-0.167769737,0.073710726,-1.156013275
10/23/2010,-0.422480744,-0.361116392,-0.300635182,-0.167769737,0.073710726,-1.156013275
10/24/2010,-0.422480744,-0.361116392,-0.300635182,-0.167769737,0.073710726,-1.156013275
10/25/2010,-0.422480744,-0.361116392,-0.300635182,-0.167769737,0.073710726,-1.156013275
10/26/2010,-0.422480744,-0.361116392,-0.300635182,-0.167769737,0.073710726,-1.156013275
10/27/2010,-0.422480744,-0.361116392,-0.300635182,-0.167769737,0.073710726,-1.156013275
10/28/2010,-0.422480744,-0.361116392,-0.300635182,-0.167769737,0.073710726,-1.156013275
10/29/2010,-0.436297201,-0.383245979,-0.300004267,-0.197271047,0.092147834,-1.169410208
10/30/2010,-0.436297201,-0.383245979,-0.300004267,-0.197271047,0.092147834,-1.169410208
10/31/2010,-0.436297201,-0.383245979,-0.300004267,-0.197271047,0.092147834,-1.169410208
11/1/2010,-0.436297201,-0.383245979,-0.300004267,-0.197271047,0.092147834,-1.169410208
11/2/2010,-0.436297201,-0.383245979,-0.300004267,-0.197271047,0.092147834,-1.169410208
11/3/2010,-0.436297201,-0.383245979,-0.300004267,-0.197271047,0.092147834,-1.169410208
11/4/2010,-0.436297201,-0.383245979,-0.300004267,-0.197271047,0.092147834,-1.169410208
11/5/2010,-0.445552038,-0.397752377,-0.296159804,-0.222226387,0.105700365,-1.182011584
11/6/2010,-0.445552038,-0.397752377,-0.296159804,-0.222226387,0.105700365,-1.182011584
11/7/2010,-0.445552038,-0.397752377,-0.296159804,-0.222226387,0.105700365,-1.182011584
11/8/2010,-0.445552038,-0.397752377,-0.296159804,-0.222226387,0.105700365,-1.182011584
11/9/2010,-0.445552038,-0.397752377,-0.296159804,-0.222226387,0.105700365,-1.182011584
11/10/2010,-0.445552038,-0.397752377,-0.296159804,-0.222226387,0.105700365,-1.182011584
11/11/2010,-0.445552038,-0.397752377,-0.296159804,-0.222226387,0.105700365,-1.182011584
11/12/2010,-0.44897923,-0.400931874,-0.289893521,-0.241750387,0.113572166,-1.193640343
11/13/2010,-0.44897923,-0.400931874,-0.289893521,-0.241750387,0.113572166,-1.193640343
11/14/2010,-0.44897923,-0.400931874,-0.289893521,-0.241750387,0.113572166,-1.193640343
11/15/2010,-0.44897923,-0.400931874,-0.289893521,-0.241750387,0.113572166,-1.193640343
11/16/2010,-0.44897923,-0.400931874,-0.289893521,-0.241750387,0.113572166,-1.193640343
11/17/2010,-0.44897923,-0.400931874,-0.289893521,-0.241750387,0.113572166,-1.193640343
11/18/2010,-0.44897923,-0.400931874,-0.289893521,-0.241750387,0.113572166,-1.193640343
11/19/2010,-0.451187585,-0.397333158,-0.28378067,-0.257938972,0.114333051,-1.204161325
11/20/2010,-0.451187585,-0.397333158,-0.28378067,-0.257938972,0.114333051,-1.204161325
11/21/2010,-0.451187585,-0.397333158,-0.28378067,-0.257938972,0.114333051,-1.204161325
11/22/2010,-0.451187585,-0.397333158,-0.28378067,-0.257938972,0.114333051,-1.204161325
11/23/2010,-0.451187585,-0.397333158,-0.28378067,-0.257938972,0.114333051,-1.204161325
11/24/2010,-0.451187585,-0.397333158,-0.28378067,-0.257938972,0.114333051,-1.204161325
11/25/2010,-0.451187585,-0.397333158,-0.28378067,-0.257938972,0.114333051,-1.204161325
11/26/2010,-0.453748021,-0.393081672,-0.279744247,-0.271761414,0.107715685,-1.213482552
11/27/2010,-0.453748021,-0.393081672,-0.279744247,-0.271761414,0.107715685,-1.213482552
11/28/2010,-0.453748021,-0.393081672,-0.279744247,-0.271761414,0.107715685,-1.213482552
11/29/2010,-0.453748021,-0.393081672,-0.279744247,-0.271761414,0.107715685,-1.213482552
11/30/2010,-0.453748021,-0.393081672,-0.279744247,-0.271761414,0.107715685,-1.213482552
12/1/2010,-0.453748021,-0.393081672,-0.279744247,-0.271761414,0.107715685,-1.213482552
12/2/2010,-0.453748021,-0.393081672,-0.279744247,-0.271761414,0.107715685,-1.213482552
12/3/2010,-0.459730431,-0.401032151,-0.27884382,-0.286062919,0.094062069,-1.221559252
12/4/2010,-0.459730431,-0.401032151,-0.27884382,-0.286062919,0.094062069,-1.221559252
12/5/2010,-0.459730431,-0.401032151,-0.27884382,-0.286062919,0.094062069,-1.221559252
12/6/2010,-0.459730431,-0.401032151,-0.27884382,-0.286062919,0.094062069,-1.221559252
12/7/2010,-0.459730431,-0.401032151,-0.27884382,-0.286062919,0.094062069,-1.221559252
12/8/2010,-0.459730431,-0.401032151,-0.27884382,-0.286062919,0.094062069,-1.221559252
12/9/2010,-0.459730431,-0.401032151,-0.27884382,-0.286062919,0.094062069,-1.221559252
12/10/2010,-0.471664671,-0.427307888,-0.283825851,-0.301802022,0.074458351,-1.228391928
12/11/2010,-0.471664671,-0.427307888,-0.283825851,-0.301802022,0.074458351,-1.228391928
12/12/2010,-0.471664671,-0.427307888,-0.283825851,-0.301802022,0.074458351,-1.228391928
12/13/2010,-0.471664671,-0.427307888,-0.283825851,-0.301802022,0.074458351,-1.228391928
12/14/2010,-0.471664671,-0.427307888,-0.283825851,-0.301802022,0.074458351,-1.228391928
12/15/2010,-0.471664671,-0.427307888,-0.283825851,-0.301802022,0.074458351,-1.228391928
12/16/2010,-0.471664671,-0.427307888,-0.283825851,-0.301802022,0.074458351,-1.228391928
12/17/2010,-0.487067767,-0.463874077,-0.293144772,-0.31861217,0.05033365,-1.234025697
12/18/2010,-0.487067767,-0.463874077,-0.293144772,-0.31861217,0.05033365,-1.234025697
12/19/2010,-0.487067767,-0.463874077,-0.293144772,-0.31861217,0.05033365,-1.234025697
12/20/2010,-0.487067767,-0.463874077,-0.293144772,-0.31861217,0.05033365,-1.234025697
12/21/2010,-0.487067767,-0.463874077,-0.293144772,-0.31861217,0.05033365,-1.234025697
12/22/2010,-0.487067767,-0.463874077,-0.293144772,-0.31861217,0.05033365,-1.234025697
12/23/2010,-0.487067767,-0.463874077,-0.293144772,-0.31861217,0.05033365,-1.234025697
12/24/2010,-0.506534697,-0.502390413,-0.307907394,-0.335862334,0.023424929,-1.238549499
12/25/2010,-0.506534697,-0.502390413,-0.307907394,-0.335862334,0.023424929,-1.238549499
12/26/2010,-0.506534697,-0.502390413,-0.307907394,-0.335862334,0.023424929,-1.238549499
12/27/2010,-0.506534697,-0.502390413,-0.307907394,-0.335862334,0.023424929,-1.238549499
12/28/2010,-0.506534697,-0.502390413,-0.307907394,-0.335862334,0.023424929,-1.238549499
12/29/2010,-0.506534697,-0.502390413,-0.307907394,-0.335862334,0.023424929,-1.238549499
12/30/2010,-0.506534697,-0.502390413,-0.307907394,-0.335862334,0.023424929,-1.238549499
12/31/2010,-0.527703374,-0.533433977,-0.325409874,-0.35351979,-0.004149536,-1.242086664
1/1/2011,-0.527703374,-0.533433977,-0.325409874,-0.35351979,-0.004149536,-1.242086664
1/2/2011,-0.527703374,-0.533433977,-0.325409874,-0.35351979,-0.004149536,-1.242086664
1/3/2011,-0.527703374,-0.533433977,-0.325409874,-0.35351979,-0.004149536,-1.242086664
1/4/2011,-0.527703374,-0.533433977,-0.325409874,-0.35351979,-0.004149536,-1.242086664
1/5/2011,-0.527703374,-0.533433977,-0.325409874,-0.35351979,-0.004149536,-1.242086664
1/6/2011,-0.527703374,-0.533433977,-0.325409874,-0.35351979,-0.004149536,-1.242086664
1/7/2011,-0.549344256,-0.552503965,-0.344239477,-0.36927308,-0.030792888,-1.24477788
1/8/2011,-0.549344256,-0.552503965,-0.344239477,-0.36927308,-0.030792888,-1.24477788
1/9/2011,-0.549344256,-0.552503965,-0.344239477,-0.36927308,-0.030792888,-1.24477788
1/10/2011,-0.549344256,-0.552503965,-0.344239477,-0.36927308,-0.030792888,-1.24477788
1/11/2011,-0.549344256,-0.552503965,-0.344239477,-0.36927308,-0.030792888,-1.24477788
1/12/2011,-0.549344256,-0.552503965,-0.344239477,-0.36927308,-0.030792888,-1.24477788
1/13/2011,-0.549344256,-0.552503965,-0.344239477,-0.36927308,-0.030792888,-1.24477788
1/14/2011,-0.569609248,-0.566157808,-0.361562485,-0.383674707,-0.05502311,-1.246804275
1/15/2011,-0.569609248,-0.566157808,-0.361562485,-0.383674707,-0.05502311,-1.246804275
1/16/2011,-0.569609248,-0.566157808,-0.361562485,-0.383674707,-0.05502311,-1.246804275
1/17/2011,-0.569609248,-0.566157808,-0.361562485,-0.383674707,-0.05502311,-1.246804275
1/18/2011,-0.569609248,-0.566157808,-0.361562485,-0.383674707,-0.05502311,-1.246804275
1/19/2011,-0.569609248,-0.566157808,-0.361562485,-0.383674707,-0.05502311,-1.246804275
1/20/2011,-0.569609248,-0.566157808,-0.361562485,-0.383674707,-0.05502311,-1.246804275
1/21/2011,-0.586976847,-0.582548562,-0.374997064,-0.395931999,-0.075456703,-1.248331137
1/22/2011,-0.586976847,-0.582548562,-0.374997064,-0.395931999,-0.075456703,-1.248331137
1/23/2011,-0.586976847,-0.582548562,-0.374997064,-0.395931999,-0.075456703,-1.248331137
1/24/2011,-0.586976847,-0.582548562,-0.374997064,-0.395931999,-0.075456703,-1.248331137
1/25/2011,-0.586976847,-0.582548562,-0.374997064,-0.395931999,-0.075456703,-1.248331137
1/26/2011,-0.586976847,-0.582548562,-0.374997064,-0.395931999,-0.075456703,-1.248331137
1/27/2011,-0.586976847,-0.582548562,-0.374997064,-0.395931999,-0.075456703,-1.248331137
1/28/2011,-0.598960746,-0.603427616,-0.382780806,-0.404398236,-0.091645179,-1.249522446
1/29/2011,-0.598960746,-0.603427616,-0.382780806,-0.404398236,-0.091645179,-1.249522446
1/30/2011,-0.598960746,-0.603427616,-0.382780806,-0.404398236,-0.091645179,-1.249522446
1/31/2011,-0.598960746,-0.603427616,-0.382780806,-0.404398236,-0.091645179,-1.249522446
2/1/2011,-0.598960746,-0.603427616,-0.382780806,-0.404398236,-0.091645179,-1.249522446
2/2/2011,-0.598960746,-0.603427616,-0.382780806,-0.404398236,-0.091645179,-1.249522446
2/3/2011,-0.598960746,-0.603427616,-0.382780806,-0.404398236,-0.091645179,-1.249522446
2/4/2011,-0.60386407,-0.625282756,-0.38377839,-0.408539677,-0.102770585,-1.250531148
2/5/2011,-0.60386407,-0.625282756,-0.38377839,-0.408539677,-0.102770585,-1.250531148
2/6/2011,-0.60386407,-0.625282756,-0.38377839,-0.408539677,-0.102770585,-1.250531148
2/7/2011,-0.60386407,-0.625282756,-0.38377839,-0.408539677,-0.102770585,-1.250531148
2/8/2011,-0.60386407,-0.625282756,-0.38377839,-0.408539677,-0.102770585,-1.250531148
2/9/2011,-0.60386407,-0.625282756,-0.38377839,-0.408539677,-0.102770585,-1.250531148
2/10/2011,-0.60386407,-0.625282756,-0.38377839,-0.408539677,-0.102770585,-1.250531148
2/11/2011,-0.60215565,-0.637267487,-0.380177769,-0.407263118,-0.108699057,-1.251492041
2/12/2011,-0.60215565,-0.637267487,-0.380177769,-0.407263118,-0.108699057,-1.251492041
2/13/2011,-0.60215565,-0.637267487,-0.380177769,-0.407263118,-0.108699057,-1.251492041
2/14/2011,-0.60215565,-0.637267487,-0.380177769,-0.407263118,-0.108699057,-1.251492041
2/15/2011,-0.60215565,-0.637267487,-0.380177769,-0.407263118,-0.108699057,-1.251492041
2/16/2011,-0.60215565,-0.637267487,-0.380177769,-0.407263118,-0.108699057,-1.251492041
2/17/2011,-0.60215565,-0.637267487,-0.380177769,-0.407263118,-0.108699057,-1.251492041
2/18/2011,-0.592594717,-0.625445104,-0.371745178,-0.400907662,-0.109014121,-1.252519371
2/19/2011,-0.592594717,-0.625445104,-0.371745178,-0.400907662,-0.109014121,-1.252519371
2/20/2011,-0.592594717,-0.625445104,-0.371745178,-0.400907662,-0.109014121,-1.252519371
2/21/2011,-0.592594717,-0.625445104,-0.371745178,-0.400907662,-0.109014121,-1.252519371
2/22/2011,-0.592594717,-0.625445104,-0.371745178,-0.400907662,-0.109014121,-1.252519371
2/23/2011,-0.592594717,-0.625445104,-0.371745178,-0.400907662,-0.109014121,-1.252519371
2/24/2011,-0.592594717,-0.625445104,-0.371745178,-0.400907662,-0.109014121,-1.252519371
2/25/2011,-0.577401139,-0.589543602,-0.360819213,-0.390913766,-0.103785835,-1.253707814
2/26/2011,-0.577401139,-0.589543602,-0.360819213,-0.390913766,-0.103785835,-1.253707814
2/27/2011,-0.577401139,-0.589543602,-0.360819213,-0.390913766,-0.103785835,-1.253707814
2/28/2011,-0.577401139,-0.589543602,-0.360819213,-0.390913766,-0.103785835,-1.253707814
3/1/2011,-0.577401139,-0.589543602,-0.360819213,-0.390913766,-0.103785835,-1.253707814
3/2/2011,-0.577401139,-0.589543602,-0.360819213,-0.390913766,-0.103785835,-1.253707814
3/3/2011,-0.577401139,-0.589543602,-0.360819213,-0.390913766,-0.103785835,-1.253707814
3/4/2011,-0.563605187,-0.544126773,-0.352630507,-0.380143627,-0.093549745,-1.25513174
3/5/2011,-0.563605187,-0.544126773,-0.352630507,-0.380143627,-0.093549745,-1.25513174
3/6/2011,-0.563605187,-0.544126773,-0.352630507,-0.380143627,-0.093549745,-1.25513174
3/7/2011,-0.563605187,-0.544126773,-0.352630507,-0.380143627,-0.093549745,-1.25513174
3/8/2011,-0.563605187,-0.544126773,-0.352630507,-0.380143627,-0.093549745,-1.25513174
3/9/2011,-0.563605187,-0.544126773,-0.352630507,-0.380143627,-0.093549745,-1.25513174
3/10/2011,-0.563605187,-0.544126773,-0.352630507,-0.380143627,-0.093549745,-1.25513174
3/11/2011,-0.552906036,-0.504592026,-0.348956422,-0.370183441,-0.078744382,-1.256846931
3/12/2011,-0.552906036,-0.504592026,-0.348956422,-0.370183441,-0.078744382,-1.256846931
3/13/2011,-0.552906036,-0.504592026,-0.348956422,-0.370183441,-0.078744382,-1.256846931
3/14/2011,-0.552906036,-0.504592026,-0.348956422,-0.370183441,-0.078744382,-1.256846931
3/15/2011,-0.552906036,-0.504592026,-0.348956422,-0.370183441,-0.078744382,-1.256846931
3/16/2011,-0.552906036,-0.504592026,-0.348956422,-0.370183441,-0.078744382,-1.256846931
3/17/2011,-0.552906036,-0.504592026,-0.348956422,-0.370183441,-0.078744382,-1.256846931
3/18/2011,-0.547240902,-0.485014462,-0.350757234,-0.362999783,-0.059793128,-1.258892842
3/19/2011,-0.547240902,-0.485014462,-0.350757234,-0.362999783,-0.059793128,-1.258892842
3/20/2011,-0.547240902,-0.485014462,-0.350757234,-0.362999783,-0.059793128,-1.258892842
3/21/2011,-0.547240902,-0.485014462,-0.350757234,-0.362999783,-0.059793128,-1.258892842
3/22/2011,-0.547240902,-0.485014462,-0.350757234,-0.362999783,-0.059793128,-1.258892842
3/23/2011,-0.547240902,-0.485014462,-0.350757234,-0.362999783,-0.059793128,-1.258892842
3/24/2011,-0.547240902,-0.485014462,-0.350757234,-0.362999783,-0.059793128,-1.258892842
3/25/2011,-0.552127888,-0.495774025,-0.361525574,-0.360480605,-0.037406099,-1.261293468
3/26/2011,-0.552127888,-0.495774025,-0.361525574,-0.360480605,-0.037406099,-1.261293468
3/27/2011,-0.552127888,-0.495774025,-0.361525574,-0.360480605,-0.037406099,-1.261293468
3/28/2011,-0.552127888,-0.495774025,-0.361525574,-0.360480605,-0.037406099,-1.261293468
3/29/2011,-0.552127888,-0.495774025,-0.361525574,-0.360480605,-0.037406099,-1.261293468
3/30/2011,-0.552127888,-0.495774025,-0.361525574,-0.360480605,-0.037406099,-1.261293468
3/31/2011,-0.552127888,-0.495774025,-0.361525574,-0.360480605,-0.037406099,-1.261293468
4/1/2011,-0.562821186,-0.523286567,-0.377439115,-0.361273368,-0.01280328,-1.264060858
4/2/2011,-0.562821186,-0.523286567,-0.377439115,-0.361273368,-0.01280328,-1.264060858
4/3/2011,-0.562821186,-0.523286567,-0.377439115,-0.361273368,-0.01280328,-1.264060858
4/4/2011,-0.562821186,-0.523286567,-0.377439115,-0.361273368,-0.01280328,-1.264060858
4/5/2011,-0.562821186,-0.523286567,-0.377439115,-0.361273368,-0.01280328,-1.264060858
4/6/2011,-0.562821186,-0.523286567,-0.377439115,-0.361273368,-0.01280328,-1.264060858
4/7/2011,-0.562821186,-0.523286567,-0.377439115,-0.361273368,-0.01280328,-1.264060858
4/8/2011,-0.577109055,-0.553816622,-0.395715726,-0.364814376,0.012983817,-1.267198267
4/9/2011,-0.577109055,-0.553816622,-0.395715726,-0.364814376,0.012983817,-1.267198267
4/10/2011,-0.577109055,-0.553816622,-0.395715726,-0.364814376,0.012983817,-1.267198267
4/11/2011,-0.577109055,-0.553816622,-0.395715726,-0.364814376,0.012983817,-1.267198267
4/12/2011,-0.577109055,-0.553816622,-0.395715726,-0.364814376,0.012983817,-1.267198267
4/13/2011,-0.577109055,-0.553816622,-0.395715726,-0.364814376,0.012983817,-1.267198267
4/14/2011,-0.577109055,-0.553816622,-0.395715726,-0.364814376,0.012983817,-1.267198267
4/15/2011,-0.590464286,-0.573305197,-0.412812493,-0.368759681,0.038663854,-1.270700604
4/16/2011,-0.590464286,-0.573305197,-0.412812493,-0.368759681,0.038663854,-1.270700604
4/17/2011,-0.590464286,-0.573305197,-0.412812493,-0.368759681,0.038663854,-1.270700604
4/18/2011,-0.590464286,-0.573305197,-0.412812493,-0.368759681,0.038663854,-1.270700604
4/19/2011,-0.590464286,-0.573305197,-0.412812493,-0.368759681,0.038663854,-1.270700604
4/20/2011,-0.590464286,-0.573305197,-0.412812493,-0.368759681,0.038663854,-1.270700604
4/21/2011,-0.590464286,-0.573305197,-0.412812493,-0.368759681,0.038663854,-1.270700604
4/22/2011,-0.59995049,-0.578164435,-0.425584134,-0.371543962,0.062930149,-1.274551991
4/23/2011,-0.59995049,-0.578164435,-0.425584134,-0.371543962,0.062930149,-1.274551991
4/24/2011,-0.59995049,-0.578164435,-0.425584134,-0.371543962,0.062930149,-1.274551991
4/25/2011,-0.59995049,-0.578164435,-0.425584134,-0.371543962,0.062930149,-1.274551991
4/26/2011,-0.59995049,-0.578164435,-0.425584134,-0.371543962,0.062930149,-1.274551991
4/27/2011,-0.59995049,-0.578164435,-0.425584134,-0.371543962,0.062930149,-1.274551991
4/28/2011,-0.59995049,-0.578164435,-0.425584134,-0.371543962,0.062930149,-1.274551991
4/29/2011,-0.603625185,-0.576995797,-0.432409442,-0.371872879,0.084992952,-1.278732875
4/30/2011,-0.603625185,-0.576995797,-0.432409442,-0.371872879,0.084992952,-1.278732875
5/1/2011,-0.603625185,-0.576995797,-0.432409442,-0.371872879,0.084992952,-1.278732875
5/2/2011,-0.603625185,-0.576995797,-0.432409442,-0.371872879,0.084992952,-1.278732875
5/3/2011,-0.603625185,-0.576995797,-0.432409442,-0.371872879,0.084992952,-1.278732875
5/4/2011,-0.603625185,-0.576995797,-0.432409442,-0.371872879,0.084992952,-1.278732875
5/5/2011,-0.603625185,-0.576995797,-0.432409442,-0.371872879,0.084992952,-1.278732875
5/6/2011,-0.600354257,-0.579255237,-0.432790021,-0.368599357,0.104335787,-1.283217317
5/7/2011,-0.600354257,-0.579255237,-0.432790021,-0.368599357,0.104335787,-1.283217317
5/8/2011,-0.600354257,-0.579255237,-0.432790021,-0.368599357,0.104335787,-1.283217317
5/9/2011,-0.600354257,-0.579255237,-0.432790021,-0.368599357,0.104335787,-1.283217317
5/10/2011,-0.600354257,-0.579255237,-0.432790021,-0.368599357,0.104335787,-1.283217317
5/11/2011,-0.600354257,-0.579255237,-0.432790021,-0.368599357,0.104335787,-1.283217317
5/12/2011,-0.600354257,-0.579255237,-0.432790021,-0.368599357,0.104335787,-1.283217317
5/13/2011,-0.590867301,-0.586236805,-0.427929119,-0.361550172,0.121294977,-1.287974957
5/14/2011,-0.590867301,-0.586236805,-0.427929119,-0.361550172,0.121294977,-1.287974957
5/15/2011,-0.590867301,-0.586236805,-0.427929119,-0.361550172,0.121294977,-1.287974957
5/16/2011,-0.590867301,-0.586236805,-0.427929119,-0.361550172,0.121294977,-1.287974957
5/17/2011,-0.590867301,-0.586236805,-0.427929119,-0.361550172,0.121294977,-1.287974957
5/18/2011,-0.590867301,-0.586236805,-0.427929119,-0.361550172,0.121294977,-1.287974957
5/19/2011,-0.590867301,-0.586236805,-0.427929119,-0.361550172,0.121294977,-1.287974957
5/20/2011,-0.578357853,-0.596662386,-0.419854797,-0.352134307,0.136471382,-1.292972745
5/21/2011,-0.578357853,-0.596662386,-0.419854797,-0.352134307,0.136471382,-1.292972745
5/22/2011,-0.578357853,-0.596662386,-0.419854797,-0.352134307,0.136471382,-1.292972745
5/23/2011,-0.578357853,-0.596662386,-0.419854797,-0.352134307,0.136471382,-1.292972745
5/24/2011,-0.578357853,-0.596662386,-0.419854797,-0.352134307,0.136471382,-1.292972745
5/25/2011,-0.578357853,-0.596662386,-0.419854797,-0.352134307,0.136471382,-1.292972745
5/26/2011,-0.578357853,-0.596662386,-0.419854797,-0.352134307,0.136471382,-1.292972745
5/27/2011,-0.564392808,-0.599638626,-0.409838806,-0.341619353,0.151447443,-1.298176225
5/28/2011,-0.564392808,-0.599638626,-0.409838806,-0.341619353,0.151447443,-1.298176225
5/29/2011,-0.564392808,-0.599638626,-0.409838806,-0.341619353,0.151447443,-1.298176225
5/30/2011,-0.564392808,-0.599638626,-0.409838806,-0.341619353,0.151447443,-1.298176225
5/31/2011,-0.564392808,-0.599638626,-0.409838806,-0.341619353,0.151447443,-1.298176225
6/1/2011,-0.564392808,-0.599638626,-0.409838806,-0.341619353,0.151447443,-1.298176225
6/2/2011,-0.564392808,-0.599638626,-0.409838806,-0.341619353,0.151447443,-1.298176225
6/3/2011,-0.550897952,-0.589141702,-0.398880885,-0.331660716,0.168334952,-1.303550545
6/4/2011,-0.550897952,-0.589141702,-0.398880885,-0.331660716,0.168334952,-1.303550545
6/5/2011,-0.550897952,-0.589141702,-0.398880885,-0.331660716,0.168334952,-1.303550545
6/6/2011,-0.550897952,-0.589141702,-0.398880885,-0.331660716,0.168334952,-1.303550545
6/7/2011,-0.550897952,-0.589141702,-0.398880885,-0.331660716,0.168334952,-1.303550545
6/8/2011,-0.550897952,-0.589141702,-0.398880885,-0.331660716,0.168334952,-1.303550545
6/9/2011,-0.550897952,-0.589141702,-0.398880885,-0.331660716,0.168334952,-1.303550545
6/10/2011,-0.538499222,-0.563737889,-0.387337627,-0.323176012,0.189709839,-1.309062121
6/11/2011,-0.538499222,-0.563737889,-0.387337627,-0.323176012,0.189709839,-1.309062121
6/12/2011,-0.538499222,-0.563737889,-0.387337627,-0.323176012,0.189709839,-1.309062121
6/13/2011,-0.538499222,-0.563737889,-0.387337627,-0.323176012,0.189709839,-1.309062121
6/14/2011,-0.538499222,-0.563737889,-0.387337627,-0.323176012,0.189709839,-1.309062121
6/15/2011,-0.538499222,-0.563737889,-0.387337627,-0.323176012,0.189709839,-1.309062121
6/16/2011,-0.538499222,-0.563737889,-0.387337627,-0.323176012,0.189709839,-1.309062121
6/17/2011,-0.529698236,-0.541592199,-0.3762649,-0.31695644,0.217727032,-1.31467964
6/18/2011,-0.529698236,-0.541592199,-0.3762649,-0.31695644,0.217727032,-1.31467964
6/19/2011,-0.529698236,-0.541592199,-0.3762649,-0.31695644,0.217727032,-1.31467964
6/20/2011,-0.529698236,-0.541592199,-0.3762649,-0.31695644,0.217727032,-1.31467964
6/21/2011,-0.529698236,-0.541592199,-0.3762649,-0.31695644,0.217727032,-1.31467964
6/22/2011,-0.529698236,-0.541592199,-0.3762649,-0.31695644,0.217727032,-1.31467964
6/23/2011,-0.529698236,-0.541592199,-0.3762649,-0.31695644,0.217727032,-1.31467964
6/24/2011,-0.522692141,-0.533336029,-0.365518029,-0.311207436,0.255197316,-1.32037535
6/25/2011,-0.522692141,-0.533336029,-0.365518029,-0.311207436,0.255197316,-1.32037535
6/26/2011,-0.522692141,-0.533336029,-0.365518029,-0.311207436,0.255197316,-1.32037535
6/27/2011,-0.522692141,-0.533336029,-0.365518029,-0.311207436,0.255197316,-1.32037535
6/28/2011,-0.522692141,-0.533336029,-0.365518029,-0.311207436,0.255197316,-1.32037535
6/29/2011,-0.522692141,-0.533336029,-0.365518029,-0.311207436,0.255197316,-1.32037535
6/30/2011,-0.522692141,-0.533336029,-0.365518029,-0.311207436,0.255197316,-1.32037535
7/1/2011,-0.515799016,-0.54435133,-0.353434468,-0.304119477,0.30319657,-1.326125792
7/2/2011,-0.515799016,-0.54435133,-0.353434468,-0.304119477,0.30319657,-1.326125792
7/3/2011,-0.515799016,-0.54435133,-0.353434468,-0.304119477,0.30319657,-1.326125792
7/4/2011,-0.515799016,-0.54435133,-0.353434468,-0.304119477,0.30319657,-1.326125792
7/5/2011,-0.515799016,-0.54435133,-0.353434468,-0.304119477,0.30319657,-1.326125792
7/6/2011,-0.515799016,-0.54435133,-0.353434468,-0.304119477,0.30319657,-1.326125792
7/7/2011,-0.515799016,-0.54435133,-0.353434468,-0.304119477,0.30319657,-1.326125792
7/8/2011,-0.503719989,-0.561796963,-0.338329294,-0.291481881,0.363049366,-1.331914759
7/9/2011,-0.503719989,-0.561796963,-0.338329294,-0.291481881,0.363049366,-1.331914759
7/10/2011,-0.503719989,-0.561796963,-0.338329294,-0.291481881,0.363049366,-1.331914759
7/11/2011,-0.503719989,-0.561796963,-0.338329294,-0.291481881,0.363049366,-1.331914759
7/12/2011,-0.503719989,-0.561796963,-0.338329294,-0.291481881,0.363049366,-1.331914759
7/13/2011,-0.503719989,-0.561796963,-0.338329294,-0.291481881,0.363049366,-1.331914759
7/14/2011,-0.503719989,-0.561796963,-0.338329294,-0.291481881,0.363049366,-1.331914759
7/15/2011,-0.481088209,-0.561556701,-0.31705324,-0.269590579,0.434075654,-1.337729534
7/16/2011,-0.481088209,-0.561556701,-0.31705324,-0.269590579,0.434075654,-1.337729534
7/17/2011,-0.481088209,-0.561556701,-0.31705324,-0.269590579,0.434075654,-1.337729534
7/18/2011,-0.481088209,-0.561556701,-0.31705324,-0.269590579,0.434075654,-1.337729534
7/19/2011,-0.481088209,-0.561556701,-0.31705324,-0.269590579,0.434075654,-1.337729534
7/20/2011,-0.481088209,-0.561556701,-0.31705324,-0.269590579,0.434075654,-1.337729534
7/21/2011,-0.481088209,-0.561556701,-0.31705324,-0.269590579,0.434075654,-1.337729534
7/22/2011,-0.446536746,-0.527315856,-0.287854327,-0.237732753,0.514664205,-1.343566188
7/23/2011,-0.446536746,-0.527315856,-0.287854327,-0.237732753,0.514664205,-1.343566188
7/24/2011,-0.446536746,-0.527315856,-0.287854327,-0.237732753,0.514664205,-1.343566188
7/25/2011,-0.446536746,-0.527315856,-0.287854327,-0.237732753,0.514664205,-1.343566188
7/26/2011,-0.446536746,-0.527315856,-0.287854327,-0.237732753,0.514664205,-1.343566188
7/27/2011,-0.446536746,-0.527315856,-0.287854327,-0.237732753,0.514664205,-1.343566188
7/28/2011,-0.446536746,-0.527315856,-0.287854327,-0.237732753,0.514664205,-1.343566188
7/29/2011,-0.397158448,-0.451577839,-0.250222203,-0.194272199,0.602487292,-1.349427541
7/30/2011,-0.397158448,-0.451577839,-0.250222203,-0.194272199,0.602487292,-1.349427541
7/31/2011,-0.397158448,-0.451577839,-0.250222203,-0.194272199,0.602487292,-1.349427541
8/1/2011,-0.397158448,-0.451577839,-0.250222203,-0.194272199,0.602487292,-1.349427541
8/2/2011,-0.397158448,-0.451577839,-0.250222203,-0.194272199,0.602487292,-1.349427541
8/3/2011,-0.397158448,-0.451577839,-0.250222203,-0.194272199,0.602487292,-1.349427541
8/4/2011,-0.397158448,-0.451577839,-0.250222203,-0.194272199,0.602487292,-1.349427541
8/5/2011,-0.332631478,-0.342964712,-0.203800425,-0.140602595,0.694246512,-1.355322321
8/6/2011,-0.332631478,-0.342964712,-0.203800425,-0.140602595,0.694246512,-1.355322321
8/7/2011,-0.332631478,-0.342964712,-0.203800425,-0.140602595,0.694246512,-1.355322321
8/8/2011,-0.332631478,-0.342964712,-0.203800425,-0.140602595,0.694246512,-1.355322321
8/9/2011,-0.332631478,-0.342964712,-0.203800425,-0.140602595,0.694246512,-1.355322321
8/10/2011,-0.332631478,-0.342964712,-0.203800425,-0.140602595,0.694246512,-1.355322321
8/11/2011,-0.332631478,-0.342964712,-0.203800425,-0.140602595,0.694246512,-1.355322321
8/12/2011,-0.260333357,-0.230028598,-0.152772453,-0.081376718,0.785347601,-1.36126334
8/13/2011,-0.260333357,-0.230028598,-0.152772453,-0.081376718,0.785347601,-1.36126334
8/14/2011,-0.260333357,-0.230028598,-0.152772453,-0.081376718,0.785347601,-1.36126334
8/15/2011,-0.260333357,-0.230028598,-0.152772453,-0.081376718,0.785347601,-1.36126334
8/16/2011,-0.260333357,-0.230028598,-0.152772453,-0.081376718,0.785347601,-1.36126334
8/17/2011,-0.260333357,-0.230028598,-0.152772453,-0.081376718,0.785347601,-1.36126334
8/18/2011,-0.260333357,-0.230028598,-0.152772453,-0.081376718,0.785347601,-1.36126334
8/19/2011,-0.196527735,-0.145820546,-0.107367694,-0.023676412,0.870519391,-1.367265481
8/20/2011,-0.196527735,-0.145820546,-0.107367694,-0.023676412,0.870519391,-1.367265481
8/21/2011,-0.196527735,-0.145820546,-0.107367694,-0.023676412,0.870519391,-1.367265481
8/22/2011,-0.196527735,-0.145820546,-0.107367694,-0.023676412,0.870519391,-1.367265481
8/23/2011,-0.196527735,-0.145820546,-0.107367694,-0.023676412,0.870519391,-1.367265481
8/24/2011,-0.196527735,-0.145820546,-0.107367694,-0.023676412,0.870519391,-1.367265481
8/25/2011,-0.196527735,-0.145820546,-0.107367694,-0.023676412,0.870519391,-1.367265481
8/26/2011,-0.137777561,-0.084740602,-0.065236823,0.029710795,0.945939216,-1.373343293
8/27/2011,-0.137777561,-0.084740602,-0.065236823,0.029710795,0.945939216,-1.373343293
8/28/2011,-0.137777561,-0.084740602,-0.065236823,0.029710795,0.945939216,-1.373343293
8/29/2011,-0.137777561,-0.084740602,-0.065236823,0.029710795,0.945939216,-1.373343293
8/30/2011,-0.137777561,-0.084740602,-0.065236823,0.029710795,0.945939216,-1.373343293
8/31/2011,-0.137777561,-0.084740602,-0.065236823,0.029710795,0.945939216,-1.373343293
9/1/2011,-0.137777561,-0.084740602,-0.065236823,0.029710795,0.945939216,-1.373343293
9/2/2011,-0.095064149,-0.050485787,-0.033351211,0.072613587,1.008437553,-1.379508373
9/3/2011,-0.095064149,-0.050485787,-0.033351211,0.072613587,1.008437553,-1.379508373
9/4/2011,-0.095064149,-0.050485787,-0.033351211,0.072613587,1.008437553,-1.379508373
9/5/2011,-0.095064149,-0.050485787,-0.033351211,0.072613587,1.008437553,-1.379508373
9/6/2011,-0.095064149,-0.050485787,-0.033351211,0.072613587,1.008437553,-1.379508373
9/7/2011,-0.095064149,-0.050485787,-0.033351211,0.072613587,1.008437553,-1.379508373
9/8/2011,-0.095064149,-0.050485787,-0.033351211,0.072613587,1.008437553,-1.379508373
9/9/2011,-0.063138352,-0.021745967,-0.009118687,0.105094598,1.055021833,-1.385767578
9/10/2011,-0.063138352,-0.021745967,-0.009118687,0.105094598,1.055021833,-1.385767578
9/11/2011,-0.063138352,-0.021745967,-0.009118687,0.105094598,1.055021833,-1.385767578
9/12/2011,-0.063138352,-0.021745967,-0.009118687,0.105094598,1.055021833,-1.385767578
9/13/2011,-0.063138352,-0.021745967,-0.009118687,0.105094598,1.055021833,-1.385767578
9/14/2011,-0.063138352,-0.021745967,-0.009118687,0.105094598,1.055021833,-1.385767578
9/15/2011,-0.063138352,-0.021745967,-0.009118687,0.105094598,1.055021833,-1.385767578
9/16/2011,-0.045354194,0.004973043,0.005282287,0.125172258,1.08431621,-1.392120628
9/17/2011,-0.045354194,0.004973043,0.005282287,0.125172258,1.08431621,-1.392120628
9/18/2011,-0.045354194,0.004973043,0.005282287,0.125172258,1.08431621,-1.392120628
9/19/2011,-0.045354194,0.004973043,0.005282287,0.125172258,1.08431621,-1.392120628
9/20/2011,-0.045354194,0.004973043,0.005282287,0.125172258,1.08431621,-1.392120628
9/21/2011,-0.045354194,0.004973043,0.005282287,0.125172258,1.08431621,-1.392120628
9/22/2011,-0.045354194,0.004973043,0.005282287,0.125172258,1.08431621,-1.392120628
9/23/2011,-0.036478474,0.030342679,0.013366686,0.133851541,1.096749278,-1.398558236
9/24/2011,-0.036478474,0.030342679,0.013366686,0.133851541,1.096749278,-1.398558236
9/25/2011,-0.036478474,0.030342679,0.013366686,0.133851541,1.096749278,-1.398558236
9/26/2011,-0.036478474,0.030342679,0.013366686,0.133851541,1.096749278,-1.398558236
9/27/2011,-0.036478474,0.030342679,0.013366686,0.133851541,1.096749278,-1.398558236
9/28/2011,-0.036478474,0.030342679,0.013366686,0.133851541,1.096749278,-1.398558236
9/29/2011,-0.036478474,0.030342679,0.013366686,0.133851541,1.096749278,-1.398558236
9/30/2011,-0.03891814,0.035836132,0.014608769,0.131884637,1.09170303,-1.405061804
10/1/2011,-0.03891814,0.035836132,0.014608769,0.131884637,1.09170303,-1.405061804
10/2/2011,-0.03891814,0.035836132,0.014608769,0.131884637,1.09170303,-1.405061804
10/3/2011,-0.03891814,0.035836132,0.014608769,0.131884637,1.09170303,-1.405061804
10/4/2011,-0.03891814,0.035836132,0.014608769,0.131884637,1.09170303,-1.405061804
10/5/2011,-0.03891814,0.035836132,0.014608769,0.131884637,1.09170303,-1.405061804
10/6/2011,-0.03891814,0.035836132,0.014608769,0.131884637,1.09170303,-1.405061804
10/7/2011,-0.050858639,0.011498224,0.010047287,0.122090386,1.070880862,-1.411607845
10/8/2011,-0.050858639,0.011498224,0.010047287,0.122090386,1.070880862,-1.411607845
10/9/2011,-0.050858639,0.011498224,0.010047287,0.122090386,1.070880862,-1.411607845
10/10/2011,-0.050858639,0.011498224,0.010047287,0.122090386,1.070880862,-1.411607845
10/11/2011,-0.050858639,0.011498224,0.010047287,0.122090386,1.070880862,-1.411607845
10/12/2011,-0.050858639,0.011498224,0.010047287,0.122090386,1.070880862,-1.411607845
10/13/2011,-0.050858639,0.011498224,0.010047287,0.122090386,1.070880862,-1.411607845
10/14/2011,-0.07274631,-0.042987013,0.000764357,0.106447998,1.035981579,-1.418156762
10/15/2011,-0.07274631,-0.042987013,0.000764357,0.106447998,1.035981579,-1.418156762
10/16/2011,-0.07274631,-0.042987013,0.000764357,0.106447998,1.035981579,-1.418156762
10/17/2011,-0.07274631,-0.042987013,0.000764357,0.106447998,1.035981579,-1.418156762
10/18/2011,-0.07274631,-0.042987013,0.000764357,0.106447998,1.035981579,-1.418156762
10/19/2011,-0.07274631,-0.042987013,0.000764357,0.106447998,1.035981579,-1.418156762
10/20/2011,-0.07274631,-0.042987013,0.000764357,0.106447998,1.035981579,-1.418156762
10/21/2011,-0.091121197,-0.099541312,-0.006583271,0.092537423,0.990156091,-1.424673525
10/22/2011,-0.091121197,-0.099541312,-0.006583271,0.092537423,0.990156091,-1.424673525
10/23/2011,-0.091121197,-0.099541312,-0.006583271,0.092537423,0.990156091,-1.424673525
10/24/2011,-0.091121197,-0.099541312,-0.006583271,0.092537423,0.990156091,-1.424673525
10/25/2011,-0.091121197,-0.099541312,-0.006583271,0.092537423,0.990156091,-1.424673525
10/26/2011,-0.091121197,-0.099541312,-0.006583271,0.092537423,0.990156091,-1.424673525
10/27/2011,-0.091121197,-0.099541312,-0.006583271,0.092537423,0.990156091,-1.424673525
10/28/2011,-0.105446072,-0.140146958,-0.011807987,0.082728369,0.936131505,-1.431118545
10/29/2011,-0.105446072,-0.140146958,-0.011807987,0.082728369,0.936131505,-1.431118545
10/30/2011,-0.105446072,-0.140146958,-0.011807987,0.082728369,0.936131505,-1.431118545
10/31/2011,-0.105446072,-0.140146958,-0.011807987,0.082728369,0.936131505,-1.431118545
11/1/2011,-0.105446072,-0.140146958,-0.011807987,0.082728369,0.936131505,-1.431118545
11/2/2011,-0.105446072,-0.140146958,-0.011807987,0.082728369,0.936131505,-1.431118545
11/3/2011,-0.105446072,-0.140146958,-0.011807987,0.082728369,0.936131505,-1.431118545
11/4/2011,-0.106989826,-0.142879725,-0.011003503,0.081342719,0.8772575,-1.437451112
11/5/2011,-0.106989826,-0.142879725,-0.011003503,0.081342719,0.8772575,-1.437451112
11/6/2011,-0.106989826,-0.142879725,-0.011003503,0.081342719,0.8772575,-1.437451112
11/7/2011,-0.106989826,-0.142879725,-0.011003503,0.081342719,0.8772575,-1.437451112
11/8/2011,-0.106989826,-0.142879725,-0.011003503,0.081342719,0.8772575,-1.437451112
11/9/2011,-0.106989826,-0.142879725,-0.011003503,0.081342719,0.8772575,-1.437451112
11/10/2011,-0.106989826,-0.142879725,-0.011003503,0.081342719,0.8772575,-1.437451112
11/11/2011,-0.099586571,-0.114842373,-0.006050317,0.086887112,0.815493447,-1.443629263
11/12/2011,-0.099586571,-0.114842373,-0.006050317,0.086887112,0.815493447,-1.443629263
11/13/2011,-0.099586571,-0.114842373,-0.006050317,0.086887112,0.815493447,-1.443629263
11/14/2011,-0.099586571,-0.114842373,-0.006050317,0.086887112,0.815493447,-1.443629263
11/15/2011,-0.099586571,-0.114842373,-0.006050317,0.086887112,0.815493447,-1.443629263
11/16/2011,-0.099586571,-0.114842373,-0.006050317,0.086887112,0.815493447,-1.443629263
11/17/2011,-0.099586571,-0.114842373,-0.006050317,0.086887112,0.815493447,-1.443629263
11/18/2011,-0.08692752,-0.073088739,-7.69E-05,0.097105804,0.753692305,-1.449609556
11/19/2011,-0.08692752,-0.073088739,-7.69E-05,0.097105804,0.753692305,-1.449609556
11/20/2011,-0.08692752,-0.073088739,-7.69E-05,0.097105804,0.753692305,-1.449609556
11/21/2011,-0.08692752,-0.073088739,-7.69E-05,0.097105804,0.753692305,-1.449609556
11/22/2011,-0.08692752,-0.073088739,-7.69E-05,0.097105804,0.753692305,-1.449609556
11/23/2011,-0.08692752,-0.073088739,-7.69E-05,0.097105804,0.753692305,-1.449609556
11/24/2011,-0.08692752,-0.073088739,-7.69E-05,0.097105804,0.753692305,-1.449609556
11/25/2011,-0.073894259,-0.037891737,0.004728984,0.10794226,0.692700966,-1.455345363
11/26/2011,-0.073894259,-0.037891737,0.004728984,0.10794226,0.692700966,-1.455345363
11/27/2011,-0.073894259,-0.037891737,0.004728984,0.10794226,0.692700966,-1.455345363
11/28/2011,-0.073894259,-0.037891737,0.004728984,0.10794226,0.692700966,-1.455345363
11/29/2011,-0.073894259,-0.037891737,0.004728984,0.10794226,0.692700966,-1.455345363
11/30/2011,-0.073894259,-0.037891737,0.004728984,0.10794226,0.692700966,-1.455345363
12/1/2011,-0.073894259,-0.037891737,0.004728984,0.10794226,0.692700966,-1.455345363
12/2/2011,-0.072329785,-0.033790761,0.002904362,0.112948646,0.633093294,-1.460786206
12/3/2011,-0.072329785,-0.033790761,0.002904362,0.112948646,0.633093294,-1.460786206
12/4/2011,-0.072329785,-0.033790761,0.002904362,0.112948646,0.633093294,-1.460786206
12/5/2011,-0.072329785,-0.033790761,0.002904362,0.112948646,0.633093294,-1.460786206
12/6/2011,-0.072329785,-0.033790761,0.002904362,0.112948646,0.633093294,-1.460786206
12/7/2011,-0.072329785,-0.033790761,0.002904362,0.112948646,0.633093294,-1.460786206
12/8/2011,-0.072329785,-0.033790761,0.002904362,0.112948646,0.633093294,-1.460786206
12/9/2011,-0.078617669,-0.049724836,-0.005712415,0.111975886,0.575811358,-1.465876881
12/10/2011,-0.078617669,-0.049724836,-0.005712415,0.111975886,0.575811358,-1.465876881
12/11/2011,-0.078617669,-0.049724836,-0.005712415,0.111975886,0.575811358,-1.465876881
12/12/2011,-0.078617669,-0.049724836,-0.005712415,0.111975886,0.575811358,-1.465876881
12/13/2011,-0.078617669,-0.049724836,-0.005712415,0.111975886,0.575811358,-1.465876881
12/14/2011,-0.078617669,-0.049724836,-0.005712415,0.111975886,0.575811358,-1.465876881
12/15/2011,-0.078617669,-0.049724836,-0.005712415,0.111975886,0.575811358,-1.465876881
12/16/2011,-0.092465193,-0.07435474,-0.02064318,0.103798525,0.52070795,-1.470556028
12/17/2011,-0.092465193,-0.07435474,-0.02064318,0.103798525,0.52070795,-1.470556028
12/18/2011,-0.092465193,-0.07435474,-0.02064318,0.103798525,0.52070795,-1.470556028
12/19/2011,-0.092465193,-0.07435474,-0.02064318,0.103798525,0.52070795,-1.470556028
12/20/2011,-0.092465193,-0.07435474,-0.02064318,0.103798525,0.52070795,-1.470556028
12/21/2011,-0.092465193,-0.07435474,-0.02064318,0.103798525,0.52070795,-1.470556028
12/22/2011,-0.092465193,-0.07435474,-0.02064318,0.103798525,0.52070795,-1.470556028
12/23/2011,-0.11700943,-0.103707312,-0.042987946,0.086441446,0.467591693,-1.474756446
12/24/2011,-0.11700943,-0.103707312,-0.042987946,0.086441446,0.467591693,-1.474756446
12/25/2011,-0.11700943,-0.103707312,-0.042987946,0.086441446,0.467591693,-1.474756446
12/26/2011,-0.11700943,-0.103707312,-0.042987946,0.086441446,0.467591693,-1.474756446
12/27/2011,-0.11700943,-0.103707312,-0.042987946,0.086441446,0.467591693,-1.474756446
12/28/2011,-0.11700943,-0.103707312,-0.042987946,0.086441446,0.467591693,-1.474756446
12/29/2011,-0.11700943,-0.103707312,-0.042987946,0.086441446,0.467591693,-1.474756446
12/30/2011,-0.151323495,-0.13560092,-0.072686804,0.061209839,0.416253671,-1.47840735
12/31/2011,-0.151323495,-0.13560092,-0.072686804,0.061209839,0.416253671,-1.47840735
1/1/2012,-0.151323495,-0.13560092,-0.072686804,0.061209839,0.416253671,-1.47840735
1/2/2012,-0.151323495,-0.13560092,-0.072686804,0.061209839,0.416253671,-1.47840735
1/3/2012,-0.151323495,-0.13560092,-0.072686804,0.061209839,0.416253671,-1.47840735
1/4/2012,-0.151323495,-0.13560092,-0.072686804,0.061209839,0.416253671,-1.47840735
1/5/2012,-0.151323495,-0.13560092,-0.072686804,0.061209839,0.416253671,-1.47840735
1/6/2012,-0.192911033,-0.17335897,-0.108226223,0.030248028,0.366846344,-1.481434589
1/7/2012,-0.192911033,-0.17335897,-0.108226223,0.030248028,0.366846344,-1.481434589
1/8/2012,-0.192911033,-0.17335897,-0.108226223,0.030248028,0.366846344,-1.481434589
1/9/2012,-0.192911033,-0.17335897,-0.108226223,0.030248028,0.366846344,-1.481434589
1/10/2012,-0.192911033,-0.17335897,-0.108226223,0.030248028,0.366846344,-1.481434589
1/11/2012,-0.192911033,-0.17335897,-0.108226223,0.030248028,0.366846344,-1.481434589
1/12/2012,-0.192911033,-0.17335897,-0.108226223,0.030248028,0.366846344,-1.481434589
1/13/2012,-0.239449528,-0.225281548,-0.148048124,-0.004045499,0.320170332,-1.483758369
1/14/2012,-0.239449528,-0.225281548,-0.148048124,-0.004045499,0.320170332,-1.483758369
1/15/2012,-0.239449528,-0.225281548,-0.148048124,-0.004045499,0.320170332,-1.483758369
1/16/2012,-0.239449528,-0.225281548,-0.148048124,-0.004045499,0.320170332,-1.483758369
1/17/2012,-0.239449528,-0.225281548,-0.148048124,-0.004045499,0.320170332,-1.483758369
1/18/2012,-0.239449528,-0.225281548,-0.148048124,-0.004045499,0.320170332,-1.483758369
1/19/2012,-0.239449528,-0.225281548,-0.148048124,-0.004045499,0.320170332,-1.483758369
1/20/2012,-0.285726786,-0.287836848,-0.188282111,-0.038466254,0.276781757,-1.485314038
1/21/2012,-0.285726786,-0.287836848,-0.188282111,-0.038466254,0.276781757,-1.485314038
1/22/2012,-0.285726786,-0.287836848,-0.188282111,-0.038466254,0.276781757,-1.485314038
1/23/2012,-0.285726786,-0.287836848,-0.188282111,-0.038466254,0.276781757,-1.485314038
1/24/2012,-0.285726786,-0.287836848,-0.188282111,-0.038466254,0.276781757,-1.485314038
1/25/2012,-0.285726786,-0.287836848,-0.188282111,-0.038466254,0.276781757,-1.485314038
1/26/2012,-0.285726786,-0.287836848,-0.188282111,-0.038466254,0.276781757,-1.485314038
1/27/2012,-0.32758382,-0.34925505,-0.226127409,-0.070049144,0.23759145,-1.486041521
1/28/2012,-0.32758382,-0.34925505,-0.226127409,-0.070049144,0.23759145,-1.486041521
1/29/2012,-0.32758382,-0.34925505,-0.226127409,-0.070049144,0.23759145,-1.486041521
1/30/2012,-0.32758382,-0.34925505,-0.226127409,-0.070049144,0.23759145,-1.486041521
1/31/2012,-0.32758382,-0.34925505,-0.226127409,-0.070049144,0.23759145,-1.486041521
2/1/2012,-0.32758382,-0.34925505,-0.226127409,-0.070049144,0.23759145,-1.486041521
2/2/2012,-0.32758382,-0.34925505,-0.226127409,-0.070049144,0.23759145,-1.486041521
2/3/2012,-0.36029377,-0.393100948,-0.25861549,-0.095745404,0.202956956,-1.4858944
2/4/2012,-0.36029377,-0.393100948,-0.25861549,-0.095745404,0.202956956,-1.4858944
2/5/2012,-0.36029377,-0.393100948,-0.25861549,-0.095745404,0.202956956,-1.4858944
2/6/2012,-0.36029377,-0.393100948,-0.25861549,-0.095745404,0.202956956,-1.4858944
2/7/2012,-0.36029377,-0.393100948,-0.25861549,-0.095745404,0.202956956,-1.4858944
2/8/2012,-0.36029377,-0.393100948,-0.25861549,-0.095745404,0.202956956,-1.4858944
2/9/2012,-0.36029377,-0.393100948,-0.25861549,-0.095745404,0.202956956,-1.4858944
2/10/2012,-0.384135807,-0.415009518,-0.285092292,-0.115526469,0.173759953,-1.484845753
2/11/2012,-0.384135807,-0.415009518,-0.285092292,-0.115526469,0.173759953,-1.484845753
2/12/2012,-0.384135807,-0.415009518,-0.285092292,-0.115526469,0.173759953,-1.484845753
2/13/2012,-0.384135807,-0.415009518,-0.285092292,-0.115526469,0.173759953,-1.484845753
2/14/2012,-0.384135807,-0.415009518,-0.285092292,-0.115526469,0.173759953,-1.484845753
2/15/2012,-0.384135807,-0.415009518,-0.285092292,-0.115526469,0.173759953,-1.484845753
2/16/2012,-0.384135807,-0.415009518,-0.285092292,-0.115526469,0.173759953,-1.484845753
2/17/2012,-0.399663845,-0.41693531,-0.305249332,-0.129515506,0.15011755,-1.482889812
2/18/2012,-0.399663845,-0.41693531,-0.305249332,-0.129515506,0.15011755,-1.482889812
2/19/2012,-0.399663845,-0.41693531,-0.305249332,-0.129515506,0.15011755,-1.482889812
2/20/2012,-0.399663845,-0.41693531,-0.305249332,-0.129515506,0.15011755,-1.482889812
2/21/2012,-0.399663845,-0.41693531,-0.305249332,-0.129515506,0.15011755,-1.482889812
2/22/2012,-0.399663845,-0.41693531,-0.305249332,-0.129515506,0.15011755,-1.482889812
2/23/2012,-0.399663845,-0.41693531,-0.305249332,-0.129515506,0.15011755,-1.482889812
2/24/2012,-0.41160681,-0.416253504,-0.320271159,-0.14053589,0.132242944,-1.480044191
2/25/2012,-0.41160681,-0.416253504,-0.320271159,-0.14053589,0.132242944,-1.480044191
2/26/2012,-0.41160681,-0.416253504,-0.320271159,-0.14053589,0.132242944,-1.480044191
2/27/2012,-0.41160681,-0.416253504,-0.320271159,-0.14053589,0.132242944,-1.480044191
2/28/2012,-0.41160681,-0.416253504,-0.320271159,-0.14053589,0.132242944,-1.480044191
2/29/2012,-0.41160681,-0.416253504,-0.320271159,-0.14053589,0.132242944,-1.480044191
3/1/2012,-0.41160681,-0.416253504,-0.320271159,-0.14053589,0.132242944,-1.480044191
3/2/2012,-0.422470816,-0.425035379,-0.331762735,-0.149587784,0.120236513,-1.476353041
3/3/2012,-0.422470816,-0.425035379,-0.331762735,-0.149587784,0.120236513,-1.476353041
3/4/2012,-0.422470816,-0.425035379,-0.331762735,-0.149587784,0.120236513,-1.476353041
3/5/2012,-0.422470816,-0.425035379,-0.331762735,-0.149587784,0.120236513,-1.476353041
3/6/2012,-0.422470816,-0.425035379,-0.331762735,-0.149587784,0.120236513,-1.476353041
3/7/2012,-0.422470816,-0.425035379,-0.331762735,-0.149587784,0.120236513,-1.476353041
3/8/2012,-0.422470816,-0.425035379,-0.331762735,-0.149587784,0.120236513,-1.476353041
3/9/2012,-0.43054164,-0.44124063,-0.339383384,-0.156181977,0.114413613,-1.47188626
3/10/2012,-0.43054164,-0.44124063,-0.339383384,-0.156181977,0.114413613,-1.47188626
3/11/2012,-0.43054164,-0.44124063,-0.339383384,-0.156181977,0.114413613,-1.47188626
3/12/2012,-0.43054164,-0.44124063,-0.339383384,-0.156181977,0.114413613,-1.47188626
3/13/2012,-0.43054164,-0.44124063,-0.339383384,-0.156181977,0.114413613,-1.47188626
3/14/2012,-0.43054164,-0.44124063,-0.339383384,-0.156181977,0.114413613,-1.47188626
3/15/2012,-0.43054164,-0.44124063,-0.339383384,-0.156181977,0.114413613,-1.47188626
3/16/2012,-0.438002254,-0.463441808,-0.343694454,-0.161585443,0.114608726,-1.466740901
3/17/2012,-0.438002254,-0.463441808,-0.343694454,-0.161585443,0.114608726,-1.466740901
3/18/2012,-0.438002254,-0.463441808,-0.343694454,-0.161585443,0.114608726,-1.466740901
3/19/2012,-0.438002254,-0.463441808,-0.343694454,-0.161585443,0.114608726,-1.466740901
3/20/2012,-0.438002254,-0.463441808,-0.343694454,-0.161585443,0.114608726,-1.466740901
3/21/2012,-0.438002254,-0.463441808,-0.343694454,-0.161585443,0.114608726,-1.466740901
3/22/2012,-0.438002254,-0.463441808,-0.343694454,-0.161585443,0.114608726,-1.466740901
3/23/2012,-0.441629843,-0.476494956,-0.34465889,-0.163534125,0.120984127,-1.461040561
3/24/2012,-0.441629843,-0.476494956,-0.34465889,-0.163534125,0.120984127,-1.461040561
3/25/2012,-0.441629843,-0.476494956,-0.34465889,-0.163534125,0.120984127,-1.461040561
3/26/2012,-0.441629843,-0.476494956,-0.34465889,-0.163534125,0.120984127,-1.461040561
3/27/2012,-0.441629843,-0.476494956,-0.34465889,-0.163534125,0.120984127,-1.461040561
3/28/2012,-0.441629843,-0.476494956,-0.34465889,-0.163534125,0.120984127,-1.461040561
3/29/2012,-0.441629843,-0.476494956,-0.34465889,-0.163534125,0.120984127,-1.461040561
3/30/2012,-0.439456189,-0.470276822,-0.342686599,-0.159874706,0.133081557,-1.454928624
3/31/2012,-0.439456189,-0.470276822,-0.342686599,-0.159874706,0.133081557,-1.454928624
4/1/2012,-0.439456189,-0.470276822,-0.342686599,-0.159874706,0.133081557,-1.454928624
4/2/2012,-0.439456189,-0.470276822,-0.342686599,-0.159874706,0.133081557,-1.454928624
4/3/2012,-0.439456189,-0.470276822,-0.342686599,-0.159874706,0.133081557,-1.454928624
4/4/2012,-0.439456189,-0.470276822,-0.342686599,-0.159874706,0.133081557,-1.454928624
4/5/2012,-0.439456189,-0.470276822,-0.342686599,-0.159874706,0.133081557,-1.454928624
4/6/2012,-0.43172144,-0.448735085,-0.337546977,-0.150619265,0.15009669,-1.448555162
4/7/2012,-0.43172144,-0.448735085,-0.337546977,-0.150619265,0.15009669,-1.448555162
4/8/2012,-0.43172144,-0.448735085,-0.337546977,-0.150619265,0.15009669,-1.448555162
4/9/2012,-0.43172144,-0.448735085,-0.337546977,-0.150619265,0.15009669,-1.448555162
4/10/2012,-0.43172144,-0.448735085,-0.337546977,-0.150619265,0.15009669,-1.448555162
4/11/2012,-0.43172144,-0.448735085,-0.337546977,-0.150619265,0.15009669,-1.448555162
4/12/2012,-0.43172144,-0.448735085,-0.337546977,-0.150619265,0.15009669,-1.448555162
4/13/2012,-0.418779554,-0.420049374,-0.330292172,-0.134767531,0.170732333,-1.442100051
4/14/2012,-0.418779554,-0.420049374,-0.330292172,-0.134767531,0.170732333,-1.442100051
4/15/2012,-0.418779554,-0.420049374,-0.330292172,-0.134767531,0.170732333,-1.442100051
4/16/2012,-0.418779554,-0.420049374,-0.330292172,-0.134767531,0.170732333,-1.442100051
4/17/2012,-0.418779554,-0.420049374,-0.330292172,-0.134767531,0.170732333,-1.442100051
4/18/2012,-0.418779554,-0.420049374,-0.330292172,-0.134767531,0.170732333,-1.442100051
4/19/2012,-0.418779554,-0.420049374,-0.330292172,-0.134767531,0.170732333,-1.442100051
4/20/2012,-0.402982206,-0.394747787,-0.321954488,-0.113253743,0.193318006,-1.4357138
4/21/2012,-0.402982206,-0.394747787,-0.321954488,-0.113253743,0.193318006,-1.4357138
4/22/2012,-0.402982206,-0.394747787,-0.321954488,-0.113253743,0.193318006,-1.4357138
4/23/2012,-0.402982206,-0.394747787,-0.321954488,-0.113253743,0.193318006,-1.4357138
4/24/2012,-0.402982206,-0.394747787,-0.321954488,-0.113253743,0.193318006,-1.4357138
4/25/2012,-0.402982206,-0.394747787,-0.321954488,-0.113253743,0.193318006,-1.4357138
4/26/2012,-0.402982206,-0.394747787,-0.321954488,-0.113253743,0.193318006,-1.4357138
4/27/2012,-0.381803815,-0.371777051,-0.310473089,-0.086256417,0.216238894,-1.429539792
4/28/2012,-0.381803815,-0.371777051,-0.310473089,-0.086256417,0.216238894,-1.429539792
4/29/2012,-0.381803815,-0.371777051,-0.310473089,-0.086256417,0.216238894,-1.429539792
4/30/2012,-0.381803815,-0.371777051,-0.310473089,-0.086256417,0.216238894,-1.429539792
5/1/2012,-0.381803815,-0.371777051,-0.310473089,-0.086256417,0.216238894,-1.429539792
5/2/2012,-0.381803815,-0.371777051,-0.310473089,-0.086256417,0.216238894,-1.429539792
5/3/2012,-0.381803815,-0.371777051,-0.310473089,-0.086256417,0.216238894,-1.429539792
5/4/2012,-0.355535525,-0.346339061,-0.29592638,-0.055167198,0.238056881,-1.423702294
5/5/2012,-0.355535525,-0.346339061,-0.29592638,-0.055167198,0.238056881,-1.423702294
5/6/2012,-0.355535525,-0.346339061,-0.29592638,-0.055167198,0.238056881,-1.423702294
5/7/2012,-0.355535525,-0.346339061,-0.29592638,-0.055167198,0.238056881,-1.423702294
5/8/2012,-0.355535525,-0.346339061,-0.29592638,-0.055167198,0.238056881,-1.423702294
5/9/2012,-0.355535525,-0.346339061,-0.29592638,-0.055167198,0.238056881,-1.423702294
5/10/2012,-0.355535525,-0.346339061,-0.29592638,-0.055167198,0.238056881,-1.423702294
5/11/2012,-0.323702978,-0.309380354,-0.278369966,-0.02101566,0.256890678,-1.418300289
5/12/2012,-0.323702978,-0.309380354,-0.278369966,-0.02101566,0.256890678,-1.418300289
5/13/2012,-0.323702978,-0.309380354,-0.278369966,-0.02101566,0.256890678,-1.418300289
5/14/2012,-0.323702978,-0.309380354,-0.278369966,-0.02101566,0.256890678,-1.418300289
5/15/2012,-0.323702978,-0.309380354,-0.278369966,-0.02101566,0.256890678,-1.418300289
5/16/2012,-0.323702978,-0.309380354,-0.278369966,-0.02101566,0.256890678,-1.418300289
5/17/2012,-0.323702978,-0.309380354,-0.278369966,-0.02101566,0.256890678,-1.418300289
5/18/2012,-0.290010022,-0.259408403,-0.259625152,0.012752499,0.271513115,-1.413407241
5/19/2012,-0.290010022,-0.259408403,-0.259625152,0.012752499,0.271513115,-1.413407241
5/20/2012,-0.290010022,-0.259408403,-0.259625152,0.012752499,0.271513115,-1.413407241
5/21/2012,-0.290010022,-0.259408403,-0.259625152,0.012752499,0.271513115,-1.413407241
5/22/2012,-0.290010022,-0.259408403,-0.259625152,0.012752499,0.271513115,-1.413407241
5/23/2012,-0.290010022,-0.259408403,-0.259625152,0.012752499,0.271513115,-1.413407241
5/24/2012,-0.290010022,-0.259408403,-0.259625152,0.012752499,0.271513115,-1.413407241
5/25/2012,-0.263159394,-0.210765945,-0.244039422,0.040994347,0.280619354,-1.409073156
5/26/2012,-0.263159394,-0.210765945,-0.244039422,0.040994347,0.280619354,-1.409073156
5/27/2012,-0.263159394,-0.210765945,-0.244039422,0.040994347,0.280619354,-1.409073156
5/28/2012,-0.263159394,-0.210765945,-0.244039422,0.040994347,0.280619354,-1.409073156
5/29/2012,-0.263159394,-0.210765945,-0.244039422,0.040994347,0.280619354,-1.409073156
5/30/2012,-0.263159394,-0.210765945,-0.244039422,0.040994347,0.280619354,-1.409073156
5/31/2012,-0.263159394,-0.210765945,-0.244039422,0.040994347,0.280619354,-1.409073156
6/1/2012,-0.244013593,-0.172226434,-0.233655775,0.062676208,0.284135924,-1.405324551
6/2/2012,-0.244013593,-0.172226434,-0.233655775,0.062676208,0.284135924,-1.405324551
6/3/2012,-0.244013593,-0.172226434,-0.233655775,0.062676208,0.284135924,-1.405324551
6/4/2012,-0.244013593,-0.172226434,-0.233655775,0.062676208,0.284135924,-1.405324551
6/5/2012,-0.244013593,-0.172226434,-0.233655775,0.062676208,0.284135924,-1.405324551
6/6/2012,-0.244013593,-0.172226434,-0.233655775,0.062676208,0.284135924,-1.405324551
6/7/2012,-0.244013593,-0.172226434,-0.233655775,0.062676208,0.284135924,-1.405324551
6/8/2012,-0.236674007,-0.159368386,-0.230666218,0.075135437,0.282125954,-1.402167869
6/9/2012,-0.236674007,-0.159368386,-0.230666218,0.075135437,0.282125954,-1.402167869
6/10/2012,-0.236674007,-0.159368386,-0.230666218,0.075135437,0.282125954,-1.402167869
6/11/2012,-0.236674007,-0.159368386,-0.230666218,0.075135437,0.282125954,-1.402167869
6/12/2012,-0.236674007,-0.159368386,-0.230666218,0.075135437,0.282125954,-1.402167869
6/13/2012,-0.236674007,-0.159368386,-0.230666218,0.075135437,0.282125954,-1.402167869
6/14/2012,-0.236674007,-0.159368386,-0.230666218,0.075135437,0.282125954,-1.402167869
6/15/2012,-0.24226036,-0.176595088,-0.23684656,0.078263272,0.275473259,-1.399592375
6/16/2012,-0.24226036,-0.176595088,-0.23684656,0.078263272,0.275473259,-1.399592375
6/17/2012,-0.24226036,-0.176595088,-0.23684656,0.078263272,0.275473259,-1.399592375
6/18/2012,-0.24226036,-0.176595088,-0.23684656,0.078263272,0.275473259,-1.399592375
6/19/2012,-0.24226036,-0.176595088,-0.23684656,0.078263272,0.275473259,-1.399592375
6/20/2012,-0.24226036,-0.176595088,-0.23684656,0.078263272,0.275473259,-1.399592375
6/21/2012,-0.24226036,-0.176595088,-0.23684656,0.078263272,0.275473259,-1.399592375
6/22/2012,-0.257818016,-0.214279493,-0.25122237,0.073423959,0.265825699,-1.397572092
6/23/2012,-0.257818016,-0.214279493,-0.25122237,0.073423959,0.265825699,-1.397572092
6/24/2012,-0.257818016,-0.214279493,-0.25122237,0.073423959,0.265825699,-1.397572092
6/25/2012,-0.257818016,-0.214279493,-0.25122237,0.073423959,0.265825699,-1.397572092
6/26/2012,-0.257818016,-0.214279493,-0.25122237,0.073423959,0.265825699,-1.397572092
6/27/2012,-0.257818016,-0.214279493,-0.25122237,0.073423959,0.265825699,-1.397572092
6/28/2012,-0.257818016,-0.214279493,-0.25122237,0.073423959,0.265825699,-1.397572092
6/29/2012,-0.277285314,-0.254989231,-0.27008534,0.063296739,0.254358624,-1.396071115
6/30/2012,-0.277285314,-0.254989231,-0.27008534,0.063296739,0.254358624,-1.396071115
7/1/2012,-0.277285314,-0.254989231,-0.27008534,0.063296739,0.254358624,-1.396071115
7/2/2012,-0.277285314,-0.254989231,-0.27008534,0.063296739,0.254358624,-1.396071115
7/3/2012,-0.277285314,-0.254989231,-0.27008534,0.063296739,0.254358624,-1.396071115
7/4/2012,-0.277285314,-0.254989231,-0.27008534,0.063296739,0.254358624,-1.396071115
7/5/2012,-0.277285314,-0.254989231,-0.27008534,0.063296739,0.254358624,-1.396071115
7/6/2012,-0.300437797,-0.290743752,-0.292961715,0.04897999,0.242191845,-1.395050995
7/7/2012,-0.300437797,-0.290743752,-0.292961715,0.04897999,0.242191845,-1.395050995
7/8/2012,-0.300437797,-0.290743752,-0.292961715,0.04897999,0.242191845,-1.395050995
7/9/2012,-0.300437797,-0.290743752,-0.292961715,0.04897999,0.242191845,-1.395050995
7/10/2012,-0.300437797,-0.290743752,-0.292961715,0.04897999,0.242191845,-1.395050995
7/11/2012,-0.300437797,-0.290743752,-0.292961715,0.04897999,0.242191845,-1.395050995
7/12/2012,-0.300437797,-0.290743752,-0.292961715,0.04897999,0.242191845,-1.395050995
7/13/2012,-0.324186623,-0.313098431,-0.318277362,0.033220613,0.230197278,-1.394464091
7/14/2012,-0.324186623,-0.313098431,-0.318277362,0.033220613,0.230197278,-1.394464091
7/15/2012,-0.324186623,-0.313098431,-0.318277362,0.033220613,0.230197278,-1.394464091
7/16/2012,-0.324186623,-0.313098431,-0.318277362,0.033220613,0.230197278,-1.394464091
7/17/2012,-0.324186623,-0.313098431,-0.318277362,0.033220613,0.230197278,-1.394464091
7/18/2012,-0.324186623,-0.313098431,-0.318277362,0.033220613,0.230197278,-1.394464091
7/19/2012,-0.324186623,-0.313098431,-0.318277362,0.033220613,0.230197278,-1.394464091
7/20/2012,-0.348067721,-0.329125775,-0.344172033,0.015958979,0.219568074,-1.394265526
7/21/2012,-0.348067721,-0.329125775,-0.344172033,0.015958979,0.219568074,-1.394265526
7/22/2012,-0.348067721,-0.329125775,-0.344172033,0.015958979,0.219568074,-1.394265526
7/23/2012,-0.348067721,-0.329125775,-0.344172033,0.015958979,0.219568074,-1.394265526
7/24/2012,-0.348067721,-0.329125775,-0.344172033,0.015958979,0.219568074,-1.394265526
7/25/2012,-0.348067721,-0.329125775,-0.344172033,0.015958979,0.219568074,-1.394265526
7/26/2012,-0.348067721,-0.329125775,-0.344172033,0.015958979,0.219568074,-1.394265526
7/27/2012,-0.369423943,-0.343180622,-0.368429236,-0.001110142,0.210172738,-1.394414413
7/28/2012,-0.369423943,-0.343180622,-0.368429236,-0.001110142,0.210172738,-1.394414413
7/29/2012,-0.369423943,-0.343180622,-0.368429236,-0.001110142,0.210172738,-1.394414413
7/30/2012,-0.369423943,-0.343180622,-0.368429236,-0.001110142,0.210172738,-1.394414413
7/31/2012,-0.369423943,-0.343180622,-0.368429236,-0.001110142,0.210172738,-1.394414413
8/1/2012,-0.369423943,-0.343180622,-0.368429236,-0.001110142,0.210172738,-1.394414413
8/2/2012,-0.369423943,-0.343180622,-0.368429236,-0.001110142,0.210172738,-1.394414413
8/3/2012,-0.390869189,-0.36380089,-0.391587374,-0.018884117,0.202068644,-1.39487238
8/4/2012,-0.390869189,-0.36380089,-0.391587374,-0.018884117,0.202068644,-1.39487238
8/5/2012,-0.390869189,-0.36380089,-0.391587374,-0.018884117,0.202068644,-1.39487238
8/6/2012,-0.390869189,-0.36380089,-0.391587374,-0.018884117,0.202068644,-1.39487238
8/7/2012,-0.390869189,-0.36380089,-0.391587374,-0.018884117,0.202068644,-1.39487238
8/8/2012,-0.390869189,-0.36380089,-0.391587374,-0.018884117,0.202068644,-1.39487238
8/9/2012,-0.390869189,-0.36380089,-0.391587374,-0.018884117,0.202068644,-1.39487238
8/10/2012,-0.410075815,-0.390486311,-0.412482173,-0.036167343,0.195056626,-1.395604974
8/11/2012,-0.410075815,-0.390486311,-0.412482173,-0.036167343,0.195056626,-1.395604974
8/12/2012,-0.410075815,-0.390486311,-0.412482173,-0.036167343,0.195056626,-1.395604974
8/13/2012,-0.410075815,-0.390486311,-0.412482173,-0.036167343,0.195056626,-1.395604974
8/14/2012,-0.410075815,-0.390486311,-0.412482173,-0.036167343,0.195056626,-1.395604974
8/15/2012,-0.410075815,-0.390486311,-0.412482173,-0.036167343,0.195056626,-1.395604974
8/16/2012,-0.410075815,-0.390486311,-0.412482173,-0.036167343,0.195056626,-1.395604974
8/17/2012,-0.42833043,-0.418761254,-0.43142579,-0.053326516,0.188204829,-1.396581689
8/18/2012,-0.42833043,-0.418761254,-0.43142579,-0.053326516,0.188204829,-1.396581689
8/19/2012,-0.42833043,-0.418761254,-0.43142579,-0.053326516,0.188204829,-1.396581689
8/20/2012,-0.42833043,-0.418761254,-0.43142579,-0.053326516,0.188204829,-1.396581689
8/21/2012,-0.42833043,-0.418761254,-0.43142579,-0.053326516,0.188204829,-1.396581689
8/22/2012,-0.42833043,-0.418761254,-0.43142579,-0.053326516,0.188204829,-1.396581689
8/23/2012,-0.42833043,-0.418761254,-0.43142579,-0.053326516,0.188204829,-1.396581689
8/24/2012,-0.446521101,-0.44532023,-0.448749726,-0.070823702,0.180975886,-1.397774679
8/25/2012,-0.446521101,-0.44532023,-0.448749726,-0.070823702,0.180975886,-1.397774679
8/26/2012,-0.446521101,-0.44532023,-0.448749726,-0.070823702,0.180975886,-1.397774679
8/27/2012,-0.446521101,-0.44532023,-0.448749726,-0.070823702,0.180975886,-1.397774679
8/28/2012,-0.446521101,-0.44532023,-0.448749726,-0.070823702,0.180975886,-1.397774679
8/29/2012,-0.446521101,-0.44532023,-0.448749726,-0.070823702,0.180975886,-1.397774679
8/30/2012,-0.446521101,-0.44532023,-0.448749726,-0.070823702,0.180975886,-1.397774679
8/31/2012,-0.464025485,-0.466671448,-0.464237605,-0.088292812,0.172731113,-1.399157488
9/1/2012,-0.464025485,-0.466671448,-0.464237605,-0.088292812,0.172731113,-1.399157488
9/2/2012,-0.464025485,-0.466671448,-0.464237605,-0.088292812,0.172731113,-1.399157488
9/3/2012,-0.464025485,-0.466671448,-0.464237605,-0.088292812,0.172731113,-1.399157488
9/4/2012,-0.464025485,-0.466671448,-0.464237605,-0.088292812,0.172731113,-1.399157488
9/5/2012,-0.464025485,-0.466671448,-0.464237605,-0.088292812,0.172731113,-1.399157488
9/6/2012,-0.464025485,-0.466671448,-0.464237605,-0.088292812,0.172731113,-1.399157488
9/7/2012,-0.482654489,-0.487532283,-0.479150547,-0.105763445,0.162548812,-1.400704341
9/8/2012,-0.482654489,-0.487532283,-0.479150547,-0.105763445,0.162548812,-1.400704341
9/9/2012,-0.482654489,-0.487532283,-0.479150547,-0.105763445,0.162548812,-1.400704341
9/10/2012,-0.482654489,-0.487532283,-0.479150547,-0.105763445,0.162548812,-1.400704341
9/11/2012,-0.482654489,-0.487532283,-0.479150547,-0.105763445,0.162548812,-1.400704341
9/12/2012,-0.482654489,-0.487532283,-0.479150547,-0.105763445,0.162548812,-1.400704341
9/13/2012,-0.482654489,-0.487532283,-0.479150547,-0.105763445,0.162548812,-1.400704341
9/14/2012,-0.502093201,-0.511569807,-0.493992039,-0.122379307,0.150175184,-1.402388395
9/15/2012,-0.502093201,-0.511569807,-0.493992039,-0.122379307,0.150175184,-1.402388395
9/16/2012,-0.502093201,-0.511569807,-0.493992039,-0.122379307,0.150175184,-1.402388395
9/17/2012,-0.502093201,-0.511569807,-0.493992039,-0.122379307,0.150175184,-1.402388395
9/18/2012,-0.502093201,-0.511569807,-0.493992039,-0.122379307,0.150175184,-1.402388395
9/19/2012,-0.502093201,-0.511569807,-0.493992039,-0.122379307,0.150175184,-1.402388395
9/20/2012,-0.502093201,-0.511569807,-0.493992039,-0.122379307,0.150175184,-1.402388395
9/21/2012,-0.518403127,-0.538503255,-0.507623521,-0.136030207,0.136152152,-1.404180797
9/22/2012,-0.518403127,-0.538503255,-0.507623521,-0.136030207,0.136152152,-1.404180797
9/23/2012,-0.518403127,-0.538503255,-0.507623521,-0.136030207,0.136152152,-1.404180797
9/24/2012,-0.518403127,-0.538503255,-0.507623521,-0.136030207,0.136152152,-1.404180797
9/25/2012,-0.518403127,-0.538503255,-0.507623521,-0.136030207,0.136152152,-1.404180797
9/26/2012,-0.518403127,-0.538503255,-0.507623521,-0.136030207,0.136152152,-1.404180797
9/27/2012,-0.518403127,-0.538503255,-0.507623521,-0.136030207,0.136152152,-1.404180797
9/28/2012,-0.531475683,-0.565639816,-0.519765114,-0.144865999,0.117691029,-1.406050177
9/29/2012,-0.531475683,-0.565639816,-0.519765114,-0.144865999,0.117691029,-1.406050177
9/30/2012,-0.531475683,-0.565639816,-0.519765114,-0.144865999,0.117691029,-1.406050177
10/1/2012,-0.531475683,-0.565639816,-0.519765114,-0.144865999,0.117691029,-1.406050177
10/2/2012,-0.531475683,-0.565639816,-0.519765114,-0.144865999,0.117691029,-1.406050177
10/3/2012,-0.531475683,-0.565639816,-0.519765114,-0.144865999,0.117691029,-1.406050177
10/4/2012,-0.531475683,-0.565639816,-0.519765114,-0.144865999,0.117691029,-1.406050177
10/5/2012,-0.542436561,-0.591106024,-0.531825273,-0.149562619,0.096833402,-1.407966397
10/6/2012,-0.542436561,-0.591106024,-0.531825273,-0.149562619,0.096833402,-1.407966397
10/7/2012,-0.542436561,-0.591106024,-0.531825273,-0.149562619,0.096833402,-1.407966397
10/8/2012,-0.542436561,-0.591106024,-0.531825273,-0.149562619,0.096833402,-1.407966397
10/9/2012,-0.542436561,-0.591106024,-0.531825273,-0.149562619,0.096833402,-1.407966397
10/10/2012,-0.542436561,-0.591106024,-0.531825273,-0.149562619,0.096833402,-1.407966397
10/11/2012,-0.542436561,-0.591106024,-0.531825273,-0.149562619,0.096833402,-1.407966397
10/12/2012,-0.549242185,-0.605963189,-0.54259713,-0.149061624,0.073058515,-1.40989016
10/13/2012,-0.549242185,-0.605963189,-0.54259713,-0.149061624,0.073058515,-1.40989016
10/14/2012,-0.549242185,-0.605963189,-0.54259713,-0.149061624,0.073058515,-1.40989016
10/15/2012,-0.549242185,-0.605963189,-0.54259713,-0.149061624,0.073058515,-1.40989016
10/16/2012,-0.549242185,-0.605963189,-0.54259713,-0.149061624,0.073058515,-1.40989016
10/17/2012,-0.549242185,-0.605963189,-0.54259713,-0.149061624,0.073058515,-1.40989016
10/18/2012,-0.549242185,-0.605963189,-0.54259713,-0.149061624,0.073058515,-1.40989016
10/19/2012,-0.553189598,-0.610261983,-0.552172437,-0.144617653,0.046488778,-1.411790672
10/20/2012,-0.553189598,-0.610261983,-0.552172437,-0.144617653,0.046488778,-1.411790672
10/21/2012,-0.553189598,-0.610261983,-0.552172437,-0.144617653,0.046488778,-1.411790672
10/22/2012,-0.553189598,-0.610261983,-0.552172437,-0.144617653,0.046488778,-1.411790672
10/23/2012,-0.553189598,-0.610261983,-0.552172437,-0.144617653,0.046488778,-1.411790672
10/24/2012,-0.553189598,-0.610261983,-0.552172437,-0.144617653,0.046488778,-1.411790672
10/25/2012,-0.553189598,-0.610261983,-0.552172437,-0.144617653,0.046488778,-1.411790672
10/26/2012,-0.552740498,-0.602925734,-0.559919371,-0.136350382,0.017562421,-1.413636784
10/27/2012,-0.552740498,-0.602925734,-0.559919371,-0.136350382,0.017562421,-1.413636784
10/28/2012,-0.552740498,-0.602925734,-0.559919371,-0.136350382,0.017562421,-1.413636784
10/29/2012,-0.552740498,-0.602925734,-0.559919371,-0.136350382,0.017562421,-1.413636784
10/30/2012,-0.552740498,-0.602925734,-0.559919371,-0.136350382,0.017562421,-1.413636784
10/31/2012,-0.552740498,-0.602925734,-0.559919371,-0.136350382,0.017562421,-1.413636784
11/1/2012,-0.552740498,-0.602925734,-0.559919371,-0.136350382,0.017562421,-1.413636784
11/2/2012,-0.551237363,-0.593372125,-0.566482155,-0.12719639,-0.013690981,-1.415398937
11/3/2012,-0.551237363,-0.593372125,-0.566482155,-0.12719639,-0.013690981,-1.415398937
11/4/2012,-0.551237363,-0.593372125,-0.566482155,-0.12719639,-0.013690981,-1.415398937
11/5/2012,-0.551237363,-0.593372125,-0.566482155,-0.12719639,-0.013690981,-1.415398937
11/6/2012,-0.551237363,-0.593372125,-0.566482155,-0.12719639,-0.013690981,-1.415398937
11/7/2012,-0.551237363,-0.593372125,-0.566482155,-0.12719639,-0.013690981,-1.415398937
11/8/2012,-0.551237363,-0.593372125,-0.566482155,-0.12719639,-0.013690981,-1.415398937
11/9/2012,-0.549204465,-0.586467944,-0.571394092,-0.118939404,-0.047177079,-1.417047845
11/10/2012,-0.549204465,-0.586467944,-0.571394092,-0.118939404,-0.047177079,-1.417047845
11/11/2012,-0.549204465,-0.586467944,-0.571394092,-0.118939404,-0.047177079,-1.417047845
11/12/2012,-0.549204465,-0.586467944,-0.571394092,-0.118939404,-0.047177079,-1.417047845
11/13/2012,-0.549204465,-0.586467944,-0.571394092,-0.118939404,-0.047177079,-1.417047845
11/14/2012,-0.549204465,-0.586467944,-0.571394092,-0.118939404,-0.047177079,-1.417047845
11/15/2012,-0.549204465,-0.586467944,-0.571394092,-0.118939404,-0.047177079,-1.417047845
11/16/2012,-0.548579574,-0.584535932,-0.575195799,-0.113716064,-0.082583912,-1.418553039
11/17/2012,-0.548579574,-0.584535932,-0.575195799,-0.113716064,-0.082583912,-1.418553039
11/18/2012,-0.548579574,-0.584535932,-0.575195799,-0.113716064,-0.082583912,-1.418553039
11/19/2012,-0.548579574,-0.584535932,-0.575195799,-0.113716064,-0.082583912,-1.418553039
11/20/2012,-0.548579574,-0.584535932,-0.575195799,-0.113716064,-0.082583912,-1.418553039
11/21/2012,-0.548579574,-0.584535932,-0.575195799,-0.113716064,-0.082583912,-1.418553039
11/22/2012,-0.548579574,-0.584535932,-0.575195799,-0.113716064,-0.082583912,-1.418553039
11/23/2012,-0.552384678,-0.591551875,-0.577942945,-0.114576111,-0.119656433,-1.41988022
11/24/2012,-0.552384678,-0.591551875,-0.577942945,-0.114576111,-0.119656433,-1.41988022
11/25/2012,-0.552384678,-0.591551875,-0.577942945,-0.114576111,-0.119656433,-1.41988022
11/26/2012,-0.552384678,-0.591551875,-0.577942945,-0.114576111,-0.119656433,-1.41988022
11/27/2012,-0.552384678,-0.591551875,-0.577942945,-0.114576111,-0.119656433,-1.41988022
11/28/2012,-0.552384678,-0.591551875,-0.577942945,-0.114576111,-0.119656433,-1.41988022
11/29/2012,-0.552384678,-0.591551875,-0.577942945,-0.114576111,-0.119656433,-1.41988022
11/30/2012,-0.558189249,-0.599335113,-0.579368784,-0.120392058,-0.157737609,-1.420989527
12/1/2012,-0.558189249,-0.599335113,-0.579368784,-0.120392058,-0.157737609,-1.420989527
12/2/2012,-0.558189249,-0.599335113,-0.579368784,-0.120392058,-0.157737609,-1.420989527
12/3/2012,-0.558189249,-0.599335113,-0.579368784,-0.120392058,-0.157737609,-1.420989527
12/4/2012,-0.558189249,-0.599335113,-0.579368784,-0.120392058,-0.157737609,-1.420989527
12/5/2012,-0.558189249,-0.599335113,-0.579368784,-0.120392058,-0.157737609,-1.420989527
12/6/2012,-0.558189249,-0.599335113,-0.579368784,-0.120392058,-0.157737609,-1.420989527
12/7/2012,-0.566884738,-0.606874973,-0.58015934,-0.131354774,-0.196160419,-1.421834062
12/8/2012,-0.566884738,-0.606874973,-0.58015934,-0.131354774,-0.196160419,-1.421834062
12/9/2012,-0.566884738,-0.606874973,-0.58015934,-0.131354774,-0.196160419,-1.421834062
12/10/2012,-0.566884738,-0.606874973,-0.58015934,-0.131354774,-0.196160419,-1.421834062
12/11/2012,-0.566884738,-0.606874973,-0.58015934,-0.131354774,-0.196160419,-1.421834062
12/12/2012,-0.566884738,-0.606874973,-0.58015934,-0.131354774,-0.196160419,-1.421834062
12/13/2012,-0.566884738,-0.606874973,-0.58015934,-0.131354774,-0.196160419,-1.421834062
12/14/2012,-0.578538581,-0.614972848,-0.581264413,-0.146602388,-0.233758538,-1.422357823
12/15/2012,-0.578538581,-0.614972848,-0.581264413,-0.146602388,-0.233758538,-1.422357823
12/16/2012,-0.578538581,-0.614972848,-0.581264413,-0.146602388,-0.233758538,-1.422357823
12/17/2012,-0.578538581,-0.614972848,-0.581264413,-0.146602388,-0.233758538,-1.422357823
12/18/2012,-0.578538581,-0.614972848,-0.581264413,-0.146602388,-0.233758538,-1.422357823
12/19/2012,-0.578538581,-0.614972848,-0.581264413,-0.146602388,-0.233758538,-1.422357823
12/20/2012,-0.578538581,-0.614972848,-0.581264413,-0.146602388,-0.233758538,-1.422357823
12/21/2012,-0.591170108,-0.622993605,-0.582885748,-0.163658424,-0.269798688,-1.422495491
12/22/2012,-0.591170108,-0.622993605,-0.582885748,-0.163658424,-0.269798688,-1.422495491
12/23/2012,-0.591170108,-0.622993605,-0.582885748,-0.163658424,-0.269798688,-1.422495491
12/24/2012,-0.591170108,-0.622993605,-0.582885748,-0.163658424,-0.269798688,-1.422495491
12/25/2012,-0.591170108,-0.622993605,-0.582885748,-0.163658424,-0.269798688,-1.422495491
12/26/2012,-0.591170108,-0.622993605,-0.582885748,-0.163658424,-0.269798688,-1.422495491
12/27/2012,-0.591170108,-0.622993605,-0.582885748,-0.163658424,-0.269798688,-1.422495491
12/28/2012,-0.603373863,-0.63142138,-0.586143192,-0.180210365,-0.302450953,-1.422174749
12/29/2012,-0.603373863,-0.63142138,-0.586143192,-0.180210365,-0.302450953,-1.422174749
12/30/2012,-0.603373863,-0.63142138,-0.586143192,-0.180210365,-0.302450953,-1.422174749
12/31/2012,-0.603373863,-0.63142138,-0.586143192,-0.180210365,-0.302450953,-1.422174749
1/1/2013,-0.603373863,-0.63142138,-0.586143192,-0.180210365,-0.302450953,-1.422174749
1/2/2013,-0.603373863,-0.63142138,-0.586143192,-0.180210365,-0.302450953,-1.422174749
1/3/2013,-0.603373863,-0.63142138,-0.586143192,-0.180210365,-0.302450953,-1.422174749
1/4/2013,-0.618103271,-0.645938202,-0.591947552,-0.196834561,-0.330929354,-1.421318449
1/5/2013,-0.618103271,-0.645938202,-0.591947552,-0.196834561,-0.330929354,-1.421318449
1/6/2013,-0.618103271,-0.645938202,-0.591947552,-0.196834561,-0.330929354,-1.421318449
1/7/2013,-0.618103271,-0.645938202,-0.591947552,-0.196834561,-0.330929354,-1.421318449
1/8/2013,-0.618103271,-0.645938202,-0.591947552,-0.196834561,-0.330929354,-1.421318449
1/9/2013,-0.618103271,-0.645938202,-0.591947552,-0.196834561,-0.330929354,-1.421318449
1/10/2013,-0.618103271,-0.645938202,-0.591947552,-0.196834561,-0.330929354,-1.421318449
1/11/2013,-0.630916364,-0.659722707,-0.59873588,-0.210885733,-0.353971476,-1.419838686
1/12/2013,-0.630916364,-0.659722707,-0.59873588,-0.210885733,-0.353971476,-1.419838686
1/13/2013,-0.630916364,-0.659722707,-0.59873588,-0.210885733,-0.353971476,-1.419838686
1/14/2013,-0.630916364,-0.659722707,-0.59873588,-0.210885733,-0.353971476,-1.419838686
1/15/2013,-0.630916364,-0.659722707,-0.59873588,-0.210885733,-0.353971476,-1.419838686
1/16/2013,-0.630916364,-0.659722707,-0.59873588,-0.210885733,-0.353971476,-1.419838686
1/17/2013,-0.630916364,-0.659722707,-0.59873588,-0.210885733,-0.353971476,-1.419838686
1/18/2013,-0.64048449,-0.668733762,-0.605304083,-0.221584016,-0.371280304,-1.417664338
1/19/2013,-0.64048449,-0.668733762,-0.605304083,-0.221584016,-0.371280304,-1.417664338
1/20/2013,-0.64048449,-0.668733762,-0.605304083,-0.221584016,-0.371280304,-1.417664338
1/21/2013,-0.64048449,-0.668733762,-0.605304083,-0.221584016,-0.371280304,-1.417664338
1/22/2013,-0.64048449,-0.668733762,-0.605304083,-0.221584016,-0.371280304,-1.417664338
1/23/2013,-0.64048449,-0.668733762,-0.605304083,-0.221584016,-0.371280304,-1.417664338
1/24/2013,-0.64048449,-0.668733762,-0.605304083,-0.221584016,-0.371280304,-1.417664338
1/25/2013,-0.647234539,-0.672439566,-0.610677494,-0.22953663,-0.383053244,-1.414728074
1/26/2013,-0.647234539,-0.672439566,-0.610677494,-0.22953663,-0.383053244,-1.414728074
1/27/2013,-0.647234539,-0.672439566,-0.610677494,-0.22953663,-0.383053244,-1.414728074
1/28/2013,-0.647234539,-0.672439566,-0.610677494,-0.22953663,-0.383053244,-1.414728074
1/29/2013,-0.647234539,-0.672439566,-0.610677494,-0.22953663,-0.383053244,-1.414728074
1/30/2013,-0.647234539,-0.672439566,-0.610677494,-0.22953663,-0.383053244,-1.414728074
1/31/2013,-0.647234539,-0.672439566,-0.610677494,-0.22953663,-0.383053244,-1.414728074
2/1/2013,-0.650719057,-0.669896781,-0.614348587,-0.234645749,-0.389779476,-1.410976558
2/2/2013,-0.650719057,-0.669896781,-0.614348587,-0.234645749,-0.389779476,-1.410976558
2/3/2013,-0.650719057,-0.669896781,-0.614348587,-0.234645749,-0.389779476,-1.410976558
2/4/2013,-0.650719057,-0.669896781,-0.614348587,-0.234645749,-0.389779476,-1.410976558
2/5/2013,-0.650719057,-0.669896781,-0.614348587,-0.234645749,-0.389779476,-1.410976558
2/6/2013,-0.650719057,-0.669896781,-0.614348587,-0.234645749,-0.389779476,-1.410976558
2/7/2013,-0.650719057,-0.669896781,-0.614348587,-0.234645749,-0.389779476,-1.410976558
2/8/2013,-0.65193629,-0.665842094,-0.616776972,-0.237438872,-0.39233053,-1.406376326
2/9/2013,-0.65193629,-0.665842094,-0.616776972,-0.237438872,-0.39233053,-1.406376326
2/10/2013,-0.65193629,-0.665842094,-0.616776972,-0.237438872,-0.39233053,-1.406376326
2/11/2013,-0.65193629,-0.665842094,-0.616776972,-0.237438872,-0.39233053,-1.406376326
2/12/2013,-0.65193629,-0.665842094,-0.616776972,-0.237438872,-0.39233053,-1.406376326
2/13/2013,-0.65193629,-0.665842094,-0.616776972,-0.237438872,-0.39233053,-1.406376326
2/14/2013,-0.65193629,-0.665842094,-0.616776972,-0.237438872,-0.39233053,-1.406376326
2/15/2013,-0.653287351,-0.668177151,-0.618086236,-0.239840343,-0.39216021,-1.400915399
2/16/2013,-0.653287351,-0.668177151,-0.618086236,-0.239840343,-0.39216021,-1.400915399
2/17/2013,-0.653287351,-0.668177151,-0.618086236,-0.239840343,-0.39216021,-1.400915399
2/18/2013,-0.653287351,-0.668177151,-0.618086236,-0.239840343,-0.39216021,-1.400915399
2/19/2013,-0.653287351,-0.668177151,-0.618086236,-0.239840343,-0.39216021,-1.400915399
2/20/2013,-0.653287351,-0.668177151,-0.618086236,-0.239840343,-0.39216021,-1.400915399
2/21/2013,-0.653287351,-0.668177151,-0.618086236,-0.239840343,-0.39216021,-1.400915399
2/22/2013,-0.654258799,-0.677718623,-0.618133191,-0.242237379,-0.39021146,-1.394605022
2/23/2013,-0.654258799,-0.677718623,-0.618133191,-0.242237379,-0.39021146,-1.394605022
2/24/2013,-0.654258799,-0.677718623,-0.618133191,-0.242237379,-0.39021146,-1.394605022
2/25/2013,-0.654258799,-0.677718623,-0.618133191,-0.242237379,-0.39021146,-1.394605022
2/26/2013,-0.654258799,-0.677718623,-0.618133191,-0.242237379,-0.39021146,-1.394605022
2/27/2013,-0.654258799,-0.677718623,-0.618133191,-0.242237379,-0.39021146,-1.394605022
2/28/2013,-0.654258799,-0.677718623,-0.618133191,-0.242237379,-0.39021146,-1.394605022
3/1/2013,-0.654687669,-0.692658163,-0.616728572,-0.245416441,-0.387377417,-1.387482479
3/2/2013,-0.654687669,-0.692658163,-0.616728572,-0.245416441,-0.387377417,-1.387482479
3/3/2013,-0.654687669,-0.692658163,-0.616728572,-0.245416441,-0.387377417,-1.387482479
3/4/2013,-0.654687669,-0.692658163,-0.616728572,-0.245416441,-0.387377417,-1.387482479
3/5/2013,-0.654687669,-0.692658163,-0.616728572,-0.245416441,-0.387377417,-1.387482479
3/6/2013,-0.654687669,-0.692658163,-0.616728572,-0.245416441,-0.387377417,-1.387482479
3/7/2013,-0.654687669,-0.692658163,-0.616728572,-0.245416441,-0.387377417,-1.387482479
3/8/2013,-0.657021564,-0.714710783,-0.614931848,-0.251140177,-0.384470191,-1.379609961
3/9/2013,-0.657021564,-0.714710783,-0.614931848,-0.251140177,-0.384470191,-1.379609961
3/10/2013,-0.657021564,-0.714710783,-0.614931848,-0.251140177,-0.384470191,-1.379609961
3/11/2013,-0.657021564,-0.714710783,-0.614931848,-0.251140177,-0.384470191,-1.379609961
3/12/2013,-0.657021564,-0.714710783,-0.614931848,-0.251140177,-0.384470191,-1.379609961
3/13/2013,-0.657021564,-0.714710783,-0.614931848,-0.251140177,-0.384470191,-1.379609961
3/14/2013,-0.657021564,-0.714710783,-0.614931848,-0.251140177,-0.384470191,-1.379609961
3/15/2013,-0.659998235,-0.733670355,-0.612816703,-0.25925294,-0.381655702,-1.371075387
3/16/2013,-0.659998235,-0.733670355,-0.612816703,-0.25925294,-0.381655702,-1.371075387
3/17/2013,-0.659998235,-0.733670355,-0.612816703,-0.25925294,-0.381655702,-1.371075387
3/18/2013,-0.659998235,-0.733670355,-0.612816703,-0.25925294,-0.381655702,-1.371075387
3/19/2013,-0.659998235,-0.733670355,-0.612816703,-0.25925294,-0.381655702,-1.371075387
3/20/2013,-0.659998235,-0.733670355,-0.612816703,-0.25925294,-0.381655702,-1.371075387
3/21/2013,-0.659998235,-0.733670355,-0.612816703,-0.25925294,-0.381655702,-1.371075387
3/22/2013,-0.663103955,-0.746316086,-0.610141464,-0.269498275,-0.380101427,-1.361991424
3/23/2013,-0.663103955,-0.746316086,-0.610141464,-0.269498275,-0.380101427,-1.361991424
3/24/2013,-0.663103955,-0.746316086,-0.610141464,-0.269498275,-0.380101427,-1.361991424
3/25/2013,-0.663103955,-0.746316086,-0.610141464,-0.269498275,-0.380101427,-1.361991424
3/26/2013,-0.663103955,-0.746316086,-0.610141464,-0.269498275,-0.380101427,-1.361991424
3/27/2013,-0.663103955,-0.746316086,-0.610141464,-0.269498275,-0.380101427,-1.361991424
3/28/2013,-0.663103955,-0.746316086,-0.610141464,-0.269498275,-0.380101427,-1.361991424
3/29/2013,-0.667931261,-0.755824707,-0.608807755,-0.282712587,-0.378394218,-1.352489166
3/30/2013,-0.667931261,-0.755824707,-0.608807755,-0.282712587,-0.378394218,-1.352489166
3/31/2013,-0.667931261,-0.755824707,-0.608807755,-0.282712587,-0.378394218,-1.352489166
4/1/2013,-0.667931261,-0.755824707,-0.608807755,-0.282712587,-0.378394218,-1.352489166
4/2/2013,-0.667931261,-0.755824707,-0.608807755,-0.282712587,-0.378394218,-1.352489166
4/3/2013,-0.667931261,-0.755824707,-0.608807755,-0.282712587,-0.378394218,-1.352489166
4/4/2013,-0.667931261,-0.755824707,-0.608807755,-0.282712587,-0.378394218,-1.352489166
4/5/2013,-0.675323933,-0.764193209,-0.608675088,-0.298351812,-0.378483473,-1.342705619
4/6/2013,-0.675323933,-0.764193209,-0.608675088,-0.298351812,-0.378483473,-1.342705619
4/7/2013,-0.675323933,-0.764193209,-0.608675088,-0.298351812,-0.378483473,-1.342705619
4/8/2013,-0.675323933,-0.764193209,-0.608675088,-0.298351812,-0.378483473,-1.342705619
4/9/2013,-0.675323933,-0.764193209,-0.608675088,-0.298351812,-0.378483473,-1.342705619
4/10/2013,-0.675323933,-0.764193209,-0.608675088,-0.298351812,-0.378483473,-1.342705619
4/11/2013,-0.675323933,-0.764193209,-0.608675088,-0.298351812,-0.378483473,-1.342705619
4/12/2013,-0.685991138,-0.774708784,-0.610450686,-0.315929398,-0.380506349,-1.332804213
4/13/2013,-0.685991138,-0.774708784,-0.610450686,-0.315929398,-0.380506349,-1.332804213
4/14/2013,-0.685991138,-0.774708784,-0.610450686,-0.315929398,-0.380506349,-1.332804213
4/15/2013,-0.685991138,-0.774708784,-0.610450686,-0.315929398,-0.380506349,-1.332804213
4/16/2013,-0.685991138,-0.774708784,-0.610450686,-0.315929398,-0.380506349,-1.332804213
4/17/2013,-0.685991138,-0.774708784,-0.610450686,-0.315929398,-0.380506349,-1.332804213
4/18/2013,-0.685991138,-0.774708784,-0.610450686,-0.315929398,-0.380506349,-1.332804213
4/19/2013,-0.696889587,-0.788016667,-0.611893581,-0.333743599,-0.384957353,-1.32292306
4/20/2013,-0.696889587,-0.788016667,-0.611893581,-0.333743599,-0.384957353,-1.32292306
4/21/2013,-0.696889587,-0.788016667,-0.611893581,-0.333743599,-0.384957353,-1.32292306
4/22/2013,-0.696889587,-0.788016667,-0.611893581,-0.333743599,-0.384957353,-1.32292306
4/23/2013,-0.696889587,-0.788016667,-0.611893581,-0.333743599,-0.384957353,-1.32292306
4/24/2013,-0.696889587,-0.788016667,-0.611893581,-0.333743599,-0.384957353,-1.32292306
4/25/2013,-0.696889587,-0.788016667,-0.611893581,-0.333743599,-0.384957353,-1.32292306
4/26/2013,-0.709294593,-0.805823509,-0.613635698,-0.350668744,-0.393047717,-1.313193281
4/27/2013,-0.709294593,-0.805823509,-0.613635698,-0.350668744,-0.393047717,-1.313193281
4/28/2013,-0.709294593,-0.805823509,-0.613635698,-0.350668744,-0.393047717,-1.313193281
4/29/2013,-0.709294593,-0.805823509,-0.613635698,-0.350668744,-0.393047717,-1.313193281
4/30/2013,-0.709294593,-0.805823509,-0.613635698,-0.350668744,-0.393047717,-1.313193281
5/1/2013,-0.709294593,-0.805823509,-0.613635698,-0.350668744,-0.393047717,-1.313193281
5/2/2013,-0.709294593,-0.805823509,-0.613635698,-0.350668744,-0.393047717,-1.313193281
5/3/2013,-0.719194466,-0.821869065,-0.613023024,-0.364566677,-0.405169269,-1.303729008
5/4/2013,-0.719194466,-0.821869065,-0.613023024,-0.364566677,-0.405169269,-1.303729008
5/5/2013,-0.719194466,-0.821869065,-0.613023024,-0.364566677,-0.405169269,-1.303729008
5/6/2013,-0.719194466,-0.821869065,-0.613023024,-0.364566677,-0.405169269,-1.303729008
5/7/2013,-0.719194466,-0.821869065,-0.613023024,-0.364566677,-0.405169269,-1.303729008
5/8/2013,-0.719194466,-0.821869065,-0.613023024,-0.364566677,-0.405169269,-1.303729008
5/9/2013,-0.719194466,-0.821869065,-0.613023024,-0.364566677,-0.405169269,-1.303729008
5/10/2013,-0.724183208,-0.83239555,-0.609113507,-0.373154948,-0.422303543,-1.29462191
5/11/2013,-0.724183208,-0.83239555,-0.609113507,-0.373154948,-0.422303543,-1.29462191
5/12/2013,-0.724183208,-0.83239555,-0.609113507,-0.373154948,-0.422303543,-1.29462191
5/13/2013,-0.724183208,-0.83239555,-0.609113507,-0.373154948,-0.422303543,-1.29462191
5/14/2013,-0.724183208,-0.83239555,-0.609113507,-0.373154948,-0.422303543,-1.29462191
5/15/2013,-0.724183208,-0.83239555,-0.609113507,-0.373154948,-0.422303543,-1.29462191
5/16/2013,-0.724183208,-0.83239555,-0.609113507,-0.373154948,-0.422303543,-1.29462191
5/17/2013,-0.72181802,-0.829908021,-0.600554185,-0.375032449,-0.44500225,-1.285940976
5/18/2013,-0.72181802,-0.829908021,-0.600554185,-0.375032449,-0.44500225,-1.285940976
5/19/2013,-0.72181802,-0.829908021,-0.600554185,-0.375032449,-0.44500225,-1.285940976
5/20/2013,-0.72181802,-0.829908021,-0.600554185,-0.375032449,-0.44500225,-1.285940976
5/21/2013,-0.72181802,-0.829908021,-0.600554185,-0.375032449,-0.44500225,-1.285940976
5/22/2013,-0.72181802,-0.829908021,-0.600554185,-0.375032449,-0.44500225,-1.285940976
5/23/2013,-0.72181802,-0.829908021,-0.600554185,-0.375032449,-0.44500225,-1.285940976
5/24/2013,-0.712075932,-0.813141337,-0.587650691,-0.370377011,-0.472936171,-1.277734241
5/25/2013,-0.712075932,-0.813141337,-0.587650691,-0.370377011,-0.472936171,-1.277734241
5/26/2013,-0.712075932,-0.813141337,-0.587650691,-0.370377011,-0.472936171,-1.277734241
5/27/2013,-0.712075932,-0.813141337,-0.587650691,-0.370377011,-0.472936171,-1.277734241
5/28/2013,-0.712075932,-0.813141337,-0.587650691,-0.370377011,-0.472936171,-1.277734241
5/29/2013,-0.712075932,-0.813141337,-0.587650691,-0.370377011,-0.472936171,-1.277734241
5/30/2013,-0.712075932,-0.813141337,-0.587650691,-0.370377011,-0.472936171,-1.277734241
5/31/2013,-0.695646382,-0.782965111,-0.570952486,-0.360093547,-0.50587779,-1.270028771
6/1/2013,-0.695646382,-0.782965111,-0.570952486,-0.360093547,-0.50587779,-1.270028771
6/2/2013,-0.695646382,-0.782965111,-0.570952486,-0.360093547,-0.50587779,-1.270028771
6/3/2013,-0.695646382,-0.782965111,-0.570952486,-0.360093547,-0.50587779,-1.270028771
6/4/2013,-0.695646382,-0.782965111,-0.570952486,-0.360093547,-0.50587779,-1.270028771
6/5/2013,-0.695646382,-0.782965111,-0.570952486,-0.360093547,-0.50587779,-1.270028771
6/6/2013,-0.695646382,-0.782965111,-0.570952486,-0.360093547,-0.50587779,-1.270028771
6/7/2013,-0.675875811,-0.743853179,-0.552664232,-0.34656889,-0.542770492,-1.262833291
6/8/2013,-0.675875811,-0.743853179,-0.552664232,-0.34656889,-0.542770492,-1.262833291
6/9/2013,-0.675875811,-0.743853179,-0.552664232,-0.34656889,-0.542770492,-1.262833291
6/10/2013,-0.675875811,-0.743853179,-0.552664232,-0.34656889,-0.542770492,-1.262833291
6/11/2013,-0.675875811,-0.743853179,-0.552664232,-0.34656889,-0.542770492,-1.262833291
6/12/2013,-0.675875811,-0.743853179,-0.552664232,-0.34656889,-0.542770492,-1.262833291
6/13/2013,-0.675875811,-0.743853179,-0.552664232,-0.34656889,-0.542770492,-1.262833291
6/14/2013,-0.656790079,-0.705024648,-0.535753169,-0.332114433,-0.582713153,-1.25614042
6/15/2013,-0.656790079,-0.705024648,-0.535753169,-0.332114433,-0.582713153,-1.25614042
6/16/2013,-0.656790079,-0.705024648,-0.535753169,-0.332114433,-0.582713153,-1.25614042
6/17/2013,-0.656790079,-0.705024648,-0.535753169,-0.332114433,-0.582713153,-1.25614042
6/18/2013,-0.656790079,-0.705024648,-0.535753169,-0.332114433,-0.582713153,-1.25614042
6/19/2013,-0.656790079,-0.705024648,-0.535753169,-0.332114433,-0.582713153,-1.25614042
6/20/2013,-0.656790079,-0.705024648,-0.535753169,-0.332114433,-0.582713153,-1.25614042
6/21/2013,-0.641096183,-0.676096338,-0.52164786,-0.319875789,-0.623008802,-1.249927861
6/22/2013,-0.641096183,-0.676096338,-0.52164786,-0.319875789,-0.623008802,-1.249927861
6/23/2013,-0.641096183,-0.676096338,-0.52164786,-0.319875789,-0.623008802,-1.249927861
6/24/2013,-0.641096183,-0.676096338,-0.52164786,-0.319875789,-0.623008802,-1.249927861
6/25/2013,-0.641096183,-0.676096338,-0.52164786,-0.319875789,-0.623008802,-1.249927861
6/26/2013,-0.641096183,-0.676096338,-0.52164786,-0.319875789,-0.623008802,-1.249927861
6/27/2013,-0.641096183,-0.676096338,-0.52164786,-0.319875789,-0.623008802,-1.249927861
6/28/2013,-0.63371196,-0.664677038,-0.513211845,-0.311360185,-0.664110284,-1.244163121
6/29/2013,-0.63371196,-0.664677038,-0.513211845,-0.311360185,-0.664110284,-1.244163121
6/30/2013,-0.63371196,-0.664677038,-0.513211845,-0.311360185,-0.664110284,-1.244163121
7/1/2013,-0.63371196,-0.664677038,-0.513211845,-0.311360185,-0.664110284,-1.244163121
7/2/2013,-0.63371196,-0.664677038,-0.513211845,-0.311360185,-0.664110284,-1.244163121
7/3/2013,-0.63371196,-0.664677038,-0.513211845,-0.311360185,-0.664110284,-1.244163121
7/4/2013,-0.63371196,-0.664677038,-0.513211845,-0.311360185,-0.664110284,-1.244163121
7/5/2013,-0.633997903,-0.671634894,-0.511402945,-0.307280815,-0.701880369,-1.238806581
7/6/2013,-0.633997903,-0.671634894,-0.511402945,-0.307280815,-0.701880369,-1.238806581
7/7/2013,-0.633997903,-0.671634894,-0.511402945,-0.307280815,-0.701880369,-1.238806581
7/8/2013,-0.633997903,-0.671634894,-0.511402945,-0.307280815,-0.701880369,-1.238806581
7/9/2013,-0.633997903,-0.671634894,-0.511402945,-0.307280815,-0.701880369,-1.238806581
7/10/2013,-0.633997903,-0.671634894,-0.511402945,-0.307280815,-0.701880369,-1.238806581
7/11/2013,-0.633997903,-0.671634894,-0.511402945,-0.307280815,-0.701880369,-1.238806581
7/12/2013,-0.641480943,-0.693486845,-0.515704739,-0.307461793,-0.73489413,-1.233809471
7/13/2013,-0.641480943,-0.693486845,-0.515704739,-0.307461793,-0.73489413,-1.233809471
7/14/2013,-0.641480943,-0.693486845,-0.515704739,-0.307461793,-0.73489413,-1.233809471
7/15/2013,-0.641480943,-0.693486845,-0.515704739,-0.307461793,-0.73489413,-1.233809471
7/16/2013,-0.641480943,-0.693486845,-0.515704739,-0.307461793,-0.73489413,-1.233809471
7/17/2013,-0.641480943,-0.693486845,-0.515704739,-0.307461793,-0.73489413,-1.233809471
7/18/2013,-0.641480943,-0.693486845,-0.515704739,-0.307461793,-0.73489413,-1.233809471
7/19/2013,-0.653682759,-0.722714968,-0.524387198,-0.3107393,-0.761544546,-1.229118049
7/20/2013,-0.653682759,-0.722714968,-0.524387198,-0.3107393,-0.761544546,-1.229118049
7/21/2013,-0.653682759,-0.722714968,-0.524387198,-0.3107393,-0.761544546,-1.229118049
7/22/2013,-0.653682759,-0.722714968,-0.524387198,-0.3107393,-0.761544546,-1.229118049
7/23/2013,-0.653682759,-0.722714968,-0.524387198,-0.3107393,-0.761544546,-1.229118049
7/24/2013,-0.653682759,-0.722714968,-0.524387198,-0.3107393,-0.761544546,-1.229118049
7/25/2013,-0.653682759,-0.722714968,-0.524387198,-0.3107393,-0.761544546,-1.229118049
7/26/2013,-0.665364434,-0.748226632,-0.533812166,-0.315011679,-0.780468791,-1.224677104
7/27/2013,-0.665364434,-0.748226632,-0.533812166,-0.315011679,-0.780468791,-1.224677104
7/28/2013,-0.665364434,-0.748226632,-0.533812166,-0.315011679,-0.780468791,-1.224677104
7/29/2013,-0.665364434,-0.748226632,-0.533812166,-0.315011679,-0.780468791,-1.224677104
7/30/2013,-0.665364434,-0.748226632,-0.533812166,-0.315011679,-0.780468791,-1.224677104
7/31/2013,-0.665364434,-0.748226632,-0.533812166,-0.315011679,-0.780468791,-1.224677104
8/1/2013,-0.665364434,-0.748226632,-0.533812166,-0.315011679,-0.780468791,-1.224677104
8/2/2013,-0.673470792,-0.762422368,-0.541521816,-0.318779633,-0.79073931,-1.220428005
8/3/2013,-0.673470792,-0.762422368,-0.541521816,-0.318779633,-0.79073931,-1.220428005
8/4/2013,-0.673470792,-0.762422368,-0.541521816,-0.318779633,-0.79073931,-1.220428005
8/5/2013,-0.673470792,-0.762422368,-0.541521816,-0.318779633,-0.79073931,-1.220428005
8/6/2013,-0.673470792,-0.762422368,-0.541521816,-0.318779633,-0.79073931,-1.220428005
8/7/2013,-0.673470792,-0.762422368,-0.541521816,-0.318779633,-0.79073931,-1.220428005
8/8/2013,-0.673470792,-0.762422368,-0.541521816,-0.318779633,-0.79073931,-1.220428005
8/9/2013,-0.677236081,-0.765552275,-0.546709348,-0.321199454,-0.791917076,-1.216311811
8/10/2013,-0.677236081,-0.765552275,-0.546709348,-0.321199454,-0.791917076,-1.216311811
8/11/2013,-0.677236081,-0.765552275,-0.546709348,-0.321199454,-0.791917076,-1.216311811
8/12/2013,-0.677236081,-0.765552275,-0.546709348,-0.321199454,-0.791917076,-1.216311811
8/13/2013,-0.677236081,-0.765552275,-0.546709348,-0.321199454,-0.791917076,-1.216311811
8/14/2013,-0.677236081,-0.765552275,-0.546709348,-0.321199454,-0.791917076,-1.216311811
8/15/2013,-0.677236081,-0.765552275,-0.546709348,-0.321199454,-0.791917076,-1.216311811
8/16/2013,-0.67629611,-0.759273365,-0.548309286,-0.32231434,-0.783863417,-1.212271003
8/17/2013,-0.67629611,-0.759273365,-0.548309286,-0.32231434,-0.783863417,-1.212271003
8/18/2013,-0.67629611,-0.759273365,-0.548309286,-0.32231434,-0.783863417,-1.212271003
8/19/2013,-0.67629611,-0.759273365,-0.548309286,-0.32231434,-0.783863417,-1.212271003
8/20/2013,-0.67629611,-0.759273365,-0.548309286,-0.32231434,-0.783863417,-1.212271003
8/21/2013,-0.67629611,-0.759273365,-0.548309286,-0.32231434,-0.783863417,-1.212271003
8/22/2013,-0.67629611,-0.759273365,-0.548309286,-0.32231434,-0.783863417,-1.212271003
8/23/2013,-0.672221207,-0.750513663,-0.547616457,-0.322436911,-0.766718063,-1.208250462
8/24/2013,-0.672221207,-0.750513663,-0.547616457,-0.322436911,-0.766718063,-1.208250462
8/25/2013,-0.672221207,-0.750513663,-0.547616457,-0.322436911,-0.766718063,-1.208250462
8/26/2013,-0.672221207,-0.750513663,-0.547616457,-0.322436911,-0.766718063,-1.208250462
8/27/2013,-0.672221207,-0.750513663,-0.547616457,-0.322436911,-0.766718063,-1.208250462
8/28/2013,-0.672221207,-0.750513663,-0.547616457,-0.322436911,-0.766718063,-1.208250462
8/29/2013,-0.672221207,-0.750513663,-0.547616457,-0.322436911,-0.766718063,-1.208250462
8/30/2013,-0.668245423,-0.745297307,-0.547178742,-0.322568262,-0.741042764,-1.204199002
8/31/2013,-0.668245423,-0.745297307,-0.547178742,-0.322568262,-0.741042764,-1.204199002
9/1/2013,-0.668245423,-0.745297307,-0.547178742,-0.322568262,-0.741042764,-1.204199002
9/2/2013,-0.668245423,-0.745297307,-0.547178742,-0.322568262,-0.741042764,-1.204199002
9/3/2013,-0.668245423,-0.745297307,-0.547178742,-0.322568262,-0.741042764,-1.204199002
9/4/2013,-0.668245423,-0.745297307,-0.547178742,-0.322568262,-0.741042764,-1.204199002
9/5/2013,-0.668245423,-0.745297307,-0.547178742,-0.322568262,-0.741042764,-1.204199002
9/6/2013,-0.666603559,-0.746203011,-0.548211658,-0.323861379,-0.708413878,-1.200070749
9/7/2013,-0.666603559,-0.746203011,-0.548211658,-0.323861379,-0.708413878,-1.200070749
9/8/2013,-0.666603559,-0.746203011,-0.548211658,-0.323861379,-0.708413878,-1.200070749
9/9/2013,-0.666603559,-0.746203011,-0.548211658,-0.323861379,-0.708413878,-1.200070749
9/10/2013,-0.666603559,-0.746203011,-0.548211658,-0.323861379,-0.708413878,-1.200070749
9/11/2013,-0.666603559,-0.746203011,-0.548211658,-0.323861379,-0.708413878,-1.200070749
9/12/2013,-0.666603559,-0.746203011,-0.548211658,-0.323861379,-0.708413878,-1.200070749
9/13/2013,-0.668709982,-0.752147462,-0.552493113,-0.326850748,-0.670119598,-1.195826141
9/14/2013,-0.668709982,-0.752147462,-0.552493113,-0.326850748,-0.670119598,-1.195826141
9/15/2013,-0.668709982,-0.752147462,-0.552493113,-0.326850748,-0.670119598,-1.195826141
9/16/2013,-0.668709982,-0.752147462,-0.552493113,-0.326850748,-0.670119598,-1.195826141
9/17/2013,-0.668709982,-0.752147462,-0.552493113,-0.326850748,-0.670119598,-1.195826141
9/18/2013,-0.668709982,-0.752147462,-0.552493113,-0.326850748,-0.670119598,-1.195826141
9/19/2013,-0.668709982,-0.752147462,-0.552493113,-0.326850748,-0.670119598,-1.195826141
9/20/2013,-0.673726119,-0.759409875,-0.559307779,-0.331742172,-0.628260674,-1.191433821
9/21/2013,-0.673726119,-0.759409875,-0.559307779,-0.331742172,-0.628260674,-1.191433821
9/22/2013,-0.673726119,-0.759409875,-0.559307779,-0.331742172,-0.628260674,-1.191433821
9/23/2013,-0.673726119,-0.759409875,-0.559307779,-0.331742172,-0.628260674,-1.191433821
9/24/2013,-0.673726119,-0.759409875,-0.559307779,-0.331742172,-0.628260674,-1.191433821
9/25/2013,-0.673726119,-0.759409875,-0.559307779,-0.331742172,-0.628260674,-1.191433821
9/26/2013,-0.673726119,-0.759409875,-0.559307779,-0.331742172,-0.628260674,-1.191433821
9/27/2013,-0.681369813,-0.765441956,-0.568967993,-0.338410794,-0.58482705,-1.18687147
9/28/2013,-0.681369813,-0.765441956,-0.568967993,-0.338410794,-0.58482705,-1.18687147
9/29/2013,-0.681369813,-0.765441956,-0.568967993,-0.338410794,-0.58482705,-1.18687147
9/30/2013,-0.681369813,-0.765441956,-0.568967993,-0.338410794,-0.58482705,-1.18687147
10/1/2013,-0.681369813,-0.765441956,-0.568967993,-0.338410794,-0.58482705,-1.18687147
10/2/2013,-0.681369813,-0.765441956,-0.568967993,-0.338410794,-0.58482705,-1.18687147
10/3/2013,-0.681369813,-0.765441956,-0.568967993,-0.338410794,-0.58482705,-1.18687147
10/4/2013,-0.691228723,-0.770178542,-0.58044161,-0.346880896,-0.542333173,-1.182124751
10/5/2013,-0.691228723,-0.770178542,-0.58044161,-0.346880896,-0.542333173,-1.182124751
10/6/2013,-0.691228723,-0.770178542,-0.58044161,-0.346880896,-0.542333173,-1.182124751
10/7/2013,-0.691228723,-0.770178542,-0.58044161,-0.346880896,-0.542333173,-1.182124751
10/8/2013,-0.691228723,-0.770178542,-0.58044161,-0.346880896,-0.542333173,-1.182124751
10/9/2013,-0.691228723,-0.770178542,-0.58044161,-0.346880896,-0.542333173,-1.182124751
10/10/2013,-0.691228723,-0.770178542,-0.58044161,-0.346880896,-0.542333173,-1.182124751
10/11/2013,-0.703648602,-0.778140055,-0.594132517,-0.356944599,-0.502325961,-1.177190281
10/12/2013,-0.703648602,-0.778140055,-0.594132517,-0.356944599,-0.502325961,-1.177190281
10/13/2013,-0.703648602,-0.778140055,-0.594132517,-0.356944599,-0.502325961,-1.177190281
10/14/2013,-0.703648602,-0.778140055,-0.594132517,-0.356944599,-0.502325961,-1.177190281
10/15/2013,-0.703648602,-0.778140055,-0.594132517,-0.356944599,-0.502325961,-1.177190281
10/16/2013,-0.703648602,-0.778140055,-0.594132517,-0.356944599,-0.502325961,-1.177190281
10/17/2013,-0.703648602,-0.778140055,-0.594132517,-0.356944599,-0.502325961,-1.177190281
10/18/2013,-0.717710242,-0.791367395,-0.60898679,-0.368123667,-0.466360736,-1.172074064
10/19/2013,-0.717710242,-0.791367395,-0.60898679,-0.368123667,-0.466360736,-1.172074064
10/20/2013,-0.717710242,-0.791367395,-0.60898679,-0.368123667,-0.466360736,-1.172074064
10/21/2013,-0.717710242,-0.791367395,-0.60898679,-0.368123667,-0.466360736,-1.172074064
10/22/2013,-0.717710242,-0.791367395,-0.60898679,-0.368123667,-0.466360736,-1.172074064
10/23/2013,-0.717710242,-0.791367395,-0.60898679,-0.368123667,-0.466360736,-1.172074064
10/24/2013,-0.717710242,-0.791367395,-0.60898679,-0.368123667,-0.466360736,-1.172074064
10/25/2013,-0.731553467,-0.809180229,-0.623869633,-0.379528079,-0.434945542,-1.166791143
10/26/2013,-0.731553467,-0.809180229,-0.623869633,-0.379528079,-0.434945542,-1.166791143
10/27/2013,-0.731553467,-0.809180229,-0.623869633,-0.379528079,-0.434945542,-1.166791143
10/28/2013,-0.731553467,-0.809180229,-0.623869633,-0.379528079,-0.434945542,-1.166791143
10/29/2013,-0.731553467,-0.809180229,-0.623869633,-0.379528079,-0.434945542,-1.166791143
10/30/2013,-0.731553467,-0.809180229,-0.623869633,-0.379528079,-0.434945542,-1.166791143
10/31/2013,-0.731553467,-0.809180229,-0.623869633,-0.379528079,-0.434945542,-1.166791143
11/1/2013,-0.743415841,-0.828866382,-0.637344641,-0.390141291,-0.408677504,-1.161365941
11/2/2013,-0.743415841,-0.828866382,-0.637344641,-0.390141291,-0.408677504,-1.161365941
11/3/2013,-0.743415841,-0.828866382,-0.637344641,-0.390141291,-0.408677504,-1.161365941
11/4/2013,-0.743415841,-0.828866382,-0.637344641,-0.390141291,-0.408677504,-1.161365941
11/5/2013,-0.743415841,-0.828866382,-0.637344641,-0.390141291,-0.408677504,-1.161365941
11/6/2013,-0.743415841,-0.828866382,-0.637344641,-0.390141291,-0.408677504,-1.161365941
11/7/2013,-0.743415841,-0.828866382,-0.637344641,-0.390141291,-0.408677504,-1.161365941
11/8/2013,-0.753919101,-0.847858192,-0.648708123,-0.400296127,-0.387726279,-1.155833
11/9/2013,-0.753919101,-0.847858192,-0.648708123,-0.400296127,-0.387726279,-1.155833
11/10/2013,-0.753919101,-0.847858192,-0.648708123,-0.400296127,-0.387726279,-1.155833
11/11/2013,-0.753919101,-0.847858192,-0.648708123,-0.400296127,-0.387726279,-1.155833
11/12/2013,-0.753919101,-0.847858192,-0.648708123,-0.400296127,-0.387726279,-1.155833
11/13/2013,-0.753919101,-0.847858192,-0.648708123,-0.400296127,-0.387726279,-1.155833
11/14/2013,-0.753919101,-0.847858192,-0.648708123,-0.400296127,-0.387726279,-1.155833
11/15/2013,-0.76271875,-0.861322962,-0.657636817,-0.409691099,-0.371233097,-1.150235866
11/16/2013,-0.76271875,-0.861322962,-0.657636817,-0.409691099,-0.371233097,-1.150235866
11/17/2013,-0.76271875,-0.861322962,-0.657636817,-0.409691099,-0.371233097,-1.150235866
11/18/2013,-0.76271875,-0.861322962,-0.657636817,-0.409691099,-0.371233097,-1.150235866
11/19/2013,-0.76271875,-0.861322962,-0.657636817,-0.409691099,-0.371233097,-1.150235866
11/20/2013,-0.76271875,-0.861322962,-0.657636817,-0.409691099,-0.371233097,-1.150235866
11/21/2013,-0.76271875,-0.861322962,-0.657636817,-0.409691099,-0.371233097,-1.150235866
11/22/2013,-0.769369169,-0.868736411,-0.66352602,-0.418149198,-0.358314405,-1.144627149
11/23/2013,-0.769369169,-0.868736411,-0.66352602,-0.418149198,-0.358314405,-1.144627149
11/24/2013,-0.769369169,-0.868736411,-0.66352602,-0.418149198,-0.358314405,-1.144627149
11/25/2013,-0.769369169,-0.868736411,-0.66352602,-0.418149198,-0.358314405,-1.144627149
11/26/2013,-0.769369169,-0.868736411,-0.66352602,-0.418149198,-0.358314405,-1.144627149
11/27/2013,-0.769369169,-0.868736411,-0.66352602,-0.418149198,-0.358314405,-1.144627149
11/28/2013,-0.769369169,-0.868736411,-0.66352602,-0.418149198,-0.358314405,-1.144627149
11/29/2013,-0.774669478,-0.873710585,-0.666759523,-0.425793467,-0.347938192,-1.13906816
11/30/2013,-0.774669478,-0.873710585,-0.666759523,-0.425793467,-0.347938192,-1.13906816
12/1/2013,-0.774669478,-0.873710585,-0.666759523,-0.425793467,-0.347938192,-1.13906816
12/2/2013,-0.774669478,-0.873710585,-0.666759523,-0.425793467,-0.347938192,-1.13906816
12/3/2013,-0.774669478,-0.873710585,-0.666759523,-0.425793467,-0.347938192,-1.13906816
12/4/2013,-0.774669478,-0.873710585,-0.666759523,-0.425793467,-0.347938192,-1.13906816
12/5/2013,-0.774669478,-0.873710585,-0.666759523,-0.425793467,-0.347938192,-1.13906816
12/6/2013,-0.778452987,-0.88033112,-0.668097888,-0.431962264,-0.338686944,-1.133627962
12/7/2013,-0.778452987,-0.88033112,-0.668097888,-0.431962264,-0.338686944,-1.133627962
12/8/2013,-0.778452987,-0.88033112,-0.668097888,-0.431962264,-0.338686944,-1.133627962
12/9/2013,-0.778452987,-0.88033112,-0.668097888,-0.431962264,-0.338686944,-1.133627962
12/10/2013,-0.778452987,-0.88033112,-0.668097888,-0.431962264,-0.338686944,-1.133627962
12/11/2013,-0.778452987,-0.88033112,-0.668097888,-0.431962264,-0.338686944,-1.133627962
12/12/2013,-0.778452987,-0.88033112,-0.668097888,-0.431962264,-0.338686944,-1.133627962
12/13/2013,-0.78159223,-0.890782339,-0.668796438,-0.436428981,-0.329304085,-1.128383238
12/14/2013,-0.78159223,-0.890782339,-0.668796438,-0.436428981,-0.329304085,-1.128383238
12/15/2013,-0.78159223,-0.890782339,-0.668796438,-0.436428981,-0.329304085,-1.128383238
12/16/2013,-0.78159223,-0.890782339,-0.668796438,-0.436428981,-0.329304085,-1.128383238
12/17/2013,-0.78159223,-0.890782339,-0.668796438,-0.436428981,-0.329304085,-1.128383238
12/18/2013,-0.78159223,-0.890782339,-0.668796438,-0.436428981,-0.329304085,-1.128383238
12/19/2013,-0.78159223,-0.890782339,-0.668796438,-0.436428981,-0.329304085,-1.128383238
12/20/2013,-0.783557414,-0.904375781,-0.669221892,-0.438627054,-0.318848526,-1.123416861
12/21/2013,-0.783557414,-0.904375781,-0.669221892,-0.438627054,-0.318848526,-1.123416861
12/22/2013,-0.783557414,-0.904375781,-0.669221892,-0.438627054,-0.318848526,-1.123416861
12/23/2013,-0.783557414,-0.904375781,-0.669221892,-0.438627054,-0.318848526,-1.123416861
12/24/2013,-0.783557414,-0.904375781,-0.669221892,-0.438627054,-0.318848526,-1.123416861
12/25/2013,-0.783557414,-0.904375781,-0.669221892,-0.438627054,-0.318848526,-1.123416861
12/26/2013,-0.783557414,-0.904375781,-0.669221892,-0.438627054,-0.318848526,-1.123416861
12/27/2013,-0.784521818,-0.91615335,-0.669601692,-0.438859368,-0.306890774,-1.118813815
12/28/2013,-0.784521818,-0.91615335,-0.669601692,-0.438859368,-0.306890774,-1.118813815
12/29/2013,-0.784521818,-0.91615335,-0.669601692,-0.438859368,-0.306890774,-1.118813815
12/30/2013,-0.784521818,-0.91615335,-0.669601692,-0.438859368,-0.306890774,-1.118813815
12/31/2013,-0.784521818,-0.91615335,-0.669601692,-0.438859368,-0.306890774,-1.118813815
1/1/2014,-0.784521818,-0.91615335,-0.669601692,-0.438859368,-0.306890774,-1.118813815
1/2/2014,-0.784521818,-0.91615335,-0.669601692,-0.438859368,-0.306890774,-1.118813815
1/3/2014,-0.782184315,-0.919684429,-0.670001168,-0.435183518,-0.292938238,-1.114660677
1/4/2014,-0.782184315,-0.919684429,-0.670001168,-0.435183518,-0.292938238,-1.114660677
1/5/2014,-0.782184315,-0.919684429,-0.670001168,-0.435183518,-0.292938238,-1.114660677
1/6/2014,-0.782184315,-0.919684429,-0.670001168,-0.435183518,-0.292938238,-1.114660677
1/7/2014,-0.782184315,-0.919684429,-0.670001168,-0.435183518,-0.292938238,-1.114660677
1/8/2014,-0.782184315,-0.919684429,-0.670001168,-0.435183518,-0.292938238,-1.114660677
1/9/2014,-0.782184315,-0.919684429,-0.670001168,-0.435183518,-0.292938238,-1.114660677
1/10/2014,-0.779397322,-0.913778597,-0.671905596,-0.429599807,-0.277601526,-1.111046705
1/11/2014,-0.779397322,-0.913778597,-0.671905596,-0.429599807,-0.277601526,-1.111046705
1/12/2014,-0.779397322,-0.913778597,-0.671905596,-0.429599807,-0.277601526,-1.111046705
1/13/2014,-0.779397322,-0.913778597,-0.671905596,-0.429599807,-0.277601526,-1.111046705
1/14/2014,-0.779397322,-0.913778597,-0.671905596,-0.429599807,-0.277601526,-1.111046705
1/15/2014,-0.779397322,-0.913778597,-0.671905596,-0.429599807,-0.277601526,-1.111046705
1/16/2014,-0.779397322,-0.913778597,-0.671905596,-0.429599807,-0.277601526,-1.111046705
1/17/2014,-0.775130475,-0.900402001,-0.67402688,-0.422783716,-0.261327191,-1.108045949
1/18/2014,-0.775130475,-0.900402001,-0.67402688,-0.422783716,-0.261327191,-1.108045949
1/19/2014,-0.775130475,-0.900402001,-0.67402688,-0.422783716,-0.261327191,-1.108045949
1/20/2014,-0.775130475,-0.900402001,-0.67402688,-0.422783716,-0.261327191,-1.108045949
1/21/2014,-0.775130475,-0.900402001,-0.67402688,-0.422783716,-0.261327191,-1.108045949
1/22/2014,-0.775130475,-0.900402001,-0.67402688,-0.422783716,-0.261327191,-1.108045949
1/23/2014,-0.775130475,-0.900402001,-0.67402688,-0.422783716,-0.261327191,-1.108045949
1/24/2014,-0.770703847,-0.885552052,-0.677006688,-0.415618406,-0.245324871,-1.105724857
1/25/2014,-0.770703847,-0.885552052,-0.677006688,-0.415618406,-0.245324871,-1.105724857
1/26/2014,-0.770703847,-0.885552052,-0.677006688,-0.415618406,-0.245324871,-1.105724857
1/27/2014,-0.770703847,-0.885552052,-0.677006688,-0.415618406,-0.245324871,-1.105724857
1/28/2014,-0.770703847,-0.885552052,-0.677006688,-0.415618406,-0.245324871,-1.105724857
1/29/2014,-0.770703847,-0.885552052,-0.677006688,-0.415618406,-0.245324871,-1.105724857
1/30/2014,-0.770703847,-0.885552052,-0.677006688,-0.415618406,-0.245324871,-1.105724857
1/31/2014,-0.767874145,-0.876851318,-0.681069603,-0.409631379,-0.230792386,-1.104135221
2/1/2014,-0.767874145,-0.876851318,-0.681069603,-0.409631379,-0.230792386,-1.104135221
2/2/2014,-0.767874145,-0.876851318,-0.681069603,-0.409631379,-0.230792386,-1.104135221
2/3/2014,-0.767874145,-0.876851318,-0.681069603,-0.409631379,-0.230792386,-1.104135221
2/4/2014,-0.767874145,-0.876851318,-0.681069603,-0.409631379,-0.230792386,-1.104135221
2/5/2014,-0.767874145,-0.876851318,-0.681069603,-0.409631379,-0.230792386,-1.104135221
2/6/2014,-0.767874145,-0.876851318,-0.681069603,-0.409631379,-0.230792386,-1.104135221
2/7/2014,-0.768307645,-0.878306869,-0.686818446,-0.405685252,-0.21908485,-1.103307702
2/8/2014,-0.768307645,-0.878306869,-0.686818446,-0.405685252,-0.21908485,-1.103307702
2/9/2014,-0.768307645,-0.878306869,-0.686818446,-0.405685252,-0.21908485,-1.103307702
2/10/2014,-0.768307645,-0.878306869,-0.686818446,-0.405685252,-0.21908485,-1.103307702
2/11/2014,-0.768307645,-0.878306869,-0.686818446,-0.405685252,-0.21908485,-1.103307702
2/12/2014,-0.768307645,-0.878306869,-0.686818446,-0.405685252,-0.21908485,-1.103307702
2/13/2014,-0.768307645,-0.878306869,-0.686818446,-0.405685252,-0.21908485,-1.103307702
2/14/2014,-0.772023122,-0.886410585,-0.693982346,-0.403642348,-0.211544612,-1.103250064
2/15/2014,-0.772023122,-0.886410585,-0.693982346,-0.403642348,-0.211544612,-1.103250064
2/16/2014,-0.772023122,-0.886410585,-0.693982346,-0.403642348,-0.211544612,-1.103250064
2/17/2014,-0.772023122,-0.886410585,-0.693982346,-0.403642348,-0.211544612,-1.103250064
2/18/2014,-0.772023122,-0.886410585,-0.693982346,-0.403642348,-0.211544612,-1.103250064
2/19/2014,-0.772023122,-0.886410585,-0.693982346,-0.403642348,-0.211544612,-1.103250064
2/20/2014,-0.772023122,-0.886410585,-0.693982346,-0.403642348,-0.211544612,-1.103250064
2/21/2014,-0.776293777,-0.89401926,-0.700650164,-0.402401415,-0.209324642,-1.10394482
2/22/2014,-0.776293777,-0.89401926,-0.700650164,-0.402401415,-0.209324642,-1.10394482
2/23/2014,-0.776293777,-0.89401926,-0.700650164,-0.402401415,-0.209324642,-1.10394482
2/24/2014,-0.776293777,-0.89401926,-0.700650164,-0.402401415,-0.209324642,-1.10394482
2/25/2014,-0.776293777,-0.89401926,-0.700650164,-0.402401415,-0.209324642,-1.10394482
2/26/2014,-0.776293777,-0.89401926,-0.700650164,-0.402401415,-0.209324642,-1.10394482
2/27/2014,-0.776293777,-0.89401926,-0.700650164,-0.402401415,-0.209324642,-1.10394482
2/28/2014,-0.780487839,-0.895519363,-0.706453215,-0.401099215,-0.213283096,-1.105346012
3/1/2014,-0.780487839,-0.895519363,-0.706453215,-0.401099215,-0.213283096,-1.105346012
3/2/2014,-0.780487839,-0.895519363,-0.706453215,-0.401099215,-0.213283096,-1.105346012
3/3/2014,-0.780487839,-0.895519363,-0.706453215,-0.401099215,-0.213283096,-1.105346012
3/4/2014,-0.780487839,-0.895519363,-0.706453215,-0.401099215,-0.213283096,-1.105346012
3/5/2014,-0.780487839,-0.895519363,-0.706453215,-0.401099215,-0.213283096,-1.105346012
3/6/2014,-0.780487839,-0.895519363,-0.706453215,-0.401099215,-0.213283096,-1.105346012
3/7/2014,-0.783486378,-0.886061213,-0.711246928,-0.398629708,-0.223396246,-1.107379741
3/8/2014,-0.783486378,-0.886061213,-0.711246928,-0.398629708,-0.223396246,-1.107379741
3/9/2014,-0.783486378,-0.886061213,-0.711246928,-0.398629708,-0.223396246,-1.107379741
3/10/2014,-0.783486378,-0.886061213,-0.711246928,-0.398629708,-0.223396246,-1.107379741
3/11/2014,-0.783486378,-0.886061213,-0.711246928,-0.398629708,-0.223396246,-1.107379741
3/12/2014,-0.783486378,-0.886061213,-0.711246928,-0.398629708,-0.223396246,-1.107379741
3/13/2014,-0.783486378,-0.886061213,-0.711246928,-0.398629708,-0.223396246,-1.107379741
3/14/2014,-0.783960486,-0.869476326,-0.714158146,-0.394563672,-0.238995363,-1.10994265
3/15/2014,-0.783960486,-0.869476326,-0.714158146,-0.394563672,-0.238995363,-1.10994265
3/16/2014,-0.783960486,-0.869476326,-0.714158146,-0.394563672,-0.238995363,-1.10994265
3/17/2014,-0.783960486,-0.869476326,-0.714158146,-0.394563672,-0.238995363,-1.10994265
3/18/2014,-0.783960486,-0.869476326,-0.714158146,-0.394563672,-0.238995363,-1.10994265
3/19/2014,-0.783960486,-0.869476326,-0.714158146,-0.394563672,-0.238995363,-1.10994265
3/20/2014,-0.783960486,-0.869476326,-0.714158146,-0.394563672,-0.238995363,-1.10994265
3/21/2014,-0.78308899,-0.85184335,-0.715572863,-0.3894021,-0.259357736,-1.112902409
3/22/2014,-0.78308899,-0.85184335,-0.715572863,-0.3894021,-0.259357736,-1.112902409
3/23/2014,-0.78308899,-0.85184335,-0.715572863,-0.3894021,-0.259357736,-1.112902409
3/24/2014,-0.78308899,-0.85184335,-0.715572863,-0.3894021,-0.259357736,-1.112902409
3/25/2014,-0.78308899,-0.85184335,-0.715572863,-0.3894021,-0.259357736,-1.112902409
3/26/2014,-0.78308899,-0.85184335,-0.715572863,-0.3894021,-0.259357736,-1.112902409
3/27/2014,-0.78308899,-0.85184335,-0.715572863,-0.3894021,-0.259357736,-1.112902409
3/28/2014,-0.780314648,-0.836154183,-0.716019564,-0.382798636,-0.282777751,-1.116104729
3/29/2014,-0.780314648,-0.836154183,-0.716019564,-0.382798636,-0.282777751,-1.116104729
3/30/2014,-0.780314648,-0.836154183,-0.716019564,-0.382798636,-0.282777751,-1.116104729
3/31/2014,-0.780314648,-0.836154183,-0.716019564,-0.382798636,-0.282777751,-1.116104729
4/1/2014,-0.780314648,-0.836154183,-0.716019564,-0.382798636,-0.282777751,-1.116104729
4/2/2014,-0.780314648,-0.836154183,-0.716019564,-0.382798636,-0.282777751,-1.116104729
4/3/2014,-0.780314648,-0.836154183,-0.716019564,-0.382798636,-0.282777751,-1.116104729
4/4/2014,-0.778435531,-0.827550945,-0.716509121,-0.376753216,-0.307511368,-1.119386173
4/5/2014,-0.778435531,-0.827550945,-0.716509121,-0.376753216,-0.307511368,-1.119386173
4/6/2014,-0.778435531,-0.827550945,-0.716509121,-0.376753216,-0.307511368,-1.119386173
4/7/2014,-0.778435531,-0.827550945,-0.716509121,-0.376753216,-0.307511368,-1.119386173
4/8/2014,-0.778435531,-0.827550945,-0.716509121,-0.376753216,-0.307511368,-1.119386173
4/9/2014,-0.778435531,-0.827550945,-0.716509121,-0.376753216,-0.307511368,-1.119386173
4/10/2014,-0.778435531,-0.827550945,-0.716509121,-0.376753216,-0.307511368,-1.119386173
4/11/2014,-0.77585404,-0.821693548,-0.716887639,-0.370753494,-0.331995277,-1.122551816
4/12/2014,-0.77585404,-0.821693548,-0.716887639,-0.370753494,-0.331995277,-1.122551816
4/13/2014,-0.77585404,-0.821693548,-0.716887639,-0.370753494,-0.331995277,-1.122551816
4/14/2014,-0.77585404,-0.821693548,-0.716887639,-0.370753494,-0.331995277,-1.122551816
4/15/2014,-0.77585404,-0.821693548,-0.716887639,-0.370753494,-0.331995277,-1.122551816
4/16/2014,-0.77585404,-0.821693548,-0.716887639,-0.370753494,-0.331995277,-1.122551816
4/17/2014,-0.77585404,-0.821693548,-0.716887639,-0.370753494,-0.331995277,-1.122551816
4/18/2014,-0.773960209,-0.815283569,-0.717819652,-0.365625355,-0.355035495,-1.125435483
4/19/2014,-0.773960209,-0.815283569,-0.717819652,-0.365625355,-0.355035495,-1.125435483
4/20/2014,-0.773960209,-0.815283569,-0.717819652,-0.365625355,-0.355035495,-1.125435483
4/21/2014,-0.773960209,-0.815283569,-0.717819652,-0.365625355,-0.355035495,-1.125435483
4/22/2014,-0.773960209,-0.815283569,-0.717819652,-0.365625355,-0.355035495,-1.125435483
4/23/2014,-0.773960209,-0.815283569,-0.717819652,-0.365625355,-0.355035495,-1.125435483
4/24/2014,-0.773960209,-0.815283569,-0.717819652,-0.365625355,-0.355035495,-1.125435483
4/25/2014,-0.773313093,-0.806908024,-0.719604729,-0.36212337,-0.375037211,-1.127877249
4/26/2014,-0.773313093,-0.806908024,-0.719604729,-0.36212337,-0.375037211,-1.127877249
4/27/2014,-0.773313093,-0.806908024,-0.719604729,-0.36212337,-0.375037211,-1.127877249
4/28/2014,-0.773313093,-0.806908024,-0.719604729,-0.36212337,-0.375037211,-1.127877249
4/29/2014,-0.773313093,-0.806908024,-0.719604729,-0.36212337,-0.375037211,-1.127877249
4/30/2014,-0.773313093,-0.806908024,-0.719604729,-0.36212337,-0.375037211,-1.127877249
5/1/2014,-0.773313093,-0.806908024,-0.719604729,-0.36212337,-0.375037211,-1.127877249
5/2/2014,-0.774616013,-0.798136957,-0.722306329,-0.360851672,-0.39084328,-1.129736775
5/3/2014,-0.774616013,-0.798136957,-0.722306329,-0.360851672,-0.39084328,-1.129736775
5/4/2014,-0.774616013,-0.798136957,-0.722306329,-0.360851672,-0.39084328,-1.129736775
5/5/2014,-0.774616013,-0.798136957,-0.722306329,-0.360851672,-0.39084328,-1.129736775
5/6/2014,-0.774616013,-0.798136957,-0.722306329,-0.360851672,-0.39084328,-1.129736775
5/7/2014,-0.774616013,-0.798136957,-0.722306329,-0.360851672,-0.39084328,-1.129736775
5/8/2014,-0.774616013,-0.798136957,-0.722306329,-0.360851672,-0.39084328,-1.129736775
5/9/2014,-0.777585137,-0.791470303,-0.725861472,-0.361562266,-0.401390617,-1.130900545
5/10/2014,-0.777585137,-0.791470303,-0.725861472,-0.361562266,-0.401390617,-1.130900545
5/11/2014,-0.777585137,-0.791470303,-0.725861472,-0.361562266,-0.401390617,-1.130900545
5/12/2014,-0.777585137,-0.791470303,-0.725861472,-0.361562266,-0.401390617,-1.130900545
5/13/2014,-0.777585137,-0.791470303,-0.725861472,-0.361562266,-0.401390617,-1.130900545
5/14/2014,-0.777585137,-0.791470303,-0.725861472,-0.361562266,-0.401390617,-1.130900545
5/15/2014,-0.777585137,-0.791470303,-0.725861472,-0.361562266,-0.401390617,-1.130900545
5/16/2014,-0.781841824,-0.791783354,-0.729523197,-0.364385524,-0.405508065,-1.131283008
5/17/2014,-0.781841824,-0.791783354,-0.729523197,-0.364385524,-0.405508065,-1.131283008
5/18/2014,-0.781841824,-0.791783354,-0.729523197,-0.364385524,-0.405508065,-1.131283008
5/19/2014,-0.781841824,-0.791783354,-0.729523197,-0.364385524,-0.405508065,-1.131283008
5/20/2014,-0.781841824,-0.791783354,-0.729523197,-0.364385524,-0.405508065,-1.131283008
5/21/2014,-0.781841824,-0.791783354,-0.729523197,-0.364385524,-0.405508065,-1.131283008
5/22/2014,-0.781841824,-0.791783354,-0.729523197,-0.364385524,-0.405508065,-1.131283008
5/23/2014,-0.788153462,-0.801236139,-0.733321733,-0.369152398,-0.403066281,-1.130825429
5/24/2014,-0.788153462,-0.801236139,-0.733321733,-0.369152398,-0.403066281,-1.130825429
5/25/2014,-0.788153462,-0.801236139,-0.733321733,-0.369152398,-0.403066281,-1.130825429
5/26/2014,-0.788153462,-0.801236139,-0.733321733,-0.369152398,-0.403066281,-1.130825429
5/27/2014,-0.788153462,-0.801236139,-0.733321733,-0.369152398,-0.403066281,-1.130825429
5/28/2014,-0.788153462,-0.801236139,-0.733321733,-0.369152398,-0.403066281,-1.130825429
5/29/2014,-0.788153462,-0.801236139,-0.733321733,-0.369152398,-0.403066281,-1.130825429
5/30/2014,-0.794102695,-0.814804589,-0.736683363,-0.374193232,-0.393276739,-1.129496987
5/31/2014,-0.794102695,-0.814804589,-0.736683363,-0.374193232,-0.393276739,-1.129496987
6/1/2014,-0.794102695,-0.814804589,-0.736683363,-0.374193232,-0.393276739,-1.129496987
6/2/2014,-0.794102695,-0.814804589,-0.736683363,-0.374193232,-0.393276739,-1.129496987
6/3/2014,-0.794102695,-0.814804589,-0.736683363,-0.374193232,-0.393276739,-1.129496987
6/4/2014,-0.794102695,-0.814804589,-0.736683363,-0.374193232,-0.393276739,-1.129496987
6/5/2014,-0.794102695,-0.814804589,-0.736683363,-0.374193232,-0.393276739,-1.129496987
6/6/2014,-0.797586699,-0.827557017,-0.737893436,-0.378407151,-0.37689069,-1.127291854
6/7/2014,-0.797586699,-0.827557017,-0.737893436,-0.378407151,-0.37689069,-1.127291854
6/8/2014,-0.797586699,-0.827557017,-0.737893436,-0.378407151,-0.37689069,-1.127291854
6/9/2014,-0.797586699,-0.827557017,-0.737893436,-0.378407151,-0.37689069,-1.127291854
6/10/2014,-0.797586699,-0.827557017,-0.737893436,-0.378407151,-0.37689069,-1.127291854
6/11/2014,-0.797586699,-0.827557017,-0.737893436,-0.378407151,-0.37689069,-1.127291854
6/12/2014,-0.797586699,-0.827557017,-0.737893436,-0.378407151,-0.37689069,-1.127291854
6/13/2014,-0.797887736,-0.834887646,-0.73666708,-0.381282836,-0.3543255,-1.124227148
6/14/2014,-0.797887736,-0.834887646,-0.73666708,-0.381282836,-0.3543255,-1.124227148
6/15/2014,-0.797887736,-0.834887646,-0.73666708,-0.381282836,-0.3543255,-1.124227148
6/16/2014,-0.797887736,-0.834887646,-0.73666708,-0.381282836,-0.3543255,-1.124227148
6/17/2014,-0.797887736,-0.834887646,-0.73666708,-0.381282836,-0.3543255,-1.124227148
6/18/2014,-0.797887736,-0.834887646,-0.73666708,-0.381282836,-0.3543255,-1.124227148
6/19/2014,-0.797887736,-0.834887646,-0.73666708,-0.381282836,-0.3543255,-1.124227148
6/20/2014,-0.794611132,-0.833985722,-0.732743762,-0.382142309,-0.327578179,-1.120341513
6/21/2014,-0.794611132,-0.833985722,-0.732743762,-0.382142309,-0.327578179,-1.120341513
6/22/2014,-0.794611132,-0.833985722,-0.732743762,-0.382142309,-0.327578179,-1.120341513
6/23/2014,-0.794611132,-0.833985722,-0.732743762,-0.382142309,-0.327578179,-1.120341513
6/24/2014,-0.794611132,-0.833985722,-0.732743762,-0.382142309,-0.327578179,-1.120341513
6/25/2014,-0.794611132,-0.833985722,-0.732743762,-0.382142309,-0.327578179,-1.120341513
6/26/2014,-0.794611132,-0.833985722,-0.732743762,-0.382142309,-0.327578179,-1.120341513
6/27/2014,-0.78768129,-0.825518473,-0.726291208,-0.381073101,-0.298075935,-1.115689425
6/28/2014,-0.78768129,-0.825518473,-0.726291208,-0.381073101,-0.298075935,-1.115689425
6/29/2014,-0.78768129,-0.825518473,-0.726291208,-0.381073101,-0.298075935,-1.115689425
6/30/2014,-0.78768129,-0.825518473,-0.726291208,-0.381073101,-0.298075935,-1.115689425
7/1/2014,-0.78768129,-0.825518473,-0.726291208,-0.381073101,-0.298075935,-1.115689425
7/2/2014,-0.78768129,-0.825518473,-0.726291208,-0.381073101,-0.298075935,-1.115689425
7/3/2014,-0.78768129,-0.825518473,-0.726291208,-0.381073101,-0.298075935,-1.115689425
7/4/2014,-0.777716622,-0.812175188,-0.717495419,-0.378031791,-0.268979913,-1.110331811
7/5/2014,-0.777716622,-0.812175188,-0.717495419,-0.378031791,-0.268979913,-1.110331811
7/6/2014,-0.777716622,-0.812175188,-0.717495419,-0.378031791,-0.268979913,-1.110331811
7/7/2014,-0.777716622,-0.812175188,-0.717495419,-0.378031791,-0.268979913,-1.110331811
7/8/2014,-0.777716622,-0.812175188,-0.717495419,-0.378031791,-0.268979913,-1.110331811
7/9/2014,-0.777716622,-0.812175188,-0.717495419,-0.378031791,-0.268979913,-1.110331811
7/10/2014,-0.777716622,-0.812175188,-0.717495419,-0.378031791,-0.268979913,-1.110331811
7/11/2014,-0.766179949,-0.797585046,-0.707520004,-0.373405024,-0.242879925,-1.104347316
7/12/2014,-0.766179949,-0.797585046,-0.707520004,-0.373405024,-0.242879925,-1.104347316
7/13/2014,-0.766179949,-0.797585046,-0.707520004,-0.373405024,-0.242879925,-1.104347316
7/14/2014,-0.766179949,-0.797585046,-0.707520004,-0.373405024,-0.242879925,-1.104347316
7/15/2014,-0.766179949,-0.797585046,-0.707520004,-0.373405024,-0.242879925,-1.104347316
7/16/2014,-0.766179949,-0.797585046,-0.707520004,-0.373405024,-0.242879925,-1.104347316
7/17/2014,-0.766179949,-0.797585046,-0.707520004,-0.373405024,-0.242879925,-1.104347316
7/18/2014,-0.754002723,-0.783901312,-0.69728075,-0.367507529,-0.221805912,-1.097810819
7/19/2014,-0.754002723,-0.783901312,-0.69728075,-0.367507529,-0.221805912,-1.097810819
7/20/2014,-0.754002723,-0.783901312,-0.69728075,-0.367507529,-0.221805912,-1.097810819
7/21/2014,-0.754002723,-0.783901312,-0.69728075,-0.367507529,-0.221805912,-1.097810819
7/22/2014,-0.754002723,-0.783901312,-0.69728075,-0.367507529,-0.221805912,-1.097810819
7/23/2014,-0.754002723,-0.783901312,-0.69728075,-0.367507529,-0.221805912,-1.097810819
7/24/2014,-0.754002723,-0.783901312,-0.69728075,-0.367507529,-0.221805912,-1.097810819
7/25/2014,-0.743331112,-0.773680069,-0.688541496,-0.360868779,-0.207298209,-1.090795963
7/26/2014,-0.743331112,-0.773680069,-0.688541496,-0.360868779,-0.207298209,-1.090795963
7/27/2014,-0.743331112,-0.773680069,-0.688541496,-0.360868779,-0.207298209,-1.090795963
7/28/2014,-0.743331112,-0.773680069,-0.688541496,-0.360868779,-0.207298209,-1.090795963
7/29/2014,-0.743331112,-0.773680069,-0.688541496,-0.360868779,-0.207298209,-1.090795963
7/30/2014,-0.743331112,-0.773680069,-0.688541496,-0.360868779,-0.207298209,-1.090795963
7/31/2014,-0.743331112,-0.773680069,-0.688541496,-0.360868779,-0.207298209,-1.090795963
8/1/2014,-0.734707675,-0.766602482,-0.68169111,-0.353640767,-0.200200051,-1.0833749
8/2/2014,-0.734707675,-0.766602482,-0.68169111,-0.353640767,-0.200200051,-1.0833749
8/3/2014,-0.734707675,-0.766602482,-0.68169111,-0.353640767,-0.200200051,-1.0833749
8/4/2014,-0.734707675,-0.766602482,-0.68169111,-0.353640767,-0.200200051,-1.0833749
8/5/2014,-0.734707675,-0.766602482,-0.68169111,-0.353640767,-0.200200051,-1.0833749
8/6/2014,-0.734707675,-0.766602482,-0.68169111,-0.353640767,-0.200200051,-1.0833749
8/7/2014,-0.734707675,-0.766602482,-0.68169111,-0.353640767,-0.200200051,-1.0833749
8/8/2014,-0.729666217,-0.766829052,-0.67732663,-0.346606998,-0.200202398,-1.075616184
8/9/2014,-0.729666217,-0.766829052,-0.67732663,-0.346606998,-0.200202398,-1.075616184
8/10/2014,-0.729666217,-0.766829052,-0.67732663,-0.346606998,-0.200202398,-1.075616184
8/11/2014,-0.729666217,-0.766829052,-0.67732663,-0.346606998,-0.200202398,-1.075616184
8/12/2014,-0.729666217,-0.766829052,-0.67732663,-0.346606998,-0.200202398,-1.075616184
8/13/2014,-0.729666217,-0.766829052,-0.67732663,-0.346606998,-0.200202398,-1.075616184
8/14/2014,-0.729666217,-0.766829052,-0.67732663,-0.346606998,-0.200202398,-1.075616184
8/15/2014,-0.729137846,-0.773920581,-0.676239662,-0.3394762,-0.206591715,-1.067584369
8/16/2014,-0.729137846,-0.773920581,-0.676239662,-0.3394762,-0.206591715,-1.067584369
8/17/2014,-0.729137846,-0.773920581,-0.676239662,-0.3394762,-0.206591715,-1.067584369
8/18/2014,-0.729137846,-0.773920581,-0.676239662,-0.3394762,-0.206591715,-1.067584369
8/19/2014,-0.729137846,-0.773920581,-0.676239662,-0.3394762,-0.206591715,-1.067584369
8/20/2014,-0.729137846,-0.773920581,-0.676239662,-0.3394762,-0.206591715,-1.067584369
8/21/2014,-0.729137846,-0.773920581,-0.676239662,-0.3394762,-0.206591715,-1.067584369
8/22/2014,-0.728852213,-0.784093238,-0.675847848,-0.330937438,-0.217355742,-1.05934144
8/23/2014,-0.728852213,-0.784093238,-0.675847848,-0.330937438,-0.217355742,-1.05934144
8/24/2014,-0.728852213,-0.784093238,-0.675847848,-0.330937438,-0.217355742,-1.05934144
8/25/2014,-0.728852213,-0.784093238,-0.675847848,-0.330937438,-0.217355742,-1.05934144
8/26/2014,-0.728852213,-0.784093238,-0.675847848,-0.330937438,-0.217355742,-1.05934144
8/27/2014,-0.728852213,-0.784093238,-0.675847848,-0.330937438,-0.217355742,-1.05934144
8/28/2014,-0.728852213,-0.784093238,-0.675847848,-0.330937438,-0.217355742,-1.05934144
8/29/2014,-0.726357505,-0.793568789,-0.674559692,-0.320173702,-0.230403015,-1.050947671
8/30/2014,-0.726357505,-0.793568789,-0.674559692,-0.320173702,-0.230403015,-1.050947671
8/31/2014,-0.726357505,-0.793568789,-0.674559692,-0.320173702,-0.230403015,-1.050947671
9/1/2014,-0.726357505,-0.793568789,-0.674559692,-0.320173702,-0.230403015,-1.050947671
9/2/2014,-0.726357505,-0.793568789,-0.674559692,-0.320173702,-0.230403015,-1.050947671
9/3/2014,-0.726357505,-0.793568789,-0.674559692,-0.320173702,-0.230403015,-1.050947671
9/4/2014,-0.726357505,-0.793568789,-0.674559692,-0.320173702,-0.230403015,-1.050947671
9/5/2014,-0.720367759,-0.800181091,-0.670486691,-0.307780375,-0.243475586,-1.042462154
9/6/2014,-0.720367759,-0.800181091,-0.670486691,-0.307780375,-0.243475586,-1.042462154
9/7/2014,-0.720367759,-0.800181091,-0.670486691,-0.307780375,-0.243475586,-1.042462154
9/8/2014,-0.720367759,-0.800181091,-0.670486691,-0.307780375,-0.243475586,-1.042462154
9/9/2014,-0.720367759,-0.800181091,-0.670486691,-0.307780375,-0.243475586,-1.042462154
9/10/2014,-0.720367759,-0.800181091,-0.670486691,-0.307780375,-0.243475586,-1.042462154
9/11/2014,-0.720367759,-0.800181091,-0.670486691,-0.307780375,-0.243475586,-1.042462154
9/12/2014,-0.709473039,-0.796932483,-0.66285123,-0.29396974,-0.253910865,-1.033944489
9/13/2014,-0.709473039,-0.796932483,-0.66285123,-0.29396974,-0.253910865,-1.033944489
9/14/2014,-0.709473039,-0.796932483,-0.66285123,-0.29396974,-0.253910865,-1.033944489
9/15/2014,-0.709473039,-0.796932483,-0.66285123,-0.29396974,-0.253910865,-1.033944489
9/16/2014,-0.709473039,-0.796932483,-0.66285123,-0.29396974,-0.253910865,-1.033944489
9/17/2014,-0.709473039,-0.796932483,-0.66285123,-0.29396974,-0.253910865,-1.033944489
9/18/2014,-0.709473039,-0.796932483,-0.66285123,-0.29396974,-0.253910865,-1.033944489
9/19/2014,-0.694101767,-0.78399727,-0.651634358,-0.279969718,-0.259755887,-1.025454749
9/20/2014,-0.694101767,-0.78399727,-0.651634358,-0.279969718,-0.259755887,-1.025454749
9/21/2014,-0.694101767,-0.78399727,-0.651634358,-0.279969718,-0.259755887,-1.025454749
9/22/2014,-0.694101767,-0.78399727,-0.651634358,-0.279969718,-0.259755887,-1.025454749
9/23/2014,-0.694101767,-0.78399727,-0.651634358,-0.279969718,-0.259755887,-1.025454749
9/24/2014,-0.694101767,-0.78399727,-0.651634358,-0.279969718,-0.259755887,-1.025454749
9/25/2014,-0.694101767,-0.78399727,-0.651634358,-0.279969718,-0.259755887,-1.025454749
9/26/2014,-0.676463212,-0.763408775,-0.638309236,-0.267172423,-0.260169604,-1.017053133
9/27/2014,-0.676463212,-0.763408775,-0.638309236,-0.267172423,-0.260169604,-1.017053133
9/28/2014,-0.676463212,-0.763408775,-0.638309236,-0.267172423,-0.260169604,-1.017053133
9/29/2014,-0.676463212,-0.763408775,-0.638309236,-0.267172423,-0.260169604,-1.017053133
9/30/2014,-0.676463212,-0.763408775,-0.638309236,-0.267172423,-0.260169604,-1.017053133
10/1/2014,-0.676463212,-0.763408775,-0.638309236,-0.267172423,-0.260169604,-1.017053133
10/2/2014,-0.676463212,-0.763408775,-0.638309236,-0.267172423,-0.260169604,-1.017053133
10/3/2014,-0.659920656,-0.742760177,-0.624714888,-0.257523391,-0.255036952,-1.00879609
10/4/2014,-0.659920656,-0.742760177,-0.624714888,-0.257523391,-0.255036952,-1.00879609
10/5/2014,-0.659920656,-0.742760177,-0.624714888,-0.257523391,-0.255036952,-1.00879609
10/6/2014,-0.659920656,-0.742760177,-0.624714888,-0.257523391,-0.255036952,-1.00879609
10/7/2014,-0.659920656,-0.742760177,-0.624714888,-0.257523391,-0.255036952,-1.00879609
10/8/2014,-0.659920656,-0.742760177,-0.624714888,-0.257523391,-0.255036952,-1.00879609
10/9/2014,-0.659920656,-0.742760177,-0.624714888,-0.257523391,-0.255036952,-1.00879609
10/10/2014,-0.64789708,-0.728048464,-0.614458748,-0.251429296,-0.244962243,-1.000745939
10/11/2014,-0.64789708,-0.728048464,-0.614458748,-0.251429296,-0.244962243,-1.000745939
10/12/2014,-0.64789708,-0.728048464,-0.614458748,-0.251429296,-0.244962243,-1.000745939
10/13/2014,-0.64789708,-0.728048464,-0.614458748,-0.251429296,-0.244962243,-1.000745939
10/14/2014,-0.64789708,-0.728048464,-0.614458748,-0.251429296,-0.244962243,-1.000745939
10/15/2014,-0.64789708,-0.728048464,-0.614458748,-0.251429296,-0.244962243,-1.000745939
10/16/2014,-0.64789708,-0.728048464,-0.614458748,-0.251429296,-0.244962243,-1.000745939
10/17/2014,-0.639738102,-0.721220577,-0.607716005,-0.248144782,-0.231543268,-0.992947421
10/18/2014,-0.639738102,-0.721220577,-0.607716005,-0.248144782,-0.231543268,-0.992947421
10/19/2014,-0.639738102,-0.721220577,-0.607716005,-0.248144782,-0.231543268,-0.992947421
10/20/2014,-0.639738102,-0.721220577,-0.607716005,-0.248144782,-0.231543268,-0.992947421
10/21/2014,-0.639738102,-0.721220577,-0.607716005,-0.248144782,-0.231543268,-0.992947421
10/22/2014,-0.639738102,-0.721220577,-0.607716005,-0.248144782,-0.231543268,-0.992947421
10/23/2014,-0.639738102,-0.721220577,-0.607716005,-0.248144782,-0.231543268,-0.992947421
10/24/2014,-0.641027245,-0.728427466,-0.608495819,-0.248267441,-0.216644479,-0.985439769
10/25/2014,-0.641027245,-0.728427466,-0.608495819,-0.248267441,-0.216644479,-0.985439769
10/26/2014,-0.641027245,-0.728427466,-0.608495819,-0.248267441,-0.216644479,-0.985439769
10/27/2014,-0.641027245,-0.728427466,-0.608495819,-0.248267441,-0.216644479,-0.985439769
10/28/2014,-0.641027245,-0.728427466,-0.608495819,-0.248267441,-0.216644479,-0.985439769
10/29/2014,-0.641027245,-0.728427466,-0.608495819,-0.248267441,-0.216644479,-0.985439769
10/30/2014,-0.641027245,-0.728427466,-0.608495819,-0.248267441,-0.216644479,-0.985439769
10/31/2014,-0.646219919,-0.742335817,-0.612935313,-0.249745795,-0.201670539,-0.978251268
11/1/2014,-0.646219919,-0.742335817,-0.612935313,-0.249745795,-0.201670539,-0.978251268
11/2/2014,-0.646219919,-0.742335817,-0.612935313,-0.249745795,-0.201670539,-0.978251268
11/3/2014,-0.646219919,-0.742335817,-0.612935313,-0.249745795,-0.201670539,-0.978251268
11/4/2014,-0.646219919,-0.742335817,-0.612935313,-0.249745795,-0.201670539,-0.978251268
11/5/2014,-0.646219919,-0.742335817,-0.612935313,-0.249745795,-0.201670539,-0.978251268
11/6/2014,-0.646219919,-0.742335817,-0.612935313,-0.249745795,-0.201670539,-0.978251268
11/7/2014,-0.65342412,-0.757984308,-0.619538084,-0.250875983,-0.188411833,-0.971398359
11/8/2014,-0.65342412,-0.757984308,-0.619538084,-0.250875983,-0.188411833,-0.971398359
11/9/2014,-0.65342412,-0.757984308,-0.619538084,-0.250875983,-0.188411833,-0.971398359
11/10/2014,-0.65342412,-0.757984308,-0.619538084,-0.250875983,-0.188411833,-0.971398359
11/11/2014,-0.65342412,-0.757984308,-0.619538084,-0.250875983,-0.188411833,-0.971398359
11/12/2014,-0.65342412,-0.757984308,-0.619538084,-0.250875983,-0.188411833,-0.971398359
11/13/2014,-0.65342412,-0.757984308,-0.619538084,-0.250875983,-0.188411833,-0.971398359
11/14/2014,-0.65842832,-0.767192768,-0.625052065,-0.249819446,-0.177570951,-0.964886483
11/15/2014,-0.65842832,-0.767192768,-0.625052065,-0.249819446,-0.177570951,-0.964886483
11/16/2014,-0.65842832,-0.767192768,-0.625052065,-0.249819446,-0.177570951,-0.964886483
11/17/2014,-0.65842832,-0.767192768,-0.625052065,-0.249819446,-0.177570951,-0.964886483
11/18/2014,-0.65842832,-0.767192768,-0.625052065,-0.249819446,-0.177570951,-0.964886483
11/19/2014,-0.65842832,-0.767192768,-0.625052065,-0.249819446,-0.177570951,-0.964886483
11/20/2014,-0.65842832,-0.767192768,-0.625052065,-0.249819446,-0.177570951,-0.964886483
11/21/2014,-0.657640276,-0.764676005,-0.626354544,-0.24489555,-0.170226997,-0.958711638
11/22/2014,-0.657640276,-0.764676005,-0.626354544,-0.24489555,-0.170226997,-0.958711638
11/23/2014,-0.657640276,-0.764676005,-0.626354544,-0.24489555,-0.170226997,-0.958711638
11/24/2014,-0.657640276,-0.764676005,-0.626354544,-0.24489555,-0.170226997,-0.958711638
11/25/2014,-0.657640276,-0.764676005,-0.626354544,-0.24489555,-0.170226997,-0.958711638
11/26/2014,-0.657640276,-0.764676005,-0.626354544,-0.24489555,-0.170226997,-0.958711638
11/27/2014,-0.657640276,-0.764676005,-0.626354544,-0.24489555,-0.170226997,-0.958711638
11/28/2014,-0.650882802,-0.752019848,-0.621911157,-0.23621129,-0.167118047,-0.952861019
11/29/2014,-0.650882802,-0.752019848,-0.621911157,-0.23621129,-0.167118047,-0.952861019
11/30/2014,-0.650882802,-0.752019848,-0.621911157,-0.23621129,-0.167118047,-0.952861019
12/1/2014,-0.650882802,-0.752019848,-0.621911157,-0.23621129,-0.167118047,-0.952861019
12/2/2014,-0.650882802,-0.752019848,-0.621911157,-0.23621129,-0.167118047,-0.952861019
12/3/2014,-0.650882802,-0.752019848,-0.621911157,-0.23621129,-0.167118047,-0.952861019
12/4/2014,-0.650882802,-0.752019848,-0.621911157,-0.23621129,-0.167118047,-0.952861019
12/5/2014,-0.637518907,-0.731698211,-0.611747235,-0.223209549,-0.168025648,-0.947314788
12/6/2014,-0.637518907,-0.731698211,-0.611747235,-0.223209549,-0.168025648,-0.947314788
12/7/2014,-0.637518907,-0.731698211,-0.611747235,-0.223209549,-0.168025648,-0.947314788
12/8/2014,-0.637518907,-0.731698211,-0.611747235,-0.223209549,-0.168025648,-0.947314788
12/9/2014,-0.637518907,-0.731698211,-0.611747235,-0.223209549,-0.168025648,-0.947314788
12/10/2014,-0.637518907,-0.731698211,-0.611747235,-0.223209549,-0.168025648,-0.947314788
12/11/2014,-0.637518907,-0.731698211,-0.611747235,-0.223209549,-0.168025648,-0.947314788
12/12/2014,-0.617078214,-0.706469699,-0.595488978,-0.206212416,-0.172757284,-0.942047666
12/13/2014,-0.617078214,-0.706469699,-0.595488978,-0.206212416,-0.172757284,-0.942047666
12/14/2014,-0.617078214,-0.706469699,-0.595488978,-0.206212416,-0.172757284,-0.942047666
12/15/2014,-0.617078214,-0.706469699,-0.595488978,-0.206212416,-0.172757284,-0.942047666
12/16/2014,-0.617078214,-0.706469699,-0.595488978,-0.206212416,-0.172757284,-0.942047666
12/17/2014,-0.617078214,-0.706469699,-0.595488978,-0.206212416,-0.172757284,-0.942047666
12/18/2014,-0.617078214,-0.706469699,-0.595488978,-0.206212416,-0.172757284,-0.942047666
12/19/2014,-0.59359689,-0.683000314,-0.575698157,-0.187305081,-0.180958039,-0.937029853
12/20/2014,-0.59359689,-0.683000314,-0.575698157,-0.187305081,-0.180958039,-0.937029853
12/21/2014,-0.59359689,-0.683000314,-0.575698157,-0.187305081,-0.180958039,-0.937029853
12/22/2014,-0.59359689,-0.683000314,-0.575698157,-0.187305081,-0.180958039,-0.937029853
12/23/2014,-0.59359689,-0.683000314,-0.575698157,-0.187305081,-0.180958039,-0.937029853
12/24/2014,-0.59359689,-0.683000314,-0.575698157,-0.187305081,-0.180958039,-0.937029853
12/25/2014,-0.59359689,-0.683000314,-0.575698157,-0.187305081,-0.180958039,-0.937029853
12/26/2014,-0.571333988,-0.663923481,-0.555093282,-0.168898688,-0.192344255,-0.932229298
12/27/2014,-0.571333988,-0.663923481,-0.555093282,-0.168898688,-0.192344255,-0.932229298
12/28/2014,-0.571333988,-0.663923481,-0.555093282,-0.168898688,-0.192344255,-0.932229298
12/29/2014,-0.571333988,-0.663923481,-0.555093282,-0.168898688,-0.192344255,-0.932229298
12/30/2014,-0.571333988,-0.663923481,-0.555093282,-0.168898688,-0.192344255,-0.932229298
12/31/2014,-0.571333988,-0.663923481,-0.555093282,-0.168898688,-0.192344255,-0.932229298
1/1/2015,-0.571333988,-0.663923481,-0.555093282,-0.168898688,-0.192344255,-0.932229298
1/2/2015,-0.548636398,-0.646099986,-0.534463751,-0.150337686,-0.206426096,-0.927613201
1/3/2015,-0.548636398,-0.646099986,-0.534463751,-0.150337686,-0.206426096,-0.927613201
1/4/2015,-0.548636398,-0.646099986,-0.534463751,-0.150337686,-0.206426096,-0.927613201
1/5/2015,-0.548636398,-0.646099986,-0.534463751,-0.150337686,-0.206426096,-0.927613201
1/6/2015,-0.548636398,-0.646099986,-0.534463751,-0.150337686,-0.206426096,-0.927613201
1/7/2015,-0.548636398,-0.646099986,-0.534463751,-0.150337686,-0.206426096,-0.927613201
1/8/2015,-0.548636398,-0.646099986,-0.534463751,-0.150337686,-0.206426096,-0.927613201
1/9/2015,-0.530288271,-0.629749183,-0.516444878,-0.134748754,-0.222749398,-0.923148997
1/10/2015,-0.530288271,-0.629749183,-0.516444878,-0.134748754,-0.222749398,-0.923148997
1/11/2015,-0.530288271,-0.629749183,-0.516444878,-0.134748754,-0.222749398,-0.923148997
1/12/2015,-0.530288271,-0.629749183,-0.516444878,-0.134748754,-0.222749398,-0.923148997
1/13/2015,-0.530288271,-0.629749183,-0.516444878,-0.134748754,-0.222749398,-0.923148997
1/14/2015,-0.530288271,-0.629749183,-0.516444878,-0.134748754,-0.222749398,-0.923148997
1/15/2015,-0.530288271,-0.629749183,-0.516444878,-0.134748754,-0.222749398,-0.923148997
1/16/2015,-0.515890686,-0.612631763,-0.50132156,-0.12247304,-0.240856965,-0.918801441
1/17/2015,-0.515890686,-0.612631763,-0.50132156,-0.12247304,-0.240856965,-0.918801441
1/18/2015,-0.515890686,-0.612631763,-0.50132156,-0.12247304,-0.240856965,-0.918801441
1/19/2015,-0.515890686,-0.612631763,-0.50132156,-0.12247304,-0.240856965,-0.918801441
1/20/2015,-0.515890686,-0.612631763,-0.50132156,-0.12247304,-0.240856965,-0.918801441
1/21/2015,-0.515890686,-0.612631763,-0.50132156,-0.12247304,-0.240856965,-0.918801441
1/22/2015,-0.515890686,-0.612631763,-0.50132156,-0.12247304,-0.240856965,-0.918801441
1/23/2015,-0.507998021,-0.599321112,-0.491202437,-0.114763945,-0.259476252,-0.914540966
1/24/2015,-0.507998021,-0.599321112,-0.491202437,-0.114763945,-0.259476252,-0.914540966
1/25/2015,-0.507998021,-0.599321112,-0.491202437,-0.114763945,-0.259476252,-0.914540966
1/26/2015,-0.507998021,-0.599321112,-0.491202437,-0.114763945,-0.259476252,-0.914540966
1/27/2015,-0.507998021,-0.599321112,-0.491202437,-0.114763945,-0.259476252,-0.914540966
1/28/2015,-0.507998021,-0.599321112,-0.491202437,-0.114763945,-0.259476252,-0.914540966
1/29/2015,-0.507998021,-0.599321112,-0.491202437,-0.114763945,-0.259476252,-0.914540966
1/30/2015,-0.505416195,-0.591834906,-0.485597139,-0.111427609,-0.277396611,-0.910338948
1/31/2015,-0.505416195,-0.591834906,-0.485597139,-0.111427609,-0.277396611,-0.910338948
2/1/2015,-0.505416195,-0.591834906,-0.485597139,-0.111427609,-0.277396611,-0.910338948
2/2/2015,-0.505416195,-0.591834906,-0.485597139,-0.111427609,-0.277396611,-0.910338948
2/3/2015,-0.505416195,-0.591834906,-0.485597139,-0.111427609,-0.277396611,-0.910338948
2/4/2015,-0.505416195,-0.591834906,-0.485597139,-0.111427609,-0.277396611,-0.910338948
2/5/2015,-0.505416195,-0.591834906,-0.485597139,-0.111427609,-0.277396611,-0.910338948
2/6/2015,-0.508030981,-0.592234664,-0.484787292,-0.111960644,-0.293492337,-0.906169687
2/7/2015,-0.508030981,-0.592234664,-0.484787292,-0.111960644,-0.293492337,-0.906169687
2/8/2015,-0.508030981,-0.592234664,-0.484787292,-0.111960644,-0.293492337,-0.906169687
2/9/2015,-0.508030981,-0.592234664,-0.484787292,-0.111960644,-0.293492337,-0.906169687
2/10/2015,-0.508030981,-0.592234664,-0.484787292,-0.111960644,-0.293492337,-0.906169687
2/11/2015,-0.508030981,-0.592234664,-0.484787292,-0.111960644,-0.293492337,-0.906169687
2/12/2015,-0.508030981,-0.592234664,-0.484787292,-0.111960644,-0.293492337,-0.906169687
2/13/2015,-0.514113463,-0.599557505,-0.487950654,-0.115563667,-0.305813136,-0.902010781
2/14/2015,-0.514113463,-0.599557505,-0.487950654,-0.115563667,-0.305813136,-0.902010781
2/15/2015,-0.514113463,-0.599557505,-0.487950654,-0.115563667,-0.305813136,-0.902010781
2/16/2015,-0.514113463,-0.599557505,-0.487950654,-0.115563667,-0.305813136,-0.902010781
2/17/2015,-0.514113463,-0.599557505,-0.487950654,-0.115563667,-0.305813136,-0.902010781
2/18/2015,-0.514113463,-0.599557505,-0.487950654,-0.115563667,-0.305813136,-0.902010781
2/19/2015,-0.514113463,-0.599557505,-0.487950654,-0.115563667,-0.305813136,-0.902010781
2/20/2015,-0.522469973,-0.610834614,-0.494444918,-0.120926179,-0.313642592,-0.897842781
2/21/2015,-0.522469973,-0.610834614,-0.494444918,-0.120926179,-0.313642592,-0.897842781
2/22/2015,-0.522469973,-0.610834614,-0.494444918,-0.120926179,-0.313642592,-0.897842781
2/23/2015,-0.522469973,-0.610834614,-0.494444918,-0.120926179,-0.313642592,-0.897842781
2/24/2015,-0.522469973,-0.610834614,-0.494444918,-0.120926179,-0.313642592,-0.897842781
2/25/2015,-0.522469973,-0.610834614,-0.494444918,-0.120926179,-0.313642592,-0.897842781
2/26/2015,-0.522469973,-0.610834614,-0.494444918,-0.120926179,-0.313642592,-0.897842781
2/27/2015,-0.531257904,-0.620656104,-0.502935754,-0.126835756,-0.316261523,-0.893648716
2/28/2015,-0.531257904,-0.620656104,-0.502935754,-0.126835756,-0.316261523,-0.893648716
3/1/2015,-0.531257904,-0.620656104,-0.502935754,-0.126835756,-0.316261523,-0.893648716
3/2/2015,-0.531257904,-0.620656104,-0.502935754,-0.126835756,-0.316261523,-0.893648716
3/3/2015,-0.531257904,-0.620656104,-0.502935754,-0.126835756,-0.316261523,-0.893648716
3/4/2015,-0.531257904,-0.620656104,-0.502935754,-0.126835756,-0.316261523,-0.893648716
3/5/2015,-0.531257904,-0.620656104,-0.502935754,-0.126835756,-0.316261523,-0.893648716
3/6/2015,-0.53783076,-0.623612485,-0.511551673,-0.131635399,-0.313853631,-0.889414072
3/7/2015,-0.53783076,-0.623612485,-0.511551673,-0.131635399,-0.313853631,-0.889414072
3/8/2015,-0.53783076,-0.623612485,-0.511551673,-0.131635399,-0.313853631,-0.889414072
3/9/2015,-0.53783076,-0.623612485,-0.511551673,-0.131635399,-0.313853631,-0.889414072
3/10/2015,-0.53783076,-0.623612485,-0.511551673,-0.131635399,-0.313853631,-0.889414072
3/11/2015,-0.53783076,-0.623612485,-0.511551673,-0.131635399,-0.313853631,-0.889414072
3/12/2015,-0.53783076,-0.623612485,-0.511551673,-0.131635399,-0.313853631,-0.889414072
3/13/2015,-0.54286841,-0.621530558,-0.520043495,-0.135279228,-0.306831904,-0.885126136
3/14/2015,-0.54286841,-0.621530558,-0.520043495,-0.135279228,-0.306831904,-0.885126136
3/15/2015,-0.54286841,-0.621530558,-0.520043495,-0.135279228,-0.306831904,-0.885126136
3/16/2015,-0.54286841,-0.621530558,-0.520043495,-0.135279228,-0.306831904,-0.885126136
3/17/2015,-0.54286841,-0.621530558,-0.520043495,-0.135279228,-0.306831904,-0.885126136
3/18/2015,-0.54286841,-0.621530558,-0.520043495,-0.135279228,-0.306831904,-0.885126136
3/19/2015,-0.54286841,-0.621530558,-0.520043495,-0.135279228,-0.306831904,-0.885126136
3/20/2015,-0.547316347,-0.618368931,-0.527716835,-0.138392327,-0.296207252,-0.8807738
3/21/2015,-0.547316347,-0.618368931,-0.527716835,-0.138392327,-0.296207252,-0.8807738
3/22/2015,-0.547316347,-0.618368931,-0.527716835,-0.138392327,-0.296207252,-0.8807738
3/23/2015,-0.547316347,-0.618368931,-0.527716835,-0.138392327,-0.296207252,-0.8807738
3/24/2015,-0.547316347,-0.618368931,-0.527716835,-0.138392327,-0.296207252,-0.8807738
3/25/2015,-0.547316347,-0.618368931,-0.527716835,-0.138392327,-0.296207252,-0.8807738
3/26/2015,-0.547316347,-0.618368931,-0.527716835,-0.138392327,-0.296207252,-0.8807738
3/27/2015,-0.55017785,-0.617002814,-0.53525688,-0.139330745,-0.282853868,-0.876347753
3/28/2015,-0.55017785,-0.617002814,-0.53525688,-0.139330745,-0.282853868,-0.876347753
3/29/2015,-0.55017785,-0.617002814,-0.53525688,-0.139330745,-0.282853868,-0.876347753
3/30/2015,-0.55017785,-0.617002814,-0.53525688,-0.139330745,-0.282853868,-0.876347753
3/31/2015,-0.55017785,-0.617002814,-0.53525688,-0.139330745,-0.282853868,-0.876347753
4/1/2015,-0.55017785,-0.617002814,-0.53525688,-0.139330745,-0.282853868,-0.876347753
4/2/2015,-0.55017785,-0.617002814,-0.53525688,-0.139330745,-0.282853868,-0.876347753
4/3/2015,-0.552677941,-0.618989721,-0.541766429,-0.139702043,-0.268208595,-0.871840161
4/4/2015,-0.552677941,-0.618989721,-0.541766429,-0.139702043,-0.268208595,-0.871840161
4/5/2015,-0.552677941,-0.618989721,-0.541766429,-0.139702043,-0.268208595,-0.871840161
4/6/2015,-0.552677941,-0.618989721,-0.541766429,-0.139702043,-0.268208595,-0.871840161
4/7/2015,-0.552677941,-0.618989721,-0.541766429,-0.139702043,-0.268208595,-0.871840161
4/8/2015,-0.552677941,-0.618989721,-0.541766429,-0.139702043,-0.268208595,-0.871840161
4/9/2015,-0.552677941,-0.618989721,-0.541766429,-0.139702043,-0.268208595,-0.871840161
4/10/2015,-0.555330925,-0.623007662,-0.548026386,-0.139452662,-0.253369099,-0.867242927
4/11/2015,-0.555330925,-0.623007662,-0.548026386,-0.139452662,-0.253369099,-0.867242927
4/12/2015,-0.555330925,-0.623007662,-0.548026386,-0.139452662,-0.253369099,-0.867242927
4/13/2015,-0.555330925,-0.623007662,-0.548026386,-0.139452662,-0.253369099,-0.867242927
4/14/2015,-0.555330925,-0.623007662,-0.548026386,-0.139452662,-0.253369099,-0.867242927
4/15/2015,-0.555330925,-0.623007662,-0.548026386,-0.139452662,-0.253369099,-0.867242927
4/16/2015,-0.555330925,-0.623007662,-0.548026386,-0.139452662,-0.253369099,-0.867242927
4/17/2015,-0.5568664,-0.623779225,-0.553399661,-0.138071599,-0.239866244,-0.862551626
4/18/2015,-0.5568664,-0.623779225,-0.553399661,-0.138071599,-0.239866244,-0.862551626
4/19/2015,-0.5568664,-0.623779225,-0.553399661,-0.138071599,-0.239866244,-0.862551626
4/20/2015,-0.5568664,-0.623779225,-0.553399661,-0.138071599,-0.239866244,-0.862551626
4/21/2015,-0.5568664,-0.623779225,-0.553399661,-0.138071599,-0.239866244,-0.862551626
4/22/2015,-0.5568664,-0.623779225,-0.553399661,-0.138071599,-0.239866244,-0.862551626
4/23/2015,-0.5568664,-0.623779225,-0.553399661,-0.138071599,-0.239866244,-0.862551626
4/24/2015,-0.558746729,-0.621475732,-0.557835973,-0.136928639,-0.228807402,-0.857763544
4/25/2015,-0.558746729,-0.621475732,-0.557835973,-0.136928639,-0.228807402,-0.857763544
4/26/2015,-0.558746729,-0.621475732,-0.557835973,-0.136928639,-0.228807402,-0.857763544
4/27/2015,-0.558746729,-0.621475732,-0.557835973,-0.136928639,-0.228807402,-0.857763544
4/28/2015,-0.558746729,-0.621475732,-0.557835973,-0.136928639,-0.228807402,-0.857763544
4/29/2015,-0.558746729,-0.621475732,-0.557835973,-0.136928639,-0.228807402,-0.857763544
4/30/2015,-0.558746729,-0.621475732,-0.557835973,-0.136928639,-0.228807402,-0.857763544
5/1/2015,-0.559198477,-0.612884514,-0.560485514,-0.135270083,-0.221365198,-0.852877676
5/2/2015,-0.559198477,-0.612884514,-0.560485514,-0.135270083,-0.221365198,-0.852877676
5/3/2015,-0.559198477,-0.612884514,-0.560485514,-0.135270083,-0.221365198,-0.852877676
5/4/2015,-0.559198477,-0.612884514,-0.560485514,-0.135270083,-0.221365198,-0.852877676
5/5/2015,-0.559198477,-0.612884514,-0.560485514,-0.135270083,-0.221365198,-0.852877676
5/6/2015,-0.559198477,-0.612884514,-0.560485514,-0.135270083,-0.221365198,-0.852877676
5/7/2015,-0.559198477,-0.612884514,-0.560485514,-0.135270083,-0.221365198,-0.852877676
5/8/2015,-0.558326531,-0.601584704,-0.56163964,-0.133133152,-0.217876776,-0.847895835
5/9/2015,-0.558326531,-0.601584704,-0.56163964,-0.133133152,-0.217876776,-0.847895835
5/10/2015,-0.558326531,-0.601584704,-0.56163964,-0.133133152,-0.217876776,-0.847895835
5/11/2015,-0.558326531,-0.601584704,-0.56163964,-0.133133152,-0.217876776,-0.847895835
5/12/2015,-0.558326531,-0.601584704,-0.56163964,-0.133133152,-0.217876776,-0.847895835
5/13/2015,-0.558326531,-0.601584704,-0.56163964,-0.133133152,-0.217876776,-0.847895835
5/14/2015,-0.558326531,-0.601584704,-0.56163964,-0.133133152,-0.217876776,-0.847895835
5/15/2015,-0.557879724,-0.594795763,-0.56224486,-0.131258604,-0.218280133,-0.84282214
5/16/2015,-0.557879724,-0.594795763,-0.56224486,-0.131258604,-0.218280133,-0.84282214
5/17/2015,-0.557879724,-0.594795763,-0.56224486,-0.131258604,-0.218280133,-0.84282214
5/18/2015,-0.557879724,-0.594795763,-0.56224486,-0.131258604,-0.218280133,-0.84282214
5/19/2015,-0.557879724,-0.594795763,-0.56224486,-0.131258604,-0.218280133,-0.84282214
5/20/2015,-0.557879724,-0.594795763,-0.56224486,-0.131258604,-0.218280133,-0.84282214
5/21/2015,-0.557879724,-0.594795763,-0.56224486,-0.131258604,-0.218280133,-0.84282214
5/22/2015,-0.557582033,-0.593055735,-0.562428618,-0.129258528,-0.22230485,-0.837662857
5/23/2015,-0.557582033,-0.593055735,-0.562428618,-0.129258528,-0.22230485,-0.837662857
5/24/2015,-0.557582033,-0.593055735,-0.562428618,-0.129258528,-0.22230485,-0.837662857
5/25/2015,-0.557582033,-0.593055735,-0.562428618,-0.129258528,-0.22230485,-0.837662857
5/26/2015,-0.557582033,-0.593055735,-0.562428618,-0.129258528,-0.22230485,-0.837662857
5/27/2015,-0.557582033,-0.593055735,-0.562428618,-0.129258528,-0.22230485,-0.837662857
5/28/2015,-0.557582033,-0.593055735,-0.562428618,-0.129258528,-0.22230485,-0.837662857
5/29/2015,-0.556510269,-0.593850476,-0.561899383,-0.126832274,-0.228639898,-0.832426449
5/30/2015,-0.556510269,-0.593850476,-0.561899383,-0.126832274,-0.228639898,-0.832426449
5/31/2015,-0.556510269,-0.593850476,-0.561899383,-0.126832274,-0.228639898,-0.832426449
6/1/2015,-0.556510269,-0.593850476,-0.561899383,-0.126832274,-0.228639898,-0.832426449
6/2/2015,-0.556510269,-0.593850476,-0.561899383,-0.126832274,-0.228639898,-0.832426449
6/3/2015,-0.556510269,-0.593850476,-0.561899383,-0.126832274,-0.228639898,-0.832426449
6/4/2015,-0.556510269,-0.593850476,-0.561899383,-0.126832274,-0.228639898,-0.832426449
6/5/2015,-0.555045256,-0.593867218,-0.561203201,-0.123833521,-0.235850345,-0.827123211
6/6/2015,-0.555045256,-0.593867218,-0.561203201,-0.123833521,-0.235850345,-0.827123211
6/7/2015,-0.555045256,-0.593867218,-0.561203201,-0.123833521,-0.235850345,-0.827123211
6/8/2015,-0.555045256,-0.593867218,-0.561203201,-0.123833521,-0.235850345,-0.827123211
6/9/2015,-0.555045256,-0.593867218,-0.561203201,-0.123833521,-0.235850345,-0.827123211
6/10/2015,-0.555045256,-0.593867218,-0.561203201,-0.123833521,-0.235850345,-0.827123211
6/11/2015,-0.555045256,-0.593867218,-0.561203201,-0.123833521,-0.235850345,-0.827123211
6/12/2015,-0.553262139,-0.588776376,-0.560658276,-0.1198412,-0.242387423,-0.821765113
6/13/2015,-0.553262139,-0.588776376,-0.560658276,-0.1198412,-0.242387423,-0.821765113
6/14/2015,-0.553262139,-0.588776376,-0.560658276,-0.1198412,-0.242387423,-0.821765113
6/15/2015,-0.553262139,-0.588776376,-0.560658276,-0.1198412,-0.242387423,-0.821765113
6/16/2015,-0.553262139,-0.588776376,-0.560658276,-0.1198412,-0.242387423,-0.821765113
6/17/2015,-0.553262139,-0.588776376,-0.560658276,-0.1198412,-0.242387423,-0.821765113
6/18/2015,-0.553262139,-0.588776376,-0.560658276,-0.1198412,-0.242387423,-0.821765113
6/19/2015,-0.550076034,-0.576363455,-0.559719452,-0.11443085,-0.246046585,-0.816365599
6/20/2015,-0.550076034,-0.576363455,-0.559719452,-0.11443085,-0.246046585,-0.816365599
6/21/2015,-0.550076034,-0.576363455,-0.559719452,-0.11443085,-0.246046585,-0.816365599
6/22/2015,-0.550076034,-0.576363455,-0.559719452,-0.11443085,-0.246046585,-0.816365599
6/23/2015,-0.550076034,-0.576363455,-0.559719452,-0.11443085,-0.246046585,-0.816365599
6/24/2015,-0.550076034,-0.576363455,-0.559719452,-0.11443085,-0.246046585,-0.816365599
6/25/2015,-0.550076034,-0.576363455,-0.559719452,-0.11443085,-0.246046585,-0.816365599
6/26/2015,-0.54728385,-0.562354316,-0.559120659,-0.107934272,-0.245366206,-0.810938706
6/27/2015,-0.54728385,-0.562354316,-0.559120659,-0.107934272,-0.245366206,-0.810938706
6/28/2015,-0.54728385,-0.562354316,-0.559120659,-0.107934272,-0.245366206,-0.810938706
6/29/2015,-0.54728385,-0.562354316,-0.559120659,-0.107934272,-0.245366206,-0.810938706
6/30/2015,-0.54728385,-0.562354316,-0.559120659,-0.107934272,-0.245366206,-0.810938706
7/1/2015,-0.54728385,-0.562354316,-0.559120659,-0.107934272,-0.245366206,-0.810938706
7/2/2015,-0.54728385,-0.562354316,-0.559120659,-0.107934272,-0.245366206,-0.810938706
7/3/2015,-0.541800862,-0.546146088,-0.557683197,-0.098535863,-0.238898929,-0.805497888
7/4/2015,-0.541800862,-0.546146088,-0.557683197,-0.098535863,-0.238898929,-0.805497888
7/5/2015,-0.541800862,-0.546146088,-0.557683197,-0.098535863,-0.238898929,-0.805497888
7/6/2015,-0.541800862,-0.546146088,-0.557683197,-0.098535863,-0.238898929,-0.805497888
7/7/2015,-0.541800862,-0.546146088,-0.557683197,-0.098535863,-0.238898929,-0.805497888
7/8/2015,-0.541800862,-0.546146088,-0.557683197,-0.098535863,-0.238898929,-0.805497888
7/9/2015,-0.541800862,-0.546146088,-0.557683197,-0.098535863,-0.238898929,-0.805497888
7/10/2015,-0.53647841,-0.535828962,-0.557370492,-0.086550861,-0.225411845,-0.80005771
7/11/2015,-0.53647841,-0.535828962,-0.557370492,-0.086550861,-0.225411845,-0.80005771
7/12/2015,-0.53647841,-0.535828962,-0.557370492,-0.086550861,-0.225411845,-0.80005771
7/13/2015,-0.53647841,-0.535828962,-0.557370492,-0.086550861,-0.225411845,-0.80005771
7/14/2015,-0.53647841,-0.535828962,-0.557370492,-0.086550861,-0.225411845,-0.80005771
7/15/2015,-0.53647841,-0.535828962,-0.557370492,-0.086550861,-0.225411845,-0.80005771
7/16/2015,-0.53647841,-0.535828962,-0.557370492,-0.086550861,-0.225411845,-0.80005771
7/17/2015,-0.530672764,-0.531815996,-0.556509926,-0.072661801,-0.204336533,-0.794629276
7/18/2015,-0.530672764,-0.531815996,-0.556509926,-0.072661801,-0.204336533,-0.794629276
7/19/2015,-0.530672764,-0.531815996,-0.556509926,-0.072661801,-0.204336533,-0.794629276
7/20/2015,-0.530672764,-0.531815996,-0.556509926,-0.072661801,-0.204336533,-0.794629276
7/21/2015,-0.530672764,-0.531815996,-0.556509926,-0.072661801,-0.204336533,-0.794629276
7/22/2015,-0.530672764,-0.531815996,-0.556509926,-0.072661801,-0.204336533,-0.794629276
7/23/2015,-0.530672764,-0.531815996,-0.556509926,-0.072661801,-0.204336533,-0.794629276
7/24/2015,-0.51996482,-0.525046255,-0.552472356,-0.055687441,-0.175556688,-0.789221767
7/25/2015,-0.51996482,-0.525046255,-0.552472356,-0.055687441,-0.175556688,-0.789221767
7/26/2015,-0.51996482,-0.525046255,-0.552472356,-0.055687441,-0.175556688,-0.789221767
7/27/2015,-0.51996482,-0.525046255,-0.552472356,-0.055687441,-0.175556688,-0.789221767
7/28/2015,-0.51996482,-0.525046255,-0.552472356,-0.055687441,-0.175556688,-0.789221767
7/29/2015,-0.51996482,-0.525046255,-0.552472356,-0.055687441,-0.175556688,-0.789221767
7/30/2015,-0.51996482,-0.525046255,-0.552472356,-0.055687441,-0.175556688,-0.789221767
7/31/2015,-0.503731287,-0.51086875,-0.544065388,-0.036513535,-0.139780178,-0.783841705
8/1/2015,-0.503731287,-0.51086875,-0.544065388,-0.036513535,-0.139780178,-0.783841705
8/2/2015,-0.503731287,-0.51086875,-0.544065388,-0.036513535,-0.139780178,-0.783841705
8/3/2015,-0.503731287,-0.51086875,-0.544065388,-0.036513535,-0.139780178,-0.783841705
8/4/2015,-0.503731287,-0.51086875,-0.544065388,-0.036513535,-0.139780178,-0.783841705
8/5/2015,-0.503731287,-0.51086875,-0.544065388,-0.036513535,-0.139780178,-0.783841705
8/6/2015,-0.503731287,-0.51086875,-0.544065388,-0.036513535,-0.139780178,-0.783841705
8/7/2015,-0.482969161,-0.488573255,-0.531382462,-0.016555998,-0.098563698,-0.778492764
8/8/2015,-0.482969161,-0.488573255,-0.531382462,-0.016555998,-0.098563698,-0.778492764
8/9/2015,-0.482969161,-0.488573255,-0.531382462,-0.016555998,-0.098563698,-0.778492764
8/10/2015,-0.482969161,-0.488573255,-0.531382462,-0.016555998,-0.098563698,-0.778492764
8/11/2015,-0.482969161,-0.488573255,-0.531382462,-0.016555998,-0.098563698,-0.778492764
8/12/2015,-0.482969161,-0.488573255,-0.531382462,-0.016555998,-0.098563698,-0.778492764
8/13/2015,-0.482969161,-0.488573255,-0.531382462,-0.016555998,-0.098563698,-0.778492764
8/14/2015,-0.459260984,-0.459208656,-0.515653836,0.003247063,-0.054641496,-0.773176291
8/15/2015,-0.459260984,-0.459208656,-0.515653836,0.003247063,-0.054641496,-0.773176291
8/16/2015,-0.459260984,-0.459208656,-0.515653836,0.003247063,-0.054641496,-0.773176291
8/17/2015,-0.459260984,-0.459208656,-0.515653836,0.003247063,-0.054641496,-0.773176291
8/18/2015,-0.459260984,-0.459208656,-0.515653836,0.003247063,-0.054641496,-0.773176291
8/19/2015,-0.459260984,-0.459208656,-0.515653836,0.003247063,-0.054641496,-0.773176291
8/20/2015,-0.459260984,-0.459208656,-0.515653836,0.003247063,-0.054641496,-0.773176291
8/21/2015,-0.4345531,-0.426787277,-0.498350979,0.021472184,-0.010725835,-0.767891996
8/22/2015,-0.4345531,-0.426787277,-0.498350979,0.021472184,-0.010725835,-0.767891996
8/23/2015,-0.4345531,-0.426787277,-0.498350979,0.021472184,-0.010725835,-0.767891996
8/24/2015,-0.4345531,-0.426787277,-0.498350979,0.021472184,-0.010725835,-0.767891996
8/25/2015,-0.4345531,-0.426787277,-0.498350979,0.021472184,-0.010725835,-0.767891996
8/26/2015,-0.4345531,-0.426787277,-0.498350979,0.021472184,-0.010725835,-0.767891996
8/27/2015,-0.4345531,-0.426787277,-0.498350979,0.021472184,-0.010725835,-0.767891996
8/28/2015,-0.412371243,-0.39956984,-0.482959195,0.037046153,0.03030795,-0.762638461
8/29/2015,-0.412371243,-0.39956984,-0.482959195,0.037046153,0.03030795,-0.762638461
8/30/2015,-0.412371243,-0.39956984,-0.482959195,0.037046153,0.03030795,-0.762638461
8/31/2015,-0.412371243,-0.39956984,-0.482959195,0.037046153,0.03030795,-0.762638461
9/1/2015,-0.412371243,-0.39956984,-0.482959195,0.037046153,0.03030795,-0.762638461
9/2/2015,-0.412371243,-0.39956984,-0.482959195,0.037046153,0.03030795,-0.762638461
9/3/2015,-0.412371243,-0.39956984,-0.482959195,0.037046153,0.03030795,-0.762638461
9/4/2015,-0.397997396,-0.384101286,-0.473778632,0.04894071,0.064712233,-0.757413997
9/5/2015,-0.397997396,-0.384101286,-0.473778632,0.04894071,0.064712233,-0.757413997
9/6/2015,-0.397997396,-0.384101286,-0.473778632,0.04894071,0.064712233,-0.757413997
9/7/2015,-0.397997396,-0.384101286,-0.473778632,0.04894071,0.064712233,-0.757413997
9/8/2015,-0.397997396,-0.384101286,-0.473778632,0.04894071,0.064712233,-0.757413997
9/9/2015,-0.397997396,-0.384101286,-0.473778632,0.04894071,0.064712233,-0.757413997
9/10/2015,-0.397997396,-0.384101286,-0.473778632,0.04894071,0.064712233,-0.757413997
9/11/2015,-0.391572345,-0.379804448,-0.471696243,0.056792362,0.09089085,-0.752217233
9/12/2015,-0.391572345,-0.379804448,-0.471696243,0.056792362,0.09089085,-0.752217233
9/13/2015,-0.391572345,-0.379804448,-0.471696243,0.056792362,0.09089085,-0.752217233
9/14/2015,-0.391572345,-0.379804448,-0.471696243,0.056792362,0.09089085,-0.752217233
9/15/2015,-0.391572345,-0.379804448,-0.471696243,0.056792362,0.09089085,-0.752217233
9/16/2015,-0.391572345,-0.379804448,-0.471696243,0.056792362,0.09089085,-0.752217233
9/17/2015,-0.391572345,-0.379804448,-0.471696243,0.056792362,0.09089085,-0.752217233
9/18/2015,-0.39157582,-0.383487213,-0.475831868,0.060795472,0.107485139,-0.747047681
9/19/2015,-0.39157582,-0.383487213,-0.475831868,0.060795472,0.107485139,-0.747047681
9/20/2015,-0.39157582,-0.383487213,-0.475831868,0.060795472,0.107485139,-0.747047681
9/21/2015,-0.39157582,-0.383487213,-0.475831868,0.060795472,0.107485139,-0.747047681
9/22/2015,-0.39157582,-0.383487213,-0.475831868,0.060795472,0.107485139,-0.747047681
9/23/2015,-0.39157582,-0.383487213,-0.475831868,0.060795472,0.107485139,-0.747047681
9/24/2015,-0.39157582,-0.383487213,-0.475831868,0.060795472,0.107485139,-0.747047681
9/25/2015,-0.397622205,-0.391781796,-0.48580916,0.061403048,0.113534552,-0.741906503
9/26/2015,-0.397622205,-0.391781796,-0.48580916,0.061403048,0.113534552,-0.741906503
9/27/2015,-0.397622205,-0.391781796,-0.48580916,0.061403048,0.113534552,-0.741906503
9/28/2015,-0.397622205,-0.391781796,-0.48580916,0.061403048,0.113534552,-0.741906503
9/29/2015,-0.397622205,-0.391781796,-0.48580916,0.061403048,0.113534552,-0.741906503
9/30/2015,-0.397622205,-0.391781796,-0.48580916,0.061403048,0.113534552,-0.741906503
10/1/2015,-0.397622205,-0.391781796,-0.48580916,0.061403048,0.113534552,-0.741906503
10/2/2015,-0.40819707,-0.401876453,-0.500451839,0.059402757,0.109591915,-0.736796769
10/3/2015,-0.40819707,-0.401876453,-0.500451839,0.059402757,0.109591915,-0.736796769
10/4/2015,-0.40819707,-0.401876453,-0.500451839,0.059402757,0.109591915,-0.736796769
10/5/2015,-0.40819707,-0.401876453,-0.500451839,0.059402757,0.109591915,-0.736796769
10/6/2015,-0.40819707,-0.401876453,-0.500451839,0.059402757,0.109591915,-0.736796769
10/7/2015,-0.40819707,-0.401876453,-0.500451839,0.059402757,0.109591915,-0.736796769
10/8/2015,-0.40819707,-0.401876453,-0.500451839,0.059402757,0.109591915,-0.736796769
10/9/2015,-0.425696646,-0.417694989,-0.519554955,0.054055034,0.096337512,-0.731722029
10/10/2015,-0.425696646,-0.417694989,-0.519554955,0.054055034,0.096337512,-0.731722029
10/11/2015,-0.425696646,-0.417694989,-0.519554955,0.054055034,0.096337512,-0.731722029
10/12/2015,-0.425696646,-0.417694989,-0.519554955,0.054055034,0.096337512,-0.731722029
10/13/2015,-0.425696646,-0.417694989,-0.519554955,0.054055034,0.096337512,-0.731722029
10/14/2015,-0.425696646,-0.417694989,-0.519554955,0.054055034,0.096337512,-0.731722029
10/15/2015,-0.425696646,-0.417694989,-0.519554955,0.054055034,0.096337512,-0.731722029
10/16/2015,-0.44182862,-0.432057489,-0.538257057,0.049339591,0.075548706,-0.726689034
10/17/2015,-0.44182862,-0.432057489,-0.538257057,0.049339591,0.075548706,-0.726689034
10/18/2015,-0.44182862,-0.432057489,-0.538257057,0.049339591,0.075548706,-0.726689034
10/19/2015,-0.44182862,-0.432057489,-0.538257057,0.049339591,0.075548706,-0.726689034
10/20/2015,-0.44182862,-0.432057489,-0.538257057,0.049339591,0.075548706,-0.726689034
10/21/2015,-0.44182862,-0.432057489,-0.538257057,0.049339591,0.075548706,-0.726689034
10/22/2015,-0.44182862,-0.432057489,-0.538257057,0.049339591,0.075548706,-0.726689034
10/23/2015,-0.456243548,-0.44645391,-0.555516282,0.046312152,0.049048214,-0.72170317
10/24/2015,-0.456243548,-0.44645391,-0.555516282,0.046312152,0.049048214,-0.72170317
10/25/2015,-0.456243548,-0.44645391,-0.555516282,0.046312152,0.049048214,-0.72170317
10/26/2015,-0.456243548,-0.44645391,-0.555516282,0.046312152,0.049048214,-0.72170317
10/27/2015,-0.456243548,-0.44645391,-0.555516282,0.046312152,0.049048214,-0.72170317
10/28/2015,-0.456243548,-0.44645391,-0.555516282,0.046312152,0.049048214,-0.72170317
10/29/2015,-0.456243548,-0.44645391,-0.555516282,0.046312152,0.049048214,-0.72170317
10/30/2015,-0.466468579,-0.460878593,-0.568884333,0.046482607,0.018878479,-0.716770183
10/31/2015,-0.466468579,-0.460878593,-0.568884333,0.046482607,0.018878479,-0.716770183
11/1/2015,-0.466468579,-0.460878593,-0.568884333,0.046482607,0.018878479,-0.716770183
11/2/2015,-0.466468579,-0.460878593,-0.568884333,0.046482607,0.018878479,-0.716770183
11/3/2015,-0.466468579,-0.460878593,-0.568884333,0.046482607,0.018878479,-0.716770183
11/4/2015,-0.466468579,-0.460878593,-0.568884333,0.046482607,0.018878479,-0.716770183
11/5/2015,-0.466468579,-0.460878593,-0.568884333,0.046482607,0.018878479,-0.716770183
11/6/2015,-0.470377025,-0.470447844,-0.57674307,0.051264751,-0.012534381,-0.711895598
11/7/2015,-0.470377025,-0.470447844,-0.57674307,0.051264751,-0.012534381,-0.711895598
11/8/2015,-0.470377025,-0.470447844,-0.57674307,0.051264751,-0.012534381,-0.711895598
11/9/2015,-0.470377025,-0.470447844,-0.57674307,0.051264751,-0.012534381,-0.711895598
11/10/2015,-0.470377025,-0.470447844,-0.57674307,0.051264751,-0.012534381,-0.711895598
11/11/2015,-0.470377025,-0.470447844,-0.57674307,0.051264751,-0.012534381,-0.711895598
11/12/2015,-0.470377025,-0.470447844,-0.57674307,0.051264751,-0.012534381,-0.711895598
11/13/2015,-0.466225333,-0.47042591,-0.577287134,0.061261376,-0.042825322,-0.707085037
11/14/2015,-0.466225333,-0.47042591,-0.577287134,0.061261376,-0.042825322,-0.707085037
11/15/2015,-0.466225333,-0.47042591,-0.577287134,0.061261376,-0.042825322,-0.707085037
11/16/2015,-0.466225333,-0.47042591,-0.577287134,0.061261376,-0.042825322,-0.707085037
11/17/2015,-0.466225333,-0.47042591,-0.577287134,0.061261376,-0.042825322,-0.707085037
11/18/2015,-0.466225333,-0.47042591,-0.577287134,0.061261376,-0.042825322,-0.707085037
11/19/2015,-0.466225333,-0.47042591,-0.577287134,0.061261376,-0.042825322,-0.707085037
11/20/2015,-0.455890757,-0.46020662,-0.571175648,0.07548936,-0.069554718,-0.702344413
11/21/2015,-0.455890757,-0.46020662,-0.571175648,0.07548936,-0.069554718,-0.702344413
11/22/2015,-0.455890757,-0.46020662,-0.571175648,0.07548936,-0.069554718,-0.702344413
11/23/2015,-0.455890757,-0.46020662,-0.571175648,0.07548936,-0.069554718,-0.702344413
11/24/2015,-0.455890757,-0.46020662,-0.571175648,0.07548936,-0.069554718,-0.702344413
11/25/2015,-0.455890757,-0.46020662,-0.571175648,0.07548936,-0.069554718,-0.702344413
11/26/2015,-0.455890757,-0.46020662,-0.571175648,0.07548936,-0.069554718,-0.702344413
11/27/2015,-0.440702359,-0.440701995,-0.559815155,0.093716468,-0.090907504,-0.697680539
11/28/2015,-0.440702359,-0.440701995,-0.559815155,0.093716468,-0.090907504,-0.697680539
11/29/2015,-0.440702359,-0.440701995,-0.559815155,0.093716468,-0.090907504,-0.697680539
11/30/2015,-0.440702359,-0.440701995,-0.559815155,0.093716468,-0.090907504,-0.697680539
12/1/2015,-0.440702359,-0.440701995,-0.559815155,0.093716468,-0.090907504,-0.697680539
12/2/2015,-0.440702359,-0.440701995,-0.559815155,0.093716468,-0.090907504,-0.697680539
12/3/2015,-0.440702359,-0.440701995,-0.559815155,0.093716468,-0.090907504,-0.697680539
12/4/2015,-0.420666526,-0.412526749,-0.544358155,0.115313131,-0.104150286,-0.693101584
12/5/2015,-0.420666526,-0.412526749,-0.544358155,0.115313131,-0.104150286,-0.693101584
12/6/2015,-0.420666526,-0.412526749,-0.544358155,0.115313131,-0.104150286,-0.693101584
12/7/2015,-0.420666526,-0.412526749,-0.544358155,0.115313131,-0.104150286,-0.693101584
12/8/2015,-0.420666526,-0.412526749,-0.544358155,0.115313131,-0.104150286,-0.693101584
12/9/2015,-0.420666526,-0.412526749,-0.544358155,0.115313131,-0.104150286,-0.693101584
12/10/2015,-0.420666526,-0.412526749,-0.544358155,0.115313131,-0.104150286,-0.693101584
12/11/2015,-0.396543036,-0.378614541,-0.526240656,0.139812376,-0.108338811,-0.688617413
12/12/2015,-0.396543036,-0.378614541,-0.526240656,0.139812376,-0.108338811,-0.688617413
12/13/2015,-0.396543036,-0.378614541,-0.526240656,0.139812376,-0.108338811,-0.688617413
12/14/2015,-0.396543036,-0.378614541,-0.526240656,0.139812376,-0.108338811,-0.688617413
12/15/2015,-0.396543036,-0.378614541,-0.526240656,0.139812376,-0.108338811,-0.688617413
12/16/2015,-0.396543036,-0.378614541,-0.526240656,0.139812376,-0.108338811,-0.688617413
12/17/2015,-0.396543036,-0.378614541,-0.526240656,0.139812376,-0.108338811,-0.688617413
12/18/2015,-0.372759377,-0.3474157,-0.509524327,0.165840735,-0.103402302,-0.684240165
12/19/2015,-0.372759377,-0.3474157,-0.509524327,0.165840735,-0.103402302,-0.684240165
12/20/2015,-0.372759377,-0.3474157,-0.509524327,0.165840735,-0.103402302,-0.684240165
12/21/2015,-0.372759377,-0.3474157,-0.509524327,0.165840735,-0.103402302,-0.684240165
12/22/2015,-0.372759377,-0.3474157,-0.509524327,0.165840735,-0.103402302,-0.684240165
12/23/2015,-0.372759377,-0.3474157,-0.509524327,0.165840735,-0.103402302,-0.684240165
12/24/2015,-0.372759377,-0.3474157,-0.509524327,0.165840735,-0.103402302,-0.684240165
12/25/2015,-0.350408651,-0.322157796,-0.494945884,0.191913363,-0.089830777,-0.679984429
12/26/2015,-0.350408651,-0.322157796,-0.494945884,0.191913363,-0.089830777,-0.679984429
12/27/2015,-0.350408651,-0.322157796,-0.494945884,0.191913363,-0.089830777,-0.679984429
12/28/2015,-0.350408651,-0.322157796,-0.494945884,0.191913363,-0.089830777,-0.679984429
12/29/2015,-0.350408651,-0.322157796,-0.494945884,0.191913363,-0.089830777,-0.679984429
12/30/2015,-0.350408651,-0.322157796,-0.494945884,0.191913363,-0.089830777,-0.679984429
12/31/2015,-0.350408651,-0.322157796,-0.494945884,0.191913363,-0.089830777,-0.679984429
1/1/2016,-0.330368141,-0.305023715,-0.483462151,0.216996444,-0.068873136,-0.675866668
1/2/2016,-0.330368141,-0.305023715,-0.483462151,0.216996444,-0.068873136,-0.675866668
1/3/2016,-0.330368141,-0.305023715,-0.483462151,0.216996444,-0.068873136,-0.675866668
1/4/2016,-0.330368141,-0.305023715,-0.483462151,0.216996444,-0.068873136,-0.675866668
1/5/2016,-0.330368141,-0.305023715,-0.483462151,0.216996444,-0.068873136,-0.675866668
1/6/2016,-0.330368141,-0.305023715,-0.483462151,0.216996444,-0.068873136,-0.675866668
1/7/2016,-0.330368141,-0.305023715,-0.483462151,0.216996444,-0.068873136,-0.675866668
1/8/2016,-0.312148219,-0.292480753,-0.474341214,0.239760428,-0.042007135,-0.671904477
1/9/2016,-0.312148219,-0.292480753,-0.474341214,0.239760428,-0.042007135,-0.671904477
1/10/2016,-0.312148219,-0.292480753,-0.474341214,0.239760428,-0.042007135,-0.671904477
1/11/2016,-0.312148219,-0.292480753,-0.474341214,0.239760428,-0.042007135,-0.671904477
1/12/2016,-0.312148219,-0.292480753,-0.474341214,0.239760428,-0.042007135,-0.671904477
1/13/2016,-0.312148219,-0.292480753,-0.474341214,0.239760428,-0.042007135,-0.671904477
1/14/2016,-0.312148219,-0.292480753,-0.474341214,0.239760428,-0.042007135,-0.671904477
1/15/2016,-0.295841502,-0.279682203,-0.468142857,0.260075604,-0.011825395,-0.668118586
1/16/2016,-0.295841502,-0.279682203,-0.468142857,0.260075604,-0.011825395,-0.668118586
1/17/2016,-0.295841502,-0.279682203,-0.468142857,0.260075604,-0.011825395,-0.668118586
1/18/2016,-0.295841502,-0.279682203,-0.468142857,0.260075604,-0.011825395,-0.668118586
1/19/2016,-0.295841502,-0.279682203,-0.468142857,0.260075604,-0.011825395,-0.668118586
1/20/2016,-0.295841502,-0.279682203,-0.468142857,0.260075604,-0.011825395,-0.668118586
1/21/2016,-0.295841502,-0.279682203,-0.468142857,0.260075604,-0.011825395,-0.668118586
1/22/2016,-0.283352976,-0.26584417,-0.465094188,0.276040101,0.019345918,-0.664525546
1/23/2016,-0.283352976,-0.26584417,-0.465094188,0.276040101,0.019345918,-0.664525546
1/24/2016,-0.283352976,-0.26584417,-0.465094188,0.276040101,0.019345918,-0.664525546
1/25/2016,-0.283352976,-0.26584417,-0.465094188,0.276040101,0.019345918,-0.664525546
1/26/2016,-0.283352976,-0.26584417,-0.465094188,0.276040101,0.019345918,-0.664525546
1/27/2016,-0.283352976,-0.26584417,-0.465094188,0.276040101,0.019345918,-0.664525546
1/28/2016,-0.283352976,-0.26584417,-0.465094188,0.276040101,0.019345918,-0.664525546
1/29/2016,-0.275216308,-0.250616074,-0.464618428,0.286241541,0.04957492,-0.661141122
1/30/2016,-0.275216308,-0.250616074,-0.464618428,0.286241541,0.04957492,-0.661141122
1/31/2016,-0.275216308,-0.250616074,-0.464618428,0.286241541,0.04957492,-0.661141122
2/1/2016,-0.275216308,-0.250616074,-0.464618428,0.286241541,0.04957492,-0.661141122
2/2/2016,-0.275216308,-0.250616074,-0.464618428,0.286241541,0.04957492,-0.661141122
2/3/2016,-0.275216308,-0.250616074,-0.464618428,0.286241541,0.04957492,-0.661141122
2/4/2016,-0.275216308,-0.250616074,-0.464618428,0.286241541,0.04957492,-0.661141122
2/5/2016,-0.270784886,-0.234177377,-0.466018872,0.290440836,0.076994314,-0.657977934
2/6/2016,-0.270784886,-0.234177377,-0.466018872,0.290440836,0.076994314,-0.657977934
2/7/2016,-0.270784886,-0.234177377,-0.466018872,0.290440836,0.076994314,-0.657977934
2/8/2016,-0.270784886,-0.234177377,-0.466018872,0.290440836,0.076994314,-0.657977934
2/9/2016,-0.270784886,-0.234177377,-0.466018872,0.290440836,0.076994314,-0.657977934
2/10/2016,-0.270784886,-0.234177377,-0.466018872,0.290440836,0.076994314,-0.657977934
2/11/2016,-0.270784886,-0.234177377,-0.466018872,0.290440836,0.076994314,-0.657977934
2/12/2016,-0.271144727,-0.223310918,-0.469089301,0.287524589,0.10045782,-0.655044255
2/13/2016,-0.271144727,-0.223310918,-0.469089301,0.287524589,0.10045782,-0.655044255
2/14/2016,-0.271144727,-0.223310918,-0.469089301,0.287524589,0.10045782,-0.655044255
2/15/2016,-0.271144727,-0.223310918,-0.469089301,0.287524589,0.10045782,-0.655044255
2/16/2016,-0.271144727,-0.223310918,-0.469089301,0.287524589,0.10045782,-0.655044255
2/17/2016,-0.271144727,-0.223310918,-0.469089301,0.287524589,0.10045782,-0.655044255
2/18/2016,-0.271144727,-0.223310918,-0.469089301,0.287524589,0.10045782,-0.655044255
2/19/2016,-0.281799705,-0.22765606,-0.476412738,0.275757974,0.118803778,-0.652343739
2/20/2016,-0.281799705,-0.22765606,-0.476412738,0.275757974,0.118803778,-0.652343739
2/21/2016,-0.281799705,-0.22765606,-0.476412738,0.275757974,0.118803778,-0.652343739
2/22/2016,-0.281799705,-0.22765606,-0.476412738,0.275757974,0.118803778,-0.652343739
2/23/2016,-0.281799705,-0.22765606,-0.476412738,0.275757974,0.118803778,-0.652343739
2/24/2016,-0.281799705,-0.22765606,-0.476412738,0.275757974,0.118803778,-0.652343739
2/25/2016,-0.281799705,-0.22765606,-0.476412738,0.275757974,0.118803778,-0.652343739
2/26/2016,-0.297962292,-0.242616497,-0.485136587,0.257268702,0.131730069,-0.649875282
2/27/2016,-0.297962292,-0.242616497,-0.485136587,0.257268702,0.131730069,-0.649875282
2/28/2016,-0.297962292,-0.242616497,-0.485136587,0.257268702,0.131730069,-0.649875282
2/29/2016,-0.297962292,-0.242616497,-0.485136587,0.257268702,0.131730069,-0.649875282
3/1/2016,-0.297962292,-0.242616497,-0.485136587,0.257268702,0.131730069,-0.649875282
3/2/2016,-0.297962292,-0.242616497,-0.485136587,0.257268702,0.131730069,-0.649875282
3/3/2016,-0.297962292,-0.242616497,-0.485136587,0.257268702,0.131730069,-0.649875282
3/4/2016,-0.317861629,-0.262845075,-0.494468366,0.234018906,0.138857924,-0.647632596
3/5/2016,-0.317861629,-0.262845075,-0.494468366,0.234018906,0.138857924,-0.647632596
3/6/2016,-0.317861629,-0.262845075,-0.494468366,0.234018906,0.138857924,-0.647632596
3/7/2016,-0.317861629,-0.262845075,-0.494468366,0.234018906,0.138857924,-0.647632596
3/8/2016,-0.317861629,-0.262845075,-0.494468366,0.234018906,0.138857924,-0.647632596
3/9/2016,-0.317861629,-0.262845075,-0.494468366,0.234018906,0.138857924,-0.647632596
3/10/2016,-0.317861629,-0.262845075,-0.494468366,0.234018906,0.138857924,-0.647632596
3/11/2016,-0.337903619,-0.283198173,-0.503765853,0.209712408,0.140235562,-0.645604666
3/12/2016,-0.337903619,-0.283198173,-0.503765853,0.209712408,0.140235562,-0.645604666
3/13/2016,-0.337903619,-0.283198173,-0.503765853,0.209712408,0.140235562,-0.645604666
3/14/2016,-0.337903619,-0.283198173,-0.503765853,0.209712408,0.140235562,-0.645604666
3/15/2016,-0.337903619,-0.283198173,-0.503765853,0.209712408,0.140235562,-0.645604666
3/16/2016,-0.337903619,-0.283198173,-0.503765853,0.209712408,0.140235562,-0.645604666
3/17/2016,-0.337903619,-0.283198173,-0.503765853,0.209712408,0.140235562,-0.645604666
3/18/2016,-0.356149703,-0.296192617,-0.512265966,0.186987567,0.135579079,-0.643775876
3/19/2016,-0.356149703,-0.296192617,-0.512265966,0.186987567,0.135579079,-0.643775876
3/20/2016,-0.356149703,-0.296192617,-0.512265966,0.186987567,0.135579079,-0.643775876
3/21/2016,-0.356149703,-0.296192617,-0.512265966,0.186987567,0.135579079,-0.643775876
3/22/2016,-0.356149703,-0.296192617,-0.512265966,0.186987567,0.135579079,-0.643775876
3/23/2016,-0.356149703,-0.296192617,-0.512265966,0.186987567,0.135579079,-0.643775876
3/24/2016,-0.356149703,-0.296192617,-0.512265966,0.186987567,0.135579079,-0.643775876
3/25/2016,-0.368989019,-0.297585142,-0.518005347,0.168212645,0.125690658,-0.642126419
3/26/2016,-0.368989019,-0.297585142,-0.518005347,0.168212645,0.125690658,-0.642126419
3/27/2016,-0.368989019,-0.297585142,-0.518005347,0.168212645,0.125690658,-0.642126419
3/28/2016,-0.368989019,-0.297585142,-0.518005347,0.168212645,0.125690658,-0.642126419
3/29/2016,-0.368989019,-0.297585142,-0.518005347,0.168212645,0.125690658,-0.642126419
3/30/2016,-0.368989019,-0.297585142,-0.518005347,0.168212645,0.125690658,-0.642126419
3/31/2016,-0.368989019,-0.297585142,-0.518005347,0.168212645,0.125690658,-0.642126419
4/1/2016,-0.378203694,-0.29117425,-0.52198941,0.153976466,0.110988793,-0.640633559
4/2/2016,-0.378203694,-0.29117425,-0.52198941,0.153976466,0.110988793,-0.640633559
4/3/2016,-0.378203694,-0.29117425,-0.52198941,0.153976466,0.110988793,-0.640633559
4/4/2016,-0.378203694,-0.29117425,-0.52198941,0.153976466,0.110988793,-0.640633559
4/5/2016,-0.378203694,-0.29117425,-0.52198941,0.153976466,0.110988793,-0.640633559
4/6/2016,-0.378203694,-0.29117425,-0.52198941,0.153976466,0.110988793,-0.640633559
4/7/2016,-0.378203694,-0.29117425,-0.52198941,0.153976466,0.110988793,-0.640633559
4/8/2016,-0.383188547,-0.279111377,-0.523752188,0.145023382,0.092546116,-0.639274688
4/9/2016,-0.383188547,-0.279111377,-0.523752188,0.145023382,0.092546116,-0.639274688
4/10/2016,-0.383188547,-0.279111377,-0.523752188,0.145023382,0.092546116,-0.639274688
4/11/2016,-0.383188547,-0.279111377,-0.523752188,0.145023382,0.092546116,-0.639274688
4/12/2016,-0.383188547,-0.279111377,-0.523752188,0.145023382,0.092546116,-0.639274688
4/13/2016,-0.383188547,-0.279111377,-0.523752188,0.145023382,0.092546116,-0.639274688
4/14/2016,-0.383188547,-0.279111377,-0.523752188,0.145023382,0.092546116,-0.639274688
4/15/2016,-0.386581764,-0.270010608,-0.524826694,0.140593217,0.071735281,-0.638023074
4/16/2016,-0.386581764,-0.270010608,-0.524826694,0.140593217,0.071735281,-0.638023074
4/17/2016,-0.386581764,-0.270010608,-0.524826694,0.140593217,0.071735281,-0.638023074
4/18/2016,-0.386581764,-0.270010608,-0.524826694,0.140593217,0.071735281,-0.638023074
4/19/2016,-0.386581764,-0.270010608,-0.524826694,0.140593217,0.071735281,-0.638023074
4/20/2016,-0.386581764,-0.270010608,-0.524826694,0.140593217,0.071735281,-0.638023074
4/21/2016,-0.386581764,-0.270010608,-0.524826694,0.140593217,0.071735281,-0.638023074
4/22/2016,-0.388409141,-0.26499542,-0.525511596,0.140169175,0.051172054,-0.636857797
4/23/2016,-0.388409141,-0.26499542,-0.525511596,0.140169175,0.051172054,-0.636857797
4/24/2016,-0.388409141,-0.26499542,-0.525511596,0.140169175,0.051172054,-0.636857797
4/25/2016,-0.388409141,-0.26499542,-0.525511596,0.140169175,0.051172054,-0.636857797
4/26/2016,-0.388409141,-0.26499542,-0.525511596,0.140169175,0.051172054,-0.636857797
4/27/2016,-0.388409141,-0.26499542,-0.525511596,0.140169175,0.051172054,-0.636857797
4/28/2016,-0.388409141,-0.26499542,-0.525511596,0.140169175,0.051172054,-0.636857797
4/29/2016,-0.387732347,-0.262080444,-0.525359457,0.143521612,0.032829567,-0.635760472
4/30/2016,-0.387732347,-0.262080444,-0.525359457,0.143521612,0.032829567,-0.635760472
5/1/2016,-0.387732347,-0.262080444,-0.525359457,0.143521612,0.032829567,-0.635760472
5/2/2016,-0.387732347,-0.262080444,-0.525359457,0.143521612,0.032829567,-0.635760472
5/3/2016,-0.387732347,-0.262080444,-0.525359457,0.143521612,0.032829567,-0.635760472
5/4/2016,-0.387732347,-0.262080444,-0.525359457,0.143521612,0.032829567,-0.635760472
5/5/2016,-0.387732347,-0.262080444,-0.525359457,0.143521612,0.032829567,-0.635760472
5/6/2016,-0.385233436,-0.260036542,-0.524543774,0.149403589,0.018642446,-0.634716888
5/7/2016,-0.385233436,-0.260036542,-0.524543774,0.149403589,0.018642446,-0.634716888
5/8/2016,-0.385233436,-0.260036542,-0.524543774,0.149403589,0.018642446,-0.634716888
5/9/2016,-0.385233436,-0.260036542,-0.524543774,0.149403589,0.018642446,-0.634716888
5/10/2016,-0.385233436,-0.260036542,-0.524543774,0.149403589,0.018642446,-0.634716888
5/11/2016,-0.385233436,-0.260036542,-0.524543774,0.149403589,0.018642446,-0.634716888
5/12/2016,-0.385233436,-0.260036542,-0.524543774,0.149403589,0.018642446,-0.634716888
5/13/2016,-0.382670307,-0.259465433,-0.523923975,0.156152304,0.010344845,-0.633717536
5/14/2016,-0.382670307,-0.259465433,-0.523923975,0.156152304,0.010344845,-0.633717536
5/15/2016,-0.382670307,-0.259465433,-0.523923975,0.156152304,0.010344845,-0.633717536
5/16/2016,-0.382670307,-0.259465433,-0.523923975,0.156152304,0.010344845,-0.633717536
5/17/2016,-0.382670307,-0.259465433,-0.523923975,0.156152304,0.010344845,-0.633717536
5/18/2016,-0.382670307,-0.259465433,-0.523923975,0.156152304,0.010344845,-0.633717536
5/19/2016,-0.382670307,-0.259465433,-0.523923975,0.156152304,0.010344845,-0.633717536
5/20/2016,-0.379203227,-0.25632484,-0.522343935,0.162757934,0.008713332,-0.632757265
5/21/2016,-0.379203227,-0.25632484,-0.522343935,0.162757934,0.008713332,-0.632757265
5/22/2016,-0.379203227,-0.25632484,-0.522343935,0.162757934,0.008713332,-0.632757265
5/23/2016,-0.379203227,-0.25632484,-0.522343935,0.162757934,0.008713332,-0.632757265
5/24/2016,-0.379203227,-0.25632484,-0.522343935,0.162757934,0.008713332,-0.632757265
5/25/2016,-0.379203227,-0.25632484,-0.522343935,0.162757934,0.008713332,-0.632757265
5/26/2016,-0.379203227,-0.25632484,-0.522343935,0.162757934,0.008713332,-0.632757265
5/27/2016,-0.374671808,-0.250625628,-0.519647794,0.168417563,0.014097384,-0.631834514
5/28/2016,-0.374671808,-0.250625628,-0.519647794,0.168417563,0.014097384,-0.631834514
5/29/2016,-0.374671808,-0.250625628,-0.519647794,0.168417563,0.014097384,-0.631834514
5/30/2016,-0.374671808,-0.250625628,-0.519647794,0.168417563,0.014097384,-0.631834514
5/31/2016,-0.374671808,-0.250625628,-0.519647794,0.168417563,0.014097384,-0.631834514
6/1/2016,-0.374671808,-0.250625628,-0.519647794,0.168417563,0.014097384,-0.631834514
6/2/2016,-0.374671808,-0.250625628,-0.519647794,0.168417563,0.014097384,-0.631834514
6/3/2016,-0.368721858,-0.242562964,-0.51599761,0.173115484,0.025615579,-0.630950681
6/4/2016,-0.368721858,-0.242562964,-0.51599761,0.173115484,0.025615579,-0.630950681
6/5/2016,-0.368721858,-0.242562964,-0.51599761,0.173115484,0.025615579,-0.630950681
6/6/2016,-0.368721858,-0.242562964,-0.51599761,0.173115484,0.025615579,-0.630950681
6/7/2016,-0.368721858,-0.242562964,-0.51599761,0.173115484,0.025615579,-0.630950681
6/8/2016,-0.368721858,-0.242562964,-0.51599761,0.173115484,0.025615579,-0.630950681
6/9/2016,-0.368721858,-0.242562964,-0.51599761,0.173115484,0.025615579,-0.630950681
6/10/2016,-0.362389742,-0.234150045,-0.511981032,0.176362806,0.041634888,-0.630109261
6/11/2016,-0.362389742,-0.234150045,-0.511981032,0.176362806,0.041634888,-0.630109261
6/12/2016,-0.362389742,-0.234150045,-0.511981032,0.176362806,0.041634888,-0.630109261
6/13/2016,-0.362389742,-0.234150045,-0.511981032,0.176362806,0.041634888,-0.630109261
6/14/2016,-0.362389742,-0.234150045,-0.511981032,0.176362806,0.041634888,-0.630109261
6/15/2016,-0.362389742,-0.234150045,-0.511981032,0.176362806,0.041634888,-0.630109261
6/16/2016,-0.362389742,-0.234150045,-0.511981032,0.176362806,0.041634888,-0.630109261
6/17/2016,-0.355213204,-0.224906371,-0.507552176,0.178418909,0.060046779,-0.629314879
6/18/2016,-0.355213204,-0.224906371,-0.507552176,0.178418909,0.060046779,-0.629314879
6/19/2016,-0.355213204,-0.224906371,-0.507552176,0.178418909,0.060046779,-0.629314879
6/20/2016,-0.355213204,-0.224906371,-0.507552176,0.178418909,0.060046779,-0.629314879
6/21/2016,-0.355213204,-0.224906371,-0.507552176,0.178418909,0.060046779,-0.629314879
6/22/2016,-0.355213204,-0.224906371,-0.507552176,0.178418909,0.060046779,-0.629314879
6/23/2016,-0.355213204,-0.224906371,-0.507552176,0.178418909,0.060046779,-0.629314879
6/24/2016,-0.351289768,-0.220056815,-0.503824065,0.176966228,0.078776184,-0.628572481
6/25/2016,-0.351289768,-0.220056815,-0.503824065,0.176966228,0.078776184,-0.628572481
6/26/2016,-0.351289768,-0.220056815,-0.503824065,0.176966228,0.078776184,-0.628572481
6/27/2016,-0.351289768,-0.220056815,-0.503824065,0.176966228,0.078776184,-0.628572481
6/28/2016,-0.351289768,-0.220056815,-0.503824065,0.176966228,0.078776184,-0.628572481
6/29/2016,-0.351289768,-0.220056815,-0.503824065,0.176966228,0.078776184,-0.628572481
6/30/2016,-0.351289768,-0.220056815,-0.503824065,0.176966228,0.078776184,-0.628572481
7/1/2016,-0.349515433,-0.2177364,-0.500473631,0.172818649,0.095697399,-0.627886199
7/2/2016,-0.349515433,-0.2177364,-0.500473631,0.172818649,0.095697399,-0.627886199
7/3/2016,-0.349515433,-0.2177364,-0.500473631,0.172818649,0.095697399,-0.627886199
7/4/2016,-0.349515433,-0.2177364,-0.500473631,0.172818649,0.095697399,-0.627886199
7/5/2016,-0.349515433,-0.2177364,-0.500473631,0.172818649,0.095697399,-0.627886199
7/6/2016,-0.349515433,-0.2177364,-0.500473631,0.172818649,0.095697399,-0.627886199
7/7/2016,-0.349515433,-0.2177364,-0.500473631,0.172818649,0.095697399,-0.627886199
7/8/2016,-0.352310073,-0.223046947,-0.497364985,0.1644772,0.108920961,-0.627260112
7/9/2016,-0.352310073,-0.223046947,-0.497364985,0.1644772,0.108920961,-0.627260112
7/10/2016,-0.352310073,-0.223046947,-0.497364985,0.1644772,0.108920961,-0.627260112
7/11/2016,-0.352310073,-0.223046947,-0.497364985,0.1644772,0.108920961,-0.627260112
7/12/2016,-0.352310073,-0.223046947,-0.497364985,0.1644772,0.108920961,-0.627260112
7/13/2016,-0.352310073,-0.223046947,-0.497364985,0.1644772,0.108920961,-0.627260112
7/14/2016,-0.352310073,-0.223046947,-0.497364985,0.1644772,0.108920961,-0.627260112
7/15/2016,-0.358224175,-0.233788935,-0.494693456,0.153449755,0.117526078,-0.626695361
7/16/2016,-0.358224175,-0.233788935,-0.494693456,0.153449755,0.117526078,-0.626695361
7/17/2016,-0.358224175,-0.233788935,-0.494693456,0.153449755,0.117526078,-0.626695361
7/18/2016,-0.358224175,-0.233788935,-0.494693456,0.153449755,0.117526078,-0.626695361
7/19/2016,-0.358224175,-0.233788935,-0.494693456,0.153449755,0.117526078,-0.626695361
7/20/2016,-0.358224175,-0.233788935,-0.494693456,0.153449755,0.117526078,-0.626695361
7/21/2016,-0.358224175,-0.233788935,-0.494693456,0.153449755,0.117526078,-0.626695361
7/22/2016,-0.363888089,-0.244988658,-0.490440578,0.141520791,0.120741181,-0.626193779
7/23/2016,-0.363888089,-0.244988658,-0.490440578,0.141520791,0.120741181,-0.626193779
7/24/2016,-0.363888089,-0.244988658,-0.490440578,0.141520791,0.120741181,-0.626193779
7/25/2016,-0.363888089,-0.244988658,-0.490440578,0.141520791,0.120741181,-0.626193779
7/26/2016,-0.363888089,-0.244988658,-0.490440578,0.141520791,0.120741181,-0.626193779
7/27/2016,-0.363888089,-0.244988658,-0.490440578,0.141520791,0.120741181,-0.626193779
7/28/2016,-0.363888089,-0.244988658,-0.490440578,0.141520791,0.120741181,-0.626193779
7/29/2016,-0.369200734,-0.256007872,-0.485527478,0.130228343,0.11829391,-0.625755446
7/30/2016,-0.369200734,-0.256007872,-0.485527478,0.130228343,0.11829391,-0.625755446
7/31/2016,-0.369200734,-0.256007872,-0.485527478,0.130228343,0.11829391,-0.625755446
8/1/2016,-0.369200734,-0.256007872,-0.485527478,0.130228343,0.11829391,-0.625755446
8/2/2016,-0.369200734,-0.256007872,-0.485527478,0.130228343,0.11829391,-0.625755446
8/3/2016,-0.369200734,-0.256007872,-0.485527478,0.130228343,0.11829391,-0.625755446
8/4/2016,-0.369200734,-0.256007872,-0.485527478,0.130228343,0.11829391,-0.625755446
8/5/2016,-0.372131993,-0.261447424,-0.479880518,0.121716404,0.11032963,-0.625379205
8/6/2016,-0.372131993,-0.261447424,-0.479880518,0.121716404,0.11032963,-0.625379205
8/7/2016,-0.372131993,-0.261447424,-0.479880518,0.121716404,0.11032963,-0.625379205
8/8/2016,-0.372131993,-0.261447424,-0.479880518,0.121716404,0.11032963,-0.625379205
8/9/2016,-0.372131993,-0.261447424,-0.479880518,0.121716404,0.11032963,-0.625379205
8/10/2016,-0.372131993,-0.261447424,-0.479880518,0.121716404,0.11032963,-0.625379205
8/11/2016,-0.372131993,-0.261447424,-0.479880518,0.121716404,0.11032963,-0.625379205
8/12/2016,-0.372867135,-0.260834888,-0.473948705,0.116647356,0.097279951,-0.625061476
8/13/2016,-0.372867135,-0.260834888,-0.473948705,0.116647356,0.097279951,-0.625061476
8/14/2016,-0.372867135,-0.260834888,-0.473948705,0.116647356,0.097279951,-0.625061476
8/15/2016,-0.372867135,-0.260834888,-0.473948705,0.116647356,0.097279951,-0.625061476
8/16/2016,-0.372867135,-0.260834888,-0.473948705,0.116647356,0.097279951,-0.625061476
8/17/2016,-0.372867135,-0.260834888,-0.473948705,0.116647356,0.097279951,-0.625061476
8/18/2016,-0.372867135,-0.260834888,-0.473948705,0.116647356,0.097279951,-0.625061476
8/19/2016,-0.370662592,-0.253148383,-0.467738778,0.11566536,0.079625592,-0.624795763
8/20/2016,-0.370662592,-0.253148383,-0.467738778,0.11566536,0.079625592,-0.624795763
8/21/2016,-0.370662592,-0.253148383,-0.467738778,0.11566536,0.079625592,-0.624795763
8/22/2016,-0.370662592,-0.253148383,-0.467738778,0.11566536,0.079625592,-0.624795763
8/23/2016,-0.370662592,-0.253148383,-0.467738778,0.11566536,0.079625592,-0.624795763
8/24/2016,-0.370662592,-0.253148383,-0.467738778,0.11566536,0.079625592,-0.624795763
8/25/2016,-0.370662592,-0.253148383,-0.467738778,0.11566536,0.079625592,-0.624795763
8/26/2016,-0.365391072,-0.24022734,-0.461227452,0.118584752,0.057712894,-0.624571725
8/27/2016,-0.365391072,-0.24022734,-0.461227452,0.118584752,0.057712894,-0.624571725
8/28/2016,-0.365391072,-0.24022734,-0.461227452,0.118584752,0.057712894,-0.624571725
8/29/2016,-0.365391072,-0.24022734,-0.461227452,0.118584752,0.057712894,-0.624571725
8/30/2016,-0.365391072,-0.24022734,-0.461227452,0.118584752,0.057712894,-0.624571725
8/31/2016,-0.365391072,-0.24022734,-0.461227452,0.118584752,0.057712894,-0.624571725
9/1/2016,-0.365391072,-0.24022734,-0.461227452,0.118584752,0.057712894,-0.624571725
9/2/2016,-0.357957882,-0.22522465,-0.45559078,0.124858628,0.031939929,-0.624374421
9/3/2016,-0.357957882,-0.22522465,-0.45559078,0.124858628,0.031939929,-0.624374421
9/4/2016,-0.357957882,-0.22522465,-0.45559078,0.124858628,0.031939929,-0.624374421
9/5/2016,-0.357957882,-0.22522465,-0.45559078,0.124858628,0.031939929,-0.624374421
9/6/2016,-0.357957882,-0.22522465,-0.45559078,0.124858628,0.031939929,-0.624374421
9/7/2016,-0.357957882,-0.22522465,-0.45559078,0.124858628,0.031939929,-0.624374421
9/8/2016,-0.357957882,-0.22522465,-0.45559078,0.124858628,0.031939929,-0.624374421
9/9/2016,-0.351582567,-0.214692743,-0.452029299,0.132122697,0.002098153,-0.624183902
9/10/2016,-0.351582567,-0.214692743,-0.452029299,0.132122697,0.002098153,-0.624183902
9/11/2016,-0.351582567,-0.214692743,-0.452029299,0.132122697,0.002098153,-0.624183902
9/12/2016,-0.351582567,-0.214692743,-0.452029299,0.132122697,0.002098153,-0.624183902
9/13/2016,-0.351582567,-0.214692743,-0.452029299,0.132122697,0.002098153,-0.624183902
9/14/2016,-0.351582567,-0.214692743,-0.452029299,0.132122697,0.002098153,-0.624183902
9/15/2016,-0.351582567,-0.214692743,-0.452029299,0.132122697,0.002098153,-0.624183902
9/16/2016,-0.346690348,-0.209499468,-0.450351828,0.138869685,-0.032175542,-0.623974456
9/17/2016,-0.346690348,-0.209499468,-0.450351828,0.138869685,-0.032175542,-0.623974456
9/18/2016,-0.346690348,-0.209499468,-0.450351828,0.138869685,-0.032175542,-0.623974456
9/19/2016,-0.346690348,-0.209499468,-0.450351828,0.138869685,-0.032175542,-0.623974456
9/20/2016,-0.346690348,-0.209499468,-0.450351828,0.138869685,-0.032175542,-0.623974456
9/21/2016,-0.346690348,-0.209499468,-0.450351828,0.138869685,-0.032175542,-0.623974456
9/22/2016,-0.346690348,-0.209499468,-0.450351828,0.138869685,-0.032175542,-0.623974456
9/23/2016,-0.345063086,-0.210640121,-0.45147972,0.143717166,-0.071683983,-0.623714532
9/24/2016,-0.345063086,-0.210640121,-0.45147972,0.143717166,-0.071683983,-0.623714532
9/25/2016,-0.345063086,-0.210640121,-0.45147972,0.143717166,-0.071683983,-0.623714532
9/26/2016,-0.345063086,-0.210640121,-0.45147972,0.143717166,-0.071683983,-0.623714532
9/27/2016,-0.345063086,-0.210640121,-0.45147972,0.143717166,-0.071683983,-0.623714532
9/28/2016,-0.345063086,-0.210640121,-0.45147972,0.143717166,-0.071683983,-0.623714532
9/29/2016,-0.345063086,-0.210640121,-0.45147972,0.143717166,-0.071683983,-0.623714532
9/30/2016,-0.347923251,-0.21925111,-0.456103297,0.14599724,-0.117712409,-0.623368143
10/1/2016,-0.347923251,-0.21925111,-0.456103297,0.14599724,-0.117712409,-0.623368143
10/2/2016,-0.347923251,-0.21925111,-0.456103297,0.14599724,-0.117712409,-0.623368143
10/3/2016,-0.347923251,-0.21925111,-0.456103297,0.14599724,-0.117712409,-0.623368143
10/4/2016,-0.347923251,-0.21925111,-0.456103297,0.14599724,-0.117712409,-0.623368143
10/5/2016,-0.347923251,-0.21925111,-0.456103297,0.14599724,-0.117712409,-0.623368143
10/6/2016,-0.347923251,-0.21925111,-0.456103297,0.14599724,-0.117712409,-0.623368143
10/7/2016,-0.354919051,-0.234276268,-0.462263213,0.144149804,-0.170734371,-0.622896168
10/8/2016,-0.354919051,-0.234276268,-0.462263213,0.144149804,-0.170734371,-0.622896168
10/9/2016,-0.354919051,-0.234276268,-0.462263213,0.144149804,-0.170734371,-0.622896168
10/10/2016,-0.354919051,-0.234276268,-0.462263213,0.144149804,-0.170734371,-0.622896168
10/11/2016,-0.354919051,-0.234276268,-0.462263213,0.144149804,-0.170734371,-0.622896168
10/12/2016,-0.354919051,-0.234276268,-0.462263213,0.144149804,-0.170734371,-0.622896168
10/13/2016,-0.354919051,-0.234276268,-0.462263213,0.144149804,-0.170734371,-0.622896168
10/14/2016,-0.363862995,-0.251155938,-0.46867352,0.139103831,-0.231192035,-0.622253239
10/15/2016,-0.363862995,-0.251155938,-0.46867352,0.139103831,-0.231192035,-0.622253239
10/16/2016,-0.363862995,-0.251155938,-0.46867352,0.139103831,-0.231192035,-0.622253239
10/17/2016,-0.363862995,-0.251155938,-0.46867352,0.139103831,-0.231192035,-0.622253239
10/18/2016,-0.363862995,-0.251155938,-0.46867352,0.139103831,-0.231192035,-0.622253239
10/19/2016,-0.363862995,-0.251155938,-0.46867352,0.139103831,-0.231192035,-0.622253239
10/20/2016,-0.363862995,-0.251155938,-0.46867352,0.139103831,-0.231192035,-0.622253239
10/21/2016,-0.374929267,-0.27169217,-0.475782609,0.131455287,-0.298616443,-0.621400551
10/22/2016,-0.374929267,-0.27169217,-0.475782609,0.131455287,-0.298616443,-0.621400551
10/23/2016,-0.374929267,-0.27169217,-0.475782609,0.131455287,-0.298616443,-0.621400551
10/24/2016,-0.374929267,-0.27169217,-0.475782609,0.131455287,-0.298616443,-0.621400551
10/25/2016,-0.374929267,-0.27169217,-0.475782609,0.131455287,-0.298616443,-0.621400551
10/26/2016,-0.374929267,-0.27169217,-0.475782609,0.131455287,-0.298616443,-0.621400551
10/27/2016,-0.374929267,-0.27169217,-0.475782609,0.131455287,-0.298616443,-0.621400551
10/28/2016,-0.387770111,-0.297067238,-0.481967605,0.120812316,-0.371947216,-0.620300272
10/29/2016,-0.387770111,-0.297067238,-0.481967605,0.120812316,-0.371947216,-0.620300272
10/30/2016,-0.387770111,-0.297067238,-0.481967605,0.120812316,-0.371947216,-0.620300272
10/31/2016,-0.387770111,-0.297067238,-0.481967605,0.120812316,-0.371947216,-0.620300272
11/1/2016,-0.387770111,-0.297067238,-0.481967605,0.120812316,-0.371947216,-0.620300272
11/2/2016,-0.387770111,-0.297067238,-0.481967605,0.120812316,-0.371947216,-0.620300272
11/3/2016,-0.387770111,-0.297067238,-0.481967605,0.120812316,-0.371947216,-0.620300272
11/4/2016,-0.399679098,-0.323428761,-0.486527101,0.108975038,-0.448663091,-0.618919819
11/5/2016,-0.399679098,-0.323428761,-0.486527101,0.108975038,-0.448663091,-0.618919819
11/6/2016,-0.399679098,-0.323428761,-0.486527101,0.108975038,-0.448663091,-0.618919819
11/7/2016,-0.399679098,-0.323428761,-0.486527101,0.108975038,-0.448663091,-0.618919819
11/8/2016,-0.399679098,-0.323428761,-0.486527101,0.108975038,-0.448663091,-0.618919819
11/9/2016,-0.399679098,-0.323428761,-0.486527101,0.108975038,-0.448663091,-0.618919819
11/10/2016,-0.399679098,-0.323428761,-0.486527101,0.108975038,-0.448663091,-0.618919819
11/11/2016,-0.413603393,-0.35210653,-0.490805831,0.095594205,-0.526704563,-0.617234602
11/12/2016,-0.413603393,-0.35210653,-0.490805831,0.095594205,-0.526704563,-0.617234602
11/13/2016,-0.413603393,-0.35210653,-0.490805831,0.095594205,-0.526704563,-0.617234602
11/14/2016,-0.413603393,-0.35210653,-0.490805831,0.095594205,-0.526704563,-0.617234602
11/15/2016,-0.413603393,-0.35210653,-0.490805831,0.095594205,-0.526704563,-0.617234602
11/16/2016,-0.413603393,-0.35210653,-0.490805831,0.095594205,-0.526704563,-0.617234602
11/17/2016,-0.413603393,-0.35210653,-0.490805831,0.095594205,-0.526704563,-0.617234602
11/18/2016,-0.426341775,-0.37703412,-0.493652123,0.081988877,-0.60203236,-0.615228872
11/19/2016,-0.426341775,-0.37703412,-0.493652123,0.081988877,-0.60203236,-0.615228872
11/20/2016,-0.426341775,-0.37703412,-0.493652123,0.081988877,-0.60203236,-0.615228872
11/21/2016,-0.426341775,-0.37703412,-0.493652123,0.081988877,-0.60203236,-0.615228872
11/22/2016,-0.426341775,-0.37703412,-0.493652123,0.081988877,-0.60203236,-0.615228872
11/23/2016,-0.426341775,-0.37703412,-0.493652123,0.081988877,-0.60203236,-0.615228872
11/24/2016,-0.426341775,-0.37703412,-0.493652123,0.081988877,-0.60203236,-0.615228872
11/25/2016,-0.437617267,-0.39518379,-0.495715926,0.06874584,-0.670965077,-0.612896475
11/26/2016,-0.437617267,-0.39518379,-0.495715926,0.06874584,-0.670965077,-0.612896475
11/27/2016,-0.437617267,-0.39518379,-0.495715926,0.06874584,-0.670965077,-0.612896475
11/28/2016,-0.437617267,-0.39518379,-0.495715926,0.06874584,-0.670965077,-0.612896475
11/29/2016,-0.437617267,-0.39518379,-0.495715926,0.06874584,-0.670965077,-0.612896475
11/30/2016,-0.437617267,-0.39518379,-0.495715926,0.06874584,-0.670965077,-0.612896475
12/1/2016,-0.437617267,-0.39518379,-0.495715926,0.06874584,-0.670965077,-0.612896475
12/2/2016,-0.447547086,-0.405593708,-0.497291061,0.056156287,-0.730896496,-0.610242204
12/3/2016,-0.447547086,-0.405593708,-0.497291061,0.056156287,-0.730896496,-0.610242204
12/4/2016,-0.447547086,-0.405593708,-0.497291061,0.056156287,-0.730896496,-0.610242204
12/5/2016,-0.447547086,-0.405593708,-0.497291061,0.056156287,-0.730896496,-0.610242204
12/6/2016,-0.447547086,-0.405593708,-0.497291061,0.056156287,-0.730896496,-0.610242204
12/7/2016,-0.447547086,-0.405593708,-0.497291061,0.056156287,-0.730896496,-0.610242204
12/8/2016,-0.447547086,-0.405593708,-0.497291061,0.056156287,-0.730896496,-0.610242204
12/9/2016,-0.456484509,-0.408324553,-0.498885785,0.044225832,-0.779507435,-0.60728145
12/10/2016,-0.456484509,-0.408324553,-0.498885785,0.044225832,-0.779507435,-0.60728145
12/11/2016,-0.456484509,-0.408324553,-0.498885785,0.044225832,-0.779507435,-0.60728145
12/12/2016,-0.456484509,-0.408324553,-0.498885785,0.044225832,-0.779507435,-0.60728145
12/13/2016,-0.456484509,-0.408324553,-0.498885785,0.044225832,-0.779507435,-0.60728145
12/14/2016,-0.456484509,-0.408324553,-0.498885785,0.044225832,-0.779507435,-0.60728145
12/15/2016,-0.456484509,-0.408324553,-0.498885785,0.044225832,-0.779507435,-0.60728145
12/16/2016,-0.463477467,-0.405149344,-0.500343084,0.033126286,-0.814836129,-0.60404065
12/17/2016,-0.463477467,-0.405149344,-0.500343084,0.033126286,-0.814836129,-0.60404065
12/18/2016,-0.463477467,-0.405149344,-0.500343084,0.033126286,-0.814836129,-0.60404065
12/19/2016,-0.463477467,-0.405149344,-0.500343084,0.033126286,-0.814836129,-0.60404065
12/20/2016,-0.463477467,-0.405149344,-0.500343084,0.033126286,-0.814836129,-0.60404065
12/21/2016,-0.463477467,-0.405149344,-0.500343084,0.033126286,-0.814836129,-0.60404065
12/22/2016,-0.463477467,-0.405149344,-0.500343084,0.033126286,-0.814836129,-0.60404065
12/23/2016,-0.469363314,-0.399361146,-0.502216723,0.023051489,-0.837170618,-0.600557286
12/24/2016,-0.469363314,-0.399361146,-0.502216723,0.023051489,-0.837170618,-0.600557286
12/25/2016,-0.469363314,-0.399361146,-0.502216723,0.023051489,-0.837170618,-0.600557286
12/26/2016,-0.469363314,-0.399361146,-0.502216723,0.023051489,-0.837170618,-0.600557286
12/27/2016,-0.469363314,-0.399361146,-0.502216723,0.023051489,-0.837170618,-0.600557286
12/28/2016,-0.469363314,-0.399361146,-0.502216723,0.023051489,-0.837170618,-0.600557286
12/29/2016,-0.469363314,-0.399361146,-0.502216723,0.023051489,-0.837170618,-0.600557286
12/30/2016,-0.475791624,-0.394685399,-0.504653732,0.012848896,-0.846857903,-0.596877373
12/31/2016,-0.475791624,-0.394685399,-0.504653732,0.012848896,-0.846857903,-0.596877373
1/1/2017,-0.475791624,-0.394685399,-0.504653732,0.012848896,-0.846857903,-0.596877373
1/2/2017,-0.475791624,-0.394685399,-0.504653732,0.012848896,-0.846857903,-0.596877373
1/3/2017,-0.475791624,-0.394685399,-0.504653732,0.012848896,-0.846857903,-0.596877373
1/4/2017,-0.475791624,-0.394685399,-0.504653732,0.012848896,-0.846857903,-0.596877373
1/5/2017,-0.475791624,-0.394685399,-0.504653732,0.012848896,-0.846857903,-0.596877373
1/6/2017,-0.481507776,-0.389097084,-0.507092991,0.003293437,-0.845107389,-0.59305013
1/7/2017,-0.481507776,-0.389097084,-0.507092991,0.003293437,-0.845107389,-0.59305013
1/8/2017,-0.481507776,-0.389097084,-0.507092991,0.003293437,-0.845107389,-0.59305013
1/9/2017,-0.481507776,-0.389097084,-0.507092991,0.003293437,-0.845107389,-0.59305013
1/10/2017,-0.481507776,-0.389097084,-0.507092991,0.003293437,-0.845107389,-0.59305013
1/11/2017,-0.481507776,-0.389097084,-0.507092991,0.003293437,-0.845107389,-0.59305013
1/12/2017,-0.481507776,-0.389097084,-0.507092991,0.003293437,-0.845107389,-0.59305013
1/13/2017,-0.487233295,-0.385150622,-0.509732117,-0.005824149,-0.83351154,-0.589137375
1/14/2017,-0.487233295,-0.385150622,-0.509732117,-0.005824149,-0.83351154,-0.589137375
1/15/2017,-0.487233295,-0.385150622,-0.509732117,-0.005824149,-0.83351154,-0.589137375
1/16/2017,-0.487233295,-0.385150622,-0.509732117,-0.005824149,-0.83351154,-0.589137375
1/17/2017,-0.487233295,-0.385150622,-0.509732117,-0.005824149,-0.83351154,-0.589137375
1/18/2017,-0.487233295,-0.385150622,-0.509732117,-0.005824149,-0.83351154,-0.589137375
1/19/2017,-0.487233295,-0.385150622,-0.509732117,-0.005824149,-0.83351154,-0.589137375
1/20/2017,-0.491978622,-0.382004238,-0.511893659,-0.014000855,-0.813784073,-0.585192043
1/21/2017,-0.491978622,-0.382004238,-0.511893659,-0.014000855,-0.813784073,-0.585192043
1/22/2017,-0.491978622,-0.382004238,-0.511893659,-0.014000855,-0.813784073,-0.585192043
1/23/2017,-0.491978622,-0.382004238,-0.511893659,-0.014000855,-0.813784073,-0.585192043
1/24/2017,-0.491978622,-0.382004238,-0.511893659,-0.014000855,-0.813784073,-0.585192043
1/25/2017,-0.491978622,-0.382004238,-0.511893659,-0.014000855,-0.813784073,-0.585192043
1/26/2017,-0.491978622,-0.382004238,-0.511893659,-0.014000855,-0.813784073,-0.585192043
1/27/2017,-0.495571341,-0.379581176,-0.513053679,-0.021095212,-0.787968202,-0.581265736
1/28/2017,-0.495571341,-0.379581176,-0.513053679,-0.021095212,-0.787968202,-0.581265736
1/29/2017,-0.495571341,-0.379581176,-0.513053679,-0.021095212,-0.787968202,-0.581265736
1/30/2017,-0.495571341,-0.379581176,-0.513053679,-0.021095212,-0.787968202,-0.581265736
1/31/2017,-0.495571341,-0.379581176,-0.513053679,-0.021095212,-0.787968202,-0.581265736
2/1/2017,-0.495571341,-0.379581176,-0.513053679,-0.021095212,-0.787968202,-0.581265736
2/2/2017,-0.495571341,-0.379581176,-0.513053679,-0.021095212,-0.787968202,-0.581265736
2/3/2017,-0.497874047,-0.378876517,-0.514097339,-0.026129015,-0.757659743,-0.577405166
2/4/2017,-0.497874047,-0.378876517,-0.514097339,-0.026129015,-0.757659743,-0.577405166
2/5/2017,-0.497874047,-0.378876517,-0.514097339,-0.026129015,-0.757659743,-0.577405166
2/6/2017,-0.497874047,-0.378876517,-0.514097339,-0.026129015,-0.757659743,-0.577405166
2/7/2017,-0.497874047,-0.378876517,-0.514097339,-0.026129015,-0.757659743,-0.577405166
2/8/2017,-0.497874047,-0.378876517,-0.514097339,-0.026129015,-0.757659743,-0.577405166
2/9/2017,-0.497874047,-0.378876517,-0.514097339,-0.026129015,-0.757659743,-0.577405166
2/10/2017,-0.499103906,-0.382115325,-0.514884417,-0.029202987,-0.724443414,-0.573650367
2/11/2017,-0.499103906,-0.382115325,-0.514884417,-0.029202987,-0.724443414,-0.573650367
2/12/2017,-0.499103906,-0.382115325,-0.514884417,-0.029202987,-0.724443414,-0.573650367
2/13/2017,-0.499103906,-0.382115325,-0.514884417,-0.029202987,-0.724443414,-0.573650367
2/14/2017,-0.499103906,-0.382115325,-0.514884417,-0.029202987,-0.724443414,-0.573650367
2/15/2017,-0.499103906,-0.382115325,-0.514884417,-0.029202987,-0.724443414,-0.573650367
2/16/2017,-0.499103906,-0.382115325,-0.514884417,-0.029202987,-0.724443414,-0.573650367
2/17/2017,-0.498467595,-0.38642252,-0.515780143,-0.029499088,-0.689437988,-0.570034633
2/18/2017,-0.498467595,-0.38642252,-0.515780143,-0.029499088,-0.689437988,-0.570034633
2/19/2017,-0.498467595,-0.38642252,-0.515780143,-0.029499088,-0.689437988,-0.570034633
2/20/2017,-0.498467595,-0.38642252,-0.515780143,-0.029499088,-0.689437988,-0.570034633
2/21/2017,-0.498467595,-0.38642252,-0.515780143,-0.029499088,-0.689437988,-0.570034633
2/22/2017,-0.498467595,-0.38642252,-0.515780143,-0.029499088,-0.689437988,-0.570034633
2/23/2017,-0.498467595,-0.38642252,-0.515780143,-0.029499088,-0.689437988,-0.570034633
2/24/2017,-0.496279259,-0.390268697,-0.516803097,-0.027283914,-0.653912085,-0.566585626
2/25/2017,-0.496279259,-0.390268697,-0.516803097,-0.027283914,-0.653912085,-0.566585626
2/26/2017,-0.496279259,-0.390268697,-0.516803097,-0.027283914,-0.653912085,-0.566585626
2/27/2017,-0.496279259,-0.390268697,-0.516803097,-0.027283914,-0.653912085,-0.566585626
2/28/2017,-0.496279259,-0.390268697,-0.516803097,-0.027283914,-0.653912085,-0.566585626
3/1/2017,-0.496279259,-0.390268697,-0.516803097,-0.027283914,-0.653912085,-0.566585626
3/2/2017,-0.496279259,-0.390268697,-0.516803097,-0.027283914,-0.653912085,-0.566585626
3/3/2017,-0.494306288,-0.395477817,-0.518668763,-0.023809834,-0.618513285,-0.563325691
3/4/2017,-0.494306288,-0.395477817,-0.518668763,-0.023809834,-0.618513285,-0.563325691
3/5/2017,-0.494306288,-0.395477817,-0.518668763,-0.023809834,-0.618513285,-0.563325691
3/6/2017,-0.494306288,-0.395477817,-0.518668763,-0.023809834,-0.618513285,-0.563325691
3/7/2017,-0.494306288,-0.395477817,-0.518668763,-0.023809834,-0.618513285,-0.563325691
3/8/2017,-0.494306288,-0.395477817,-0.518668763,-0.023809834,-0.618513285,-0.563325691
3/9/2017,-0.494306288,-0.395477817,-0.518668763,-0.023809834,-0.618513285,-0.563325691
3/10/2017,-0.491665346,-0.397618778,-0.520984398,-0.019675672,-0.583031421,-0.560273064
3/11/2017,-0.491665346,-0.397618778,-0.520984398,-0.019675672,-0.583031421,-0.560273064
3/12/2017,-0.491665346,-0.397618778,-0.520984398,-0.019675672,-0.583031421,-0.560273064
3/13/2017,-0.491665346,-0.397618778,-0.520984398,-0.019675672,-0.583031421,-0.560273064
3/14/2017,-0.491665346,-0.397618778,-0.520984398,-0.019675672,-0.583031421,-0.560273064
3/15/2017,-0.491665346,-0.397618778,-0.520984398,-0.019675672,-0.583031421,-0.560273064
3/16/2017,-0.491665346,-0.397618778,-0.520984398,-0.019675672,-0.583031421,-0.560273064
3/17/2017,-0.489231013,-0.398398489,-0.523712455,-0.015875602,-0.548458031,-0.557443253
3/18/2017,-0.489231013,-0.398398489,-0.523712455,-0.015875602,-0.548458031,-0.557443253
3/19/2017,-0.489231013,-0.398398489,-0.523712455,-0.015875602,-0.548458031,-0.557443253
3/20/2017,-0.489231013,-0.398398489,-0.523712455,-0.015875602,-0.548458031,-0.557443253
3/21/2017,-0.489231013,-0.398398489,-0.523712455,-0.015875602,-0.548458031,-0.557443253
3/22/2017,-0.489231013,-0.398398489,-0.523712455,-0.015875602,-0.548458031,-0.557443253
3/23/2017,-0.489231013,-0.398398489,-0.523712455,-0.015875602,-0.548458031,-0.557443253
3/24/2017,-0.48763044,-0.39961245,-0.526978496,-0.013350259,-0.515244095,-0.554849709
3/25/2017,-0.48763044,-0.39961245,-0.526978496,-0.013350259,-0.515244095,-0.554849709
3/26/2017,-0.48763044,-0.39961245,-0.526978496,-0.013350259,-0.515244095,-0.554849709
3/27/2017,-0.48763044,-0.39961245,-0.526978496,-0.013350259,-0.515244095,-0.554849709
3/28/2017,-0.48763044,-0.39961245,-0.526978496,-0.013350259,-0.515244095,-0.554849709
3/29/2017,-0.48763044,-0.39961245,-0.526978496,-0.013350259,-0.515244095,-0.554849709
3/30/2017,-0.48763044,-0.39961245,-0.526978496,-0.013350259,-0.515244095,-0.554849709
3/31/2017,-0.488911169,-0.404040797,-0.531924552,-0.01302331,-0.48421204,-0.552504592
4/1/2017,-0.488911169,-0.404040797,-0.531924552,-0.01302331,-0.48421204,-0.552504592
4/2/2017,-0.488911169,-0.404040797,-0.531924552,-0.01302331,-0.48421204,-0.552504592
4/3/2017,-0.488911169,-0.404040797,-0.531924552,-0.01302331,-0.48421204,-0.552504592
4/4/2017,-0.488911169,-0.404040797,-0.531924552,-0.01302331,-0.48421204,-0.552504592
4/5/2017,-0.488911169,-0.404040797,-0.531924552,-0.01302331,-0.48421204,-0.552504592
4/6/2017,-0.488911169,-0.404040797,-0.531924552,-0.01302331,-0.48421204,-0.552504592
4/7/2017,-0.492130917,-0.410375215,-0.538583982,-0.014218911,-0.456176037,-0.550420769
4/8/2017,-0.492130917,-0.410375215,-0.538583982,-0.014218911,-0.456176037,-0.550420769
4/9/2017,-0.492130917,-0.410375215,-0.538583982,-0.014218911,-0.456176037,-0.550420769
4/10/2017,-0.492130917,-0.410375215,-0.538583982,-0.014218911,-0.456176037,-0.550420769
4/11/2017,-0.492130917,-0.410375215,-0.538583982,-0.014218911,-0.456176037,-0.550420769
4/12/2017,-0.492130917,-0.410375215,-0.538583982,-0.014218911,-0.456176037,-0.550420769
4/13/2017,-0.492130917,-0.410375215,-0.538583982,-0.014218911,-0.456176037,-0.550420769
4/14/2017,-0.497719831,-0.418864138,-0.54779377,-0.016440423,-0.431981644,-0.548611604
4/15/2017,-0.497719831,-0.418864138,-0.54779377,-0.016440423,-0.431981644,-0.548611604
4/16/2017,-0.497719831,-0.418864138,-0.54779377,-0.016440423,-0.431981644,-0.548611604
4/17/2017,-0.497719831,-0.418864138,-0.54779377,-0.016440423,-0.431981644,-0.548611604
4/18/2017,-0.497719831,-0.418864138,-0.54779377,-0.016440423,-0.431981644,-0.548611604
4/19/2017,-0.497719831,-0.418864138,-0.54779377,-0.016440423,-0.431981644,-0.548611604
4/20/2017,-0.497719831,-0.418864138,-0.54779377,-0.016440423,-0.431981644,-0.548611604
4/21/2017,-0.505353649,-0.427215114,-0.559430531,-0.019231347,-0.412321379,-0.547087354
4/22/2017,-0.505353649,-0.427215114,-0.559430531,-0.019231347,-0.412321379,-0.547087354
4/23/2017,-0.505353649,-0.427215114,-0.559430531,-0.019231347,-0.412321379,-0.547087354
4/24/2017,-0.505353649,-0.427215114,-0.559430531,-0.019231347,-0.412321379,-0.547087354
4/25/2017,-0.505353649,-0.427215114,-0.559430531,-0.019231347,-0.412321379,-0.547087354
4/26/2017,-0.505353649,-0.427215114,-0.559430531,-0.019231347,-0.412321379,-0.547087354
4/27/2017,-0.505353649,-0.427215114,-0.559430531,-0.019231347,-0.412321379,-0.547087354
4/28/2017,-0.515394332,-0.436989436,-0.57340843,-0.022617525,-0.397542327,-0.545859053
4/29/2017,-0.515394332,-0.436989436,-0.57340843,-0.022617525,-0.397542327,-0.545859053
4/30/2017,-0.515394332,-0.436989436,-0.57340843,-0.022617525,-0.397542327,-0.545859053
5/1/2017,-0.515394332,-0.436989436,-0.57340843,-0.022617525,-0.397542327,-0.545859053
5/2/2017,-0.515394332,-0.436989436,-0.57340843,-0.022617525,-0.397542327,-0.545859053
5/3/2017,-0.515394332,-0.436989436,-0.57340843,-0.022617525,-0.397542327,-0.545859053
5/4/2017,-0.515394332,-0.436989436,-0.57340843,-0.022617525,-0.397542327,-0.545859053
5/5/2017,-0.525406676,-0.447206526,-0.588054914,-0.025699563,-0.387687644,-0.54493584
5/6/2017,-0.525406676,-0.447206526,-0.588054914,-0.025699563,-0.387687644,-0.54493584
5/7/2017,-0.525406676,-0.447206526,-0.588054914,-0.025699563,-0.387687644,-0.54493584
5/8/2017,-0.525406676,-0.447206526,-0.588054914,-0.025699563,-0.387687644,-0.54493584
5/9/2017,-0.525406676,-0.447206526,-0.588054914,-0.025699563,-0.387687644,-0.54493584
5/10/2017,-0.525406676,-0.447206526,-0.588054914,-0.025699563,-0.387687644,-0.54493584
5/11/2017,-0.525406676,-0.447206526,-0.588054914,-0.025699563,-0.387687644,-0.54493584
5/12/2017,-0.535261582,-0.458712067,-0.602122854,-0.029141977,-0.382266333,-0.5443237
5/13/2017,-0.535261582,-0.458712067,-0.602122854,-0.029141977,-0.382266333,-0.5443237
5/14/2017,-0.535261582,-0.458712067,-0.602122854,-0.029141977,-0.382266333,-0.5443237
5/15/2017,-0.535261582,-0.458712067,-0.602122854,-0.029141977,-0.382266333,-0.5443237
5/16/2017,-0.535261582,-0.458712067,-0.602122854,-0.029141977,-0.382266333,-0.5443237
5/17/2017,-0.535261582,-0.458712067,-0.602122854,-0.029141977,-0.382266333,-0.5443237
5/18/2017,-0.535261582,-0.458712067,-0.602122854,-0.029141977,-0.382266333,-0.5443237
5/19/2017,-0.54395786,-0.470292851,-0.614368302,-0.032805305,-0.380909679,-0.544025005
5/20/2017,-0.54395786,-0.470292851,-0.614368302,-0.032805305,-0.380909679,-0.544025005
5/21/2017,-0.54395786,-0.470292851,-0.614368302,-0.032805305,-0.380909679,-0.544025005
5/22/2017,-0.54395786,-0.470292851,-0.614368302,-0.032805305,-0.380909679,-0.544025005
5/23/2017,-0.54395786,-0.470292851,-0.614368302,-0.032805305,-0.380909679,-0.544025005
5/24/2017,-0.54395786,-0.470292851,-0.614368302,-0.032805305,-0.380909679,-0.544025005
5/25/2017,-0.54395786,-0.470292851,-0.614368302,-0.032805305,-0.380909679,-0.544025005
5/26/2017,-0.552877407,-0.483499272,-0.624245803,-0.038036821,-0.382778161,-0.544037706
5/27/2017,-0.552877407,-0.483499272,-0.624245803,-0.038036821,-0.382778161,-0.544037706
5/28/2017,-0.552877407,-0.483499272,-0.624245803,-0.038036821,-0.382778161,-0.544037706
5/29/2017,-0.552877407,-0.483499272,-0.624245803,-0.038036821,-0.382778161,-0.544037706
5/30/2017,-0.552877407,-0.483499272,-0.624245803,-0.038036821,-0.382778161,-0.544037706
5/31/2017,-0.552877407,-0.483499272,-0.624245803,-0.038036821,-0.382778161,-0.544037706
6/1/2017,-0.552877407,-0.483499272,-0.624245803,-0.038036821,-0.382778161,-0.544037706
6/2/2017,-0.55992055,-0.492786811,-0.631077884,-0.043722702,-0.3867447,-0.544354043
6/3/2017,-0.55992055,-0.492786811,-0.631077884,-0.043722702,-0.3867447,-0.544354043
6/4/2017,-0.55992055,-0.492786811,-0.631077884,-0.043722702,-0.3867447,-0.544354043
6/5/2017,-0.55992055,-0.492786811,-0.631077884,-0.043722702,-0.3867447,-0.544354043
6/6/2017,-0.55992055,-0.492786811,-0.631077884,-0.043722702,-0.3867447,-0.544354043
6/7/2017,-0.55992055,-0.492786811,-0.631077884,-0.043722702,-0.3867447,-0.544354043
6/8/2017,-0.55992055,-0.492786811,-0.631077884,-0.043722702,-0.3867447,-0.544354043
6/9/2017,-0.565560697,-0.497421087,-0.634666251,-0.050138479,-0.392027328,-0.544960505
6/10/2017,-0.565560697,-0.497421087,-0.634666251,-0.050138479,-0.392027328,-0.544960505
6/11/2017,-0.565560697,-0.497421087,-0.634666251,-0.050138479,-0.392027328,-0.544960505
6/12/2017,-0.565560697,-0.497421087,-0.634666251,-0.050138479,-0.392027328,-0.544960505
6/13/2017,-0.565560697,-0.497421087,-0.634666251,-0.050138479,-0.392027328,-0.544960505
6/14/2017,-0.565560697,-0.497421087,-0.634666251,-0.050138479,-0.392027328,-0.544960505
6/15/2017,-0.565560697,-0.497421087,-0.634666251,-0.050138479,-0.392027328,-0.544960505
6/16/2017,-0.569817877,-0.500114482,-0.63581072,-0.056854303,-0.39721856,-0.545836985
6/17/2017,-0.569817877,-0.500114482,-0.63581072,-0.056854303,-0.39721856,-0.545836985
6/18/2017,-0.569817877,-0.500114482,-0.63581072,-0.056854303,-0.39721856,-0.545836985
6/19/2017,-0.569817877,-0.500114482,-0.63581072,-0.056854303,-0.39721856,-0.545836985
6/20/2017,-0.569817877,-0.500114482,-0.63581072,-0.056854303,-0.39721856,-0.545836985
6/21/2017,-0.569817877,-0.500114482,-0.63581072,-0.056854303,-0.39721856,-0.545836985
6/22/2017,-0.569817877,-0.500114482,-0.63581072,-0.056854303,-0.39721856,-0.545836985
6/23/2017,-0.572685797,-0.502185957,-0.635366174,-0.063408803,-0.400879462,-0.546956355
6/24/2017,-0.572685797,-0.502185957,-0.635366174,-0.063408803,-0.400879462,-0.546956355
6/25/2017,-0.572685797,-0.502185957,-0.635366174,-0.063408803,-0.400879462,-0.546956355
6/26/2017,-0.572685797,-0.502185957,-0.635366174,-0.063408803,-0.400879462,-0.546956355
6/27/2017,-0.572685797,-0.502185957,-0.635366174,-0.063408803,-0.400879462,-0.546956355
6/28/2017,-0.572685797,-0.502185957,-0.635366174,-0.063408803,-0.400879462,-0.546956355
6/29/2017,-0.572685797,-0.502185957,-0.635366174,-0.063408803,-0.400879462,-0.546956355
6/30/2017,-0.575811019,-0.509114776,-0.634435874,-0.069794814,-0.402820983,-0.548285393
7/1/2017,-0.575811019,-0.509114776,-0.634435874,-0.069794814,-0.402820983,-0.548285393
7/2/2017,-0.575811019,-0.509114776,-0.634435874,-0.069794814,-0.402820983,-0.548285393
7/3/2017,-0.575811019,-0.509114776,-0.634435874,-0.069794814,-0.402820983,-0.548285393
7/4/2017,-0.575811019,-0.509114776,-0.634435874,-0.069794814,-0.402820983,-0.548285393
7/5/2017,-0.575811019,-0.509114776,-0.634435874,-0.069794814,-0.402820983,-0.548285393
7/6/2017,-0.575811019,-0.509114776,-0.634435874,-0.069794814,-0.402820983,-0.548285393
7/7/2017,-0.578775232,-0.520498668,-0.633714932,-0.075358137,-0.401992613,-0.549790123
7/8/2017,-0.578775232,-0.520498668,-0.633714932,-0.075358137,-0.401992613,-0.549790123
7/9/2017,-0.578775232,-0.520498668,-0.633714932,-0.075358137,-0.401992613,-0.549790123
7/10/2017,-0.578775232,-0.520498668,-0.633714932,-0.075358137,-0.401992613,-0.549790123
7/11/2017,-0.578775232,-0.520498668,-0.633714932,-0.075358137,-0.401992613,-0.549790123
7/12/2017,-0.578775232,-0.520498668,-0.633714932,-0.075358137,-0.401992613,-0.549790123
7/13/2017,-0.578775232,-0.520498668,-0.633714932,-0.075358137,-0.401992613,-0.549790123
7/14/2017,-0.581945298,-0.533078815,-0.634051372,-0.079564913,-0.398336003,-0.551425583
7/15/2017,-0.581945298,-0.533078815,-0.634051372,-0.079564913,-0.398336003,-0.551425583
7/16/2017,-0.581945298,-0.533078815,-0.634051372,-0.079564913,-0.398336003,-0.551425583
7/17/2017,-0.581945298,-0.533078815,-0.634051372,-0.079564913,-0.398336003,-0.551425583
7/18/2017,-0.581945298,-0.533078815,-0.634051372,-0.079564913,-0.398336003,-0.551425583
7/19/2017,-0.581945298,-0.533078815,-0.634051372,-0.079564913,-0.398336003,-0.551425583
7/20/2017,-0.581945298,-0.533078815,-0.634051372,-0.079564913,-0.398336003,-0.551425583
7/21/2017,-0.584104714,-0.542547052,-0.634579097,-0.081837973,-0.392482994,-0.553154857
7/22/2017,-0.584104714,-0.542547052,-0.634579097,-0.081837973,-0.392482994,-0.553154857
7/23/2017,-0.584104714,-0.542547052,-0.634579097,-0.081837973,-0.392482994,-0.553154857
7/24/2017,-0.584104714,-0.542547052,-0.634579097,-0.081837973,-0.392482994,-0.553154857
7/25/2017,-0.584104714,-0.542547052,-0.634579097,-0.081837973,-0.392482994,-0.553154857
7/26/2017,-0.584104714,-0.542547052,-0.634579097,-0.081837973,-0.392482994,-0.553154857
7/27/2017,-0.584104714,-0.542547052,-0.634579097,-0.081837973,-0.392482994,-0.553154857
7/28/2017,-0.583673043,-0.542463181,-0.634464508,-0.081522128,-0.385172595,-0.554941635
7/29/2017,-0.583673043,-0.542463181,-0.634464508,-0.081522128,-0.385172595,-0.554941635
7/30/2017,-0.583673043,-0.542463181,-0.634464508,-0.081522128,-0.385172595,-0.554941635
7/31/2017,-0.583673043,-0.542463181,-0.634464508,-0.081522128,-0.385172595,-0.554941635
8/1/2017,-0.583673043,-0.542463181,-0.634464508,-0.081522128,-0.385172595,-0.554941635
8/2/2017,-0.583673043,-0.542463181,-0.634464508,-0.081522128,-0.385172595,-0.554941635
8/3/2017,-0.583673043,-0.542463181,-0.634464508,-0.081522128,-0.385172595,-0.554941635
8/4/2017,-0.580505906,-0.530846045,-0.633294234,-0.078887597,-0.377444572,-0.556752539
8/5/2017,-0.580505906,-0.530846045,-0.633294234,-0.078887597,-0.377444572,-0.556752539
8/6/2017,-0.580505906,-0.530846045,-0.633294234,-0.078887597,-0.377444572,-0.556752539
8/7/2017,-0.580505906,-0.530846045,-0.633294234,-0.078887597,-0.377444572,-0.556752539
8/8/2017,-0.580505906,-0.530846045,-0.633294234,-0.078887597,-0.377444572,-0.556752539
8/9/2017,-0.580505906,-0.530846045,-0.633294234,-0.078887597,-0.377444572,-0.556752539
8/10/2017,-0.580505906,-0.530846045,-0.633294234,-0.078887597,-0.377444572,-0.556752539
8/11/2017,-0.575134501,-0.511974037,-0.631261747,-0.074783036,-0.36984282,-0.558556685
8/12/2017,-0.575134501,-0.511974037,-0.631261747,-0.074783036,-0.36984282,-0.558556685
8/13/2017,-0.575134501,-0.511974037,-0.631261747,-0.074783036,-0.36984282,-0.558556685
8/14/2017,-0.575134501,-0.511974037,-0.631261747,-0.074783036,-0.36984282,-0.558556685
8/15/2017,-0.575134501,-0.511974037,-0.631261747,-0.074783036,-0.36984282,-0.558556685
8/16/2017,-0.575134501,-0.511974037,-0.631261747,-0.074783036,-0.36984282,-0.558556685
8/17/2017,-0.575134501,-0.511974037,-0.631261747,-0.074783036,-0.36984282,-0.558556685
8/18/2017,-0.569612235,-0.492070751,-0.628920025,-0.07061873,-0.363803888,-0.560324795
8/19/2017,-0.569612235,-0.492070751,-0.628920025,-0.07061873,-0.363803888,-0.560324795
8/20/2017,-0.569612235,-0.492070751,-0.628920025,-0.07061873,-0.363803888,-0.560324795
8/21/2017,-0.569612235,-0.492070751,-0.628920025,-0.07061873,-0.363803888,-0.560324795
8/22/2017,-0.569612235,-0.492070751,-0.628920025,-0.07061873,-0.363803888,-0.560324795
8/23/2017,-0.569612235,-0.492070751,-0.628920025,-0.07061873,-0.363803888,-0.560324795
8/24/2017,-0.569612235,-0.492070751,-0.628920025,-0.07061873,-0.363803888,-0.560324795
8/25/2017,-0.565494068,-0.476975335,-0.626922793,-0.067650468,-0.360239506,-0.562026928
8/26/2017,-0.565494068,-0.476975335,-0.626922793,-0.067650468,-0.360239506,-0.562026928
8/27/2017,-0.565494068,-0.476975335,-0.626922793,-0.067650468,-0.360239506,-0.562026928
8/28/2017,-0.565494068,-0.476975335,-0.626922793,-0.067650468,-0.360239506,-0.562026928
8/29/2017,-0.565494068,-0.476975335,-0.626922793,-0.067650468,-0.360239506,-0.562026928
8/30/2017,-0.565494068,-0.476975335,-0.626922793,-0.067650468,-0.360239506,-0.562026928
8/31/2017,-0.565494068,-0.476975335,-0.626922793,-0.067650468,-0.360239506,-0.562026928
9/1/2017,-0.563277394,-0.469851445,-0.625043837,-0.066793451,-0.3601815,-0.563630883
9/2/2017,-0.563277394,-0.469851445,-0.625043837,-0.066793451,-0.3601815,-0.563630883
9/3/2017,-0.563277394,-0.469851445,-0.625043837,-0.066793451,-0.3601815,-0.563630883
9/4/2017,-0.563277394,-0.469851445,-0.625043837,-0.066793451,-0.3601815,-0.563630883
9/5/2017,-0.563277394,-0.469851445,-0.625043837,-0.066793451,-0.3601815,-0.563630883
9/6/2017,-0.563277394,-0.469851445,-0.625043837,-0.066793451,-0.3601815,-0.563630883
9/7/2017,-0.563277394,-0.469851445,-0.625043837,-0.066793451,-0.3601815,-0.563630883
9/8/2017,-0.562876551,-0.470767687,-0.623279068,-0.068291419,-0.364205853,-0.565100678
9/9/2017,-0.562876551,-0.470767687,-0.623279068,-0.068291419,-0.364205853,-0.565100678
9/10/2017,-0.562876551,-0.470767687,-0.623279068,-0.068291419,-0.364205853,-0.565100678
9/11/2017,-0.562876551,-0.470767687,-0.623279068,-0.068291419,-0.364205853,-0.565100678
9/12/2017,-0.562876551,-0.470767687,-0.623279068,-0.068291419,-0.364205853,-0.565100678
9/13/2017,-0.562876551,-0.470767687,-0.623279068,-0.068291419,-0.364205853,-0.565100678
9/14/2017,-0.562876551,-0.470767687,-0.623279068,-0.068291419,-0.364205853,-0.565100678
9/15/2017,-0.565755381,-0.479144458,-0.622629856,-0.072457002,-0.372853093,-0.566394381
9/16/2017,-0.565755381,-0.479144458,-0.622629856,-0.072457002,-0.372853093,-0.566394381
9/17/2017,-0.565755381,-0.479144458,-0.622629856,-0.072457002,-0.372853093,-0.566394381
9/18/2017,-0.565755381,-0.479144458,-0.622629856,-0.072457002,-0.372853093,-0.566394381
9/19/2017,-0.565755381,-0.479144458,-0.622629856,-0.072457002,-0.372853093,-0.566394381
9/20/2017,-0.565755381,-0.479144458,-0.622629856,-0.072457002,-0.372853093,-0.566394381
9/21/2017,-0.565755381,-0.479144458,-0.622629856,-0.072457002,-0.372853093,-0.566394381
9/22/2017,-0.570157677,-0.49018763,-0.622314276,-0.078572112,-0.385744814,-0.567463307
9/23/2017,-0.570157677,-0.49018763,-0.622314276,-0.078572112,-0.385744814,-0.567463307
9/24/2017,-0.570157677,-0.49018763,-0.622314276,-0.078572112,-0.385744814,-0.567463307
9/25/2017,-0.570157677,-0.49018763,-0.622314276,-0.078572112,-0.385744814,-0.567463307
9/26/2017,-0.570157677,-0.49018763,-0.622314276,-0.078572112,-0.385744814,-0.567463307
9/27/2017,-0.570157677,-0.49018763,-0.622314276,-0.078572112,-0.385744814,-0.567463307
9/28/2017,-0.570157677,-0.49018763,-0.622314276,-0.078572112,-0.385744814,-0.567463307
9/29/2017,-0.575637632,-0.503125056,-0.622529365,-0.085883624,-0.402312484,-0.568253027
9/30/2017,-0.575637632,-0.503125056,-0.622529365,-0.085883624,-0.402312484,-0.568253027
10/1/2017,-0.575637632,-0.503125056,-0.622529365,-0.085883624,-0.402312484,-0.568253027
10/2/2017,-0.575637632,-0.503125056,-0.622529365,-0.085883624,-0.402312484,-0.568253027
10/3/2017,-0.575637632,-0.503125056,-0.622529365,-0.085883624,-0.402312484,-0.568253027
10/4/2017,-0.575637632,-0.503125056,-0.622529365,-0.085883624,-0.402312484,-0.568253027
10/5/2017,-0.575637632,-0.503125056,-0.622529365,-0.085883624,-0.402312484,-0.568253027
10/6/2017,-0.582507162,-0.518799368,-0.624258632,-0.093579293,-0.421505271,-0.568705366
10/7/2017,-0.582507162,-0.518799368,-0.624258632,-0.093579293,-0.421505271,-0.568705366
10/8/2017,-0.582507162,-0.518799368,-0.624258632,-0.093579293,-0.421505271,-0.568705366
10/9/2017,-0.582507162,-0.518799368,-0.624258632,-0.093579293,-0.421505271,-0.568705366
10/10/2017,-0.582507162,-0.518799368,-0.624258632,-0.093579293,-0.421505271,-0.568705366
10/11/2017,-0.582507162,-0.518799368,-0.624258632,-0.093579293,-0.421505271,-0.568705366
10/12/2017,-0.582507162,-0.518799368,-0.624258632,-0.093579293,-0.421505271,-0.568705366
10/13/2017,-0.589559189,-0.53571403,-0.62706514,-0.10059812,-0.442287789,-0.568751645
10/14/2017,-0.589559189,-0.53571403,-0.62706514,-0.10059812,-0.442287789,-0.568751645
10/15/2017,-0.589559189,-0.53571403,-0.62706514,-0.10059812,-0.442287789,-0.568751645
10/16/2017,-0.589559189,-0.53571403,-0.62706514,-0.10059812,-0.442287789,-0.568751645
10/17/2017,-0.589559189,-0.53571403,-0.62706514,-0.10059812,-0.442287789,-0.568751645
10/18/2017,-0.589559189,-0.53571403,-0.62706514,-0.10059812,-0.442287789,-0.568751645
10/19/2017,-0.589559189,-0.53571403,-0.62706514,-0.10059812,-0.442287789,-0.568751645
10/20/2017,-0.59633508,-0.554113326,-0.631130839,-0.105767813,-0.463947664,-0.568335399
10/21/2017,-0.59633508,-0.554113326,-0.631130839,-0.105767813,-0.463947664,-0.568335399
10/22/2017,-0.59633508,-0.554113326,-0.631130839,-0.105767813,-0.463947664,-0.568335399
10/23/2017,-0.59633508,-0.554113326,-0.631130839,-0.105767813,-0.463947664,-0.568335399
10/24/2017,-0.59633508,-0.554113326,-0.631130839,-0.105767813,-0.463947664,-0.568335399
10/25/2017,-0.59633508,-0.554113326,-0.631130839,-0.105767813,-0.463947664,-0.568335399
10/26/2017,-0.59633508,-0.554113326,-0.631130839,-0.105767813,-0.463947664,-0.568335399
10/27/2017,-0.601603271,-0.572034311,-0.635727397,-0.10858981,-0.485064367,-0.567401148
10/28/2017,-0.601603271,-0.572034311,-0.635727397,-0.10858981,-0.485064367,-0.567401148
10/29/2017,-0.601603271,-0.572034311,-0.635727397,-0.10858981,-0.485064367,-0.567401148
10/30/2017,-0.601603271,-0.572034311,-0.635727397,-0.10858981,-0.485064367,-0.567401148
10/31/2017,-0.601603271,-0.572034311,-0.635727397,-0.10858981,-0.485064367,-0.567401148
11/1/2017,-0.601603271,-0.572034311,-0.635727397,-0.10858981,-0.485064367,-0.567401148
11/2/2017,-0.601603271,-0.572034311,-0.635727397,-0.10858981,-0.485064367,-0.567401148
11/3/2017,-0.605670928,-0.589080033,-0.641395694,-0.108627699,-0.504912568,-0.565901812
11/4/2017,-0.605670928,-0.589080033,-0.641395694,-0.108627699,-0.504912568,-0.565901812
11/5/2017,-0.605670928,-0.589080033,-0.641395694,-0.108627699,-0.504912568,-0.565901812
11/6/2017,-0.605670928,-0.589080033,-0.641395694,-0.108627699,-0.504912568,-0.565901812
11/7/2017,-0.605670928,-0.589080033,-0.641395694,-0.108627699,-0.504912568,-0.565901812
11/8/2017,-0.605670928,-0.589080033,-0.641395694,-0.108627699,-0.504912568,-0.565901812
11/9/2017,-0.605670928,-0.589080033,-0.641395694,-0.108627699,-0.504912568,-0.565901812
11/10/2017,-0.607657065,-0.601091338,-0.646979356,-0.106343625,-0.522405457,-0.56380215
11/11/2017,-0.607657065,-0.601091338,-0.646979356,-0.106343625,-0.522405457,-0.56380215
11/12/2017,-0.607657065,-0.601091338,-0.646979356,-0.106343625,-0.522405457,-0.56380215
11/13/2017,-0.607657065,-0.601091338,-0.646979356,-0.106343625,-0.522405457,-0.56380215
11/14/2017,-0.607657065,-0.601091338,-0.646979356,-0.106343625,-0.522405457,-0.56380215
11/15/2017,-0.607657065,-0.601091338,-0.646979356,-0.106343625,-0.522405457,-0.56380215
11/16/2017,-0.607657065,-0.601091338,-0.646979356,-0.106343625,-0.522405457,-0.56380215
11/17/2017,-0.60862464,-0.608320278,-0.65212736,-0.102846843,-0.537482801,-0.561079644
11/18/2017,-0.60862464,-0.608320278,-0.65212736,-0.102846843,-0.537482801,-0.561079644
11/19/2017,-0.60862464,-0.608320278,-0.65212736,-0.102846843,-0.537482801,-0.561079644
11/20/2017,-0.60862464,-0.608320278,-0.65212736,-0.102846843,-0.537482801,-0.561079644
11/21/2017,-0.60862464,-0.608320278,-0.65212736,-0.102846843,-0.537482801,-0.561079644
11/22/2017,-0.60862464,-0.608320278,-0.65212736,-0.102846843,-0.537482801,-0.561079644
11/23/2017,-0.60862464,-0.608320278,-0.65212736,-0.102846843,-0.537482801,-0.561079644
11/24/2017,-0.609452827,-0.610957162,-0.657163204,-0.099232442,-0.549369885,-0.557725039
11/25/2017,-0.609452827,-0.610957162,-0.657163204,-0.099232442,-0.549369885,-0.557725039
11/26/2017,-0.609452827,-0.610957162,-0.657163204,-0.099232442,-0.549369885,-0.557725039
11/27/2017,-0.609452827,-0.610957162,-0.657163204,-0.099232442,-0.549369885,-0.557725039
11/28/2017,-0.609452827,-0.610957162,-0.657163204,-0.099232442,-0.549369885,-0.557725039
11/29/2017,-0.609452827,-0.610957162,-0.657163204,-0.099232442,-0.549369885,-0.557725039
11/30/2017,-0.609452827,-0.610957162,-0.657163204,-0.099232442,-0.549369885,-0.557725039
12/1/2017,-0.610502275,-0.61159155,-0.6619572,-0.096285578,-0.558028156,-0.553743955
12/2/2017,-0.610502275,-0.61159155,-0.6619572,-0.096285578,-0.558028156,-0.553743955
12/3/2017,-0.610502275,-0.61159155,-0.6619572,-0.096285578,-0.558028156,-0.553743955
12/4/2017,-0.610502275,-0.61159155,-0.6619572,-0.096285578,-0.558028156,-0.553743955
12/5/2017,-0.610502275,-0.61159155,-0.6619572,-0.096285578,-0.558028156,-0.553743955
12/6/2017,-0.610502275,-0.61159155,-0.6619572,-0.096285578,-0.558028156,-0.553743955
12/7/2017,-0.610502275,-0.61159155,-0.6619572,-0.096285578,-0.558028156,-0.553743955
12/8/2017,-0.611769458,-0.61179589,-0.666324788,-0.094631925,-0.563370657,-0.549155907
12/9/2017,-0.611769458,-0.61179589,-0.666324788,-0.094631925,-0.563370657,-0.549155907
12/10/2017,-0.611769458,-0.61179589,-0.666324788,-0.094631925,-0.563370657,-0.549155907
12/11/2017,-0.611769458,-0.61179589,-0.666324788,-0.094631925,-0.563370657,-0.549155907
12/12/2017,-0.611769458,-0.61179589,-0.666324788,-0.094631925,-0.563370657,-0.549155907
12/13/2017,-0.611769458,-0.61179589,-0.666324788,-0.094631925,-0.563370657,-0.549155907
12/14/2017,-0.611769458,-0.61179589,-0.666324788,-0.094631925,-0.563370657,-0.549155907
12/15/2017,-0.614483429,-0.614226789,-0.670615389,-0.095069227,-0.565885579,-0.543994461
12/16/2017,-0.614483429,-0.614226789,-0.670615389,-0.095069227,-0.565885579,-0.543994461
12/17/2017,-0.614483429,-0.614226789,-0.670615389,-0.095069227,-0.565885579,-0.543994461
12/18/2017,-0.614483429,-0.614226789,-0.670615389,-0.095069227,-0.565885579,-0.543994461
12/19/2017,-0.614483429,-0.614226789,-0.670615389,-0.095069227,-0.565885579,-0.543994461
12/20/2017,-0.614483429,-0.614226789,-0.670615389,-0.095069227,-0.565885579,-0.543994461
12/21/2017,-0.614483429,-0.614226789,-0.670615389,-0.095069227,-0.565885579,-0.543994461
12/22/2017,-0.618285454,-0.620149757,-0.674593464,-0.097246945,-0.56646495,-0.538306797
12/23/2017,-0.618285454,-0.620149757,-0.674593464,-0.097246945,-0.56646495,-0.538306797
12/24/2017,-0.618285454,-0.620149757,-0.674593464,-0.097246945,-0.56646495,-0.538306797
12/25/2017,-0.618285454,-0.620149757,-0.674593464,-0.097246945,-0.56646495,-0.538306797
12/26/2017,-0.618285454,-0.620149757,-0.674593464,-0.097246945,-0.56646495,-0.538306797
12/27/2017,-0.618285454,-0.620149757,-0.674593464,-0.097246945,-0.56646495,-0.538306797
12/28/2017,-0.618285454,-0.620149757,-0.674593464,-0.097246945,-0.56646495,-0.538306797
12/29/2017,-0.621873614,-0.628223486,-0.676892849,-0.100740793,-0.566162604,-0.53215079
12/30/2017,-0.621873614,-0.628223486,-0.676892849,-0.100740793,-0.566162604,-0.53215079
12/31/2017,-0.621873614,-0.628223486,-0.676892849,-0.100740793,-0.566162604,-0.53215079
1/1/2018,-0.621873614,-0.628223486,-0.676892849,-0.100740793,-0.566162604,-0.53215079
1/2/2018,-0.621873614,-0.628223486,-0.676892849,-0.100740793,-0.566162604,-0.53215079
1/3/2018,-0.621873614,-0.628223486,-0.676892849,-0.100740793,-0.566162604,-0.53215079
1/4/2018,-0.621873614,-0.628223486,-0.676892849,-0.100740793,-0.566162604,-0.53215079
1/5/2018,-0.625442406,-0.634656732,-0.677009187,-0.105205749,-0.56647502,-0.525586619
1/6/2018,-0.625442406,-0.634656732,-0.677009187,-0.105205749,-0.56647502,-0.525586619
1/7/2018,-0.625442406,-0.634656732,-0.677009187,-0.105205749,-0.56647502,-0.525586619
1/8/2018,-0.625442406,-0.634656732,-0.677009187,-0.105205749,-0.56647502,-0.525586619
1/9/2018,-0.625442406,-0.634656732,-0.677009187,-0.105205749,-0.56647502,-0.525586619
1/10/2018,-0.625442406,-0.634656732,-0.677009187,-0.105205749,-0.56647502,-0.525586619
1/11/2018,-0.625442406,-0.634656732,-0.677009187,-0.105205749,-0.56647502,-0.525586619
1/12/2018,-0.625276637,-0.63419334,-0.672206321,-0.108888546,-0.568994671,-0.518690116
1/13/2018,-0.625276637,-0.63419334,-0.672206321,-0.108888546,-0.568994671,-0.518690116
1/14/2018,-0.625276637,-0.63419334,-0.672206321,-0.108888546,-0.568994671,-0.518690116
1/15/2018,-0.625276637,-0.63419334,-0.672206321,-0.108888546,-0.568994671,-0.518690116
1/16/2018,-0.625276637,-0.63419334,-0.672206321,-0.108888546,-0.568994671,-0.518690116
1/17/2018,-0.625276637,-0.63419334,-0.672206321,-0.108888546,-0.568994671,-0.518690116
1/18/2018,-0.625276637,-0.63419334,-0.672206321,-0.108888546,-0.568994671,-0.518690116
1/19/2018,-0.620605131,-0.625063033,-0.662317374,-0.11056202,-0.574860455,-0.511526102
1/20/2018,-0.620605131,-0.625063033,-0.662317374,-0.11056202,-0.574860455,-0.511526102
1/21/2018,-0.620605131,-0.625063033,-0.662317374,-0.11056202,-0.574860455,-0.511526102
1/22/2018,-0.620605131,-0.625063033,-0.662317374,-0.11056202,-0.574860455,-0.511526102
1/23/2018,-0.620605131,-0.625063033,-0.662317374,-0.11056202,-0.574860455,-0.511526102
1/24/2018,-0.620605131,-0.625063033,-0.662317374,-0.11056202,-0.574860455,-0.511526102
1/25/2018,-0.620605131,-0.625063033,-0.662317374,-0.11056202,-0.574860455,-0.511526102
1/26/2018,-0.6114445,-0.607605331,-0.647562334,-0.109380595,-0.585216699,-0.504157037
1/27/2018,-0.6114445,-0.607605331,-0.647562334,-0.109380595,-0.585216699,-0.504157037
1/28/2018,-0.6114445,-0.607605331,-0.647562334,-0.109380595,-0.585216699,-0.504157037
1/29/2018,-0.6114445,-0.607605331,-0.647562334,-0.109380595,-0.585216699,-0.504157037
1/30/2018,-0.6114445,-0.607605331,-0.647562334,-0.109380595,-0.585216699,-0.504157037
1/31/2018,-0.6114445,-0.607605331,-0.647562334,-0.109380595,-0.585216699,-0.504157037
2/1/2018,-0.6114445,-0.607605331,-0.647562334,-0.109380595,-0.585216699,-0.504157037
2/2/2018,-0.597415992,-0.58414402,-0.628841656,-0.104316259,-0.600300037,-0.496639989
2/3/2018,-0.597415992,-0.58414402,-0.628841656,-0.104316259,-0.600300037,-0.496639989
2/4/2018,-0.597415992,-0.58414402,-0.628841656,-0.104316259,-0.600300037,-0.496639989
2/5/2018,-0.597415992,-0.58414402,-0.628841656,-0.104316259,-0.600300037,-0.496639989
2/6/2018,-0.597415992,-0.58414402,-0.628841656,-0.104316259,-0.600300037,-0.496639989
2/7/2018,-0.597415992,-0.58414402,-0.628841656,-0.104316259,-0.600300037,-0.496639989
2/8/2018,-0.597415992,-0.58414402,-0.628841656,-0.104316259,-0.600300037,-0.496639989
2/9/2018,-0.579434833,-0.558081464,-0.607198728,-0.095792325,-0.619579031,-0.48902588
2/10/2018,-0.579434833,-0.558081464,-0.607198728,-0.095792325,-0.619579031,-0.48902588
2/11/2018,-0.579434833,-0.558081464,-0.607198728,-0.095792325,-0.619579031,-0.48902588
2/12/2018,-0.579434833,-0.558081464,-0.607198728,-0.095792325,-0.619579031,-0.48902588
2/13/2018,-0.579434833,-0.558081464,-0.607198728,-0.095792325,-0.619579031,-0.48902588
2/14/2018,-0.579434833,-0.558081464,-0.607198728,-0.095792325,-0.619579031,-0.48902588
2/15/2018,-0.579434833,-0.558081464,-0.607198728,-0.095792325,-0.619579031,-0.48902588
2/16/2018,-0.563584638,-0.538184016,-0.587261848,-0.085227312,-0.643033736,-0.481360347
2/17/2018,-0.563584638,-0.538184016,-0.587261848,-0.085227312,-0.643033736,-0.481360347
2/18/2018,-0.563584638,-0.538184016,-0.587261848,-0.085227312,-0.643033736,-0.481360347
2/19/2018,-0.563584638,-0.538184016,-0.587261848,-0.085227312,-0.643033736,-0.481360347
2/20/2018,-0.563584638,-0.538184016,-0.587261848,-0.085227312,-0.643033736,-0.481360347
2/21/2018,-0.563584638,-0.538184016,-0.587261848,-0.085227312,-0.643033736,-0.481360347
2/22/2018,-0.563584638,-0.538184016,-0.587261848,-0.085227312,-0.643033736,-0.481360347
2/23/2018,-0.548658194,-0.521785718,-0.569026606,-0.073169663,-0.66859321,-0.473686184
2/24/2018,-0.548658194,-0.521785718,-0.569026606,-0.073169663,-0.66859321,-0.473686184
2/25/2018,-0.548658194,-0.521785718,-0.569026606,-0.073169663,-0.66859321,-0.473686184
2/26/2018,-0.548658194,-0.521785718,-0.569026606,-0.073169663,-0.66859321,-0.473686184
2/27/2018,-0.548658194,-0.521785718,-0.569026606,-0.073169663,-0.66859321,-0.473686184
2/28/2018,-0.548658194,-0.521785718,-0.569026606,-0.073169663,-0.66859321,-0.473686184
3/1/2018,-0.548658194,-0.521785718,-0.569026606,-0.073169663,-0.66859321,-0.473686184
3/2/2018,-0.53432871,-0.506334715,-0.552132837,-0.061007904,-0.694263278,-0.466044962
3/3/2018,-0.53432871,-0.506334715,-0.552132837,-0.061007904,-0.694263278,-0.466044962
3/4/2018,-0.53432871,-0.506334715,-0.552132837,-0.061007904,-0.694263278,-0.466044962
3/5/2018,-0.53432871,-0.506334715,-0.552132837,-0.061007904,-0.694263278,-0.466044962
3/6/2018,-0.53432871,-0.506334715,-0.552132837,-0.061007904,-0.694263278,-0.466044962
3/7/2018,-0.53432871,-0.506334715,-0.552132837,-0.061007904,-0.694263278,-0.466044962
3/8/2018,-0.53432871,-0.506334715,-0.552132837,-0.061007904,-0.694263278,-0.466044962
3/9/2018,-0.521269485,-0.489532764,-0.537835983,-0.049597524,-0.717805202,-0.45847864
3/10/2018,-0.521269485,-0.489532764,-0.537835983,-0.049597524,-0.717805202,-0.45847864
3/11/2018,-0.521269485,-0.489532764,-0.537835983,-0.049597524,-0.717805202,-0.45847864
3/12/2018,-0.521269485,-0.489532764,-0.537835983,-0.049597524,-0.717805202,-0.45847864
3/13/2018,-0.521269485,-0.489532764,-0.537835983,-0.049597524,-0.717805202,-0.45847864
3/14/2018,-0.521269485,-0.489532764,-0.537835983,-0.049597524,-0.717805202,-0.45847864
3/15/2018,-0.521269485,-0.489532764,-0.537835983,-0.049597524,-0.717805202,-0.45847864
3/16/2018,-0.510881033,-0.471600237,-0.527556884,-0.04022174,-0.73655582,-0.451031872
3/17/2018,-0.510881033,-0.471600237,-0.527556884,-0.04022174,-0.73655582,-0.451031872
3/18/2018,-0.510881033,-0.471600237,-0.527556884,-0.04022174,-0.73655582,-0.451031872
3/19/2018,-0.510881033,-0.471600237,-0.527556884,-0.04022174,-0.73655582,-0.451031872
3/20/2018,-0.510881033,-0.471600237,-0.527556884,-0.04022174,-0.73655582,-0.451031872
3/21/2018,-0.510881033,-0.471600237,-0.527556884,-0.04022174,-0.73655582,-0.451031872
3/22/2018,-0.510881033,-0.471600237,-0.527556884,-0.04022174,-0.73655582,-0.451031872
3/23/2018,-0.503465924,-0.453796211,-0.521402269,-0.033630459,-0.748618347,-0.443752448
3/24/2018,-0.503465924,-0.453796211,-0.521402269,-0.033630459,-0.748618347,-0.443752448
3/25/2018,-0.503465924,-0.453796211,-0.521402269,-0.033630459,-0.748618347,-0.443752448
3/26/2018,-0.503465924,-0.453796211,-0.521402269,-0.033630459,-0.748618347,-0.443752448
3/27/2018,-0.503465924,-0.453796211,-0.521402269,-0.033630459,-0.748618347,-0.443752448
3/28/2018,-0.503465924,-0.453796211,-0.521402269,-0.033630459,-0.748618347,-0.443752448
3/29/2018,-0.503465924,-0.453796211,-0.521402269,-0.033630459,-0.748618347,-0.443752448
3/30/2018,-0.501945071,-0.443026896,-0.521846173,-0.030670777,-0.751699579,-0.436691521
3/31/2018,-0.501945071,-0.443026896,-0.521846173,-0.030670777,-0.751699579,-0.436691521
4/1/2018,-0.501945071,-0.443026896,-0.521846173,-0.030670777,-0.751699579,-0.436691521
4/2/2018,-0.501945071,-0.443026896,-0.521846173,-0.030670777,-0.751699579,-0.436691521
4/3/2018,-0.501945071,-0.443026896,-0.521846173,-0.030670777,-0.751699579,-0.436691521
4/4/2018,-0.501945071,-0.443026896,-0.521846173,-0.030670777,-0.751699579,-0.436691521
4/5/2018,-0.501945071,-0.443026896,-0.521846173,-0.030670777,-0.751699579,-0.436691521
4/6/2018,-0.505657593,-0.440742762,-0.527835826,-0.031262049,-0.744668467,-0.42989939
4/7/2018,-0.505657593,-0.440742762,-0.527835826,-0.031262049,-0.744668467,-0.42989939
4/8/2018,-0.505657593,-0.440742762,-0.527835826,-0.031262049,-0.744668467,-0.42989939
4/9/2018,-0.505657593,-0.440742762,-0.527835826,-0.031262049,-0.744668467,-0.42989939
4/10/2018,-0.505657593,-0.440742762,-0.527835826,-0.031262049,-0.744668467,-0.42989939
4/11/2018,-0.505657593,-0.440742762,-0.527835826,-0.031262049,-0.744668467,-0.42989939
4/12/2018,-0.505657593,-0.440742762,-0.527835826,-0.031262049,-0.744668467,-0.42989939
4/13/2018,-0.515798358,-0.451597933,-0.540123295,-0.035146442,-0.72642662,-0.423434565
4/14/2018,-0.515798358,-0.451597933,-0.540123295,-0.035146442,-0.72642662,-0.423434565
4/15/2018,-0.515798358,-0.451597933,-0.540123295,-0.035146442,-0.72642662,-0.423434565
4/16/2018,-0.515798358,-0.451597933,-0.540123295,-0.035146442,-0.72642662,-0.423434565
4/17/2018,-0.515798358,-0.451597933,-0.540123295,-0.035146442,-0.72642662,-0.423434565
4/18/2018,-0.515798358,-0.451597933,-0.540123295,-0.035146442,-0.72642662,-0.423434565
4/19/2018,-0.515798358,-0.451597933,-0.540123295,-0.035146442,-0.72642662,-0.423434565
4/20/2018,-0.530120203,-0.471719327,-0.556783542,-0.041290364,-0.69625422,-0.417338731
4/21/2018,-0.530120203,-0.471719327,-0.556783542,-0.041290364,-0.69625422,-0.417338731
4/22/2018,-0.530120203,-0.471719327,-0.556783542,-0.041290364,-0.69625422,-0.417338731
4/23/2018,-0.530120203,-0.471719327,-0.556783542,-0.041290364,-0.69625422,-0.417338731
4/24/2018,-0.530120203,-0.471719327,-0.556783542,-0.041290364,-0.69625422,-0.417338731
4/25/2018,-0.530120203,-0.471719327,-0.556783542,-0.041290364,-0.69625422,-0.417338731
4/26/2018,-0.530120203,-0.471719327,-0.556783542,-0.041290364,-0.69625422,-0.417338731
4/27/2018,-0.543596181,-0.492058704,-0.574303517,-0.047779087,-0.653797878,-0.411649412
4/28/2018,-0.543596181,-0.492058704,-0.574303517,-0.047779087,-0.653797878,-0.411649412
4/29/2018,-0.543596181,-0.492058704,-0.574303517,-0.047779087,-0.653797878,-0.411649412
4/30/2018,-0.543596181,-0.492058704,-0.574303517,-0.047779087,-0.653797878,-0.411649412
5/1/2018,-0.543596181,-0.492058704,-0.574303517,-0.047779087,-0.653797878,-0.411649412
5/2/2018,-0.543596181,-0.492058704,-0.574303517,-0.047779087,-0.653797878,-0.411649412
5/3/2018,-0.543596181,-0.492058704,-0.574303517,-0.047779087,-0.653797878,-0.411649412
5/4/2018,-0.555506523,-0.509262693,-0.591277853,-0.054109159,-0.599908573,-0.406392425
5/5/2018,-0.555506523,-0.509262693,-0.591277853,-0.054109159,-0.599908573,-0.406392425
5/6/2018,-0.555506523,-0.509262693,-0.591277853,-0.054109159,-0.599908573,-0.406392425
5/7/2018,-0.555506523,-0.509262693,-0.591277853,-0.054109159,-0.599908573,-0.406392425
5/8/2018,-0.555506523,-0.509262693,-0.591277853,-0.054109159,-0.599908573,-0.406392425
5/9/2018,-0.555506523,-0.509262693,-0.591277853,-0.054109159,-0.599908573,-0.406392425
5/10/2018,-0.555506523,-0.509262693,-0.591277853,-0.054109159,-0.599908573,-0.406392425
5/11/2018,-0.564585863,-0.520711237,-0.60567248,-0.05965854,-0.536740697,-0.401580797
5/12/2018,-0.564585863,-0.520711237,-0.60567248,-0.05965854,-0.536740697,-0.401580797
5/13/2018,-0.564585863,-0.520711237,-0.60567248,-0.05965854,-0.536740697,-0.401580797
5/14/2018,-0.564585863,-0.520711237,-0.60567248,-0.05965854,-0.536740697,-0.401580797
5/15/2018,-0.564585863,-0.520711237,-0.60567248,-0.05965854,-0.536740697,-0.401580797
5/16/2018,-0.564585863,-0.520711237,-0.60567248,-0.05965854,-0.536740697,-0.401580797
5/17/2018,-0.564585863,-0.520711237,-0.60567248,-0.05965854,-0.536740697,-0.401580797
5/18/2018,-0.569334439,-0.525356348,-0.616048379,-0.063972247,-0.466239003,-0.397215549
5/19/2018,-0.569334439,-0.525356348,-0.616048379,-0.063972247,-0.466239003,-0.397215549
5/20/2018,-0.569334439,-0.525356348,-0.616048379,-0.063972247,-0.466239003,-0.397215549
5/21/2018,-0.569334439,-0.525356348,-0.616048379,-0.063972247,-0.466239003,-0.397215549
5/22/2018,-0.569334439,-0.525356348,-0.616048379,-0.063972247,-0.466239003,-0.397215549
5/23/2018,-0.569334439,-0.525356348,-0.616048379,-0.063972247,-0.466239003,-0.397215549
5/24/2018,-0.569334439,-0.525356348,-0.616048379,-0.063972247,-0.466239003,-0.397215549
5/25/2018,-0.568833824,-0.523613376,-0.621016602,-0.06673344,-0.391931212,-0.393286859
5/26/2018,-0.568833824,-0.523613376,-0.621016602,-0.06673344,-0.391931212,-0.393286859
5/27/2018,-0.568833824,-0.523613376,-0.621016602,-0.06673344,-0.391931212,-0.393286859
5/28/2018,-0.568833824,-0.523613376,-0.621016602,-0.06673344,-0.391931212,-0.393286859
5/29/2018,-0.568833824,-0.523613376,-0.621016602,-0.06673344,-0.391931212,-0.393286859
5/30/2018,-0.568833824,-0.523613376,-0.621016602,-0.06673344,-0.391931212,-0.393286859
5/31/2018,-0.568833824,-0.523613376,-0.621016602,-0.06673344,-0.391931212,-0.393286859
6/1/2018,-0.56380505,-0.518408851,-0.620845601,-0.068065548,-0.317410561,-0.38977463
6/2/2018,-0.56380505,-0.518408851,-0.620845601,-0.068065548,-0.317410561,-0.38977463
6/3/2018,-0.56380505,-0.518408851,-0.620845601,-0.068065548,-0.317410561,-0.38977463
6/4/2018,-0.56380505,-0.518408851,-0.620845601,-0.068065548,-0.317410561,-0.38977463
6/5/2018,-0.56380505,-0.518408851,-0.620845601,-0.068065548,-0.317410561,-0.38977463
6/6/2018,-0.56380505,-0.518408851,-0.620845601,-0.068065548,-0.317410561,-0.38977463
6/7/2018,-0.56380505,-0.518408851,-0.620845601,-0.068065548,-0.317410561,-0.38977463
6/8/2018,-0.557938378,-0.513024646,-0.618180666,-0.068598187,-0.246515017,-0.38665057
6/9/2018,-0.557938378,-0.513024646,-0.618180666,-0.068598187,-0.246515017,-0.38665057
6/10/2018,-0.557938378,-0.513024646,-0.618180666,-0.068598187,-0.246515017,-0.38665057
6/11/2018,-0.557938378,-0.513024646,-0.618180666,-0.068598187,-0.246515017,-0.38665057
6/12/2018,-0.557938378,-0.513024646,-0.618180666,-0.068598187,-0.246515017,-0.38665057
6/13/2018,-0.557938378,-0.513024646,-0.618180666,-0.068598187,-0.246515017,-0.38665057
6/14/2018,-0.557938378,-0.513024646,-0.618180666,-0.068598187,-0.246515017,-0.38665057
6/15/2018,-0.55104589,-0.506424874,-0.613967431,-0.068238996,-0.181586203,-0.383879583
6/16/2018,-0.55104589,-0.506424874,-0.613967431,-0.068238996,-0.181586203,-0.383879583
6/17/2018,-0.55104589,-0.506424874,-0.613967431,-0.068238996,-0.181586203,-0.383879583
6/18/2018,-0.55104589,-0.506424874,-0.613967431,-0.068238996,-0.181586203,-0.383879583
6/19/2018,-0.55104589,-0.506424874,-0.613967431,-0.068238996,-0.181586203,-0.383879583
6/20/2018,-0.55104589,-0.506424874,-0.613967431,-0.068238996,-0.181586203,-0.383879583
6/21/2018,-0.55104589,-0.506424874,-0.613967431,-0.068238996,-0.181586203,-0.383879583
6/22/2018,-0.545175344,-0.500427675,-0.610491149,-0.067485958,-0.124430204,-0.381421273
6/23/2018,-0.545175344,-0.500427675,-0.610491149,-0.067485958,-0.124430204,-0.381421273
6/24/2018,-0.545175344,-0.500427675,-0.610491149,-0.067485958,-0.124430204,-0.381421273
6/25/2018,-0.545175344,-0.500427675,-0.610491149,-0.067485958,-0.124430204,-0.381421273
6/26/2018,-0.545175344,-0.500427675,-0.610491149,-0.067485958,-0.124430204,-0.381421273
6/27/2018,-0.545175344,-0.500427675,-0.610491149,-0.067485958,-0.124430204,-0.381421273
6/28/2018,-0.545175344,-0.500427675,-0.610491149,-0.067485958,-0.124430204,-0.381421273
6/29/2018,-0.541978522,-0.496826161,-0.609190927,-0.06685378,-0.07650744,-0.379233357
6/30/2018,-0.541978522,-0.496826161,-0.609190927,-0.06685378,-0.07650744,-0.379233357
7/1/2018,-0.541978522,-0.496826161,-0.609190927,-0.06685378,-0.07650744,-0.379233357
7/2/2018,-0.541978522,-0.496826161,-0.609190927,-0.06685378,-0.07650744,-0.379233357
7/3/2018,-0.541978522,-0.496826161,-0.609190927,-0.06685378,-0.07650744,-0.379233357
7/4/2018,-0.541978522,-0.496826161,-0.609190927,-0.06685378,-0.07650744,-0.379233357
7/5/2018,-0.541978522,-0.496826161,-0.609190927,-0.06685378,-0.07650744,-0.379233357
7/6/2018,-0.543209711,-0.500545251,-0.612000022,-0.067078267,-0.037242107,-0.377272673
7/7/2018,-0.543209711,-0.500545251,-0.612000022,-0.067078267,-0.037242107,-0.377272673
7/8/2018,-0.543209711,-0.500545251,-0.612000022,-0.067078267,-0.037242107,-0.377272673
7/9/2018,-0.543209711,-0.500545251,-0.612000022,-0.067078267,-0.037242107,-0.377272673
7/10/2018,-0.543209711,-0.500545251,-0.612000022,-0.067078267,-0.037242107,-0.377272673
7/11/2018,-0.543209711,-0.500545251,-0.612000022,-0.067078267,-0.037242107,-0.377272673
7/12/2018,-0.543209711,-0.500545251,-0.612000022,-0.067078267,-0.037242107,-0.377272673
7/13/2018,-0.548678752,-0.511793516,-0.618771073,-0.068575437,-0.005480326,-0.375494426
7/14/2018,-0.548678752,-0.511793516,-0.618771073,-0.068575437,-0.005480326,-0.375494426
7/15/2018,-0.548678752,-0.511793516,-0.618771073,-0.068575437,-0.005480326,-0.375494426
7/16/2018,-0.548678752,-0.511793516,-0.618771073,-0.068575437,-0.005480326,-0.375494426
7/17/2018,-0.548678752,-0.511793516,-0.618771073,-0.068575437,-0.005480326,-0.375494426
7/18/2018,-0.548678752,-0.511793516,-0.618771073,-0.068575437,-0.005480326,-0.375494426
7/19/2018,-0.548678752,-0.511793516,-0.618771073,-0.068575437,-0.005480326,-0.375494426
7/20/2018,-0.556700505,-0.529295956,-0.628500642,-0.070931777,0.02045975,-0.37385695
7/21/2018,-0.556700505,-0.529295956,-0.628500642,-0.070931777,0.02045975,-0.37385695
7/22/2018,-0.556700505,-0.529295956,-0.628500642,-0.070931777,0.02045975,-0.37385695
7/23/2018,-0.556700505,-0.529295956,-0.628500642,-0.070931777,0.02045975,-0.37385695
7/24/2018,-0.556700505,-0.529295956,-0.628500642,-0.070931777,0.02045975,-0.37385695
7/25/2018,-0.556700505,-0.529295956,-0.628500642,-0.070931777,0.02045975,-0.37385695
7/26/2018,-0.556700505,-0.529295956,-0.628500642,-0.070931777,0.02045975,-0.37385695
7/27/2018,-0.565813677,-0.550360307,-0.640695451,-0.073528411,0.042619836,-0.372321786
7/28/2018,-0.565813677,-0.550360307,-0.640695451,-0.073528411,0.042619836,-0.372321786
7/29/2018,-0.565813677,-0.550360307,-0.640695451,-0.073528411,0.042619836,-0.372321786
7/30/2018,-0.565813677,-0.550360307,-0.640695451,-0.073528411,0.042619836,-0.372321786
7/31/2018,-0.565813677,-0.550360307,-0.640695451,-0.073528411,0.042619836,-0.372321786
8/1/2018,-0.565813677,-0.550360307,-0.640695451,-0.073528411,0.042619836,-0.372321786
8/2/2018,-0.565813677,-0.550360307,-0.640695451,-0.073528411,0.042619836,-0.372321786
8/3/2018,-0.574913776,-0.570179333,-0.653768129,-0.076377384,0.063153302,-0.370853367
8/4/2018,-0.574913776,-0.570179333,-0.653768129,-0.076377384,0.063153302,-0.370853367
8/5/2018,-0.574913776,-0.570179333,-0.653768129,-0.076377384,0.063153302,-0.370853367
8/6/2018,-0.574913776,-0.570179333,-0.653768129,-0.076377384,0.063153302,-0.370853367
8/7/2018,-0.574913776,-0.570179333,-0.653768129,-0.076377384,0.063153302,-0.370853367
8/8/2018,-0.574913776,-0.570179333,-0.653768129,-0.076377384,0.063153302,-0.370853367
8/9/2018,-0.574913776,-0.570179333,-0.653768129,-0.076377384,0.063153302,-0.370853367
8/10/2018,-0.583916092,-0.58527989,-0.666971406,-0.079487694,0.083567496,-0.369421946
8/11/2018,-0.583916092,-0.58527989,-0.666971406,-0.079487694,0.083567496,-0.369421946
8/12/2018,-0.583916092,-0.58527989,-0.666971406,-0.079487694,0.083567496,-0.369421946
8/13/2018,-0.583916092,-0.58527989,-0.666971406,-0.079487694,0.083567496,-0.369421946
8/14/2018,-0.583916092,-0.58527989,-0.666971406,-0.079487694,0.083567496,-0.369421946
8/15/2018,-0.583916092,-0.58527989,-0.666971406,-0.079487694,0.083567496,-0.369421946
8/16/2018,-0.583916092,-0.58527989,-0.666971406,-0.079487694,0.083567496,-0.369421946
8/17/2018,-0.590793082,-0.593288358,-0.678522306,-0.08221061,0.104969407,-0.368004222
8/18/2018,-0.590793082,-0.593288358,-0.678522306,-0.08221061,0.104969407,-0.368004222
8/19/2018,-0.590793082,-0.593288358,-0.678522306,-0.08221061,0.104969407,-0.368004222
8/20/2018,-0.590793082,-0.593288358,-0.678522306,-0.08221061,0.104969407,-0.368004222
8/21/2018,-0.590793082,-0.593288358,-0.678522306,-0.08221061,0.104969407,-0.368004222
8/22/2018,-0.590793082,-0.593288358,-0.678522306,-0.08221061,0.104969407,-0.368004222
8/23/2018,-0.590793082,-0.593288358,-0.678522306,-0.08221061,0.104969407,-0.368004222
8/24/2018,-0.59647142,-0.59732222,-0.688349117,-0.084961154,0.128070264,-0.366584107
8/25/2018,-0.59647142,-0.59732222,-0.688349117,-0.084961154,0.128070264,-0.366584107
8/26/2018,-0.59647142,-0.59732222,-0.688349117,-0.084961154,0.128070264,-0.366584107
8/27/2018,-0.59647142,-0.59732222,-0.688349117,-0.084961154,0.128070264,-0.366584107
8/28/2018,-0.59647142,-0.59732222,-0.688349117,-0.084961154,0.128070264,-0.366584107
8/29/2018,-0.59647142,-0.59732222,-0.688349117,-0.084961154,0.128070264,-0.366584107
8/30/2018,-0.59647142,-0.59732222,-0.688349117,-0.084961154,0.128070264,-0.366584107
8/31/2018,-0.600399329,-0.601196775,-0.695451,-0.087604806,0.152624397,-0.365153989
9/1/2018,-0.600399329,-0.601196775,-0.695451,-0.087604806,0.152624397,-0.365153989
9/2/2018,-0.600399329,-0.601196775,-0.695451,-0.087604806,0.152624397,-0.365153989
9/3/2018,-0.600399329,-0.601196775,-0.695451,-0.087604806,0.152624397,-0.365153989
9/4/2018,-0.600399329,-0.601196775,-0.695451,-0.087604806,0.152624397,-0.365153989
9/5/2018,-0.600399329,-0.601196775,-0.695451,-0.087604806,0.152624397,-0.365153989
9/6/2018,-0.600399329,-0.601196775,-0.695451,-0.087604806,0.152624397,-0.365153989
9/7/2018,-0.602457694,-0.607154655,-0.699587559,-0.090027227,0.178292855,-0.363715193
9/8/2018,-0.602457694,-0.607154655,-0.699587559,-0.090027227,0.178292855,-0.363715193
9/9/2018,-0.602457694,-0.607154655,-0.699587559,-0.090027227,0.178292855,-0.363715193
9/10/2018,-0.602457694,-0.607154655,-0.699587559,-0.090027227,0.178292855,-0.363715193
9/11/2018,-0.602457694,-0.607154655,-0.699587559,-0.090027227,0.178292855,-0.363715193
9/12/2018,-0.602457694,-0.607154655,-0.699587559,-0.090027227,0.178292855,-0.363715193
9/13/2018,-0.602457694,-0.607154655,-0.699587559,-0.090027227,0.178292855,-0.363715193
9/14/2018,-0.602665911,-0.615050168,-0.70059556,-0.092007094,0.203993975,-0.362278809
9/15/2018,-0.602665911,-0.615050168,-0.70059556,-0.092007094,0.203993975,-0.362278809
9/16/2018,-0.602665911,-0.615050168,-0.70059556,-0.092007094,0.203993975,-0.362278809
9/17/2018,-0.602665911,-0.615050168,-0.70059556,-0.092007094,0.203993975,-0.362278809
9/18/2018,-0.602665911,-0.615050168,-0.70059556,-0.092007094,0.203993975,-0.362278809
9/19/2018,-0.602665911,-0.615050168,-0.70059556,-0.092007094,0.203993975,-0.362278809
9/20/2018,-0.602665911,-0.615050168,-0.70059556,-0.092007094,0.203993975,-0.362278809
9/21/2018,-0.599880968,-0.621129056,-0.698123248,-0.092873969,0.22913391,-0.36086669
9/22/2018,-0.599880968,-0.621129056,-0.698123248,-0.092873969,0.22913391,-0.36086669
9/23/2018,-0.599880968,-0.621129056,-0.698123248,-0.092873969,0.22913391,-0.36086669
9/24/2018,-0.599880968,-0.621129056,-0.698123248,-0.092873969,0.22913391,-0.36086669
9/25/2018,-0.599880968,-0.621129056,-0.698123248,-0.092873969,0.22913391,-0.36086669
9/26/2018,-0.599880968,-0.621129056,-0.698123248,-0.092873969,0.22913391,-0.36086669
9/27/2018,-0.599880968,-0.621129056,-0.698123248,-0.092873969,0.22913391,-0.36086669
9/28/2018,-0.59530644,-0.621911563,-0.692290907,-0.092437575,0.251662073,-0.359510074
9/29/2018,-0.59530644,-0.621911563,-0.692290907,-0.092437575,0.251662073,-0.359510074
9/30/2018,-0.59530644,-0.621911563,-0.692290907,-0.092437575,0.251662073,-0.359510074
10/1/2018,-0.59530644,-0.621911563,-0.692290907,-0.092437575,0.251662073,-0.359510074
10/2/2018,-0.59530644,-0.621911563,-0.692290907,-0.092437575,0.251662073,-0.359510074
10/3/2018,-0.59530644,-0.621911563,-0.692290907,-0.092437575,0.251662073,-0.359510074
10/4/2018,-0.59530644,-0.621911563,-0.692290907,-0.092437575,0.251662073,-0.359510074
10/5/2018,-0.588331402,-0.616104246,-0.683082912,-0.090455333,0.27163153,-0.358246796
10/6/2018,-0.588331402,-0.616104246,-0.683082912,-0.090455333,0.27163153,-0.358246796
10/7/2018,-0.588331402,-0.616104246,-0.683082912,-0.090455333,0.27163153,-0.358246796
10/8/2018,-0.588331402,-0.616104246,-0.683082912,-0.090455333,0.27163153,-0.358246796
10/9/2018,-0.588331402,-0.616104246,-0.683082912,-0.090455333,0.27163153,-0.358246796
10/10/2018,-0.588331402,-0.616104246,-0.683082912,-0.090455333,0.27163153,-0.358246796
10/11/2018,-0.588331402,-0.616104246,-0.683082912,-0.090455333,0.27163153,-0.358246796
10/12/2018,-0.578031521,-0.602574527,-0.670326088,-0.086075633,0.28884263,-0.357127429
10/13/2018,-0.578031521,-0.602574527,-0.670326088,-0.086075633,0.28884263,-0.357127429
10/14/2018,-0.578031521,-0.602574527,-0.670326088,-0.086075633,0.28884263,-0.357127429
10/15/2018,-0.578031521,-0.602574527,-0.670326088,-0.086075633,0.28884263,-0.357127429
10/16/2018,-0.578031521,-0.602574527,-0.670326088,-0.086075633,0.28884263,-0.357127429
10/17/2018,-0.578031521,-0.602574527,-0.670326088,-0.086075633,0.28884263,-0.357127429
10/18/2018,-0.578031521,-0.602574527,-0.670326088,-0.086075633,0.28884263,-0.357127429
10/19/2018,-0.566517909,-0.588475742,-0.655911782,-0.079266027,0.303117358,-0.356201361
10/20/2018,-0.566517909,-0.588475742,-0.655911782,-0.079266027,0.303117358,-0.356201361
10/21/2018,-0.566517909,-0.588475742,-0.655911782,-0.079266027,0.303117358,-0.356201361
10/22/2018,-0.566517909,-0.588475742,-0.655911782,-0.079266027,0.303117358,-0.356201361
10/23/2018,-0.566517909,-0.588475742,-0.655911782,-0.079266027,0.303117358,-0.356201361
10/24/2018,-0.566517909,-0.588475742,-0.655911782,-0.079266027,0.303117358,-0.356201361
10/25/2018,-0.566517909,-0.588475742,-0.655911782,-0.079266027,0.303117358,-0.356201361
10/26/2018,-0.552685618,-0.57574419,-0.639526845,-0.069554741,0.314760655,-0.355521496
10/27/2018,-0.552685618,-0.57574419,-0.639526845,-0.069554741,0.314760655,-0.355521496
10/28/2018,-0.552685618,-0.57574419,-0.639526845,-0.069554741,0.314760655,-0.355521496
10/29/2018,-0.552685618,-0.57574419,-0.639526845,-0.069554741,0.314760655,-0.355521496
10/30/2018,-0.552685618,-0.57574419,-0.639526845,-0.069554741,0.314760655,-0.355521496
10/31/2018,-0.552685618,-0.57574419,-0.639526845,-0.069554741,0.314760655,-0.355521496
11/1/2018,-0.552685618,-0.57574419,-0.639526845,-0.069554741,0.314760655,-0.355521496
11/2/2018,-0.537130832,-0.566179627,-0.622156921,-0.056781271,0.323669593,-0.355141432
11/3/2018,-0.537130832,-0.566179627,-0.622156921,-0.056781271,0.323669593,-0.355141432
11/4/2018,-0.537130832,-0.566179627,-0.622156921,-0.056781271,0.323669593,-0.355141432
11/5/2018,-0.537130832,-0.566179627,-0.622156921,-0.056781271,0.323669593,-0.355141432
11/6/2018,-0.537130832,-0.566179627,-0.622156921,-0.056781271,0.323669593,-0.355141432
11/7/2018,-0.537130832,-0.566179627,-0.622156921,-0.056781271,0.323669593,-0.355141432
11/8/2018,-0.537130832,-0.566179627,-0.622156921,-0.056781271,0.323669593,-0.355141432
11/9/2018,-0.520801444,-0.557880594,-0.604911877,-0.041409978,0.329850337,-0.355113749
11/10/2018,-0.520801444,-0.557880594,-0.604911877,-0.041409978,0.329850337,-0.355113749
11/11/2018,-0.520801444,-0.557880594,-0.604911877,-0.041409978,0.329850337,-0.355113749
11/12/2018,-0.520801444,-0.557880594,-0.604911877,-0.041409978,0.329850337,-0.355113749
11/13/2018,-0.520801444,-0.557880594,-0.604911877,-0.041409978,0.329850337,-0.355113749
11/14/2018,-0.520801444,-0.557880594,-0.604911877,-0.041409978,0.329850337,-0.355113749
11/15/2018,-0.520801444,-0.557880594,-0.604911877,-0.041409978,0.329850337,-0.355113749
11/16/2018,-0.501063375,-0.542238477,-0.587373525,-0.022979493,0.333641962,-0.355488666
11/17/2018,-0.501063375,-0.542238477,-0.587373525,-0.022979493,0.333641962,-0.355488666
11/18/2018,-0.501063375,-0.542238477,-0.587373525,-0.022979493,0.333641962,-0.355488666
11/19/2018,-0.501063375,-0.542238477,-0.587373525,-0.022979493,0.333641962,-0.355488666
11/20/2018,-0.501063375,-0.542238477,-0.587373525,-0.022979493,0.333641962,-0.355488666
11/21/2018,-0.501063375,-0.542238477,-0.587373525,-0.022979493,0.333641962,-0.355488666
11/22/2018,-0.501063375,-0.542238477,-0.587373525,-0.022979493,0.333641962,-0.355488666
11/23/2018,-0.479553844,-0.517293622,-0.570142183,-0.003199884,0.334107946,-0.356313962
11/24/2018,-0.479553844,-0.517293622,-0.570142183,-0.003199884,0.334107946,-0.356313962
11/25/2018,-0.479553844,-0.517293622,-0.570142183,-0.003199884,0.334107946,-0.356313962
11/26/2018,-0.479553844,-0.517293622,-0.570142183,-0.003199884,0.334107946,-0.356313962
11/27/2018,-0.479553844,-0.517293622,-0.570142183,-0.003199884,0.334107946,-0.356313962
11/28/2018,-0.479553844,-0.517293622,-0.570142183,-0.003199884,0.334107946,-0.356313962
11/29/2018,-0.479553844,-0.517293622,-0.570142183,-0.003199884,0.334107946,-0.356313962
11/30/2018,-0.459121734,-0.485847862,-0.555113139,0.016057838,0.330188542,-0.357633978
12/1/2018,-0.459121734,-0.485847862,-0.555113139,0.016057838,0.330188542,-0.357633978
12/2/2018,-0.459121734,-0.485847862,-0.555113139,0.016057838,0.330188542,-0.357633978
12/3/2018,-0.459121734,-0.485847862,-0.555113139,0.016057838,0.330188542,-0.357633978
12/4/2018,-0.459121734,-0.485847862,-0.555113139,0.016057838,0.330188542,-0.357633978
12/5/2018,-0.459121734,-0.485847862,-0.555113139,0.016057838,0.330188542,-0.357633978
12/6/2018,-0.459121734,-0.485847862,-0.555113139,0.016057838,0.330188542,-0.357633978
12/7/2018,-0.439835911,-0.45149038,-0.542384045,0.033294984,0.321316505,-0.359489468
12/8/2018,-0.439835911,-0.45149038,-0.542384045,0.033294984,0.321316505,-0.359489468
12/9/2018,-0.439835911,-0.45149038,-0.542384045,0.033294984,0.321316505,-0.359489468
12/10/2018,-0.439835911,-0.45149038,-0.542384045,0.033294984,0.321316505,-0.359489468
12/11/2018,-0.439835911,-0.45149038,-0.542384045,0.033294984,0.321316505,-0.359489468
12/12/2018,-0.439835911,-0.45149038,-0.542384045,0.033294984,0.321316505,-0.359489468
12/13/2018,-0.439835911,-0.45149038,-0.542384045,0.033294984,0.321316505,-0.359489468
12/14/2018,-0.426328742,-0.426016487,-0.534436268,0.046219166,0.305787114,-0.361917663
12/15/2018,-0.426328742,-0.426016487,-0.534436268,0.046219166,0.305787114,-0.361917663
12/16/2018,-0.426328742,-0.426016487,-0.534436268,0.046219166,0.305787114,-0.361917663
12/17/2018,-0.426328742,-0.426016487,-0.534436268,0.046219166,0.305787114,-0.361917663
12/18/2018,-0.426328742,-0.426016487,-0.534436268,0.046219166,0.305787114,-0.361917663
12/19/2018,-0.426328742,-0.426016487,-0.534436268,0.046219166,0.305787114,-0.361917663
12/20/2018,-0.426328742,-0.426016487,-0.534436268,0.046219166,0.305787114,-0.361917663
12/21/2018,-0.420220621,-0.415015971,-0.532144323,0.053731105,0.282659536,-0.364951578
12/22/2018,-0.420220621,-0.415015971,-0.532144323,0.053731105,0.282659536,-0.364951578
12/23/2018,-0.420220621,-0.415015971,-0.532144323,0.053731105,0.282659536,-0.364951578
12/24/2018,-0.420220621,-0.415015971,-0.532144323,0.053731105,0.282659536,-0.364951578
12/25/2018,-0.420220621,-0.415015971,-0.532144323,0.053731105,0.282659536,-0.364951578
12/26/2018,-0.420220621,-0.415015971,-0.532144323,0.053731105,0.282659536,-0.364951578
12/27/2018,-0.420220621,-0.415015971,-0.532144323,0.053731105,0.282659536,-0.364951578
12/28/2018,-0.423593394,-0.420298804,-0.536070781,0.054370633,0.252105627,-0.368618601
12/29/2018,-0.423593394,-0.420298804,-0.536070781,0.054370633,0.252105627,-0.368618601
12/30/2018,-0.423593394,-0.420298804,-0.536070781,0.054370633,0.252105627,-0.368618601
12/31/2018,-0.423593394,-0.420298804,-0.536070781,0.054370633,0.252105627,-0.368618601
1/1/2019,-0.423593394,-0.420298804,-0.536070781,0.054370633,0.252105627,-0.368618601
1/2/2019,-0.423593394,-0.420298804,-0.536070781,0.054370633,0.252105627,-0.368618601
1/3/2019,-0.423593394,-0.420298804,-0.536070781,0.054370633,0.252105627,-0.368618601
1/4/2019,-0.436637722,-0.438908071,-0.547779723,0.048999534,0.215111001,-0.372944531
1/5/2019,-0.436637722,-0.438908071,-0.547779723,0.048999534,0.215111001,-0.372944531
1/6/2019,-0.436637722,-0.438908071,-0.547779723,0.048999534,0.215111001,-0.372944531
1/7/2019,-0.436637722,-0.438908071,-0.547779723,0.048999534,0.215111001,-0.372944531
1/8/2019,-0.436637722,-0.438908071,-0.547779723,0.048999534,0.215111001,-0.372944531
1/9/2019,-0.436637722,-0.438908071,-0.547779723,0.048999534,0.215111001,-0.372944531
1/10/2019,-0.436637722,-0.438908071,-0.547779723,0.048999534,0.215111001,-0.372944531
1/11/2019,-0.456700059,-0.460700379,-0.564340496,0.037889599,0.174021278,-0.377948537
1/12/2019,-0.456700059,-0.460700379,-0.564340496,0.037889599,0.174021278,-0.377948537
1/13/2019,-0.456700059,-0.460700379,-0.564340496,0.037889599,0.174021278,-0.377948537
1/14/2019,-0.456700059,-0.460700379,-0.564340496,0.037889599,0.174021278,-0.377948537
1/15/2019,-0.456700059,-0.460700379,-0.564340496,0.037889599,0.174021278,-0.377948537
1/16/2019,-0.456700059,-0.460700379,-0.564340496,0.037889599,0.174021278,-0.377948537
1/17/2019,-0.456700059,-0.460700379,-0.564340496,0.037889599,0.174021278,-0.377948537
1/18/2019,-0.480322038,-0.482352174,-0.58438411,0.023791478,0.13037386,-0.383642591
1/19/2019,-0.480322038,-0.482352174,-0.58438411,0.023791478,0.13037386,-0.383642591
1/20/2019,-0.480322038,-0.482352174,-0.58438411,0.023791478,0.13037386,-0.383642591
1/21/2019,-0.480322038,-0.482352174,-0.58438411,0.023791478,0.13037386,-0.383642591
1/22/2019,-0.480322038,-0.482352174,-0.58438411,0.023791478,0.13037386,-0.383642591
1/23/2019,-0.480322038,-0.482352174,-0.58438411,0.023791478,0.13037386,-0.383642591
1/24/2019,-0.480322038,-0.482352174,-0.58438411,0.023791478,0.13037386,-0.383642591
1/25/2019,-0.504730449,-0.500993327,-0.606174206,0.008344782,0.086955496,-0.39003372
1/26/2019,-0.504730449,-0.500993327,-0.606174206,0.008344782,0.086955496,-0.39003372
1/27/2019,-0.504730449,-0.500993327,-0.606174206,0.008344782,0.086955496,-0.39003372
1/28/2019,-0.504730449,-0.500993327,-0.606174206,0.008344782,0.086955496,-0.39003372
1/29/2019,-0.504730449,-0.500993327,-0.606174206,0.008344782,0.086955496,-0.39003372
1/30/2019,-0.504730449,-0.500993327,-0.606174206,0.008344782,0.086955496,-0.39003372
1/31/2019,-0.504730449,-0.500993327,-0.606174206,0.008344782,0.086955496,-0.39003372
2/1/2019,-0.528616131,-0.519004445,-0.628822421,-0.006645937,0.045354855,-0.397120729
2/2/2019,-0.528616131,-0.519004445,-0.628822421,-0.006645937,0.045354855,-0.397120729
2/3/2019,-0.528616131,-0.519004445,-0.628822421,-0.006645937,0.045354855,-0.397120729
2/4/2019,-0.528616131,-0.519004445,-0.628822421,-0.006645937,0.045354855,-0.397120729
2/5/2019,-0.528616131,-0.519004445,-0.628822421,-0.006645937,0.045354855,-0.397120729
2/6/2019,-0.528616131,-0.519004445,-0.628822421,-0.006645937,0.045354855,-0.397120729
2/7/2019,-0.528616131,-0.519004445,-0.628822421,-0.006645937,0.045354855,-0.397120729
2/8/2019,-0.549081424,-0.537224118,-0.650005919,-0.019679019,0.007250448,-0.404890182
2/9/2019,-0.549081424,-0.537224118,-0.650005919,-0.019679019,0.007250448,-0.404890182
2/10/2019,-0.549081424,-0.537224118,-0.650005919,-0.019679019,0.007250448,-0.404890182
2/11/2019,-0.549081424,-0.537224118,-0.650005919,-0.019679019,0.007250448,-0.404890182
2/12/2019,-0.549081424,-0.537224118,-0.650005919,-0.019679019,0.007250448,-0.404890182
2/13/2019,-0.549081424,-0.537224118,-0.650005919,-0.019679019,0.007250448,-0.404890182
2/14/2019,-0.549081424,-0.537224118,-0.650005919,-0.019679019,0.007250448,-0.404890182
2/15/2019,-0.566277394,-0.557027612,-0.669534407,-0.029867485,-0.026860436,-0.41331521
2/16/2019,-0.566277394,-0.557027612,-0.669534407,-0.029867485,-0.026860436,-0.41331521
2/17/2019,-0.566277394,-0.557027612,-0.669534407,-0.029867485,-0.026860436,-0.41331521
2/18/2019,-0.566277394,-0.557027612,-0.669534407,-0.029867485,-0.026860436,-0.41331521
2/19/2019,-0.566277394,-0.557027612,-0.669534407,-0.029867485,-0.026860436,-0.41331521
2/20/2019,-0.566277394,-0.557027612,-0.669534407,-0.029867485,-0.026860436,-0.41331521
2/21/2019,-0.566277394,-0.557027612,-0.669534407,-0.029867485,-0.026860436,-0.41331521
2/22/2019,-0.579517094,-0.575552736,-0.686081096,-0.037303932,-0.056306639,-0.422353171
2/23/2019,-0.579517094,-0.575552736,-0.686081096,-0.037303932,-0.056306639,-0.422353171
2/24/2019,-0.579517094,-0.575552736,-0.686081096,-0.037303932,-0.056306639,-0.422353171
2/25/2019,-0.579517094,-0.575552736,-0.686081096,-0.037303932,-0.056306639,-0.422353171
2/26/2019,-0.579517094,-0.575552736,-0.686081096,-0.037303932,-0.056306639,-0.422353171
2/27/2019,-0.579517094,-0.575552736,-0.686081096,-0.037303932,-0.056306639,-0.422353171
2/28/2019,-0.579517094,-0.575552736,-0.686081096,-0.037303932,-0.056306639,-0.422353171
3/1/2019,-0.588385683,-0.587853771,-0.698872779,-0.04209041,-0.081063325,-0.431942947
3/2/2019,-0.588385683,-0.587853771,-0.698872779,-0.04209041,-0.081063325,-0.431942947
3/3/2019,-0.588385683,-0.587853771,-0.698872779,-0.04209041,-0.081063325,-0.431942947
3/4/2019,-0.588385683,-0.587853771,-0.698872779,-0.04209041,-0.081063325,-0.431942947
3/5/2019,-0.588385683,-0.587853771,-0.698872779,-0.04209041,-0.081063325,-0.431942947
3/6/2019,-0.588385683,-0.587853771,-0.698872779,-0.04209041,-0.081063325,-0.431942947
3/7/2019,-0.588385683,-0.587853771,-0.698872779,-0.04209041,-0.081063325,-0.431942947
3/8/2019,-0.593555179,-0.591569701,-0.708260721,-0.044603663,-0.101361851,-0.442005011
3/9/2019,-0.593555179,-0.591569701,-0.708260721,-0.044603663,-0.101361851,-0.442005011
3/10/2019,-0.593555179,-0.591569701,-0.708260721,-0.044603663,-0.101361851,-0.442005011
3/11/2019,-0.593555179,-0.591569701,-0.708260721,-0.044603663,-0.101361851,-0.442005011
3/12/2019,-0.593555179,-0.591569701,-0.708260721,-0.044603663,-0.101361851,-0.442005011
3/13/2019,-0.593555179,-0.591569701,-0.708260721,-0.044603663,-0.101361851,-0.442005011
3/14/2019,-0.593555179,-0.591569701,-0.708260721,-0.044603663,-0.101361851,-0.442005011
3/15/2019,-0.597469375,-0.589956538,-0.714965582,-0.046327235,-0.11791206,-0.452439786
3/16/2019,-0.597469375,-0.589956538,-0.714965582,-0.046327235,-0.11791206,-0.452439786
3/17/2019,-0.597469375,-0.589956538,-0.714965582,-0.046327235,-0.11791206,-0.452439786
3/18/2019,-0.597469375,-0.589956538,-0.714965582,-0.046327235,-0.11791206,-0.452439786
3/19/2019,-0.597469375,-0.589956538,-0.714965582,-0.046327235,-0.11791206,-0.452439786
3/20/2019,-0.597469375,-0.589956538,-0.714965582,-0.046327235,-0.11791206,-0.452439786
3/21/2019,-0.597469375,-0.589956538,-0.714965582,-0.046327235,-0.11791206,-0.452439786
3/22/2019,-0.601415536,-0.587121034,-0.720476535,-0.047489451,-0.131113341,-0.463127931
3/23/2019,-0.601415536,-0.587121034,-0.720476535,-0.047489451,-0.131113341,-0.463127931
3/24/2019,-0.601415536,-0.587121034,-0.720476535,-0.047489451,-0.131113341,-0.463127931
3/25/2019,-0.601415536,-0.587121034,-0.720476535,-0.047489451,-0.131113341,-0.463127931
3/26/2019,-0.601415536,-0.587121034,-0.720476535,-0.047489451,-0.131113341,-0.463127931
3/27/2019,-0.601415536,-0.587121034,-0.720476535,-0.047489451,-0.131113341,-0.463127931
3/28/2019,-0.601415536,-0.587121034,-0.720476535,-0.047489451,-0.131113341,-0.463127931
3/29/2019,-0.604235065,-0.586731267,-0.723872977,-0.048578297,-0.140692703,-0.473935598
3/30/2019,-0.604235065,-0.586731267,-0.723872977,-0.048578297,-0.140692703,-0.473935598
3/31/2019,-0.604235065,-0.586731267,-0.723872977,-0.048578297,-0.140692703,-0.473935598
4/1/2019,-0.604235065,-0.586731267,-0.723872977,-0.048578297,-0.140692703,-0.473935598
4/2/2019,-0.604235065,-0.586731267,-0.723872977,-0.048578297,-0.140692703,-0.473935598
4/3/2019,-0.604235065,-0.586731267,-0.723872977,-0.048578297,-0.140692703,-0.473935598
4/4/2019,-0.604235065,-0.586731267,-0.723872977,-0.048578297,-0.140692703,-0.473935598
4/5/2019,-0.608416696,-0.59290975,-0.727216974,-0.049945209,-0.147091078,-0.484726785
4/6/2019,-0.608416696,-0.59290975,-0.727216974,-0.049945209,-0.147091078,-0.484726785
4/7/2019,-0.608416696,-0.59290975,-0.727216974,-0.049945209,-0.147091078,-0.484726785
4/8/2019,-0.608416696,-0.59290975,-0.727216974,-0.049945209,-0.147091078,-0.484726785
4/9/2019,-0.608416696,-0.59290975,-0.727216974,-0.049945209,-0.147091078,-0.484726785
4/10/2019,-0.608416696,-0.59290975,-0.727216974,-0.049945209,-0.147091078,-0.484726785
4/11/2019,-0.608416696,-0.59290975,-0.727216974,-0.049945209,-0.147091078,-0.484726785
4/12/2019,-0.611728728,-0.60307808,-0.729184933,-0.050972311,-0.150234853,-0.495342191
4/13/2019,-0.611728728,-0.60307808,-0.729184933,-0.050972311,-0.150234853,-0.495342191
4/14/2019,-0.611728728,-0.60307808,-0.729184933,-0.050972311,-0.150234853,-0.495342191
4/15/2019,-0.611728728,-0.60307808,-0.729184933,-0.050972311,-0.150234853,-0.495342191
4/16/2019,-0.611728728,-0.60307808,-0.729184933,-0.050972311,-0.150234853,-0.495342191
4/17/2019,-0.611728728,-0.60307808,-0.729184933,-0.050972311,-0.150234853,-0.495342191
4/18/2019,-0.611728728,-0.60307808,-0.729184933,-0.050972311,-0.150234853,-0.495342191
4/19/2019,-0.613681269,-0.612751904,-0.729937435,-0.051239087,-0.149986487,-0.505655342
4/20/2019,-0.613681269,-0.612751904,-0.729937435,-0.051239087,-0.149986487,-0.505655342
4/21/2019,-0.613681269,-0.612751904,-0.729937435,-0.051239087,-0.149986487,-0.505655342
4/22/2019,-0.613681269,-0.612751904,-0.729937435,-0.051239087,-0.149986487,-0.505655342
4/23/2019,-0.613681269,-0.612751904,-0.729937435,-0.051239087,-0.149986487,-0.505655342
4/24/2019,-0.613681269,-0.612751904,-0.729937435,-0.051239087,-0.149986487,-0.505655342
4/25/2019,-0.613681269,-0.612751904,-0.729937435,-0.051239087,-0.149986487,-0.505655342
4/26/2019,-0.612580226,-0.616453016,-0.728452101,-0.050160054,-0.14648362,-0.515550678
4/27/2019,-0.612580226,-0.616453016,-0.728452101,-0.050160054,-0.14648362,-0.515550678
4/28/2019,-0.612580226,-0.616453016,-0.728452101,-0.050160054,-0.14648362,-0.515550678
4/29/2019,-0.612580226,-0.616453016,-0.728452101,-0.050160054,-0.14648362,-0.515550678
4/30/2019,-0.612580226,-0.616453016,-0.728452101,-0.050160054,-0.14648362,-0.515550678
5/1/2019,-0.612580226,-0.616453016,-0.728452101,-0.050160054,-0.14648362,-0.515550678
5/2/2019,-0.612580226,-0.616453016,-0.728452101,-0.050160054,-0.14648362,-0.515550678
5/3/2019,-0.608969322,-0.613777263,-0.725117122,-0.047681399,-0.140179394,-0.524936628
5/4/2019,-0.608969322,-0.613777263,-0.725117122,-0.047681399,-0.140179394,-0.524936628
5/5/2019,-0.608969322,-0.613777263,-0.725117122,-0.047681399,-0.140179394,-0.524936628
5/6/2019,-0.608969322,-0.613777263,-0.725117122,-0.047681399,-0.140179394,-0.524936628
5/7/2019,-0.608969322,-0.613777263,-0.725117122,-0.047681399,-0.140179394,-0.524936628
5/8/2019,-0.608969322,-0.613777263,-0.725117122,-0.047681399,-0.140179394,-0.524936628
5/9/2019,-0.608969322,-0.613777263,-0.725117122,-0.047681399,-0.140179394,-0.524936628
5/10/2019,-0.601893423,-0.605024278,-0.719421429,-0.043737426,-0.131219075,-0.533750601
5/11/2019,-0.601893423,-0.605024278,-0.719421429,-0.043737426,-0.131219075,-0.533750601
5/12/2019,-0.601893423,-0.605024278,-0.719421429,-0.043737426,-0.131219075,-0.533750601
5/13/2019,-0.601893423,-0.605024278,-0.719421429,-0.043737426,-0.131219075,-0.533750601
5/14/2019,-0.601893423,-0.605024278,-0.719421429,-0.043737426,-0.131219075,-0.533750601
5/15/2019,-0.601893423,-0.605024278,-0.719421429,-0.043737426,-0.131219075,-0.533750601
5/16/2019,-0.601893423,-0.605024278,-0.719421429,-0.043737426,-0.131219075,-0.533750601
5/17/2019,-0.593407467,-0.595182107,-0.712486155,-0.039073019,-0.120577132,-0.54195922
5/18/2019,-0.593407467,-0.595182107,-0.712486155,-0.039073019,-0.120577132,-0.54195922
5/19/2019,-0.593407467,-0.595182107,-0.712486155,-0.039073019,-0.120577132,-0.54195922
5/20/2019,-0.593407467,-0.595182107,-0.712486155,-0.039073019,-0.120577132,-0.54195922
5/21/2019,-0.593407467,-0.595182107,-0.712486155,-0.039073019,-0.120577132,-0.54195922
5/22/2019,-0.593407467,-0.595182107,-0.712486155,-0.039073019,-0.120577132,-0.54195922
5/23/2019,-0.593407467,-0.595182107,-0.712486155,-0.039073019,-0.120577132,-0.54195922
5/24/2019,-0.585147246,-0.58797921,-0.705161427,-0.034630635,-0.108961545,-0.549556176
5/25/2019,-0.585147246,-0.58797921,-0.705161427,-0.034630635,-0.108961545,-0.549556176
5/26/2019,-0.585147246,-0.58797921,-0.705161427,-0.034630635,-0.108961545,-0.549556176
5/27/2019,-0.585147246,-0.58797921,-0.705161427,-0.034630635,-0.108961545,-0.549556176
5/28/2019,-0.585147246,-0.58797921,-0.705161427,-0.034630635,-0.108961545,-0.549556176
5/29/2019,-0.585147246,-0.58797921,-0.705161427,-0.034630635,-0.108961545,-0.549556176
5/30/2019,-0.585147246,-0.58797921,-0.705161427,-0.034630635,-0.108961545,-0.549556176
5/31/2019,-0.57700352,-0.58280124,-0.697674121,-0.030733252,-0.096523588,-0.556561563
6/1/2019,-0.57700352,-0.58280124,-0.697674121,-0.030733252,-0.096523588,-0.556561563
6/2/2019,-0.57700352,-0.58280124,-0.697674121,-0.030733252,-0.096523588,-0.556561563
6/3/2019,-0.57700352,-0.58280124,-0.697674121,-0.030733252,-0.096523588,-0.556561563
6/4/2019,-0.57700352,-0.58280124,-0.697674121,-0.030733252,-0.096523588,-0.556561563
6/5/2019,-0.57700352,-0.58280124,-0.697674121,-0.030733252,-0.096523588,-0.556561563
6/6/2019,-0.57700352,-0.58280124,-0.697674121,-0.030733252,-0.096523588,-0.556561563
6/7/2019,-0.571613264,-0.581112802,-0.692027023,-0.028083254,-0.084068294,-0.563017773
6/8/2019,-0.571613264,-0.581112802,-0.692027023,-0.028083254,-0.084068294,-0.563017773
6/9/2019,-0.571613264,-0.581112802,-0.692027023,-0.028083254,-0.084068294,-0.563017773
6/10/2019,-0.571613264,-0.581112802,-0.692027023,-0.028083254,-0.084068294,-0.563017773
6/11/2019,-0.571613264,-0.581112802,-0.692027023,-0.028083254,-0.084068294,-0.563017773
6/12/2019,-0.571613264,-0.581112802,-0.692027023,-0.028083254,-0.084068294,-0.563017773
6/13/2019,-0.571613264,-0.581112802,-0.692027023,-0.028083254,-0.084068294,-0.563017773
6/14/2019,-0.56949729,-0.579994423,-0.689196925,-0.026664981,-0.071727998,-0.568985677
6/15/2019,-0.56949729,-0.579994423,-0.689196925,-0.026664981,-0.071727998,-0.568985677
6/16/2019,-0.56949729,-0.579994423,-0.689196925,-0.026664981,-0.071727998,-0.568985677
6/17/2019,-0.56949729,-0.579994423,-0.689196925,-0.026664981,-0.071727998,-0.568985677
6/18/2019,-0.56949729,-0.579994423,-0.689196925,-0.026664981,-0.071727998,-0.568985677
6/19/2019,-0.56949729,-0.579994423,-0.689196925,-0.026664981,-0.071727998,-0.568985677
6/20/2019,-0.56949729,-0.579994423,-0.689196925,-0.026664981,-0.071727998,-0.568985677
6/21/2019,-0.569416736,-0.578184857,-0.689324689,-0.025787234,-0.058786835,-0.574540347
6/22/2019,-0.569416736,-0.578184857,-0.689324689,-0.025787234,-0.058786835,-0.574540347
6/23/2019,-0.569416736,-0.578184857,-0.689324689,-0.025787234,-0.058786835,-0.574540347
6/24/2019,-0.569416736,-0.578184857,-0.689324689,-0.025787234,-0.058786835,-0.574540347
6/25/2019,-0.569416736,-0.578184857,-0.689324689,-0.025787234,-0.058786835,-0.574540347
6/26/2019,-0.569416736,-0.578184857,-0.689324689,-0.025787234,-0.058786835,-0.574540347
6/27/2019,-0.569416736,-0.578184857,-0.689324689,-0.025787234,-0.058786835,-0.574540347
6/28/2019,-0.571808572,-0.577266416,-0.692387356,-0.024551582,-0.046756622,-0.579765526
6/29/2019,-0.571808572,-0.577266416,-0.692387356,-0.024551582,-0.046756622,-0.579765526
6/30/2019,-0.571808572,-0.577266416,-0.692387356,-0.024551582,-0.046756622,-0.579765526
7/1/2019,-0.571808572,-0.577266416,-0.692387356,-0.024551582,-0.046756622,-0.579765526
7/2/2019,-0.571808572,-0.577266416,-0.692387356,-0.024551582,-0.046756622,-0.579765526
7/3/2019,-0.571808572,-0.577266416,-0.692387356,-0.024551582,-0.046756622,-0.579765526
7/4/2019,-0.571808572,-0.577266416,-0.692387356,-0.024551582,-0.046756622,-0.579765526
7/5/2019,-0.575877902,-0.580151091,-0.698009213,-0.02284272,-0.034252402,-0.584744574
7/6/2019,-0.575877902,-0.580151091,-0.698009213,-0.02284272,-0.034252402,-0.584744574
7/7/2019,-0.575877902,-0.580151091,-0.698009213,-0.02284272,-0.034252402,-0.584744574
7/8/2019,-0.575877902,-0.580151091,-0.698009213,-0.02284272,-0.034252402,-0.584744574
7/9/2019,-0.575877902,-0.580151091,-0.698009213,-0.02284272,-0.034252402,-0.584744574
7/10/2019,-0.575877902,-0.580151091,-0.698009213,-0.02284272,-0.034252402,-0.584744574
7/11/2019,-0.575877902,-0.580151091,-0.698009213,-0.02284272,-0.034252402,-0.584744574
7/12/2019,-0.577888095,-0.583527213,-0.702644662,-0.019705041,-0.021286214,-0.589563632
7/13/2019,-0.577888095,-0.583527213,-0.702644662,-0.019705041,-0.021286214,-0.589563632
7/14/2019,-0.577888095,-0.583527213,-0.702644662,-0.019705041,-0.021286214,-0.589563632
7/15/2019,-0.577888095,-0.583527213,-0.702644662,-0.019705041,-0.021286214,-0.589563632
7/16/2019,-0.577888095,-0.583527213,-0.702644662,-0.019705041,-0.021286214,-0.589563632
7/17/2019,-0.577888095,-0.583527213,-0.702644662,-0.019705041,-0.021286214,-0.589563632
7/18/2019,-0.577888095,-0.583527213,-0.702644662,-0.019705041,-0.021286214,-0.589563632
7/19/2019,-0.577750534,-0.586389589,-0.705540666,-0.015052093,-0.007856459,-0.594299834
7/20/2019,-0.577750534,-0.586389589,-0.705540666,-0.015052093,-0.007856459,-0.594299834
7/21/2019,-0.577750534,-0.586389589,-0.705540666,-0.015052093,-0.007856459,-0.594299834
7/22/2019,-0.577750534,-0.586389589,-0.705540666,-0.015052093,-0.007856459,-0.594299834
7/23/2019,-0.577750534,-0.586389589,-0.705540666,-0.015052093,-0.007856459,-0.594299834
7/24/2019,-0.577750534,-0.586389589,-0.705540666,-0.015052093,-0.007856459,-0.594299834
7/25/2019,-0.577750534,-0.586389589,-0.705540666,-0.015052093,-0.007856459,-0.594299834
7/26/2019,-0.574473199,-0.585385276,-0.705250546,-0.008838665,0.005952386,-0.599018427
7/27/2019,-0.574473199,-0.585385276,-0.705250546,-0.008838665,0.005952386,-0.599018427
7/28/2019,-0.574473199,-0.585385276,-0.705250546,-0.008838665,0.005952386,-0.599018427
7/29/2019,-0.574473199,-0.585385276,-0.705250546,-0.008838665,0.005952386,-0.599018427
7/30/2019,-0.574473199,-0.585385276,-0.705250546,-0.008838665,0.005952386,-0.599018427
7/31/2019,-0.574473199,-0.585385276,-0.705250546,-0.008838665,0.005952386,-0.599018427
8/1/2019,-0.574473199,-0.585385276,-0.705250546,-0.008838665,0.005952386,-0.599018427
8/2/2019,-0.566710151,-0.57549009,-0.700924477,-0.000708363,0.020468932,-0.603771651
8/3/2019,-0.566710151,-0.57549009,-0.700924477,-0.000708363,0.020468932,-0.603771651
8/4/2019,-0.566710151,-0.57549009,-0.700924477,-0.000708363,0.020468932,-0.603771651
8/5/2019,-0.566710151,-0.57549009,-0.700924477,-0.000708363,0.020468932,-0.603771651
8/6/2019,-0.566710151,-0.57549009,-0.700924477,-0.000708363,0.020468932,-0.603771651
8/7/2019,-0.566710151,-0.57549009,-0.700924477,-0.000708363,0.020468932,-0.603771651
8/8/2019,-0.566710151,-0.57549009,-0.700924477,-0.000708363,0.020468932,-0.603771651
8/9/2019,-0.555830684,-0.560248818,-0.693426282,0.00850211,0.034706948,-0.608595933
8/10/2019,-0.555830684,-0.560248818,-0.693426282,0.00850211,0.034706948,-0.608595933
8/11/2019,-0.555830684,-0.560248818,-0.693426282,0.00850211,0.034706948,-0.608595933
8/12/2019,-0.555830684,-0.560248818,-0.693426282,0.00850211,0.034706948,-0.608595933
8/13/2019,-0.555830684,-0.560248818,-0.693426282,0.00850211,0.034706948,-0.608595933
8/14/2019,-0.555830684,-0.560248818,-0.693426282,0.00850211,0.034706948,-0.608595933
8/15/2019,-0.555830684,-0.560248818,-0.693426282,0.00850211,0.034706948,-0.608595933
8/16/2019,-0.544236669,-0.54316081,-0.683908768,0.017765704,0.048017398,-0.613511526
8/17/2019,-0.544236669,-0.54316081,-0.683908768,0.017765704,0.048017398,-0.613511526
8/18/2019,-0.544236669,-0.54316081,-0.683908768,0.017765704,0.048017398,-0.613511526
8/19/2019,-0.544236669,-0.54316081,-0.683908768,0.017765704,0.048017398,-0.613511526
8/20/2019,-0.544236669,-0.54316081,-0.683908768,0.017765704,0.048017398,-0.613511526
8/21/2019,-0.544236669,-0.54316081,-0.683908768,0.017765704,0.048017398,-0.613511526
8/22/2019,-0.544236669,-0.54316081,-0.683908768,0.017765704,0.048017398,-0.613511526
8/23/2019,-0.534013273,-0.533331306,-0.673989342,0.025615082,0.059955387,-0.618521993
8/24/2019,-0.534013273,-0.533331306,-0.673989342,0.025615082,0.059955387,-0.618521993
8/25/2019,-0.534013273,-0.533331306,-0.673989342,0.025615082,0.059955387,-0.618521993
8/26/2019,-0.534013273,-0.533331306,-0.673989342,0.025615082,0.059955387,-0.618521993
8/27/2019,-0.534013273,-0.533331306,-0.673989342,0.025615082,0.059955387,-0.618521993
8/28/2019,-0.534013273,-0.533331306,-0.673989342,0.025615082,0.059955387,-0.618521993
8/29/2019,-0.534013273,-0.533331306,-0.673989342,0.025615082,0.059955387,-0.618521993
8/30/2019,-0.524593857,-0.532936234,-0.663355049,0.031610194,0.069675291,-0.623614461
8/31/2019,-0.524593857,-0.532936234,-0.663355049,0.031610194,0.069675291,-0.623614461
9/1/2019,-0.524593857,-0.532936234,-0.663355049,0.031610194,0.069675291,-0.623614461
9/2/2019,-0.524593857,-0.532936234,-0.663355049,0.031610194,0.069675291,-0.623614461
9/3/2019,-0.524593857,-0.532936234,-0.663355049,0.031610194,0.069675291,-0.623614461
9/4/2019,-0.524593857,-0.532936234,-0.663355049,0.031610194,0.069675291,-0.623614461
9/5/2019,-0.524593857,-0.532936234,-0.663355049,0.031610194,0.069675291,-0.623614461
9/6/2019,-0.517710012,-0.543937146,-0.653751352,0.034216366,0.076746976,-0.628759235
9/7/2019,-0.517710012,-0.543937146,-0.653751352,0.034216366,0.076746976,-0.628759235
9/8/2019,-0.517710012,-0.543937146,-0.653751352,0.034216366,0.076746976,-0.628759235
9/9/2019,-0.517710012,-0.543937146,-0.653751352,0.034216366,0.076746976,-0.628759235
9/10/2019,-0.517710012,-0.543937146,-0.653751352,0.034216366,0.076746976,-0.628759235
9/11/2019,-0.517710012,-0.543937146,-0.653751352,0.034216366,0.076746976,-0.628759235
9/12/2019,-0.517710012,-0.543937146,-0.653751352,0.034216366,0.076746976,-0.628759235
9/13/2019,-0.512229367,-0.555837695,-0.644836196,0.033814802,0.080871985,-0.633909407
9/14/2019,-0.512229367,-0.555837695,-0.644836196,0.033814802,0.080871985,-0.633909407
9/15/2019,-0.512229367,-0.555837695,-0.644836196,0.033814802,0.080871985,-0.633909407
9/16/2019,-0.512229367,-0.555837695,-0.644836196,0.033814802,0.080871985,-0.633909407
9/17/2019,-0.512229367,-0.555837695,-0.644836196,0.033814802,0.080871985,-0.633909407
9/18/2019,-0.512229367,-0.555837695,-0.644836196,0.033814802,0.080871985,-0.633909407
9/19/2019,-0.512229367,-0.555837695,-0.644836196,0.033814802,0.080871985,-0.633909407
9/20/2019,-0.508073573,-0.563025355,-0.637861819,0.03074524,0.082102233,-0.639000957
9/21/2019,-0.508073573,-0.563025355,-0.637861819,0.03074524,0.082102233,-0.639000957
9/22/2019,-0.508073573,-0.563025355,-0.637861819,0.03074524,0.082102233,-0.639000957
9/23/2019,-0.508073573,-0.563025355,-0.637861819,0.03074524,0.082102233,-0.639000957
9/24/2019,-0.508073573,-0.563025355,-0.637861819,0.03074524,0.082102233,-0.639000957
9/25/2019,-0.508073573,-0.563025355,-0.637861819,0.03074524,0.082102233,-0.639000957
9/26/2019,-0.508073573,-0.563025355,-0.637861819,0.03074524,0.082102233,-0.639000957
9/27/2019,-0.507932035,-0.562379738,-0.635435929,0.025243726,0.080242256,-0.64395709
9/28/2019,-0.507932035,-0.562379738,-0.635435929,0.025243726,0.080242256,-0.64395709
9/29/2019,-0.507932035,-0.562379738,-0.635435929,0.025243726,0.080242256,-0.64395709
9/30/2019,-0.507932035,-0.562379738,-0.635435929,0.025243726,0.080242256,-0.64395709
10/1/2019,-0.507932035,-0.562379738,-0.635435929,0.025243726,0.080242256,-0.64395709
10/2/2019,-0.507932035,-0.562379738,-0.635435929,0.025243726,0.080242256,-0.64395709
10/3/2019,-0.507932035,-0.562379738,-0.635435929,0.025243726,0.080242256,-0.64395709
10/4/2019,-0.511362781,-0.554454108,-0.637310193,0.017800784,0.07605294,-0.648674975
10/5/2019,-0.511362781,-0.554454108,-0.637310193,0.017800784,0.07605294,-0.648674975
10/6/2019,-0.511362781,-0.554454108,-0.637310193,0.017800784,0.07605294,-0.648674975
10/7/2019,-0.511362781,-0.554454108,-0.637310193,0.017800784,0.07605294,-0.648674975
10/8/2019,-0.511362781,-0.554454108,-0.637310193,0.017800784,0.07605294,-0.648674975
10/9/2019,-0.511362781,-0.554454108,-0.637310193,0.017800784,0.07605294,-0.648674975
10/10/2019,-0.511362781,-0.554454108,-0.637310193,0.017800784,0.07605294,-0.648674975
10/11/2019,-0.519627675,-0.548018548,-0.644594654,0.009462239,0.069941992,-0.6530437
10/12/2019,-0.519627675,-0.548018548,-0.644594654,0.009462239,0.069941992,-0.6530437
10/13/2019,-0.519627675,-0.548018548,-0.644594654,0.009462239,0.069941992,-0.6530437
10/14/2019,-0.519627675,-0.548018548,-0.644594654,0.009462239,0.069941992,-0.6530437
10/15/2019,-0.519627675,-0.548018548,-0.644594654,0.009462239,0.069941992,-0.6530437
10/16/2019,-0.519627675,-0.548018548,-0.644594654,0.009462239,0.069941992,-0.6530437
10/17/2019,-0.519627675,-0.548018548,-0.644594654,0.009462239,0.069941992,-0.6530437
10/18/2019,-0.531993441,-0.552282883,-0.656133511,0.00088528,0.063342671,-0.656929129
10/19/2019,-0.531993441,-0.552282883,-0.656133511,0.00088528,0.063342671,-0.656929129
10/20/2019,-0.531993441,-0.552282883,-0.656133511,0.00088528,0.063342671,-0.656929129
10/21/2019,-0.531993441,-0.552282883,-0.656133511,0.00088528,0.063342671,-0.656929129
10/22/2019,-0.531993441,-0.552282883,-0.656133511,0.00088528,0.063342671,-0.656929129
10/23/2019,-0.531993441,-0.552282883,-0.656133511,0.00088528,0.063342671,-0.656929129
10/24/2019,-0.531993441,-0.552282883,-0.656133511,0.00088528,0.063342671,-0.656929129
10/25/2019,-0.545852754,-0.570121182,-0.66943995,-0.006806713,0.057853819,-0.660181483
10/26/2019,-0.545852754,-0.570121182,-0.66943995,-0.006806713,0.057853819,-0.660181483
10/27/2019,-0.545852754,-0.570121182,-0.66943995,-0.006806713,0.057853819,-0.660181483
10/28/2019,-0.545852754,-0.570121182,-0.66943995,-0.006806713,0.057853819,-0.660181483
10/29/2019,-0.545852754,-0.570121182,-0.66943995,-0.006806713,0.057853819,-0.660181483
10/30/2019,-0.545852754,-0.570121182,-0.66943995,-0.006806713,0.057853819,-0.660181483
10/31/2019,-0.545852754,-0.570121182,-0.66943995,-0.006806713,0.057853819,-0.660181483
11/1/2019,-0.557983054,-0.594348259,-0.681225076,-0.012611652,0.054864633,-0.662638271
11/2/2019,-0.557983054,-0.594348259,-0.681225076,-0.012611652,0.054864633,-0.662638271
11/3/2019,-0.557983054,-0.594348259,-0.681225076,-0.012611652,0.054864633,-0.662638271
11/4/2019,-0.557983054,-0.594348259,-0.681225076,-0.012611652,0.054864633,-0.662638271
11/5/2019,-0.557983054,-0.594348259,-0.681225076,-0.012611652,0.054864633,-0.662638271
11/6/2019,-0.557983054,-0.594348259,-0.681225076,-0.012611652,0.054864633,-0.662638271
11/7/2019,-0.557983054,-0.594348259,-0.681225076,-0.012611652,0.054864633,-0.662638271
11/8/2019,-0.567711702,-0.614960563,-0.689969421,-0.016562616,0.055232655,-0.664138957
11/9/2019,-0.567711702,-0.614960563,-0.689969421,-0.016562616,0.055232655,-0.664138957
11/10/2019,-0.567711702,-0.614960563,-0.689969421,-0.016562616,0.055232655,-0.664138957
11/11/2019,-0.567711702,-0.614960563,-0.689969421,-0.016562616,0.055232655,-0.664138957
11/12/2019,-0.567711702,-0.614960563,-0.689969421,-0.016562616,0.055232655,-0.664138957
11/13/2019,-0.567711702,-0.614960563,-0.689969421,-0.016562616,0.055232655,-0.664138957
11/14/2019,-0.567711702,-0.614960563,-0.689969421,-0.016562616,0.055232655,-0.664138957
11/15/2019,-0.57299905,-0.620685835,-0.694327991,-0.018400516,0.060277674,-0.664534509
11/16/2019,-0.57299905,-0.620685835,-0.694327991,-0.018400516,0.060277674,-0.664534509
11/17/2019,-0.57299905,-0.620685835,-0.694327991,-0.018400516,0.060277674,-0.664534509
11/18/2019,-0.57299905,-0.620685835,-0.694327991,-0.018400516,0.060277674,-0.664534509
11/19/2019,-0.57299905,-0.620685835,-0.694327991,-0.018400516,0.060277674,-0.664534509
11/20/2019,-0.57299905,-0.620685835,-0.694327991,-0.018400516,0.060277674,-0.664534509
11/21/2019,-0.57299905,-0.620685835,-0.694327991,-0.018400516,0.060277674,-0.664534509
11/22/2019,-0.573179331,-0.608074284,-0.693316231,-0.018965088,0.069986108,-0.663699832
11/23/2019,-0.573179331,-0.608074284,-0.693316231,-0.018965088,0.069986108,-0.663699832
11/24/2019,-0.573179331,-0.608074284,-0.693316231,-0.018965088,0.069986108,-0.663699832
11/25/2019,-0.573179331,-0.608074284,-0.693316231,-0.018965088,0.069986108,-0.663699832
11/26/2019,-0.573179331,-0.608074284,-0.693316231,-0.018965088,0.069986108,-0.663699832
11/27/2019,-0.573179331,-0.608074284,-0.693316231,-0.018965088,0.069986108,-0.663699832
11/28/2019,-0.573179331,-0.608074284,-0.693316231,-0.018965088,0.069986108,-0.663699832
11/29/2019,-0.56837938,-0.580941587,-0.6873778,-0.019334509,0.0844686,-0.66154891
11/30/2019,-0.56837938,-0.580941587,-0.6873778,-0.019334509,0.0844686,-0.66154891
12/1/2019,-0.56837938,-0.580941587,-0.6873778,-0.019334509,0.0844686,-0.66154891
12/2/2019,-0.56837938,-0.580941587,-0.6873778,-0.019334509,0.0844686,-0.66154891
12/3/2019,-0.56837938,-0.580941587,-0.6873778,-0.019334509,0.0844686,-0.66154891
12/4/2019,-0.56837938,-0.580941587,-0.6873778,-0.019334509,0.0844686,-0.66154891
12/5/2019,-0.56837938,-0.580941587,-0.6873778,-0.019334509,0.0844686,-0.66154891
12/6/2019,-0.559524483,-0.552126941,-0.6783373,-0.021011094,0.103643966,-0.658044517
12/7/2019,-0.559524483,-0.552126941,-0.6783373,-0.021011094,0.103643966,-0.658044517
12/8/2019,-0.559524483,-0.552126941,-0.6783373,-0.021011094,0.103643966,-0.658044517
12/9/2019,-0.559524483,-0.552126941,-0.6783373,-0.021011094,0.103643966,-0.658044517
12/10/2019,-0.559524483,-0.552126941,-0.6783373,-0.021011094,0.103643966,-0.658044517
12/11/2019,-0.559524483,-0.552126941,-0.6783373,-0.021011094,0.103643966,-0.658044517
12/12/2019,-0.559524483,-0.552126941,-0.6783373,-0.021011094,0.103643966,-0.658044517
12/13/2019,-0.552037952,-0.537537784,-0.671057375,-0.025492821,0.126742849,-0.653211719
12/14/2019,-0.552037952,-0.537537784,-0.671057375,-0.025492821,0.126742849,-0.653211719
12/15/2019,-0.552037952,-0.537537784,-0.671057375,-0.025492821,0.126742849,-0.653211719
12/16/2019,-0.552037952,-0.537537784,-0.671057375,-0.025492821,0.126742849,-0.653211719
12/17/2019,-0.552037952,-0.537537784,-0.671057375,-0.025492821,0.126742849,-0.653211719
12/18/2019,-0.552037952,-0.537537784,-0.671057375,-0.025492821,0.126742849,-0.653211719
12/19/2019,-0.552037952,-0.537537784,-0.671057375,-0.025492821,0.126742849,-0.653211719
12/20/2019,-0.548000528,-0.538425475,-0.668318894,-0.033688575,0.153825613,-0.647151512
12/21/2019,-0.548000528,-0.538425475,-0.668318894,-0.033688575,0.153825613,-0.647151512
12/22/2019,-0.548000528,-0.538425475,-0.668318894,-0.033688575,0.153825613,-0.647151512
12/23/2019,-0.548000528,-0.538425475,-0.668318894,-0.033688575,0.153825613,-0.647151512
12/24/2019,-0.548000528,-0.538425475,-0.668318894,-0.033688575,0.153825613,-0.647151512
12/25/2019,-0.548000528,-0.538425475,-0.668318894,-0.033688575,0.153825613,-0.647151512
12/26/2019,-0.548000528,-0.538425475,-0.668318894,-0.033688575,0.153825613,-0.647151512
12/27/2019,-0.552629334,-0.550804084,-0.673704639,-0.046313935,0.184296703,-0.640038648
12/28/2019,-0.552629334,-0.550804084,-0.673704639,-0.046313935,0.184296703,-0.640038648
12/29/2019,-0.552629334,-0.550804084,-0.673704639,-0.046313935,0.184296703,-0.640038648
12/30/2019,-0.552629334,-0.550804084,-0.673704639,-0.046313935,0.184296703,-0.640038648
12/31/2019,-0.552629334,-0.550804084,-0.673704639,-0.046313935,0.184296703,-0.640038648
1/1/2020,-0.552629334,-0.550804084,-0.673704639,-0.046313935,0.184296703,-0.640038648
1/2/2020,-0.552629334,-0.550804084,-0.673704639,-0.046313935,0.184296703,-0.640038648
1/3/2020,-0.565698456,-0.563562024,-0.68735831,-0.061865724,0.21871312,-0.632097988
1/4/2020,-0.565698456,-0.563562024,-0.68735831,-0.061865724,0.21871312,-0.632097988
1/5/2020,-0.565698456,-0.563562024,-0.68735831,-0.061865724,0.21871312,-0.632097988
1/6/2020,-0.565698456,-0.563562024,-0.68735831,-0.061865724,0.21871312,-0.632097988
1/7/2020,-0.565698456,-0.563562024,-0.68735831,-0.061865724,0.21871312,-0.632097988
1/8/2020,-0.565698456,-0.563562024,-0.68735831,-0.061865724,0.21871312,-0.632097988
1/9/2020,-0.565698456,-0.563562024,-0.68735831,-0.061865724,0.21871312,-0.632097988
1/10/2020,-0.585596928,-0.57066853,-0.706277121,-0.077734478,0.257019625,-0.623671945
1/11/2020,-0.585596928,-0.57066853,-0.706277121,-0.077734478,0.257019625,-0.623671945
1/12/2020,-0.585596928,-0.57066853,-0.706277121,-0.077734478,0.257019625,-0.623671945
1/13/2020,-0.585596928,-0.57066853,-0.706277121,-0.077734478,0.257019625,-0.623671945
1/14/2020,-0.585596928,-0.57066853,-0.706277121,-0.077734478,0.257019625,-0.623671945
1/15/2020,-0.585596928,-0.57066853,-0.706277121,-0.077734478,0.257019625,-0.623671945
1/16/2020,-0.585596928,-0.57066853,-0.706277121,-0.077734478,0.257019625,-0.623671945
1/17/2020,-0.607004173,-0.574916202,-0.723675578,-0.090511398,0.300406094,-0.615097478
1/18/2020,-0.607004173,-0.574916202,-0.723675578,-0.090511398,0.300406094,-0.615097478
1/19/2020,-0.607004173,-0.574916202,-0.723675578,-0.090511398,0.300406094,-0.615097478
1/20/2020,-0.607004173,-0.574916202,-0.723675578,-0.090511398,0.300406094,-0.615097478
1/21/2020,-0.607004173,-0.574916202,-0.723675578,-0.090511398,0.300406094,-0.615097478
1/22/2020,-0.607004173,-0.574916202,-0.723675578,-0.090511398,0.300406094,-0.615097478
1/23/2020,-0.607004173,-0.574916202,-0.723675578,-0.090511398,0.300406094,-0.615097478
1/24/2020,-0.620437059,-0.581988669,-0.729927176,-0.095053583,0.349689923,-0.606756396
1/25/2020,-0.620437059,-0.581988669,-0.729927176,-0.095053583,0.349689923,-0.606756396
1/26/2020,-0.620437059,-0.581988669,-0.729927176,-0.095053583,0.349689923,-0.606756396
1/27/2020,-0.620437059,-0.581988669,-0.729927176,-0.095053583,0.349689923,-0.606756396
1/28/2020,-0.620437059,-0.581988669,-0.729927176,-0.095053583,0.349689923,-0.606756396
1/29/2020,-0.620437059,-0.581988669,-0.729927176,-0.095053583,0.349689923,-0.606756396
1/30/2020,-0.620437059,-0.581988669,-0.729927176,-0.095053583,0.349689923,-0.606756396
1/31/2020,-0.618438391,-0.597766701,-0.717552818,-0.086154313,0.405226747,-0.59905705
2/1/2020,-0.618438391,-0.597766701,-0.717552818,-0.086154313,0.405226747,-0.59905705
2/2/2020,-0.618438391,-0.597766701,-0.717552818,-0.086154313,0.405226747,-0.59905705
2/3/2020,-0.618438391,-0.597766701,-0.717552818,-0.086154313,0.405226747,-0.59905705
2/4/2020,-0.618438391,-0.597766701,-0.717552818,-0.086154313,0.405226747,-0.59905705
2/5/2020,-0.618438391,-0.597766701,-0.717552818,-0.086154313,0.405226747,-0.59905705
2/6/2020,-0.618438391,-0.597766701,-0.717552818,-0.086154313,0.405226747,-0.59905705
2/7/2020,-0.592920411,-0.61569596,-0.679572142,-0.059508295,0.467648249,-0.592430889
2/8/2020,-0.592920411,-0.61569596,-0.679572142,-0.059508295,0.467648249,-0.592430889
2/9/2020,-0.592920411,-0.61569596,-0.679572142,-0.059508295,0.467648249,-0.592430889
2/10/2020,-0.592920411,-0.61569596,-0.679572142,-0.059508295,0.467648249,-0.592430889
2/11/2020,-0.592920411,-0.61569596,-0.679572142,-0.059508295,0.467648249,-0.592430889
2/12/2020,-0.592920411,-0.61569596,-0.679572142,-0.059508295,0.467648249,-0.592430889
2/13/2020,-0.592920411,-0.61569596,-0.679572142,-0.059508295,0.467648249,-0.592430889
2/14/2020,-0.533233568,-0.607554238,-0.609486428,-0.010694193,0.536825389,-0.587327449
2/15/2020,-0.533233568,-0.607554238,-0.609486428,-0.010694193,0.536825389,-0.587327449
2/16/2020,-0.533233568,-0.607554238,-0.609486428,-0.010694193,0.536825389,-0.587327449
2/17/2020,-0.533233568,-0.607554238,-0.609486428,-0.010694193,0.536825389,-0.587327449
2/18/2020,-0.533233568,-0.607554238,-0.609486428,-0.010694193,0.536825389,-0.587327449
2/19/2020,-0.533233568,-0.607554238,-0.609486428,-0.010694193,0.536825389,-0.587327449
2/20/2020,-0.533233568,-0.607554238,-0.609486428,-0.010694193,0.536825389,-0.587327449
2/21/2020,-0.432616109,-0.537344479,-0.504207387,0.061776598,0.610743434,-0.584221582
2/22/2020,-0.432616109,-0.537344479,-0.504207387,0.061776598,0.610743434,-0.584221582
2/23/2020,-0.432616109,-0.537344479,-0.504207387,0.061776598,0.610743434,-0.584221582
2/24/2020,-0.432616109,-0.537344479,-0.504207387,0.061776598,0.610743434,-0.584221582
2/25/2020,-0.432616109,-0.537344479,-0.504207387,0.061776598,0.610743434,-0.584221582
2/26/2020,-0.432616109,-0.537344479,-0.504207387,0.061776598,0.610743434,-0.584221582
2/27/2020,-0.432616109,-0.537344479,-0.504207387,0.061776598,0.610743434,-0.584221582
2/28/2020,-0.292415695,-0.384125238,-0.368092657,0.155545469,0.686628986,-0.583611778
2/29/2020,-0.292415695,-0.384125238,-0.368092657,0.155545469,0.686628986,-0.583611778
3/1/2020,-0.292415695,-0.384125238,-0.368092657,0.155545469,0.686628986,-0.583611778
3/2/2020,-0.292415695,-0.384125238,-0.368092657,0.155545469,0.686628986,-0.583611778
3/3/2020,-0.292415695,-0.384125238,-0.368092657,0.155545469,0.686628986,-0.583611778
3/4/2020,-0.292415695,-0.384125238,-0.368092657,0.155545469,0.686628986,-0.583611778
3/5/2020,-0.292415695,-0.384125238,-0.368092657,0.155545469,0.686628986,-0.583611778
3/6/2020,-0.129111397,-0.165173438,-0.217163757,0.263180878,0.760443832,-0.58602077
3/7/2020,-0.129111397,-0.165173438,-0.217163757,0.263180878,0.760443832,-0.58602077
3/8/2020,-0.129111397,-0.165173438,-0.217163757,0.263180878,0.760443832,-0.58602077
3/9/2020,-0.129111397,-0.165173438,-0.217163757,0.263180878,0.760443832,-0.58602077
3/10/2020,-0.129111397,-0.165173438,-0.217163757,0.263180878,0.760443832,-0.58602077
3/11/2020,-0.129111397,-0.165173438,-0.217163757,0.263180878,0.760443832,-0.58602077
3/12/2020,-0.129111397,-0.165173438,-0.217163757,0.263180878,0.760443832,-0.58602077
3/13/2020,0.039667353,0.085758542,-0.067692742,0.374862078,0.827113611,-0.59199991
3/14/2020,0.039667353,0.085758542,-0.067692742,0.374862078,0.827113611,-0.59199991
3/15/2020,0.039667353,0.085758542,-0.067692742,0.374862078,0.827113611,-0.59199991
3/16/2020,0.039667353,0.085758542,-0.067692742,0.374862078,0.827113611,-0.59199991
3/17/2020,0.039667353,0.085758542,-0.067692742,0.374862078,0.827113611,-0.59199991
3/18/2020,0.039667353,0.085758542,-0.067692742,0.374862078,0.827113611,-0.59199991
3/19/2020,0.039667353,0.085758542,-0.067692742,0.374862078,0.827113611,-0.59199991
3/20/2020,0.187276246,0.311040553,0.05695278,0.478283724,0.883001545,-0.602122321
3/21/2020,0.187276246,0.311040553,0.05695278,0.478283724,0.883001545,-0.602122321
3/22/2020,0.187276246,0.311040553,0.05695278,0.478283724,0.883001545,-0.602122321
3/23/2020,0.187276246,0.311040553,0.05695278,0.478283724,0.883001545,-0.602122321
3/24/2020,0.187276246,0.311040553,0.05695278,0.478283724,0.883001545,-0.602122321
3/25/2020,0.187276246,0.311040553,0.05695278,0.478283724,0.883001545,-0.602122321
3/26/2020,0.187276246,0.311040553,0.05695278,0.478283724,0.883001545,-0.602122321
3/27/2020,0.280764142,0.447253071,0.134481086,0.557569436,0.923374237,-0.616954406
3/28/2020,0.280764142,0.447253071,0.134481086,0.557569436,0.923374237,-0.616954406
3/29/2020,0.280764142,0.447253071,0.134481086,0.557569436,0.923374237,-0.616954406
3/30/2020,0.280764142,0.447253071,0.134481086,0.557569436,0.923374237,-0.616954406
3/31/2020,0.280764142,0.447253071,0.134481086,0.557569436,0.923374237,-0.616954406
4/1/2020,0.280764142,0.447253071,0.134481086,0.557569436,0.923374237,-0.616954406
4/2/2020,0.280764142,0.447253071,0.134481086,0.557569436,0.923374237,-0.616954406
4/3/2020,0.318981983,0.48568658,0.158069451,0.610089553,0.947376297,-0.637074841
4/4/2020,0.318981983,0.48568658,0.158069451,0.610089553,0.947376297,-0.637074841
4/5/2020,0.318981983,0.48568658,0.158069451,0.610089553,0.947376297,-0.637074841
4/6/2020,0.318981983,0.48568658,0.158069451,0.610089553,0.947376297,-0.637074841
4/7/2020,0.318981983,0.48568658,0.158069451,0.610089553,0.947376297,-0.637074841
4/8/2020,0.318981983,0.48568658,0.158069451,0.610089553,0.947376297,-0.637074841
4/9/2020,0.318981983,0.48568658,0.158069451,0.610089553,0.947376297,-0.637074841
4/10/2020,0.304748615,0.437615055,0.131396633,0.632775477,0.953772248,-0.663057178
4/11/2020,0.304748615,0.437615055,0.131396633,0.632775477,0.953772248,-0.663057178
4/12/2020,0.304748615,0.437615055,0.131396633,0.632775477,0.953772248,-0.663057178
4/13/2020,0.304748615,0.437615055,0.131396633,0.632775477,0.953772248,-0.663057178
4/14/2020,0.304748615,0.437615055,0.131396633,0.632775477,0.953772248,-0.663057178
4/15/2020,0.304748615,0.437615055,0.131396633,0.632775477,0.953772248,-0.663057178
4/16/2020,0.304748615,0.437615055,0.131396633,0.632775477,0.953772248,-0.663057178
4/17/2020,0.248046178,0.33989604,0.063780603,0.626173843,0.943601456,-0.695352534
4/18/2020,0.248046178,0.33989604,0.063780603,0.626173843,0.943601456,-0.695352534
4/19/2020,0.248046178,0.33989604,0.063780603,0.626173843,0.943601456,-0.695352534
4/20/2020,0.248046178,0.33989604,0.063780603,0.626173843,0.943601456,-0.695352534
4/21/2020,0.248046178,0.33989604,0.063780603,0.626173843,0.943601456,-0.695352534
4/22/2020,0.248046178,0.33989604,0.063780603,0.626173843,0.943601456,-0.695352534
4/23/2020,0.248046178,0.33989604,0.063780603,0.626173843,0.943601456,-0.695352534
4/24/2020,0.168630777,0.233631887,-0.028252515,0.597588253,0.916531471,-0.734350759
4/25/2020,0.168630777,0.233631887,-0.028252515,0.597588253,0.916531471,-0.734350759
4/26/2020,0.168630777,0.233631887,-0.028252515,0.597588253,0.916531471,-0.734350759
4/27/2020,0.168630777,0.233631887,-0.028252515,0.597588253,0.916531471,-0.734350759
4/28/2020,0.168630777,0.233631887,-0.028252515,0.597588253,0.916531471,-0.734350759
4/29/2020,0.168630777,0.233631887,-0.028252515,0.597588253,0.916531471,-0.734350759
4/30/2020,0.168630777,0.233631887,-0.028252515,0.597588253,0.916531471,-0.734350759
5/1/2020,0.070098867,0.126198039,-0.137920552,0.550698991,0.874355544,-0.780318159
5/2/2020,0.070098867,0.126198039,-0.137920552,0.550698991,0.874355544,-0.780318159
5/3/2020,0.070098867,0.126198039,-0.137920552,0.550698991,0.874355544,-0.780318159
5/4/2020,0.070098867,0.126198039,-0.137920552,0.550698991,0.874355544,-0.780318159
5/5/2020,0.070098867,0.126198039,-0.137920552,0.550698991,0.874355544,-0.780318159
5/6/2020,0.070098867,0.126198039,-0.137920552,0.550698991,0.874355544,-0.780318159
5/7/2020,0.070098867,0.126198039,-0.137920552,0.550698991,0.874355544,-0.780318159
5/8/2020,-0.03047262,0.019558162,-0.245302628,0.490790141,0.819245254,-0.833338632
5/9/2020,-0.03047262,0.019558162,-0.245302628,0.490790141,0.819245254,-0.833338632
5/10/2020,-0.03047262,0.019558162,-0.245302628,0.490790141,0.819245254,-0.833338632
5/11/2020,-0.03047262,0.019558162,-0.245302628,0.490790141,0.819245254,-0.833338632
5/12/2020,-0.03047262,0.019558162,-0.245302628,0.490790141,0.819245254,-0.833338632
5/13/2020,-0.03047262,0.019558162,-0.245302628,0.490790141,0.819245254,-0.833338632
5/14/2020,-0.03047262,0.019558162,-0.245302628,0.490790141,0.819245254,-0.833338632
5/15/2020,-0.121653551,-0.086398591,-0.339602587,0.426101722,0.753472183,-0.893297772
5/16/2020,-0.121653551,-0.086398591,-0.339602587,0.426101722,0.753472183,-0.893297772
5/17/2020,-0.121653551,-0.086398591,-0.339602587,0.426101722,0.753472183,-0.893297772
5/18/2020,-0.121653551,-0.086398591,-0.339602587,0.426101722,0.753472183,-0.893297772
5/19/2020,-0.121653551,-0.086398591,-0.339602587,0.426101722,0.753472183,-0.893297772
5/20/2020,-0.121653551,-0.086398591,-0.339602587,0.426101722,0.753472183,-0.893297772
5/21/2020,-0.121653551,-0.086398591,-0.339602587,0.426101722,0.753472183,-0.893297772
5/22/2020,-0.202164048,-0.203555062,-0.415090338,0.359545593,0.680142515,-0.959860595
5/23/2020,-0.202164048,-0.203555062,-0.415090338,0.359545593,0.680142515,-0.959860595
5/24/2020,-0.202164048,-0.203555062,-0.415090338,0.359545593,0.680142515,-0.959860595
5/25/2020,-0.202164048,-0.203555062,-0.415090338,0.359545593,0.680142515,-0.959860595
5/26/2020,-0.202164048,-0.203555062,-0.415090338,0.359545593,0.680142515,-0.959860595
5/27/2020,-0.202164048,-0.203555062,-0.415090338,0.359545593,0.680142515,-0.959860595
5/28/2020,-0.202164048,-0.203555062,-0.415090338,0.359545593,0.680142515,-0.959860595
5/29/2020,-0.266236414,-0.318395587,-0.46915815,0.297615491,0.603377539,-1.032439429
5/30/2020,-0.266236414,-0.318395587,-0.46915815,0.297615491,0.603377539,-1.032439429
5/31/2020,-0.266236414,-0.318395587,-0.46915815,0.297615491,0.603377539,-1.032439429
6/1/2020,-0.266236414,-0.318395587,-0.46915815,0.297615491,0.603377539,-1.032439429
6/2/2020,-0.266236414,-0.318395587,-0.46915815,0.297615491,0.603377539,-1.032439429
6/3/2020,-0.266236414,-0.318395587,-0.46915815,0.297615491,0.603377539,-1.032439429
6/4/2020,-0.266236414,-0.318395587,-0.46915815,0.297615491,0.603377539,-1.032439429
6/5/2020,-0.313051241,-0.412306015,-0.50290243,0.244136586,0.527118468,-1.110200283
6/6/2020,-0.313051241,-0.412306015,-0.50290243,0.244136586,0.527118468,-1.110200283
6/7/2020,-0.313051241,-0.412306015,-0.50290243,0.244136586,0.527118468,-1.110200283
6/8/2020,-0.313051241,-0.412306015,-0.50290243,0.244136586,0.527118468,-1.110200283
6/9/2020,-0.313051241,-0.412306015,-0.50290243,0.244136586,0.527118468,-1.110200283
6/10/2020,-0.313051241,-0.412306015,-0.50290243,0.244136586,0.527118468,-1.110200283
6/11/2020,-0.313051241,-0.412306015,-0.50290243,0.244136586,0.527118468,-1.110200283
6/12/2020,-0.342905689,-0.465155587,-0.521150128,0.201600496,0.456514924,-1.192047344
6/13/2020,-0.342905689,-0.465155587,-0.521150128,0.201600496,0.456514924,-1.192047344
6/14/2020,-0.342905689,-0.465155587,-0.521150128,0.201600496,0.456514924,-1.192047344
6/15/2020,-0.342905689,-0.465155587,-0.521150128,0.201600496,0.456514924,-1.192047344
6/16/2020,-0.342905689,-0.465155587,-0.521150128,0.201600496,0.456514924,-1.192047344
6/17/2020,-0.342905689,-0.465155587,-0.521150128,0.201600496,0.456514924,-1.192047344
6/18/2020,-0.342905689,-0.465155587,-0.521150128,0.201600496,0.456514924,-1.192047344
6/19/2020,-0.36547541,-0.484343453,-0.532177502,0.168173588,0.39392548,-1.276629533
6/20/2020,-0.36547541,-0.484343453,-0.532177502,0.168173588,0.39392548,-1.276629533
6/21/2020,-0.36547541,-0.484343453,-0.532177502,0.168173588,0.39392548,-1.276629533
6/22/2020,-0.36547541,-0.484343453,-0.532177502,0.168173588,0.39392548,-1.276629533
6/23/2020,-0.36547541,-0.484343453,-0.532177502,0.168173588,0.39392548,-1.276629533
6/24/2020,-0.36547541,-0.484343453,-0.532177502,0.168173588,0.39392548,-1.276629533
6/25/2020,-0.36547541,-0.484343453,-0.532177502,0.168173588,0.39392548,-1.276629533
6/26/2020,-0.383662324,-0.48244216,-0.541411148,0.142565736,0.343327007,-1.362399071
6/27/2020,-0.383662324,-0.48244216,-0.541411148,0.142565736,0.343327007,-1.362399071
6/28/2020,-0.383662324,-0.48244216,-0.541411148,0.142565736,0.343327007,-1.362399071
6/29/2020,-0.383662324,-0.48244216,-0.541411148,0.142565736,0.343327007,-1.362399071
6/30/2020,-0.383662324,-0.48244216,-0.541411148,0.142565736,0.343327007,-1.362399071
7/1/2020,-0.383662324,-0.48244216,-0.541411148,0.142565736,0.343327007,-1.362399071
7/2/2020,-0.383662324,-0.48244216,-0.541411148,0.142565736,0.343327007,-1.362399071
7/3/2020,-0.400825679,-0.480442827,-0.551628985,0.12194152,0.306118593,-1.447766042
7/4/2020,-0.400825679,-0.480442827,-0.551628985,0.12194152,0.306118593,-1.447766042
7/5/2020,-0.400825679,-0.480442827,-0.551628985,0.12194152,0.306118593,-1.447766042
7/6/2020,-0.400825679,-0.480442827,-0.551628985,0.12194152,0.306118593,-1.447766042
7/7/2020,-0.400825679,-0.480442827,-0.551628985,0.12194152,0.306118593,-1.447766042
7/8/2020,-0.400825679,-0.480442827,-0.551628985,0.12194152,0.306118593,-1.447766042
7/9/2020,-0.400825679,-0.480442827,-0.551628985,0.12194152,0.306118593,-1.447766042
7/10/2020,-0.419538327,-0.493016205,-0.564214806,0.103146436,0.282870583,-1.530835103
7/11/2020,-0.419538327,-0.493016205,-0.564214806,0.103146436,0.282870583,-1.530835103
7/12/2020,-0.419538327,-0.493016205,-0.564214806,0.103146436,0.282870583,-1.530835103
7/13/2020,-0.419538327,-0.493016205,-0.564214806,0.103146436,0.282870583,-1.530835103
7/14/2020,-0.419538327,-0.493016205,-0.564214806,0.103146436,0.282870583,-1.530835103
7/15/2020,-0.419538327,-0.493016205,-0.564214806,0.103146436,0.282870583,-1.530835103
7/16/2020,-0.419538327,-0.493016205,-0.564214806,0.103146436,0.282870583,-1.530835103
7/17/2020,-0.438539459,-0.517849863,-0.578572106,0.085295581,0.273349945,-1.610037011
7/18/2020,-0.438539459,-0.517849863,-0.578572106,0.085295581,0.273349945,-1.610037011
7/19/2020,-0.438539459,-0.517849863,-0.578572106,0.085295581,0.273349945,-1.610037011
7/20/2020,-0.438539459,-0.517849863,-0.578572106,0.085295581,0.273349945,-1.610037011
7/21/2020,-0.438539459,-0.517849863,-0.578572106,0.085295581,0.273349945,-1.610037011
7/22/2020,-0.438539459,-0.517849863,-0.578572106,0.085295581,0.273349945,-1.610037011
7/23/2020,-0.438539459,-0.517849863,-0.578572106,0.085295581,0.273349945,-1.610037011
7/24/2020,-0.457819809,-0.54773176,-0.594386139,0.067870852,0.276345647,-1.683889619
7/25/2020,-0.457819809,-0.54773176,-0.594386139,0.067870852,0.276345647,-1.683889619
7/26/2020,-0.457819809,-0.54773176,-0.594386139,0.067870852,0.276345647,-1.683889619
7/27/2020,-0.457819809,-0.54773176,-0.594386139,0.067870852,0.276345647,-1.683889619
7/28/2020,-0.457819809,-0.54773176,-0.594386139,0.067870852,0.276345647,-1.683889619
7/29/2020,-0.457819809,-0.54773176,-0.594386139,0.067870852,0.276345647,-1.683889619
7/30/2020,-0.457819809,-0.54773176,-0.594386139,0.067870852,0.276345647,-1.683889619
7/31/2020,-0.475619292,-0.568256256,-0.609035964,0.049936241,0.290199046,-1.751125247
8/1/2020,-0.475619292,-0.568256256,-0.609035964,0.049936241,0.290199046,-1.751125247
8/2/2020,-0.475619292,-0.568256256,-0.609035964,0.049936241,0.290199046,-1.751125247
8/3/2020,-0.475619292,-0.568256256,-0.609035964,0.049936241,0.290199046,-1.751125247
8/4/2020,-0.475619292,-0.568256256,-0.609035964,0.049936241,0.290199046,-1.751125247
8/5/2020,-0.475619292,-0.568256256,-0.609035964,0.049936241,0.290199046,-1.751125247
8/6/2020,-0.475619292,-0.568256256,-0.609035964,0.049936241,0.290199046,-1.751125247
8/7/2020,-0.489509513,-0.573648403,-0.62008285,0.033302206,0.312297983,-1.81074931
8/8/2020,-0.489509513,-0.573648403,-0.62008285,0.033302206,0.312297983,-1.81074931
8/9/2020,-0.489509513,-0.573648403,-0.62008285,0.033302206,0.312297983,-1.81074931
8/10/2020,-0.489509513,-0.573648403,-0.62008285,0.033302206,0.312297983,-1.81074931
8/11/2020,-0.489509513,-0.573648403,-0.62008285,0.033302206,0.312297983,-1.81074931
8/12/2020,-0.489509513,-0.573648403,-0.62008285,0.033302206,0.312297983,-1.81074931
8/13/2020,-0.489509513,-0.573648403,-0.62008285,0.033302206,0.312297983,-1.81074931
8/14/2020,-0.499937239,-0.575034437,-0.627864011,0.018655136,0.340297341,-1.862063259
8/15/2020,-0.499937239,-0.575034437,-0.627864011,0.018655136,0.340297341,-1.862063259
8/16/2020,-0.499937239,-0.575034437,-0.627864011,0.018655136,0.340297341,-1.862063259
8/17/2020,-0.499937239,-0.575034437,-0.627864011,0.018655136,0.340297341,-1.862063259
8/18/2020,-0.499937239,-0.575034437,-0.627864011,0.018655136,0.340297341,-1.862063259
8/19/2020,-0.499937239,-0.575034437,-0.627864011,0.018655136,0.340297341,-1.862063259
8/20/2020,-0.499937239,-0.575034437,-0.627864011,0.018655136,0.340297341,-1.862063259
8/21/2020,-0.506175707,-0.58534289,-0.631183201,0.006563507,0.372052344,-1.904647841
8/22/2020,-0.506175707,-0.58534289,-0.631183201,0.006563507,0.372052344,-1.904647841
8/23/2020,-0.506175707,-0.58534289,-0.631183201,0.006563507,0.372052344,-1.904647841
8/24/2020,-0.506175707,-0.58534289,-0.631183201,0.006563507,0.372052344,-1.904647841
8/25/2020,-0.506175707,-0.58534289,-0.631183201,0.006563507,0.372052344,-1.904647841
8/26/2020,-0.506175707,-0.58534289,-0.631183201,0.006563507,0.372052344,-1.904647841
8/27/2020,-0.506175707,-0.58534289,-0.631183201,0.006563507,0.372052344,-1.904647841
8/28/2020,-0.50819015,-0.610375747,-0.630355653,-0.001941531,0.405255626,-1.938371403
8/29/2020,-0.50819015,-0.610375747,-0.630355653,-0.001941531,0.405255626,-1.938371403
8/30/2020,-0.50819015,-0.610375747,-0.630355653,-0.001941531,0.405255626,-1.938371403
8/31/2020,-0.50819015,-0.610375747,-0.630355653,-0.001941531,0.405255626,-1.938371403
9/1/2020,-0.50819015,-0.610375747,-0.630355653,-0.001941531,0.405255626,-1.938371403
9/2/2020,-0.50819015,-0.610375747,-0.630355653,-0.001941531,0.405255626,-1.938371403
9/3/2020,-0.50819015,-0.610375747,-0.630355653,-0.001941531,0.405255626,-1.938371403
9/4/2020,-0.505903818,-0.649219499,-0.62594582,-0.006771502,0.438653519,-1.963371752
9/5/2020,-0.505903818,-0.649219499,-0.62594582,-0.006771502,0.438653519,-1.963371752
9/6/2020,-0.505903818,-0.649219499,-0.62594582,-0.006771502,0.438653519,-1.963371752
9/7/2020,-0.505903818,-0.649219499,-0.62594582,-0.006771502,0.438653519,-1.963371752
9/8/2020,-0.505903818,-0.649219499,-0.62594582,-0.006771502,0.438653519,-1.963371752
9/9/2020,-0.505903818,-0.649219499,-0.62594582,-0.006771502,0.438653519,-1.963371752
9/10/2020,-0.505903818,-0.649219499,-0.62594582,-0.006771502,0.438653519,-1.963371752
9/11/2020,-0.501349323,-0.682358905,-0.620237613,-0.008344647,0.470648834,-1.980026654
9/12/2020,-0.501349323,-0.682358905,-0.620237613,-0.008344647,0.470648834,-1.980026654
9/13/2020,-0.501349323,-0.682358905,-0.620237613,-0.008344647,0.470648834,-1.980026654
9/14/2020,-0.501349323,-0.682358905,-0.620237613,-0.008344647,0.470648834,-1.980026654
9/15/2020,-0.501349323,-0.682358905,-0.620237613,-0.008344647,0.470648834,-1.980026654
9/16/2020,-0.501349323,-0.682358905,-0.620237613,-0.008344647,0.470648834,-1.980026654
9/17/2020,-0.501349323,-0.682358905,-0.620237613,-0.008344647,0.470648834,-1.980026654
9/18/2020,-0.497404395,-0.698594081,-0.615190004,-0.008292347,0.49997377,-1.98894712
9/19/2020,-0.497404395,-0.698594081,-0.615190004,-0.008292347,0.49997377,-1.98894712
9/20/2020,-0.497404395,-0.698594081,-0.615190004,-0.008292347,0.49997377,-1.98894712
9/21/2020,-0.497404395,-0.698594081,-0.615190004,-0.008292347,0.49997377,-1.98894712
9/22/2020,-0.497404395,-0.698594081,-0.615190004,-0.008292347,0.49997377,-1.98894712
9/23/2020,-0.497404395,-0.698594081,-0.615190004,-0.008292347,0.49997377,-1.98894712
9/24/2020,-0.497404395,-0.698594081,-0.615190004,-0.008292347,0.49997377,-1.98894712
9/25/2020,-0.491526529,-0.684061599,-0.609579298,-0.0071061,0.525520837,-1.990925886
9/26/2020,-0.491526529,-0.684061599,-0.609579298,-0.0071061,0.525520837,-1.990925886
9/27/2020,-0.491526529,-0.684061599,-0.609579298,-0.0071061,0.525520837,-1.990925886
9/28/2020,-0.491526529,-0.684061599,-0.609579298,-0.0071061,0.525520837,-1.990925886
9/29/2020,-0.491526529,-0.684061599,-0.609579298,-0.0071061,0.525520837,-1.990925886
9/30/2020,-0.491526529,-0.684061599,-0.609579298,-0.0071061,0.525520837,-1.990925886
10/1/2020,-0.491526529,-0.684061599,-0.609579298,-0.0071061,0.525520837,-1.990925886
10/2/2020,-0.488230785,-0.646315743,-0.605416089,-0.006989863,0.544513858,-1.986890978
10/3/2020,-0.488230785,-0.646315743,-0.605416089,-0.006989863,0.544513858,-1.986890978
10/4/2020,-0.488230785,-0.646315743,-0.605416089,-0.006989863,0.544513858,-1.986890978
10/5/2020,-0.488230785,-0.646315743,-0.605416089,-0.006989863,0.544513858,-1.986890978
10/6/2020,-0.488230785,-0.646315743,-0.605416089,-0.006989863,0.544513858,-1.986890978
10/7/2020,-0.488230785,-0.646315743,-0.605416089,-0.006989863,0.544513858,-1.986890978
10/8/2020,-0.488230785,-0.646315743,-0.605416089,-0.006989863,0.544513858,-1.986890978
10/9/2020,-0.488263062,-0.595197699,-0.603533828,-0.009075923,0.55625737,-1.977834897
10/10/2020,-0.488263062,-0.595197699,-0.603533828,-0.009075923,0.55625737,-1.977834897
10/11/2020,-0.488263062,-0.595197699,-0.603533828,-0.009075923,0.55625737,-1.977834897
10/12/2020,-0.488263062,-0.595197699,-0.603533828,-0.009075923,0.55625737,-1.977834897
10/13/2020,-0.488263062,-0.595197699,-0.603533828,-0.009075923,0.55625737,-1.977834897
10/14/2020,-0.488263062,-0.595197699,-0.603533828,-0.009075923,0.55625737,-1.977834897
10/15/2020,-0.488263062,-0.595197699,-0.603533828,-0.009075923,0.55625737,-1.977834897
10/16/2020,-0.490643194,-0.553148997,-0.604223535,-0.012802522,0.559334843,-1.964950452
10/17/2020,-0.490643194,-0.553148997,-0.604223535,-0.012802522,0.559334843,-1.964950452
10/18/2020,-0.490643194,-0.553148997,-0.604223535,-0.012802522,0.559334843,-1.964950452
10/19/2020,-0.490643194,-0.553148997,-0.604223535,-0.012802522,0.559334843,-1.964950452
10/20/2020,-0.490643194,-0.553148997,-0.604223535,-0.012802522,0.559334843,-1.964950452
10/21/2020,-0.490643194,-0.553148997,-0.604223535,-0.012802522,0.559334843,-1.964950452
10/22/2020,-0.490643194,-0.553148997,-0.604223535,-0.012802522,0.559334843,-1.964950452
10/23/2020,-0.496448112,-0.527695782,-0.608044095,-0.018667593,0.553081943,-1.949262989
10/24/2020,-0.496448112,-0.527695782,-0.608044095,-0.018667593,0.553081943,-1.949262989
10/25/2020,-0.496448112,-0.527695782,-0.608044095,-0.018667593,0.553081943,-1.949262989
10/26/2020,-0.496448112,-0.527695782,-0.608044095,-0.018667593,0.553081943,-1.949262989
10/27/2020,-0.496448112,-0.527695782,-0.608044095,-0.018667593,0.553081943,-1.949262989
10/28/2020,-0.496448112,-0.527695782,-0.608044095,-0.018667593,0.553081943,-1.949262989
10/29/2020,-0.496448112,-0.527695782,-0.608044095,-0.018667593,0.553081943,-1.949262989
10/30/2020,-0.50487885,-0.517523085,-0.614738722,-0.026157028,0.537708875,-1.931793083
10/31/2020,-0.50487885,-0.517523085,-0.614738722,-0.026157028,0.537708875,-1.931793083
11/1/2020,-0.50487885,-0.517523085,-0.614738722,-0.026157028,0.537708875,-1.931793083
11/2/2020,-0.50487885,-0.517523085,-0.614738722,-0.026157028,0.537708875,-1.931793083
11/3/2020,-0.50487885,-0.517523085,-0.614738722,-0.026157028,0.537708875,-1.931793083
11/4/2020,-0.50487885,-0.517523085,-0.614738722,-0.026157028,0.537708875,-1.931793083
11/5/2020,-0.50487885,-0.517523085,-0.614738722,-0.026157028,0.537708875,-1.931793083
11/6/2020,-0.518538626,-0.517202073,-0.62619752,-0.035273589,0.513706923,-1.913460208
11/7/2020,-0.518538626,-0.517202073,-0.62619752,-0.035273589,0.513706923,-1.913460208
11/8/2020,-0.518538626,-0.517202073,-0.62619752,-0.035273589,0.513706923,-1.913460208
11/9/2020,-0.518538626,-0.517202073,-0.62619752,-0.035273589,0.513706923,-1.913460208
11/10/2020,-0.518538626,-0.517202073,-0.62619752,-0.035273589,0.513706923,-1.913460208
11/11/2020,-0.518538626,-0.517202073,-0.62619752,-0.035273589,0.513706923,-1.913460208
11/12/2020,-0.518538626,-0.517202073,-0.62619752,-0.035273589,0.513706923,-1.913460208
11/13/2020,-0.535438001,-0.519880311,-0.640741617,-0.044932206,0.481642917,-1.89504832
11/14/2020,-0.535438001,-0.519880311,-0.640741617,-0.044932206,0.481642917,-1.89504832
11/15/2020,-0.535438001,-0.519880311,-0.640741617,-0.044932206,0.481642917,-1.89504832
11/16/2020,-0.535438001,-0.519880311,-0.640741617,-0.044932206,0.481642917,-1.89504832
11/17/2020,-0.535438001,-0.519880311,-0.640741617,-0.044932206,0.481642917,-1.89504832
11/18/2020,-0.535438001,-0.519880311,-0.640741617,-0.044932206,0.481642917,-1.89504832
11/19/2020,-0.535438001,-0.519880311,-0.640741617,-0.044932206,0.481642917,-1.89504832
11/20/2020,-0.551799698,-0.516825758,-0.655358768,-0.054352399,0.443836113,-1.877200099
11/21/2020,-0.551799698,-0.516825758,-0.655358768,-0.054352399,0.443836113,-1.877200099
11/22/2020,-0.551799698,-0.516825758,-0.655358768,-0.054352399,0.443836113,-1.877200099
11/23/2020,-0.551799698,-0.516825758,-0.655358768,-0.054352399,0.443836113,-1.877200099
11/24/2020,-0.551799698,-0.516825758,-0.655358768,-0.054352399,0.443836113,-1.877200099
11/25/2020,-0.551799698,-0.516825758,-0.655358768,-0.054352399,0.443836113,-1.877200099
11/26/2020,-0.551799698,-0.516825758,-0.655358768,-0.054352399,0.443836113,-1.877200099
11/27/2020,-0.566561505,-0.509738284,-0.668983629,-0.062814993,0.401763846,-1.860421271
11/28/2020,-0.566561505,-0.509738284,-0.668983629,-0.062814993,0.401763846,-1.860421271
11/29/2020,-0.566561505,-0.509738284,-0.668983629,-0.062814993,0.401763846,-1.860421271
11/30/2020,-0.566561505,-0.509738284,-0.668983629,-0.062814993,0.401763846,-1.860421271
12/1/2020,-0.566561505,-0.509738284,-0.668983629,-0.062814993,0.401763846,-1.860421271
12/2/2020,-0.566561505,-0.509738284,-0.668983629,-0.062814993,0.401763846,-1.860421271
12/3/2020,-0.566561505,-0.509738284,-0.668983629,-0.062814993,0.401763846,-1.860421271
12/4/2020,-0.579608716,-0.503383684,-0.681042279,-0.070753085,0.357296606,-1.845072864
12/5/2020,-0.579608716,-0.503383684,-0.681042279,-0.070753085,0.357296606,-1.845072864
12/6/2020,-0.579608716,-0.503383684,-0.681042279,-0.070753085,0.357296606,-1.845072864
12/7/2020,-0.579608716,-0.503383684,-0.681042279,-0.070753085,0.357296606,-1.845072864
12/8/2020,-0.579608716,-0.503383684,-0.681042279,-0.070753085,0.357296606,-1.845072864
12/9/2020,-0.579608716,-0.503383684,-0.681042279,-0.070753085,0.357296606,-1.845072864
12/10/2020,-0.579608716,-0.503383684,-0.681042279,-0.070753085,0.357296606,-1.845072864
12/11/2020,-0.589921062,-0.502538904,-0.690819976,-0.077612242,0.312041648,-1.831384865
12/12/2020,-0.589921062,-0.502538904,-0.690819976,-0.077612242,0.312041648,-1.831384865
12/13/2020,-0.589921062,-0.502538904,-0.690819976,-0.077612242,0.312041648,-1.831384865
12/14/2020,-0.589921062,-0.502538904,-0.690819976,-0.077612242,0.312041648,-1.831384865
12/15/2020,-0.589921062,-0.502538904,-0.690819976,-0.077612242,0.312041648,-1.831384865
12/16/2020,-0.589921062,-0.502538904,-0.690819976,-0.077612242,0.312041648,-1.831384865
12/17/2020,-0.589921062,-0.502538904,-0.690819976,-0.077612242,0.312041648,-1.831384865
12/18/2020,-0.597343978,-0.506216503,-0.697426771,-0.083827351,0.266276783,-1.819462593
12/19/2020,-0.597343978,-0.506216503,-0.697426771,-0.083827351,0.266276783,-1.819462593
12/20/2020,-0.597343978,-0.506216503,-0.697426771,-0.083827351,0.266276783,-1.819462593
12/21/2020,-0.597343978,-0.506216503,-0.697426771,-0.083827351,0.266276783,-1.819462593
12/22/2020,-0.597343978,-0.506216503,-0.697426771,-0.083827351,0.266276783,-1.819462593
12/23/2020,-0.597343978,-0.506216503,-0.697426771,-0.083827351,0.266276783,-1.819462593
12/24/2020,-0.597343978,-0.506216503,-0.697426771,-0.083827351,0.266276783,-1.819462593
12/25/2020,-0.603569581,-0.510802157,-0.701771454,-0.089874072,0.219606935,-1.809290547
12/26/2020,-0.603569581,-0.510802157,-0.701771454,-0.089874072,0.219606935,-1.809290547
12/27/2020,-0.603569581,-0.510802157,-0.701771454,-0.089874072,0.219606935,-1.809290547
12/28/2020,-0.603569581,-0.510802157,-0.701771454,-0.089874072,0.219606935,-1.809290547
12/29/2020,-0.603569581,-0.510802157,-0.701771454,-0.089874072,0.219606935,-1.809290547
12/30/2020,-0.603569581,-0.510802157,-0.701771454,-0.089874072,0.219606935,-1.809290547
12/31/2020,-0.603569581,-0.510802157,-0.701771454,-0.089874072,0.219606935,-1.809290547
1/1/2021,-0.60884924,-0.513692776,-0.703798637,-0.09613329,0.171582539,-1.800768437
1/2/2021,-0.60884924,-0.513692776,-0.703798637,-0.09613329,0.171582539,-1.800768437
1/3/2021,-0.60884924,-0.513692776,-0.703798637,-0.09613329,0.171582539,-1.800768437
1/4/2021,-0.60884924,-0.513692776,-0.703798637,-0.09613329,0.171582539,-1.800768437
1/5/2021,-0.60884924,-0.513692776,-0.703798637,-0.09613329,0.171582539,-1.800768437
1/6/2021,-0.60884924,-0.513692776,-0.703798637,-0.09613329,0.171582539,-1.800768437
1/7/2021,-0.60884924,-0.513692776,-0.703798637,-0.09613329,0.171582539,-1.800768437
1/8/2021,-0.613339057,-0.512116185,-0.70383322,-0.102561178,0.120640534,-1.793725416
1/9/2021,-0.613339057,-0.512116185,-0.70383322,-0.102561178,0.120640534,-1.793725416
1/10/2021,-0.613339057,-0.512116185,-0.70383322,-0.102561178,0.120640534,-1.793725416
1/11/2021,-0.613339057,-0.512116185,-0.70383322,-0.102561178,0.120640534,-1.793725416
1/12/2021,-0.613339057,-0.512116185,-0.70383322,-0.102561178,0.120640534,-1.793725416
1/13/2021,-0.613339057,-0.512116185,-0.70383322,-0.102561178,0.120640534,-1.793725416
1/14/2021,-0.613339057,-0.512116185,-0.70383322,-0.102561178,0.120640534,-1.793725416
1/15/2021,-0.61598813,-0.510826815,-0.701358378,-0.108455916,0.065190336,-1.78791635
1/16/2021,-0.61598813,-0.510826815,-0.701358378,-0.108455916,0.065190336,-1.78791635
1/17/2021,-0.61598813,-0.510826815,-0.701358378,-0.108455916,0.065190336,-1.78791635
1/18/2021,-0.61598813,-0.510826815,-0.701358378,-0.108455916,0.065190336,-1.78791635
1/19/2021,-0.61598813,-0.510826815,-0.701358378,-0.108455916,0.065190336,-1.78791635
1/20/2021,-0.61598813,-0.510826815,-0.701358378,-0.108455916,0.065190336,-1.78791635
1/21/2021,-0.61598813,-0.510826815,-0.701358378,-0.108455916,0.065190336,-1.78791635
1/22/2021,-0.617938739,-0.512182936,-0.697522871,-0.113981391,0.004461768,-1.783045671
1/23/2021,-0.617938739,-0.512182936,-0.697522871,-0.113981391,0.004461768,-1.783045671
1/24/2021,-0.617938739,-0.512182936,-0.697522871,-0.113981391,0.004461768,-1.783045671
1/25/2021,-0.617938739,-0.512182936,-0.697522871,-0.113981391,0.004461768,-1.783045671
1/26/2021,-0.617938739,-0.512182936,-0.697522871,-0.113981391,0.004461768,-1.783045671
1/27/2021,-0.617938739,-0.512182936,-0.697522871,-0.113981391,0.004461768,-1.783045671
1/28/2021,-0.617938739,-0.512182936,-0.697522871,-0.113981391,0.004461768,-1.783045671
1/29/2021,-0.618217784,-0.519157359,-0.691412919,-0.118620475,-0.062832715,-1.778800265
1/30/2021,-0.618217784,-0.519157359,-0.691412919,-0.118620475,-0.062832715,-1.778800265
1/31/2021,-0.618217784,-0.519157359,-0.691412919,-0.118620475,-0.062832715,-1.778800265
2/1/2021,-0.618217784,-0.519157359,-0.691412919,-0.118620475,-0.062832715,-1.778800265
2/2/2021,-0.618217784,-0.519157359,-0.691412919,-0.118620475,-0.062832715,-1.778800265
2/3/2021,-0.618217784,-0.519157359,-0.691412919,-0.118620475,-0.062832715,-1.778800265
2/4/2021,-0.618217784,-0.519157359,-0.691412919,-0.118620475,-0.062832715,-1.778800265
2/5/2021,-0.620409764,-0.535957035,-0.685671421,-0.123062152,-0.13642494,-1.774835348
2/6/2021,-0.620409764,-0.535957035,-0.685671421,-0.123062152,-0.13642494,-1.774835348
2/7/2021,-0.620409764,-0.535957035,-0.685671421,-0.123062152,-0.13642494,-1.774835348
2/8/2021,-0.620409764,-0.535957035,-0.685671421,-0.123062152,-0.13642494,-1.774835348
2/9/2021,-0.620409764,-0.535957035,-0.685671421,-0.123062152,-0.13642494,-1.774835348
2/10/2021,-0.620409764,-0.535957035,-0.685671421,-0.123062152,-0.13642494,-1.774835348
2/11/2021,-0.620409764,-0.535957035,-0.685671421,-0.123062152,-0.13642494,-1.774835348
2/12/2021,-0.622105268,-0.552473071,-0.679117075,-0.126754467,-0.214489097,-1.770804631
2/13/2021,-0.622105268,-0.552473071,-0.679117075,-0.126754467,-0.214489097,-1.770804631
2/14/2021,-0.622105268,-0.552473071,-0.679117075,-0.126754467,-0.214489097,-1.770804631
2/15/2021,-0.622105268,-0.552473071,-0.679117075,-0.126754467,-0.214489097,-1.770804631
2/16/2021,-0.622105268,-0.552473071,-0.679117075,-0.126754467,-0.214489097,-1.770804631
2/17/2021,-0.622105268,-0.552473071,-0.679117075,-0.126754467,-0.214489097,-1.770804631
2/18/2021,-0.622105268,-0.552473071,-0.679117075,-0.126754467,-0.214489097,-1.770804631
2/19/2021,-0.623871506,-0.564626014,-0.672311272,-0.130161648,-0.294463733,-1.766373733
2/20/2021,-0.623871506,-0.564626014,-0.672311272,-0.130161648,-0.294463733,-1.766373733
2/21/2021,-0.623871506,-0.564626014,-0.672311272,-0.130161648,-0.294463733,-1.766373733
2/22/2021,-0.623871506,-0.564626014,-0.672311272,-0.130161648,-0.294463733,-1.766373733
2/23/2021,-0.623871506,-0.564626014,-0.672311272,-0.130161648,-0.294463733,-1.766373733
2/24/2021,-0.623871506,-0.564626014,-0.672311272,-0.130161648,-0.294463733,-1.766373733
2/25/2021,-0.623871506,-0.564626014,-0.672311272,-0.130161648,-0.294463733,-1.766373733
2/26/2021,-0.62588466,-0.569220787,-0.666289541,-0.133609872,-0.372361673,-1.761230486
2/27/2021,-0.62588466,-0.569220787,-0.666289541,-0.133609872,-0.372361673,-1.761230486
2/28/2021,-0.62588466,-0.569220787,-0.666289541,-0.133609872,-0.372361673,-1.761230486
3/1/2021,-0.62588466,-0.569220787,-0.666289541,-0.133609872,-0.372361673,-1.761230486
3/2/2021,-0.62588466,-0.569220787,-0.666289541,-0.133609872,-0.372361673,-1.761230486
3/3/2021,-0.62588466,-0.569220787,-0.666289541,-0.133609872,-0.372361673,-1.761230486
3/4/2021,-0.62588466,-0.569220787,-0.666289541,-0.133609872,-0.372361673,-1.761230486
3/5/2021,-0.630055762,-0.568119243,-0.662784341,-0.137843575,-0.444616718,-1.755097426
3/6/2021,-0.630055762,-0.568119243,-0.662784341,-0.137843575,-0.444616718,-1.755097426
3/7/2021,-0.630055762,-0.568119243,-0.662784341,-0.137843575,-0.444616718,-1.755097426
3/8/2021,-0.630055762,-0.568119243,-0.662784341,-0.137843575,-0.444616718,-1.755097426
3/9/2021,-0.630055762,-0.568119243,-0.662784341,-0.137843575,-0.444616718,-1.755097426
3/10/2021,-0.630055762,-0.568119243,-0.662784341,-0.137843575,-0.444616718,-1.755097426
3/11/2021,-0.630055762,-0.568119243,-0.662784341,-0.137843575,-0.444616718,-1.755097426
3/12/2021,-0.635116802,-0.564089554,-0.661739261,-0.142697493,-0.507405782,-1.7477405
3/13/2021,-0.635116802,-0.564089554,-0.661739261,-0.142697493,-0.507405782,-1.7477405
3/14/2021,-0.635116802,-0.564089554,-0.661739261,-0.142697493,-0.507405782,-1.7477405
3/15/2021,-0.635116802,-0.564089554,-0.661739261,-0.142697493,-0.507405782,-1.7477405
3/16/2021,-0.635116802,-0.564089554,-0.661739261,-0.142697493,-0.507405782,-1.7477405
3/17/2021,-0.635116802,-0.564089554,-0.661739261,-0.142697493,-0.507405782,-1.7477405
3/18/2021,-0.635116802,-0.564089554,-0.661739261,-0.142697493,-0.507405782,-1.7477405
3/19/2021,-0.640583135,-0.56105993,-0.662868476,-0.148450131,-0.558099387,-1.738975506
3/20/2021,-0.640583135,-0.56105993,-0.662868476,-0.148450131,-0.558099387,-1.738975506
3/21/2021,-0.640583135,-0.56105993,-0.662868476,-0.148450131,-0.558099387,-1.738975506
3/22/2021,-0.640583135,-0.56105993,-0.662868476,-0.148450131,-0.558099387,-1.738975506
3/23/2021,-0.640583135,-0.56105993,-0.662868476,-0.148450131,-0.558099387,-1.738975506
3/24/2021,-0.640583135,-0.56105993,-0.662868476,-0.148450131,-0.558099387,-1.738975506
3/25/2021,-0.640583135,-0.56105993,-0.662868476,-0.148450131,-0.558099387,-1.738975506
3/26/2021,-0.647199987,-0.562615207,-0.666799037,-0.154998722,-0.595622297,-1.728677148
3/27/2021,-0.647199987,-0.562615207,-0.666799037,-0.154998722,-0.595622297,-1.728677148
3/28/2021,-0.647199987,-0.562615207,-0.666799037,-0.154998722,-0.595622297,-1.728677148
3/29/2021,-0.647199987,-0.562615207,-0.666799037,-0.154998722,-0.595622297,-1.728677148
3/30/2021,-0.647199987,-0.562615207,-0.666799037,-0.154998722,-0.595622297,-1.728677148
3/31/2021,-0.647199987,-0.562615207,-0.666799037,-0.154998722,-0.595622297,-1.728677148
4/1/2021,-0.647199987,-0.562615207,-0.666799037,-0.154998722,-0.595622297,-1.728677148
4/2/2021,-0.654175708,-0.567257876,-0.672410687,-0.162037838,-0.620355049,-1.716780889
4/3/2021,-0.654175708,-0.567257876,-0.672410687,-0.162037838,-0.620355049,-1.716780889
4/4/2021,-0.654175708,-0.567257876,-0.672410687,-0.162037838,-0.620355049,-1.716780889
4/5/2021,-0.654175708,-0.567257876,-0.672410687,-0.162037838,-0.620355049,-1.716780889
4/6/2021,-0.654175708,-0.567257876,-0.672410687,-0.162037838,-0.620355049,-1.716780889
4/7/2021,-0.654175708,-0.567257876,-0.672410687,-0.162037838,-0.620355049,-1.716780889
4/8/2021,-0.654175708,-0.567257876,-0.672410687,-0.162037838,-0.620355049,-1.716780889
4/9/2021,-0.662451239,-0.571251384,-0.680051149,-0.169443199,-0.633349987,-1.703263599
4/10/2021,-0.662451239,-0.571251384,-0.680051149,-0.169443199,-0.633349987,-1.703263599
4/11/2021,-0.662451239,-0.571251384,-0.680051149,-0.169443199,-0.633349987,-1.703263599
4/12/2021,-0.662451239,-0.571251384,-0.680051149,-0.169443199,-0.633349987,-1.703263599
4/13/2021,-0.662451239,-0.571251384,-0.680051149,-0.169443199,-0.633349987,-1.703263599
4/14/2021,-0.662451239,-0.571251384,-0.680051149,-0.169443199,-0.633349987,-1.703263599
4/15/2021,-0.662451239,-0.571251384,-0.680051149,-0.169443199,-0.633349987,-1.703263599
4/16/2021,-0.669313666,-0.571266844,-0.687755582,-0.175782778,-0.636657873,-1.688174386
4/17/2021,-0.669313666,-0.571266844,-0.687755582,-0.175782778,-0.636657873,-1.688174386
4/18/2021,-0.669313666,-0.571266844,-0.687755582,-0.175782778,-0.636657873,-1.688174386
4/19/2021,-0.669313666,-0.571266844,-0.687755582,-0.175782778,-0.636657873,-1.688174386
4/20/2021,-0.669313666,-0.571266844,-0.687755582,-0.175782778,-0.636657873,-1.688174386
4/21/2021,-0.669313666,-0.571266844,-0.687755582,-0.175782778,-0.636657873,-1.688174386
4/22/2021,-0.669313666,-0.571266844,-0.687755582,-0.175782778,-0.636657873,-1.688174386
4/23/2021,-0.675601035,-0.56680729,-0.695366886,-0.180941651,-0.632655408,-1.671580642
4/24/2021,-0.675601035,-0.56680729,-0.695366886,-0.180941651,-0.632655408,-1.671580642
4/25/2021,-0.675601035,-0.56680729,-0.695366886,-0.180941651,-0.632655408,-1.671580642
4/26/2021,-0.675601035,-0.56680729,-0.695366886,-0.180941651,-0.632655408,-1.671580642
4/27/2021,-0.675601035,-0.56680729,-0.695366886,-0.180941651,-0.632655408,-1.671580642
4/28/2021,-0.675601035,-0.56680729,-0.695366886,-0.180941651,-0.632655408,-1.671580642
4/29/2021,-0.675601035,-0.56680729,-0.695366886,-0.180941651,-0.632655408,-1.671580642
4/30/2021,-0.680917048,-0.560763474,-0.702672077,-0.184192141,-0.623328655,-1.653583733
5/1/2021,-0.680917048,-0.560763474,-0.702672077,-0.184192141,-0.623328655,-1.653583733
5/2/2021,-0.680917048,-0.560763474,-0.702672077,-0.184192141,-0.623328655,-1.653583733
5/3/2021,-0.680917048,-0.560763474,-0.702672077,-0.184192141,-0.623328655,-1.653583733
5/4/2021,-0.680917048,-0.560763474,-0.702672077,-0.184192141,-0.623328655,-1.653583733
5/5/2021,-0.680917048,-0.560763474,-0.702672077,-0.184192141,-0.623328655,-1.653583733
5/6/2021,-0.680917048,-0.560763474,-0.702672077,-0.184192141,-0.623328655,-1.653583733
5/7/2021,-0.685824098,-0.557416504,-0.709864115,-0.185806151,-0.609553489,-1.634305945
5/8/2021,-0.685824098,-0.557416504,-0.709864115,-0.185806151,-0.609553489,-1.634305945
5/9/2021,-0.685824098,-0.557416504,-0.709864115,-0.185806151,-0.609553489,-1.634305945
5/10/2021,-0.685824098,-0.557416504,-0.709864115,-0.185806151,-0.609553489,-1.634305945
5/11/2021,-0.685824098,-0.557416504,-0.709864115,-0.185806151,-0.609553489,-1.634305945
5/12/2021,-0.685824098,-0.557416504,-0.709864115,-0.185806151,-0.609553489,-1.634305945
5/13/2021,-0.685824098,-0.557416504,-0.709864115,-0.185806151,-0.609553489,-1.634305945
5/14/2021,-0.687880022,-0.557798023,-0.716238929,-0.184294267,-0.592142477,-1.613892017
5/15/2021,-0.687880022,-0.557798023,-0.716238929,-0.184294267,-0.592142477,-1.613892017
5/16/2021,-0.687880022,-0.557798023,-0.716238929,-0.184294267,-0.592142477,-1.613892017
5/17/2021,-0.687880022,-0.557798023,-0.716238929,-0.184294267,-0.592142477,-1.613892017
5/18/2021,-0.687880022,-0.557798023,-0.716238929,-0.184294267,-0.592142477,-1.613892017
5/19/2021,-0.687880022,-0.557798023,-0.716238929,-0.184294267,-0.592142477,-1.613892017
5/20/2021,-0.687880022,-0.557798023,-0.716238929,-0.184294267,-0.592142477,-1.613892017
5/21/2021,-0.690349946,-0.564936364,-0.723108522,-0.181621497,-0.570718853,-1.592504137
5/22/2021,-0.690349946,-0.564936364,-0.723108522,-0.181621497,-0.570718853,-1.592504137
5/23/2021,-0.690349946,-0.564936364,-0.723108522,-0.181621497,-0.570718853,-1.592504137
5/24/2021,-0.690349946,-0.564936364,-0.723108522,-0.181621497,-0.570718853,-1.592504137
5/25/2021,-0.690349946,-0.564936364,-0.723108522,-0.181621497,-0.570718853,-1.592504137
5/26/2021,-0.690349946,-0.564936364,-0.723108522,-0.181621497,-0.570718853,-1.592504137
5/27/2021,-0.690349946,-0.564936364,-0.723108522,-0.181621497,-0.570718853,-1.592504137
5/28/2021,-0.692518652,-0.575158514,-0.729683619,-0.17813738,-0.544896009,-1.570323896
5/29/2021,-0.692518652,-0.575158514,-0.729683619,-0.17813738,-0.544896009,-1.570323896
5/30/2021,-0.692518652,-0.575158514,-0.729683619,-0.17813738,-0.544896009,-1.570323896
5/31/2021,-0.692518652,-0.575158514,-0.729683619,-0.17813738,-0.544896009,-1.570323896
6/1/2021,-0.692518652,-0.575158514,-0.729683619,-0.17813738,-0.544896009,-1.570323896
6/2/2021,-0.692518652,-0.575158514,-0.729683619,-0.17813738,-0.544896009,-1.570323896
6/3/2021,-0.692518652,-0.575158514,-0.729683619,-0.17813738,-0.544896009,-1.570323896
6/4/2021,-0.693453788,-0.584606931,-0.734913473,-0.174047377,-0.514531415,-1.547552214
6/5/2021,-0.693453788,-0.584606931,-0.734913473,-0.174047377,-0.514531415,-1.547552214
6/6/2021,-0.693453788,-0.584606931,-0.734913473,-0.174047377,-0.514531415,-1.547552214
6/7/2021,-0.693453788,-0.584606931,-0.734913473,-0.174047377,-0.514531415,-1.547552214
6/8/2021,-0.693453788,-0.584606931,-0.734913473,-0.174047377,-0.514531415,-1.547552214
6/9/2021,-0.693453788,-0.584606931,-0.734913473,-0.174047377,-0.514531415,-1.547552214
6/10/2021,-0.693453788,-0.584606931,-0.734913473,-0.174047377,-0.514531415,-1.547552214
6/11/2021,-0.692689753,-0.590173126,-0.738590985,-0.170034767,-0.478200217,-1.52440842
6/12/2021,-0.692689753,-0.590173126,-0.738590985,-0.170034767,-0.478200217,-1.52440842
6/13/2021,-0.692689753,-0.590173126,-0.738590985,-0.170034767,-0.478200217,-1.52440842
6/14/2021,-0.692689753,-0.590173126,-0.738590985,-0.170034767,-0.478200217,-1.52440842
6/15/2021,-0.692689753,-0.590173126,-0.738590985,-0.170034767,-0.478200217,-1.52440842
6/16/2021,-0.692689753,-0.590173126,-0.738590985,-0.170034767,-0.478200217,-1.52440842
6/17/2021,-0.692689753,-0.590173126,-0.738590985,-0.170034767,-0.478200217,-1.52440842
6/18/2021,-0.689572356,-0.591871834,-0.739731269,-0.166181225,-0.436740549,-1.501132314
6/19/2021,-0.689572356,-0.591871834,-0.739731269,-0.166181225,-0.436740549,-1.501132314
6/20/2021,-0.689572356,-0.591871834,-0.739731269,-0.166181225,-0.436740549,-1.501132314
6/21/2021,-0.689572356,-0.591871834,-0.739731269,-0.166181225,-0.436740549,-1.501132314
6/22/2021,-0.689572356,-0.591871834,-0.739731269,-0.166181225,-0.436740549,-1.501132314
6/23/2021,-0.689572356,-0.591871834,-0.739731269,-0.166181225,-0.436740549,-1.501132314
6/24/2021,-0.689572356,-0.591871834,-0.739731269,-0.166181225,-0.436740549,-1.501132314
6/25/2021,-0.68550209,-0.593359709,-0.739210567,-0.162558116,-0.391679134,-1.477981617
6/26/2021,-0.68550209,-0.593359709,-0.739210567,-0.162558116,-0.391679134,-1.477981617
6/27/2021,-0.68550209,-0.593359709,-0.739210567,-0.162558116,-0.391679134,-1.477981617
6/28/2021,-0.68550209,-0.593359709,-0.739210567,-0.162558116,-0.391679134,-1.477981617
6/29/2021,-0.68550209,-0.593359709,-0.739210567,-0.162558116,-0.391679134,-1.477981617
6/30/2021,-0.68550209,-0.593359709,-0.739210567,-0.162558116,-0.391679134,-1.477981617
7/1/2021,-0.68550209,-0.593359709,-0.739210567,-0.162558116,-0.391679134,-1.477981617
7/2/2021,-0.679885707,-0.595783763,-0.737285102,-0.158834436,-0.344014859,-1.455224524
7/3/2021,-0.679885707,-0.595783763,-0.737285102,-0.158834436,-0.344014859,-1.455224524
7/4/2021,-0.679885707,-0.595783763,-0.737285102,-0.158834436,-0.344014859,-1.455224524
7/5/2021,-0.679885707,-0.595783763,-0.737285102,-0.158834436,-0.344014859,-1.455224524
7/6/2021,-0.679885707,-0.595783763,-0.737285102,-0.158834436,-0.344014859,-1.455224524
7/7/2021,-0.679885707,-0.595783763,-0.737285102,-0.158834436,-0.344014859,-1.455224524
7/8/2021,-0.679885707,-0.595783763,-0.737285102,-0.158834436,-0.344014859,-1.455224524
7/9/2021,-0.673104741,-0.600600049,-0.734371684,-0.154748666,-0.296255713,-1.433128267
7/10/2021,-0.673104741,-0.600600049,-0.734371684,-0.154748666,-0.296255713,-1.433128267
7/11/2021,-0.673104741,-0.600600049,-0.734371684,-0.154748666,-0.296255713,-1.433128267
7/12/2021,-0.673104741,-0.600600049,-0.734371684,-0.154748666,-0.296255713,-1.433128267
7/13/2021,-0.673104741,-0.600600049,-0.734371684,-0.154748666,-0.296255713,-1.433128267
7/14/2021,-0.673104741,-0.600600049,-0.734371684,-0.154748666,-0.296255713,-1.433128267
7/15/2021,-0.673104741,-0.600600049,-0.734371684,-0.154748666,-0.296255713,-1.433128267
7/16/2021,-0.66630794,-0.604890478,-0.731004086,-0.150385734,-0.251653429,-1.411978867
7/17/2021,-0.66630794,-0.604890478,-0.731004086,-0.150385734,-0.251653429,-1.411978867
7/18/2021,-0.66630794,-0.604890478,-0.731004086,-0.150385734,-0.251653429,-1.411978867
7/19/2021,-0.66630794,-0.604890478,-0.731004086,-0.150385734,-0.251653429,-1.411978867
7/20/2021,-0.66630794,-0.604890478,-0.731004086,-0.150385734,-0.251653429,-1.411978867
7/21/2021,-0.66630794,-0.604890478,-0.731004086,-0.150385734,-0.251653429,-1.411978867
7/22/2021,-0.66630794,-0.604890478,-0.731004086,-0.150385734,-0.251653429,-1.411978867
7/23/2021,-0.65971739,-0.606477808,-0.727660948,-0.145883762,-0.212439846,-1.392004527
7/24/2021,-0.65971739,-0.606477808,-0.727660948,-0.145883762,-0.212439846,-1.392004527
7/25/2021,-0.65971739,-0.606477808,-0.727660948,-0.145883762,-0.212439846,-1.392004527
7/26/2021,-0.65971739,-0.606477808,-0.727660948,-0.145883762,-0.212439846,-1.392004527
7/27/2021,-0.65971739,-0.606477808,-0.727660948,-0.145883762,-0.212439846,-1.392004527
7/28/2021,-0.65971739,-0.606477808,-0.727660948,-0.145883762,-0.212439846,-1.392004527
7/29/2021,-0.65971739,-0.606477808,-0.727660948,-0.145883762,-0.212439846,-1.392004527
7/30/2021,-0.654373705,-0.604855964,-0.724988945,-0.141665575,-0.181188898,-1.373410326
7/31/2021,-0.654373705,-0.604855964,-0.724988945,-0.141665575,-0.181188898,-1.373410326
8/1/2021,-0.654373705,-0.604855964,-0.724988945,-0.141665575,-0.181188898,-1.373410326
8/2/2021,-0.654373705,-0.604855964,-0.724988945,-0.141665575,-0.181188898,-1.373410326
8/3/2021,-0.654373705,-0.604855964,-0.724988945,-0.141665575,-0.181188898,-1.373410326
8/4/2021,-0.654373705,-0.604855964,-0.724988945,-0.141665575,-0.181188898,-1.373410326
8/5/2021,-0.654373705,-0.604855964,-0.724988945,-0.141665575,-0.181188898,-1.373410326
8/6/2021,-0.649707908,-0.601938592,-0.722782017,-0.137742766,-0.159769722,-1.356353301
8/7/2021,-0.649707908,-0.601938592,-0.722782017,-0.137742766,-0.159769722,-1.356353301
8/8/2021,-0.649707908,-0.601938592,-0.722782017,-0.137742766,-0.159769722,-1.356353301
8/9/2021,-0.649707908,-0.601938592,-0.722782017,-0.137742766,-0.159769722,-1.356353301
8/10/2021,-0.649707908,-0.601938592,-0.722782017,-0.137742766,-0.159769722,-1.356353301
8/11/2021,-0.649707908,-0.601938592,-0.722782017,-0.137742766,-0.159769722,-1.356353301
8/12/2021,-0.649707908,-0.601938592,-0.722782017,-0.137742766,-0.159769722,-1.356353301
8/13/2021,-0.646991518,-0.602203307,-0.72182545,-0.134744255,-0.149382932,-1.340931996
8/14/2021,-0.646991518,-0.602203307,-0.72182545,-0.134744255,-0.149382932,-1.340931996
8/15/2021,-0.646991518,-0.602203307,-0.72182545,-0.134744255,-0.149382932,-1.340931996
8/16/2021,-0.646991518,-0.602203307,-0.72182545,-0.134744255,-0.149382932,-1.340931996
8/17/2021,-0.646991518,-0.602203307,-0.72182545,-0.134744255,-0.149382932,-1.340931996
8/18/2021,-0.646991518,-0.602203307,-0.72182545,-0.134744255,-0.149382932,-1.340931996
8/19/2021,-0.646991518,-0.602203307,-0.72182545,-0.134744255,-0.149382932,-1.340931996
8/20/2021,-0.645320914,-0.609640091,-0.721229115,-0.133226801,-0.150268989,-1.327185063
8/21/2021,-0.645320914,-0.609640091,-0.721229115,-0.133226801,-0.150268989,-1.327185063
8/22/2021,-0.645320914,-0.609640091,-0.721229115,-0.133226801,-0.150268989,-1.327185063
8/23/2021,-0.645320914,-0.609640091,-0.721229115,-0.133226801,-0.150268989,-1.327185063
8/24/2021,-0.645320914,-0.609640091,-0.721229115,-0.133226801,-0.150268989,-1.327185063
8/25/2021,-0.645320914,-0.609640091,-0.721229115,-0.133226801,-0.150268989,-1.327185063
8/26/2021,-0.645320914,-0.609640091,-0.721229115,-0.133226801,-0.150268989,-1.327185063
8/27/2021,-0.646051543,-0.625921789,-0.721730275,-0.132823622,-0.162958489,-1.315091338
8/28/2021,-0.646051543,-0.625921789,-0.721730275,-0.132823622,-0.162958489,-1.315091338
8/29/2021,-0.646051543,-0.625921789,-0.721730275,-0.132823622,-0.162958489,-1.315091338
8/30/2021,-0.646051543,-0.625921789,-0.721730275,-0.132823622,-0.162958489,-1.315091338
8/31/2021,-0.646051543,-0.625921789,-0.721730275,-0.132823622,-0.162958489,-1.315091338
9/1/2021,-0.646051543,-0.625921789,-0.721730275,-0.132823622,-0.162958489,-1.315091338
9/2/2021,-0.646051543,-0.625921789,-0.721730275,-0.132823622,-0.162958489,-1.315091338
9/3/2021,-0.647232249,-0.64691263,-0.721934018,-0.133389955,-0.185657728,-1.304567254
9/4/2021,-0.647232249,-0.64691263,-0.721934018,-0.133389955,-0.185657728,-1.304567254
9/5/2021,-0.647232249,-0.64691263,-0.721934018,-0.133389955,-0.185657728,-1.304567254
9/6/2021,-0.647232249,-0.64691263,-0.721934018,-0.133389955,-0.185657728,-1.304567254
9/7/2021,-0.647232249,-0.64691263,-0.721934018,-0.133389955,-0.185657728,-1.304567254
9/8/2021,-0.647232249,-0.64691263,-0.721934018,-0.133389955,-0.185657728,-1.304567254
9/9/2021,-0.647232249,-0.64691263,-0.721934018,-0.133389955,-0.185657728,-1.304567254
9/10/2021,-0.64907108,-0.664185155,-0.721466647,-0.134529146,-0.217088393,-1.295472506
9/11/2021,-0.64907108,-0.664185155,-0.721466647,-0.134529146,-0.217088393,-1.295472506
9/12/2021,-0.64907108,-0.664185155,-0.721466647,-0.134529146,-0.217088393,-1.295472506
9/13/2021,-0.64907108,-0.664185155,-0.721466647,-0.134529146,-0.217088393,-1.295472506
9/14/2021,-0.64907108,-0.664185155,-0.721466647,-0.134529146,-0.217088393,-1.295472506
9/15/2021,-0.64907108,-0.664185155,-0.721466647,-0.134529146,-0.217088393,-1.295472506
9/16/2021,-0.64907108,-0.664185155,-0.721466647,-0.134529146,-0.217088393,-1.295472506
9/17/2021,-0.651222057,-0.673692401,-0.719730373,-0.13584212,-0.254794683,-1.287612007
9/18/2021,-0.651222057,-0.673692401,-0.719730373,-0.13584212,-0.254794683,-1.287612007
9/19/2021,-0.651222057,-0.673692401,-0.719730373,-0.13584212,-0.254794683,-1.287612007
9/20/2021,-0.651222057,-0.673692401,-0.719730373,-0.13584212,-0.254794683,-1.287612007
9/21/2021,-0.651222057,-0.673692401,-0.719730373,-0.13584212,-0.254794683,-1.287612007
9/22/2021,-0.651222057,-0.673692401,-0.719730373,-0.13584212,-0.254794683,-1.287612007
9/23/2021,-0.651222057,-0.673692401,-0.719730373,-0.13584212,-0.254794683,-1.287612007
9/24/2021,-0.652407457,-0.673085838,-0.71570761,-0.136776253,-0.295418733,-1.280740351
9/25/2021,-0.652407457,-0.673085838,-0.71570761,-0.136776253,-0.295418733,-1.280740351
9/26/2021,-0.652407457,-0.673085838,-0.71570761,-0.136776253,-0.295418733,-1.280740351
9/27/2021,-0.652407457,-0.673085838,-0.71570761,-0.136776253,-0.295418733,-1.280740351
9/28/2021,-0.652407457,-0.673085838,-0.71570761,-0.136776253,-0.295418733,-1.280740351
9/29/2021,-0.652407457,-0.673085838,-0.71570761,-0.136776253,-0.295418733,-1.280740351
9/30/2021,-0.652407457,-0.673085838,-0.71570761,-0.136776253,-0.295418733,-1.280740351
10/1/2021,-0.652682507,-0.665502606,-0.709419458,-0.137053218,-0.335356704,-1.274578449
10/2/2021,-0.652682507,-0.665502606,-0.709419458,-0.137053218,-0.335356704,-1.274578449
10/3/2021,-0.652682507,-0.665502606,-0.709419458,-0.137053218,-0.335356704,-1.274578449
10/4/2021,-0.652682507,-0.665502606,-0.709419458,-0.137053218,-0.335356704,-1.274578449
10/5/2021,-0.652682507,-0.665502606,-0.709419458,-0.137053218,-0.335356704,-1.274578449
10/6/2021,-0.652682507,-0.665502606,-0.709419458,-0.137053218,-0.335356704,-1.274578449
10/7/2021,-0.652682507,-0.665502606,-0.709419458,-0.137053218,-0.335356704,-1.274578449
10/8/2021,-0.650950251,-0.655508554,-0.700043291,-0.136377126,-0.371235247,-1.268833764
10/9/2021,-0.650950251,-0.655508554,-0.700043291,-0.136377126,-0.371235247,-1.268833764
10/10/2021,-0.650950251,-0.655508554,-0.700043291,-0.136377126,-0.371235247,-1.268833764
10/11/2021,-0.650950251,-0.655508554,-0.700043291,-0.136377126,-0.371235247,-1.268833764
10/12/2021,-0.650950251,-0.655508554,-0.700043291,-0.136377126,-0.371235247,-1.268833764
10/13/2021,-0.650950251,-0.655508554,-0.700043291,-0.136377126,-0.371235247,-1.268833764
10/14/2021,-0.650950251,-0.655508554,-0.700043291,-0.136377126,-0.371235247,-1.268833764
10/15/2021,-0.645368823,-0.647076769,-0.686670591,-0.134467387,-0.39970721,-1.263170257
10/16/2021,-0.645368823,-0.647076769,-0.686670591,-0.134467387,-0.39970721,-1.263170257
10/17/2021,-0.645368823,-0.647076769,-0.686670591,-0.134467387,-0.39970721,-1.263170257
10/18/2021,-0.645368823,-0.647076769,-0.686670591,-0.134467387,-0.39970721,-1.263170257
10/19/2021,-0.645368823,-0.647076769,-0.686670591,-0.134467387,-0.39970721,-1.263170257
10/20/2021,-0.645368823,-0.647076769,-0.686670591,-0.134467387,-0.39970721,-1.263170257
10/21/2021,-0.645368823,-0.647076769,-0.686670591,-0.134467387,-0.39970721,-1.263170257
10/22/2021,-0.635522226,-0.639592762,-0.669070296,-0.131474018,-0.418803694,-1.257295877
10/23/2021,-0.635522226,-0.639592762,-0.669070296,-0.131474018,-0.418803694,-1.257295877
10/24/2021,-0.635522226,-0.639592762,-0.669070296,-0.131474018,-0.418803694,-1.257295877
10/25/2021,-0.635522226,-0.639592762,-0.669070296,-0.131474018,-0.418803694,-1.257295877
10/26/2021,-0.635522226,-0.639592762,-0.669070296,-0.131474018,-0.418803694,-1.257295877
10/27/2021,-0.635522226,-0.639592762,-0.669070296,-0.131474018,-0.418803694,-1.257295877
10/28/2021,-0.635522226,-0.639592762,-0.669070296,-0.131474018,-0.418803694,-1.257295877
10/29/2021,-0.621039592,-0.628311605,-0.648046602,-0.127140982,-0.427566517,-1.250934711
10/30/2021,-0.621039592,-0.628311605,-0.648046602,-0.127140982,-0.427566517,-1.250934711
10/31/2021,-0.621039592,-0.628311605,-0.648046602,-0.127140982,-0.427566517,-1.250934711
11/1/2021,-0.621039592,-0.628311605,-0.648046602,-0.127140982,-0.427566517,-1.250934711
11/2/2021,-0.621039592,-0.628311605,-0.648046602,-0.127140982,-0.427566517,-1.250934711
11/3/2021,-0.621039592,-0.628311605,-0.648046602,-0.127140982,-0.427566517,-1.250934711
11/4/2021,-0.621039592,-0.628311605,-0.648046602,-0.127140982,-0.427566517,-1.250934711
11/5/2021,-0.603284363,-0.608259141,-0.625297332,-0.121757045,-0.426571392,-1.243843626
11/6/2021,-0.603284363,-0.608259141,-0.625297332,-0.121757045,-0.426571392,-1.243843626
11/7/2021,-0.603284363,-0.608259141,-0.625297332,-0.121757045,-0.426571392,-1.243843626
11/8/2021,-0.603284363,-0.608259141,-0.625297332,-0.121757045,-0.426571392,-1.243843626
11/9/2021,-0.603284363,-0.608259141,-0.625297332,-0.121757045,-0.426571392,-1.243843626
11/10/2021,-0.603284363,-0.608259141,-0.625297332,-0.121757045,-0.426571392,-1.243843626
11/11/2021,-0.603284363,-0.608259141,-0.625297332,-0.121757045,-0.426571392,-1.243843626
11/12/2021,-0.583892965,-0.579019795,-0.602029577,-0.116243245,-0.417900218,-1.235826834
11/13/2021,-0.583892965,-0.579019795,-0.602029577,-0.116243245,-0.417900218,-1.235826834
11/14/2021,-0.583892965,-0.579019795,-0.602029577,-0.116243245,-0.417900218,-1.235826834
11/15/2021,-0.583892965,-0.579019795,-0.602029577,-0.116243245,-0.417900218,-1.235826834
11/16/2021,-0.583892965,-0.579019795,-0.602029577,-0.116243245,-0.417900218,-1.235826834
11/17/2021,-0.583892965,-0.579019795,-0.602029577,-0.116243245,-0.417900218,-1.235826834
11/18/2021,-0.583892965,-0.579019795,-0.602029577,-0.116243245,-0.417900218,-1.235826834
11/19/2021,-0.565748781,-0.545774573,-0.581940267,-0.110516438,-0.403912433,-1.226738287
11/20/2021,-0.565748781,-0.545774573,-0.581940267,-0.110516438,-0.403912433,-1.226738287
11/21/2021,-0.565748781,-0.545774573,-0.581940267,-0.110516438,-0.403912433,-1.226738287
11/22/2021,-0.565748781,-0.545774573,-0.581940267,-0.110516438,-0.403912433,-1.226738287
11/23/2021,-0.565748781,-0.545774573,-0.581940267,-0.110516438,-0.403912433,-1.226738287
11/24/2021,-0.565748781,-0.545774573,-0.581940267,-0.110516438,-0.403912433,-1.226738287
11/25/2021,-0.565748781,-0.545774573,-0.581940267,-0.110516438,-0.403912433,-1.226738287
11/26/2021,-0.549593553,-0.516251257,-0.565624345,-0.105198332,-0.387614707,-1.216481165
11/27/2021,-0.549593553,-0.516251257,-0.565624345,-0.105198332,-0.387614707,-1.216481165
11/28/2021,-0.549593553,-0.516251257,-0.565624345,-0.105198332,-0.387614707,-1.216481165
11/29/2021,-0.549593553,-0.516251257,-0.565624345,-0.105198332,-0.387614707,-1.216481165
11/30/2021,-0.549593553,-0.516251257,-0.565624345,-0.105198332,-0.387614707,-1.216481165
12/1/2021,-0.549593553,-0.516251257,-0.565624345,-0.105198332,-0.387614707,-1.216481165
12/2/2021,-0.549593553,-0.516251257,-0.565624345,-0.105198332,-0.387614707,-1.216481165
12/3/2021,-0.538353396,-0.499461722,-0.55581116,-0.100940459,-0.371547163,-1.2050106
12/4/2021,-0.538353396,-0.499461722,-0.55581116,-0.100940459,-0.371547163,-1.2050106
12/5/2021,-0.538353396,-0.499461722,-0.55581116,-0.100940459,-0.371547163,-1.2050106
12/6/2021,-0.538353396,-0.499461722,-0.55581116,-0.100940459,-0.371547163,-1.2050106
12/7/2021,-0.538353396,-0.499461722,-0.55581116,-0.100940459,-0.371547163,-1.2050106
12/8/2021,-0.538353396,-0.499461722,-0.55581116,-0.100940459,-0.371547163,-1.2050106
12/9/2021,-0.538353396,-0.499461722,-0.55581116,-0.100940459,-0.371547163,-1.2050106
12/10/2021,-0.536198503,-0.501781808,-0.555357518,-0.098194663,-0.359140519,-1.192329883
12/11/2021,-0.536198503,-0.501781808,-0.555357518,-0.098194663,-0.359140519,-1.192329883
12/12/2021,-0.536198503,-0.501781808,-0.555357518,-0.098194663,-0.359140519,-1.192329883
12/13/2021,-0.536198503,-0.501781808,-0.555357518,-0.098194663,-0.359140519,-1.192329883
12/14/2021,-0.536198503,-0.501781808,-0.555357518,-0.098194663,-0.359140519,-1.192329883
12/15/2021,-0.536198503,-0.501781808,-0.555357518,-0.098194663,-0.359140519,-1.192329883
12/16/2021,-0.536198503,-0.501781808,-0.555357518,-0.098194663,-0.359140519,-1.192329883
12/17/2021,-0.53880005,-0.515831336,-0.56088562,-0.095946957,-0.352133524,-1.178488044
12/18/2021,-0.53880005,-0.515831336,-0.56088562,-0.095946957,-0.352133524,-1.178488044
12/19/2021,-0.53880005,-0.515831336,-0.56088562,-0.095946957,-0.352133524,-1.178488044
12/20/2021,-0.53880005,-0.515831336,-0.56088562,-0.095946957,-0.352133524,-1.178488044
12/21/2021,-0.53880005,-0.515831336,-0.56088562,-0.095946957,-0.352133524,-1.178488044
12/22/2021,-0.53880005,-0.515831336,-0.56088562,-0.095946957,-0.352133524,-1.178488044
12/23/2021,-0.53880005,-0.515831336,-0.56088562,-0.095946957,-0.352133524,-1.178488044
12/24/2021,-0.545844944,-0.534036721,-0.570935374,-0.094034485,-0.352172541,-1.163577789
12/25/2021,-0.545844944,-0.534036721,-0.570935374,-0.094034485,-0.352172541,-1.163577789
12/26/2021,-0.545844944,-0.534036721,-0.570935374,-0.094034485,-0.352172541,-1.163577789
12/27/2021,-0.545844944,-0.534036721,-0.570935374,-0.094034485,-0.352172541,-1.163577789
12/28/2021,-0.545844944,-0.534036721,-0.570935374,-0.094034485,-0.352172541,-1.163577789
12/29/2021,-0.545844944,-0.534036721,-0.570935374,-0.094034485,-0.352172541,-1.163577789
12/30/2021,-0.545844944,-0.534036721,-0.570935374,-0.094034485,-0.352172541,-1.163577789
12/31/2021,-0.554451728,-0.546745582,-0.582448076,-0.091517541,-0.35973975,-1.147725203
1/1/2022,-0.554451728,-0.546745582,-0.582448076,-0.091517541,-0.35973975,-1.147725203
1/2/2022,-0.554451728,-0.546745582,-0.582448076,-0.091517541,-0.35973975,-1.147725203
1/3/2022,-0.554451728,-0.546745582,-0.582448076,-0.091517541,-0.35973975,-1.147725203
1/4/2022,-0.554451728,-0.546745582,-0.582448076,-0.091517541,-0.35973975,-1.147725203
1/5/2022,-0.554451728,-0.546745582,-0.582448076,-0.091517541,-0.35973975,-1.147725203
1/6/2022,-0.554451728,-0.546745582,-0.582448076,-0.091517541,-0.35973975,-1.147725203
1/7/2022,-0.560341601,-0.549312121,-0.591043857,-0.08691298,-0.375288922,-1.131071599
1/8/2022,-0.560341601,-0.549312121,-0.591043857,-0.08691298,-0.375288922,-1.131071599
1/9/2022,-0.560341601,-0.549312121,-0.591043857,-0.08691298,-0.375288922,-1.131071599
1/10/2022,-0.560341601,-0.549312121,-0.591043857,-0.08691298,-0.375288922,-1.131071599
1/11/2022,-0.560341601,-0.549312121,-0.591043857,-0.08691298,-0.375288922,-1.131071599
1/12/2022,-0.560341601,-0.549312121,-0.591043857,-0.08691298,-0.375288922,-1.131071599
1/13/2022,-0.560341601,-0.549312121,-0.591043857,-0.08691298,-0.375288922,-1.131071599
1/14/2022,-0.560430789,-0.542534201,-0.593291543,-0.079753286,-0.397352262,-1.11379539
1/15/2022,-0.560430789,-0.542534201,-0.593291543,-0.079753286,-0.397352262,-1.11379539
1/16/2022,-0.560430789,-0.542534201,-0.593291543,-0.079753286,-0.397352262,-1.11379539
1/17/2022,-0.560430789,-0.542534201,-0.593291543,-0.079753286,-0.397352262,-1.11379539
1/18/2022,-0.560430789,-0.542534201,-0.593291543,-0.079753286,-0.397352262,-1.11379539
1/19/2022,-0.560430789,-0.542534201,-0.593291543,-0.079753286,-0.397352262,-1.11379539
1/20/2022,-0.560430789,-0.542534201,-0.593291543,-0.079753286,-0.397352262,-1.11379539
1/21/2022,-0.553758552,-0.531380002,-0.587624801,-0.069522541,-0.42497882,-1.09606135
1/22/2022,-0.553758552,-0.531380002,-0.587624801,-0.069522541,-0.42497882,-1.09606135
1/23/2022,-0.553758552,-0.531380002,-0.587624801,-0.069522541,-0.42497882,-1.09606135
1/24/2022,-0.553758552,-0.531380002,-0.587624801,-0.069522541,-0.42497882,-1.09606135
1/25/2022,-0.553758552,-0.531380002,-0.587624801,-0.069522541,-0.42497882,-1.09606135
1/26/2022,-0.553758552,-0.531380002,-0.587624801,-0.069522541,-0.42497882,-1.09606135
1/27/2022,-0.553758552,-0.531380002,-0.587624801,-0.069522541,-0.42497882,-1.09606135
1/28/2022,-0.539567601,-0.517975418,-0.57303546,-0.0563848,-0.456196356,-1.07803089
1/29/2022,-0.539567601,-0.517975418,-0.57303546,-0.0563848,-0.456196356,-1.07803089
1/30/2022,-0.539567601,-0.517975418,-0.57303546,-0.0563848,-0.456196356,-1.07803089
1/31/2022,-0.539567601,-0.517975418,-0.57303546,-0.0563848,-0.456196356,-1.07803089
2/1/2022,-0.539567601,-0.517975418,-0.57303546,-0.0563848,-0.456196356,-1.07803089
2/2/2022,-0.539567601,-0.517975418,-0.57303546,-0.0563848,-0.456196356,-1.07803089
2/3/2022,-0.539567601,-0.517975418,-0.57303546,-0.0563848,-0.456196356,-1.07803089
2/4/2022,-0.520514155,-0.501097758,-0.551409631,-0.04106192,-0.489394284,-1.059855279
2/5/2022,-0.520514155,-0.501097758,-0.551409631,-0.04106192,-0.489394284,-1.059855279
2/6/2022,-0.520514155,-0.501097758,-0.551409631,-0.04106192,-0.489394284,-1.059855279
2/7/2022,-0.520514155,-0.501097758,-0.551409631,-0.04106192,-0.489394284,-1.059855279
2/8/2022,-0.520514155,-0.501097758,-0.551409631,-0.04106192,-0.489394284,-1.059855279
2/9/2022,-0.520514155,-0.501097758,-0.551409631,-0.04106192,-0.489394284,-1.059855279
2/10/2022,-0.520514155,-0.501097758,-0.551409631,-0.04106192,-0.489394284,-1.059855279
2/11/2022,-0.494950192,-0.471683896,-0.522240021,-0.024011517,-0.521723763,-1.041669726
2/12/2022,-0.494950192,-0.471683896,-0.522240021,-0.024011517,-0.521723763,-1.041669726
2/13/2022,-0.494950192,-0.471683896,-0.522240021,-0.024011517,-0.521723763,-1.041669726
2/14/2022,-0.494950192,-0.471683896,-0.522240021,-0.024011517,-0.521723763,-1.041669726
2/15/2022,-0.494950192,-0.471683896,-0.522240021,-0.024011517,-0.521723763,-1.041669726
2/16/2022,-0.494950192,-0.471683896,-0.522240021,-0.024011517,-0.521723763,-1.041669726
2/17/2022,-0.494950192,-0.471683896,-0.522240021,-0.024011517,-0.521723763,-1.041669726
2/18/2022,-0.465171917,-0.425560254,-0.488672826,-0.006122888,-0.550603313,-1.023591482
2/19/2022,-0.465171917,-0.425560254,-0.488672826,-0.006122888,-0.550603313,-1.023591482
2/20/2022,-0.465171917,-0.425560254,-0.488672826,-0.006122888,-0.550603313,-1.023591482
2/21/2022,-0.465171917,-0.425560254,-0.488672826,-0.006122888,-0.550603313,-1.023591482
2/22/2022,-0.465171917,-0.425560254,-0.488672826,-0.006122888,-0.550603313,-1.023591482
2/23/2022,-0.465171917,-0.425560254,-0.488672826,-0.006122888,-0.550603313,-1.023591482
2/24/2022,-0.465171917,-0.425560254,-0.488672826,-0.006122888,-0.550603313,-1.023591482
2/25/2022,-0.43549497,-0.366747189,-0.454691619,0.010995646,-0.574228236,-1.005721485
2/26/2022,-0.43549497,-0.366747189,-0.454691619,0.010995646,-0.574228236,-1.005721485
2/27/2022,-0.43549497,-0.366747189,-0.454691619,0.010995646,-0.574228236,-1.005721485
2/28/2022,-0.43549497,-0.366747189,-0.454691619,0.010995646,-0.574228236,-1.005721485
3/1/2022,-0.43549497,-0.366747189,-0.454691619,0.010995646,-0.574228236,-1.005721485
3/2/2022,-0.43549497,-0.366747189,-0.454691619,0.010995646,-0.574228236,-1.005721485
3/3/2022,-0.43549497,-0.366747189,-0.454691619,0.010995646,-0.574228236,-1.005721485
3/4/2022,-0.40829236,-0.305245887,-0.423493322,0.02667025,-0.590867506,-0.988144656
3/5/2022,-0.40829236,-0.305245887,-0.423493322,0.02667025,-0.590867506,-0.988144656
3/6/2022,-0.40829236,-0.305245887,-0.423493322,0.02667025,-0.590867506,-0.988144656
3/7/2022,-0.40829236,-0.305245887,-0.423493322,0.02667025,-0.590867506,-0.988144656
3/8/2022,-0.40829236,-0.305245887,-0.423493322,0.02667025,-0.590867506,-0.988144656
3/9/2022,-0.40829236,-0.305245887,-0.423493322,0.02667025,-0.590867506,-0.988144656
3/10/2022,-0.40829236,-0.305245887,-0.423493322,0.02667025,-0.590867506,-0.988144656
3/11/2022,-0.38725298,-0.260074321,-0.399056716,0.039988201,-0.598803986,-0.970931418
3/12/2022,-0.38725298,-0.260074321,-0.399056716,0.039988201,-0.598803986,-0.970931418
3/13/2022,-0.38725298,-0.260074321,-0.399056716,0.039988201,-0.598803986,-0.970931418
3/14/2022,-0.38725298,-0.260074321,-0.399056716,0.039988201,-0.598803986,-0.970931418
3/15/2022,-0.38725298,-0.260074321,-0.399056716,0.039988201,-0.598803986,-0.970931418
3/16/2022,-0.38725298,-0.260074321,-0.399056716,0.039988201,-0.598803986,-0.970931418
3/17/2022,-0.38725298,-0.260074321,-0.399056716,0.039988201,-0.598803986,-0.970931418
3/18/2022,-0.375419046,-0.243417237,-0.384377839,0.050393138,-0.596803494,-0.954140376
3/19/2022,-0.375419046,-0.243417237,-0.384377839,0.050393138,-0.596803494,-0.954140376
3/20/2022,-0.375419046,-0.243417237,-0.384377839,0.050393138,-0.596803494,-0.954140376
3/21/2022,-0.375419046,-0.243417237,-0.384377839,0.050393138,-0.596803494,-0.954140376
3/22/2022,-0.375419046,-0.243417237,-0.384377839,0.050393138,-0.596803494,-0.954140376
3/23/2022,-0.375419046,-0.243417237,-0.384377839,0.050393138,-0.596803494,-0.954140376
3/24/2022,-0.375419046,-0.243417237,-0.384377839,0.050393138,-0.596803494,-0.954140376
3/25/2022,-0.369839168,-0.252825717,-0.376965266,0.057884111,-0.583386472,-0.937818975
3/26/2022,-0.369839168,-0.252825717,-0.376965266,0.057884111,-0.583386472,-0.937818975
3/27/2022,-0.369839168,-0.252825717,-0.376965266,0.057884111,-0.583386472,-0.937818975
3/28/2022,-0.369839168,-0.252825717,-0.376965266,0.057884111,-0.583386472,-0.937818975
3/29/2022,-0.369839168,-0.252825717,-0.376965266,0.057884111,-0.583386472,-0.937818975
3/30/2022,-0.369839168,-0.252825717,-0.376965266,0.057884111,-0.583386472,-0.937818975
3/31/2022,-0.369839168,-0.252825717,-0.376965266,0.057884111,-0.583386472,-0.937818975
4/1/2022,-0.367714448,-0.27429083,-0.374570098,0.063445549,-0.558084874,-0.922006199
4/2/2022,-0.367714448,-0.27429083,-0.374570098,0.063445549,-0.558084874,-0.922006199
4/3/2022,-0.367714448,-0.27429083,-0.374570098,0.063445549,-0.558084874,-0.922006199
4/4/2022,-0.367714448,-0.27429083,-0.374570098,0.063445549,-0.558084874,-0.922006199
4/5/2022,-0.367714448,-0.27429083,-0.374570098,0.063445549,-0.558084874,-0.922006199
4/6/2022,-0.367714448,-0.27429083,-0.374570098,0.063445549,-0.558084874,-0.922006199
4/7/2022,-0.367714448,-0.27429083,-0.374570098,0.063445549,-0.558084874,-0.922006199
4/8/2022,-0.365383703,-0.28938464,-0.37387394,0.068531704,-0.521295545,-0.906729975
4/9/2022,-0.365383703,-0.28938464,-0.37387394,0.068531704,-0.521295545,-0.906729975
4/10/2022,-0.365383703,-0.28938464,-0.37387394,0.068531704,-0.521295545,-0.906729975
4/11/2022,-0.365383703,-0.28938464,-0.37387394,0.068531704,-0.521295545,-0.906729975
4/12/2022,-0.365383703,-0.28938464,-0.37387394,0.068531704,-0.521295545,-0.906729975
4/13/2022,-0.365383703,-0.28938464,-0.37387394,0.068531704,-0.521295545,-0.906729975
4/14/2022,-0.365383703,-0.28938464,-0.37387394,0.068531704,-0.521295545,-0.906729975
4/15/2022,-0.358633343,-0.280604397,-0.370468812,0.073998295,-0.47328758,-0.892016567
4/16/2022,-0.358633343,-0.280604397,-0.370468812,0.073998295,-0.47328758,-0.892016567
4/17/2022,-0.358633343,-0.280604397,-0.370468812,0.073998295,-0.47328758,-0.892016567
4/18/2022,-0.358633343,-0.280604397,-0.370468812,0.073998295,-0.47328758,-0.892016567
4/19/2022,-0.358633343,-0.280604397,-0.370468812,0.073998295,-0.47328758,-0.892016567
4/20/2022,-0.358633343,-0.280604397,-0.370468812,0.073998295,-0.47328758,-0.892016567
4/21/2022,-0.358633343,-0.280604397,-0.370468812,0.073998295,-0.47328758,-0.892016567
4/22/2022,-0.348334845,-0.24971667,-0.364261825,0.080759611,-0.41606409,-0.877870727
4/23/2022,-0.348334845,-0.24971667,-0.364261825,0.080759611,-0.41606409,-0.877870727
4/24/2022,-0.348334845,-0.24971667,-0.364261825,0.080759611,-0.41606409,-0.877870727
4/25/2022,-0.348334845,-0.24971667,-0.364261825,0.080759611,-0.41606409,-0.877870727
4/26/2022,-0.348334845,-0.24971667,-0.364261825,0.080759611,-0.41606409,-0.877870727
4/27/2022,-0.348334845,-0.24971667,-0.364261825,0.080759611,-0.41606409,-0.877870727
4/28/2022,-0.348334845,-0.24971667,-0.364261825,0.080759611,-0.41606409,-0.877870727
4/29/2022,-0.333290097,-0.206963698,-0.353539431,0.089419241,-0.351444327,-0.864289412
4/30/2022,-0.333290097,-0.206963698,-0.353539431,0.089419241,-0.351444327,-0.864289412
5/1/2022,-0.333290097,-0.206963698,-0.353539431,0.089419241,-0.351444327,-0.864289412
5/2/2022,-0.333290097,-0.206963698,-0.353539431,0.089419241,-0.351444327,-0.864289412
5/3/2022,-0.333290097,-0.206963698,-0.353539431,0.089419241,-0.351444327,-0.864289412
5/4/2022,-0.333290097,-0.206963698,-0.353539431,0.089419241,-0.351444327,-0.864289412
5/5/2022,-0.333290097,-0.206963698,-0.353539431,0.089419241,-0.351444327,-0.864289412
5/6/2022,-0.315667282,-0.169898601,-0.339952926,0.100370741,-0.281925272,-0.851256577
5/7/2022,-0.315667282,-0.169898601,-0.339952926,0.100370741,-0.281925272,-0.851256577
5/8/2022,-0.315667282,-0.169898601,-0.339952926,0.100370741,-0.281925272,-0.851256577
5/9/2022,-0.315667282,-0.169898601,-0.339952926,0.100370741,-0.281925272,-0.851256577
5/10/2022,-0.315667282,-0.169898601,-0.339952926,0.100370741,-0.281925272,-0.851256577
5/11/2022,-0.315667282,-0.169898601,-0.339952926,0.100370741,-0.281925272,-0.851256577
5/12/2022,-0.315667282,-0.169898601,-0.339952926,0.100370741,-0.281925272,-0.851256577
5/13/2022,-0.296820336,-0.149017142,-0.324056283,0.113306547,-0.210428256,-0.838745889
5/14/2022,-0.296820336,-0.149017142,-0.324056283,0.113306547,-0.210428256,-0.838745889
5/15/2022,-0.296820336,-0.149017142,-0.324056283,0.113306547,-0.210428256,-0.838745889
5/16/2022,-0.296820336,-0.149017142,-0.324056283,0.113306547,-0.210428256,-0.838745889
5/17/2022,-0.296820336,-0.149017142,-0.324056283,0.113306547,-0.210428256,-0.838745889
5/18/2022,-0.296820336,-0.149017142,-0.324056283,0.113306547,-0.210428256,-0.838745889
5/19/2022,-0.296820336,-0.149017142,-0.324056283,0.113306547,-0.210428256,-0.838745889
5/20/2022,-0.277880568,-0.142845984,-0.306992928,0.128169874,-0.140225971,-0.826723913
5/21/2022,-0.277880568,-0.142845984,-0.306992928,0.128169874,-0.140225971,-0.826723913
5/22/2022,-0.277880568,-0.142845984,-0.306992928,0.128169874,-0.140225971,-0.826723913
5/23/2022,-0.277880568,-0.142845984,-0.306992928,0.128169874,-0.140225971,-0.826723913
5/24/2022,-0.277880568,-0.142845984,-0.306992928,0.128169874,-0.140225971,-0.826723913
5/25/2022,-0.277880568,-0.142845984,-0.306992928,0.128169874,-0.140225971,-0.826723913
5/26/2022,-0.277880568,-0.142845984,-0.306992928,0.128169874,-0.140225971,-0.826723913
5/27/2022,-0.256653976,-0.136881475,-0.287390683,0.14437693,-0.073499509,-0.815153728
5/28/2022,-0.256653976,-0.136881475,-0.287390683,0.14437693,-0.073499509,-0.815153728
5/29/2022,-0.256653976,-0.136881475,-0.287390683,0.14437693,-0.073499509,-0.815153728
5/30/2022,-0.256653976,-0.136881475,-0.287390683,0.14437693,-0.073499509,-0.815153728
5/31/2022,-0.256653976,-0.136881475,-0.287390683,0.14437693,-0.073499509,-0.815153728
6/1/2022,-0.256653976,-0.136881475,-0.287390683,0.14437693,-0.073499509,-0.815153728
6/2/2022,-0.256653976,-0.136881475,-0.287390683,0.14437693,-0.073499509,-0.815153728
6/3/2022,-0.233626515,-0.11951617,-0.267318477,0.161687639,-0.01245315,-0.803998128
6/4/2022,-0.233626515,-0.11951617,-0.267318477,0.161687639,-0.01245315,-0.803998128
6/5/2022,-0.233626515,-0.11951617,-0.267318477,0.161687639,-0.01245315,-0.803998128
6/6/2022,-0.233626515,-0.11951617,-0.267318477,0.161687639,-0.01245315,-0.803998128
6/7/2022,-0.233626515,-0.11951617,-0.267318477,0.161687639,-0.01245315,-0.803998128
6/8/2022,-0.233626515,-0.11951617,-0.267318477,0.161687639,-0.01245315,-0.803998128
6/9/2022,-0.233626515,-0.11951617,-0.267318477,0.161687639,-0.01245315,-0.803998128
6/10/2022,-0.209148475,-0.086768152,-0.247610845,0.178730897,0.041091455,-0.793223242
6/11/2022,-0.209148475,-0.086768152,-0.247610845,0.178730897,0.041091455,-0.793223242
6/12/2022,-0.209148475,-0.086768152,-0.247610845,0.178730897,0.041091455,-0.793223242
6/13/2022,-0.209148475,-0.086768152,-0.247610845,0.178730897,0.041091455,-0.793223242
6/14/2022,-0.209148475,-0.086768152,-0.247610845,0.178730897,0.041091455,-0.793223242
6/15/2022,-0.209148475,-0.086768152,-0.247610845,0.178730897,0.041091455,-0.793223242
6/16/2022,-0.209148475,-0.086768152,-0.247610845,0.178730897,0.041091455,-0.793223242
6/17/2022,-0.185194993,-0.048094246,-0.230183597,0.193974911,0.085442389,-0.782801927
6/18/2022,-0.185194993,-0.048094246,-0.230183597,0.193974911,0.085442389,-0.782801927
6/19/2022,-0.185194993,-0.048094246,-0.230183597,0.193974911,0.085442389,-0.782801927
6/20/2022,-0.185194993,-0.048094246,-0.230183597,0.193974911,0.085442389,-0.782801927
6/21/2022,-0.185194993,-0.048094246,-0.230183597,0.193974911,0.085442389,-0.782801927
6/22/2022,-0.185194993,-0.048094246,-0.230183597,0.193974911,0.085442389,-0.782801927
6/23/2022,-0.185194993,-0.048094246,-0.230183597,0.193974911,0.085442389,-0.782801927
6/24/2022,-0.169324515,-0.023176256,-0.220057426,0.204603147,0.118993125,-0.772716806
6/25/2022,-0.169324515,-0.023176256,-0.220057426,0.204603147,0.118993125,-0.772716806
6/26/2022,-0.169324515,-0.023176256,-0.220057426,0.204603147,0.118993125,-0.772716806
6/27/2022,-0.169324515,-0.023176256,-0.220057426,0.204603147,0.118993125,-0.772716806
6/28/2022,-0.169324515,-0.023176256,-0.220057426,0.204603147,0.118993125,-0.772716806
6/29/2022,-0.169324515,-0.023176256,-0.220057426,0.204603147,0.118993125,-0.772716806
6/30/2022,-0.169324515,-0.023176256,-0.220057426,0.204603147,0.118993125,-0.772716806
7/1/2022,-0.163020801,-0.027207136,-0.218567036,0.210158302,0.140906131,-0.762962082
7/2/2022,-0.163020801,-0.027207136,-0.218567036,0.210158302,0.140906131,-0.762962082
7/3/2022,-0.163020801,-0.027207136,-0.218567036,0.210158302,0.140906131,-0.762962082
7/4/2022,-0.163020801,-0.027207136,-0.218567036,0.210158302,0.140906131,-0.762962082
7/5/2022,-0.163020801,-0.027207136,-0.218567036,0.210158302,0.140906131,-0.762962082
7/6/2022,-0.163020801,-0.027207136,-0.218567036,0.210158302,0.140906131,-0.762962082
7/7/2022,-0.163020801,-0.027207136,-0.218567036,0.210158302,0.140906131,-0.762962082
7/8/2022,-0.166334513,-0.063098769,-0.224512477,0.209832018,0.151477495,-0.753541701
7/9/2022,-0.166334513,-0.063098769,-0.224512477,0.209832018,0.151477495,-0.753541701
7/10/2022,-0.166334513,-0.063098769,-0.224512477,0.209832018,0.151477495,-0.753541701
7/11/2022,-0.166334513,-0.063098769,-0.224512477,0.209832018,0.151477495,-0.753541701
7/12/2022,-0.166334513,-0.063098769,-0.224512477,0.209832018,0.151477495,-0.753541701
7/13/2022,-0.166334513,-0.063098769,-0.224512477,0.209832018,0.151477495,-0.753541701
7/14/2022,-0.166334513,-0.063098769,-0.224512477,0.209832018,0.151477495,-0.753541701
7/15/2022,-0.179767671,-0.118707843,-0.237093346,0.203807586,0.151298569,-0.744476566
7/16/2022,-0.179767671,-0.118707843,-0.237093346,0.203807586,0.151298569,-0.744476566
7/17/2022,-0.179767671,-0.118707843,-0.237093346,0.203807586,0.151298569,-0.744476566
7/18/2022,-0.179767671,-0.118707843,-0.237093346,0.203807586,0.151298569,-0.744476566
7/19/2022,-0.179767671,-0.118707843,-0.237093346,0.203807586,0.151298569,-0.744476566
7/20/2022,-0.179767671,-0.118707843,-0.237093346,0.203807586,0.151298569,-0.744476566
7/21/2022,-0.179767671,-0.118707843,-0.237093346,0.203807586,0.151298569,-0.744476566
7/22/2022,-0.198914266,-0.176163501,-0.252424103,0.193919218,0.142275595,-0.73578906
7/23/2022,-0.198914266,-0.176163501,-0.252424103,0.193919218,0.142275595,-0.73578906
7/24/2022,-0.198914266,-0.176163501,-0.252424103,0.193919218,0.142275595,-0.73578906
7/25/2022,-0.198914266,-0.176163501,-0.252424103,0.193919218,0.142275595,-0.73578906
7/26/2022,-0.198914266,-0.176163501,-0.252424103,0.193919218,0.142275595,-0.73578906
7/27/2022,-0.198914266,-0.176163501,-0.252424103,0.193919218,0.142275595,-0.73578906
7/28/2022,-0.198914266,-0.176163501,-0.252424103,0.193919218,0.142275595,-0.73578906
7/29/2022,-0.217149213,-0.217056899,-0.26492259,0.182792046,0.126751862,-0.727510799
7/30/2022,-0.217149213,-0.217056899,-0.26492259,0.182792046,0.126751862,-0.727510799
7/31/2022,-0.217149213,-0.217056899,-0.26492259,0.182792046,0.126751862,-0.727510799
8/1/2022,-0.217149213,-0.217056899,-0.26492259,0.182792046,0.126751862,-0.727510799
8/2/2022,-0.217149213,-0.217056899,-0.26492259,0.182792046,0.126751862,-0.727510799
8/3/2022,-0.217149213,-0.217056899,-0.26492259,0.182792046,0.126751862,-0.727510799
8/4/2022,-0.217149213,-0.217056899,-0.26492259,0.182792046,0.126751862,-0.727510799
8/5/2022,-0.230436505,-0.235954745,-0.271747776,0.173217308,0.107202297,-0.719677494
8/6/2022,-0.230436505,-0.235954745,-0.271747776,0.173217308,0.107202297,-0.719677494
8/7/2022,-0.230436505,-0.235954745,-0.271747776,0.173217308,0.107202297,-0.719677494
8/8/2022,-0.230436505,-0.235954745,-0.271747776,0.173217308,0.107202297,-0.719677494
8/9/2022,-0.230436505,-0.235954745,-0.271747776,0.173217308,0.107202297,-0.719677494
8/10/2022,-0.230436505,-0.235954745,-0.271747776,0.173217308,0.107202297,-0.719677494
8/11/2022,-0.230436505,-0.235954745,-0.271747776,0.173217308,0.107202297,-0.719677494
8/12/2022,-0.238007129,-0.23902368,-0.271980406,0.166800629,0.085845616,-0.712328296
8/13/2022,-0.238007129,-0.23902368,-0.271980406,0.166800629,0.085845616,-0.712328296
8/14/2022,-0.238007129,-0.23902368,-0.271980406,0.166800629,0.085845616,-0.712328296
8/15/2022,-0.238007129,-0.23902368,-0.271980406,0.166800629,0.085845616,-0.712328296
8/16/2022,-0.238007129,-0.23902368,-0.271980406,0.166800629,0.085845616,-0.712328296
8/17/2022,-0.238007129,-0.23902368,-0.271980406,0.166800629,0.085845616,-0.712328296
8/18/2022,-0.238007129,-0.23902368,-0.271980406,0.166800629,0.085845616,-0.712328296
8/19/2022,-0.235742685,-0.233957415,-0.263929609,0.165889209,0.065454686,-0.705504481
8/20/2022,-0.235742685,-0.233957415,-0.263929609,0.165889209,0.065454686,-0.705504481
8/21/2022,-0.235742685,-0.233957415,-0.263929609,0.165889209,0.065454686,-0.705504481
8/22/2022,-0.235742685,-0.233957415,-0.263929609,0.165889209,0.065454686,-0.705504481
8/23/2022,-0.235742685,-0.233957415,-0.263929609,0.165889209,0.065454686,-0.705504481
8/24/2022,-0.235742685,-0.233957415,-0.263929609,0.165889209,0.065454686,-0.705504481
8/25/2022,-0.235742685,-0.233957415,-0.263929609,0.165889209,0.065454686,-0.705504481
8/26/2022,-0.223263474,-0.226535761,-0.247299082,0.171145297,0.046616474,-0.699249268
8/27/2022,-0.223263474,-0.226535761,-0.247299082,0.171145297,0.046616474,-0.699249268
8/28/2022,-0.223263474,-0.226535761,-0.247299082,0.171145297,0.046616474,-0.699249268
8/29/2022,-0.223263474,-0.226535761,-0.247299082,0.171145297,0.046616474,-0.699249268
8/30/2022,-0.223263474,-0.226535761,-0.247299082,0.171145297,0.046616474,-0.699249268
8/31/2022,-0.223263474,-0.226535761,-0.247299082,0.171145297,0.046616474,-0.699249268
9/1/2022,-0.223263474,-0.226535761,-0.247299082,0.171145297,0.046616474,-0.699249268
9/2/2022,-0.202377071,-0.216566873,-0.2243567,0.181876183,0.030610958,-0.693606748
9/3/2022,-0.202377071,-0.216566873,-0.2243567,0.181876183,0.030610958,-0.693606748
9/4/2022,-0.202377071,-0.216566873,-0.2243567,0.181876183,0.030610958,-0.693606748
9/5/2022,-0.202377071,-0.216566873,-0.2243567,0.181876183,0.030610958,-0.693606748
9/6/2022,-0.202377071,-0.216566873,-0.2243567,0.181876183,0.030610958,-0.693606748
9/7/2022,-0.202377071,-0.216566873,-0.2243567,0.181876183,0.030610958,-0.693606748
9/8/2022,-0.202377071,-0.216566873,-0.2243567,0.181876183,0.030610958,-0.693606748
9/9/2022,-0.176573086,-0.200075484,-0.197759296,0.196088246,0.017342471,-0.688621702
9/10/2022,-0.176573086,-0.200075484,-0.197759296,0.196088246,0.017342471,-0.688621702
9/11/2022,-0.176573086,-0.200075484,-0.197759296,0.196088246,0.017342471,-0.688621702
9/12/2022,-0.176573086,-0.200075484,-0.197759296,0.196088246,0.017342471,-0.688621702
9/13/2022,-0.176573086,-0.200075484,-0.197759296,0.196088246,0.017342471,-0.688621702
9/14/2022,-0.176573086,-0.200075484,-0.197759296,0.196088246,0.017342471,-0.688621702
9/15/2022,-0.176573086,-0.200075484,-0.197759296,0.196088246,0.017342471,-0.688621702
9/16/2022,-0.148794976,-0.169817441,-0.171033984,0.21263955,0.005685045,-0.684339439
9/17/2022,-0.148794976,-0.169817441,-0.171033984,0.21263955,0.005685045,-0.684339439
9/18/2022,-0.148794976,-0.169817441,-0.171033984,0.21263955,0.005685045,-0.684339439
9/19/2022,-0.148794976,-0.169817441,-0.171033984,0.21263955,0.005685045,-0.684339439
9/20/2022,-0.148794976,-0.169817441,-0.171033984,0.21263955,0.005685045,-0.684339439
9/21/2022,-0.148794976,-0.169817441,-0.171033984,0.21263955,0.005685045,-0.684339439
9/22/2022,-0.148794976,-0.169817441,-0.171033984,0.21263955,0.005685045,-0.684339439
9/23/2022,-0.123509096,-0.129287288,-0.148000601,0.228457126,-0.004229821,-0.680804962
9/24/2022,-0.123509096,-0.129287288,-0.148000601,0.228457126,-0.004229821,-0.680804962
9/25/2022,-0.123509096,-0.129287288,-0.148000601,0.228457126,-0.004229821,-0.680804962
9/26/2022,-0.123509096,-0.129287288,-0.148000601,0.228457126,-0.004229821,-0.680804962
9/27/2022,-0.123509096,-0.129287288,-0.148000601,0.228457126,-0.004229821,-0.680804962
9/28/2022,-0.123509096,-0.129287288,-0.148000601,0.228457126,-0.004229821,-0.680804962
9/29/2022,-0.123509096,-0.129287288,-0.148000601,0.228457126,-0.004229821,-0.680804962
9/30/2022,-0.104597746,-0.089402327,-0.131723709,0.24152701,-0.013994163,-0.678060898
10/1/2022,-0.104597746,-0.089402327,-0.131723709,0.24152701,-0.013994163,-0.678060898
10/2/2022,-0.104597746,-0.089402327,-0.131723709,0.24152701,-0.013994163,-0.678060898
10/3/2022,-0.104597746,-0.089402327,-0.131723709,0.24152701,-0.013994163,-0.678060898
10/4/2022,-0.104597746,-0.089402327,-0.131723709,0.24152701,-0.013994163,-0.678060898
10/5/2022,-0.104597746,-0.089402327,-0.131723709,0.24152701,-0.013994163,-0.678060898
10/6/2022,-0.104597746,-0.089402327,-0.131723709,0.24152701,-0.013994163,-0.678060898
10/7/2022,-0.097458243,-0.063044169,-0.125411966,0.249287973,-0.02505529,-0.67615068
10/8/2022,-0.097458243,-0.063044169,-0.125411966,0.249287973,-0.02505529,-0.67615068
10/9/2022,-0.097458243,-0.063044169,-0.125411966,0.249287973,-0.02505529,-0.67615068
10/10/2022,-0.097458243,-0.063044169,-0.125411966,0.249287973,-0.02505529,-0.67615068
10/11/2022,-0.097458243,-0.063044169,-0.125411966,0.249287973,-0.02505529,-0.67615068
10/12/2022,-0.097458243,-0.063044169,-0.125411966,0.249287973,-0.02505529,-0.67615068
10/13/2022,-0.097458243,-0.063044169,-0.125411966,0.249287973,-0.02505529,-0.67615068
10/14/2022,-0.099344877,-0.059454083,-0.127067856,0.251627063,-0.037753159,-0.675113443
10/15/2022,-0.099344877,-0.059454083,-0.127067856,0.251627063,-0.037753159,-0.675113443
10/16/2022,-0.099344877,-0.059454083,-0.127067856,0.251627063,-0.037753159,-0.675113443
10/17/2022,-0.099344877,-0.059454083,-0.127067856,0.251627063,-0.037753159,-0.675113443
10/18/2022,-0.099344877,-0.059454083,-0.127067856,0.251627063,-0.037753159,-0.675113443
10/19/2022,-0.099344877,-0.059454083,-0.127067856,0.251627063,-0.037753159,-0.675113443
10/20/2022,-0.099344877,-0.059454083,-0.127067856,0.251627063,-0.037753159,-0.675113443
10/21/2022,-0.109911494,-0.079673217,-0.135425137,0.248101857,-0.052457067,-0.674980067
10/22/2022,-0.109911494,-0.079673217,-0.135425137,0.248101857,-0.052457067,-0.674980067
10/23/2022,-0.109911494,-0.079673217,-0.135425137,0.248101857,-0.052457067,-0.674980067
10/24/2022,-0.109911494,-0.079673217,-0.135425137,0.248101857,-0.052457067,-0.674980067
10/25/2022,-0.109911494,-0.079673217,-0.135425137,0.248101857,-0.052457067,-0.674980067
10/26/2022,-0.109911494,-0.079673217,-0.135425137,0.248101857,-0.052457067,-0.674980067
10/27/2022,-0.109911494,-0.079673217,-0.135425137,0.248101857,-0.052457067,-0.674980067
10/28/2022,-0.125182171,-0.113045718,-0.147145548,0.240287827,-0.069717085,-0.675776176
10/29/2022,-0.125182171,-0.113045718,-0.147145548,0.240287827,-0.069717085,-0.675776176
10/30/2022,-0.125182171,-0.113045718,-0.147145548,0.240287827,-0.069717085,-0.675776176
10/31/2022,-0.125182171,-0.113045718,-0.147145548,0.240287827,-0.069717085,-0.675776176
11/1/2022,-0.125182171,-0.113045718,-0.147145548,0.240287827,-0.069717085,-0.675776176
11/2/2022,-0.125182171,-0.113045718,-0.147145548,0.240287827,-0.069717085,-0.675776176
11/3/2022,-0.125182171,-0.113045718,-0.147145548,0.240287827,-0.069717085,-0.675776176
11/4/2022,-0.143149051,-0.149191022,-0.160617412,0.229540886,-0.08930729,-0.677516787
11/5/2022,-0.143149051,-0.149191022,-0.160617412,0.229540886,-0.08930729,-0.677516787
11/6/2022,-0.143149051,-0.149191022,-0.160617412,0.229540886,-0.08930729,-0.677516787
11/7/2022,-0.143149051,-0.149191022,-0.160617412,0.229540886,-0.08930729,-0.677516787
11/8/2022,-0.143149051,-0.149191022,-0.160617412,0.229540886,-0.08930729,-0.677516787
11/9/2022,-0.143149051,-0.149191022,-0.160617412,0.229540886,-0.08930729,-0.677516787
11/10/2022,-0.143149051,-0.149191022,-0.160617412,0.229540886,-0.08930729,-0.677516787
11/11/2022,-0.160289432,-0.175444722,-0.174148481,0.218219357,-0.110630295,-0.680201269
11/12/2022,-0.160289432,-0.175444722,-0.174148481,0.218219357,-0.110630295,-0.680201269
11/13/2022,-0.160289432,-0.175444722,-0.174148481,0.218219357,-0.110630295,-0.680201269
11/14/2022,-0.160289432,-0.175444722,-0.174148481,0.218219357,-0.110630295,-0.680201269
11/15/2022,-0.160289432,-0.175444722,-0.174148481,0.218219357,-0.110630295,-0.680201269
11/16/2022,-0.160289432,-0.175444722,-0.174148481,0.218219357,-0.110630295,-0.680201269
11/17/2022,-0.160289432,-0.175444722,-0.174148481,0.218219357,-0.110630295,-0.680201269
11/18/2022,-0.173249756,-0.188123125,-0.185356569,0.208153454,-0.133975879,-0.68381131
11/19/2022,-0.173249756,-0.188123125,-0.185356569,0.208153454,-0.133975879,-0.68381131
11/20/2022,-0.173249756,-0.188123125,-0.185356569,0.208153454,-0.133975879,-0.68381131
11/21/2022,-0.173249756,-0.188123125,-0.185356569,0.208153454,-0.133975879,-0.68381131
11/22/2022,-0.173249756,-0.188123125,-0.185356569,0.208153454,-0.133975879,-0.68381131
11/23/2022,-0.173249756,-0.188123125,-0.185356569,0.208153454,-0.133975879,-0.68381131
11/24/2022,-0.173249756,-0.188123125,-0.185356569,0.208153454,-0.133975879,-0.68381131
11/25/2022,-0.181169609,-0.189470268,-0.193967353,0.200489091,-0.159781432,-0.688307892
11/26/2022,-0.181169609,-0.189470268,-0.193967353,0.200489091,-0.159781432,-0.688307892
11/27/2022,-0.181169609,-0.189470268,-0.193967353,0.200489091,-0.159781432,-0.688307892
11/28/2022,-0.181169609,-0.189470268,-0.193967353,0.200489091,-0.159781432,-0.688307892
11/29/2022,-0.181169609,-0.189470268,-0.193967353,0.200489091,-0.159781432,-0.688307892
11/30/2022,-0.181169609,-0.189470268,-0.193967353,0.200489091,-0.159781432,-0.688307892
12/1/2022,-0.181169609,-0.189470268,-0.193967353,0.200489091,-0.159781432,-0.688307892
12/2/2022,-0.185947871,-0.188175091,-0.202677729,0.195771344,-0.188018594,-0.693627982
12/3/2022,-0.185947871,-0.188175091,-0.202677729,0.195771344,-0.188018594,-0.693627982
12/4/2022,-0.185947871,-0.188175091,-0.202677729,0.195771344,-0.188018594,-0.693627982
12/5/2022,-0.185947871,-0.188175091,-0.202677729,0.195771344,-0.188018594,-0.693627982
12/6/2022,-0.185947871,-0.188175091,-0.202677729,0.195771344,-0.188018594,-0.693627982
12/7/2022,-0.185947871,-0.188175091,-0.202677729,0.195771344,-0.188018594,-0.693627982
12/8/2022,-0.185947871,-0.188175091,-0.202677729,0.195771344,-0.188018594,-0.693627982
12/9/2022,-0.1890244,-0.191251016,-0.21204693,0.193307126,-0.21943173,-0.699684646
12/10/2022,-0.1890244,-0.191251016,-0.21204693,0.193307126,-0.21943173,-0.699684646
12/11/2022,-0.1890244,-0.191251016,-0.21204693,0.193307126,-0.21943173,-0.699684646
12/12/2022,-0.1890244,-0.191251016,-0.21204693,0.193307126,-0.21943173,-0.699684646
12/13/2022,-0.1890244,-0.191251016,-0.21204693,0.193307126,-0.21943173,-0.699684646
12/14/2022,-0.1890244,-0.191251016,-0.21204693,0.193307126,-0.21943173,-0.699684646
12/15/2022,-0.1890244,-0.191251016,-0.21204693,0.193307126,-0.21943173,-0.699684646
12/16/2022,-0.19547149,-0.202762022,-0.225423525,0.191288711,-0.253963988,-0.706365117
12/17/2022,-0.19547149,-0.202762022,-0.225423525,0.191288711,-0.253963988,-0.706365117
12/18/2022,-0.19547149,-0.202762022,-0.225423525,0.191288711,-0.253963988,-0.706365117
12/19/2022,-0.19547149,-0.202762022,-0.225423525,0.191288711,-0.253963988,-0.706365117
12/20/2022,-0.19547149,-0.202762022,-0.225423525,0.191288711,-0.253963988,-0.706365117
12/21/2022,-0.19547149,-0.202762022,-0.225423525,0.191288711,-0.253963988,-0.706365117
12/22/2022,-0.19547149,-0.202762022,-0.225423525,0.191288711,-0.253963988,-0.706365117
12/23/2022,-0.205482214,-0.219281122,-0.242392388,0.188774769,-0.290905194,-0.713531833
12/24/2022,-0.205482214,-0.219281122,-0.242392388,0.188774769,-0.290905194,-0.713531833
12/25/2022,-0.205482214,-0.219281122,-0.242392388,0.188774769,-0.290905194,-0.713531833
12/26/2022,-0.205482214,-0.219281122,-0.242392388,0.188774769,-0.290905194,-0.713531833
12/27/2022,-0.205482214,-0.219281122,-0.242392388,0.188774769,-0.290905194,-0.713531833
12/28/2022,-0.205482214,-0.219281122,-0.242392388,0.188774769,-0.290905194,-0.713531833
12/29/2022,-0.205482214,-0.219281122,-0.242392388,0.188774769,-0.290905194,-0.713531833
12/30/2022,-0.222749774,-0.239858728,-0.264535736,0.184109445,-0.329033022,-0.721028471
12/31/2022,-0.222749774,-0.239858728,-0.264535736,0.184109445,-0.329033022,-0.721028471
1/1/2023,-0.222749774,-0.239858728,-0.264535736,0.184109445,-0.329033022,-0.721028471
1/2/2023,-0.222749774,-0.239858728,-0.264535736,0.184109445,-0.329033022,-0.721028471
1/3/2023,-0.222749774,-0.239858728,-0.264535736,0.184109445,-0.329033022,-0.721028471
1/4/2023,-0.222749774,-0.239858728,-0.264535736,0.184109445,-0.329033022,-0.721028471
1/5/2023,-0.222749774,-0.239858728,-0.264535736,0.184109445,-0.329033022,-0.721028471
1/6/2023,-0.245428996,-0.258596643,-0.289867379,0.176982107,-0.365463901,-0.728694381
1/7/2023,-0.245428996,-0.258596643,-0.289867379,0.176982107,-0.365463901,-0.728694381
1/8/2023,-0.245428996,-0.258596643,-0.289867379,0.176982107,-0.365463901,-0.728694381
1/9/2023,-0.245428996,-0.258596643,-0.289867379,0.176982107,-0.365463901,-0.728694381
1/10/2023,-0.245428996,-0.258596643,-0.289867379,0.176982107,-0.365463901,-0.728694381
1/11/2023,-0.245428996,-0.258596643,-0.289867379,0.176982107,-0.365463901,-0.728694381
1/12/2023,-0.245428996,-0.258596643,-0.289867379,0.176982107,-0.365463901,-0.728694381
1/13/2023,-0.269879391,-0.274922991,-0.314844438,0.168153884,-0.39719378,-0.736340895
1/14/2023,-0.269879391,-0.274922991,-0.314844438,0.168153884,-0.39719378,-0.736340895
1/15/2023,-0.269879391,-0.274922991,-0.314844438,0.168153884,-0.39719378,-0.736340895
1/16/2023,-0.269879391,-0.274922991,-0.314844438,0.168153884,-0.39719378,-0.736340895
1/17/2023,-0.269879391,-0.274922991,-0.314844438,0.168153884,-0.39719378,-0.736340895
1/18/2023,-0.269879391,-0.274922991,-0.314844438,0.168153884,-0.39719378,-0.736340895
1/19/2023,-0.269879391,-0.274922991,-0.314844438,0.168153884,-0.39719378,-0.736340895
1/20/2023,-0.290750927,-0.28717271,-0.33466146,0.159195237,-0.421305422,-0.743816323
1/21/2023,-0.290750927,-0.28717271,-0.33466146,0.159195237,-0.421305422,-0.743816323
1/22/2023,-0.290750927,-0.28717271,-0.33466146,0.159195237,-0.421305422,-0.743816323
1/23/2023,-0.290750927,-0.28717271,-0.33466146,0.159195237,-0.421305422,-0.743816323
1/24/2023,-0.290750927,-0.28717271,-0.33466146,0.159195237,-0.421305422,-0.743816323
1/25/2023,-0.290750927,-0.28717271,-0.33466146,0.159195237,-0.421305422,-0.743816323
1/26/2023,-0.290750927,-0.28717271,-0.33466146,0.159195237,-0.421305422,-0.743816323
1/27/2023,-0.30747007,-0.299233098,-0.348365601,0.151385592,-0.435217111,-0.750980264
1/28/2023,-0.30747007,-0.299233098,-0.348365601,0.151385592,-0.435217111,-0.750980264
1/29/2023,-0.30747007,-0.299233098,-0.348365601,0.151385592,-0.435217111,-0.750980264
1/30/2023,-0.30747007,-0.299233098,-0.348365601,0.151385592,-0.435217111,-0.750980264
1/31/2023,-0.30747007,-0.299233098,-0.348365601,0.151385592,-0.435217111,-0.750980264
2/1/2023,-0.30747007,-0.299233098,-0.348365601,0.151385592,-0.435217111,-0.750980264
2/2/2023,-0.30747007,-0.299233098,-0.348365601,0.151385592,-0.435217111,-0.750980264
2/3/2023,-0.314749194,-0.307315434,-0.351577786,0.146218731,-0.435785753,-0.757719133
2/4/2023,-0.314749194,-0.307315434,-0.351577786,0.146218731,-0.435785753,-0.757719133
2/5/2023,-0.314749194,-0.307315434,-0.351577786,0.146218731,-0.435785753,-0.757719133
2/6/2023,-0.314749194,-0.307315434,-0.351577786,0.146218731,-0.435785753,-0.757719133
2/7/2023,-0.314749194,-0.307315434,-0.351577786,0.146218731,-0.435785753,-0.757719133
2/8/2023,-0.314749194,-0.307315434,-0.351577786,0.146218731,-0.435785753,-0.757719133
2/9/2023,-0.314749194,-0.307315434,-0.351577786,0.146218731,-0.435785753,-0.757719133
2/10/2023,-0.310856099,-0.307195231,-0.343133982,0.145145374,-0.42148359,-0.763952316
2/11/2023,-0.310856099,-0.307195231,-0.343133982,0.145145374,-0.42148359,-0.763952316
2/12/2023,-0.310856099,-0.307195231,-0.343133982,0.145145374,-0.42148359,-0.763952316
2/13/2023,-0.310856099,-0.307195231,-0.343133982,0.145145374,-0.42148359,-0.763952316
2/14/2023,-0.310856099,-0.307195231,-0.343133982,0.145145374,-0.42148359,-0.763952316
2/15/2023,-0.310856099,-0.307195231,-0.343133982,0.145145374,-0.42148359,-0.763952316
2/16/2023,-0.310856099,-0.307195231,-0.343133982,0.145145374,-0.42148359,-0.763952316
2/17/2023,-0.296296744,-0.292334109,-0.32461213,0.148794358,-0.390696112,-0.769631861
2/18/2023,-0.296296744,-0.292334109,-0.32461213,0.148794358,-0.390696112,-0.769631861
2/19/2023,-0.296296744,-0.292334109,-0.32461213,0.148794358,-0.390696112,-0.769631861
2/20/2023,-0.296296744,-0.292334109,-0.32461213,0.148794358,-0.390696112,-0.769631861
2/21/2023,-0.296296744,-0.292334109,-0.32461213,0.148794358,-0.390696112,-0.769631861
2/22/2023,-0.296296744,-0.292334109,-0.32461213,0.148794358,-0.390696112,-0.769631861
2/23/2023,-0.296296744,-0.292334109,-0.32461213,0.148794358,-0.390696112,-0.769631861
2/24/2023,-0.270863511,-0.257304407,-0.29712104,0.157244672,-0.342629653,-0.774740295
2/25/2023,-0.270863511,-0.257304407,-0.29712104,0.157244672,-0.342629653,-0.774740295
2/26/2023,-0.270863511,-0.257304407,-0.29712104,0.157244672,-0.342629653,-0.774740295
2/27/2023,-0.270863511,-0.257304407,-0.29712104,0.157244672,-0.342629653,-0.774740295
2/28/2023,-0.270863511,-0.257304407,-0.29712104,0.157244672,-0.342629653,-0.774740295
3/1/2023,-0.270863511,-0.257304407,-0.29712104,0.157244672,-0.342629653,-0.774740295
3/2/2023,-0.270863511,-0.257304407,-0.29712104,0.157244672,-0.342629653,-0.774740295
3/3/2023,-0.239943624,-0.208653684,-0.266413681,0.169410409,-0.277680992,-0.779290165
3/4/2023,-0.239943624,-0.208653684,-0.266413681,0.169410409,-0.277680992,-0.779290165
3/5/2023,-0.239943624,-0.208653684,-0.266413681,0.169410409,-0.277680992,-0.779290165
3/6/2023,-0.239943624,-0.208653684,-0.266413681,0.169410409,-0.277680992,-0.779290165
3/7/2023,-0.239943624,-0.208653684,-0.266413681,0.169410409,-0.277680992,-0.779290165
3/8/2023,-0.239943624,-0.208653684,-0.266413681,0.169410409,-0.277680992,-0.779290165
3/9/2023,-0.239943624,-0.208653684,-0.266413681,0.169410409,-0.277680992,-0.779290165
3/10/2023,-0.207431389,-0.156312669,-0.236773055,0.183698971,-0.196958178,-0.783319633
3/11/2023,-0.207431389,-0.156312669,-0.236773055,0.183698971,-0.196958178,-0.783319633
3/12/2023,-0.207431389,-0.156312669,-0.236773055,0.183698971,-0.196958178,-0.783319633
3/13/2023,-0.207431389,-0.156312669,-0.236773055,0.183698971,-0.196958178,-0.783319633
3/14/2023,-0.207431389,-0.156312669,-0.236773055,0.183698971,-0.196958178,-0.783319633
3/15/2023,-0.207431389,-0.156312669,-0.236773055,0.183698971,-0.196958178,-0.783319633
3/16/2023,-0.207431389,-0.156312669,-0.236773055,0.183698971,-0.196958178,-0.783319633
3/17/2023,-0.175835753,-0.111506963,-0.211089469,0.198437303,-0.102006964,-0.786889146
3/18/2023,-0.175835753,-0.111506963,-0.211089469,0.198437303,-0.102006964,-0.786889146
3/19/2023,-0.175835753,-0.111506963,-0.211089469,0.198437303,-0.102006964,-0.786889146
3/20/2023,-0.175835753,-0.111506963,-0.211089469,0.198437303,-0.102006964,-0.786889146
3/21/2023,-0.175835753,-0.111506963,-0.211089469,0.198437303,-0.102006964,-0.786889146
3/22/2023,-0.175835753,-0.111506963,-0.211089469,0.198437303,-0.102006964,-0.786889146
3/23/2023,-0.175835753,-0.111506963,-0.211089469,0.198437303,-0.102006964,-0.786889146
3/24/2023,-0.157202065,-0.09349955,-0.198559097,0.210808528,0.003419699,-0.790078193
3/25/2023,-0.157202065,-0.09349955,-0.198559097,0.210808528,0.003419699,-0.790078193
3/26/2023,-0.157202065,-0.09349955,-0.198559097,0.210808528,0.003419699,-0.790078193
3/27/2023,-0.157202065,-0.09349955,-0.198559097,0.210808528,0.003419699,-0.790078193
3/28/2023,-0.157202065,-0.09349955,-0.198559097,0.210808528,0.003419699,-0.790078193
3/29/2023,-0.157202065,-0.09349955,-0.198559097,0.210808528,0.003419699,-0.790078193
3/30/2023,-0.157202065,-0.09349955,-0.198559097,0.210808528,0.003419699,-0.790078193
3/31/2023,-0.153497679,-0.105204292,-0.199807122,0.217875782,0.118378343,-0.792976661
4/1/2023,-0.153497679,-0.105204292,-0.199807122,0.217875782,0.118378343,-0.792976661
4/2/2023,-0.153497679,-0.105204292,-0.199807122,0.217875782,0.118378343,-0.792976661
4/3/2023,-0.153497679,-0.105204292,-0.199807122,0.217875782,0.118378343,-0.792976661
4/4/2023,-0.153497679,-0.105204292,-0.199807122,0.217875782,0.118378343,-0.792976661
4/5/2023,-0.153497679,-0.105204292,-0.199807122,0.217875782,0.118378343,-0.792976661
4/6/2023,-0.153497679,-0.105204292,-0.199807122,0.217875782,0.118378343,-0.792976661
4/7/2023,-0.156828622,-0.133493587,-0.210276605,0.221555246,0.240887579,-0.79567942
4/8/2023,-0.156828622,-0.133493587,-0.210276605,0.221555246,0.240887579,-0.79567942
4/9/2023,-0.156828622,-0.133493587,-0.210276605,0.221555246,0.240887579,-0.79567942
4/10/2023,-0.156828622,-0.133493587,-0.210276605,0.221555246,0.240887579,-0.79567942
4/11/2023,-0.156828622,-0.133493587,-0.210276605,0.221555246,0.240887579,-0.79567942
4/12/2023,-0.156828622,-0.133493587,-0.210276605,0.221555246,0.240887579,-0.79567942
4/13/2023,-0.156828622,-0.133493587,-0.210276605,0.221555246,0.240887579,-0.79567942
4/14/2023,-0.168122764,-0.169912149,-0.229791737,0.221231334,0.368578137,-0.79829037
4/15/2023,-0.168122764,-0.169912149,-0.229791737,0.221231334,0.368578137,-0.79829037
4/16/2023,-0.168122764,-0.169912149,-0.229791737,0.221231334,0.368578137,-0.79829037
4/17/2023,-0.168122764,-0.169912149,-0.229791737,0.221231334,0.368578137,-0.79829037
4/18/2023,-0.168122764,-0.169912149,-0.229791737,0.221231334,0.368578137,-0.79829037
4/19/2023,-0.168122764,-0.169912149,-0.229791737,0.221231334,0.368578137,-0.79829037
4/20/2023,-0.168122764,-0.169912149,-0.229791737,0.221231334,0.368578137,-0.79829037
4/21/2023,-0.181604477,-0.200477804,-0.253529721,0.218092433,0.499234948,-0.800904226
4/22/2023,-0.181604477,-0.200477804,-0.253529721,0.218092433,0.499234948,-0.800904226
4/23/2023,-0.181604477,-0.200477804,-0.253529721,0.218092433,0.499234948,-0.800904226
4/24/2023,-0.181604477,-0.200477804,-0.253529721,0.218092433,0.499234948,-0.800904226
4/25/2023,-0.181604477,-0.200477804,-0.253529721,0.218092433,0.499234948,-0.800904226
4/26/2023,-0.181604477,-0.200477804,-0.253529721,0.218092433,0.499234948,-0.800904226
4/27/2023,-0.181604477,-0.200477804,-0.253529721,0.218092433,0.499234948,-0.800904226
4/28/2023,-0.192257158,-0.217518384,-0.275959796,0.213132772,0.629290777,-0.803607841
4/29/2023,-0.192257158,-0.217518384,-0.275959796,0.213132772,0.629290777,-0.803607841
4/30/2023,-0.192257158,-0.217518384,-0.275959796,0.213132772,0.629290777,-0.803607841
5/1/2023,-0.192257158,-0.217518384,-0.275959796,0.213132772,0.629290777,-0.803607841
5/2/2023,-0.192257158,-0.217518384,-0.275959796,0.213132772,0.629290777,-0.803607841
5/3/2023,-0.192257158,-0.217518384,-0.275959796,0.213132772,0.629290777,-0.803607841
5/4/2023,-0.192257158,-0.217518384,-0.275959796,0.213132772,0.629290777,-0.803607841
5/5/2023,-0.200498768,-0.224146245,-0.296344791,0.206899389,0.754960407,-0.806478277
5/6/2023,-0.200498768,-0.224146245,-0.296344791,0.206899389,0.754960407,-0.806478277
5/7/2023,-0.200498768,-0.224146245,-0.296344791,0.206899389,0.754960407,-0.806478277
5/8/2023,-0.200498768,-0.224146245,-0.296344791,0.206899389,0.754960407,-0.806478277
5/9/2023,-0.200498768,-0.224146245,-0.296344791,0.206899389,0.754960407,-0.806478277
5/10/2023,-0.200498768,-0.224146245,-0.296344791,0.206899389,0.754960407,-0.806478277
5/11/2023,-0.200498768,-0.224146245,-0.296344791,0.206899389,0.754960407,-0.806478277
5/12/2023,-0.207070497,-0.225924229,-0.312263346,0.199350546,0.869994692,-0.809575682
5/13/2023,-0.207070497,-0.225924229,-0.312263346,0.199350546,0.869994692,-0.809575682
5/14/2023,-0.207070497,-0.225924229,-0.312263346,0.199350546,0.869994692,-0.809575682
5/15/2023,-0.207070497,-0.225924229,-0.312263346,0.199350546,0.869994692,-0.809575682
5/16/2023,-0.207070497,-0.225924229,-0.312263346,0.199350546,0.869994692,-0.809575682
5/17/2023,-0.207070497,-0.225924229,-0.312263346,0.199350546,0.869994692,-0.809575682
5/18/2023,-0.207070497,-0.225924229,-0.312263346,0.199350546,0.869994692,-0.809575682
5/19/2023,-0.211118554,-0.22679027,-0.323064217,0.191447174,0.970372007,-0.812941439
5/20/2023,-0.211118554,-0.22679027,-0.323064217,0.191447174,0.970372007,-0.812941439
5/21/2023,-0.211118554,-0.22679027,-0.323064217,0.191447174,0.970372007,-0.812941439
5/22/2023,-0.211118554,-0.22679027,-0.323064217,0.191447174,0.970372007,-0.812941439
5/23/2023,-0.211118554,-0.22679027,-0.323064217,0.191447174,0.970372007,-0.812941439
5/24/2023,-0.211118554,-0.22679027,-0.323064217,0.191447174,0.970372007,-0.812941439
5/25/2023,-0.211118554,-0.22679027,-0.323064217,0.191447174,0.970372007,-0.812941439
5/26/2023,-0.213140505,-0.228517705,-0.328829466,0.183548138,1.051617148,-0.816596582
5/27/2023,-0.213140505,-0.228517705,-0.328829466,0.183548138,1.051617148,-0.816596582
5/28/2023,-0.213140505,-0.228517705,-0.328829466,0.183548138,1.051617148,-0.816596582
5/29/2023,-0.213140505,-0.228517705,-0.328829466,0.183548138,1.051617148,-0.816596582
5/30/2023,-0.213140505,-0.228517705,-0.328829466,0.183548138,1.051617148,-0.816596582
5/31/2023,-0.213140505,-0.228517705,-0.328829466,0.183548138,1.051617148,-0.816596582
6/1/2023,-0.213140505,-0.228517705,-0.328829466,0.183548138,1.051617148,-0.816596582
6/2/2023,-0.215016216,-0.230432267,-0.331525263,0.176068621,1.109547636,-0.820539502
6/3/2023,-0.215016216,-0.230432267,-0.331525263,0.176068621,1.109547636,-0.820539502
6/4/2023,-0.215016216,-0.230432267,-0.331525263,0.176068621,1.109547636,-0.820539502
6/5/2023,-0.215016216,-0.230432267,-0.331525263,0.176068621,1.109547636,-0.820539502
6/6/2023,-0.215016216,-0.230432267,-0.331525263,0.176068621,1.109547636,-0.820539502
6/7/2023,-0.215016216,-0.230432267,-0.331525263,0.176068621,1.109547636,-0.820539502
6/8/2023,-0.215016216,-0.230432267,-0.331525263,0.176068621,1.109547636,-0.820539502
6/9/2023,-0.21619067,-0.226552211,-0.331750191,0.169606781,1.141510405,-0.824745931
6/10/2023,-0.21619067,-0.226552211,-0.331750191,0.169606781,1.141510405,-0.824745931
6/11/2023,-0.21619067,-0.226552211,-0.331750191,0.169606781,1.141510405,-0.824745931
6/12/2023,-0.21619067,-0.226552211,-0.331750191,0.169606781,1.141510405,-0.824745931
6/13/2023,-0.21619067,-0.226552211,-0.331750191,0.169606781,1.141510405,-0.824745931
6/14/2023,-0.21619067,-0.226552211,-0.331750191,0.169606781,1.141510405,-0.824745931
6/15/2023,-0.21619067,-0.226552211,-0.331750191,0.169606781,1.141510405,-0.824745931
6/16/2023,-0.21833821,-0.220745822,-0.331900411,0.164311056,1.145249556,-0.829168204
6/17/2023,-0.21833821,-0.220745822,-0.331900411,0.164311056,1.145249556,-0.829168204
6/18/2023,-0.21833821,-0.220745822,-0.331900411,0.164311056,1.145249556,-0.829168204
6/19/2023,-0.21833821,-0.220745822,-0.331900411,0.164311056,1.145249556,-0.829168204
6/20/2023,-0.21833821,-0.220745822,-0.331900411,0.164311056,1.145249556,-0.829168204
6/21/2023,-0.21833821,-0.220745822,-0.331900411,0.164311056,1.145249556,-0.829168204
6/22/2023,-0.21833821,-0.220745822,-0.331900411,0.164311056,1.145249556,-0.829168204
6/23/2023,-0.222494745,-0.216266468,-0.333847112,0.159928578,1.120898742,-0.833735266
6/24/2023,-0.222494745,-0.216266468,-0.333847112,0.159928578,1.120898742,-0.833735266
6/25/2023,-0.222494745,-0.216266468,-0.333847112,0.159928578,1.120898742,-0.833735266
6/26/2023,-0.222494745,-0.216266468,-0.333847112,0.159928578,1.120898742,-0.833735266
6/27/2023,-0.222494745,-0.216266468,-0.333847112,0.159928578,1.120898742,-0.833735266
6/28/2023,-0.222494745,-0.216266468,-0.333847112,0.159928578,1.120898742,-0.833735266
6/29/2023,-0.222494745,-0.216266468,-0.333847112,0.159928578,1.120898742,-0.833735266
6/30/2023,-0.228655559,-0.215881372,-0.337195286,0.155798756,1.06938663,-0.838357755
7/1/2023,-0.228655559,-0.215881372,-0.337195286,0.155798756,1.06938663,-0.838357755
7/2/2023,-0.228655559,-0.215881372,-0.337195286,0.155798756,1.06938663,-0.838357755
7/3/2023,-0.228655559,-0.215881372,-0.337195286,0.155798756,1.06938663,-0.838357755
7/4/2023,-0.228655559,-0.215881372,-0.337195286,0.155798756,1.06938663,-0.838357755
7/5/2023,-0.228655559,-0.215881372,-0.337195286,0.155798756,1.06938663,-0.838357755
7/6/2023,-0.228655559,-0.215881372,-0.337195286,0.155798756,1.06938663,-0.838357755
7/7/2023,-0.237410772,-0.223426215,-0.343432592,0.152192854,0.99329393,-0.842935362
7/8/2023,-0.237410772,-0.223426215,-0.343432592,0.152192854,0.99329393,-0.842935362
7/9/2023,-0.237410772,-0.223426215,-0.343432592,0.152192854,0.99329393,-0.842935362
7/10/2023,-0.237410772,-0.223426215,-0.343432592,0.152192854,0.99329393,-0.842935362
7/11/2023,-0.237410772,-0.223426215,-0.343432592,0.152192854,0.99329393,-0.842935362
7/12/2023,-0.237410772,-0.223426215,-0.343432592,0.152192854,0.99329393,-0.842935362
7/13/2023,-0.237410772,-0.223426215,-0.343432592,0.152192854,0.99329393,-0.842935362
7/14/2023,-0.250276656,-0.239182317,-0.353041316,0.148137928,0.896859487,-0.847345619
7/15/2023,-0.250276656,-0.239182317,-0.353041316,0.148137928,0.896859487,-0.847345619
7/16/2023,-0.250276656,-0.239182317,-0.353041316,0.148137928,0.896859487,-0.847345619
7/17/2023,-0.250276656,-0.239182317,-0.353041316,0.148137928,0.896859487,-0.847345619
7/18/2023,-0.250276656,-0.239182317,-0.353041316,0.148137928,0.896859487,-0.847345619
7/19/2023,-0.250276656,-0.239182317,-0.353041316,0.148137928,0.896859487,-0.847345619
7/20/2023,-0.250276656,-0.239182317,-0.353041316,0.148137928,0.896859487,-0.847345619
7/21/2023,-0.265145211,-0.256964617,-0.365030751,0.144490048,0.785583713,-0.851479479
7/22/2023,-0.265145211,-0.256964617,-0.365030751,0.144490048,0.785583713,-0.851479479
7/23/2023,-0.265145211,-0.256964617,-0.365030751,0.144490048,0.785583713,-0.851479479
7/24/2023,-0.265145211,-0.256964617,-0.365030751,0.144490048,0.785583713,-0.851479479
7/25/2023,-0.265145211,-0.256964617,-0.365030751,0.144490048,0.785583713,-0.851479479
7/26/2023,-0.265145211,-0.256964617,-0.365030751,0.144490048,0.785583713,-0.851479479
7/27/2023,-0.265145211,-0.256964617,-0.365030751,0.144490048,0.785583713,-0.851479479
7/28/2023,-0.280985556,-0.271327752,-0.378253917,0.140893685,0.666544106,-0.855229447
7/29/2023,-0.280985556,-0.271327752,-0.378253917,0.140893685,0.666544106,-0.855229447
7/30/2023,-0.280985556,-0.271327752,-0.378253917,0.140893685,0.666544106,-0.855229447
7/31/2023,-0.280985556,-0.271327752,-0.378253917,0.140893685,0.666544106,-0.855229447
8/1/2023,-0.280985556,-0.271327752,-0.378253917,0.140893685,0.666544106,-0.855229447
8/2/2023,-0.280985556,-0.271327752,-0.378253917,0.140893685,0.666544106,-0.855229447
8/3/2023,-0.280985556,-0.271327752,-0.378253917,0.140893685,0.666544106,-0.855229447
8/4/2023,-0.298297953,-0.280123145,-0.392495564,0.137499388,0.545623116,-0.858499101
8/5/2023,-0.298297953,-0.280123145,-0.392495564,0.137499388,0.545623116,-0.858499101
8/6/2023,-0.298297953,-0.280123145,-0.392495564,0.137499388,0.545623116,-0.858499101
8/7/2023,-0.298297953,-0.280123145,-0.392495564,0.137499388,0.545623116,-0.858499101
8/8/2023,-0.298297953,-0.280123145,-0.392495564,0.137499388,0.545623116,-0.858499101
8/9/2023,-0.298297953,-0.280123145,-0.392495564,0.137499388,0.545623116,-0.858499101
8/10/2023,-0.298297953,-0.280123145,-0.392495564,0.137499388,0.545623116,-0.858499101
8/11/2023,-0.314039516,-0.282710796,-0.405986953,0.134325189,0.431632263,-0.861209423
8/12/2023,-0.314039516,-0.282710796,-0.405986953,0.134325189,0.431632263,-0.861209423
8/13/2023,-0.314039516,-0.282710796,-0.405986953,0.134325189,0.431632263,-0.861209423
8/14/2023,-0.314039516,-0.282710796,-0.405986953,0.134325189,0.431632263,-0.861209423
8/15/2023,-0.314039516,-0.282710796,-0.405986953,0.134325189,0.431632263,-0.861209423
8/16/2023,-0.314039516,-0.282710796,-0.405986953,0.134325189,0.431632263,-0.861209423
8/17/2023,-0.314039516,-0.282710796,-0.405986953,0.134325189,0.431632263,-0.861209423
8/18/2023,-0.326400412,-0.28065519,-0.4166448,0.13188309,0.329356602,-0.86330128
8/19/2023,-0.326400412,-0.28065519,-0.4166448,0.13188309,0.329356602,-0.86330128
8/20/2023,-0.326400412,-0.28065519,-0.4166448,0.13188309,0.329356602,-0.86330128
8/21/2023,-0.326400412,-0.28065519,-0.4166448,0.13188309,0.329356602,-0.86330128
8/22/2023,-0.326400412,-0.28065519,-0.4166448,0.13188309,0.329356602,-0.86330128
8/23/2023,-0.326400412,-0.28065519,-0.4166448,0.13188309,0.329356602,-0.86330128
8/24/2023,-0.326400412,-0.28065519,-0.4166448,0.13188309,0.329356602,-0.86330128
8/25/2023,-0.3350826,-0.277888933,-0.423719975,0.130119794,0.242921011,-0.864736491
8/26/2023,-0.3350826,-0.277888933,-0.423719975,0.130119794,0.242921011,-0.864736491
8/27/2023,-0.3350826,-0.277888933,-0.423719975,0.130119794,0.242921011,-0.864736491
8/28/2023,-0.3350826,-0.277888933,-0.423719975,0.130119794,0.242921011,-0.864736491
8/29/2023,-0.3350826,-0.277888933,-0.423719975,0.130119794,0.242921011,-0.864736491
8/30/2023,-0.3350826,-0.277888933,-0.423719975,0.130119794,0.242921011,-0.864736491
8/31/2023,-0.3350826,-0.277888933,-0.423719975,0.130119794,0.242921011,-0.864736491
9/1/2023,-0.340575187,-0.276930067,-0.427139731,0.129050802,0.174491389,-0.865500232
9/2/2023,-0.340575187,-0.276930067,-0.427139731,0.129050802,0.174491389,-0.865500232
9/3/2023,-0.340575187,-0.276930067,-0.427139731,0.129050802,0.174491389,-0.865500232
9/4/2023,-0.340575187,-0.276930067,-0.427139731,0.129050802,0.174491389,-0.865500232
9/5/2023,-0.340575187,-0.276930067,-0.427139731,0.129050802,0.174491389,-0.865500232
9/6/2023,-0.340575187,-0.276930067,-0.427139731,0.129050802,0.174491389,-0.865500232
9/7/2023,-0.340575187,-0.276930067,-0.427139731,0.129050802,0.174491389,-0.865500232
9/8/2023,-0.340229961,-0.274913981,-0.424921414,0.129335432,0.124438707,-0.865600137
9/9/2023,-0.340229961,-0.274913981,-0.424921414,0.129335432,0.124438707,-0.865600137
9/10/2023,-0.340229961,-0.274913981,-0.424921414,0.129335432,0.124438707,-0.865600137
9/11/2023,-0.340229961,-0.274913981,-0.424921414,0.129335432,0.124438707,-0.865600137
9/12/2023,-0.340229961,-0.274913981,-0.424921414,0.129335432,0.124438707,-0.865600137
9/13/2023,-0.340229961,-0.274913981,-0.424921414,0.129335432,0.124438707,-0.865600137
9/14/2023,-0.340229961,-0.274913981,-0.424921414,0.129335432,0.124438707,-0.865600137
9/15/2023,-0.335400258,-0.272693643,-0.417813018,0.130505458,0.091524799,-0.865066304
9/16/2023,-0.335400258,-0.272693643,-0.417813018,0.130505458,0.091524799,-0.865066304
9/17/2023,-0.335400258,-0.272693643,-0.417813018,0.130505458,0.091524799,-0.865066304
9/18/2023,-0.335400258,-0.272693643,-0.417813018,0.130505458,0.091524799,-0.865066304
9/19/2023,-0.335400258,-0.272693643,-0.417813018,0.130505458,0.091524799,-0.865066304
9/20/2023,-0.335400258,-0.272693643,-0.417813018,0.130505458,0.091524799,-0.865066304
9/21/2023,-0.335400258,-0.272693643,-0.417813018,0.130505458,0.091524799,-0.865066304
9/22/2023,-0.32631105,-0.266468487,-0.40647138,0.132464431,0.073841003,-0.863950856
9/23/2023,-0.32631105,-0.266468487,-0.40647138,0.132464431,0.073841003,-0.863950856
9/24/2023,-0.32631105,-0.266468487,-0.40647138,0.132464431,0.073841003,-0.863950856
9/25/2023,-0.32631105,-0.266468487,-0.40647138,0.132464431,0.073841003,-0.863950856
9/26/2023,-0.32631105,-0.266468487,-0.40647138,0.132464431,0.073841003,-0.863950856
9/27/2023,-0.32631105,-0.266468487,-0.40647138,0.132464431,0.073841003,-0.863950856
9/28/2023,-0.32631105,-0.266468487,-0.40647138,0.132464431,0.073841003,-0.863950856
9/29/2023,-0.313908369,-0.255667271,-0.391694725,0.13456936,0.068154417,-0.8623232
9/30/2023,-0.313908369,-0.255667271,-0.391694725,0.13456936,0.068154417,-0.8623232
10/1/2023,-0.313908369,-0.255667271,-0.391694725,0.13456936,0.068154417,-0.8623232
10/2/2023,-0.313908369,-0.255667271,-0.391694725,0.13456936,0.068154417,-0.8623232
10/3/2023,-0.313908369,-0.255667271,-0.391694725,0.13456936,0.068154417,-0.8623232
10/4/2023,-0.313908369,-0.255667271,-0.391694725,0.13456936,0.068154417,-0.8623232
10/5/2023,-0.313908369,-0.255667271,-0.391694725,0.13456936,0.068154417,-0.8623232
10/6/2023,-0.302584828,-0.247055709,-0.377556865,0.13617543,0.070700418,-0.860260711
10/7/2023,-0.302584828,-0.247055709,-0.377556865,0.13617543,0.070700418,-0.860260711
10/8/2023,-0.302584828,-0.247055709,-0.377556865,0.13617543,0.070700418,-0.860260711
10/9/2023,-0.302584828,-0.247055709,-0.377556865,0.13617543,0.070700418,-0.860260711
10/10/2023,-0.302584828,-0.247055709,-0.377556865,0.13617543,0.070700418,-0.860260711
10/11/2023,-0.302584828,-0.247055709,-0.377556865,0.13617543,0.070700418,-0.860260711
10/12/2023,-0.302584828,-0.247055709,-0.377556865,0.13617543,0.070700418,-0.860260711
10/13/2023,-0.292924534,-0.242004622,-0.364706349,0.136544434,0.078122262,-0.857862432
10/14/2023,-0.292924534,-0.242004622,-0.364706349,0.136544434,0.078122262,-0.857862432
10/15/2023,-0.292924534,-0.242004622,-0.364706349,0.136544434,0.078122262,-0.857862432
10/16/2023,-0.292924534,-0.242004622,-0.364706349,0.136544434,0.078122262,-0.857862432
10/17/2023,-0.292924534,-0.242004622,-0.364706349,0.136544434,0.078122262,-0.857862432
10/18/2023,-0.292924534,-0.242004622,-0.364706349,0.136544434,0.078122262,-0.857862432
10/19/2023,-0.292924534,-0.242004622,-0.364706349,0.136544434,0.078122262,-0.857862432
10/20/2023,-0.286916498,-0.245032819,-0.35538953,0.135405098,0.087316484,-0.855217195
10/21/2023,-0.286916498,-0.245032819,-0.35538953,0.135405098,0.087316484,-0.855217195
10/22/2023,-0.286916498,-0.245032819,-0.35538953,0.135405098,0.087316484,-0.855217195
10/23/2023,-0.286916498,-0.245032819,-0.35538953,0.135405098,0.087316484,-0.855217195
10/24/2023,-0.286916498,-0.245032819,-0.35538953,0.135405098,0.087316484,-0.855217195
10/25/2023,-0.286916498,-0.245032819,-0.35538953,0.135405098,0.087316484,-0.855217195
10/26/2023,-0.286916498,-0.245032819,-0.35538953,0.135405098,0.087316484,-0.855217195
10/27/2023,-0.285979228,-0.257936804,-0.351026668,0.132079498,0.09622743,-0.852412712
10/28/2023,-0.285979228,-0.257936804,-0.351026668,0.132079498,0.09622743,-0.852412712
10/29/2023,-0.285979228,-0.257936804,-0.351026668,0.132079498,0.09622743,-0.852412712
10/30/2023,-0.285979228,-0.257936804,-0.351026668,0.132079498,0.09622743,-0.852412712
10/31/2023,-0.285979228,-0.257936804,-0.351026668,0.132079498,0.09622743,-0.852412712
11/1/2023,-0.285979228,-0.257936804,-0.351026668,0.132079498,0.09622743,-0.852412712
11/2/2023,-0.285979228,-0.257936804,-0.351026668,0.132079498,0.09622743,-0.852412712
11/3/2023,-0.29080713,-0.28019352,-0.352376657,0.126694105,0.102726897,-0.849530517
11/4/2023,-0.29080713,-0.28019352,-0.352376657,0.126694105,0.102726897,-0.849530517
11/5/2023,-0.29080713,-0.28019352,-0.352376657,0.126694105,0.102726897,-0.849530517
11/6/2023,-0.29080713,-0.28019352,-0.352376657,0.126694105,0.102726897,-0.849530517
11/7/2023,-0.29080713,-0.28019352,-0.352376657,0.126694105,0.102726897,-0.849530517
11/8/2023,-0.29080713,-0.28019352,-0.352376657,0.126694105,0.102726897,-0.849530517
11/9/2023,-0.29080713,-0.28019352,-0.352376657,0.126694105,0.102726897,-0.849530517
11/10/2023,-0.299494275,-0.303877212,-0.358151465,0.119461418,0.106385195,-0.846642493
11/11/2023,-0.299494275,-0.303877212,-0.358151465,0.119461418,0.106385195,-0.846642493
11/12/2023,-0.299494275,-0.303877212,-0.358151465,0.119461418,0.106385195,-0.846642493
11/13/2023,-0.299494275,-0.303877212,-0.358151465,0.119461418,0.106385195,-0.846642493
11/14/2023,-0.299494275,-0.303877212,-0.358151465,0.119461418,0.106385195,-0.846642493
11/15/2023,-0.299494275,-0.303877212,-0.358151465,0.119461418,0.106385195,-0.846642493
11/16/2023,-0.299494275,-0.303877212,-0.358151465,0.119461418,0.106385195,-0.846642493
11/17/2023,-0.31019593,-0.325703364,-0.366734681,0.111197001,0.106074023,-0.843810144
11/18/2023,-0.31019593,-0.325703364,-0.366734681,0.111197001,0.106074023,-0.843810144
11/19/2023,-0.31019593,-0.325703364,-0.366734681,0.111197001,0.106074023,-0.843810144
11/20/2023,-0.31019593,-0.325703364,-0.366734681,0.111197001,0.106074023,-0.843810144
11/21/2023,-0.31019593,-0.325703364,-0.366734681,0.111197001,0.106074023,-0.843810144
11/22/2023,-0.31019593,-0.325703364,-0.366734681,0.111197001,0.106074023,-0.843810144
11/23/2023,-0.31019593,-0.325703364,-0.366734681,0.111197001,0.106074023,-0.843810144
11/24/2023,-0.321560475,-0.342341452,-0.376851503,0.102542183,0.101506803,-0.841085562
11/25/2023,-0.321560475,-0.342341452,-0.376851503,0.102542183,0.101506803,-0.841085562
11/26/2023,-0.321560475,-0.342341452,-0.376851503,0.102542183,0.101506803,-0.841085562
11/27/2023,-0.321560475,-0.342341452,-0.376851503,0.102542183,0.101506803,-0.841085562
11/28/2023,-0.321560475,-0.342341452,-0.376851503,0.102542183,0.101506803,-0.841085562
11/29/2023,-0.321560475,-0.342341452,-0.376851503,0.102542183,0.101506803,-0.841085562
11/30/2023,-0.321560475,-0.342341452,-0.376851503,0.102542183,0.101506803,-0.841085562
12/1/2023,-0.332120248,-0.353759277,-0.386291994,0.093666766,0.092464727,-0.838511395
12/2/2023,-0.332120248,-0.353759277,-0.386291994,0.093666766,0.092464727,-0.838511395
12/3/2023,-0.332120248,-0.353759277,-0.386291994,0.093666766,0.092464727,-0.838511395
12/4/2023,-0.332120248,-0.353759277,-0.386291994,0.093666766,0.092464727,-0.838511395
12/5/2023,-0.332120248,-0.353759277,-0.386291994,0.093666766,0.092464727,-0.838511395
12/6/2023,-0.332120248,-0.353759277,-0.386291994,0.093666766,0.092464727,-0.838511395
12/7/2023,-0.332120248,-0.353759277,-0.386291994,0.093666766,0.092464727,-0.838511395
12/8/2023,-0.341068021,-0.362660603,-0.394189297,0.085058386,0.079281267,-0.83612191
12/9/2023,-0.341068021,-0.362660603,-0.394189297,0.085058386,0.079281267,-0.83612191
12/10/2023,-0.341068021,-0.362660603,-0.394189297,0.085058386,0.079281267,-0.83612191
12/11/2023,-0.341068021,-0.362660603,-0.394189297,0.085058386,0.079281267,-0.83612191
12/12/2023,-0.341068021,-0.362660603,-0.394189297,0.085058386,0.079281267,-0.83612191
12/13/2023,-0.341068021,-0.362660603,-0.394189297,0.085058386,0.079281267,-0.83612191
12/14/2023,-0.341068021,-0.362660603,-0.394189297,0.085058386,0.079281267,-0.83612191
12/15/2023,-0.350121826,-0.372438872,-0.401559163,0.076590927,0.062490029,-0.833944424
12/16/2023,-0.350121826,-0.372438872,-0.401559163,0.076590927,0.062490029,-0.833944424
12/17/2023,-0.350121826,-0.372438872,-0.401559163,0.076590927,0.062490029,-0.833944424
12/18/2023,-0.350121826,-0.372438872,-0.401559163,0.076590927,0.062490029,-0.833944424
12/19/2023,-0.350121826,-0.372438872,-0.401559163,0.076590927,0.062490029,-0.833944424
12/20/2023,-0.350121826,-0.372438872,-0.401559163,0.076590927,0.062490029,-0.833944424
12/21/2023,-0.350121826,-0.372438872,-0.401559163,0.076590927,0.062490029,-0.833944424
12/22/2023,-0.359318428,-0.384497738,-0.408346782,0.068363533,0.042946203,-0.831999637
12/23/2023,-0.359318428,-0.384497738,-0.408346782,0.068363533,0.042946203,-0.831999637
12/24/2023,-0.359318428,-0.384497738,-0.408346782,0.068363533,0.042946203,-0.831999637
12/25/2023,-0.359318428,-0.384497738,-0.408346782,0.068363533,0.042946203,-0.831999637
12/26/2023,-0.359318428,-0.384497738,-0.408346782,0.068363533,0.042946203,-0.831999637
12/27/2023,-0.359318428,-0.384497738,-0.408346782,0.068363533,0.042946203,-0.831999637
12/28/2023,-0.359318428,-0.384497738,-0.408346782,0.068363533,0.042946203,-0.831999637
12/29/2023,-0.367754948,-0.398268375,-0.413733037,0.060373885,0.021666781,-0.830302954
12/30/2023,-0.367754948,-0.398268375,-0.413733037,0.060373885,0.021666781,-0.830302954
12/31/2023,-0.367754948,-0.398268375,-0.413733037,0.060373885,0.021666781,-0.830302954
1/1/2024,-0.367754948,-0.398268375,-0.413733037,0.060373885,0.021666781,-0.830302954
1/2/2024,-0.367754948,-0.398268375,-0.413733037,0.060373885,0.021666781,-0.830302954
1/3/2024,-0.367754948,-0.398268375,-0.413733037,0.060373885,0.021666781,-0.830302954
1/4/2024,-0.367754948,-0.398268375,-0.413733037,0.060373885,0.021666781,-0.830302954
1/5/2024,-0.376330715,-0.412523073,-0.419516786,0.053022997,7.67E-05,-0.828865099
1/6/2024,-0.376330715,-0.412523073,-0.419516786,0.053022997,7.67E-05,-0.828865099
1/7/2024,-0.376330715,-0.412523073,-0.419516786,0.053022997,7.67E-05,-0.828865099
1/8/2024,-0.376330715,-0.412523073,-0.419516786,0.053022997,7.67E-05,-0.828865099
1/9/2024,-0.376330715,-0.412523073,-0.419516786,0.053022997,7.67E-05,-0.828865099
1/10/2024,-0.376330715,-0.412523073,-0.419516786,0.053022997,7.67E-05,-0.828865099
1/11/2024,-0.376330715,-0.412523073,-0.419516786,0.053022997,7.67E-05,-0.828865099
1/12/2024,-0.384435722,-0.423383461,-0.425113303,0.04571938,-0.020260863,-0.827694005
1/13/2024,-0.384435722,-0.423383461,-0.425113303,0.04571938,-0.020260863,-0.827694005
1/14/2024,-0.384435722,-0.423383461,-0.425113303,0.04571938,-0.020260863,-0.827694005
1/15/2024,-0.384435722,-0.423383461,-0.425113303,0.04571938,-0.020260863,-0.827694005
1/16/2024,-0.384435722,-0.423383461,-0.425113303,0.04571938,-0.020260863,-0.827694005
1/17/2024,-0.384435722,-0.423383461,-0.425113303,0.04571938,-0.020260863,-0.827694005
1/18/2024,-0.384435722,-0.423383461,-0.425113303,0.04571938,-0.020260863,-0.827694005
1/19/2024,-0.391596197,-0.430359064,-0.430657828,0.039105893,-0.039097747,-0.826787377
1/20/2024,-0.391596197,-0.430359064,-0.430657828,0.039105893,-0.039097747,-0.826787377
1/21/2024,-0.391596197,-0.430359064,-0.430657828,0.039105893,-0.039097747,-0.826787377
1/22/2024,-0.391596197,-0.430359064,-0.430657828,0.039105893,-0.039097747,-0.826787377
1/23/2024,-0.391596197,-0.430359064,-0.430657828,0.039105893,-0.039097747,-0.826787377
1/24/2024,-0.391596197,-0.430359064,-0.430657828,0.039105893,-0.039097747,-0.826787377
1/25/2024,-0.391596197,-0.430359064,-0.430657828,0.039105893,-0.039097747,-0.826787377
1/26/2024,-0.3978311,-0.434280325,-0.436097686,0.032815123,-0.055644615,-0.826139257
1/27/2024,-0.3978311,-0.434280325,-0.436097686,0.032815123,-0.055644615,-0.826139257
1/28/2024,-0.3978311,-0.434280325,-0.436097686,0.032815123,-0.055644615,-0.826139257
1/29/2024,-0.3978311,-0.434280325,-0.436097686,0.032815123,-0.055644615,-0.826139257
1/30/2024,-0.3978311,-0.434280325,-0.436097686,0.032815123,-0.055644615,-0.826139257
1/31/2024,-0.3978311,-0.434280325,-0.436097686,0.032815123,-0.055644615,-0.826139257
2/1/2024,-0.3978311,-0.434280325,-0.436097686,0.032815123,-0.055644615,-0.826139257
2/2/2024,-0.404741015,-0.437667459,-0.443073677,0.026968827,-0.069771058,-0.825736616
2/3/2024,-0.404741015,-0.437667459,-0.443073677,0.026968827,-0.069771058,-0.825736616
2/4/2024,-0.404741015,-0.437667459,-0.443073677,0.026968827,-0.069771058,-0.825736616
2/5/2024,-0.404741015,-0.437667459,-0.443073677,0.026968827,-0.069771058,-0.825736616
2/6/2024,-0.404741015,-0.437667459,-0.443073677,0.026968827,-0.069771058,-0.825736616
2/7/2024,-0.404741015,-0.437667459,-0.443073677,0.026968827,-0.069771058,-0.825736616
2/8/2024,-0.404741015,-0.437667459,-0.443073677,0.026968827,-0.069771058,-0.825736616
2/9/2024,-0.411578086,-0.441147087,-0.450443071,0.021497344,-0.081748846,-0.825559659
2/10/2024,-0.411578086,-0.441147087,-0.450443071,0.021497344,-0.081748846,-0.825559659
2/11/2024,-0.411578086,-0.441147087,-0.450443071,0.021497344,-0.081748846,-0.825559659
2/12/2024,-0.411578086,-0.441147087,-0.450443071,0.021497344,-0.081748846,-0.825559659
2/13/2024,-0.411578086,-0.441147087,-0.450443071,0.021497344,-0.081748846,-0.825559659
2/14/2024,-0.411578086,-0.441147087,-0.450443071,0.021497344,-0.081748846,-0.825559659
2/15/2024,-0.411578086,-0.441147087,-0.450443071,0.021497344,-0.081748846,-0.825559659
2/16/2024,-0.419471449,-0.448182251,-0.459053524,0.01651009,-0.092072035,-0.825582868
2/17/2024,-0.419471449,-0.448182251,-0.459053524,0.01651009,-0.092072035,-0.825582868
2/18/2024,-0.419471449,-0.448182251,-0.459053524,0.01651009,-0.092072035,-0.825582868
2/19/2024,-0.419471449,-0.448182251,-0.459053524,0.01651009,-0.092072035,-0.825582868
2/20/2024,-0.419471449,-0.448182251,-0.459053524,0.01651009,-0.092072035,-0.825582868
2/21/2024,-0.419471449,-0.448182251,-0.459053524,0.01651009,-0.092072035,-0.825582868
2/22/2024,-0.419471449,-0.448182251,-0.459053524,0.01651009,-0.092072035,-0.825582868
2/23/2024,-0.427602909,-0.457571831,-0.467912327,0.012143535,-0.101206862,-0.825775811
2/24/2024,-0.427602909,-0.457571831,-0.467912327,0.012143535,-0.101206862,-0.825775811
2/25/2024,-0.427602909,-0.457571831,-0.467912327,0.012143535,-0.101206862,-0.825775811
2/26/2024,-0.427602909,-0.457571831,-0.467912327,0.012143535,-0.101206862,-0.825775811
2/27/2024,-0.427602909,-0.457571831,-0.467912327,0.012143535,-0.101206862,-0.825775811
2/28/2024,-0.427602909,-0.457571831,-0.467912327,0.012143535,-0.101206862,-0.825775811
2/29/2024,-0.427602909,-0.457571831,-0.467912327,0.012143535,-0.101206862,-0.825775811
3/1/2024,-0.433917651,-0.46765177,-0.474497806,0.008380577,-0.109884451,-0.826103787
3/2/2024,-0.433917651,-0.46765177,-0.474497806,0.008380577,-0.109884451,-0.826103787
3/3/2024,-0.433917651,-0.46765177,-0.474497806,0.008380577,-0.109884451,-0.826103787
3/4/2024,-0.433917651,-0.46765177,-0.474497806,0.008380577,-0.109884451,-0.826103787
3/5/2024,-0.433917651,-0.46765177,-0.474497806,0.008380577,-0.109884451,-0.826103787
3/6/2024,-0.433917651,-0.46765177,-0.474497806,0.008380577,-0.109884451,-0.826103787
3/7/2024,-0.433917651,-0.46765177,-0.474497806,0.008380577,-0.109884451,-0.826103787
3/8/2024,-0.43751942,-0.475831958,-0.477509003,0.005342968,-0.119053496,-0.826529466
3/9/2024,-0.43751942,-0.475831958,-0.477509003,0.005342968,-0.119053496,-0.826529466
3/10/2024,-0.43751942,-0.475831958,-0.477509003,0.005342968,-0.119053496,-0.826529466
3/11/2024,-0.43751942,-0.475831958,-0.477509003,0.005342968,-0.119053496,-0.826529466
3/12/2024,-0.43751942,-0.475831958,-0.477509003,0.005342968,-0.119053496,-0.826529466
3/13/2024,-0.43751942,-0.475831958,-0.477509003,0.005342968,-0.119053496,-0.826529466
3/14/2024,-0.43751942,-0.475831958,-0.477509003,0.005342968,-0.119053496,-0.826529466
3/15/2024,-0.438899131,-0.480035214,-0.477317326,0.003246327,-0.12949304,-0.827013918
3/16/2024,-0.438899131,-0.480035214,-0.477317326,0.003246327,-0.12949304,-0.827013918
3/17/2024,-0.438899131,-0.480035214,-0.477317326,0.003246327,-0.12949304,-0.827013918
3/18/2024,-0.438899131,-0.480035214,-0.477317326,0.003246327,-0.12949304,-0.827013918
3/19/2024,-0.438899131,-0.480035214,-0.477317326,0.003246327,-0.12949304,-0.827013918
3/20/2024,-0.438899131,-0.480035214,-0.477317326,0.003246327,-0.12949304,-0.827013918
3/21/2024,-0.438899131,-0.480035214,-0.477317326,0.003246327,-0.12949304,-0.827013918
3/22/2024,-0.436950018,-0.478460127,-0.472870534,0.001953653,-0.141191608,-0.827518282
3/23/2024,-0.436950018,-0.478460127,-0.472870534,0.001953653,-0.141191608,-0.827518282
3/24/2024,-0.436950018,-0.478460127,-0.472870534,0.001953653,-0.141191608,-0.827518282
3/25/2024,-0.436950018,-0.478460127,-0.472870534,0.001953653,-0.141191608,-0.827518282
3/26/2024,-0.436950018,-0.478460127,-0.472870534,0.001953653,-0.141191608,-0.827518282
3/27/2024,-0.436950018,-0.478460127,-0.472870534,0.001953653,-0.141191608,-0.827518282
3/28/2024,-0.436950018,-0.478460127,-0.472870534,0.001953653,-0.141191608,-0.827518282
3/29/2024,-0.432323679,-0.470638444,-0.464843503,0.001236454,-0.153961684,-0.828005825
3/30/2024,-0.432323679,-0.470638444,-0.464843503,0.001236454,-0.153961684,-0.828005825
3/31/2024,-0.432323679,-0.470638444,-0.464843503,0.001236454,-0.153961684,-0.828005825
4/1/2024,-0.432323679,-0.470638444,-0.464843503,0.001236454,-0.153961684,-0.828005825
4/2/2024,-0.432323679,-0.470638444,-0.464843503,0.001236454,-0.153961684,-0.828005825
4/3/2024,-0.432323679,-0.470638444,-0.464843503,0.001236454,-0.153961684,-0.828005825
4/4/2024,-0.432323679,-0.470638444,-0.464843503,0.001236454,-0.153961684,-0.828005825
4/5/2024,-0.426784299,-0.457956768,-0.455004884,0.000786932,-0.16722471,-0.828445521
4/6/2024,-0.426784299,-0.457956768,-0.455004884,0.000786932,-0.16722471,-0.828445521
4/7/2024,-0.426784299,-0.457956768,-0.455004884,0.000786932,-0.16722471,-0.828445521
4/8/2024,-0.426784299,-0.457956768,-0.455004884,0.000786932,-0.16722471,-0.828445521
4/9/2024,-0.426784299,-0.457956768,-0.455004884,0.000786932,-0.16722471,-0.828445521
4/10/2024,-0.426784299,-0.457956768,-0.455004884,0.000786932,-0.16722471,-0.828445521
4/11/2024,-0.426784299,-0.457956768,-0.455004884,0.000786932,-0.16722471,-0.828445521
4/12/2024,-0.420828188,-0.443846723,-0.443856808,-6.84E-07,-0.179881911,-0.828808291
4/13/2024,-0.420828188,-0.443846723,-0.443856808,-6.84E-07,-0.179881911,-0.828808291
4/14/2024,-0.420828188,-0.443846723,-0.443856808,-6.84E-07,-0.179881911,-0.828808291
4/15/2024,-0.420828188,-0.443846723,-0.443856808,-6.84E-07,-0.179881911,-0.828808291
4/16/2024,-0.420828188,-0.443846723,-0.443856808,-6.84E-07,-0.179881911,-0.828808291
4/17/2024,-0.420828188,-0.443846723,-0.443856808,-6.84E-07,-0.179881911,-0.828808291
4/18/2024,-0.420828188,-0.443846723,-0.443856808,-6.84E-07,-0.179881911,-0.828808291
4/19/2024,-0.415647826,-0.431710592,-0.433179808,-0.001051385,-0.190699752,-0.829077856
4/20/2024,-0.415647826,-0.431710592,-0.433179808,-0.001051385,-0.190699752,-0.829077856
4/21/2024,-0.415647826,-0.431710592,-0.433179808,-0.001051385,-0.190699752,-0.829077856
4/22/2024,-0.415647826,-0.431710592,-0.433179808,-0.001051385,-0.190699752,-0.829077856
4/23/2024,-0.415647826,-0.431710592,-0.433179808,-0.001051385,-0.190699752,-0.829077856
4/24/2024,-0.415647826,-0.431710592,-0.433179808,-0.001051385,-0.190699752,-0.829077856
4/25/2024,-0.415647826,-0.431710592,-0.433179808,-0.001051385,-0.190699752,-0.829077856
4/26/2024,-0.413546784,-0.425398694,-0.424854318,-0.003206617,-0.198063863,-0.829246868
4/27/2024,-0.413546784,-0.425398694,-0.424854318,-0.003206617,-0.198063863,-0.829246868
4/28/2024,-0.413546784,-0.425398694,-0.424854318,-0.003206617,-0.198063863,-0.829246868
4/29/2024,-0.413546784,-0.425398694,-0.424854318,-0.003206617,-0.198063863,-0.829246868
4/30/2024,-0.413546784,-0.425398694,-0.424854318,-0.003206617,-0.198063863,-0.829246868
5/1/2024,-0.413546784,-0.425398694,-0.424854318,-0.003206617,-0.198063863,-0.829246868
5/2/2024,-0.413546784,-0.425398694,-0.424854318,-0.003206617,-0.198063863,-0.829246868
5/3/2024,-0.413487183,-0.423822931,-0.419004163,-0.005760287,-0.200726781,-0.829318679
5/4/2024,-0.413487183,-0.423822931,-0.419004163,-0.005760287,-0.200726781,-0.829318679
5/5/2024,-0.413487183,-0.423822931,-0.419004163,-0.005760287,-0.200726781,-0.829318679
5/6/2024,-0.413487183,-0.423822931,-0.419004163,-0.005760287,-0.200726781,-0.829318679
5/7/2024,-0.413487183,-0.423822931,-0.419004163,-0.005760287,-0.200726781,-0.829318679
5/8/2024,-0.413487183,-0.423822931,-0.419004163,-0.005760287,-0.200726781,-0.829318679
5/9/2024,-0.413487183,-0.423822931,-0.419004163,-0.005760287,-0.200726781,-0.829318679
5/10/2024,-0.414332896,-0.425092274,-0.415124763,-0.008448414,-0.197416878,-0.829307772
5/11/2024,-0.414332896,-0.425092274,-0.415124763,-0.008448414,-0.197416878,-0.829307772
5/12/2024,-0.414332896,-0.425092274,-0.415124763,-0.008448414,-0.197416878,-0.829307772
5/13/2024,-0.414332896,-0.425092274,-0.415124763,-0.008448414,-0.197416878,-0.829307772
5/14/2024,-0.414332896,-0.425092274,-0.415124763,-0.008448414,-0.197416878,-0.829307772
5/15/2024,-0.414332896,-0.425092274,-0.415124763,-0.008448414,-0.197416878,-0.829307772
5/16/2024,-0.414332896,-0.425092274,-0.415124763,-0.008448414,-0.197416878,-0.829307772
5/17/2024,-0.414796899,-0.424560188,-0.412771202,-0.010500702,-0.187733916,-0.829238397
5/18/2024,-0.414796899,-0.424560188,-0.412771202,-0.010500702,-0.187733916,-0.829238397
5/19/2024,-0.414796899,-0.424560188,-0.412771202,-0.010500702,-0.187733916,-0.829238397
5/20/2024,-0.414796899,-0.424560188,-0.412771202,-0.010500702,-0.187733916,-0.829238397
5/21/2024,-0.414796899,-0.424560188,-0.412771202,-0.010500702,-0.187733916,-0.829238397
5/22/2024,-0.414796899,-0.424560188,-0.412771202,-0.010500702,-0.187733916,-0.829238397
5/23/2024,-0.414796899,-0.424560188,-0.412771202,-0.010500702,-0.187733916,-0.829238397
5/24/2024,-0.414288388,-0.419144673,-0.410858245,-0.011710033,-0.172574988,-0.829143147
5/25/2024,-0.414288388,-0.419144673,-0.410858245,-0.011710033,-0.172574988,-0.829143147
5/26/2024,-0.414288388,-0.419144673,-0.410858245,-0.011710033,-0.172574988,-0.829143147
5/27/2024,-0.414288388,-0.419144673,-0.410858245,-0.011710033,-0.172574988,-0.829143147
5/28/2024,-0.414288388,-0.419144673,-0.410858245,-0.011710033,-0.172574988,-0.829143147
5/29/2024,-0.414288388,-0.419144673,-0.410858245,-0.011710033,-0.172574988,-0.829143147
5/30/2024,-0.414288388,-0.419144673,-0.410858245,-0.011710033,-0.172574988,-0.829143147
5/31/2024,-0.41088254,-0.407239385,-0.407852732,-0.011812363,-0.152452892,-0.829061316
6/1/2024,-0.41088254,-0.407239385,-0.407852732,-0.011812363,-0.152452892,-0.829061316
6/2/2024,-0.41088254,-0.407239385,-0.407852732,-0.011812363,-0.152452892,-0.829061316
6/3/2024,-0.41088254,-0.407239385,-0.407852732,-0.011812363,-0.152452892,-0.829061316
6/4/2024,-0.41088254,-0.407239385,-0.407852732,-0.011812363,-0.152452892,-0.829061316
6/5/2024,-0.41088254,-0.407239385,-0.407852732,-0.011812363,-0.152452892,-0.829061316
6/6/2024,-0.41088254,-0.407239385,-0.407852732,-0.011812363,-0.152452892,-0.829061316
6/7/2024,-0.405285989,-0.391205349,-0.403982921,-0.010546487,-0.12969244,-0.829036858
6/8/2024,-0.405285989,-0.391205349,-0.403982921,-0.010546487,-0.12969244,-0.829036858
6/9/2024,-0.405285989,-0.391205349,-0.403982921,-0.010546487,-0.12969244,-0.829036858
6/10/2024,-0.405285989,-0.391205349,-0.403982921,-0.010546487,-0.12969244,-0.829036858
6/11/2024,-0.405285989,-0.391205349,-0.403982921,-0.010546487,-0.12969244,-0.829036858
6/12/2024,-0.405285989,-0.391205349,-0.403982921,-0.010546487,-0.12969244,-0.829036858
6/13/2024,-0.405285989,-0.391205349,-0.403982921,-0.010546487,-0.12969244,-0.829036858
6/14/2024,-0.398199581,-0.376592465,-0.398666917,-0.008364917,-0.107166515,-0.829116449
6/15/2024,-0.398199581,-0.376592465,-0.398666917,-0.008364917,-0.107166515,-0.829116449
6/16/2024,-0.398199581,-0.376592465,-0.398666917,-0.008364917,-0.107166515,-0.829116449
6/17/2024,-0.398199581,-0.376592465,-0.398666917,-0.008364917,-0.107166515,-0.829116449
6/18/2024,-0.398199581,-0.376592465,-0.398666917,-0.008364917,-0.107166515,-0.829116449
6/19/2024,-0.398199581,-0.376592465,-0.398666917,-0.008364917,-0.107166515,-0.829116449
6/20/2024,-0.398199581,-0.376592465,-0.398666917,-0.008364917,-0.107166515,-0.829116449
6/21/2024,-0.390578809,-0.365944138,-0.392646883,-0.00566402,-0.086773554,-0.829346982
6/22/2024,-0.390578809,-0.365944138,-0.392646883,-0.00566402,-0.086773554,-0.829346982
6/23/2024,-0.390578809,-0.365944138,-0.392646883,-0.00566402,-0.086773554,-0.829346982
6/24/2024,-0.390578809,-0.365944138,-0.392646883,-0.00566402,-0.086773554,-0.829346982
6/25/2024,-0.390578809,-0.365944138,-0.392646883,-0.00566402,-0.086773554,-0.829346982
6/26/2024,-0.390578809,-0.365944138,-0.392646883,-0.00566402,-0.086773554,-0.829346982
6/27/2024,-0.390578809,-0.365944138,-0.392646883,-0.00566402,-0.086773554,-0.829346982
6/28/2024,-0.384045581,-0.3600256,-0.385506788,-0.002739948,-0.07318135,-0.829772008
6/29/2024,-0.384045581,-0.3600256,-0.385506788,-0.002739948,-0.07318135,-0.829772008
6/30/2024,-0.384045581,-0.3600256,-0.385506788,-0.002739948,-0.07318135,-0.829772008
7/1/2024,-0.384045581,-0.3600256,-0.385506788,-0.002739948,-0.07318135,-0.829772008
7/2/2024,-0.384045581,-0.3600256,-0.385506788,-0.002739948,-0.07318135,-0.829772008
7/3/2024,-0.384045581,-0.3600256,-0.385506788,-0.002739948,-0.07318135,-0.829772008
7/4/2024,-0.384045581,-0.3600256,-0.385506788,-0.002739948,-0.07318135,-0.829772008
7/5/2024,-0.378870866,-0.358096553,-0.378935895,0.000223629,-0.066442161,-0.83043268
7/6/2024,-0.378870866,-0.358096553,-0.378935895,0.000223629,-0.066442161,-0.83043268
7/7/2024,-0.378870866,-0.358096553,-0.378935895,0.000223629,-0.066442161,-0.83043268
7/8/2024,-0.378870866,-0.358096553,-0.378935895,0.000223629,-0.066442161,-0.83043268
7/9/2024,-0.378870866,-0.358096553,-0.378935895,0.000223629,-0.066442161,-0.83043268
7/10/2024,-0.378870866,-0.358096553,-0.378935895,0.000223629,-0.066442161,-0.83043268
7/11/2024,-0.378870866,-0.358096553,-0.378935895,0.000223629,-0.066442161,-0.83043268
7/12/2024,-0.373457621,-0.355746786,-0.371547534,0.003113491,-0.068029283,-0.83136246
7/13/2024,-0.373457621,-0.355746786,-0.371547534,0.003113491,-0.068029283,-0.83136246
7/14/2024,-0.373457621,-0.355746786,-0.371547534,0.003113491,-0.068029283,-0.83136246
7/15/2024,-0.373457621,-0.355746786,-0.371547534,0.003113491,-0.068029283,-0.83136246
7/16/2024,-0.373457621,-0.355746786,-0.371547534,0.003113491,-0.068029283,-0.83136246
7/17/2024,-0.373457621,-0.355746786,-0.371547534,0.003113491,-0.068029283,-0.83136246
7/18/2024,-0.373457621,-0.355746786,-0.371547534,0.003113491,-0.068029283,-0.83136246
7/19/2024,-0.368499396,-0.351779499,-0.364494623,0.00574226,-0.078221343,-0.832585644
7/20/2024,-0.368499396,-0.351779499,-0.364494623,0.00574226,-0.078221343,-0.832585644
7/21/2024,-0.368499396,-0.351779499,-0.364494623,0.00574226,-0.078221343,-0.832585644
7/22/2024,-0.368499396,-0.351779499,-0.364494623,0.00574226,-0.078221343,-0.832585644
7/23/2024,-0.368499396,-0.351779499,-0.364494623,0.00574226,-0.078221343,-0.832585644
7/24/2024,-0.368499396,-0.351779499,-0.364494623,0.00574226,-0.078221343,-0.832585644
7/25/2024,-0.368499396,-0.351779499,-0.364494623,0.00574226,-0.078221343,-0.832585644
7/26/2024,-0.364686069,-0.347963731,-0.359115382,0.007809683,-0.096113589,-0.834116926
7/27/2024,-0.364686069,-0.347963731,-0.359115382,0.007809683,-0.096113589,-0.834116926
7/28/2024,-0.364686069,-0.347963731,-0.359115382,0.007809683,-0.096113589,-0.834116926
7/29/2024,-0.364686069,-0.347963731,-0.359115382,0.007809683,-0.096113589,-0.834116926
7/30/2024,-0.364686069,-0.347963731,-0.359115382,0.007809683,-0.096113589,-0.834116926
7/31/2024,-0.364686069,-0.347963731,-0.359115382,0.007809683,-0.096113589,-0.834116926
8/1/2024,-0.364686069,-0.347963731,-0.359115382,0.007809683,-0.096113589,-0.834116926
8/2/2024,-0.362576166,-0.347400553,-0.356392218,0.00904141,-0.120330944,-0.835958551
8/3/2024,-0.362576166,-0.347400553,-0.356392218,0.00904141,-0.120330944,-0.835958551
8/4/2024,-0.362576166,-0.347400553,-0.356392218,0.00904141,-0.120330944,-0.835958551
8/5/2024,-0.362576166,-0.347400553,-0.356392218,0.00904141,-0.120330944,-0.835958551
8/6/2024,-0.362576166,-0.347400553,-0.356392218,0.00904141,-0.120330944,-0.835958551
8/7/2024,-0.362576166,-0.347400553,-0.356392218,0.00904141,-0.120330944,-0.835958551
8/8/2024,-0.362576166,-0.347400553,-0.356392218,0.00904141,-0.120330944,-0.835958551
8/9/2024,-0.363487592,-0.353175897,-0.357216392,0.009122183,-0.149759104,-0.838095812
8/10/2024,-0.363487592,-0.353175897,-0.357216392,0.009122183,-0.149759104,-0.838095812
8/11/2024,-0.363487592,-0.353175897,-0.357216392,0.009122183,-0.149759104,-0.838095812
8/12/2024,-0.363487592,-0.353175897,-0.357216392,0.009122183,-0.149759104,-0.838095812
8/13/2024,-0.363487592,-0.353175897,-0.357216392,0.009122183,-0.149759104,-0.838095812
8/14/2024,-0.363487592,-0.353175897,-0.357216392,0.009122183,-0.149759104,-0.838095812
8/15/2024,-0.363487592,-0.353175897,-0.357216392,0.009122183,-0.149759104,-0.838095812
8/16/2024,-0.371670449,-0.369315008,-0.364656825,0.007306879,-0.182765274,-0.840496024
8/17/2024,-0.371670449,-0.369315008,-0.364656825,0.007306879,-0.182765274,-0.840496024
8/18/2024,-0.371670449,-0.369315008,-0.364656825,0.007306879,-0.182765274,-0.840496024
8/19/2024,-0.371670449,-0.369315008,-0.364656825,0.007306879,-0.182765274,-0.840496024
8/20/2024,-0.371670449,-0.369315008,-0.364656825,0.007306879,-0.182765274,-0.840496024
8/21/2024,-0.371670449,-0.369315008,-0.364656825,0.007306879,-0.182765274,-0.840496024
8/22/2024,-0.371670449,-0.369315008,-0.364656825,0.007306879,-0.182765274,-0.840496024
8/23/2024,-0.38187967,-0.390011908,-0.374029336,0.003884746,-0.21681078,-0.843106191
8/24/2024,-0.38187967,-0.390011908,-0.374029336,0.003884746,-0.21681078,-0.843106191
8/25/2024,-0.38187967,-0.390011908,-0.374029336,0.003884746,-0.21681078,-0.843106191
8/26/2024,-0.38187967,-0.390011908,-0.374029336,0.003884746,-0.21681078,-0.843106191
8/27/2024,-0.38187967,-0.390011908,-0.374029336,0.003884746,-0.21681078,-0.843106191
8/28/2024,-0.38187967,-0.390011908,-0.374029336,0.003884746,-0.21681078,-0.843106191
8/29/2024,-0.38187967,-0.390011908,-0.374029336,0.003884746,-0.21681078,-0.843106191
8/30/2024,-0.393325852,-0.411826802,-0.384486548,-0.000735141,-0.250051106,-0.845850973
8/31/2024,-0.393325852,-0.411826802,-0.384486548,-0.000735141,-0.250051106,-0.845850973
9/1/2024,-0.393325852,-0.411826802,-0.384486548,-0.000735141,-0.250051106,-0.845850973
9/2/2024,-0.393325852,-0.411826802,-0.384486548,-0.000735141,-0.250051106,-0.845850973
9/3/2024,-0.393325852,-0.411826802,-0.384486548,-0.000735141,-0.250051106,-0.845850973
9/4/2024,-0.393325852,-0.411826802,-0.384486548,-0.000735141,-0.250051106,-0.845850973
9/5/2024,-0.393325852,-0.411826802,-0.384486548,-0.000735141,-0.250051106,-0.845850973
9/6/2024,-0.404493416,-0.432212099,-0.394610406,-0.006261354,-0.280243745,-0.848632972
9/7/2024,-0.404493416,-0.432212099,-0.394610406,-0.006261354,-0.280243745,-0.848632972
9/8/2024,-0.404493416,-0.432212099,-0.394610406,-0.006261354,-0.280243745,-0.848632972
9/9/2024,-0.404493416,-0.432212099,-0.394610406,-0.006261354,-0.280243745,-0.848632972
9/10/2024,-0.404493416,-0.432212099,-0.394610406,-0.006261354,-0.280243745,-0.848632972
9/11/2024,-0.404493416,-0.432212099,-0.394610406,-0.006261354,-0.280243745,-0.848632972
9/12/2024,-0.404493416,-0.432212099,-0.394610406,-0.006261354,-0.280243745,-0.848632972
9/13/2024,-0.414297274,-0.446968731,-0.402729867,-0.012887474,-0.305481839,-0.851331383
9/14/2024,-0.414297274,-0.446968731,-0.402729867,-0.012887474,-0.305481839,-0.851331383
9/15/2024,-0.414297274,-0.446968731,-0.402729867,-0.012887474,-0.305481839,-0.851331383
9/16/2024,-0.414297274,-0.446968731,-0.402729867,-0.012887474,-0.305481839,-0.851331383
9/17/2024,-0.414297274,-0.446968731,-0.402729867,-0.012887474,-0.305481839,-0.851331383
9/18/2024,-0.414297274,-0.446968731,-0.402729867,-0.012887474,-0.305481839,-0.851331383
9/19/2024,-0.414297274,-0.446968731,-0.402729867,-0.012887474,-0.305481839,-0.851331383
9/20/2024,-0.422196337,-0.457346424,-0.408071512,-0.020396877,-0.324650687,-0.853803313
9/21/2024,-0.422196337,-0.457346424,-0.408071512,-0.020396877,-0.324650687,-0.853803313
9/22/2024,-0.422196337,-0.457346424,-0.408071512,-0.020396877,-0.324650687,-0.853803313
9/23/2024,-0.422196337,-0.457346424,-0.408071512,-0.020396877,-0.324650687,-0.853803313
9/24/2024,-0.422196337,-0.457346424,-0.408071512,-0.020396877,-0.324650687,-0.853803313
9/25/2024,-0.422196337,-0.457346424,-0.408071512,-0.020396877,-0.324650687,-0.853803313
9/26/2024,-0.422196337,-0.457346424,-0.408071512,-0.020396877,-0.324650687,-0.853803313
9/27/2024,-0.428319202,-0.46537677,-0.41182379,-0.028006118,-0.33643306,-0.85589098
9/28/2024,-0.428319202,-0.46537677,-0.41182379,-0.028006118,-0.33643306,-0.85589098
9/29/2024,-0.428319202,-0.46537677,-0.41182379,-0.028006118,-0.33643306,-0.85589098
9/30/2024,-0.428319202,-0.46537677,-0.41182379,-0.028006118,-0.33643306,-0.85589098
10/1/2024,-0.428319202,-0.46537677,-0.41182379,-0.028006118,-0.33643306,-0.85589098
10/2/2024,-0.428319202,-0.46537677,-0.41182379,-0.028006118,-0.33643306,-0.85589098
10/3/2024,-0.428319202,-0.46537677,-0.41182379,-0.028006118,-0.33643306,-0.85589098
10/4/2024,-0.43234226,-0.473052961,-0.413056654,-0.036011127,-0.34066506,-0.857429216
10/5/2024,-0.43234226,-0.473052961,-0.413056654,-0.036011127,-0.34066506,-0.857429216
10/6/2024,-0.43234226,-0.473052961,-0.413056654,-0.036011127,-0.34066506,-0.857429216
10/7/2024,-0.43234226,-0.473052961,-0.413056654,-0.036011127,-0.34066506,-0.857429216
10/8/2024,-0.43234226,-0.473052961,-0.413056654,-0.036011127,-0.34066506,-0.857429216
10/9/2024,-0.43234226,-0.473052961,-0.413056654,-0.036011127,-0.34066506,-0.857429216
10/10/2024,-0.43234226,-0.473052961,-0.413056654,-0.036011127,-0.34066506,-0.857429216
10/11/2024,-0.435359107,-0.479809349,-0.413874786,-0.043723963,-0.337327248,-0.858232267
10/12/2024,-0.435359107,-0.479809349,-0.413874786,-0.043723963,-0.337327248,-0.858232267
10/13/2024,-0.435359107,-0.479809349,-0.413874786,-0.043723963,-0.337327248,-0.858232267
10/14/2024,-0.435359107,-0.479809349,-0.413874786,-0.043723963,-0.337327248,-0.858232267
10/15/2024,-0.435359107,-0.479809349,-0.413874786,-0.043723963,-0.337327248,-0.858232267
10/16/2024,-0.435359107,-0.479809349,-0.413874786,-0.043723963,-0.337327248,-0.858232267
10/17/2024,-0.435359107,-0.479809349,-0.413874786,-0.043723963,-0.337327248,-0.858232267
10/18/2024,-0.439712209,-0.488746077,-0.416699316,-0.051218971,-0.32687869,-0.858145898
10/19/2024,-0.439712209,-0.488746077,-0.416699316,-0.051218971,-0.32687869,-0.858145898
10/20/2024,-0.439712209,-0.488746077,-0.416699316,-0.051218971,-0.32687869,-0.858145898
10/21/2024,-0.439712209,-0.488746077,-0.416699316,-0.051218971,-0.32687869,-0.858145898
10/22/2024,-0.439712209,-0.488746077,-0.416699316,-0.051218971,-0.32687869,-0.858145898
10/23/2024,-0.439712209,-0.488746077,-0.416699316,-0.051218971,-0.32687869,-0.858145898
10/24/2024,-0.439712209,-0.488746077,-0.416699316,-0.051218971,-0.32687869,-0.858145898
10/25/2024,-0.444255125,-0.496970277,-0.421222471,-0.057828977,-0.31058652,-0.857026374
10/26/2024,-0.444255125,-0.496970277,-0.421222471,-0.057828977,-0.31058652,-0.857026374
10/27/2024,-0.444255125,-0.496970277,-0.421222471,-0.057828977,-0.31058652,-0.857026374
10/28/2024,-0.444255125,-0.496970277,-0.421222471,-0.057828977,-0.31058652,-0.857026374
10/29/2024,-0.444255125,-0.496970277,-0.421222471,-0.057828977,-0.31058652,-0.857026374
10/30/2024,-0.444255125,-0.496970277,-0.421222471,-0.057828977,-0.31058652,-0.857026374
10/31/2024,-0.444255125,-0.496970277,-0.421222471,-0.057828977,-0.31058652,-0.857026374
11/1/2024,-0.450393466,-0.505507345,-0.428596525,-0.063556498,-0.290408282,-0.854756237
11/2/2024,-0.450393466,-0.505507345,-0.428596525,-0.063556498,-0.290408282,-0.854756237
11/3/2024,-0.450393466,-0.505507345,-0.428596525,-0.063556498,-0.290408282,-0.854756237
11/4/2024,-0.450393466,-0.505507345,-0.428596525,-0.063556498,-0.290408282,-0.854756237
11/5/2024,-0.450393466,-0.505507345,-0.428596525,-0.063556498,-0.290408282,-0.854756237
11/6/2024,-0.450393466,-0.505507345,-0.428596525,-0.063556498,-0.290408282,-0.854756237
11/7/2024,-0.450393466,-0.505507345,-0.428596525,-0.063556498,-0.290408282,-0.854756237
11/8/2024,-0.458597338,-0.514441009,-0.439084013,-0.068399858,-0.268433644,-0.851254809
11/9/2024,-0.458597338,-0.514441009,-0.439084013,-0.068399858,-0.268433644,-0.851254809
11/10/2024,-0.458597338,-0.514441009,-0.439084013,-0.068399858,-0.268433644,-0.851254809
11/11/2024,-0.458597338,-0.514441009,-0.439084013,-0.068399858,-0.268433644,-0.851254809
11/12/2024,-0.458597338,-0.514441009,-0.439084013,-0.068399858,-0.268433644,-0.851254809
11/13/2024,-0.458597338,-0.514441009,-0.439084013,-0.068399858,-0.268433644,-0.851254809
11/14/2024,-0.458597338,-0.514441009,-0.439084013,-0.068399858,-0.268433644,-0.851254809
11/15/2024,-0.466342435,-0.521171818,-0.450189905,-0.071807541,-0.247620504,-0.846480599
11/16/2024,-0.466342435,-0.521171818,-0.450189905,-0.071807541,-0.247620504,-0.846480599
11/17/2024,-0.466342435,-0.521171818,-0.450189905,-0.071807541,-0.247620504,-0.846480599
11/18/2024,-0.466342435,-0.521171818,-0.450189905,-0.071807541,-0.247620504,-0.846480599
11/19/2024,-0.466342435,-0.521171818,-0.450189905,-0.071807541,-0.247620504,-0.846480599
11/20/2024,-0.466342435,-0.521171818,-0.450189905,-0.071807541,-0.247620504,-0.846480599
11/21/2024,-0.466342435,-0.521171818,-0.450189905,-0.071807541,-0.247620504,-0.846480599
11/22/2024,-0.471646693,-0.523660448,-0.459962078,-0.073456637,-0.230556859,-0.84043326
11/23/2024,-0.471646693,-0.523660448,-0.459962078,-0.073456637,-0.230556859,-0.84043326
11/24/2024,-0.471646693,-0.523660448,-0.459962078,-0.073456637,-0.230556859,-0.84043326
11/25/2024,-0.471646693,-0.523660448,-0.459962078,-0.073456637,-0.230556859,-0.84043326
11/26/2024,-0.471646693,-0.523660448,-0.459962078,-0.073456637,-0.230556859,-0.84043326
11/27/2024,-0.471646693,-0.523660448,-0.459962078,-0.073456637,-0.230556859,-0.84043326
11/28/2024,-0.471646693,-0.523660448,-0.459962078,-0.073456637,-0.230556859,-0.84043326
11/29/2024,-0.475273201,-0.522923744,-0.468848169,-0.073402433,-0.219524347,-0.833157444
11/30/2024,-0.475273201,-0.522923744,-0.468848169,-0.073402433,-0.219524347,-0.833157444
12/1/2024,-0.475273201,-0.522923744,-0.468848169,-0.073402433,-0.219524347,-0.833157444
12/2/2024,-0.475273201,-0.522923744,-0.468848169,-0.073402433,-0.219524347,-0.833157444
12/3/2024,-0.475273201,-0.522923744,-0.468848169,-0.073402433,-0.219524347,-0.833157444
12/4/2024,-0.475273201,-0.522923744,-0.468848169,-0.073402433,-0.219524347,-0.833157444
12/5/2024,-0.475273201,-0.522923744,-0.468848169,-0.073402433,-0.219524347,-0.833157444
12/6/2024,-0.477746905,-0.519134836,-0.476569115,-0.0721323,-0.216458117,-0.824740424
12/7/2024,-0.477746905,-0.519134836,-0.476569115,-0.0721323,-0.216458117,-0.824740424
12/8/2024,-0.477746905,-0.519134836,-0.476569115,-0.0721323,-0.216458117,-0.824740424
12/9/2024,-0.477746905,-0.519134836,-0.476569115,-0.0721323,-0.216458117,-0.824740424
12/10/2024,-0.477746905,-0.519134836,-0.476569115,-0.0721323,-0.216458117,-0.824740424
12/11/2024,-0.477746905,-0.519134836,-0.476569115,-0.0721323,-0.216458117,-0.824740424
12/12/2024,-0.477746905,-0.519134836,-0.476569115,-0.0721323,-0.216458117,-0.824740424
12/13/2024,-0.479313393,-0.513791464,-0.483318813,-0.069929821,-0.222177456,-0.815312469
12/14/2024,-0.479313393,-0.513791464,-0.483318813,-0.069929821,-0.222177456,-0.815312469
12/15/2024,-0.479313393,-0.513791464,-0.483318813,-0.069929821,-0.222177456,-0.815312469
12/16/2024,-0.479313393,-0.513791464,-0.483318813,-0.069929821,-0.222177456,-0.815312469
12/17/2024,-0.479313393,-0.513791464,-0.483318813,-0.069929821,-0.222177456,-0.815312469
12/18/2024,-0.479313393,-0.513791464,-0.483318813,-0.069929821,-0.222177456,-0.815312469
12/19/2024,-0.479313393,-0.513791464,-0.483318813,-0.069929821,-0.222177456,-0.815312469
12/20/2024,-0.48035606,-0.509720466,-0.488681282,-0.067419578,-0.237206557,-0.805044974
12/21/2024,-0.48035606,-0.509720466,-0.488681282,-0.067419578,-0.237206557,-0.805044974
12/22/2024,-0.48035606,-0.509720466,-0.488681282,-0.067419578,-0.237206557,-0.805044974
12/23/2024,-0.48035606,-0.509720466,-0.488681282,-0.067419578,-0.237206557,-0.805044974
12/24/2024,-0.48035606,-0.509720466,-0.488681282,-0.067419578,-0.237206557,-0.805044974
12/25/2024,-0.48035606,-0.509720466,-0.488681282,-0.067419578,-0.237206557,-0.805044974
12/26/2024,-0.48035606,-0.509720466,-0.488681282,-0.067419578,-0.237206557,-0.805044974
12/27/2024,-0.484306239,-0.510282031,-0.495010578,-0.065675204,-0.260719706,-0.794139358
12/28/2024,-0.484306239,-0.510282031,-0.495010578,-0.065675204,-0.260719706,-0.794139358
12/29/2024,-0.484306239,-0.510282031,-0.495010578,-0.065675204,-0.260719706,-0.794139358
12/30/2024,-0.484306239,-0.510282031,-0.495010578,-0.065675204,-0.260719706,-0.794139358
12/31/2024,-0.484306239,-0.510282031,-0.495010578,-0.065675204,-0.260719706,-0.794139358
1/1/2025,-0.484306239,-0.510282031,-0.495010578,-0.065675204,-0.260719706,-0.794139358
1/2/2025,-0.484306239,-0.510282031,-0.495010578,-0.065675204,-0.260719706,-0.794139358
1/3/2025,-0.488929745,-0.513855701,-0.500789564,-0.064450749,-0.290935513,-0.782808699
1/4/2025,-0.488929745,-0.513855701,-0.500789564,-0.064450749,-0.290935513,-0.782808699
1/5/2025,-0.488929745,-0.513855701,-0.500789564,-0.064450749,-0.290935513,-0.782808699
1/6/2025,-0.488929745,-0.513855701,-0.500789564,-0.064450749,-0.290935513,-0.782808699
1/7/2025,-0.488929745,-0.513855701,-0.500789564,-0.064450749,-0.290935513,-0.782808699
1/8/2025,-0.488929745,-0.513855701,-0.500789564,-0.064450749,-0.290935513,-0.782808699
1/9/2025,-0.488929745,-0.513855701,-0.500789564,-0.064450749,-0.290935513,-0.782808699
1/10/2025,-0.495050031,-0.519529491,-0.506201672,-0.064420792,-0.32519073,-0.771306595
1/11/2025,-0.495050031,-0.519529491,-0.506201672,-0.064420792,-0.32519073,-0.771306595
1/12/2025,-0.495050031,-0.519529491,-0.506201672,-0.064420792,-0.32519073,-0.771306595
1/13/2025,-0.495050031,-0.519529491,-0.506201672,-0.064420792,-0.32519073,-0.771306595
1/14/2025,-0.495050031,-0.519529491,-0.506201672,-0.064420792,-0.32519073,-0.771306595
1/15/2025,-0.495050031,-0.519529491,-0.506201672,-0.064420792,-0.32519073,-0.771306595
1/16/2025,-0.495050031,-0.519529491,-0.506201672,-0.064420792,-0.32519073,-0.771306595
1/17/2025,-0.500426267,-0.52282,-0.509870191,-0.064610649,-0.361145035,-0.759850378
1/18/2025,-0.500426267,-0.52282,-0.509870191,-0.064610649,-0.361145035,-0.759850378
1/19/2025,-0.500426267,-0.52282,-0.509870191,-0.064610649,-0.361145035,-0.759850378
1/20/2025,-0.500426267,-0.52282,-0.509870191,-0.064610649,-0.361145035,-0.759850378
1/21/2025,-0.500426267,-0.52282,-0.509870191,-0.064610649,-0.361145035,-0.759850378
1/22/2025,-0.500426267,-0.52282,-0.509870191,-0.064610649,-0.361145035,-0.759850378
1/23/2025,-0.500426267,-0.52282,-0.509870191,-0.064610649,-0.361145035,-0.759850378
1/24/2025,-0.505689337,-0.521708581,-0.513518622,-0.06428888,-0.395224818,-0.748647091
1/25/2025,-0.505689337,-0.521708581,-0.513518622,-0.06428888,-0.395224818,-0.748647091
1/26/2025,-0.505689337,-0.521708581,-0.513518622,-0.06428888,-0.395224818,-0.748647091
1/27/2025,-0.505689337,-0.521708581,-0.513518622,-0.06428888,-0.395224818,-0.748647091
1/28/2025,-0.505689337,-0.521708581,-0.513518622,-0.06428888,-0.395224818,-0.748647091
1/29/2025,-0.505689337,-0.521708581,-0.513518622,-0.06428888,-0.395224818,-0.748647091
1/30/2025,-0.505689337,-0.521708581,-0.513518622,-0.06428888,-0.395224818,-0.748647091
1/31/2025,-0.508987591,-0.514588334,-0.51494809,-0.063100634,-0.425253853,-0.737878246
2/1/2025,-0.508987591,-0.514588334,-0.51494809,-0.063100634,-0.425253853,-0.737878246
2/2/2025,-0.508987591,-0.514588334,-0.51494809,-0.063100634,-0.425253853,-0.737878246
2/3/2025,-0.508987591,-0.514588334,-0.51494809,-0.063100634,-0.425253853,-0.737878246
2/4/2025,-0.508987591,-0.514588334,-0.51494809,-0.063100634,-0.425253853,-0.737878246
2/5/2025,-0.508987591,-0.514588334,-0.51494809,-0.063100634,-0.425253853,-0.737878246
2/6/2025,-0.508987591,-0.514588334,-0.51494809,-0.063100634,-0.425253853,-0.737878246
2/7/2025,-0.508403798,-0.500499789,-0.512956605,-0.060147025,-0.449051869,-0.727689912
2/8/2025,-0.508403798,-0.500499789,-0.512956605,-0.060147025,-0.449051869,-0.727689912
2/9/2025,-0.508403798,-0.500499789,-0.512956605,-0.060147025,-0.449051869,-0.727689912
2/10/2025,-0.508403798,-0.500499789,-0.512956605,-0.060147025,-0.449051869,-0.727689912
2/11/2025,-0.508403798,-0.500499789,-0.512956605,-0.060147025,-0.449051869,-0.727689912
2/12/2025,-0.508403798,-0.500499789,-0.512956605,-0.060147025,-0.449051869,-0.727689912
2/13/2025,-0.508403798,-0.500499789,-0.512956605,-0.060147025,-0.449051869,-0.727689912
2/14/2025,-0.504210878,-0.484532305,-0.508257301,-0.054631969,-0.46546204,-0.718191382
2/15/2025,-0.504210878,-0.484532305,-0.508257301,-0.054631969,-0.46546204,-0.718191382
2/16/2025,-0.504210878,-0.484532305,-0.508257301,-0.054631969,-0.46546204,-0.718191382
2/17/2025,-0.504210878,-0.484532305,-0.508257301,-0.054631969,-0.46546204,-0.718191382
2/18/2025,-0.504210878,-0.484532305,-0.508257301,-0.054631969,-0.46546204,-0.718191382
2/19/2025,-0.504210878,-0.484532305,-0.508257301,-0.054631969,-0.46546204,-0.718191382
2/20/2025,-0.504210878,-0.484532305,-0.508257301,-0.054631969,-0.46546204,-0.718191382
2/21/2025,-0.494897962,-0.46876395,-0.499667785,-0.046282025,-0.473878561,-0.70945673
2/22/2025,-0.494897962,-0.46876395,-0.499667785,-0.046282025,-0.473878561,-0.70945673
2/23/2025,-0.494897962,-0.46876395,-0.499667785,-0.046282025,-0.473878561,-0.70945673
2/24/2025,-0.494897962,-0.46876395,-0.499667785,-0.046282025,-0.473878561,-0.70945673
2/25/2025,-0.494897962,-0.46876395,-0.499667785,-0.046282025,-0.473878561,-0.70945673
2/26/2025,-0.494897962,-0.46876395,-0.499667785,-0.046282025,-0.473878561,-0.70945673
2/27/2025,-0.494897962,-0.46876395,-0.499667785,-0.046282025,-0.473878561,-0.70945673
2/28/2025,-0.481469571,-0.456283101,-0.487378082,-0.035546791,-0.475326578,-0.701523744
3/1/2025,-0.481469571,-0.456283101,-0.487378082,-0.035546791,-0.475326578,-0.701523744
3/2/2025,-0.481469571,-0.456283101,-0.487378082,-0.035546791,-0.475326578,-0.701523744
3/3/2025,-0.481469571,-0.456283101,-0.487378082,-0.035546791,-0.475326578,-0.701523744
3/4/2025,-0.481469571,-0.456283101,-0.487378082,-0.035546791,-0.475326578,-0.701523744
3/5/2025,-0.481469571,-0.456283101,-0.487378082,-0.035546791,-0.475326578,-0.701523744
3/6/2025,-0.481469571,-0.456283101,-0.487378082,-0.035546791,-0.475326578,-0.701523744
3/7/2025,-0.464556703,-0.447158783,-0.4722449,-0.023227679,-0.470130278,-0.694397554
3/8/2025,-0.464556703,-0.447158783,-0.4722449,-0.023227679,-0.470130278,-0.694397554
3/9/2025,-0.464556703,-0.447158783,-0.4722449,-0.023227679,-0.470130278,-0.694397554
3/10/2025,-0.464556703,-0.447158783,-0.4722449,-0.023227679,-0.470130278,-0.694397554
3/11/2025,-0.464556703,-0.447158783,-0.4722449,-0.023227679,-0.470130278,-0.694397554
3/12/2025,-0.464556703,-0.447158783,-0.4722449,-0.023227679,-0.470130278,-0.694397554
3/13/2025,-0.464556703,-0.447158783,-0.4722449,-0.023227679,-0.470130278,-0.694397554
3/14/2025,-0.445893987,-0.438335682,-0.455175146,-0.010319238,-0.460802381,-0.688053435
3/15/2025,-0.445893987,-0.438335682,-0.455175146,-0.010319238,-0.460802381,-0.688053435
3/16/2025,-0.445893987,-0.438335682,-0.455175146,-0.010319238,-0.460802381,-0.688053435
3/17/2025,-0.445893987,-0.438335682,-0.455175146,-0.010319238,-0.460802381,-0.688053435
3/18/2025,-0.445893987,-0.438335682,-0.455175146,-0.010319238,-0.460802381,-0.688053435
3/19/2025,-0.445893987,-0.438335682,-0.455175146,-0.010319238,-0.460802381,-0.688053435
3/20/2025,-0.445893987,-0.438335682,-0.455175146,-0.010319238,-0.460802381,-0.688053435
3/21/2025,-0.427621503,-0.428145911,-0.438016344,0.001922169,-0.44933557,-0.682438632
3/22/2025,-0.427621503,-0.428145911,-0.438016344,0.001922169,-0.44933557,-0.682438632
3/23/2025,-0.427621503,-0.428145911,-0.438016344,0.001922169,-0.44933557,-0.682438632
3/24/2025,-0.427621503,-0.428145911,-0.438016344,0.001922169,-0.44933557,-0.682438632
3/25/2025,-0.427621503,-0.428145911,-0.438016344,0.001922169,-0.44933557,-0.682438632
3/26/2025,-0.427621503,-0.428145911,-0.438016344,0.001922169,-0.44933557,-0.682438632
3/27/2025,-0.427621503,-0.428145911,-0.438016344,0.001922169,-0.44933557,-0.682438632
3/28/2025,-0.410423442,-0.41531405,-0.421049163,0.011795175,-0.437336665,-0.677480522
3/29/2025,-0.410423442,-0.41531405,-0.421049163,0.011795175,-0.437336665,-0.677480522
3/30/2025,-0.410423442,-0.41531405,-0.421049163,0.011795175,-0.437336665,-0.677480522
3/31/2025,-0.410423442,-0.41531405,-0.421049163,0.011795175,-0.437336665,-0.677480522
4/1/2025,-0.410423442,-0.41531405,-0.421049163,0.011795175,-0.437336665,-0.677480522
4/2/2025,-0.410423442,-0.41531405,-0.421049163,0.011795175,-0.437336665,-0.677480522
4/3/2025,-0.410423442,-0.41531405,-0.421049163,0.011795175,-0.437336665,-0.677480522
4/4/2025,-0.394964709,-0.400630511,-0.405919042,0.019096846,-0.426769497,-0.673095705
4/5/2025,-0.394964709,-0.400630511,-0.405919042,0.019096846,-0.426769497,-0.673095705
4/6/2025,-0.394964709,-0.400630511,-0.405919042,0.019096846,-0.426769497,-0.673095705
4/7/2025,-0.394964709,-0.400630511,-0.405919042,0.019096846,-0.426769497,-0.673095705
4/8/2025,-0.394964709,-0.400630511,-0.405919042,0.019096846,-0.426769497,-0.673095705
4/9/2025,-0.394964709,-0.400630511,-0.405919042,0.019096846,-0.426769497,-0.673095705
4/10/2025,-0.394964709,-0.400630511,-0.405919042,0.019096846,-0.426769497,-0.673095705
4/11/2025,-0.383788415,-0.388735917,-0.395079696,0.023204507,-0.419562549,-0.669180296
4/12/2025,-0.383788415,-0.388735917,-0.395079696,0.023204507,-0.419562549,-0.669180296
4/13/2025,-0.383788415,-0.388735917,-0.395079696,0.023204507,-0.419562549,-0.669180296
4/14/2025,-0.383788415,-0.388735917,-0.395079696,0.023204507,-0.419562549,-0.669180296
4/15/2025,-0.383788415,-0.388735917,-0.395079696,0.023204507,-0.419562549,-0.669180296
4/16/2025,-0.383788415,-0.388735917,-0.395079696,0.023204507,-0.419562549,-0.669180296
4/17/2025,-0.383788415,-0.388735917,-0.395079696,0.023204507,-0.419562549,-0.669180296
4/18/2025,-0.384110487,-0.389226354,-0.394153386,0.022993671,-0.417502096,-0.665633299
4/19/2025,-0.384110487,-0.389226354,-0.394153386,0.022993671,-0.417502096,-0.665633299
4/20/2025,-0.384110487,-0.389226354,-0.394153386,0.022993671,-0.417502096,-0.665633299
4/21/2025,-0.384110487,-0.389226354,-0.394153386,0.022993671,-0.417502096,-0.665633299
4/22/2025,-0.384110487,-0.389226354,-0.394153386,0.022993671,-0.417502096,-0.665633299
4/23/2025,-0.384110487,-0.389226354,-0.394153386,0.022993671,-0.417502096,-0.665633299
4/24/2025,-0.384110487,-0.389226354,-0.394153386,0.022993671,-0.417502096,-0.665633299
4/25/2025,-0.390620629,-0.399381725,-0.399531351,0.019316784,-0.420235201,-0.662355065
4/26/2025,-0.390620629,-0.399381725,-0.399531351,0.019316784,-0.420235201,-0.662355065
4/27/2025,-0.390620629,-0.399381725,-0.399531351,0.019316784,-0.420235201,-0.662355065
4/28/2025,-0.390620629,-0.399381725,-0.399531351,0.019316784,-0.420235201,-0.662355065
4/29/2025,-0.390620629,-0.399381725,-0.399531351,0.019316784,-0.420235201,-0.662355065
4/30/2025,-0.390620629,-0.399381725,-0.399531351,0.019316784,-0.420235201,-0.662355065
5/1/2025,-0.390620629,-0.399381725,-0.399531351,0.019316784,-0.420235201,-0.662355065
5/2/2025,-0.404057069,-0.419204975,-0.411242234,0.012514047,-0.428374392,-0.659248599
5/3/2025,-0.404057069,-0.419204975,-0.411242234,0.012514047,-0.428374392,-0.659248599
5/4/2025,-0.404057069,-0.419204975,-0.411242234,0.012514047,-0.428374392,-0.659248599
5/5/2025,-0.404057069,-0.419204975,-0.411242234,0.012514047,-0.428374392,-0.659248599
5/6/2025,-0.404057069,-0.419204975,-0.411242234,0.012514047,-0.428374392,-0.659248599
5/7/2025,-0.404057069,-0.419204975,-0.411242234,0.012514047,-0.428374392,-0.659248599
5/8/2025,-0.404057069,-0.419204975,-0.411242234,0.012514047,-0.428374392,-0.659248599
5/9/2025,-0.421476687,-0.442341574,-0.427001924,0.003666406,-0.440960398,-0.656224855
5/10/2025,-0.421476687,-0.442341574,-0.427001924,0.003666406,-0.440960398,-0.656224855
5/11/2025,-0.421476687,-0.442341574,-0.427001924,0.003666406,-0.440960398,-0.656224855
5/12/2025,-0.421476687,-0.442341574,-0.427001924,0.003666406,-0.440960398,-0.656224855
5/13/2025,-0.421476687,-0.442341574,-0.427001924,0.003666406,-0.440960398,-0.656224855
5/14/2025,-0.421476687,-0.442341574,-0.427001924,0.003666406,-0.440960398,-0.656224855
5/15/2025,-0.421476687,-0.442341574,-0.427001924,0.003666406,-0.440960398,-0.656224855
5/16/2025,-0.439054414,-0.462260509,-0.443945929,-0.005817001,-0.456495008,-0.653204821
5/17/2025,-0.439054414,-0.462260509,-0.443945929,-0.005817001,-0.456495008,-0.653204821
5/18/2025,-0.439054414,-0.462260509,-0.443945929,-0.005817001,-0.456495008,-0.653204821
5/19/2025,-0.439054414,-0.462260509,-0.443945929,-0.005817001,-0.456495008,-0.653204821
5/20/2025,-0.439054414,-0.462260509,-0.443945929,-0.005817001,-0.456495008,-0.653204821
5/21/2025,-0.439054414,-0.462260509,-0.443945929,-0.005817001,-0.456495008,-0.653204821
5/22/2025,-0.439054414,-0.462260509,-0.443945929,-0.005817001,-0.456495008,-0.653204821
5/23/2025,-0.453691271,-0.473134886,-0.459678702,-0.0142477,-0.474134128,-0.650119782
5/24/2025,-0.453691271,-0.473134886,-0.459678702,-0.0142477,-0.474134128,-0.650119782
5/25/2025,-0.453691271,-0.473134886,-0.459678702,-0.0142477,-0.474134128,-0.650119782
5/26/2025,-0.453691271,-0.473134886,-0.459678702,-0.0142477,-0.474134128,-0.650119782
5/27/2025,-0.453691271,-0.473134886,-0.459678702,-0.0142477,-0.474134128,-0.650119782
5/28/2025,-0.453691271,-0.473134886,-0.459678702,-0.0142477,-0.474134128,-0.650119782
5/29/2025,-0.453691271,-0.473134886,-0.459678702,-0.0142477,-0.474134128,-0.650119782
5/30/2025,-0.465479677,-0.476978323,-0.4735079,-0.021526111,-0.492447917,-0.646912487
5/31/2025,-0.465479677,-0.476978323,-0.4735079,-0.021526111,-0.492447917,-0.646912487
6/1/2025,-0.465479677,-0.476978323,-0.4735079,-0.021526111,-0.492447917,-0.646912487
6/2/2025,-0.465479677,-0.476978323,-0.4735079,-0.021526111,-0.492447917,-0.646912487
6/3/2025,-0.465479677,-0.476978323,-0.4735079,-0.021526111,-0.492447917,-0.646912487
6/4/2025,-0.465479677,-0.476978323,-0.4735079,-0.021526111,-0.492447917,-0.646912487
6/5/2025,-0.465479677,-0.476978323,-0.4735079,-0.021526111,-0.492447917,-0.646912487
6/6/2025,-0.474497991,-0.476559556,-0.485745967,-0.026852117,-0.510271918,-0.643537298
6/7/2025,-0.474497991,-0.476559556,-0.485745967,-0.026852117,-0.510271918,-0.643537298
6/8/2025,-0.474497991,-0.476559556,-0.485745967,-0.026852117,-0.510271918,-0.643537298
6/9/2025,-0.474497991,-0.476559556,-0.485745967,-0.026852117,-0.510271918,-0.643537298
6/10/2025,-0.474497991,-0.476559556,-0.485745967,-0.026852117,-0.510271918,-0.643537298
6/11/2025,-0.474497991,-0.476559556,-0.485745967,-0.026852117,-0.510271918,-0.643537298
6/12/2025,-0.474497991,-0.476559556,-0.485745967,-0.026852117,-0.510271918,-0.643537298
6/13/2025,-0.481877531,-0.477243718,-0.496446579,-0.03076161,-0.52656046,-0.639959779
6/14/2025,-0.481877531,-0.477243718,-0.496446579,-0.03076161,-0.52656046,-0.639959779
6/15/2025,-0.481877531,-0.477243718,-0.496446579,-0.03076161,-0.52656046,-0.639959779
6/16/2025,-0.481877531,-0.477243718,-0.496446579,-0.03076161,-0.52656046,-0.639959779
6/17/2025,-0.481877531,-0.477243718,-0.496446579,-0.03076161,-0.52656046,-0.639959779
6/18/2025,-0.481877531,-0.477243718,-0.496446579,-0.03076161,-0.52656046,-0.639959779
6/19/2025,-0.481877531,-0.477243718,-0.496446579,-0.03076161,-0.52656046,-0.639959779
6/20/2025,-0.488243642,-0.481139572,-0.505644756,-0.033817527,-0.540077151,-0.636157167
6/21/2025,-0.488243642,-0.481139572,-0.505644756,-0.033817527,-0.540077151,-0.636157167
6/22/2025,-0.488243642,-0.481139572,-0.505644756,-0.033817527,-0.540077151,-0.636157167
6/23/2025,-0.488243642,-0.481139572,-0.505644756,-0.033817527,-0.540077151,-0.636157167
6/24/2025,-0.488243642,-0.481139572,-0.505644756,-0.033817527,-0.540077151,-0.636157167
6/25/2025,-0.488243642,-0.481139572,-0.505644756,-0.033817527,-0.540077151,-0.636157167
6/26/2025,-0.488243642,-0.481139572,-0.505644756,-0.033817527,-0.540077151,-0.636157167
6/27/2025,-0.494988067,-0.487966088,-0.514492122,-0.036402894,-0.549927862,-0.632117134
6/28/2025,-0.494988067,-0.487966088,-0.514492122,-0.036402894,-0.549927862,-0.632117134
6/29/2025,-0.494988067,-0.487966088,-0.514492122,-0.036402894,-0.549927862,-0.632117134
6/30/2025,-0.494988067,-0.487966088,-0.514492122,-0.036402894,-0.549927862,-0.632117134
7/1/2025,-0.494988067,-0.487966088,-0.514492122,-0.036402894,-0.549927862,-0.632117134
7/2/2025,-0.494988067,-0.487966088,-0.514492122,-0.036402894,-0.549927862,-0.632117134
7/3/2025,-0.494988067,-0.487966088,-0.514492122,-0.036402894,-0.549927862,-0.632117134
7/4/2025,-0.502053927,-0.495723166,-0.523256994,-0.038625464,-0.555386933,-0.627835298
7/5/2025,-0.502053927,-0.495723166,-0.523256994,-0.038625464,-0.555386933,-0.627835298
7/6/2025,-0.502053927,-0.495723166,-0.523256994,-0.038625464,-0.555386933,-0.627835298
7/7/2025,-0.502053927,-0.495723166,-0.523256994,-0.038625464,-0.555386933,-0.627835298
7/8/2025,-0.502053927,-0.495723166,-0.523256994,-0.038625464,-0.555386933,-0.627835298
7/9/2025,-0.502053927,-0.495723166,-0.523256994,-0.038625464,-0.555386933,-0.627835298
7/10/2025,-0.502053927,-0.495723166,-0.523256994,-0.038625464,-0.555386933,-0.627835298
7/11/2025,-0.508650483,-0.501334342,-0.531547814,-0.040526212,-0.555938723,-0.623316564
7/12/2025,-0.508650483,-0.501334342,-0.531547814,-0.040526212,-0.555938723,-0.623316564
7/13/2025,-0.508650483,-0.501334342,-0.531547814,-0.040526212,-0.555938723,-0.623316564
7/14/2025,-0.508650483,-0.501334342,-0.531547814,-0.040526212,-0.555938723,-0.623316564
7/15/2025,-0.508650483,-0.501334342,-0.531547814,-0.040526212,-0.555938723,-0.623316564
7/16/2025,-0.508650483,-0.501334342,-0.531547814,-0.040526212,-0.555938723,-0.623316564
7/17/2025,-0.508650483,-0.501334342,-0.531547814,-0.040526212,-0.555938723,-0.623316564
7/18/2025,-0.513693546,-0.50335843,-0.539234681,-0.042155637,-0.550558915,-0.618572744
7/19/2025,-0.513693546,-0.50335843,-0.539234681,-0.042155637,-0.550558915,-0.618572744
7/20/2025,-0.513693546,-0.50335843,-0.539234681,-0.042155637,-0.550558915,-0.618572744
7/21/2025,-0.513693546,-0.50335843,-0.539234681,-0.042155637,-0.550558915,-0.618572744
7/22/2025,-0.513693546,-0.50335843,-0.539234681,-0.042155637,-0.550558915,-0.618572744
7/23/2025,-0.513693546,-0.50335843,-0.539234681,-0.042155637,-0.550558915,-0.618572744
7/24/2025,-0.513693546,-0.50335843,-0.539234681,-0.042155637,-0.550558915,-0.618572744
7/25/2025,-0.517830921,-0.503784747,-0.546102647,-0.043614512,-0.540641279,-0.613620402
7/26/2025,-0.517830921,-0.503784747,-0.546102647,-0.043614512,-0.540641279,-0.613620402
7/27/2025,-0.517830921,-0.503784747,-0.546102647,-0.043614512,-0.540641279,-0.613620402
7/28/2025,-0.517830921,-0.503784747,-0.546102647,-0.043614512,-0.540641279,-0.613620402
7/29/2025,-0.517830921,-0.503784747,-0.546102647,-0.043614512,-0.540641279,-0.613620402
7/30/2025,-0.517830921,-0.503784747,-0.546102647,-0.043614512,-0.540641279,-0.613620402
7/31/2025,-0.517830921,-0.503784747,-0.546102647,-0.043614512,-0.540641279,-0.613620402
8/1/2025,-0.52052353,-0.503662118,-0.552301793,-0.044609411,-0.526248821,-0.608480567
8/2/2025,-0.52052353,-0.503662118,-0.552301793,-0.044609411,-0.526248821,-0.608480567
8/3/2025,-0.52052353,-0.503662118,-0.552301793,-0.044609411,-0.526248821,-0.608480567
8/4/2025,-0.52052353,-0.503662118,-0.552301793,-0.044609411,-0.526248821,-0.608480567
8/5/2025,-0.52052353,-0.503662118,-0.552301793,-0.044609411,-0.526248821,-0.608480567
8/6/2025,-0.52052353,-0.503662118,-0.552301793,-0.044609411,-0.526248821,-0.608480567
8/7/2025,-0.52052353,-0.503662118,-0.552301793,-0.044609411,-0.526248821,-0.608480567
8/8/2025,-0.522110812,-0.50492508,-0.557199023,-0.045450344,-0.508530824,-0.603177804
8/9/2025,-0.522110812,-0.50492508,-0.557199023,-0.045450344,-0.508530824,-0.603177804
8/10/2025,-0.522110812,-0.50492508,-0.557199023,-0.045450344,-0.508530824,-0.603177804
8/11/2025,-0.522110812,-0.50492508,-0.557199023,-0.045450344,-0.508530824,-0.603177804
8/12/2025,-0.522110812,-0.50492508,-0.557199023,-0.045450344,-0.508530824,-0.603177804
8/13/2025,-0.522110812,-0.50492508,-0.557199023,-0.045450344,-0.508530824,-0.603177804
8/14/2025,-0.522110812,-0.50492508,-0.557199023,-0.045450344,-0.508530824,-0.603177804
8/15/2025,-0.524584724,-0.508150413,-0.562688878,-0.045835921,-0.488462019,-0.597738756
8/16/2025,-0.524584724,-0.508150413,-0.562688878,-0.045835921,-0.488462019,-0.597738756
8/17/2025,-0.524584724,-0.508150413,-0.562688878,-0.045835921,-0.488462019,-0.597738756
8/18/2025,-0.524584724,-0.508150413,-0.562688878,-0.045835921,-0.488462019,-0.597738756
8/19/2025,-0.524584724,-0.508150413,-0.562688878,-0.045835921,-0.488462019,-0.597738756
8/20/2025,-0.524584724,-0.508150413,-0.562688878,-0.045835921,-0.488462019,-0.597738756
8/21/2025,-0.524584724,-0.508150413,-0.562688878,-0.045835921,-0.488462019,-0.597738756
8/22/2025,-0.525760523,-0.510246795,-0.566851009,-0.045427645,-0.466427328,-0.592191427
8/23/2025,-0.525760523,-0.510246795,-0.566851009,-0.045427645,-0.466427328,-0.592191427
8/24/2025,-0.525760523,-0.510246795,-0.566851009,-0.045427645,-0.466427328,-0.592191427
8/25/2025,-0.525760523,-0.510246795,-0.566851009,-0.045427645,-0.466427328,-0.592191427
8/26/2025,-0.525760523,-0.510246795,-0.566851009,-0.045427645,-0.466427328,-0.592191427
8/27/2025,-0.525760523,-0.510246795,-0.566851009,-0.045427645,-0.466427328,-0.592191427
8/28/2025,-0.525760523,-0.510246795,-0.566851009,-0.045427645,-0.466427328,-0.592191427
8/29/2025,-0.526842972,-0.512473681,-0.570559557,-0.044632717,-0.44230446,-0.586564507
8/30/2025,-0.526842972,-0.512473681,-0.570559557,-0.044632717,-0.44230446,-0.586564507
8/31/2025,-0.526842972,-0.512473681,-0.570559557,-0.044632717,-0.44230446,-0.586564507
9/1/2025,-0.526842972,-0.512473681,-0.570559557,-0.044632717,-0.44230446,-0.586564507
9/2/2025,-0.526842972,-0.512473681,-0.570559557,-0.044632717,-0.44230446,-0.586564507
9/3/2025,-0.526842972,-0.512473681,-0.570559557,-0.044632717,-0.44230446,-0.586564507
9/4/2025,-0.526842972,-0.512473681,-0.570559557,-0.044632717,-0.44230446,-0.586564507
9/5/2025,-0.527259228,-0.515227997,-0.573521894,-0.043270626,-0.415966683,-0.58088656
9/6/2025,-0.527259228,-0.515227997,-0.573521894,-0.043270626,-0.415966683,-0.58088656
9/7/2025,-0.527259228,-0.515227997,-0.573521894,-0.043270626,-0.415966683,-0.58088656
9/8/2025,-0.527259228,-0.515227997,-0.573521894,-0.043270626,-0.415966683,-0.58088656
9/9/2025,-0.527259228,-0.515227997,-0.573521894,-0.043270626,-0.415966683,-0.58088656
9/10/2025,-0.527259228,-0.515227997,-0.573521894,-0.043270626,-0.415966683,-0.58088656
9/11/2025,-0.527259228,-0.515227997,-0.573521894,-0.043270626,-0.415966683,-0.58088656
9/12/2025,-0.527831037,-0.520195333,-0.576274004,-0.041888139,-0.386976254,-0.57518566
9/13/2025,-0.527831037,-0.520195333,-0.576274004,-0.041888139,-0.386976254,-0.57518566
9/14/2025,-0.527831037,-0.520195333,-0.576274004,-0.041888139,-0.386976254,-0.57518566
9/15/2025,-0.527831037,-0.520195333,-0.576274004,-0.041888139,-0.386976254,-0.57518566
9/16/2025,-0.527831037,-0.520195333,-0.576274004,-0.041888139,-0.386976254,-0.57518566
9/17/2025,-0.527831037,-0.520195333,-0.576274004,-0.041888139,-0.386976254,-0.57518566
9/18/2025,-0.527831037,-0.520195333,-0.576274004,-0.041888139,-0.386976254,-0.57518566
9/19/2025,-0.526965603,-0.526865826,-0.577529396,-0.040473657,-0.355029629,-0.569488815
9/20/2025,-0.526965603,-0.526865826,-0.577529396,-0.040473657,-0.355029629,-0.569488815
9/21/2025,-0.526965603,-0.526865826,-0.577529396,-0.040473657,-0.355029629,-0.569488815
9/22/2025,-0.526965603,-0.526865826,-0.577529396,-0.040473657,-0.355029629,-0.569488815
9/23/2025,-0.526965603,-0.526865826,-0.577529396,-0.040473657,-0.355029629,-0.569488815
9/24/2025,-0.526965603,-0.526865826,-0.577529396,-0.040473657,-0.355029629,-0.569488815
9/25/2025,-0.526965603,-0.526865826,-0.577529396,-0.040473657,-0.355029629,-0.569488815
9/26/2025,-0.526248638,-0.535590412,-0.578858191,-0.03901608,-0.320593064,-0.563821264
9/27/2025,-0.526248638,-0.535590412,-0.578858191,-0.03901608,-0.320593064,-0.563821264
9/28/2025,-0.526248638,-0.535590412,-0.578858191,-0.03901608,-0.320593064,-0.563821264
9/29/2025,-0.526248638,-0.535590412,-0.578858191,-0.03901608,-0.320593064,-0.563821264
9/30/2025,-0.526248638,-0.535590412,-0.578858191,-0.03901608,-0.320593064,-0.563821264
10/1/2025,-0.526248638,-0.535590412,-0.578858191,-0.03901608,-0.320593064,-0.563821264
10/2/2025,-0.526248638,-0.535590412,-0.578858191,-0.03901608,-0.320593064,-0.563821264
10/3/2025,-0.525129328,-0.545370974,-0.579606616,-0.037644307,-0.284241213,-0.558205665
10/4/2025,-0.525129328,-0.545370974,-0.579606616,-0.037644307,-0.284241213,-0.558205665
10/5/2025,-0.525129328,-0.545370974,-0.579606616,-0.037644307,-0.284241213,-0.558205665
10/6/2025,-0.525129328,-0.545370974,-0.579606616,-0.037644307,-0.284241213,-0.558205665
10/7/2025,-0.525129328,-0.545370974,-0.579606616,-0.037644307,-0.284241213,-0.558205665
10/8/2025,-0.525129328,-0.545370974,-0.579606616,-0.037644307,-0.284241213,-0.558205665
10/9/2025,-0.525129328,-0.545370974,-0.579606616,-0.037644307,-0.284241213,-0.558205665
10/10/2025,-0.522877223,-0.55108499,-0.579804301,-0.035743933,-0.246922524,-0.552663499
10/11/2025,-0.522877223,-0.55108499,-0.579804301,-0.035743933,-0.246922524,-0.552663499
10/12/2025,-0.522877223,-0.55108499,-0.579804301,-0.035743933,-0.246922524,-0.552663499
10/13/2025,-0.522877223,-0.55108499,-0.579804301,-0.035743933,-0.246922524,-0.552663499
10/14/2025,-0.522877223,-0.55108499,-0.579804301,-0.035743933,-0.246922524,-0.552663499
10/15/2025,-0.522877223,-0.55108499,-0.579804301,-0.035743933,-0.246922524,-0.552663499
10/16/2025,-0.522877223,-0.55108499,-0.579804301,-0.035743933,-0.246922524,-0.552663499
10/17/2025,-0.518913327,-0.552251684,-0.578965077,-0.033251878,-0.209990368,-0.547211186
10/18/2025,-0.518913327,-0.552251684,-0.578965077,-0.033251878,-0.209990368,-0.547211186
10/19/2025,-0.518913327,-0.552251684,-0.578965077,-0.033251878,-0.209990368,-0.547211186
10/20/2025,-0.518913327,-0.552251684,-0.578965077,-0.033251878,-0.209990368,-0.547211186
10/21/2025,-0.518913327,-0.552251684,-0.578965077,-0.033251878,-0.209990368,-0.547211186
10/22/2025,-0.518913327,-0.552251684,-0.578965077,-0.033251878,-0.209990368,-0.547211186
10/23/2025,-0.518913327,-0.552251684,-0.578965077,-0.033251878,-0.209990368,-0.547211186
10/24/2025,-0.515412556,-0.550910261,-0.578918865,-0.030412476,-0.174943653,-0.541861873
10/25/2025,-0.515412556,-0.550910261,-0.578918865,-0.030412476,-0.174943653,-0.541861873
10/26/2025,-0.515412556,-0.550910261,-0.578918865,-0.030412476,-0.174943653,-0.541861873
10/27/2025,-0.515412556,-0.550910261,-0.578918865,-0.030412476,-0.174943653,-0.541861873
10/28/2025,-0.515412556,-0.550910261,-0.578918865,-0.030412476,-0.174943653,-0.541861873
10/29/2025,-0.515412556,-0.550910261,-0.578918865,-0.030412476,-0.174943653,-0.541861873
10/30/2025,-0.515412556,-0.550910261,-0.578918865,-0.030412476,-0.174943653,-0.541861873
10/31/2025,-0.511684843,-0.548397419,-0.579246664,-0.02731522,-0.142990347,-0.536624882
11/1/2025,-0.511684843,-0.548397419,-0.579246664,-0.02731522,-0.142990347,-0.536624882
11/2/2025,-0.511684843,-0.548397419,-0.579246664,-0.02731522,-0.142990347,-0.536624882
11/3/2025,-0.511684843,-0.548397419,-0.579246664,-0.02731522,-0.142990347,-0.536624882
11/4/2025,-0.511684843,-0.548397419,-0.579246664,-0.02731522,-0.142990347,-0.536624882
11/5/2025,-0.511684843,-0.548397419,-0.579246664,-0.02731522,-0.142990347,-0.536624882
11/6/2025,-0.511684843,-0.548397419,-0.579246664,-0.02731522,-0.142990347,-0.536624882
11/7/2025,-0.508606672,-0.54748196,-0.580254754,-0.024225598,-0.115895377,-0.531505594
11/8/2025,-0.508606672,-0.54748196,-0.580254754,-0.024225598,-0.115895377,-0.531505594
11/9/2025,-0.508606672,-0.54748196,-0.580254754,-0.024225598,-0.115895377,-0.531505594
11/10/2025,-0.508606672,-0.54748196,-0.580254754,-0.024225598,-0.115895377,-0.531505594
11/11/2025,-0.508606672,-0.54748196,-0.580254754,-0.024225598,-0.115895377,-0.531505594
11/12/2025,-0.508606672,-0.54748196,-0.580254754,-0.024225598,-0.115895377,-0.531505594
11/13/2025,-0.508606672,-0.54748196,-0.580254754,-0.024225598,-0.115895377,-0.531505594
11/14/2025,-0.507618814,-0.547934444,-0.583288423,-0.021404313,-0.094589871,-0.526505825
11/15/2025,-0.507618814,-0.547934444,-0.583288423,-0.021404313,-0.094589871,-0.526505825
11/16/2025,-0.507618814,-0.547934444,-0.583288423,-0.021404313,-0.094589871,-0.526505825
11/17/2025,-0.507618814,-0.547934444,-0.583288423,-0.021404313,-0.094589871,-0.526505825
11/18/2025,-0.507618814,-0.547934444,-0.583288423,-0.021404313,-0.094589871,-0.526505825
11/19/2025,-0.507618814,-0.547934444,-0.583288423,-0.021404313,-0.094589871,-0.526505825
11/20/2025,-0.507618814,-0.547934444,-0.583288423,-0.021404313,-0.094589871,-0.526505825
11/21/2025,-0.508443161,-0.548875022,-0.588096773,-0.019129656,-0.079184964,-0.521624373
11/22/2025,-0.508443161,-0.548875022,-0.588096773,-0.019129656,-0.079184964,-0.521624373
11/23/2025,-0.508443161,-0.548875022,-0.588096773,-0.019129656,-0.079184964,-0.521624373
11/24/2025,-0.508443161,-0.548875022,-0.588096773,-0.019129656,-0.079184964,-0.521624373
11/25/2025,-0.508443161,-0.548875022,-0.588096773,-0.019129656,-0.079184964,-0.521624373
11/26/2025,-0.508443161,-0.548875022,-0.588096773,-0.019129656,-0.079184964,-0.521624373
11/27/2025,-0.508443161,-0.548875022,-0.588096773,-0.019129656,-0.079184964,-0.521624373
11/28/2025,-0.511963684,-0.550866319,-0.594838924,-0.017951558,-0.06979978,-0.516857403
11/29/2025,-0.511963684,-0.550866319,-0.594838924,-0.017951558,-0.06979978,-0.516857403
11/30/2025,-0.511963684,-0.550866319,-0.594838924,-0.017951558,-0.06979978,-0.516857403
12/1/2025,-0.511963684,-0.550866319,-0.594838924,-0.017951558,-0.06979978,-0.516857403
12/2/2025,-0.511963684,-0.550866319,-0.594838924,-0.017951558,-0.06979978,-0.516857403
12/3/2025,-0.511963684,-0.550866319,-0.594838924,-0.017951558,-0.06979978,-0.516857403
12/4/2025,-0.511963684,-0.550866319,-0.594838924,-0.017951558,-0.06979978,-0.516857403
12/5/2025,-0.517163837,-0.551010776,-0.602901649,-0.017767071,-0.065434623,-0.512199038
12/6/2025,-0.517163837,-0.551010776,-0.602901649,-0.017767071,-0.065434623,-0.512199038
12/7/2025,-0.517163837,-0.551010776,-0.602901649,-0.017767071,-0.065434623,-0.512199038
12/8/2025,-0.517163837,-0.551010776,-0.602901649,-0.017767071,-0.065434623,-0.512199038
12/9/2025,-0.517163837,-0.551010776,-0.602901649,-0.017767071,-0.065434623,-0.512199038
12/10/2025,-0.517163837,-0.551010776,-0.602901649,-0.017767071,-0.065434623,-0.512199038
12/11/2025,-0.517163837,-0.551010776,-0.602901649,-0.017767071,-0.065434623,-0.512199038
12/12/2025,-0.523449283,-0.550765253,-0.611816342,-0.018554758,-0.064922876,-0.5076419
12/13/2025,-0.523449283,-0.550765253,-0.611816342,-0.018554758,-0.064922876,-0.5076419
12/14/2025,-0.523449283,-0.550765253,-0.611816342,-0.018554758,-0.064922876,-0.5076419
12/15/2025,-0.523449283,-0.550765253,-0.611816342,-0.018554758,-0.064922876,-0.5076419
12/16/2025,-0.523449283,-0.550765253,-0.611816342,-0.018554758,-0.064922876,-0.5076419
12/17/2025,-0.523449283,-0.550765253,-0.611816342,-0.018554758,-0.064922876,-0.5076419
12/18/2025,-0.523449283,-0.550765253,-0.611816342,-0.018554758,-0.064922876,-0.5076419
12/19/2025,-0.53188307,-0.553267923,-0.622396248,-0.020447578,-0.066895286,-0.503177535
12/20/2025,-0.53188307,-0.553267923,-0.622396248,-0.020447578,-0.066895286,-0.503177535
12/21/2025,-0.53188307,-0.553267923,-0.622396248,-0.020447578,-0.066895286,-0.503177535
12/22/2025,-0.53188307,-0.553267923,-0.622396248,-0.020447578,-0.066895286,-0.503177535
12/23/2025,-0.53188307,-0.553267923,-0.622396248,-0.020447578,-0.066895286,-0.503177535
12/24/2025,-0.53188307,-0.553267923,-0.622396248,-0.020447578,-0.066895286,-0.503177535
12/25/2025,-0.53188307,-0.553267923,-0.622396248,-0.020447578,-0.066895286,-0.503177535
12/26/2025,-0.541840972,-0.559976246,-0.633809373,-0.023319376,-0.070373523,-0.498797062
12/27/2025,-0.541840972,-0.559976246,-0.633809373,-0.023319376,-0.070373523,-0.498797062
12/28/2025,-0.541840972,-0.559976246,-0.633809373,-0.023319376,-0.070373523,-0.498797062
12/29/2025,-0.541840972,-0.559976246,-0.633809373,-0.023319376,-0.070373523,-0.498797062
12/30/2025,-0.541840972,-0.559976246,-0.633809373,-0.023319376,-0.070373523,-0.498797062
12/31/2025,-0.541840972,-0.559976246,-0.633809373,-0.023319376,-0.070373523,-0.498797062
1/1/2026,-0.541840972,-0.559976246,-0.633809373,-0.023319376,-0.070373523,-0.498797062
1/2/2026,-0.550253104,-0.568144812,-0.643554446,-0.026684331,-0.073940116,-0.49449156
1/3/2026,-0.550253104,-0.568144812,-0.643554446,-0.026684331,-0.073940116,-0.49449156
1/4/2026,-0.550253104,-0.568144812,-0.643554446,-0.026684331,-0.073940116,-0.49449156
1/5/2026,-0.550253104,-0.568144812,-0.643554446,-0.026684331,-0.073940116,-0.49449156
1/6/2026,-0.550253104,-0.568144812,-0.643554446,-0.026684331,-0.073940116,-0.49449156
1/7/2026,-0.550253104,-0.568144812,-0.643554446,-0.026684331,-0.073940116,-0.49449156
1/8/2026,-0.550253104,-0.568144812,-0.643554446,-0.026684331,-0.073940116,-0.49449156
1/9/2026,-0.557160273,-0.575966898,-0.651214885,-0.030234009,-0.077552264,-0.490252265
1/10/2026,-0.557160273,-0.575966898,-0.651214885,-0.030234009,-0.077552264,-0.490252265
1/11/2026,-0.557160273,-0.575966898,-0.651214885,-0.030234009,-0.077552264,-0.490252265
1/12/2026,-0.557160273,-0.575966898,-0.651214885,-0.030234009,-0.077552264,-0.490252265
1/13/2026,-0.557160273,-0.575966898,-0.651214885,-0.030234009,-0.077552264,-0.490252265
1/14/2026,-0.557160273,-0.575966898,-0.651214885,-0.030234009,-0.077552264,-0.490252265
1/15/2026,-0.557160273,-0.575966898,-0.651214885,-0.030234009,-0.077552264,-0.490252265
1/16/2026,-0.560315974,-0.581152126,-0.654973935,-0.033585321,-0.080827525,-0.486070641
1/17/2026,-0.560315974,-0.581152126,-0.654973935,-0.033585321,-0.080827525,-0.486070641
1/18/2026,-0.560315974,-0.581152126,-0.654973935,-0.033585321,-0.080827525,-0.486070641
1/19/2026,-0.560315974,-0.581152126,-0.654973935,-0.033585321,-0.080827525,-0.486070641
1/20/2026,-0.560315974,-0.581152126,-0.654973935,-0.033585321,-0.080827525,-0.486070641
1/21/2026,-0.560315974,-0.581152126,-0.654973935,-0.033585321,-0.080827525,-0.486070641
1/22/2026,-0.560315974,-0.581152126,-0.654973935,-0.033585321,-0.080827525,-0.486070641
1/23/2026,-0.560051569,-0.581376432,-0.655020059,-0.03656484,-0.083830099,-0.481938937
1/24/2026,-0.560051569,-0.581376432,-0.655020059,-0.03656484,-0.083830099,-0.481938937
1/25/2026,-0.560051569,-0.581376432,-0.655020059,-0.03656484,-0.083830099,-0.481938937
1/26/2026,-0.560051569,-0.581376432,-0.655020059,-0.03656484,-0.083830099,-0.481938937
1/27/2026,-0.560051569,-0.581376432,-0.655020059,-0.03656484,-0.083830099,-0.481938937
1/28/2026,-0.560051569,-0.581376432,-0.655020059,-0.03656484,-0.083830099,-0.481938937
1/29/2026,-0.560051569,-0.581376432,-0.655020059,-0.03656484,-0.083830099,-0.481938937
1/30/2026,-0.557248819,-0.576290919,-0.651826741,-0.038940596,-0.087368544,-0.477849974
