,observation_date,PAYEMS
0,01/01/2000,131011.0
1,01/02/2000,131011.0
2,01/03/2000,131011.0
3,01/04/2000,131011.0
4,01/05/2000,131011.0
5,01/06/2000,131011.0
6,01/07/2000,131011.0
7,01/08/2000,131011.0
8,01/09/2000,131011.0
9,01/10/2000,131011.0
10,01/11/2000,131011.0
11,01/12/2000,131011.0
12,01/13/2000,131011.0
13,01/14/2000,131011.0
14,01/15/2000,131011.0
15,01/16/2000,131011.0
16,01/17/2000,131011.0
17,01/18/2000,131011.0
18,01/19/2000,131011.0
19,01/20/2000,131011.0
20,01/21/2000,131011.0
21,01/22/2000,131011.0
22,01/23/2000,131011.0
23,01/24/2000,131011.0
24,01/25/2000,131011.0
25,01/26/2000,131011.0
26,01/27/2000,131011.0
27,01/28/2000,131011.0
28,01/29/2000,131011.0
29,01/30/2000,131011.0
30,01/31/2000,131011.0
31,02/01/2000,131121.0
32,02/02/2000,131121.0
33,02/03/2000,131121.0
34,02/04/2000,131121.0
35,02/05/2000,131121.0
36,02/06/2000,131121.0
37,02/07/2000,131121.0
38,02/08/2000,131121.0
39,02/09/2000,131121.0
40,02/10/2000,131121.0
41,02/11/2000,131121.0
42,02/12/2000,131121.0
43,02/13/2000,131121.0
44,02/14/2000,131121.0
45,02/15/2000,131121.0
46,02/16/2000,131121.0
47,02/17/2000,131121.0
48,02/18/2000,131121.0
49,02/19/2000,131121.0
50,02/20/2000,131121.0
51,02/21/2000,131121.0
52,02/22/2000,131121.0
53,02/23/2000,131121.0
54,02/24/2000,131121.0
55,02/25/2000,131121.0
56,02/26/2000,131121.0
57,02/27/2000,131121.0
58,02/28/2000,131121.0
59,02/29/2000,131121.0
60,03/01/2000,131604.0
61,03/02/2000,131604.0
62,03/03/2000,131604.0
63,03/04/2000,131604.0
64,03/05/2000,131604.0
65,03/06/2000,131604.0
66,03/07/2000,131604.0
67,03/08/2000,131604.0
68,03/09/2000,131604.0
69,03/10/2000,131604.0
70,03/11/2000,131604.0
71,03/12/2000,131604.0
72,03/13/2000,131604.0
73,03/14/2000,131604.0
74,03/15/2000,131604.0
75,03/16/2000,131604.0
76,03/17/2000,131604.0
77,03/18/2000,131604.0
78,03/19/2000,131604.0
79,03/20/2000,131604.0
80,03/21/2000,131604.0
81,03/22/2000,131604.0
82,03/23/2000,131604.0
83,03/24/2000,131604.0
84,03/25/2000,131604.0
85,03/26/2000,131604.0
86,03/27/2000,131604.0
87,03/28/2000,131604.0
88,03/29/2000,131604.0
89,03/30/2000,131604.0
90,03/31/2000,131604.0
91,04/01/2000,131883.0
92,04/02/2000,131883.0
93,04/03/2000,131883.0
94,04/04/2000,131883.0
95,04/05/2000,131883.0
96,04/06/2000,131883.0
97,04/07/2000,131883.0
98,04/08/2000,131883.0
99,04/09/2000,131883.0
100,04/10/2000,131883.0
101,04/11/2000,131883.0
102,04/12/2000,131883.0
103,04/13/2000,131883.0
104,04/14/2000,131883.0
105,04/15/2000,131883.0
106,04/16/2000,131883.0
107,04/17/2000,131883.0
108,04/18/2000,131883.0
109,04/19/2000,131883.0
110,04/20/2000,131883.0
111,04/21/2000,131883.0
112,04/22/2000,131883.0
113,04/23/2000,131883.0
114,04/24/2000,131883.0
115,04/25/2000,131883.0
116,04/26/2000,131883.0
117,04/27/2000,131883.0
118,04/28/2000,131883.0
119,04/29/2000,131883.0
120,04/30/2000,131883.0
121,05/01/2000,132105.0
122,05/02/2000,132105.0
123,05/03/2000,132105.0
124,05/04/2000,132105.0
125,05/05/2000,132105.0
126,05/06/2000,132105.0
127,05/07/2000,132105.0
128,05/08/2000,132105.0
129,05/09/2000,132105.0
130,05/10/2000,132105.0
131,05/11/2000,132105.0
132,05/12/2000,132105.0
133,05/13/2000,132105.0
134,05/14/2000,132105.0
135,05/15/2000,132105.0
136,05/16/2000,132105.0
137,05/17/2000,132105.0
138,05/18/2000,132105.0
139,05/19/2000,132105.0
140,05/20/2000,132105.0
141,05/21/2000,132105.0
142,05/22/2000,132105.0
143,05/23/2000,132105.0
144,05/24/2000,132105.0
145,05/25/2000,132105.0
146,05/26/2000,132105.0
147,05/27/2000,132105.0
148,05/28/2000,132105.0
149,05/29/2000,132105.0
150,05/30/2000,132105.0
151,05/31/2000,132105.0
152,06/01/2000,132062.0
153,06/02/2000,132062.0
154,06/03/2000,132062.0
155,06/04/2000,132062.0
156,06/05/2000,132062.0
157,06/06/2000,132062.0
158,06/07/2000,132062.0
159,06/08/2000,132062.0
160,06/09/2000,132062.0
161,06/10/2000,132062.0
162,06/11/2000,132062.0
163,06/12/2000,132062.0
164,06/13/2000,132062.0
165,06/14/2000,132062.0
166,06/15/2000,132062.0
167,06/16/2000,132062.0
168,06/17/2000,132062.0
169,06/18/2000,132062.0
170,06/19/2000,132062.0
171,06/20/2000,132062.0
172,06/21/2000,132062.0
173,06/22/2000,132062.0
174,06/23/2000,132062.0
175,06/24/2000,132062.0
176,06/25/2000,132062.0
177,06/26/2000,132062.0
178,06/27/2000,132062.0
179,06/28/2000,132062.0
180,06/29/2000,132062.0
181,06/30/2000,132062.0
182,07/01/2000,132228.0
183,07/02/2000,132228.0
184,07/03/2000,132228.0
185,07/04/2000,132228.0
186,07/05/2000,132228.0
187,07/06/2000,132228.0
188,07/07/2000,132228.0
189,07/08/2000,132228.0
190,07/09/2000,132228.0
191,07/10/2000,132228.0
192,07/11/2000,132228.0
193,07/12/2000,132228.0
194,07/13/2000,132228.0
195,07/14/2000,132228.0
196,07/15/2000,132228.0
197,07/16/2000,132228.0
198,07/17/2000,132228.0
199,07/18/2000,132228.0
200,07/19/2000,132228.0
201,07/20/2000,132228.0
202,07/21/2000,132228.0
203,07/22/2000,132228.0
204,07/23/2000,132228.0
205,07/24/2000,132228.0
206,07/25/2000,132228.0
207,07/26/2000,132228.0
208,07/27/2000,132228.0
209,07/28/2000,132228.0
210,07/29/2000,132228.0
211,07/30/2000,132228.0
212,07/31/2000,132228.0
213,08/01/2000,132234.0
214,08/02/2000,132234.0
215,08/03/2000,132234.0
216,08/04/2000,132234.0
217,08/05/2000,132234.0
218,08/06/2000,132234.0
219,08/07/2000,132234.0
220,08/08/2000,132234.0
221,08/09/2000,132234.0
222,08/10/2000,132234.0
223,08/11/2000,132234.0
224,08/12/2000,132234.0
225,08/13/2000,132234.0
226,08/14/2000,132234.0
227,08/15/2000,132234.0
228,08/16/2000,132234.0
229,08/17/2000,132234.0
230,08/18/2000,132234.0
231,08/19/2000,132234.0
232,08/20/2000,132234.0
233,08/21/2000,132234.0
234,08/22/2000,132234.0
235,08/23/2000,132234.0
236,08/24/2000,132234.0
237,08/25/2000,132234.0
238,08/26/2000,132234.0
239,08/27/2000,132234.0
240,08/28/2000,132234.0
241,08/29/2000,132234.0
242,08/30/2000,132234.0
243,08/31/2000,132234.0
244,09/01/2000,132338.0
245,09/02/2000,132338.0
246,09/03/2000,132338.0
247,09/04/2000,132338.0
248,09/05/2000,132338.0
249,09/06/2000,132338.0
250,09/07/2000,132338.0
251,09/08/2000,132338.0
252,09/09/2000,132338.0
253,09/10/2000,132338.0
254,09/11/2000,132338.0
255,09/12/2000,132338.0
256,09/13/2000,132338.0
257,09/14/2000,132338.0
258,09/15/2000,132338.0
259,09/16/2000,132338.0
260,09/17/2000,132338.0
261,09/18/2000,132338.0
262,09/19/2000,132338.0
263,09/20/2000,132338.0
264,09/21/2000,132338.0
265,09/22/2000,132338.0
266,09/23/2000,132338.0
267,09/24/2000,132338.0
268,09/25/2000,132338.0
269,09/26/2000,132338.0
270,09/27/2000,132338.0
271,09/28/2000,132338.0
272,09/29/2000,132338.0
273,09/30/2000,132338.0
274,10/01/2000,132352.0
275,10/02/2000,132352.0
276,10/03/2000,132352.0
277,10/04/2000,132352.0
278,10/05/2000,132352.0
279,10/06/2000,132352.0
280,10/07/2000,132352.0
281,10/08/2000,132352.0
282,10/09/2000,132352.0
283,10/10/2000,132352.0
284,10/11/2000,132352.0
285,10/12/2000,132352.0
286,10/13/2000,132352.0
287,10/14/2000,132352.0
288,10/15/2000,132352.0
289,10/16/2000,132352.0
290,10/17/2000,132352.0
291,10/18/2000,132352.0
292,10/19/2000,132352.0
293,10/20/2000,132352.0
294,10/21/2000,132352.0
295,10/22/2000,132352.0
296,10/23/2000,132352.0
297,10/24/2000,132352.0
298,10/25/2000,132352.0
299,10/26/2000,132352.0
300,10/27/2000,132352.0
301,10/28/2000,132352.0
302,10/29/2000,132352.0
303,10/30/2000,132352.0
304,10/31/2000,132352.0
305,11/01/2000,132556.0
306,11/02/2000,132556.0
307,11/03/2000,132556.0
308,11/04/2000,132556.0
309,11/05/2000,132556.0
310,11/06/2000,132556.0
311,11/07/2000,132556.0
312,11/08/2000,132556.0
313,11/09/2000,132556.0
314,11/10/2000,132556.0
315,11/11/2000,132556.0
316,11/12/2000,132556.0
317,11/13/2000,132556.0
318,11/14/2000,132556.0
319,11/15/2000,132556.0
320,11/16/2000,132556.0
321,11/17/2000,132556.0
322,11/18/2000,132556.0
323,11/19/2000,132556.0
324,11/20/2000,132556.0
325,11/21/2000,132556.0
326,11/22/2000,132556.0
327,11/23/2000,132556.0
328,11/24/2000,132556.0
329,11/25/2000,132556.0
330,11/26/2000,132556.0
331,11/27/2000,132556.0
332,11/28/2000,132556.0
333,11/29/2000,132556.0
334,11/30/2000,132556.0
335,12/01/2000,132716.0
336,12/02/2000,132716.0
337,12/03/2000,132716.0
338,12/04/2000,132716.0
339,12/05/2000,132716.0
340,12/06/2000,132716.0
341,12/07/2000,132716.0
342,12/08/2000,132716.0
343,12/09/2000,132716.0
344,12/10/2000,132716.0
345,12/11/2000,132716.0
346,12/12/2000,132716.0
347,12/13/2000,132716.0
348,12/14/2000,132716.0
349,12/15/2000,132716.0
350,12/16/2000,132716.0
351,12/17/2000,132716.0
352,12/18/2000,132716.0
353,12/19/2000,132716.0
354,12/20/2000,132716.0
355,12/21/2000,132716.0
356,12/22/2000,132716.0
357,12/23/2000,132716.0
358,12/24/2000,132716.0
359,12/25/2000,132716.0
360,12/26/2000,132716.0
361,12/27/2000,132716.0
362,12/28/2000,132716.0
363,12/29/2000,132716.0
364,12/30/2000,132716.0
365,12/31/2000,132716.0
366,01/01/2001,132703.0
367,01/02/2001,132703.0
368,01/03/2001,132703.0
369,01/04/2001,132703.0
370,01/05/2001,132703.0
371,01/06/2001,132703.0
372,01/07/2001,132703.0
373,01/08/2001,132703.0
374,01/09/2001,132703.0
375,01/10/2001,132703.0
376,01/11/2001,132703.0
377,01/12/2001,132703.0
378,01/13/2001,132703.0
379,01/14/2001,132703.0
380,01/15/2001,132703.0
381,01/16/2001,132703.0
382,01/17/2001,132703.0
383,01/18/2001,132703.0
384,01/19/2001,132703.0
385,01/20/2001,132703.0
386,01/21/2001,132703.0
387,01/22/2001,132703.0
388,01/23/2001,132703.0
389,01/24/2001,132703.0
390,01/25/2001,132703.0
391,01/26/2001,132703.0
392,01/27/2001,132703.0
393,01/28/2001,132703.0
394,01/29/2001,132703.0
395,01/30/2001,132703.0
396,01/31/2001,132703.0
397,02/01/2001,132788.0
398,02/02/2001,132788.0
399,02/03/2001,132788.0
400,02/04/2001,132788.0
401,02/05/2001,132788.0
402,02/06/2001,132788.0
403,02/07/2001,132788.0
404,02/08/2001,132788.0
405,02/09/2001,132788.0
406,02/10/2001,132788.0
407,02/11/2001,132788.0
408,02/12/2001,132788.0
409,02/13/2001,132788.0
410,02/14/2001,132788.0
411,02/15/2001,132788.0
412,02/16/2001,132788.0
413,02/17/2001,132788.0
414,02/18/2001,132788.0
415,02/19/2001,132788.0
416,02/20/2001,132788.0
417,02/21/2001,132788.0
418,02/22/2001,132788.0
419,02/23/2001,132788.0
420,02/24/2001,132788.0
421,02/25/2001,132788.0
422,02/26/2001,132788.0
423,02/27/2001,132788.0
424,02/28/2001,132788.0
425,03/01/2001,132751.0
426,03/02/2001,132751.0
427,03/03/2001,132751.0
428,03/04/2001,132751.0
429,03/05/2001,132751.0
430,03/06/2001,132751.0
431,03/07/2001,132751.0
432,03/08/2001,132751.0
433,03/09/2001,132751.0
434,03/10/2001,132751.0
435,03/11/2001,132751.0
436,03/12/2001,132751.0
437,03/13/2001,132751.0
438,03/14/2001,132751.0
439,03/15/2001,132751.0
440,03/16/2001,132751.0
441,03/17/2001,132751.0
442,03/18/2001,132751.0
443,03/19/2001,132751.0
444,03/20/2001,132751.0
445,03/21/2001,132751.0
446,03/22/2001,132751.0
447,03/23/2001,132751.0
448,03/24/2001,132751.0
449,03/25/2001,132751.0
450,03/26/2001,132751.0
451,03/27/2001,132751.0
452,03/28/2001,132751.0
453,03/29/2001,132751.0
454,03/30/2001,132751.0
455,03/31/2001,132751.0
456,04/01/2001,132457.0
457,04/02/2001,132457.0
458,04/03/2001,132457.0
459,04/04/2001,132457.0
460,04/05/2001,132457.0
461,04/06/2001,132457.0
462,04/07/2001,132457.0
463,04/08/2001,132457.0
464,04/09/2001,132457.0
465,04/10/2001,132457.0
466,04/11/2001,132457.0
467,04/12/2001,132457.0
468,04/13/2001,132457.0
469,04/14/2001,132457.0
470,04/15/2001,132457.0
471,04/16/2001,132457.0
472,04/17/2001,132457.0
473,04/18/2001,132457.0
474,04/19/2001,132457.0
475,04/20/2001,132457.0
476,04/21/2001,132457.0
477,04/22/2001,132457.0
478,04/23/2001,132457.0
479,04/24/2001,132457.0
480,04/25/2001,132457.0
481,04/26/2001,132457.0
482,04/27/2001,132457.0
483,04/28/2001,132457.0
484,04/29/2001,132457.0
485,04/30/2001,132457.0
486,05/01/2001,132409.0
487,05/02/2001,132409.0
488,05/03/2001,132409.0
489,05/04/2001,132409.0
490,05/05/2001,132409.0
491,05/06/2001,132409.0
492,05/07/2001,132409.0
493,05/08/2001,132409.0
494,05/09/2001,132409.0
495,05/10/2001,132409.0
496,05/11/2001,132409.0
497,05/12/2001,132409.0
498,05/13/2001,132409.0
499,05/14/2001,132409.0
500,05/15/2001,132409.0
501,05/16/2001,132409.0
502,05/17/2001,132409.0
503,05/18/2001,132409.0
504,05/19/2001,132409.0
505,05/20/2001,132409.0
506,05/21/2001,132409.0
507,05/22/2001,132409.0
508,05/23/2001,132409.0
509,05/24/2001,132409.0
510,05/25/2001,132409.0
511,05/26/2001,132409.0
512,05/27/2001,132409.0
513,05/28/2001,132409.0
514,05/29/2001,132409.0
515,05/30/2001,132409.0
516,05/31/2001,132409.0
517,06/01/2001,132299.0
518,06/02/2001,132299.0
519,06/03/2001,132299.0
520,06/04/2001,132299.0
521,06/05/2001,132299.0
522,06/06/2001,132299.0
523,06/07/2001,132299.0
524,06/08/2001,132299.0
525,06/09/2001,132299.0
526,06/10/2001,132299.0
527,06/11/2001,132299.0
528,06/12/2001,132299.0
529,06/13/2001,132299.0
530,06/14/2001,132299.0
531,06/15/2001,132299.0
532,06/16/2001,132299.0
533,06/17/2001,132299.0
534,06/18/2001,132299.0
535,06/19/2001,132299.0
536,06/20/2001,132299.0
537,06/21/2001,132299.0
538,06/22/2001,132299.0
539,06/23/2001,132299.0
540,06/24/2001,132299.0
541,06/25/2001,132299.0
542,06/26/2001,132299.0
543,06/27/2001,132299.0
544,06/28/2001,132299.0
545,06/29/2001,132299.0
546,06/30/2001,132299.0
547,07/01/2001,132171.0
548,07/02/2001,132171.0
549,07/03/2001,132171.0
550,07/04/2001,132171.0
551,07/05/2001,132171.0
552,07/06/2001,132171.0
553,07/07/2001,132171.0
554,07/08/2001,132171.0
555,07/09/2001,132171.0
556,07/10/2001,132171.0
557,07/11/2001,132171.0
558,07/12/2001,132171.0
559,07/13/2001,132171.0
560,07/14/2001,132171.0
561,07/15/2001,132171.0
562,07/16/2001,132171.0
563,07/17/2001,132171.0
564,07/18/2001,132171.0
565,07/19/2001,132171.0
566,07/20/2001,132171.0
567,07/21/2001,132171.0
568,07/22/2001,132171.0
569,07/23/2001,132171.0
570,07/24/2001,132171.0
571,07/25/2001,132171.0
572,07/26/2001,132171.0
573,07/27/2001,132171.0
574,07/28/2001,132171.0
575,07/29/2001,132171.0
576,07/30/2001,132171.0
577,07/31/2001,132171.0
578,08/01/2001,132021.0
579,08/02/2001,132021.0
580,08/03/2001,132021.0
581,08/04/2001,132021.0
582,08/05/2001,132021.0
583,08/06/2001,132021.0
584,08/07/2001,132021.0
585,08/08/2001,132021.0
586,08/09/2001,132021.0
587,08/10/2001,132021.0
588,08/11/2001,132021.0
589,08/12/2001,132021.0
590,08/13/2001,132021.0
591,08/14/2001,132021.0
592,08/15/2001,132021.0
593,08/16/2001,132021.0
594,08/17/2001,132021.0
595,08/18/2001,132021.0
596,08/19/2001,132021.0
597,08/20/2001,132021.0
598,08/21/2001,132021.0
599,08/22/2001,132021.0
600,08/23/2001,132021.0
601,08/24/2001,132021.0
602,08/25/2001,132021.0
603,08/26/2001,132021.0
604,08/27/2001,132021.0
605,08/28/2001,132021.0
606,08/29/2001,132021.0
607,08/30/2001,132021.0
608,08/31/2001,132021.0
609,09/01/2001,131763.0
610,09/02/2001,131763.0
611,09/03/2001,131763.0
612,09/04/2001,131763.0
613,09/05/2001,131763.0
614,09/06/2001,131763.0
615,09/07/2001,131763.0
616,09/08/2001,131763.0
617,09/09/2001,131763.0
618,09/10/2001,131763.0
619,09/11/2001,131763.0
620,09/12/2001,131763.0
621,09/13/2001,131763.0
622,09/14/2001,131763.0
623,09/15/2001,131763.0
624,09/16/2001,131763.0
625,09/17/2001,131763.0
626,09/18/2001,131763.0
627,09/19/2001,131763.0
628,09/20/2001,131763.0
629,09/21/2001,131763.0
630,09/22/2001,131763.0
631,09/23/2001,131763.0
632,09/24/2001,131763.0
633,09/25/2001,131763.0
634,09/26/2001,131763.0
635,09/27/2001,131763.0
636,09/28/2001,131763.0
637,09/29/2001,131763.0
638,09/30/2001,131763.0
639,10/01/2001,131452.0
640,10/02/2001,131452.0
641,10/03/2001,131452.0
642,10/04/2001,131452.0
643,10/05/2001,131452.0
644,10/06/2001,131452.0
645,10/07/2001,131452.0
646,10/08/2001,131452.0
647,10/09/2001,131452.0
648,10/10/2001,131452.0
649,10/11/2001,131452.0
650,10/12/2001,131452.0
651,10/13/2001,131452.0
652,10/14/2001,131452.0
653,10/15/2001,131452.0
654,10/16/2001,131452.0
655,10/17/2001,131452.0
656,10/18/2001,131452.0
657,10/19/2001,131452.0
658,10/20/2001,131452.0
659,10/21/2001,131452.0
660,10/22/2001,131452.0
661,10/23/2001,131452.0
662,10/24/2001,131452.0
663,10/25/2001,131452.0
664,10/26/2001,131452.0
665,10/27/2001,131452.0
666,10/28/2001,131452.0
667,10/29/2001,131452.0
668,10/30/2001,131452.0
669,10/31/2001,131452.0
670,11/01/2001,131144.0
671,11/02/2001,131144.0
672,11/03/2001,131144.0
673,11/04/2001,131144.0
674,11/05/2001,131144.0
675,11/06/2001,131144.0
676,11/07/2001,131144.0
677,11/08/2001,131144.0
678,11/09/2001,131144.0
679,11/10/2001,131144.0
680,11/11/2001,131144.0
681,11/12/2001,131144.0
682,11/13/2001,131144.0
683,11/14/2001,131144.0
684,11/15/2001,131144.0
685,11/16/2001,131144.0
686,11/17/2001,131144.0
687,11/18/2001,131144.0
688,11/19/2001,131144.0
689,11/20/2001,131144.0
690,11/21/2001,131144.0
691,11/22/2001,131144.0
692,11/23/2001,131144.0
693,11/24/2001,131144.0
694,11/25/2001,131144.0
695,11/26/2001,131144.0
696,11/27/2001,131144.0
697,11/28/2001,131144.0
698,11/29/2001,131144.0
699,11/30/2001,131144.0
700,12/01/2001,130983.0
701,12/02/2001,130983.0
702,12/03/2001,130983.0
703,12/04/2001,130983.0
704,12/05/2001,130983.0
705,12/06/2001,130983.0
706,12/07/2001,130983.0
707,12/08/2001,130983.0
708,12/09/2001,130983.0
709,12/10/2001,130983.0
710,12/11/2001,130983.0
711,12/12/2001,130983.0
712,12/13/2001,130983.0
713,12/14/2001,130983.0
714,12/15/2001,130983.0
715,12/16/2001,130983.0
716,12/17/2001,130983.0
717,12/18/2001,130983.0
718,12/19/2001,130983.0
719,12/20/2001,130983.0
720,12/21/2001,130983.0
721,12/22/2001,130983.0
722,12/23/2001,130983.0
723,12/24/2001,130983.0
724,12/25/2001,130983.0
725,12/26/2001,130983.0
726,12/27/2001,130983.0
727,12/28/2001,130983.0
728,12/29/2001,130983.0
729,12/30/2001,130983.0
730,12/31/2001,130983.0
731,01/01/2002,130859.0
732,01/02/2002,130859.0
733,01/03/2002,130859.0
734,01/04/2002,130859.0
735,01/05/2002,130859.0
736,01/06/2002,130859.0
737,01/07/2002,130859.0
738,01/08/2002,130859.0
739,01/09/2002,130859.0
740,01/10/2002,130859.0
741,01/11/2002,130859.0
742,01/12/2002,130859.0
743,01/13/2002,130859.0
744,01/14/2002,130859.0
745,01/15/2002,130859.0
746,01/16/2002,130859.0
747,01/17/2002,130859.0
748,01/18/2002,130859.0
749,01/19/2002,130859.0
750,01/20/2002,130859.0
751,01/21/2002,130859.0
752,01/22/2002,130859.0
753,01/23/2002,130859.0
754,01/24/2002,130859.0
755,01/25/2002,130859.0
756,01/26/2002,130859.0
757,01/27/2002,130859.0
758,01/28/2002,130859.0
759,01/29/2002,130859.0
760,01/30/2002,130859.0
761,01/31/2002,130859.0
762,02/01/2002,130736.0
763,02/02/2002,130736.0
764,02/03/2002,130736.0
765,02/04/2002,130736.0
766,02/05/2002,130736.0
767,02/06/2002,130736.0
768,02/07/2002,130736.0
769,02/08/2002,130736.0
770,02/09/2002,130736.0
771,02/10/2002,130736.0
772,02/11/2002,130736.0
773,02/12/2002,130736.0
774,02/13/2002,130736.0
775,02/14/2002,130736.0
776,02/15/2002,130736.0
777,02/16/2002,130736.0
778,02/17/2002,130736.0
779,02/18/2002,130736.0
780,02/19/2002,130736.0
781,02/20/2002,130736.0
782,02/21/2002,130736.0
783,02/22/2002,130736.0
784,02/23/2002,130736.0
785,02/24/2002,130736.0
786,02/25/2002,130736.0
787,02/26/2002,130736.0
788,02/27/2002,130736.0
789,02/28/2002,130736.0
790,03/01/2002,130722.0
791,03/02/2002,130722.0
792,03/03/2002,130722.0
793,03/04/2002,130722.0
794,03/05/2002,130722.0
795,03/06/2002,130722.0
796,03/07/2002,130722.0
797,03/08/2002,130722.0
798,03/09/2002,130722.0
799,03/10/2002,130722.0
800,03/11/2002,130722.0
801,03/12/2002,130722.0
802,03/13/2002,130722.0
803,03/14/2002,130722.0
804,03/15/2002,130722.0
805,03/16/2002,130722.0
806,03/17/2002,130722.0
807,03/18/2002,130722.0
808,03/19/2002,130722.0
809,03/20/2002,130722.0
810,03/21/2002,130722.0
811,03/22/2002,130722.0
812,03/23/2002,130722.0
813,03/24/2002,130722.0
814,03/25/2002,130722.0
815,03/26/2002,130722.0
816,03/27/2002,130722.0
817,03/28/2002,130722.0
818,03/29/2002,130722.0
819,03/30/2002,130722.0
820,03/31/2002,130722.0
821,04/01/2002,130615.0
822,04/02/2002,130615.0
823,04/03/2002,130615.0
824,04/04/2002,130615.0
825,04/05/2002,130615.0
826,04/06/2002,130615.0
827,04/07/2002,130615.0
828,04/08/2002,130615.0
829,04/09/2002,130615.0
830,04/10/2002,130615.0
831,04/11/2002,130615.0
832,04/12/2002,130615.0
833,04/13/2002,130615.0
834,04/14/2002,130615.0
835,04/15/2002,130615.0
836,04/16/2002,130615.0
837,04/17/2002,130615.0
838,04/18/2002,130615.0
839,04/19/2002,130615.0
840,04/20/2002,130615.0
841,04/21/2002,130615.0
842,04/22/2002,130615.0
843,04/23/2002,130615.0
844,04/24/2002,130615.0
845,04/25/2002,130615.0
846,04/26/2002,130615.0
847,04/27/2002,130615.0
848,04/28/2002,130615.0
849,04/29/2002,130615.0
850,04/30/2002,130615.0
851,05/01/2002,130632.0
852,05/02/2002,130632.0
853,05/03/2002,130632.0
854,05/04/2002,130632.0
855,05/05/2002,130632.0
856,05/06/2002,130632.0
857,05/07/2002,130632.0
858,05/08/2002,130632.0
859,05/09/2002,130632.0
860,05/10/2002,130632.0
861,05/11/2002,130632.0
862,05/12/2002,130632.0
863,05/13/2002,130632.0
864,05/14/2002,130632.0
865,05/15/2002,130632.0
866,05/16/2002,130632.0
867,05/17/2002,130632.0
868,05/18/2002,130632.0
869,05/19/2002,130632.0
870,05/20/2002,130632.0
871,05/21/2002,130632.0
872,05/22/2002,130632.0
873,05/23/2002,130632.0
874,05/24/2002,130632.0
875,05/25/2002,130632.0
876,05/26/2002,130632.0
877,05/27/2002,130632.0
878,05/28/2002,130632.0
879,05/29/2002,130632.0
880,05/30/2002,130632.0
881,05/31/2002,130632.0
882,06/01/2002,130673.0
883,06/02/2002,130673.0
884,06/03/2002,130673.0
885,06/04/2002,130673.0
886,06/05/2002,130673.0
887,06/06/2002,130673.0
888,06/07/2002,130673.0
889,06/08/2002,130673.0
890,06/09/2002,130673.0
891,06/10/2002,130673.0
892,06/11/2002,130673.0
893,06/12/2002,130673.0
894,06/13/2002,130673.0
895,06/14/2002,130673.0
896,06/15/2002,130673.0
897,06/16/2002,130673.0
898,06/17/2002,130673.0
899,06/18/2002,130673.0
900,06/19/2002,130673.0
901,06/20/2002,130673.0
902,06/21/2002,130673.0
903,06/22/2002,130673.0
904,06/23/2002,130673.0
905,06/24/2002,130673.0
906,06/25/2002,130673.0
907,06/26/2002,130673.0
908,06/27/2002,130673.0
909,06/28/2002,130673.0
910,06/29/2002,130673.0
911,06/30/2002,130673.0
912,07/01/2002,130583.0
913,07/02/2002,130583.0
914,07/03/2002,130583.0
915,07/04/2002,130583.0
916,07/05/2002,130583.0
917,07/06/2002,130583.0
918,07/07/2002,130583.0
919,07/08/2002,130583.0
920,07/09/2002,130583.0
921,07/10/2002,130583.0
922,07/11/2002,130583.0
923,07/12/2002,130583.0
924,07/13/2002,130583.0
925,07/14/2002,130583.0
926,07/15/2002,130583.0
927,07/16/2002,130583.0
928,07/17/2002,130583.0
929,07/18/2002,130583.0
930,07/19/2002,130583.0
931,07/20/2002,130583.0
932,07/21/2002,130583.0
933,07/22/2002,130583.0
934,07/23/2002,130583.0
935,07/24/2002,130583.0
936,07/25/2002,130583.0
937,07/26/2002,130583.0
938,07/27/2002,130583.0
939,07/28/2002,130583.0
940,07/29/2002,130583.0
941,07/30/2002,130583.0
942,07/31/2002,130583.0
943,08/01/2002,130582.0
944,08/02/2002,130582.0
945,08/03/2002,130582.0
946,08/04/2002,130582.0
947,08/05/2002,130582.0
948,08/06/2002,130582.0
949,08/07/2002,130582.0
950,08/08/2002,130582.0
951,08/09/2002,130582.0
952,08/10/2002,130582.0
953,08/11/2002,130582.0
954,08/12/2002,130582.0
955,08/13/2002,130582.0
956,08/14/2002,130582.0
957,08/15/2002,130582.0
958,08/16/2002,130582.0
959,08/17/2002,130582.0
960,08/18/2002,130582.0
961,08/19/2002,130582.0
962,08/20/2002,130582.0
963,08/21/2002,130582.0
964,08/22/2002,130582.0
965,08/23/2002,130582.0
966,08/24/2002,130582.0
967,08/25/2002,130582.0
968,08/26/2002,130582.0
969,08/27/2002,130582.0
970,08/28/2002,130582.0
971,08/29/2002,130582.0
972,08/30/2002,130582.0
973,08/31/2002,130582.0
974,09/01/2002,130503.0
975,09/02/2002,130503.0
976,09/03/2002,130503.0
977,09/04/2002,130503.0
978,09/05/2002,130503.0
979,09/06/2002,130503.0
980,09/07/2002,130503.0
981,09/08/2002,130503.0
982,09/09/2002,130503.0
983,09/10/2002,130503.0
984,09/11/2002,130503.0
985,09/12/2002,130503.0
986,09/13/2002,130503.0
987,09/14/2002,130503.0
988,09/15/2002,130503.0
989,09/16/2002,130503.0
990,09/17/2002,130503.0
991,09/18/2002,130503.0
992,09/19/2002,130503.0
993,09/20/2002,130503.0
994,09/21/2002,130503.0
995,09/22/2002,130503.0
996,09/23/2002,130503.0
997,09/24/2002,130503.0
998,09/25/2002,130503.0
999,09/26/2002,130503.0
1000,09/27/2002,130503.0
1001,09/28/2002,130503.0
1002,09/29/2002,130503.0
1003,09/30/2002,130503.0
1004,10/01/2002,130617.0
1005,10/02/2002,130617.0
1006,10/03/2002,130617.0
1007,10/04/2002,130617.0
1008,10/05/2002,130617.0
1009,10/06/2002,130617.0
1010,10/07/2002,130617.0
1011,10/08/2002,130617.0
1012,10/09/2002,130617.0
1013,10/10/2002,130617.0
1014,10/11/2002,130617.0
1015,10/12/2002,130617.0
1016,10/13/2002,130617.0
1017,10/14/2002,130617.0
1018,10/15/2002,130617.0
1019,10/16/2002,130617.0
1020,10/17/2002,130617.0
1021,10/18/2002,130617.0
1022,10/19/2002,130617.0
1023,10/20/2002,130617.0
1024,10/21/2002,130617.0
1025,10/22/2002,130617.0
1026,10/23/2002,130617.0
1027,10/24/2002,130617.0
1028,10/25/2002,130617.0
1029,10/26/2002,130617.0
1030,10/27/2002,130617.0
1031,10/28/2002,130617.0
1032,10/29/2002,130617.0
1033,10/30/2002,130617.0
1034,10/31/2002,130617.0
1035,11/01/2002,130616.0
1036,11/02/2002,130616.0
1037,11/03/2002,130616.0
1038,11/04/2002,130616.0
1039,11/05/2002,130616.0
1040,11/06/2002,130616.0
1041,11/07/2002,130616.0
1042,11/08/2002,130616.0
1043,11/09/2002,130616.0
1044,11/10/2002,130616.0
1045,11/11/2002,130616.0
1046,11/12/2002,130616.0
1047,11/13/2002,130616.0
1048,11/14/2002,130616.0
1049,11/15/2002,130616.0
1050,11/16/2002,130616.0
1051,11/17/2002,130616.0
1052,11/18/2002,130616.0
1053,11/19/2002,130616.0
1054,11/20/2002,130616.0
1055,11/21/2002,130616.0
1056,11/22/2002,130616.0
1057,11/23/2002,130616.0
1058,11/24/2002,130616.0
1059,11/25/2002,130616.0
1060,11/26/2002,130616.0
1061,11/27/2002,130616.0
1062,11/28/2002,130616.0
1063,11/29/2002,130616.0
1064,11/30/2002,130616.0
1065,12/01/2002,130465.0
1066,12/02/2002,130465.0
1067,12/03/2002,130465.0
1068,12/04/2002,130465.0
1069,12/05/2002,130465.0
1070,12/06/2002,130465.0
1071,12/07/2002,130465.0
1072,12/08/2002,130465.0
1073,12/09/2002,130465.0
1074,12/10/2002,130465.0
1075,12/11/2002,130465.0
1076,12/12/2002,130465.0
1077,12/13/2002,130465.0
1078,12/14/2002,130465.0
1079,12/15/2002,130465.0
1080,12/16/2002,130465.0
1081,12/17/2002,130465.0
1082,12/18/2002,130465.0
1083,12/19/2002,130465.0
1084,12/20/2002,130465.0
1085,12/21/2002,130465.0
1086,12/22/2002,130465.0
1087,12/23/2002,130465.0
1088,12/24/2002,130465.0
1089,12/25/2002,130465.0
1090,12/26/2002,130465.0
1091,12/27/2002,130465.0
1092,12/28/2002,130465.0
1093,12/29/2002,130465.0
1094,12/30/2002,130465.0
1095,12/31/2002,130465.0
1096,01/01/2003,130573.0
1097,01/02/2003,130573.0
1098,01/03/2003,130573.0
1099,01/04/2003,130573.0
1100,01/05/2003,130573.0
1101,01/06/2003,130573.0
1102,01/07/2003,130573.0
1103,01/08/2003,130573.0
1104,01/09/2003,130573.0
1105,01/10/2003,130573.0
1106,01/11/2003,130573.0
1107,01/12/2003,130573.0
1108,01/13/2003,130573.0
1109,01/14/2003,130573.0
1110,01/15/2003,130573.0
1111,01/16/2003,130573.0
1112,01/17/2003,130573.0
1113,01/18/2003,130573.0
1114,01/19/2003,130573.0
1115,01/20/2003,130573.0
1116,01/21/2003,130573.0
1117,01/22/2003,130573.0
1118,01/23/2003,130573.0
1119,01/24/2003,130573.0
1120,01/25/2003,130573.0
1121,01/26/2003,130573.0
1122,01/27/2003,130573.0
1123,01/28/2003,130573.0
1124,01/29/2003,130573.0
1125,01/30/2003,130573.0
1126,01/31/2003,130573.0
1127,02/01/2003,130441.0
1128,02/02/2003,130441.0
1129,02/03/2003,130441.0
1130,02/04/2003,130441.0
1131,02/05/2003,130441.0
1132,02/06/2003,130441.0
1133,02/07/2003,130441.0
1134,02/08/2003,130441.0
1135,02/09/2003,130441.0
1136,02/10/2003,130441.0
1137,02/11/2003,130441.0
1138,02/12/2003,130441.0
1139,02/13/2003,130441.0
1140,02/14/2003,130441.0
1141,02/15/2003,130441.0
1142,02/16/2003,130441.0
1143,02/17/2003,130441.0
1144,02/18/2003,130441.0
1145,02/19/2003,130441.0
1146,02/20/2003,130441.0
1147,02/21/2003,130441.0
1148,02/22/2003,130441.0
1149,02/23/2003,130441.0
1150,02/24/2003,130441.0
1151,02/25/2003,130441.0
1152,02/26/2003,130441.0
1153,02/27/2003,130441.0
1154,02/28/2003,130441.0
1155,03/01/2003,130235.0
1156,03/02/2003,130235.0
1157,03/03/2003,130235.0
1158,03/04/2003,130235.0
1159,03/05/2003,130235.0
1160,03/06/2003,130235.0
1161,03/07/2003,130235.0
1162,03/08/2003,130235.0
1163,03/09/2003,130235.0
1164,03/10/2003,130235.0
1165,03/11/2003,130235.0
1166,03/12/2003,130235.0
1167,03/13/2003,130235.0
1168,03/14/2003,130235.0
1169,03/15/2003,130235.0
1170,03/16/2003,130235.0
1171,03/17/2003,130235.0
1172,03/18/2003,130235.0
1173,03/19/2003,130235.0
1174,03/20/2003,130235.0
1175,03/21/2003,130235.0
1176,03/22/2003,130235.0
1177,03/23/2003,130235.0
1178,03/24/2003,130235.0
1179,03/25/2003,130235.0
1180,03/26/2003,130235.0
1181,03/27/2003,130235.0
1182,03/28/2003,130235.0
1183,03/29/2003,130235.0
1184,03/30/2003,130235.0
1185,03/31/2003,130235.0
1186,04/01/2003,130172.0
1187,04/02/2003,130172.0
1188,04/03/2003,130172.0
1189,04/04/2003,130172.0
1190,04/05/2003,130172.0
1191,04/06/2003,130172.0
1192,04/07/2003,130172.0
1193,04/08/2003,130172.0
1194,04/09/2003,130172.0
1195,04/10/2003,130172.0
1196,04/11/2003,130172.0
1197,04/12/2003,130172.0
1198,04/13/2003,130172.0
1199,04/14/2003,130172.0
1200,04/15/2003,130172.0
1201,04/16/2003,130172.0
1202,04/17/2003,130172.0
1203,04/18/2003,130172.0
1204,04/19/2003,130172.0
1205,04/20/2003,130172.0
1206,04/21/2003,130172.0
1207,04/22/2003,130172.0
1208,04/23/2003,130172.0
1209,04/24/2003,130172.0
1210,04/25/2003,130172.0
1211,04/26/2003,130172.0
1212,04/27/2003,130172.0
1213,04/28/2003,130172.0
1214,04/29/2003,130172.0
1215,04/30/2003,130172.0
1216,05/01/2003,130196.0
1217,05/02/2003,130196.0
1218,05/03/2003,130196.0
1219,05/04/2003,130196.0
1220,05/05/2003,130196.0
1221,05/06/2003,130196.0
1222,05/07/2003,130196.0
1223,05/08/2003,130196.0
1224,05/09/2003,130196.0
1225,05/10/2003,130196.0
1226,05/11/2003,130196.0
1227,05/12/2003,130196.0
1228,05/13/2003,130196.0
1229,05/14/2003,130196.0
1230,05/15/2003,130196.0
1231,05/16/2003,130196.0
1232,05/17/2003,130196.0
1233,05/18/2003,130196.0
1234,05/19/2003,130196.0
1235,05/20/2003,130196.0
1236,05/21/2003,130196.0
1237,05/22/2003,130196.0
1238,05/23/2003,130196.0
1239,05/24/2003,130196.0
1240,05/25/2003,130196.0
1241,05/26/2003,130196.0
1242,05/27/2003,130196.0
1243,05/28/2003,130196.0
1244,05/29/2003,130196.0
1245,05/30/2003,130196.0
1246,05/31/2003,130196.0
1247,06/01/2003,130185.0
1248,06/02/2003,130185.0
1249,06/03/2003,130185.0
1250,06/04/2003,130185.0
1251,06/05/2003,130185.0
1252,06/06/2003,130185.0
1253,06/07/2003,130185.0
1254,06/08/2003,130185.0
1255,06/09/2003,130185.0
1256,06/10/2003,130185.0
1257,06/11/2003,130185.0
1258,06/12/2003,130185.0
1259,06/13/2003,130185.0
1260,06/14/2003,130185.0
1261,06/15/2003,130185.0
1262,06/16/2003,130185.0
1263,06/17/2003,130185.0
1264,06/18/2003,130185.0
1265,06/19/2003,130185.0
1266,06/20/2003,130185.0
1267,06/21/2003,130185.0
1268,06/22/2003,130185.0
1269,06/23/2003,130185.0
1270,06/24/2003,130185.0
1271,06/25/2003,130185.0
1272,06/26/2003,130185.0
1273,06/27/2003,130185.0
1274,06/28/2003,130185.0
1275,06/29/2003,130185.0
1276,06/30/2003,130185.0
1277,07/01/2003,130184.0
1278,07/02/2003,130184.0
1279,07/03/2003,130184.0
1280,07/04/2003,130184.0
1281,07/05/2003,130184.0
1282,07/06/2003,130184.0
1283,07/07/2003,130184.0
1284,07/08/2003,130184.0
1285,07/09/2003,130184.0
1286,07/10/2003,130184.0
1287,07/11/2003,130184.0
1288,07/12/2003,130184.0
1289,07/13/2003,130184.0
1290,07/14/2003,130184.0
1291,07/15/2003,130184.0
1292,07/16/2003,130184.0
1293,07/17/2003,130184.0
1294,07/18/2003,130184.0
1295,07/19/2003,130184.0
1296,07/20/2003,130184.0
1297,07/21/2003,130184.0
1298,07/22/2003,130184.0
1299,07/23/2003,130184.0
1300,07/24/2003,130184.0
1301,07/25/2003,130184.0
1302,07/26/2003,130184.0
1303,07/27/2003,130184.0
1304,07/28/2003,130184.0
1305,07/29/2003,130184.0
1306,07/30/2003,130184.0
1307,07/31/2003,130184.0
1308,08/01/2003,130153.0
1309,08/02/2003,130153.0
1310,08/03/2003,130153.0
1311,08/04/2003,130153.0
1312,08/05/2003,130153.0
1313,08/06/2003,130153.0
1314,08/07/2003,130153.0
1315,08/08/2003,130153.0
1316,08/09/2003,130153.0
1317,08/10/2003,130153.0
1318,08/11/2003,130153.0
1319,08/12/2003,130153.0
1320,08/13/2003,130153.0
1321,08/14/2003,130153.0
1322,08/15/2003,130153.0
1323,08/16/2003,130153.0
1324,08/17/2003,130153.0
1325,08/18/2003,130153.0
1326,08/19/2003,130153.0
1327,08/20/2003,130153.0
1328,08/21/2003,130153.0
1329,08/22/2003,130153.0
1330,08/23/2003,130153.0
1331,08/24/2003,130153.0
1332,08/25/2003,130153.0
1333,08/26/2003,130153.0
1334,08/27/2003,130153.0
1335,08/28/2003,130153.0
1336,08/29/2003,130153.0
1337,08/30/2003,130153.0
1338,08/31/2003,130153.0
1339,09/01/2003,130253.0
1340,09/02/2003,130253.0
1341,09/03/2003,130253.0
1342,09/04/2003,130253.0
1343,09/05/2003,130253.0
1344,09/06/2003,130253.0
1345,09/07/2003,130253.0
1346,09/08/2003,130253.0
1347,09/09/2003,130253.0
1348,09/10/2003,130253.0
1349,09/11/2003,130253.0
1350,09/12/2003,130253.0
1351,09/13/2003,130253.0
1352,09/14/2003,130253.0
1353,09/15/2003,130253.0
1354,09/16/2003,130253.0
1355,09/17/2003,130253.0
1356,09/18/2003,130253.0
1357,09/19/2003,130253.0
1358,09/20/2003,130253.0
1359,09/21/2003,130253.0
1360,09/22/2003,130253.0
1361,09/23/2003,130253.0
1362,09/24/2003,130253.0
1363,09/25/2003,130253.0
1364,09/26/2003,130253.0
1365,09/27/2003,130253.0
1366,09/28/2003,130253.0
1367,09/29/2003,130253.0
1368,09/30/2003,130253.0
1369,10/01/2003,130440.0
1370,10/02/2003,130440.0
1371,10/03/2003,130440.0
1372,10/04/2003,130440.0
1373,10/05/2003,130440.0
1374,10/06/2003,130440.0
1375,10/07/2003,130440.0
1376,10/08/2003,130440.0
1377,10/09/2003,130440.0
1378,10/10/2003,130440.0
1379,10/11/2003,130440.0
1380,10/12/2003,130440.0
1381,10/13/2003,130440.0
1382,10/14/2003,130440.0
1383,10/15/2003,130440.0
1384,10/16/2003,130440.0
1385,10/17/2003,130440.0
1386,10/18/2003,130440.0
1387,10/19/2003,130440.0
1388,10/20/2003,130440.0
1389,10/21/2003,130440.0
1390,10/22/2003,130440.0
1391,10/23/2003,130440.0
1392,10/24/2003,130440.0
1393,10/25/2003,130440.0
1394,10/26/2003,130440.0
1395,10/27/2003,130440.0
1396,10/28/2003,130440.0
1397,10/29/2003,130440.0
1398,10/30/2003,130440.0
1399,10/31/2003,130440.0
1400,11/01/2003,130481.0
1401,11/02/2003,130481.0
1402,11/03/2003,130481.0
1403,11/04/2003,130481.0
1404,11/05/2003,130481.0
1405,11/06/2003,130481.0
1406,11/07/2003,130481.0
1407,11/08/2003,130481.0
1408,11/09/2003,130481.0
1409,11/10/2003,130481.0
1410,11/11/2003,130481.0
1411,11/12/2003,130481.0
1412,11/13/2003,130481.0
1413,11/14/2003,130481.0
1414,11/15/2003,130481.0
1415,11/16/2003,130481.0
1416,11/17/2003,130481.0
1417,11/18/2003,130481.0
1418,11/19/2003,130481.0
1419,11/20/2003,130481.0
1420,11/21/2003,130481.0
1421,11/22/2003,130481.0
1422,11/23/2003,130481.0
1423,11/24/2003,130481.0
1424,11/25/2003,130481.0
1425,11/26/2003,130481.0
1426,11/27/2003,130481.0
1427,11/28/2003,130481.0
1428,11/29/2003,130481.0
1429,11/30/2003,130481.0
1430,12/01/2003,130589.0
1431,12/02/2003,130589.0
1432,12/03/2003,130589.0
1433,12/04/2003,130589.0
1434,12/05/2003,130589.0
1435,12/06/2003,130589.0
1436,12/07/2003,130589.0
1437,12/08/2003,130589.0
1438,12/09/2003,130589.0
1439,12/10/2003,130589.0
1440,12/11/2003,130589.0
1441,12/12/2003,130589.0
1442,12/13/2003,130589.0
1443,12/14/2003,130589.0
1444,12/15/2003,130589.0
1445,12/16/2003,130589.0
1446,12/17/2003,130589.0
1447,12/18/2003,130589.0
1448,12/19/2003,130589.0
1449,12/20/2003,130589.0
1450,12/21/2003,130589.0
1451,12/22/2003,130589.0
1452,12/23/2003,130589.0
1453,12/24/2003,130589.0
1454,12/25/2003,130589.0
1455,12/26/2003,130589.0
1456,12/27/2003,130589.0
1457,12/28/2003,130589.0
1458,12/29/2003,130589.0
1459,12/30/2003,130589.0
1460,12/31/2003,130589.0
1461,01/01/2004,130756.0
1462,01/02/2004,130756.0
1463,01/03/2004,130756.0
1464,01/04/2004,130756.0
1465,01/05/2004,130756.0
1466,01/06/2004,130756.0
1467,01/07/2004,130756.0
1468,01/08/2004,130756.0
1469,01/09/2004,130756.0
1470,01/10/2004,130756.0
1471,01/11/2004,130756.0
1472,01/12/2004,130756.0
1473,01/13/2004,130756.0
1474,01/14/2004,130756.0
1475,01/15/2004,130756.0
1476,01/16/2004,130756.0
1477,01/17/2004,130756.0
1478,01/18/2004,130756.0
1479,01/19/2004,130756.0
1480,01/20/2004,130756.0
1481,01/21/2004,130756.0
1482,01/22/2004,130756.0
1483,01/23/2004,130756.0
1484,01/24/2004,130756.0
1485,01/25/2004,130756.0
1486,01/26/2004,130756.0
1487,01/27/2004,130756.0
1488,01/28/2004,130756.0
1489,01/29/2004,130756.0
1490,01/30/2004,130756.0
1491,01/31/2004,130756.0
1492,02/01/2004,130820.0
1493,02/02/2004,130820.0
1494,02/03/2004,130820.0
1495,02/04/2004,130820.0
1496,02/05/2004,130820.0
1497,02/06/2004,130820.0
1498,02/07/2004,130820.0
1499,02/08/2004,130820.0
1500,02/09/2004,130820.0
1501,02/10/2004,130820.0
1502,02/11/2004,130820.0
1503,02/12/2004,130820.0
1504,02/13/2004,130820.0
1505,02/14/2004,130820.0
1506,02/15/2004,130820.0
1507,02/16/2004,130820.0
1508,02/17/2004,130820.0
1509,02/18/2004,130820.0
1510,02/19/2004,130820.0
1511,02/20/2004,130820.0
1512,02/21/2004,130820.0
1513,02/22/2004,130820.0
1514,02/23/2004,130820.0
1515,02/24/2004,130820.0
1516,02/25/2004,130820.0
1517,02/26/2004,130820.0
1518,02/27/2004,130820.0
1519,02/28/2004,130820.0
1520,02/29/2004,130820.0
1521,03/01/2004,131139.0
1522,03/02/2004,131139.0
1523,03/03/2004,131139.0
1524,03/04/2004,131139.0
1525,03/05/2004,131139.0
1526,03/06/2004,131139.0
1527,03/07/2004,131139.0
1528,03/08/2004,131139.0
1529,03/09/2004,131139.0
1530,03/10/2004,131139.0
1531,03/11/2004,131139.0
1532,03/12/2004,131139.0
1533,03/13/2004,131139.0
1534,03/14/2004,131139.0
1535,03/15/2004,131139.0
1536,03/16/2004,131139.0
1537,03/17/2004,131139.0
1538,03/18/2004,131139.0
1539,03/19/2004,131139.0
1540,03/20/2004,131139.0
1541,03/21/2004,131139.0
1542,03/22/2004,131139.0
1543,03/23/2004,131139.0
1544,03/24/2004,131139.0
1545,03/25/2004,131139.0
1546,03/26/2004,131139.0
1547,03/27/2004,131139.0
1548,03/28/2004,131139.0
1549,03/29/2004,131139.0
1550,03/30/2004,131139.0
1551,03/31/2004,131139.0
1552,04/01/2004,131412.0
1553,04/02/2004,131412.0
1554,04/03/2004,131412.0
1555,04/04/2004,131412.0
1556,04/05/2004,131412.0
1557,04/06/2004,131412.0
1558,04/07/2004,131412.0
1559,04/08/2004,131412.0
1560,04/09/2004,131412.0
1561,04/10/2004,131412.0
1562,04/11/2004,131412.0
1563,04/12/2004,131412.0
1564,04/13/2004,131412.0
1565,04/14/2004,131412.0
1566,04/15/2004,131412.0
1567,04/16/2004,131412.0
1568,04/17/2004,131412.0
1569,04/18/2004,131412.0
1570,04/19/2004,131412.0
1571,04/20/2004,131412.0
1572,04/21/2004,131412.0
1573,04/22/2004,131412.0
1574,04/23/2004,131412.0
1575,04/24/2004,131412.0
1576,04/25/2004,131412.0
1577,04/26/2004,131412.0
1578,04/27/2004,131412.0
1579,04/28/2004,131412.0
1580,04/29/2004,131412.0
1581,04/30/2004,131412.0
1582,05/01/2004,131697.0
1583,05/02/2004,131697.0
1584,05/03/2004,131697.0
1585,05/04/2004,131697.0
1586,05/05/2004,131697.0
1587,05/06/2004,131697.0
1588,05/07/2004,131697.0
1589,05/08/2004,131697.0
1590,05/09/2004,131697.0
1591,05/10/2004,131697.0
1592,05/11/2004,131697.0
1593,05/12/2004,131697.0
1594,05/13/2004,131697.0
1595,05/14/2004,131697.0
1596,05/15/2004,131697.0
1597,05/16/2004,131697.0
1598,05/17/2004,131697.0
1599,05/18/2004,131697.0
1600,05/19/2004,131697.0
1601,05/20/2004,131697.0
1602,05/21/2004,131697.0
1603,05/22/2004,131697.0
1604,05/23/2004,131697.0
1605,05/24/2004,131697.0
1606,05/25/2004,131697.0
1607,05/26/2004,131697.0
1608,05/27/2004,131697.0
1609,05/28/2004,131697.0
1610,05/29/2004,131697.0
1611,05/30/2004,131697.0
1612,05/31/2004,131697.0
1613,06/01/2004,131794.0
1614,06/02/2004,131794.0
1615,06/03/2004,131794.0
1616,06/04/2004,131794.0
1617,06/05/2004,131794.0
1618,06/06/2004,131794.0
1619,06/07/2004,131794.0
1620,06/08/2004,131794.0
1621,06/09/2004,131794.0
1622,06/10/2004,131794.0
1623,06/11/2004,131794.0
1624,06/12/2004,131794.0
1625,06/13/2004,131794.0
1626,06/14/2004,131794.0
1627,06/15/2004,131794.0
1628,06/16/2004,131794.0
1629,06/17/2004,131794.0
1630,06/18/2004,131794.0
1631,06/19/2004,131794.0
1632,06/20/2004,131794.0
1633,06/21/2004,131794.0
1634,06/22/2004,131794.0
1635,06/23/2004,131794.0
1636,06/24/2004,131794.0
1637,06/25/2004,131794.0
1638,06/26/2004,131794.0
1639,06/27/2004,131794.0
1640,06/28/2004,131794.0
1641,06/29/2004,131794.0
1642,06/30/2004,131794.0
1643,07/01/2004,131853.0
1644,07/02/2004,131853.0
1645,07/03/2004,131853.0
1646,07/04/2004,131853.0
1647,07/05/2004,131853.0
1648,07/06/2004,131853.0
1649,07/07/2004,131853.0
1650,07/08/2004,131853.0
1651,07/09/2004,131853.0
1652,07/10/2004,131853.0
1653,07/11/2004,131853.0
1654,07/12/2004,131853.0
1655,07/13/2004,131853.0
1656,07/14/2004,131853.0
1657,07/15/2004,131853.0
1658,07/16/2004,131853.0
1659,07/17/2004,131853.0
1660,07/18/2004,131853.0
1661,07/19/2004,131853.0
1662,07/20/2004,131853.0
1663,07/21/2004,131853.0
1664,07/22/2004,131853.0
1665,07/23/2004,131853.0
1666,07/24/2004,131853.0
1667,07/25/2004,131853.0
1668,07/26/2004,131853.0
1669,07/27/2004,131853.0
1670,07/28/2004,131853.0
1671,07/29/2004,131853.0
1672,07/30/2004,131853.0
1673,07/31/2004,131853.0
1674,08/01/2004,131940.0
1675,08/02/2004,131940.0
1676,08/03/2004,131940.0
1677,08/04/2004,131940.0
1678,08/05/2004,131940.0
1679,08/06/2004,131940.0
1680,08/07/2004,131940.0
1681,08/08/2004,131940.0
1682,08/09/2004,131940.0
1683,08/10/2004,131940.0
1684,08/11/2004,131940.0
1685,08/12/2004,131940.0
1686,08/13/2004,131940.0
1687,08/14/2004,131940.0
1688,08/15/2004,131940.0
1689,08/16/2004,131940.0
1690,08/17/2004,131940.0
1691,08/18/2004,131940.0
1692,08/19/2004,131940.0
1693,08/20/2004,131940.0
1694,08/21/2004,131940.0
1695,08/22/2004,131940.0
1696,08/23/2004,131940.0
1697,08/24/2004,131940.0
1698,08/25/2004,131940.0
1699,08/26/2004,131940.0
1700,08/27/2004,131940.0
1701,08/28/2004,131940.0
1702,08/29/2004,131940.0
1703,08/30/2004,131940.0
1704,08/31/2004,131940.0
1705,09/01/2004,132091.0
1706,09/02/2004,132091.0
1707,09/03/2004,132091.0
1708,09/04/2004,132091.0
1709,09/05/2004,132091.0
1710,09/06/2004,132091.0
1711,09/07/2004,132091.0
1712,09/08/2004,132091.0
1713,09/09/2004,132091.0
1714,09/10/2004,132091.0
1715,09/11/2004,132091.0
1716,09/12/2004,132091.0
1717,09/13/2004,132091.0
1718,09/14/2004,132091.0
1719,09/15/2004,132091.0
1720,09/16/2004,132091.0
1721,09/17/2004,132091.0
1722,09/18/2004,132091.0
1723,09/19/2004,132091.0
1724,09/20/2004,132091.0
1725,09/21/2004,132091.0
1726,09/22/2004,132091.0
1727,09/23/2004,132091.0
1728,09/24/2004,132091.0
1729,09/25/2004,132091.0
1730,09/26/2004,132091.0
1731,09/27/2004,132091.0
1732,09/28/2004,132091.0
1733,09/29/2004,132091.0
1734,09/30/2004,132091.0
1735,10/01/2004,132431.0
1736,10/02/2004,132431.0
1737,10/03/2004,132431.0
1738,10/04/2004,132431.0
1739,10/05/2004,132431.0
1740,10/06/2004,132431.0
1741,10/07/2004,132431.0
1742,10/08/2004,132431.0
1743,10/09/2004,132431.0
1744,10/10/2004,132431.0
1745,10/11/2004,132431.0
1746,10/12/2004,132431.0
1747,10/13/2004,132431.0
1748,10/14/2004,132431.0
1749,10/15/2004,132431.0
1750,10/16/2004,132431.0
1751,10/17/2004,132431.0
1752,10/18/2004,132431.0
1753,10/19/2004,132431.0
1754,10/20/2004,132431.0
1755,10/21/2004,132431.0
1756,10/22/2004,132431.0
1757,10/23/2004,132431.0
1758,10/24/2004,132431.0
1759,10/25/2004,132431.0
1760,10/26/2004,132431.0
1761,10/27/2004,132431.0
1762,10/28/2004,132431.0
1763,10/29/2004,132431.0
1764,10/30/2004,132431.0
1765,10/31/2004,132431.0
1766,11/01/2004,132504.0
1767,11/02/2004,132504.0
1768,11/03/2004,132504.0
1769,11/04/2004,132504.0
1770,11/05/2004,132504.0
1771,11/06/2004,132504.0
1772,11/07/2004,132504.0
1773,11/08/2004,132504.0
1774,11/09/2004,132504.0
1775,11/10/2004,132504.0
1776,11/11/2004,132504.0
1777,11/12/2004,132504.0
1778,11/13/2004,132504.0
1779,11/14/2004,132504.0
1780,11/15/2004,132504.0
1781,11/16/2004,132504.0
1782,11/17/2004,132504.0
1783,11/18/2004,132504.0
1784,11/19/2004,132504.0
1785,11/20/2004,132504.0
1786,11/21/2004,132504.0
1787,11/22/2004,132504.0
1788,11/23/2004,132504.0
1789,11/24/2004,132504.0
1790,11/25/2004,132504.0
1791,11/26/2004,132504.0
1792,11/27/2004,132504.0
1793,11/28/2004,132504.0
1794,11/29/2004,132504.0
1795,11/30/2004,132504.0
1796,12/01/2004,132629.0
1797,12/02/2004,132629.0
1798,12/03/2004,132629.0
1799,12/04/2004,132629.0
1800,12/05/2004,132629.0
1801,12/06/2004,132629.0
1802,12/07/2004,132629.0
1803,12/08/2004,132629.0
1804,12/09/2004,132629.0
1805,12/10/2004,132629.0
1806,12/11/2004,132629.0
1807,12/12/2004,132629.0
1808,12/13/2004,132629.0
1809,12/14/2004,132629.0
1810,12/15/2004,132629.0
1811,12/16/2004,132629.0
1812,12/17/2004,132629.0
1813,12/18/2004,132629.0
1814,12/19/2004,132629.0
1815,12/20/2004,132629.0
1816,12/21/2004,132629.0
1817,12/22/2004,132629.0
1818,12/23/2004,132629.0
1819,12/24/2004,132629.0
1820,12/25/2004,132629.0
1821,12/26/2004,132629.0
1822,12/27/2004,132629.0
1823,12/28/2004,132629.0
1824,12/29/2004,132629.0
1825,12/30/2004,132629.0
1826,12/31/2004,132629.0
1827,01/01/2005,132781.0
1828,01/02/2005,132781.0
1829,01/03/2005,132781.0
1830,01/04/2005,132781.0
1831,01/05/2005,132781.0
1832,01/06/2005,132781.0
1833,01/07/2005,132781.0
1834,01/08/2005,132781.0
1835,01/09/2005,132781.0
1836,01/10/2005,132781.0
1837,01/11/2005,132781.0
1838,01/12/2005,132781.0
1839,01/13/2005,132781.0
1840,01/14/2005,132781.0
1841,01/15/2005,132781.0
1842,01/16/2005,132781.0
1843,01/17/2005,132781.0
1844,01/18/2005,132781.0
1845,01/19/2005,132781.0
1846,01/20/2005,132781.0
1847,01/21/2005,132781.0
1848,01/22/2005,132781.0
1849,01/23/2005,132781.0
1850,01/24/2005,132781.0
1851,01/25/2005,132781.0
1852,01/26/2005,132781.0
1853,01/27/2005,132781.0
1854,01/28/2005,132781.0
1855,01/29/2005,132781.0
1856,01/30/2005,132781.0
1857,01/31/2005,132781.0
1858,02/01/2005,133033.0
1859,02/02/2005,133033.0
1860,02/03/2005,133033.0
1861,02/04/2005,133033.0
1862,02/05/2005,133033.0
1863,02/06/2005,133033.0
1864,02/07/2005,133033.0
1865,02/08/2005,133033.0
1866,02/09/2005,133033.0
1867,02/10/2005,133033.0
1868,02/11/2005,133033.0
1869,02/12/2005,133033.0
1870,02/13/2005,133033.0
1871,02/14/2005,133033.0
1872,02/15/2005,133033.0
1873,02/16/2005,133033.0
1874,02/17/2005,133033.0
1875,02/18/2005,133033.0
1876,02/19/2005,133033.0
1877,02/20/2005,133033.0
1878,02/21/2005,133033.0
1879,02/22/2005,133033.0
1880,02/23/2005,133033.0
1881,02/24/2005,133033.0
1882,02/25/2005,133033.0
1883,02/26/2005,133033.0
1884,02/27/2005,133033.0
1885,02/28/2005,133033.0
1886,03/01/2005,133152.0
1887,03/02/2005,133152.0
1888,03/03/2005,133152.0
1889,03/04/2005,133152.0
1890,03/05/2005,133152.0
1891,03/06/2005,133152.0
1892,03/07/2005,133152.0
1893,03/08/2005,133152.0
1894,03/09/2005,133152.0
1895,03/10/2005,133152.0
1896,03/11/2005,133152.0
1897,03/12/2005,133152.0
1898,03/13/2005,133152.0
1899,03/14/2005,133152.0
1900,03/15/2005,133152.0
1901,03/16/2005,133152.0
1902,03/17/2005,133152.0
1903,03/18/2005,133152.0
1904,03/19/2005,133152.0
1905,03/20/2005,133152.0
1906,03/21/2005,133152.0
1907,03/22/2005,133152.0
1908,03/23/2005,133152.0
1909,03/24/2005,133152.0
1910,03/25/2005,133152.0
1911,03/26/2005,133152.0
1912,03/27/2005,133152.0
1913,03/28/2005,133152.0
1914,03/29/2005,133152.0
1915,03/30/2005,133152.0
1916,03/31/2005,133152.0
1917,04/01/2005,133519.0
1918,04/02/2005,133519.0
1919,04/03/2005,133519.0
1920,04/04/2005,133519.0
1921,04/05/2005,133519.0
1922,04/06/2005,133519.0
1923,04/07/2005,133519.0
1924,04/08/2005,133519.0
1925,04/09/2005,133519.0
1926,04/10/2005,133519.0
1927,04/11/2005,133519.0
1928,04/12/2005,133519.0
1929,04/13/2005,133519.0
1930,04/14/2005,133519.0
1931,04/15/2005,133519.0
1932,04/16/2005,133519.0
1933,04/17/2005,133519.0
1934,04/18/2005,133519.0
1935,04/19/2005,133519.0
1936,04/20/2005,133519.0
1937,04/21/2005,133519.0
1938,04/22/2005,133519.0
1939,04/23/2005,133519.0
1940,04/24/2005,133519.0
1941,04/25/2005,133519.0
1942,04/26/2005,133519.0
1943,04/27/2005,133519.0
1944,04/28/2005,133519.0
1945,04/29/2005,133519.0
1946,04/30/2005,133519.0
1947,05/01/2005,133689.0
1948,05/02/2005,133689.0
1949,05/03/2005,133689.0
1950,05/04/2005,133689.0
1951,05/05/2005,133689.0
1952,05/06/2005,133689.0
1953,05/07/2005,133689.0
1954,05/08/2005,133689.0
1955,05/09/2005,133689.0
1956,05/10/2005,133689.0
1957,05/11/2005,133689.0
1958,05/12/2005,133689.0
1959,05/13/2005,133689.0
1960,05/14/2005,133689.0
1961,05/15/2005,133689.0
1962,05/16/2005,133689.0
1963,05/17/2005,133689.0
1964,05/18/2005,133689.0
1965,05/19/2005,133689.0
1966,05/20/2005,133689.0
1967,05/21/2005,133689.0
1968,05/22/2005,133689.0
1969,05/23/2005,133689.0
1970,05/24/2005,133689.0
1971,05/25/2005,133689.0
1972,05/26/2005,133689.0
1973,05/27/2005,133689.0
1974,05/28/2005,133689.0
1975,05/29/2005,133689.0
1976,05/30/2005,133689.0
1977,05/31/2005,133689.0
1978,06/01/2005,133947.0
1979,06/02/2005,133947.0
1980,06/03/2005,133947.0
1981,06/04/2005,133947.0
1982,06/05/2005,133947.0
1983,06/06/2005,133947.0
1984,06/07/2005,133947.0
1985,06/08/2005,133947.0
1986,06/09/2005,133947.0
1987,06/10/2005,133947.0
1988,06/11/2005,133947.0
1989,06/12/2005,133947.0
1990,06/13/2005,133947.0
1991,06/14/2005,133947.0
1992,06/15/2005,133947.0
1993,06/16/2005,133947.0
1994,06/17/2005,133947.0
1995,06/18/2005,133947.0
1996,06/19/2005,133947.0
1997,06/20/2005,133947.0
1998,06/21/2005,133947.0
1999,06/22/2005,133947.0
2000,06/23/2005,133947.0
2001,06/24/2005,133947.0
2002,06/25/2005,133947.0
2003,06/26/2005,133947.0
2004,06/27/2005,133947.0
2005,06/28/2005,133947.0
2006,06/29/2005,133947.0
2007,06/30/2005,133947.0
2008,07/01/2005,134300.0
2009,07/02/2005,134300.0
2010,07/03/2005,134300.0
2011,07/04/2005,134300.0
2012,07/05/2005,134300.0
2013,07/06/2005,134300.0
2014,07/07/2005,134300.0
2015,07/08/2005,134300.0
2016,07/09/2005,134300.0
2017,07/10/2005,134300.0
2018,07/11/2005,134300.0
2019,07/12/2005,134300.0
2020,07/13/2005,134300.0
2021,07/14/2005,134300.0
2022,07/15/2005,134300.0
2023,07/16/2005,134300.0
2024,07/17/2005,134300.0
2025,07/18/2005,134300.0
2026,07/19/2005,134300.0
2027,07/20/2005,134300.0
2028,07/21/2005,134300.0
2029,07/22/2005,134300.0
2030,07/23/2005,134300.0
2031,07/24/2005,134300.0
2032,07/25/2005,134300.0
2033,07/26/2005,134300.0
2034,07/27/2005,134300.0
2035,07/28/2005,134300.0
2036,07/29/2005,134300.0
2037,07/30/2005,134300.0
2038,07/31/2005,134300.0
2039,08/01/2005,134503.0
2040,08/02/2005,134503.0
2041,08/03/2005,134503.0
2042,08/04/2005,134503.0
2043,08/05/2005,134503.0
2044,08/06/2005,134503.0
2045,08/07/2005,134503.0
2046,08/08/2005,134503.0
2047,08/09/2005,134503.0
2048,08/10/2005,134503.0
2049,08/11/2005,134503.0
2050,08/12/2005,134503.0
2051,08/13/2005,134503.0
2052,08/14/2005,134503.0
2053,08/15/2005,134503.0
2054,08/16/2005,134503.0
2055,08/17/2005,134503.0
2056,08/18/2005,134503.0
2057,08/19/2005,134503.0
2058,08/20/2005,134503.0
2059,08/21/2005,134503.0
2060,08/22/2005,134503.0
2061,08/23/2005,134503.0
2062,08/24/2005,134503.0
2063,08/25/2005,134503.0
2064,08/26/2005,134503.0
2065,08/27/2005,134503.0
2066,08/28/2005,134503.0
2067,08/29/2005,134503.0
2068,08/30/2005,134503.0
2069,08/31/2005,134503.0
2070,09/01/2005,134554.0
2071,09/02/2005,134554.0
2072,09/03/2005,134554.0
2073,09/04/2005,134554.0
2074,09/05/2005,134554.0
2075,09/06/2005,134554.0
2076,09/07/2005,134554.0
2077,09/08/2005,134554.0
2078,09/09/2005,134554.0
2079,09/10/2005,134554.0
2080,09/11/2005,134554.0
2081,09/12/2005,134554.0
2082,09/13/2005,134554.0
2083,09/14/2005,134554.0
2084,09/15/2005,134554.0
2085,09/16/2005,134554.0
2086,09/17/2005,134554.0
2087,09/18/2005,134554.0
2088,09/19/2005,134554.0
2089,09/20/2005,134554.0
2090,09/21/2005,134554.0
2091,09/22/2005,134554.0
2092,09/23/2005,134554.0
2093,09/24/2005,134554.0
2094,09/25/2005,134554.0
2095,09/26/2005,134554.0
2096,09/27/2005,134554.0
2097,09/28/2005,134554.0
2098,09/29/2005,134554.0
2099,09/30/2005,134554.0
2100,10/01/2005,134643.0
2101,10/02/2005,134643.0
2102,10/03/2005,134643.0
2103,10/04/2005,134643.0
2104,10/05/2005,134643.0
2105,10/06/2005,134643.0
2106,10/07/2005,134643.0
2107,10/08/2005,134643.0
2108,10/09/2005,134643.0
2109,10/10/2005,134643.0
2110,10/11/2005,134643.0
2111,10/12/2005,134643.0
2112,10/13/2005,134643.0
2113,10/14/2005,134643.0
2114,10/15/2005,134643.0
2115,10/16/2005,134643.0
2116,10/17/2005,134643.0
2117,10/18/2005,134643.0
2118,10/19/2005,134643.0
2119,10/20/2005,134643.0
2120,10/21/2005,134643.0
2121,10/22/2005,134643.0
2122,10/23/2005,134643.0
2123,10/24/2005,134643.0
2124,10/25/2005,134643.0
2125,10/26/2005,134643.0
2126,10/27/2005,134643.0
2127,10/28/2005,134643.0
2128,10/29/2005,134643.0
2129,10/30/2005,134643.0
2130,10/31/2005,134643.0
2131,11/01/2005,134999.0
2132,11/02/2005,134999.0
2133,11/03/2005,134999.0
2134,11/04/2005,134999.0
2135,11/05/2005,134999.0
2136,11/06/2005,134999.0
2137,11/07/2005,134999.0
2138,11/08/2005,134999.0
2139,11/09/2005,134999.0
2140,11/10/2005,134999.0
2141,11/11/2005,134999.0
2142,11/12/2005,134999.0
2143,11/13/2005,134999.0
2144,11/14/2005,134999.0
2145,11/15/2005,134999.0
2146,11/16/2005,134999.0
2147,11/17/2005,134999.0
2148,11/18/2005,134999.0
2149,11/19/2005,134999.0
2150,11/20/2005,134999.0
2151,11/21/2005,134999.0
2152,11/22/2005,134999.0
2153,11/23/2005,134999.0
2154,11/24/2005,134999.0
2155,11/25/2005,134999.0
2156,11/26/2005,134999.0
2157,11/27/2005,134999.0
2158,11/28/2005,134999.0
2159,11/29/2005,134999.0
2160,11/30/2005,134999.0
2161,12/01/2005,135158.0
2162,12/02/2005,135158.0
2163,12/03/2005,135158.0
2164,12/04/2005,135158.0
2165,12/05/2005,135158.0
2166,12/06/2005,135158.0
2167,12/07/2005,135158.0
2168,12/08/2005,135158.0
2169,12/09/2005,135158.0
2170,12/10/2005,135158.0
2171,12/11/2005,135158.0
2172,12/12/2005,135158.0
2173,12/13/2005,135158.0
2174,12/14/2005,135158.0
2175,12/15/2005,135158.0
2176,12/16/2005,135158.0
2177,12/17/2005,135158.0
2178,12/18/2005,135158.0
2179,12/19/2005,135158.0
2180,12/20/2005,135158.0
2181,12/21/2005,135158.0
2182,12/22/2005,135158.0
2183,12/23/2005,135158.0
2184,12/24/2005,135158.0
2185,12/25/2005,135158.0
2186,12/26/2005,135158.0
2187,12/27/2005,135158.0
2188,12/28/2005,135158.0
2189,12/29/2005,135158.0
2190,12/30/2005,135158.0
2191,12/31/2005,135158.0
2192,01/01/2006,135426.0
2193,01/02/2006,135426.0
2194,01/03/2006,135426.0
2195,01/04/2006,135426.0
2196,01/05/2006,135426.0
2197,01/06/2006,135426.0
2198,01/07/2006,135426.0
2199,01/08/2006,135426.0
2200,01/09/2006,135426.0
2201,01/10/2006,135426.0
2202,01/11/2006,135426.0
2203,01/12/2006,135426.0
2204,01/13/2006,135426.0
2205,01/14/2006,135426.0
2206,01/15/2006,135426.0
2207,01/16/2006,135426.0
2208,01/17/2006,135426.0
2209,01/18/2006,135426.0
2210,01/19/2006,135426.0
2211,01/20/2006,135426.0
2212,01/21/2006,135426.0
2213,01/22/2006,135426.0
2214,01/23/2006,135426.0
2215,01/24/2006,135426.0
2216,01/25/2006,135426.0
2217,01/26/2006,135426.0
2218,01/27/2006,135426.0
2219,01/28/2006,135426.0
2220,01/29/2006,135426.0
2221,01/30/2006,135426.0
2222,01/31/2006,135426.0
2223,02/01/2006,135731.0
2224,02/02/2006,135731.0
2225,02/03/2006,135731.0
2226,02/04/2006,135731.0
2227,02/05/2006,135731.0
2228,02/06/2006,135731.0
2229,02/07/2006,135731.0
2230,02/08/2006,135731.0
2231,02/09/2006,135731.0
2232,02/10/2006,135731.0
2233,02/11/2006,135731.0
2234,02/12/2006,135731.0
2235,02/13/2006,135731.0
2236,02/14/2006,135731.0
2237,02/15/2006,135731.0
2238,02/16/2006,135731.0
2239,02/17/2006,135731.0
2240,02/18/2006,135731.0
2241,02/19/2006,135731.0
2242,02/20/2006,135731.0
2243,02/21/2006,135731.0
2244,02/22/2006,135731.0
2245,02/23/2006,135731.0
2246,02/24/2006,135731.0
2247,02/25/2006,135731.0
2248,02/26/2006,135731.0
2249,02/27/2006,135731.0
2250,02/28/2006,135731.0
2251,03/01/2006,136036.0
2252,03/02/2006,136036.0
2253,03/03/2006,136036.0
2254,03/04/2006,136036.0
2255,03/05/2006,136036.0
2256,03/06/2006,136036.0
2257,03/07/2006,136036.0
2258,03/08/2006,136036.0
2259,03/09/2006,136036.0
2260,03/10/2006,136036.0
2261,03/11/2006,136036.0
2262,03/12/2006,136036.0
2263,03/13/2006,136036.0
2264,03/14/2006,136036.0
2265,03/15/2006,136036.0
2266,03/16/2006,136036.0
2267,03/17/2006,136036.0
2268,03/18/2006,136036.0
2269,03/19/2006,136036.0
2270,03/20/2006,136036.0
2271,03/21/2006,136036.0
2272,03/22/2006,136036.0
2273,03/23/2006,136036.0
2274,03/24/2006,136036.0
2275,03/25/2006,136036.0
2276,03/26/2006,136036.0
2277,03/27/2006,136036.0
2278,03/28/2006,136036.0
2279,03/29/2006,136036.0
2280,03/30/2006,136036.0
2281,03/31/2006,136036.0
2282,04/01/2006,136208.0
2283,04/02/2006,136208.0
2284,04/03/2006,136208.0
2285,04/04/2006,136208.0
2286,04/05/2006,136208.0
2287,04/06/2006,136208.0
2288,04/07/2006,136208.0
2289,04/08/2006,136208.0
2290,04/09/2006,136208.0
2291,04/10/2006,136208.0
2292,04/11/2006,136208.0
2293,04/12/2006,136208.0
2294,04/13/2006,136208.0
2295,04/14/2006,136208.0
2296,04/15/2006,136208.0
2297,04/16/2006,136208.0
2298,04/17/2006,136208.0
2299,04/18/2006,136208.0
2300,04/19/2006,136208.0
2301,04/20/2006,136208.0
2302,04/21/2006,136208.0
2303,04/22/2006,136208.0
2304,04/23/2006,136208.0
2305,04/24/2006,136208.0
2306,04/25/2006,136208.0
2307,04/26/2006,136208.0
2308,04/27/2006,136208.0
2309,04/28/2006,136208.0
2310,04/29/2006,136208.0
2311,04/30/2006,136208.0
2312,05/01/2006,136249.0
2313,05/02/2006,136249.0
2314,05/03/2006,136249.0
2315,05/04/2006,136249.0
2316,05/05/2006,136249.0
2317,05/06/2006,136249.0
2318,05/07/2006,136249.0
2319,05/08/2006,136249.0
2320,05/09/2006,136249.0
2321,05/10/2006,136249.0
2322,05/11/2006,136249.0
2323,05/12/2006,136249.0
2324,05/13/2006,136249.0
2325,05/14/2006,136249.0
2326,05/15/2006,136249.0
2327,05/16/2006,136249.0
2328,05/17/2006,136249.0
2329,05/18/2006,136249.0
2330,05/19/2006,136249.0
2331,05/20/2006,136249.0
2332,05/21/2006,136249.0
2333,05/22/2006,136249.0
2334,05/23/2006,136249.0
2335,05/24/2006,136249.0
2336,05/25/2006,136249.0
2337,05/26/2006,136249.0
2338,05/27/2006,136249.0
2339,05/28/2006,136249.0
2340,05/29/2006,136249.0
2341,05/30/2006,136249.0
2342,05/31/2006,136249.0
2343,06/01/2006,136335.0
2344,06/02/2006,136335.0
2345,06/03/2006,136335.0
2346,06/04/2006,136335.0
2347,06/05/2006,136335.0
2348,06/06/2006,136335.0
2349,06/07/2006,136335.0
2350,06/08/2006,136335.0
2351,06/09/2006,136335.0
2352,06/10/2006,136335.0
2353,06/11/2006,136335.0
2354,06/12/2006,136335.0
2355,06/13/2006,136335.0
2356,06/14/2006,136335.0
2357,06/15/2006,136335.0
2358,06/16/2006,136335.0
2359,06/17/2006,136335.0
2360,06/18/2006,136335.0
2361,06/19/2006,136335.0
2362,06/20/2006,136335.0
2363,06/21/2006,136335.0
2364,06/22/2006,136335.0
2365,06/23/2006,136335.0
2366,06/24/2006,136335.0
2367,06/25/2006,136335.0
2368,06/26/2006,136335.0
2369,06/27/2006,136335.0
2370,06/28/2006,136335.0
2371,06/29/2006,136335.0
2372,06/30/2006,136335.0
2373,07/01/2006,136529.0
2374,07/02/2006,136529.0
2375,07/03/2006,136529.0
2376,07/04/2006,136529.0
2377,07/05/2006,136529.0
2378,07/06/2006,136529.0
2379,07/07/2006,136529.0
2380,07/08/2006,136529.0
2381,07/09/2006,136529.0
2382,07/10/2006,136529.0
2383,07/11/2006,136529.0
2384,07/12/2006,136529.0
2385,07/13/2006,136529.0
2386,07/14/2006,136529.0
2387,07/15/2006,136529.0
2388,07/16/2006,136529.0
2389,07/17/2006,136529.0
2390,07/18/2006,136529.0
2391,07/19/2006,136529.0
2392,07/20/2006,136529.0
2393,07/21/2006,136529.0
2394,07/22/2006,136529.0
2395,07/23/2006,136529.0
2396,07/24/2006,136529.0
2397,07/25/2006,136529.0
2398,07/26/2006,136529.0
2399,07/27/2006,136529.0
2400,07/28/2006,136529.0
2401,07/29/2006,136529.0
2402,07/30/2006,136529.0
2403,07/31/2006,136529.0
2404,08/01/2006,136693.0
2405,08/02/2006,136693.0
2406,08/03/2006,136693.0
2407,08/04/2006,136693.0
2408,08/05/2006,136693.0
2409,08/06/2006,136693.0
2410,08/07/2006,136693.0
2411,08/08/2006,136693.0
2412,08/09/2006,136693.0
2413,08/10/2006,136693.0
2414,08/11/2006,136693.0
2415,08/12/2006,136693.0
2416,08/13/2006,136693.0
2417,08/14/2006,136693.0
2418,08/15/2006,136693.0
2419,08/16/2006,136693.0
2420,08/17/2006,136693.0
2421,08/18/2006,136693.0
2422,08/19/2006,136693.0
2423,08/20/2006,136693.0
2424,08/21/2006,136693.0
2425,08/22/2006,136693.0
2426,08/23/2006,136693.0
2427,08/24/2006,136693.0
2428,08/25/2006,136693.0
2429,08/26/2006,136693.0
2430,08/27/2006,136693.0
2431,08/28/2006,136693.0
2432,08/29/2006,136693.0
2433,08/30/2006,136693.0
2434,08/31/2006,136693.0
2435,09/01/2006,136829.0
2436,09/02/2006,136829.0
2437,09/03/2006,136829.0
2438,09/04/2006,136829.0
2439,09/05/2006,136829.0
2440,09/06/2006,136829.0
2441,09/07/2006,136829.0
2442,09/08/2006,136829.0
2443,09/09/2006,136829.0
2444,09/10/2006,136829.0
2445,09/11/2006,136829.0
2446,09/12/2006,136829.0
2447,09/13/2006,136829.0
2448,09/14/2006,136829.0
2449,09/15/2006,136829.0
2450,09/16/2006,136829.0
2451,09/17/2006,136829.0
2452,09/18/2006,136829.0
2453,09/19/2006,136829.0
2454,09/20/2006,136829.0
2455,09/21/2006,136829.0
2456,09/22/2006,136829.0
2457,09/23/2006,136829.0
2458,09/24/2006,136829.0
2459,09/25/2006,136829.0
2460,09/26/2006,136829.0
2461,09/27/2006,136829.0
2462,09/28/2006,136829.0
2463,09/29/2006,136829.0
2464,09/30/2006,136829.0
2465,10/01/2006,136846.0
2466,10/02/2006,136846.0
2467,10/03/2006,136846.0
2468,10/04/2006,136846.0
2469,10/05/2006,136846.0
2470,10/06/2006,136846.0
2471,10/07/2006,136846.0
2472,10/08/2006,136846.0
2473,10/09/2006,136846.0
2474,10/10/2006,136846.0
2475,10/11/2006,136846.0
2476,10/12/2006,136846.0
2477,10/13/2006,136846.0
2478,10/14/2006,136846.0
2479,10/15/2006,136846.0
2480,10/16/2006,136846.0
2481,10/17/2006,136846.0
2482,10/18/2006,136846.0
2483,10/19/2006,136846.0
2484,10/20/2006,136846.0
2485,10/21/2006,136846.0
2486,10/22/2006,136846.0
2487,10/23/2006,136846.0
2488,10/24/2006,136846.0
2489,10/25/2006,136846.0
2490,10/26/2006,136846.0
2491,10/27/2006,136846.0
2492,10/28/2006,136846.0
2493,10/29/2006,136846.0
2494,10/30/2006,136846.0
2495,10/31/2006,136846.0
2496,11/01/2006,137061.0
2497,11/02/2006,137061.0
2498,11/03/2006,137061.0
2499,11/04/2006,137061.0
2500,11/05/2006,137061.0
2501,11/06/2006,137061.0
2502,11/07/2006,137061.0
2503,11/08/2006,137061.0
2504,11/09/2006,137061.0
2505,11/10/2006,137061.0
2506,11/11/2006,137061.0
2507,11/12/2006,137061.0
2508,11/13/2006,137061.0
2509,11/14/2006,137061.0
2510,11/15/2006,137061.0
2511,11/16/2006,137061.0
2512,11/17/2006,137061.0
2513,11/18/2006,137061.0
2514,11/19/2006,137061.0
2515,11/20/2006,137061.0
2516,11/21/2006,137061.0
2517,11/22/2006,137061.0
2518,11/23/2006,137061.0
2519,11/24/2006,137061.0
2520,11/25/2006,137061.0
2521,11/26/2006,137061.0
2522,11/27/2006,137061.0
2523,11/28/2006,137061.0
2524,11/29/2006,137061.0
2525,11/30/2006,137061.0
2526,12/01/2006,137249.0
2527,12/02/2006,137249.0
2528,12/03/2006,137249.0
2529,12/04/2006,137249.0
2530,12/05/2006,137249.0
2531,12/06/2006,137249.0
2532,12/07/2006,137249.0
2533,12/08/2006,137249.0
2534,12/09/2006,137249.0
2535,12/10/2006,137249.0
2536,12/11/2006,137249.0
2537,12/12/2006,137249.0
2538,12/13/2006,137249.0
2539,12/14/2006,137249.0
2540,12/15/2006,137249.0
2541,12/16/2006,137249.0
2542,12/17/2006,137249.0
2543,12/18/2006,137249.0
2544,12/19/2006,137249.0
2545,12/20/2006,137249.0
2546,12/21/2006,137249.0
2547,12/22/2006,137249.0
2548,12/23/2006,137249.0
2549,12/24/2006,137249.0
2550,12/25/2006,137249.0
2551,12/26/2006,137249.0
2552,12/27/2006,137249.0
2553,12/28/2006,137249.0
2554,12/29/2006,137249.0
2555,12/30/2006,137249.0
2556,12/31/2006,137249.0
2557,01/01/2007,137472.0
2558,01/02/2007,137472.0
2559,01/03/2007,137472.0
2560,01/04/2007,137472.0
2561,01/05/2007,137472.0
2562,01/06/2007,137472.0
2563,01/07/2007,137472.0
2564,01/08/2007,137472.0
2565,01/09/2007,137472.0
2566,01/10/2007,137472.0
2567,01/11/2007,137472.0
2568,01/12/2007,137472.0
2569,01/13/2007,137472.0
2570,01/14/2007,137472.0
2571,01/15/2007,137472.0
2572,01/16/2007,137472.0
2573,01/17/2007,137472.0
2574,01/18/2007,137472.0
2575,01/19/2007,137472.0
2576,01/20/2007,137472.0
2577,01/21/2007,137472.0
2578,01/22/2007,137472.0
2579,01/23/2007,137472.0
2580,01/24/2007,137472.0
2581,01/25/2007,137472.0
2582,01/26/2007,137472.0
2583,01/27/2007,137472.0
2584,01/28/2007,137472.0
2585,01/29/2007,137472.0
2586,01/30/2007,137472.0
2587,01/31/2007,137472.0
2588,02/01/2007,137558.0
2589,02/02/2007,137558.0
2590,02/03/2007,137558.0
2591,02/04/2007,137558.0
2592,02/05/2007,137558.0
2593,02/06/2007,137558.0
2594,02/07/2007,137558.0
2595,02/08/2007,137558.0
2596,02/09/2007,137558.0
2597,02/10/2007,137558.0
2598,02/11/2007,137558.0
2599,02/12/2007,137558.0
2600,02/13/2007,137558.0
2601,02/14/2007,137558.0
2602,02/15/2007,137558.0
2603,02/16/2007,137558.0
2604,02/17/2007,137558.0
2605,02/18/2007,137558.0
2606,02/19/2007,137558.0
2607,02/20/2007,137558.0
2608,02/21/2007,137558.0
2609,02/22/2007,137558.0
2610,02/23/2007,137558.0
2611,02/24/2007,137558.0
2612,02/25/2007,137558.0
2613,02/26/2007,137558.0
2614,02/27/2007,137558.0
2615,02/28/2007,137558.0
2616,03/01/2007,137782.0
2617,03/02/2007,137782.0
2618,03/03/2007,137782.0
2619,03/04/2007,137782.0
2620,03/05/2007,137782.0
2621,03/06/2007,137782.0
2622,03/07/2007,137782.0
2623,03/08/2007,137782.0
2624,03/09/2007,137782.0
2625,03/10/2007,137782.0
2626,03/11/2007,137782.0
2627,03/12/2007,137782.0
2628,03/13/2007,137782.0
2629,03/14/2007,137782.0
2630,03/15/2007,137782.0
2631,03/16/2007,137782.0
2632,03/17/2007,137782.0
2633,03/18/2007,137782.0
2634,03/19/2007,137782.0
2635,03/20/2007,137782.0
2636,03/21/2007,137782.0
2637,03/22/2007,137782.0
2638,03/23/2007,137782.0
2639,03/24/2007,137782.0
2640,03/25/2007,137782.0
2641,03/26/2007,137782.0
2642,03/27/2007,137782.0
2643,03/28/2007,137782.0
2644,03/29/2007,137782.0
2645,03/30/2007,137782.0
2646,03/31/2007,137782.0
2647,04/01/2007,137845.0
2648,04/02/2007,137845.0
2649,04/03/2007,137845.0
2650,04/04/2007,137845.0
2651,04/05/2007,137845.0
2652,04/06/2007,137845.0
2653,04/07/2007,137845.0
2654,04/08/2007,137845.0
2655,04/09/2007,137845.0
2656,04/10/2007,137845.0
2657,04/11/2007,137845.0
2658,04/12/2007,137845.0
2659,04/13/2007,137845.0
2660,04/14/2007,137845.0
2661,04/15/2007,137845.0
2662,04/16/2007,137845.0
2663,04/17/2007,137845.0
2664,04/18/2007,137845.0
2665,04/19/2007,137845.0
2666,04/20/2007,137845.0
2667,04/21/2007,137845.0
2668,04/22/2007,137845.0
2669,04/23/2007,137845.0
2670,04/24/2007,137845.0
2671,04/25/2007,137845.0
2672,04/26/2007,137845.0
2673,04/27/2007,137845.0
2674,04/28/2007,137845.0
2675,04/29/2007,137845.0
2676,04/30/2007,137845.0
2677,05/01/2007,137993.0
2678,05/02/2007,137993.0
2679,05/03/2007,137993.0
2680,05/04/2007,137993.0
2681,05/05/2007,137993.0
2682,05/06/2007,137993.0
2683,05/07/2007,137993.0
2684,05/08/2007,137993.0
2685,05/09/2007,137993.0
2686,05/10/2007,137993.0
2687,05/11/2007,137993.0
2688,05/12/2007,137993.0
2689,05/13/2007,137993.0
2690,05/14/2007,137993.0
2691,05/15/2007,137993.0
2692,05/16/2007,137993.0
2693,05/17/2007,137993.0
2694,05/18/2007,137993.0
2695,05/19/2007,137993.0
2696,05/20/2007,137993.0
2697,05/21/2007,137993.0
2698,05/22/2007,137993.0
2699,05/23/2007,137993.0
2700,05/24/2007,137993.0
2701,05/25/2007,137993.0
2702,05/26/2007,137993.0
2703,05/27/2007,137993.0
2704,05/28/2007,137993.0
2705,05/29/2007,137993.0
2706,05/30/2007,137993.0
2707,05/31/2007,137993.0
2708,06/01/2007,138069.0
2709,06/02/2007,138069.0
2710,06/03/2007,138069.0
2711,06/04/2007,138069.0
2712,06/05/2007,138069.0
2713,06/06/2007,138069.0
2714,06/07/2007,138069.0
2715,06/08/2007,138069.0
2716,06/09/2007,138069.0
2717,06/10/2007,138069.0
2718,06/11/2007,138069.0
2719,06/12/2007,138069.0
2720,06/13/2007,138069.0
2721,06/14/2007,138069.0
2722,06/15/2007,138069.0
2723,06/16/2007,138069.0
2724,06/17/2007,138069.0
2725,06/18/2007,138069.0
2726,06/19/2007,138069.0
2727,06/20/2007,138069.0
2728,06/21/2007,138069.0
2729,06/22/2007,138069.0
2730,06/23/2007,138069.0
2731,06/24/2007,138069.0
2732,06/25/2007,138069.0
2733,06/26/2007,138069.0
2734,06/27/2007,138069.0
2735,06/28/2007,138069.0
2736,06/29/2007,138069.0
2737,06/30/2007,138069.0
2738,07/01/2007,138044.0
2739,07/02/2007,138044.0
2740,07/03/2007,138044.0
2741,07/04/2007,138044.0
2742,07/05/2007,138044.0
2743,07/06/2007,138044.0
2744,07/07/2007,138044.0
2745,07/08/2007,138044.0
2746,07/09/2007,138044.0
2747,07/10/2007,138044.0
2748,07/11/2007,138044.0
2749,07/12/2007,138044.0
2750,07/13/2007,138044.0
2751,07/14/2007,138044.0
2752,07/15/2007,138044.0
2753,07/16/2007,138044.0
2754,07/17/2007,138044.0
2755,07/18/2007,138044.0
2756,07/19/2007,138044.0
2757,07/20/2007,138044.0
2758,07/21/2007,138044.0
2759,07/22/2007,138044.0
2760,07/23/2007,138044.0
2761,07/24/2007,138044.0
2762,07/25/2007,138044.0
2763,07/26/2007,138044.0
2764,07/27/2007,138044.0
2765,07/28/2007,138044.0
2766,07/29/2007,138044.0
2767,07/30/2007,138044.0
2768,07/31/2007,138044.0
2769,08/01/2007,138013.0
2770,08/02/2007,138013.0
2771,08/03/2007,138013.0
2772,08/04/2007,138013.0
2773,08/05/2007,138013.0
2774,08/06/2007,138013.0
2775,08/07/2007,138013.0
2776,08/08/2007,138013.0
2777,08/09/2007,138013.0
2778,08/10/2007,138013.0
2779,08/11/2007,138013.0
2780,08/12/2007,138013.0
2781,08/13/2007,138013.0
2782,08/14/2007,138013.0
2783,08/15/2007,138013.0
2784,08/16/2007,138013.0
2785,08/17/2007,138013.0
2786,08/18/2007,138013.0
2787,08/19/2007,138013.0
2788,08/20/2007,138013.0
2789,08/21/2007,138013.0
2790,08/22/2007,138013.0
2791,08/23/2007,138013.0
2792,08/24/2007,138013.0
2793,08/25/2007,138013.0
2794,08/26/2007,138013.0
2795,08/27/2007,138013.0
2796,08/28/2007,138013.0
2797,08/29/2007,138013.0
2798,08/30/2007,138013.0
2799,08/31/2007,138013.0
2800,09/01/2007,138101.0
2801,09/02/2007,138101.0
2802,09/03/2007,138101.0
2803,09/04/2007,138101.0
2804,09/05/2007,138101.0
2805,09/06/2007,138101.0
2806,09/07/2007,138101.0
2807,09/08/2007,138101.0
2808,09/09/2007,138101.0
2809,09/10/2007,138101.0
2810,09/11/2007,138101.0
2811,09/12/2007,138101.0
2812,09/13/2007,138101.0
2813,09/14/2007,138101.0
2814,09/15/2007,138101.0
2815,09/16/2007,138101.0
2816,09/17/2007,138101.0
2817,09/18/2007,138101.0
2818,09/19/2007,138101.0
2819,09/20/2007,138101.0
2820,09/21/2007,138101.0
2821,09/22/2007,138101.0
2822,09/23/2007,138101.0
2823,09/24/2007,138101.0
2824,09/25/2007,138101.0
2825,09/26/2007,138101.0
2826,09/27/2007,138101.0
2827,09/28/2007,138101.0
2828,09/29/2007,138101.0
2829,09/30/2007,138101.0
2830,10/01/2007,138177.0
2831,10/02/2007,138177.0
2832,10/03/2007,138177.0
2833,10/04/2007,138177.0
2834,10/05/2007,138177.0
2835,10/06/2007,138177.0
2836,10/07/2007,138177.0
2837,10/08/2007,138177.0
2838,10/09/2007,138177.0
2839,10/10/2007,138177.0
2840,10/11/2007,138177.0
2841,10/12/2007,138177.0
2842,10/13/2007,138177.0
2843,10/14/2007,138177.0
2844,10/15/2007,138177.0
2845,10/16/2007,138177.0
2846,10/17/2007,138177.0
2847,10/18/2007,138177.0
2848,10/19/2007,138177.0
2849,10/20/2007,138177.0
2850,10/21/2007,138177.0
2851,10/22/2007,138177.0
2852,10/23/2007,138177.0
2853,10/24/2007,138177.0
2854,10/25/2007,138177.0
2855,10/26/2007,138177.0
2856,10/27/2007,138177.0
2857,10/28/2007,138177.0
2858,10/29/2007,138177.0
2859,10/30/2007,138177.0
2860,10/31/2007,138177.0
2861,11/01/2007,138291.0
2862,11/02/2007,138291.0
2863,11/03/2007,138291.0
2864,11/04/2007,138291.0
2865,11/05/2007,138291.0
2866,11/06/2007,138291.0
2867,11/07/2007,138291.0
2868,11/08/2007,138291.0
2869,11/09/2007,138291.0
2870,11/10/2007,138291.0
2871,11/11/2007,138291.0
2872,11/12/2007,138291.0
2873,11/13/2007,138291.0
2874,11/14/2007,138291.0
2875,11/15/2007,138291.0
2876,11/16/2007,138291.0
2877,11/17/2007,138291.0
2878,11/18/2007,138291.0
2879,11/19/2007,138291.0
2880,11/20/2007,138291.0
2881,11/21/2007,138291.0
2882,11/22/2007,138291.0
2883,11/23/2007,138291.0
2884,11/24/2007,138291.0
2885,11/25/2007,138291.0
2886,11/26/2007,138291.0
2887,11/27/2007,138291.0
2888,11/28/2007,138291.0
2889,11/29/2007,138291.0
2890,11/30/2007,138291.0
2891,12/01/2007,138395.0
2892,12/02/2007,138395.0
2893,12/03/2007,138395.0
2894,12/04/2007,138395.0
2895,12/05/2007,138395.0
2896,12/06/2007,138395.0
2897,12/07/2007,138395.0
2898,12/08/2007,138395.0
2899,12/09/2007,138395.0
2900,12/10/2007,138395.0
2901,12/11/2007,138395.0
2902,12/12/2007,138395.0
2903,12/13/2007,138395.0
2904,12/14/2007,138395.0
2905,12/15/2007,138395.0
2906,12/16/2007,138395.0
2907,12/17/2007,138395.0
2908,12/18/2007,138395.0
2909,12/19/2007,138395.0
2910,12/20/2007,138395.0
2911,12/21/2007,138395.0
2912,12/22/2007,138395.0
2913,12/23/2007,138395.0
2914,12/24/2007,138395.0
2915,12/25/2007,138395.0
2916,12/26/2007,138395.0
2917,12/27/2007,138395.0
2918,12/28/2007,138395.0
2919,12/29/2007,138395.0
2920,12/30/2007,138395.0
2921,12/31/2007,138395.0
2922,01/01/2008,138391.0
2923,01/02/2008,138391.0
2924,01/03/2008,138391.0
2925,01/04/2008,138391.0
2926,01/05/2008,138391.0
2927,01/06/2008,138391.0
2928,01/07/2008,138391.0
2929,01/08/2008,138391.0
2930,01/09/2008,138391.0
2931,01/10/2008,138391.0
2932,01/11/2008,138391.0
2933,01/12/2008,138391.0
2934,01/13/2008,138391.0
2935,01/14/2008,138391.0
2936,01/15/2008,138391.0
2937,01/16/2008,138391.0
2938,01/17/2008,138391.0
2939,01/18/2008,138391.0
2940,01/19/2008,138391.0
2941,01/20/2008,138391.0
2942,01/21/2008,138391.0
2943,01/22/2008,138391.0
2944,01/23/2008,138391.0
2945,01/24/2008,138391.0
2946,01/25/2008,138391.0
2947,01/26/2008,138391.0
2948,01/27/2008,138391.0
2949,01/28/2008,138391.0
2950,01/29/2008,138391.0
2951,01/30/2008,138391.0
2952,01/31/2008,138391.0
2953,02/01/2008,138327.0
2954,02/02/2008,138327.0
2955,02/03/2008,138327.0
2956,02/04/2008,138327.0
2957,02/05/2008,138327.0
2958,02/06/2008,138327.0
2959,02/07/2008,138327.0
2960,02/08/2008,138327.0
2961,02/09/2008,138327.0
2962,02/10/2008,138327.0
2963,02/11/2008,138327.0
2964,02/12/2008,138327.0
2965,02/13/2008,138327.0
2966,02/14/2008,138327.0
2967,02/15/2008,138327.0
2968,02/16/2008,138327.0
2969,02/17/2008,138327.0
2970,02/18/2008,138327.0
2971,02/19/2008,138327.0
2972,02/20/2008,138327.0
2973,02/21/2008,138327.0
2974,02/22/2008,138327.0
2975,02/23/2008,138327.0
2976,02/24/2008,138327.0
2977,02/25/2008,138327.0
2978,02/26/2008,138327.0
2979,02/27/2008,138327.0
2980,02/28/2008,138327.0
2981,02/29/2008,138327.0
2982,03/01/2008,138257.0
2983,03/02/2008,138257.0
2984,03/03/2008,138257.0
2985,03/04/2008,138257.0
2986,03/05/2008,138257.0
2987,03/06/2008,138257.0
2988,03/07/2008,138257.0
2989,03/08/2008,138257.0
2990,03/09/2008,138257.0
2991,03/10/2008,138257.0
2992,03/11/2008,138257.0
2993,03/12/2008,138257.0
2994,03/13/2008,138257.0
2995,03/14/2008,138257.0
2996,03/15/2008,138257.0
2997,03/16/2008,138257.0
2998,03/17/2008,138257.0
2999,03/18/2008,138257.0
3000,03/19/2008,138257.0
3001,03/20/2008,138257.0
3002,03/21/2008,138257.0
3003,03/22/2008,138257.0
3004,03/23/2008,138257.0
3005,03/24/2008,138257.0
3006,03/25/2008,138257.0
3007,03/26/2008,138257.0
3008,03/27/2008,138257.0
3009,03/28/2008,138257.0
3010,03/29/2008,138257.0
3011,03/30/2008,138257.0
3012,03/31/2008,138257.0
3013,04/01/2008,138038.0
3014,04/02/2008,138038.0
3015,04/03/2008,138038.0
3016,04/04/2008,138038.0
3017,04/05/2008,138038.0
3018,04/06/2008,138038.0
3019,04/07/2008,138038.0
3020,04/08/2008,138038.0
3021,04/09/2008,138038.0
3022,04/10/2008,138038.0
3023,04/11/2008,138038.0
3024,04/12/2008,138038.0
3025,04/13/2008,138038.0
3026,04/14/2008,138038.0
3027,04/15/2008,138038.0
3028,04/16/2008,138038.0
3029,04/17/2008,138038.0
3030,04/18/2008,138038.0
3031,04/19/2008,138038.0
3032,04/20/2008,138038.0
3033,04/21/2008,138038.0
3034,04/22/2008,138038.0
3035,04/23/2008,138038.0
3036,04/24/2008,138038.0
3037,04/25/2008,138038.0
3038,04/26/2008,138038.0
3039,04/27/2008,138038.0
3040,04/28/2008,138038.0
3041,04/29/2008,138038.0
3042,04/30/2008,138038.0
3043,05/01/2008,137851.0
3044,05/02/2008,137851.0
3045,05/03/2008,137851.0
3046,05/04/2008,137851.0
3047,05/05/2008,137851.0
3048,05/06/2008,137851.0
3049,05/07/2008,137851.0
3050,05/08/2008,137851.0
3051,05/09/2008,137851.0
3052,05/10/2008,137851.0
3053,05/11/2008,137851.0
3054,05/12/2008,137851.0
3055,05/13/2008,137851.0
3056,05/14/2008,137851.0
3057,05/15/2008,137851.0
3058,05/16/2008,137851.0
3059,05/17/2008,137851.0
3060,05/18/2008,137851.0
3061,05/19/2008,137851.0
3062,05/20/2008,137851.0
3063,05/21/2008,137851.0
3064,05/22/2008,137851.0
3065,05/23/2008,137851.0
3066,05/24/2008,137851.0
3067,05/25/2008,137851.0
3068,05/26/2008,137851.0
3069,05/27/2008,137851.0
3070,05/28/2008,137851.0
3071,05/29/2008,137851.0
3072,05/30/2008,137851.0
3073,05/31/2008,137851.0
3074,06/01/2008,137698.0
3075,06/02/2008,137698.0
3076,06/03/2008,137698.0
3077,06/04/2008,137698.0
3078,06/05/2008,137698.0
3079,06/06/2008,137698.0
3080,06/07/2008,137698.0
3081,06/08/2008,137698.0
3082,06/09/2008,137698.0
3083,06/10/2008,137698.0
3084,06/11/2008,137698.0
3085,06/12/2008,137698.0
3086,06/13/2008,137698.0
3087,06/14/2008,137698.0
3088,06/15/2008,137698.0
3089,06/16/2008,137698.0
3090,06/17/2008,137698.0
3091,06/18/2008,137698.0
3092,06/19/2008,137698.0
3093,06/20/2008,137698.0
3094,06/21/2008,137698.0
3095,06/22/2008,137698.0
3096,06/23/2008,137698.0
3097,06/24/2008,137698.0
3098,06/25/2008,137698.0
3099,06/26/2008,137698.0
3100,06/27/2008,137698.0
3101,06/28/2008,137698.0
3102,06/29/2008,137698.0
3103,06/30/2008,137698.0
3104,07/01/2008,137498.0
3105,07/02/2008,137498.0
3106,07/03/2008,137498.0
3107,07/04/2008,137498.0
3108,07/05/2008,137498.0
3109,07/06/2008,137498.0
3110,07/07/2008,137498.0
3111,07/08/2008,137498.0
3112,07/09/2008,137498.0
3113,07/10/2008,137498.0
3114,07/11/2008,137498.0
3115,07/12/2008,137498.0
3116,07/13/2008,137498.0
3117,07/14/2008,137498.0
3118,07/15/2008,137498.0
3119,07/16/2008,137498.0
3120,07/17/2008,137498.0
3121,07/18/2008,137498.0
3122,07/19/2008,137498.0
3123,07/20/2008,137498.0
3124,07/21/2008,137498.0
3125,07/22/2008,137498.0
3126,07/23/2008,137498.0
3127,07/24/2008,137498.0
3128,07/25/2008,137498.0
3129,07/26/2008,137498.0
3130,07/27/2008,137498.0
3131,07/28/2008,137498.0
3132,07/29/2008,137498.0
3133,07/30/2008,137498.0
3134,07/31/2008,137498.0
3135,08/01/2008,137211.0
3136,08/02/2008,137211.0
3137,08/03/2008,137211.0
3138,08/04/2008,137211.0
3139,08/05/2008,137211.0
3140,08/06/2008,137211.0
3141,08/07/2008,137211.0
3142,08/08/2008,137211.0
3143,08/09/2008,137211.0
3144,08/10/2008,137211.0
3145,08/11/2008,137211.0
3146,08/12/2008,137211.0
3147,08/13/2008,137211.0
3148,08/14/2008,137211.0
3149,08/15/2008,137211.0
3150,08/16/2008,137211.0
3151,08/17/2008,137211.0
3152,08/18/2008,137211.0
3153,08/19/2008,137211.0
3154,08/20/2008,137211.0
3155,08/21/2008,137211.0
3156,08/22/2008,137211.0
3157,08/23/2008,137211.0
3158,08/24/2008,137211.0
3159,08/25/2008,137211.0
3160,08/26/2008,137211.0
3161,08/27/2008,137211.0
3162,08/28/2008,137211.0
3163,08/29/2008,137211.0
3164,08/30/2008,137211.0
3165,08/31/2008,137211.0
3166,09/01/2008,136762.0
3167,09/02/2008,136762.0
3168,09/03/2008,136762.0
3169,09/04/2008,136762.0
3170,09/05/2008,136762.0
3171,09/06/2008,136762.0
3172,09/07/2008,136762.0
3173,09/08/2008,136762.0
3174,09/09/2008,136762.0
3175,09/10/2008,136762.0
3176,09/11/2008,136762.0
3177,09/12/2008,136762.0
3178,09/13/2008,136762.0
3179,09/14/2008,136762.0
3180,09/15/2008,136762.0
3181,09/16/2008,136762.0
3182,09/17/2008,136762.0
3183,09/18/2008,136762.0
3184,09/19/2008,136762.0
3185,09/20/2008,136762.0
3186,09/21/2008,136762.0
3187,09/22/2008,136762.0
3188,09/23/2008,136762.0
3189,09/24/2008,136762.0
3190,09/25/2008,136762.0
3191,09/26/2008,136762.0
3192,09/27/2008,136762.0
3193,09/28/2008,136762.0
3194,09/29/2008,136762.0
3195,09/30/2008,136762.0
3196,10/01/2008,136293.0
3197,10/02/2008,136293.0
3198,10/03/2008,136293.0
3199,10/04/2008,136293.0
3200,10/05/2008,136293.0
3201,10/06/2008,136293.0
3202,10/07/2008,136293.0
3203,10/08/2008,136293.0
3204,10/09/2008,136293.0
3205,10/10/2008,136293.0
3206,10/11/2008,136293.0
3207,10/12/2008,136293.0
3208,10/13/2008,136293.0
3209,10/14/2008,136293.0
3210,10/15/2008,136293.0
3211,10/16/2008,136293.0
3212,10/17/2008,136293.0
3213,10/18/2008,136293.0
3214,10/19/2008,136293.0
3215,10/20/2008,136293.0
3216,10/21/2008,136293.0
3217,10/22/2008,136293.0
3218,10/23/2008,136293.0
3219,10/24/2008,136293.0
3220,10/25/2008,136293.0
3221,10/26/2008,136293.0
3222,10/27/2008,136293.0
3223,10/28/2008,136293.0
3224,10/29/2008,136293.0
3225,10/30/2008,136293.0
3226,10/31/2008,136293.0
3227,11/01/2008,135543.0
3228,11/02/2008,135543.0
3229,11/03/2008,135543.0
3230,11/04/2008,135543.0
3231,11/05/2008,135543.0
3232,11/06/2008,135543.0
3233,11/07/2008,135543.0
3234,11/08/2008,135543.0
3235,11/09/2008,135543.0
3236,11/10/2008,135543.0
3237,11/11/2008,135543.0
3238,11/12/2008,135543.0
3239,11/13/2008,135543.0
3240,11/14/2008,135543.0
3241,11/15/2008,135543.0
3242,11/16/2008,135543.0
3243,11/17/2008,135543.0
3244,11/18/2008,135543.0
3245,11/19/2008,135543.0
3246,11/20/2008,135543.0
3247,11/21/2008,135543.0
3248,11/22/2008,135543.0
3249,11/23/2008,135543.0
3250,11/24/2008,135543.0
3251,11/25/2008,135543.0
3252,11/26/2008,135543.0
3253,11/27/2008,135543.0
3254,11/28/2008,135543.0
3255,11/29/2008,135543.0
3256,11/30/2008,135543.0
3257,12/01/2008,134847.0
3258,12/02/2008,134847.0
3259,12/03/2008,134847.0
3260,12/04/2008,134847.0
3261,12/05/2008,134847.0
3262,12/06/2008,134847.0
3263,12/07/2008,134847.0
3264,12/08/2008,134847.0
3265,12/09/2008,134847.0
3266,12/10/2008,134847.0
3267,12/11/2008,134847.0
3268,12/12/2008,134847.0
3269,12/13/2008,134847.0
3270,12/14/2008,134847.0
3271,12/15/2008,134847.0
3272,12/16/2008,134847.0
3273,12/17/2008,134847.0
3274,12/18/2008,134847.0
3275,12/19/2008,134847.0
3276,12/20/2008,134847.0
3277,12/21/2008,134847.0
3278,12/22/2008,134847.0
3279,12/23/2008,134847.0
3280,12/24/2008,134847.0
3281,12/25/2008,134847.0
3282,12/26/2008,134847.0
3283,12/27/2008,134847.0
3284,12/28/2008,134847.0
3285,12/29/2008,134847.0
3286,12/30/2008,134847.0
3287,12/31/2008,134847.0
3288,01/01/2009,134078.0
3289,01/02/2009,134078.0
3290,01/03/2009,134078.0
3291,01/04/2009,134078.0
3292,01/05/2009,134078.0
3293,01/06/2009,134078.0
3294,01/07/2009,134078.0
3295,01/08/2009,134078.0
3296,01/09/2009,134078.0
3297,01/10/2009,134078.0
3298,01/11/2009,134078.0
3299,01/12/2009,134078.0
3300,01/13/2009,134078.0
3301,01/14/2009,134078.0
3302,01/15/2009,134078.0
3303,01/16/2009,134078.0
3304,01/17/2009,134078.0
3305,01/18/2009,134078.0
3306,01/19/2009,134078.0
3307,01/20/2009,134078.0
3308,01/21/2009,134078.0
3309,01/22/2009,134078.0
3310,01/23/2009,134078.0
3311,01/24/2009,134078.0
3312,01/25/2009,134078.0
3313,01/26/2009,134078.0
3314,01/27/2009,134078.0
3315,01/28/2009,134078.0
3316,01/29/2009,134078.0
3317,01/30/2009,134078.0
3318,01/31/2009,134078.0
3319,02/01/2009,133317.0
3320,02/02/2009,133317.0
3321,02/03/2009,133317.0
3322,02/04/2009,133317.0
3323,02/05/2009,133317.0
3324,02/06/2009,133317.0
3325,02/07/2009,133317.0
3326,02/08/2009,133317.0
3327,02/09/2009,133317.0
3328,02/10/2009,133317.0
3329,02/11/2009,133317.0
3330,02/12/2009,133317.0
3331,02/13/2009,133317.0
3332,02/14/2009,133317.0
3333,02/15/2009,133317.0
3334,02/16/2009,133317.0
3335,02/17/2009,133317.0
3336,02/18/2009,133317.0
3337,02/19/2009,133317.0
3338,02/20/2009,133317.0
3339,02/21/2009,133317.0
3340,02/22/2009,133317.0
3341,02/23/2009,133317.0
3342,02/24/2009,133317.0
3343,02/25/2009,133317.0
3344,02/26/2009,133317.0
3345,02/27/2009,133317.0
3346,02/28/2009,133317.0
3347,03/01/2009,132492.0
3348,03/02/2009,132492.0
3349,03/03/2009,132492.0
3350,03/04/2009,132492.0
3351,03/05/2009,132492.0
3352,03/06/2009,132492.0
3353,03/07/2009,132492.0
3354,03/08/2009,132492.0
3355,03/09/2009,132492.0
3356,03/10/2009,132492.0
3357,03/11/2009,132492.0
3358,03/12/2009,132492.0
3359,03/13/2009,132492.0
3360,03/14/2009,132492.0
3361,03/15/2009,132492.0
3362,03/16/2009,132492.0
3363,03/17/2009,132492.0
3364,03/18/2009,132492.0
3365,03/19/2009,132492.0
3366,03/20/2009,132492.0
3367,03/21/2009,132492.0
3368,03/22/2009,132492.0
3369,03/23/2009,132492.0
3370,03/24/2009,132492.0
3371,03/25/2009,132492.0
3372,03/26/2009,132492.0
3373,03/27/2009,132492.0
3374,03/28/2009,132492.0
3375,03/29/2009,132492.0
3376,03/30/2009,132492.0
3377,03/31/2009,132492.0
3378,04/01/2009,131821.0
3379,04/02/2009,131821.0
3380,04/03/2009,131821.0
3381,04/04/2009,131821.0
3382,04/05/2009,131821.0
3383,04/06/2009,131821.0
3384,04/07/2009,131821.0
3385,04/08/2009,131821.0
3386,04/09/2009,131821.0
3387,04/10/2009,131821.0
3388,04/11/2009,131821.0
3389,04/12/2009,131821.0
3390,04/13/2009,131821.0
3391,04/14/2009,131821.0
3392,04/15/2009,131821.0
3393,04/16/2009,131821.0
3394,04/17/2009,131821.0
3395,04/18/2009,131821.0
3396,04/19/2009,131821.0
3397,04/20/2009,131821.0
3398,04/21/2009,131821.0
3399,04/22/2009,131821.0
3400,04/23/2009,131821.0
3401,04/24/2009,131821.0
3402,04/25/2009,131821.0
3403,04/26/2009,131821.0
3404,04/27/2009,131821.0
3405,04/28/2009,131821.0
3406,04/29/2009,131821.0
3407,04/30/2009,131821.0
3408,05/01/2009,131468.0
3409,05/02/2009,131468.0
3410,05/03/2009,131468.0
3411,05/04/2009,131468.0
3412,05/05/2009,131468.0
3413,05/06/2009,131468.0
3414,05/07/2009,131468.0
3415,05/08/2009,131468.0
3416,05/09/2009,131468.0
3417,05/10/2009,131468.0
3418,05/11/2009,131468.0
3419,05/12/2009,131468.0
3420,05/13/2009,131468.0
3421,05/14/2009,131468.0
3422,05/15/2009,131468.0
3423,05/16/2009,131468.0
3424,05/17/2009,131468.0
3425,05/18/2009,131468.0
3426,05/19/2009,131468.0
3427,05/20/2009,131468.0
3428,05/21/2009,131468.0
3429,05/22/2009,131468.0
3430,05/23/2009,131468.0
3431,05/24/2009,131468.0
3432,05/25/2009,131468.0
3433,05/26/2009,131468.0
3434,05/27/2009,131468.0
3435,05/28/2009,131468.0
3436,05/29/2009,131468.0
3437,05/30/2009,131468.0
3438,05/31/2009,131468.0
3439,06/01/2009,131007.0
3440,06/02/2009,131007.0
3441,06/03/2009,131007.0
3442,06/04/2009,131007.0
3443,06/05/2009,131007.0
3444,06/06/2009,131007.0
3445,06/07/2009,131007.0
3446,06/08/2009,131007.0
3447,06/09/2009,131007.0
3448,06/10/2009,131007.0
3449,06/11/2009,131007.0
3450,06/12/2009,131007.0
3451,06/13/2009,131007.0
3452,06/14/2009,131007.0
3453,06/15/2009,131007.0
3454,06/16/2009,131007.0
3455,06/17/2009,131007.0
3456,06/18/2009,131007.0
3457,06/19/2009,131007.0
3458,06/20/2009,131007.0
3459,06/21/2009,131007.0
3460,06/22/2009,131007.0
3461,06/23/2009,131007.0
3462,06/24/2009,131007.0
3463,06/25/2009,131007.0
3464,06/26/2009,131007.0
3465,06/27/2009,131007.0
3466,06/28/2009,131007.0
3467,06/29/2009,131007.0
3468,06/30/2009,131007.0
3469,07/01/2009,130662.0
3470,07/02/2009,130662.0
3471,07/03/2009,130662.0
3472,07/04/2009,130662.0
3473,07/05/2009,130662.0
3474,07/06/2009,130662.0
3475,07/07/2009,130662.0
3476,07/08/2009,130662.0
3477,07/09/2009,130662.0
3478,07/10/2009,130662.0
3479,07/11/2009,130662.0
3480,07/12/2009,130662.0
3481,07/13/2009,130662.0
3482,07/14/2009,130662.0
3483,07/15/2009,130662.0
3484,07/16/2009,130662.0
3485,07/17/2009,130662.0
3486,07/18/2009,130662.0
3487,07/19/2009,130662.0
3488,07/20/2009,130662.0
3489,07/21/2009,130662.0
3490,07/22/2009,130662.0
3491,07/23/2009,130662.0
3492,07/24/2009,130662.0
3493,07/25/2009,130662.0
3494,07/26/2009,130662.0
3495,07/27/2009,130662.0
3496,07/28/2009,130662.0
3497,07/29/2009,130662.0
3498,07/30/2009,130662.0
3499,07/31/2009,130662.0
3500,08/01/2009,130472.0
3501,08/02/2009,130472.0
3502,08/03/2009,130472.0
3503,08/04/2009,130472.0
3504,08/05/2009,130472.0
3505,08/06/2009,130472.0
3506,08/07/2009,130472.0
3507,08/08/2009,130472.0
3508,08/09/2009,130472.0
3509,08/10/2009,130472.0
3510,08/11/2009,130472.0
3511,08/12/2009,130472.0
3512,08/13/2009,130472.0
3513,08/14/2009,130472.0
3514,08/15/2009,130472.0
3515,08/16/2009,130472.0
3516,08/17/2009,130472.0
3517,08/18/2009,130472.0
3518,08/19/2009,130472.0
3519,08/20/2009,130472.0
3520,08/21/2009,130472.0
3521,08/22/2009,130472.0
3522,08/23/2009,130472.0
3523,08/24/2009,130472.0
3524,08/25/2009,130472.0
3525,08/26/2009,130472.0
3526,08/27/2009,130472.0
3527,08/28/2009,130472.0
3528,08/29/2009,130472.0
3529,08/30/2009,130472.0
3530,08/31/2009,130472.0
3531,09/01/2009,130247.0
3532,09/02/2009,130247.0
3533,09/03/2009,130247.0
3534,09/04/2009,130247.0
3535,09/05/2009,130247.0
3536,09/06/2009,130247.0
3537,09/07/2009,130247.0
3538,09/08/2009,130247.0
3539,09/09/2009,130247.0
3540,09/10/2009,130247.0
3541,09/11/2009,130247.0
3542,09/12/2009,130247.0
3543,09/13/2009,130247.0
3544,09/14/2009,130247.0
3545,09/15/2009,130247.0
3546,09/16/2009,130247.0
3547,09/17/2009,130247.0
3548,09/18/2009,130247.0
3549,09/19/2009,130247.0
3550,09/20/2009,130247.0
3551,09/21/2009,130247.0
3552,09/22/2009,130247.0
3553,09/23/2009,130247.0
3554,09/24/2009,130247.0
3555,09/25/2009,130247.0
3556,09/26/2009,130247.0
3557,09/27/2009,130247.0
3558,09/28/2009,130247.0
3559,09/29/2009,130247.0
3560,09/30/2009,130247.0
3561,10/01/2009,130062.0
3562,10/02/2009,130062.0
3563,10/03/2009,130062.0
3564,10/04/2009,130062.0
3565,10/05/2009,130062.0
3566,10/06/2009,130062.0
3567,10/07/2009,130062.0
3568,10/08/2009,130062.0
3569,10/09/2009,130062.0
3570,10/10/2009,130062.0
3571,10/11/2009,130062.0
3572,10/12/2009,130062.0
3573,10/13/2009,130062.0
3574,10/14/2009,130062.0
3575,10/15/2009,130062.0
3576,10/16/2009,130062.0
3577,10/17/2009,130062.0
3578,10/18/2009,130062.0
3579,10/19/2009,130062.0
3580,10/20/2009,130062.0
3581,10/21/2009,130062.0
3582,10/22/2009,130062.0
3583,10/23/2009,130062.0
3584,10/24/2009,130062.0
3585,10/25/2009,130062.0
3586,10/26/2009,130062.0
3587,10/27/2009,130062.0
3588,10/28/2009,130062.0
3589,10/29/2009,130062.0
3590,10/30/2009,130062.0
3591,10/31/2009,130062.0
3592,11/01/2009,130058.0
3593,11/02/2009,130058.0
3594,11/03/2009,130058.0
3595,11/04/2009,130058.0
3596,11/05/2009,130058.0
3597,11/06/2009,130058.0
3598,11/07/2009,130058.0
3599,11/08/2009,130058.0
3600,11/09/2009,130058.0
3601,11/10/2009,130058.0
3602,11/11/2009,130058.0
3603,11/12/2009,130058.0
3604,11/13/2009,130058.0
3605,11/14/2009,130058.0
3606,11/15/2009,130058.0
3607,11/16/2009,130058.0
3608,11/17/2009,130058.0
3609,11/18/2009,130058.0
3610,11/19/2009,130058.0
3611,11/20/2009,130058.0
3612,11/21/2009,130058.0
3613,11/22/2009,130058.0
3614,11/23/2009,130058.0
3615,11/24/2009,130058.0
3616,11/25/2009,130058.0
3617,11/26/2009,130058.0
3618,11/27/2009,130058.0
3619,11/28/2009,130058.0
3620,11/29/2009,130058.0
3621,11/30/2009,130058.0
3622,12/01/2009,129808.0
3623,12/02/2009,129808.0
3624,12/03/2009,129808.0
3625,12/04/2009,129808.0
3626,12/05/2009,129808.0
3627,12/06/2009,129808.0
3628,12/07/2009,129808.0
3629,12/08/2009,129808.0
3630,12/09/2009,129808.0
3631,12/10/2009,129808.0
3632,12/11/2009,129808.0
3633,12/12/2009,129808.0
3634,12/13/2009,129808.0
3635,12/14/2009,129808.0
3636,12/15/2009,129808.0
3637,12/16/2009,129808.0
3638,12/17/2009,129808.0
3639,12/18/2009,129808.0
3640,12/19/2009,129808.0
3641,12/20/2009,129808.0
3642,12/21/2009,129808.0
3643,12/22/2009,129808.0
3644,12/23/2009,129808.0
3645,12/24/2009,129808.0
3646,12/25/2009,129808.0
3647,12/26/2009,129808.0
3648,12/27/2009,129808.0
3649,12/28/2009,129808.0
3650,12/29/2009,129808.0
3651,12/30/2009,129808.0
3652,12/31/2009,129808.0
3653,01/01/2010,129802.0
3654,01/02/2010,129802.0
3655,01/03/2010,129802.0
3656,01/04/2010,129802.0
3657,01/05/2010,129802.0
3658,01/06/2010,129802.0
3659,01/07/2010,129802.0
3660,01/08/2010,129802.0
3661,01/09/2010,129802.0
3662,01/10/2010,129802.0
3663,01/11/2010,129802.0
3664,01/12/2010,129802.0
3665,01/13/2010,129802.0
3666,01/14/2010,129802.0
3667,01/15/2010,129802.0
3668,01/16/2010,129802.0
3669,01/17/2010,129802.0
3670,01/18/2010,129802.0
3671,01/19/2010,129802.0
3672,01/20/2010,129802.0
3673,01/21/2010,129802.0
3674,01/22/2010,129802.0
3675,01/23/2010,129802.0
3676,01/24/2010,129802.0
3677,01/25/2010,129802.0
3678,01/26/2010,129802.0
3679,01/27/2010,129802.0
3680,01/28/2010,129802.0
3681,01/29/2010,129802.0
3682,01/30/2010,129802.0
3683,01/31/2010,129802.0
3684,02/01/2010,129705.0
3685,02/02/2010,129705.0
3686,02/03/2010,129705.0
3687,02/04/2010,129705.0
3688,02/05/2010,129705.0
3689,02/06/2010,129705.0
3690,02/07/2010,129705.0
3691,02/08/2010,129705.0
3692,02/09/2010,129705.0
3693,02/10/2010,129705.0
3694,02/11/2010,129705.0
3695,02/12/2010,129705.0
3696,02/13/2010,129705.0
3697,02/14/2010,129705.0
3698,02/15/2010,129705.0
3699,02/16/2010,129705.0
3700,02/17/2010,129705.0
3701,02/18/2010,129705.0
3702,02/19/2010,129705.0
3703,02/20/2010,129705.0
3704,02/21/2010,129705.0
3705,02/22/2010,129705.0
3706,02/23/2010,129705.0
3707,02/24/2010,129705.0
3708,02/25/2010,129705.0
3709,02/26/2010,129705.0
3710,02/27/2010,129705.0
3711,02/28/2010,129705.0
3712,03/01/2010,129865.0
3713,03/02/2010,129865.0
3714,03/03/2010,129865.0
3715,03/04/2010,129865.0
3716,03/05/2010,129865.0
3717,03/06/2010,129865.0
3718,03/07/2010,129865.0
3719,03/08/2010,129865.0
3720,03/09/2010,129865.0
3721,03/10/2010,129865.0
3722,03/11/2010,129865.0
3723,03/12/2010,129865.0
3724,03/13/2010,129865.0
3725,03/14/2010,129865.0
3726,03/15/2010,129865.0
3727,03/16/2010,129865.0
3728,03/17/2010,129865.0
3729,03/18/2010,129865.0
3730,03/19/2010,129865.0
3731,03/20/2010,129865.0
3732,03/21/2010,129865.0
3733,03/22/2010,129865.0
3734,03/23/2010,129865.0
3735,03/24/2010,129865.0
3736,03/25/2010,129865.0
3737,03/26/2010,129865.0
3738,03/27/2010,129865.0
3739,03/28/2010,129865.0
3740,03/29/2010,129865.0
3741,03/30/2010,129865.0
3742,03/31/2010,129865.0
3743,04/01/2010,130120.0
3744,04/02/2010,130120.0
3745,04/03/2010,130120.0
3746,04/04/2010,130120.0
3747,04/05/2010,130120.0
3748,04/06/2010,130120.0
3749,04/07/2010,130120.0
3750,04/08/2010,130120.0
3751,04/09/2010,130120.0
3752,04/10/2010,130120.0
3753,04/11/2010,130120.0
3754,04/12/2010,130120.0
3755,04/13/2010,130120.0
3756,04/14/2010,130120.0
3757,04/15/2010,130120.0
3758,04/16/2010,130120.0
3759,04/17/2010,130120.0
3760,04/18/2010,130120.0
3761,04/19/2010,130120.0
3762,04/20/2010,130120.0
3763,04/21/2010,130120.0
3764,04/22/2010,130120.0
3765,04/23/2010,130120.0
3766,04/24/2010,130120.0
3767,04/25/2010,130120.0
3768,04/26/2010,130120.0
3769,04/27/2010,130120.0
3770,04/28/2010,130120.0
3771,04/29/2010,130120.0
3772,04/30/2010,130120.0
3773,05/01/2010,130643.0
3774,05/02/2010,130643.0
3775,05/03/2010,130643.0
3776,05/04/2010,130643.0
3777,05/05/2010,130643.0
3778,05/06/2010,130643.0
3779,05/07/2010,130643.0
3780,05/08/2010,130643.0
3781,05/09/2010,130643.0
3782,05/10/2010,130643.0
3783,05/11/2010,130643.0
3784,05/12/2010,130643.0
3785,05/13/2010,130643.0
3786,05/14/2010,130643.0
3787,05/15/2010,130643.0
3788,05/16/2010,130643.0
3789,05/17/2010,130643.0
3790,05/18/2010,130643.0
3791,05/19/2010,130643.0
3792,05/20/2010,130643.0
3793,05/21/2010,130643.0
3794,05/22/2010,130643.0
3795,05/23/2010,130643.0
3796,05/24/2010,130643.0
3797,05/25/2010,130643.0
3798,05/26/2010,130643.0
3799,05/27/2010,130643.0
3800,05/28/2010,130643.0
3801,05/29/2010,130643.0
3802,05/30/2010,130643.0
3803,05/31/2010,130643.0
3804,06/01/2010,130509.0
3805,06/02/2010,130509.0
3806,06/03/2010,130509.0
3807,06/04/2010,130509.0
3808,06/05/2010,130509.0
3809,06/06/2010,130509.0
3810,06/07/2010,130509.0
3811,06/08/2010,130509.0
3812,06/09/2010,130509.0
3813,06/10/2010,130509.0
3814,06/11/2010,130509.0
3815,06/12/2010,130509.0
3816,06/13/2010,130509.0
3817,06/14/2010,130509.0
3818,06/15/2010,130509.0
3819,06/16/2010,130509.0
3820,06/17/2010,130509.0
3821,06/18/2010,130509.0
3822,06/19/2010,130509.0
3823,06/20/2010,130509.0
3824,06/21/2010,130509.0
3825,06/22/2010,130509.0
3826,06/23/2010,130509.0
3827,06/24/2010,130509.0
3828,06/25/2010,130509.0
3829,06/26/2010,130509.0
3830,06/27/2010,130509.0
3831,06/28/2010,130509.0
3832,06/29/2010,130509.0
3833,06/30/2010,130509.0
3834,07/01/2010,130415.0
3835,07/02/2010,130415.0
3836,07/03/2010,130415.0
3837,07/04/2010,130415.0
3838,07/05/2010,130415.0
3839,07/06/2010,130415.0
3840,07/07/2010,130415.0
3841,07/08/2010,130415.0
3842,07/09/2010,130415.0
3843,07/10/2010,130415.0
3844,07/11/2010,130415.0
3845,07/12/2010,130415.0
3846,07/13/2010,130415.0
3847,07/14/2010,130415.0
3848,07/15/2010,130415.0
3849,07/16/2010,130415.0
3850,07/17/2010,130415.0
3851,07/18/2010,130415.0
3852,07/19/2010,130415.0
3853,07/20/2010,130415.0
3854,07/21/2010,130415.0
3855,07/22/2010,130415.0
3856,07/23/2010,130415.0
3857,07/24/2010,130415.0
3858,07/25/2010,130415.0
3859,07/26/2010,130415.0
3860,07/27/2010,130415.0
3861,07/28/2010,130415.0
3862,07/29/2010,130415.0
3863,07/30/2010,130415.0
3864,07/31/2010,130415.0
3865,08/01/2010,130416.0
3866,08/02/2010,130416.0
3867,08/03/2010,130416.0
3868,08/04/2010,130416.0
3869,08/05/2010,130416.0
3870,08/06/2010,130416.0
3871,08/07/2010,130416.0
3872,08/08/2010,130416.0
3873,08/09/2010,130416.0
3874,08/10/2010,130416.0
3875,08/11/2010,130416.0
3876,08/12/2010,130416.0
3877,08/13/2010,130416.0
3878,08/14/2010,130416.0
3879,08/15/2010,130416.0
3880,08/16/2010,130416.0
3881,08/17/2010,130416.0
3882,08/18/2010,130416.0
3883,08/19/2010,130416.0
3884,08/20/2010,130416.0
3885,08/21/2010,130416.0
3886,08/22/2010,130416.0
3887,08/23/2010,130416.0
3888,08/24/2010,130416.0
3889,08/25/2010,130416.0
3890,08/26/2010,130416.0
3891,08/27/2010,130416.0
3892,08/28/2010,130416.0
3893,08/29/2010,130416.0
3894,08/30/2010,130416.0
3895,08/31/2010,130416.0
3896,09/01/2010,130342.0
3897,09/02/2010,130342.0
3898,09/03/2010,130342.0
3899,09/04/2010,130342.0
3900,09/05/2010,130342.0
3901,09/06/2010,130342.0
3902,09/07/2010,130342.0
3903,09/08/2010,130342.0
3904,09/09/2010,130342.0
3905,09/10/2010,130342.0
3906,09/11/2010,130342.0
3907,09/12/2010,130342.0
3908,09/13/2010,130342.0
3909,09/14/2010,130342.0
3910,09/15/2010,130342.0
3911,09/16/2010,130342.0
3912,09/17/2010,130342.0
3913,09/18/2010,130342.0
3914,09/19/2010,130342.0
3915,09/20/2010,130342.0
3916,09/21/2010,130342.0
3917,09/22/2010,130342.0
3918,09/23/2010,130342.0
3919,09/24/2010,130342.0
3920,09/25/2010,130342.0
3921,09/26/2010,130342.0
3922,09/27/2010,130342.0
3923,09/28/2010,130342.0
3924,09/29/2010,130342.0
3925,09/30/2010,130342.0
3926,10/01/2010,130621.0
3927,10/02/2010,130621.0
3928,10/03/2010,130621.0
3929,10/04/2010,130621.0
3930,10/05/2010,130621.0
3931,10/06/2010,130621.0
3932,10/07/2010,130621.0
3933,10/08/2010,130621.0
3934,10/09/2010,130621.0
3935,10/10/2010,130621.0
3936,10/11/2010,130621.0
3937,10/12/2010,130621.0
3938,10/13/2010,130621.0
3939,10/14/2010,130621.0
3940,10/15/2010,130621.0
3941,10/16/2010,130621.0
3942,10/17/2010,130621.0
3943,10/18/2010,130621.0
3944,10/19/2010,130621.0
3945,10/20/2010,130621.0
3946,10/21/2010,130621.0
3947,10/22/2010,130621.0
3948,10/23/2010,130621.0
3949,10/24/2010,130621.0
3950,10/25/2010,130621.0
3951,10/26/2010,130621.0
3952,10/27/2010,130621.0
3953,10/28/2010,130621.0
3954,10/29/2010,130621.0
3955,10/30/2010,130621.0
3956,10/31/2010,130621.0
3957,11/01/2010,130749.0
3958,11/02/2010,130749.0
3959,11/03/2010,130749.0
3960,11/04/2010,130749.0
3961,11/05/2010,130749.0
3962,11/06/2010,130749.0
3963,11/07/2010,130749.0
3964,11/08/2010,130749.0
3965,11/09/2010,130749.0
3966,11/10/2010,130749.0
3967,11/11/2010,130749.0
3968,11/12/2010,130749.0
3969,11/13/2010,130749.0
3970,11/14/2010,130749.0
3971,11/15/2010,130749.0
3972,11/16/2010,130749.0
3973,11/17/2010,130749.0
3974,11/18/2010,130749.0
3975,11/19/2010,130749.0
3976,11/20/2010,130749.0
3977,11/21/2010,130749.0
3978,11/22/2010,130749.0
3979,11/23/2010,130749.0
3980,11/24/2010,130749.0
3981,11/25/2010,130749.0
3982,11/26/2010,130749.0
3983,11/27/2010,130749.0
3984,11/28/2010,130749.0
3985,11/29/2010,130749.0
3986,11/30/2010,130749.0
3987,12/01/2010,130830.0
3988,12/02/2010,130830.0
3989,12/03/2010,130830.0
3990,12/04/2010,130830.0
3991,12/05/2010,130830.0
3992,12/06/2010,130830.0
3993,12/07/2010,130830.0
3994,12/08/2010,130830.0
3995,12/09/2010,130830.0
3996,12/10/2010,130830.0
3997,12/11/2010,130830.0
3998,12/12/2010,130830.0
3999,12/13/2010,130830.0
4000,12/14/2010,130830.0
4001,12/15/2010,130830.0
4002,12/16/2010,130830.0
4003,12/17/2010,130830.0
4004,12/18/2010,130830.0
4005,12/19/2010,130830.0
4006,12/20/2010,130830.0
4007,12/21/2010,130830.0
4008,12/22/2010,130830.0
4009,12/23/2010,130830.0
4010,12/24/2010,130830.0
4011,12/25/2010,130830.0
4012,12/26/2010,130830.0
4013,12/27/2010,130830.0
4014,12/28/2010,130830.0
4015,12/29/2010,130830.0
4016,12/30/2010,130830.0
4017,12/31/2010,130830.0
4018,01/01/2011,130837.0
4019,01/02/2011,130837.0
4020,01/03/2011,130837.0
4021,01/04/2011,130837.0
4022,01/05/2011,130837.0
4023,01/06/2011,130837.0
4024,01/07/2011,130837.0
4025,01/08/2011,130837.0
4026,01/09/2011,130837.0
4027,01/10/2011,130837.0
4028,01/11/2011,130837.0
4029,01/12/2011,130837.0
4030,01/13/2011,130837.0
4031,01/14/2011,130837.0
4032,01/15/2011,130837.0
4033,01/16/2011,130837.0
4034,01/17/2011,130837.0
4035,01/18/2011,130837.0
4036,01/19/2011,130837.0
4037,01/20/2011,130837.0
4038,01/21/2011,130837.0
4039,01/22/2011,130837.0
4040,01/23/2011,130837.0
4041,01/24/2011,130837.0
4042,01/25/2011,130837.0
4043,01/26/2011,130837.0
4044,01/27/2011,130837.0
4045,01/28/2011,130837.0
4046,01/29/2011,130837.0
4047,01/30/2011,130837.0
4048,01/31/2011,130837.0
4049,02/01/2011,131056.0
4050,02/02/2011,131056.0
4051,02/03/2011,131056.0
4052,02/04/2011,131056.0
4053,02/05/2011,131056.0
4054,02/06/2011,131056.0
4055,02/07/2011,131056.0
4056,02/08/2011,131056.0
4057,02/09/2011,131056.0
4058,02/10/2011,131056.0
4059,02/11/2011,131056.0
4060,02/12/2011,131056.0
4061,02/13/2011,131056.0
4062,02/14/2011,131056.0
4063,02/15/2011,131056.0
4064,02/16/2011,131056.0
4065,02/17/2011,131056.0
4066,02/18/2011,131056.0
4067,02/19/2011,131056.0
4068,02/20/2011,131056.0
4069,02/21/2011,131056.0
4070,02/22/2011,131056.0
4071,02/23/2011,131056.0
4072,02/24/2011,131056.0
4073,02/25/2011,131056.0
4074,02/26/2011,131056.0
4075,02/27/2011,131056.0
4076,02/28/2011,131056.0
4077,03/01/2011,131282.0
4078,03/02/2011,131282.0
4079,03/03/2011,131282.0
4080,03/04/2011,131282.0
4081,03/05/2011,131282.0
4082,03/06/2011,131282.0
4083,03/07/2011,131282.0
4084,03/08/2011,131282.0
4085,03/09/2011,131282.0
4086,03/10/2011,131282.0
4087,03/11/2011,131282.0
4088,03/12/2011,131282.0
4089,03/13/2011,131282.0
4090,03/14/2011,131282.0
4091,03/15/2011,131282.0
4092,03/16/2011,131282.0
4093,03/17/2011,131282.0
4094,03/18/2011,131282.0
4095,03/19/2011,131282.0
4096,03/20/2011,131282.0
4097,03/21/2011,131282.0
4098,03/22/2011,131282.0
4099,03/23/2011,131282.0
4100,03/24/2011,131282.0
4101,03/25/2011,131282.0
4102,03/26/2011,131282.0
4103,03/27/2011,131282.0
4104,03/28/2011,131282.0
4105,03/29/2011,131282.0
4106,03/30/2011,131282.0
4107,03/31/2011,131282.0
4108,04/01/2011,131597.0
4109,04/02/2011,131597.0
4110,04/03/2011,131597.0
4111,04/04/2011,131597.0
4112,04/05/2011,131597.0
4113,04/06/2011,131597.0
4114,04/07/2011,131597.0
4115,04/08/2011,131597.0
4116,04/09/2011,131597.0
4117,04/10/2011,131597.0
4118,04/11/2011,131597.0
4119,04/12/2011,131597.0
4120,04/13/2011,131597.0
4121,04/14/2011,131597.0
4122,04/15/2011,131597.0
4123,04/16/2011,131597.0
4124,04/17/2011,131597.0
4125,04/18/2011,131597.0
4126,04/19/2011,131597.0
4127,04/20/2011,131597.0
4128,04/21/2011,131597.0
4129,04/22/2011,131597.0
4130,04/23/2011,131597.0
4131,04/24/2011,131597.0
4132,04/25/2011,131597.0
4133,04/26/2011,131597.0
4134,04/27/2011,131597.0
4135,04/28/2011,131597.0
4136,04/29/2011,131597.0
4137,04/30/2011,131597.0
4138,05/01/2011,131704.0
4139,05/02/2011,131704.0
4140,05/03/2011,131704.0
4141,05/04/2011,131704.0
4142,05/05/2011,131704.0
4143,05/06/2011,131704.0
4144,05/07/2011,131704.0
4145,05/08/2011,131704.0
4146,05/09/2011,131704.0
4147,05/10/2011,131704.0
4148,05/11/2011,131704.0
4149,05/12/2011,131704.0
4150,05/13/2011,131704.0
4151,05/14/2011,131704.0
4152,05/15/2011,131704.0
4153,05/16/2011,131704.0
4154,05/17/2011,131704.0
4155,05/18/2011,131704.0
4156,05/19/2011,131704.0
4157,05/20/2011,131704.0
4158,05/21/2011,131704.0
4159,05/22/2011,131704.0
4160,05/23/2011,131704.0
4161,05/24/2011,131704.0
4162,05/25/2011,131704.0
4163,05/26/2011,131704.0
4164,05/27/2011,131704.0
4165,05/28/2011,131704.0
4166,05/29/2011,131704.0
4167,05/30/2011,131704.0
4168,05/31/2011,131704.0
4169,06/01/2011,131931.0
4170,06/02/2011,131931.0
4171,06/03/2011,131931.0
4172,06/04/2011,131931.0
4173,06/05/2011,131931.0
4174,06/06/2011,131931.0
4175,06/07/2011,131931.0
4176,06/08/2011,131931.0
4177,06/09/2011,131931.0
4178,06/10/2011,131931.0
4179,06/11/2011,131931.0
4180,06/12/2011,131931.0
4181,06/13/2011,131931.0
4182,06/14/2011,131931.0
4183,06/15/2011,131931.0
4184,06/16/2011,131931.0
4185,06/17/2011,131931.0
4186,06/18/2011,131931.0
4187,06/19/2011,131931.0
4188,06/20/2011,131931.0
4189,06/21/2011,131931.0
4190,06/22/2011,131931.0
4191,06/23/2011,131931.0
4192,06/24/2011,131931.0
4193,06/25/2011,131931.0
4194,06/26/2011,131931.0
4195,06/27/2011,131931.0
4196,06/28/2011,131931.0
4197,06/29/2011,131931.0
4198,06/30/2011,131931.0
4199,07/01/2011,131993.0
4200,07/02/2011,131993.0
4201,07/03/2011,131993.0
4202,07/04/2011,131993.0
4203,07/05/2011,131993.0
4204,07/06/2011,131993.0
4205,07/07/2011,131993.0
4206,07/08/2011,131993.0
4207,07/09/2011,131993.0
4208,07/10/2011,131993.0
4209,07/11/2011,131993.0
4210,07/12/2011,131993.0
4211,07/13/2011,131993.0
4212,07/14/2011,131993.0
4213,07/15/2011,131993.0
4214,07/16/2011,131993.0
4215,07/17/2011,131993.0
4216,07/18/2011,131993.0
4217,07/19/2011,131993.0
4218,07/20/2011,131993.0
4219,07/21/2011,131993.0
4220,07/22/2011,131993.0
4221,07/23/2011,131993.0
4222,07/24/2011,131993.0
4223,07/25/2011,131993.0
4224,07/26/2011,131993.0
4225,07/27/2011,131993.0
4226,07/28/2011,131993.0
4227,07/29/2011,131993.0
4228,07/30/2011,131993.0
4229,07/31/2011,131993.0
4230,08/01/2011,132125.0
4231,08/02/2011,132125.0
4232,08/03/2011,132125.0
4233,08/04/2011,132125.0
4234,08/05/2011,132125.0
4235,08/06/2011,132125.0
4236,08/07/2011,132125.0
4237,08/08/2011,132125.0
4238,08/09/2011,132125.0
4239,08/10/2011,132125.0
4240,08/11/2011,132125.0
4241,08/12/2011,132125.0
4242,08/13/2011,132125.0
4243,08/14/2011,132125.0
4244,08/15/2011,132125.0
4245,08/16/2011,132125.0
4246,08/17/2011,132125.0
4247,08/18/2011,132125.0
4248,08/19/2011,132125.0
4249,08/20/2011,132125.0
4250,08/21/2011,132125.0
4251,08/22/2011,132125.0
4252,08/23/2011,132125.0
4253,08/24/2011,132125.0
4254,08/25/2011,132125.0
4255,08/26/2011,132125.0
4256,08/27/2011,132125.0
4257,08/28/2011,132125.0
4258,08/29/2011,132125.0
4259,08/30/2011,132125.0
4260,08/31/2011,132125.0
4261,09/01/2011,132344.0
4262,09/02/2011,132344.0
4263,09/03/2011,132344.0
4264,09/04/2011,132344.0
4265,09/05/2011,132344.0
4266,09/06/2011,132344.0
4267,09/07/2011,132344.0
4268,09/08/2011,132344.0
4269,09/09/2011,132344.0
4270,09/10/2011,132344.0
4271,09/11/2011,132344.0
4272,09/12/2011,132344.0
4273,09/13/2011,132344.0
4274,09/14/2011,132344.0
4275,09/15/2011,132344.0
4276,09/16/2011,132344.0
4277,09/17/2011,132344.0
4278,09/18/2011,132344.0
4279,09/19/2011,132344.0
4280,09/20/2011,132344.0
4281,09/21/2011,132344.0
4282,09/22/2011,132344.0
4283,09/23/2011,132344.0
4284,09/24/2011,132344.0
4285,09/25/2011,132344.0
4286,09/26/2011,132344.0
4287,09/27/2011,132344.0
4288,09/28/2011,132344.0
4289,09/29/2011,132344.0
4290,09/30/2011,132344.0
4291,10/01/2011,132553.0
4292,10/02/2011,132553.0
4293,10/03/2011,132553.0
4294,10/04/2011,132553.0
4295,10/05/2011,132553.0
4296,10/06/2011,132553.0
4297,10/07/2011,132553.0
4298,10/08/2011,132553.0
4299,10/09/2011,132553.0
4300,10/10/2011,132553.0
4301,10/11/2011,132553.0
4302,10/12/2011,132553.0
4303,10/13/2011,132553.0
4304,10/14/2011,132553.0
4305,10/15/2011,132553.0
4306,10/16/2011,132553.0
4307,10/17/2011,132553.0
4308,10/18/2011,132553.0
4309,10/19/2011,132553.0
4310,10/20/2011,132553.0
4311,10/21/2011,132553.0
4312,10/22/2011,132553.0
4313,10/23/2011,132553.0
4314,10/24/2011,132553.0
4315,10/25/2011,132553.0
4316,10/26/2011,132553.0
4317,10/27/2011,132553.0
4318,10/28/2011,132553.0
4319,10/29/2011,132553.0
4320,10/30/2011,132553.0
4321,10/31/2011,132553.0
4322,11/01/2011,132690.0
4323,11/02/2011,132690.0
4324,11/03/2011,132690.0
4325,11/04/2011,132690.0
4326,11/05/2011,132690.0
4327,11/06/2011,132690.0
4328,11/07/2011,132690.0
4329,11/08/2011,132690.0
4330,11/09/2011,132690.0
4331,11/10/2011,132690.0
4332,11/11/2011,132690.0
4333,11/12/2011,132690.0
4334,11/13/2011,132690.0
4335,11/14/2011,132690.0
4336,11/15/2011,132690.0
4337,11/16/2011,132690.0
4338,11/17/2011,132690.0
4339,11/18/2011,132690.0
4340,11/19/2011,132690.0
4341,11/20/2011,132690.0
4342,11/21/2011,132690.0
4343,11/22/2011,132690.0
4344,11/23/2011,132690.0
4345,11/24/2011,132690.0
4346,11/25/2011,132690.0
4347,11/26/2011,132690.0
4348,11/27/2011,132690.0
4349,11/28/2011,132690.0
4350,11/29/2011,132690.0
4351,11/30/2011,132690.0
4352,12/01/2011,132888.0
4353,12/02/2011,132888.0
4354,12/03/2011,132888.0
4355,12/04/2011,132888.0
4356,12/05/2011,132888.0
4357,12/06/2011,132888.0
4358,12/07/2011,132888.0
4359,12/08/2011,132888.0
4360,12/09/2011,132888.0
4361,12/10/2011,132888.0
4362,12/11/2011,132888.0
4363,12/12/2011,132888.0
4364,12/13/2011,132888.0
4365,12/14/2011,132888.0
4366,12/15/2011,132888.0
4367,12/16/2011,132888.0
4368,12/17/2011,132888.0
4369,12/18/2011,132888.0
4370,12/19/2011,132888.0
4371,12/20/2011,132888.0
4372,12/21/2011,132888.0
4373,12/22/2011,132888.0
4374,12/23/2011,132888.0
4375,12/24/2011,132888.0
4376,12/25/2011,132888.0
4377,12/26/2011,132888.0
4378,12/27/2011,132888.0
4379,12/28/2011,132888.0
4380,12/29/2011,132888.0
4381,12/30/2011,132888.0
4382,12/31/2011,132888.0
4383,01/01/2012,133245.0
4384,01/02/2012,133245.0
4385,01/03/2012,133245.0
4386,01/04/2012,133245.0
4387,01/05/2012,133245.0
4388,01/06/2012,133245.0
4389,01/07/2012,133245.0
4390,01/08/2012,133245.0
4391,01/09/2012,133245.0
4392,01/10/2012,133245.0
4393,01/11/2012,133245.0
4394,01/12/2012,133245.0
4395,01/13/2012,133245.0
4396,01/14/2012,133245.0
4397,01/15/2012,133245.0
4398,01/16/2012,133245.0
4399,01/17/2012,133245.0
4400,01/18/2012,133245.0
4401,01/19/2012,133245.0
4402,01/20/2012,133245.0
4403,01/21/2012,133245.0
4404,01/22/2012,133245.0
4405,01/23/2012,133245.0
4406,01/24/2012,133245.0
4407,01/25/2012,133245.0
4408,01/26/2012,133245.0
4409,01/27/2012,133245.0
4410,01/28/2012,133245.0
4411,01/29/2012,133245.0
4412,01/30/2012,133245.0
4413,01/31/2012,133245.0
4414,02/01/2012,133508.0
4415,02/02/2012,133508.0
4416,02/03/2012,133508.0
4417,02/04/2012,133508.0
4418,02/05/2012,133508.0
4419,02/06/2012,133508.0
4420,02/07/2012,133508.0
4421,02/08/2012,133508.0
4422,02/09/2012,133508.0
4423,02/10/2012,133508.0
4424,02/11/2012,133508.0
4425,02/12/2012,133508.0
4426,02/13/2012,133508.0
4427,02/14/2012,133508.0
4428,02/15/2012,133508.0
4429,02/16/2012,133508.0
4430,02/17/2012,133508.0
4431,02/18/2012,133508.0
4432,02/19/2012,133508.0
4433,02/20/2012,133508.0
4434,02/21/2012,133508.0
4435,02/22/2012,133508.0
4436,02/23/2012,133508.0
4437,02/24/2012,133508.0
4438,02/25/2012,133508.0
4439,02/26/2012,133508.0
4440,02/27/2012,133508.0
4441,02/28/2012,133508.0
4442,02/29/2012,133508.0
4443,03/01/2012,133748.0
4444,03/02/2012,133748.0
4445,03/03/2012,133748.0
4446,03/04/2012,133748.0
4447,03/05/2012,133748.0
4448,03/06/2012,133748.0
4449,03/07/2012,133748.0
4450,03/08/2012,133748.0
4451,03/09/2012,133748.0
4452,03/10/2012,133748.0
4453,03/11/2012,133748.0
4454,03/12/2012,133748.0
4455,03/13/2012,133748.0
4456,03/14/2012,133748.0
4457,03/15/2012,133748.0
4458,03/16/2012,133748.0
4459,03/17/2012,133748.0
4460,03/18/2012,133748.0
4461,03/19/2012,133748.0
4462,03/20/2012,133748.0
4463,03/21/2012,133748.0
4464,03/22/2012,133748.0
4465,03/23/2012,133748.0
4466,03/24/2012,133748.0
4467,03/25/2012,133748.0
4468,03/26/2012,133748.0
4469,03/27/2012,133748.0
4470,03/28/2012,133748.0
4471,03/29/2012,133748.0
4472,03/30/2012,133748.0
4473,03/31/2012,133748.0
4474,04/01/2012,133825.0
4475,04/02/2012,133825.0
4476,04/03/2012,133825.0
4477,04/04/2012,133825.0
4478,04/05/2012,133825.0
4479,04/06/2012,133825.0
4480,04/07/2012,133825.0
4481,04/08/2012,133825.0
4482,04/09/2012,133825.0
4483,04/10/2012,133825.0
4484,04/11/2012,133825.0
4485,04/12/2012,133825.0
4486,04/13/2012,133825.0
4487,04/14/2012,133825.0
4488,04/15/2012,133825.0
4489,04/16/2012,133825.0
4490,04/17/2012,133825.0
4491,04/18/2012,133825.0
4492,04/19/2012,133825.0
4493,04/20/2012,133825.0
4494,04/21/2012,133825.0
4495,04/22/2012,133825.0
4496,04/23/2012,133825.0
4497,04/24/2012,133825.0
4498,04/25/2012,133825.0
4499,04/26/2012,133825.0
4500,04/27/2012,133825.0
4501,04/28/2012,133825.0
4502,04/29/2012,133825.0
4503,04/30/2012,133825.0
4504,05/01/2012,133933.0
4505,05/02/2012,133933.0
4506,05/03/2012,133933.0
4507,05/04/2012,133933.0
4508,05/05/2012,133933.0
4509,05/06/2012,133933.0
4510,05/07/2012,133933.0
4511,05/08/2012,133933.0
4512,05/09/2012,133933.0
4513,05/10/2012,133933.0
4514,05/11/2012,133933.0
4515,05/12/2012,133933.0
4516,05/13/2012,133933.0
4517,05/14/2012,133933.0
4518,05/15/2012,133933.0
4519,05/16/2012,133933.0
4520,05/17/2012,133933.0
4521,05/18/2012,133933.0
4522,05/19/2012,133933.0
4523,05/20/2012,133933.0
4524,05/21/2012,133933.0
4525,05/22/2012,133933.0
4526,05/23/2012,133933.0
4527,05/24/2012,133933.0
4528,05/25/2012,133933.0
4529,05/26/2012,133933.0
4530,05/27/2012,133933.0
4531,05/28/2012,133933.0
4532,05/29/2012,133933.0
4533,05/30/2012,133933.0
4534,05/31/2012,133933.0
4535,06/01/2012,134012.0
4536,06/02/2012,134012.0
4537,06/03/2012,134012.0
4538,06/04/2012,134012.0
4539,06/05/2012,134012.0
4540,06/06/2012,134012.0
4541,06/07/2012,134012.0
4542,06/08/2012,134012.0
4543,06/09/2012,134012.0
4544,06/10/2012,134012.0
4545,06/11/2012,134012.0
4546,06/12/2012,134012.0
4547,06/13/2012,134012.0
4548,06/14/2012,134012.0
4549,06/15/2012,134012.0
4550,06/16/2012,134012.0
4551,06/17/2012,134012.0
4552,06/18/2012,134012.0
4553,06/19/2012,134012.0
4554,06/20/2012,134012.0
4555,06/21/2012,134012.0
4556,06/22/2012,134012.0
4557,06/23/2012,134012.0
4558,06/24/2012,134012.0
4559,06/25/2012,134012.0
4560,06/26/2012,134012.0
4561,06/27/2012,134012.0
4562,06/28/2012,134012.0
4563,06/29/2012,134012.0
4564,06/30/2012,134012.0
4565,07/01/2012,134157.0
4566,07/02/2012,134157.0
4567,07/03/2012,134157.0
4568,07/04/2012,134157.0
4569,07/05/2012,134157.0
4570,07/06/2012,134157.0
4571,07/07/2012,134157.0
4572,07/08/2012,134157.0
4573,07/09/2012,134157.0
4574,07/10/2012,134157.0
4575,07/11/2012,134157.0
4576,07/12/2012,134157.0
4577,07/13/2012,134157.0
4578,07/14/2012,134157.0
4579,07/15/2012,134157.0
4580,07/16/2012,134157.0
4581,07/17/2012,134157.0
4582,07/18/2012,134157.0
4583,07/19/2012,134157.0
4584,07/20/2012,134157.0
4585,07/21/2012,134157.0
4586,07/22/2012,134157.0
4587,07/23/2012,134157.0
4588,07/24/2012,134157.0
4589,07/25/2012,134157.0
4590,07/26/2012,134157.0
4591,07/27/2012,134157.0
4592,07/28/2012,134157.0
4593,07/29/2012,134157.0
4594,07/30/2012,134157.0
4595,07/31/2012,134157.0
4596,08/01/2012,134338.0
4597,08/02/2012,134338.0
4598,08/03/2012,134338.0
4599,08/04/2012,134338.0
4600,08/05/2012,134338.0
4601,08/06/2012,134338.0
4602,08/07/2012,134338.0
4603,08/08/2012,134338.0
4604,08/09/2012,134338.0
4605,08/10/2012,134338.0
4606,08/11/2012,134338.0
4607,08/12/2012,134338.0
4608,08/13/2012,134338.0
4609,08/14/2012,134338.0
4610,08/15/2012,134338.0
4611,08/16/2012,134338.0
4612,08/17/2012,134338.0
4613,08/18/2012,134338.0
4614,08/19/2012,134338.0
4615,08/20/2012,134338.0
4616,08/21/2012,134338.0
4617,08/22/2012,134338.0
4618,08/23/2012,134338.0
4619,08/24/2012,134338.0
4620,08/25/2012,134338.0
4621,08/26/2012,134338.0
4622,08/27/2012,134338.0
4623,08/28/2012,134338.0
4624,08/29/2012,134338.0
4625,08/30/2012,134338.0
4626,08/31/2012,134338.0
4627,09/01/2012,134517.0
4628,09/02/2012,134517.0
4629,09/03/2012,134517.0
4630,09/04/2012,134517.0
4631,09/05/2012,134517.0
4632,09/06/2012,134517.0
4633,09/07/2012,134517.0
4634,09/08/2012,134517.0
4635,09/09/2012,134517.0
4636,09/10/2012,134517.0
4637,09/11/2012,134517.0
4638,09/12/2012,134517.0
4639,09/13/2012,134517.0
4640,09/14/2012,134517.0
4641,09/15/2012,134517.0
4642,09/16/2012,134517.0
4643,09/17/2012,134517.0
4644,09/18/2012,134517.0
4645,09/19/2012,134517.0
4646,09/20/2012,134517.0
4647,09/21/2012,134517.0
4648,09/22/2012,134517.0
4649,09/23/2012,134517.0
4650,09/24/2012,134517.0
4651,09/25/2012,134517.0
4652,09/26/2012,134517.0
4653,09/27/2012,134517.0
4654,09/28/2012,134517.0
4655,09/29/2012,134517.0
4656,09/30/2012,134517.0
4657,10/01/2012,134668.0
4658,10/02/2012,134668.0
4659,10/03/2012,134668.0
4660,10/04/2012,134668.0
4661,10/05/2012,134668.0
4662,10/06/2012,134668.0
4663,10/07/2012,134668.0
4664,10/08/2012,134668.0
4665,10/09/2012,134668.0
4666,10/10/2012,134668.0
4667,10/11/2012,134668.0
4668,10/12/2012,134668.0
4669,10/13/2012,134668.0
4670,10/14/2012,134668.0
4671,10/15/2012,134668.0
4672,10/16/2012,134668.0
4673,10/17/2012,134668.0
4674,10/18/2012,134668.0
4675,10/19/2012,134668.0
4676,10/20/2012,134668.0
4677,10/21/2012,134668.0
4678,10/22/2012,134668.0
4679,10/23/2012,134668.0
4680,10/24/2012,134668.0
4681,10/25/2012,134668.0
4682,10/26/2012,134668.0
4683,10/27/2012,134668.0
4684,10/28/2012,134668.0
4685,10/29/2012,134668.0
4686,10/30/2012,134668.0
4687,10/31/2012,134668.0
4688,11/01/2012,134825.0
4689,11/02/2012,134825.0
4690,11/03/2012,134825.0
4691,11/04/2012,134825.0
4692,11/05/2012,134825.0
4693,11/06/2012,134825.0
4694,11/07/2012,134825.0
4695,11/08/2012,134825.0
4696,11/09/2012,134825.0
4697,11/10/2012,134825.0
4698,11/11/2012,134825.0
4699,11/12/2012,134825.0
4700,11/13/2012,134825.0
4701,11/14/2012,134825.0
4702,11/15/2012,134825.0
4703,11/16/2012,134825.0
4704,11/17/2012,134825.0
4705,11/18/2012,134825.0
4706,11/19/2012,134825.0
4707,11/20/2012,134825.0
4708,11/21/2012,134825.0
4709,11/22/2012,134825.0
4710,11/23/2012,134825.0
4711,11/24/2012,134825.0
4712,11/25/2012,134825.0
4713,11/26/2012,134825.0
4714,11/27/2012,134825.0
4715,11/28/2012,134825.0
4716,11/29/2012,134825.0
4717,11/30/2012,134825.0
4718,12/01/2012,135074.0
4719,12/02/2012,135074.0
4720,12/03/2012,135074.0
4721,12/04/2012,135074.0
4722,12/05/2012,135074.0
4723,12/06/2012,135074.0
4724,12/07/2012,135074.0
4725,12/08/2012,135074.0
4726,12/09/2012,135074.0
4727,12/10/2012,135074.0
4728,12/11/2012,135074.0
4729,12/12/2012,135074.0
4730,12/13/2012,135074.0
4731,12/14/2012,135074.0
4732,12/15/2012,135074.0
4733,12/16/2012,135074.0
4734,12/17/2012,135074.0
4735,12/18/2012,135074.0
4736,12/19/2012,135074.0
4737,12/20/2012,135074.0
4738,12/21/2012,135074.0
4739,12/22/2012,135074.0
4740,12/23/2012,135074.0
4741,12/24/2012,135074.0
4742,12/25/2012,135074.0
4743,12/26/2012,135074.0
4744,12/27/2012,135074.0
4745,12/28/2012,135074.0
4746,12/29/2012,135074.0
4747,12/30/2012,135074.0
4748,12/31/2012,135074.0
4749,01/01/2013,135257.0
4750,01/02/2013,135257.0
4751,01/03/2013,135257.0
4752,01/04/2013,135257.0
4753,01/05/2013,135257.0
4754,01/06/2013,135257.0
4755,01/07/2013,135257.0
4756,01/08/2013,135257.0
4757,01/09/2013,135257.0
4758,01/10/2013,135257.0
4759,01/11/2013,135257.0
4760,01/12/2013,135257.0
4761,01/13/2013,135257.0
4762,01/14/2013,135257.0
4763,01/15/2013,135257.0
4764,01/16/2013,135257.0
4765,01/17/2013,135257.0
4766,01/18/2013,135257.0
4767,01/19/2013,135257.0
4768,01/20/2013,135257.0
4769,01/21/2013,135257.0
4770,01/22/2013,135257.0
4771,01/23/2013,135257.0
4772,01/24/2013,135257.0
4773,01/25/2013,135257.0
4774,01/26/2013,135257.0
4775,01/27/2013,135257.0
4776,01/28/2013,135257.0
4777,01/29/2013,135257.0
4778,01/30/2013,135257.0
4779,01/31/2013,135257.0
4780,02/01/2013,135545.0
4781,02/02/2013,135545.0
4782,02/03/2013,135545.0
4783,02/04/2013,135545.0
4784,02/05/2013,135545.0
4785,02/06/2013,135545.0
4786,02/07/2013,135545.0
4787,02/08/2013,135545.0
4788,02/09/2013,135545.0
4789,02/10/2013,135545.0
4790,02/11/2013,135545.0
4791,02/12/2013,135545.0
4792,02/13/2013,135545.0
4793,02/14/2013,135545.0
4794,02/15/2013,135545.0
4795,02/16/2013,135545.0
4796,02/17/2013,135545.0
4797,02/18/2013,135545.0
4798,02/19/2013,135545.0
4799,02/20/2013,135545.0
4800,02/21/2013,135545.0
4801,02/22/2013,135545.0
4802,02/23/2013,135545.0
4803,02/24/2013,135545.0
4804,02/25/2013,135545.0
4805,02/26/2013,135545.0
4806,02/27/2013,135545.0
4807,02/28/2013,135545.0
4808,03/01/2013,135689.0
4809,03/02/2013,135689.0
4810,03/03/2013,135689.0
4811,03/04/2013,135689.0
4812,03/05/2013,135689.0
4813,03/06/2013,135689.0
4814,03/07/2013,135689.0
4815,03/08/2013,135689.0
4816,03/09/2013,135689.0
4817,03/10/2013,135689.0
4818,03/11/2013,135689.0
4819,03/12/2013,135689.0
4820,03/13/2013,135689.0
4821,03/14/2013,135689.0
4822,03/15/2013,135689.0
4823,03/16/2013,135689.0
4824,03/17/2013,135689.0
4825,03/18/2013,135689.0
4826,03/19/2013,135689.0
4827,03/20/2013,135689.0
4828,03/21/2013,135689.0
4829,03/22/2013,135689.0
4830,03/23/2013,135689.0
4831,03/24/2013,135689.0
4832,03/25/2013,135689.0
4833,03/26/2013,135689.0
4834,03/27/2013,135689.0
4835,03/28/2013,135689.0
4836,03/29/2013,135689.0
4837,03/30/2013,135689.0
4838,03/31/2013,135689.0
4839,04/01/2013,135873.0
4840,04/02/2013,135873.0
4841,04/03/2013,135873.0
4842,04/04/2013,135873.0
4843,04/05/2013,135873.0
4844,04/06/2013,135873.0
4845,04/07/2013,135873.0
4846,04/08/2013,135873.0
4847,04/09/2013,135873.0
4848,04/10/2013,135873.0
4849,04/11/2013,135873.0
4850,04/12/2013,135873.0
4851,04/13/2013,135873.0
4852,04/14/2013,135873.0
4853,04/15/2013,135873.0
4854,04/16/2013,135873.0
4855,04/17/2013,135873.0
4856,04/18/2013,135873.0
4857,04/19/2013,135873.0
4858,04/20/2013,135873.0
4859,04/21/2013,135873.0
4860,04/22/2013,135873.0
4861,04/23/2013,135873.0
4862,04/24/2013,135873.0
4863,04/25/2013,135873.0
4864,04/26/2013,135873.0
4865,04/27/2013,135873.0
4866,04/28/2013,135873.0
4867,04/29/2013,135873.0
4868,04/30/2013,135873.0
4869,05/01/2013,136095.0
4870,05/02/2013,136095.0
4871,05/03/2013,136095.0
4872,05/04/2013,136095.0
4873,05/05/2013,136095.0
4874,05/06/2013,136095.0
4875,05/07/2013,136095.0
4876,05/08/2013,136095.0
4877,05/09/2013,136095.0
4878,05/10/2013,136095.0
4879,05/11/2013,136095.0
4880,05/12/2013,136095.0
4881,05/13/2013,136095.0
4882,05/14/2013,136095.0
4883,05/15/2013,136095.0
4884,05/16/2013,136095.0
4885,05/17/2013,136095.0
4886,05/18/2013,136095.0
4887,05/19/2013,136095.0
4888,05/20/2013,136095.0
4889,05/21/2013,136095.0
4890,05/22/2013,136095.0
4891,05/23/2013,136095.0
4892,05/24/2013,136095.0
4893,05/25/2013,136095.0
4894,05/26/2013,136095.0
4895,05/27/2013,136095.0
4896,05/28/2013,136095.0
4897,05/29/2013,136095.0
4898,05/30/2013,136095.0
4899,05/31/2013,136095.0
4900,06/01/2013,136279.0
4901,06/02/2013,136279.0
4902,06/03/2013,136279.0
4903,06/04/2013,136279.0
4904,06/05/2013,136279.0
4905,06/06/2013,136279.0
4906,06/07/2013,136279.0
4907,06/08/2013,136279.0
4908,06/09/2013,136279.0
4909,06/10/2013,136279.0
4910,06/11/2013,136279.0
4911,06/12/2013,136279.0
4912,06/13/2013,136279.0
4913,06/14/2013,136279.0
4914,06/15/2013,136279.0
4915,06/16/2013,136279.0
4916,06/17/2013,136279.0
4917,06/18/2013,136279.0
4918,06/19/2013,136279.0
4919,06/20/2013,136279.0
4920,06/21/2013,136279.0
4921,06/22/2013,136279.0
4922,06/23/2013,136279.0
4923,06/24/2013,136279.0
4924,06/25/2013,136279.0
4925,06/26/2013,136279.0
4926,06/27/2013,136279.0
4927,06/28/2013,136279.0
4928,06/29/2013,136279.0
4929,06/30/2013,136279.0
4930,07/01/2013,136391.0
4931,07/02/2013,136391.0
4932,07/03/2013,136391.0
4933,07/04/2013,136391.0
4934,07/05/2013,136391.0
4935,07/06/2013,136391.0
4936,07/07/2013,136391.0
4937,07/08/2013,136391.0
4938,07/09/2013,136391.0
4939,07/10/2013,136391.0
4940,07/11/2013,136391.0
4941,07/12/2013,136391.0
4942,07/13/2013,136391.0
4943,07/14/2013,136391.0
4944,07/15/2013,136391.0
4945,07/16/2013,136391.0
4946,07/17/2013,136391.0
4947,07/18/2013,136391.0
4948,07/19/2013,136391.0
4949,07/20/2013,136391.0
4950,07/21/2013,136391.0
4951,07/22/2013,136391.0
4952,07/23/2013,136391.0
4953,07/24/2013,136391.0
4954,07/25/2013,136391.0
4955,07/26/2013,136391.0
4956,07/27/2013,136391.0
4957,07/28/2013,136391.0
4958,07/29/2013,136391.0
4959,07/30/2013,136391.0
4960,07/31/2013,136391.0
4961,08/01/2013,136646.0
4962,08/02/2013,136646.0
4963,08/03/2013,136646.0
4964,08/04/2013,136646.0
4965,08/05/2013,136646.0
4966,08/06/2013,136646.0
4967,08/07/2013,136646.0
4968,08/08/2013,136646.0
4969,08/09/2013,136646.0
4970,08/10/2013,136646.0
4971,08/11/2013,136646.0
4972,08/12/2013,136646.0
4973,08/13/2013,136646.0
4974,08/14/2013,136646.0
4975,08/15/2013,136646.0
4976,08/16/2013,136646.0
4977,08/17/2013,136646.0
4978,08/18/2013,136646.0
4979,08/19/2013,136646.0
4980,08/20/2013,136646.0
4981,08/21/2013,136646.0
4982,08/22/2013,136646.0
4983,08/23/2013,136646.0
4984,08/24/2013,136646.0
4985,08/25/2013,136646.0
4986,08/26/2013,136646.0
4987,08/27/2013,136646.0
4988,08/28/2013,136646.0
4989,08/29/2013,136646.0
4990,08/30/2013,136646.0
4991,08/31/2013,136646.0
4992,09/01/2013,136821.0
4993,09/02/2013,136821.0
4994,09/03/2013,136821.0
4995,09/04/2013,136821.0
4996,09/05/2013,136821.0
4997,09/06/2013,136821.0
4998,09/07/2013,136821.0
4999,09/08/2013,136821.0
5000,09/09/2013,136821.0
5001,09/10/2013,136821.0
5002,09/11/2013,136821.0
5003,09/12/2013,136821.0
5004,09/13/2013,136821.0
5005,09/14/2013,136821.0
5006,09/15/2013,136821.0
5007,09/16/2013,136821.0
5008,09/17/2013,136821.0
5009,09/18/2013,136821.0
5010,09/19/2013,136821.0
5011,09/20/2013,136821.0
5012,09/21/2013,136821.0
5013,09/22/2013,136821.0
5014,09/23/2013,136821.0
5015,09/24/2013,136821.0
5016,09/25/2013,136821.0
5017,09/26/2013,136821.0
5018,09/27/2013,136821.0
5019,09/28/2013,136821.0
5020,09/29/2013,136821.0
5021,09/30/2013,136821.0
5022,10/01/2013,137041.0
5023,10/02/2013,137041.0
5024,10/03/2013,137041.0
5025,10/04/2013,137041.0
5026,10/05/2013,137041.0
5027,10/06/2013,137041.0
5028,10/07/2013,137041.0
5029,10/08/2013,137041.0
5030,10/09/2013,137041.0
5031,10/10/2013,137041.0
5032,10/11/2013,137041.0
5033,10/12/2013,137041.0
5034,10/13/2013,137041.0
5035,10/14/2013,137041.0
5036,10/15/2013,137041.0
5037,10/16/2013,137041.0
5038,10/17/2013,137041.0
5039,10/18/2013,137041.0
5040,10/19/2013,137041.0
5041,10/20/2013,137041.0
5042,10/21/2013,137041.0
5043,10/22/2013,137041.0
5044,10/23/2013,137041.0
5045,10/24/2013,137041.0
5046,10/25/2013,137041.0
5047,10/26/2013,137041.0
5048,10/27/2013,137041.0
5049,10/28/2013,137041.0
5050,10/29/2013,137041.0
5051,10/30/2013,137041.0
5052,10/31/2013,137041.0
5053,11/01/2013,137316.0
5054,11/02/2013,137316.0
5055,11/03/2013,137316.0
5056,11/04/2013,137316.0
5057,11/05/2013,137316.0
5058,11/06/2013,137316.0
5059,11/07/2013,137316.0
5060,11/08/2013,137316.0
5061,11/09/2013,137316.0
5062,11/10/2013,137316.0
5063,11/11/2013,137316.0
5064,11/12/2013,137316.0
5065,11/13/2013,137316.0
5066,11/14/2013,137316.0
5067,11/15/2013,137316.0
5068,11/16/2013,137316.0
5069,11/17/2013,137316.0
5070,11/18/2013,137316.0
5071,11/19/2013,137316.0
5072,11/20/2013,137316.0
5073,11/21/2013,137316.0
5074,11/22/2013,137316.0
5075,11/23/2013,137316.0
5076,11/24/2013,137316.0
5077,11/25/2013,137316.0
5078,11/26/2013,137316.0
5079,11/27/2013,137316.0
5080,11/28/2013,137316.0
5081,11/29/2013,137316.0
5082,11/30/2013,137316.0
5083,12/01/2013,137373.0
5084,12/02/2013,137373.0
5085,12/03/2013,137373.0
5086,12/04/2013,137373.0
5087,12/05/2013,137373.0
5088,12/06/2013,137373.0
5089,12/07/2013,137373.0
5090,12/08/2013,137373.0
5091,12/09/2013,137373.0
5092,12/10/2013,137373.0
5093,12/11/2013,137373.0
5094,12/12/2013,137373.0
5095,12/13/2013,137373.0
5096,12/14/2013,137373.0
5097,12/15/2013,137373.0
5098,12/16/2013,137373.0
5099,12/17/2013,137373.0
5100,12/18/2013,137373.0
5101,12/19/2013,137373.0
5102,12/20/2013,137373.0
5103,12/21/2013,137373.0
5104,12/22/2013,137373.0
5105,12/23/2013,137373.0
5106,12/24/2013,137373.0
5107,12/25/2013,137373.0
5108,12/26/2013,137373.0
5109,12/27/2013,137373.0
5110,12/28/2013,137373.0
5111,12/29/2013,137373.0
5112,12/30/2013,137373.0
5113,12/31/2013,137373.0
5114,01/01/2014,137561.0
5115,01/02/2014,137561.0
5116,01/03/2014,137561.0
5117,01/04/2014,137561.0
5118,01/05/2014,137561.0
5119,01/06/2014,137561.0
5120,01/07/2014,137561.0
5121,01/08/2014,137561.0
5122,01/09/2014,137561.0
5123,01/10/2014,137561.0
5124,01/11/2014,137561.0
5125,01/12/2014,137561.0
5126,01/13/2014,137561.0
5127,01/14/2014,137561.0
5128,01/15/2014,137561.0
5129,01/16/2014,137561.0
5130,01/17/2014,137561.0
5131,01/18/2014,137561.0
5132,01/19/2014,137561.0
5133,01/20/2014,137561.0
5134,01/21/2014,137561.0
5135,01/22/2014,137561.0
5136,01/23/2014,137561.0
5137,01/24/2014,137561.0
5138,01/25/2014,137561.0
5139,01/26/2014,137561.0
5140,01/27/2014,137561.0
5141,01/28/2014,137561.0
5142,01/29/2014,137561.0
5143,01/30/2014,137561.0
5144,01/31/2014,137561.0
5145,02/01/2014,137712.0
5146,02/02/2014,137712.0
5147,02/03/2014,137712.0
5148,02/04/2014,137712.0
5149,02/05/2014,137712.0
5150,02/06/2014,137712.0
5151,02/07/2014,137712.0
5152,02/08/2014,137712.0
5153,02/09/2014,137712.0
5154,02/10/2014,137712.0
5155,02/11/2014,137712.0
5156,02/12/2014,137712.0
5157,02/13/2014,137712.0
5158,02/14/2014,137712.0
5159,02/15/2014,137712.0
5160,02/16/2014,137712.0
5161,02/17/2014,137712.0
5162,02/18/2014,137712.0
5163,02/19/2014,137712.0
5164,02/20/2014,137712.0
5165,02/21/2014,137712.0
5166,02/22/2014,137712.0
5167,02/23/2014,137712.0
5168,02/24/2014,137712.0
5169,02/25/2014,137712.0
5170,02/26/2014,137712.0
5171,02/27/2014,137712.0
5172,02/28/2014,137712.0
5173,03/01/2014,137985.0
5174,03/02/2014,137985.0
5175,03/03/2014,137985.0
5176,03/04/2014,137985.0
5177,03/05/2014,137985.0
5178,03/06/2014,137985.0
5179,03/07/2014,137985.0
5180,03/08/2014,137985.0
5181,03/09/2014,137985.0
5182,03/10/2014,137985.0
5183,03/11/2014,137985.0
5184,03/12/2014,137985.0
5185,03/13/2014,137985.0
5186,03/14/2014,137985.0
5187,03/15/2014,137985.0
5188,03/16/2014,137985.0
5189,03/17/2014,137985.0
5190,03/18/2014,137985.0
5191,03/19/2014,137985.0
5192,03/20/2014,137985.0
5193,03/21/2014,137985.0
5194,03/22/2014,137985.0
5195,03/23/2014,137985.0
5196,03/24/2014,137985.0
5197,03/25/2014,137985.0
5198,03/26/2014,137985.0
5199,03/27/2014,137985.0
5200,03/28/2014,137985.0
5201,03/29/2014,137985.0
5202,03/30/2014,137985.0
5203,03/31/2014,137985.0
5204,04/01/2014,138297.0
5205,04/02/2014,138297.0
5206,04/03/2014,138297.0
5207,04/04/2014,138297.0
5208,04/05/2014,138297.0
5209,04/06/2014,138297.0
5210,04/07/2014,138297.0
5211,04/08/2014,138297.0
5212,04/09/2014,138297.0
5213,04/10/2014,138297.0
5214,04/11/2014,138297.0
5215,04/12/2014,138297.0
5216,04/13/2014,138297.0
5217,04/14/2014,138297.0
5218,04/15/2014,138297.0
5219,04/16/2014,138297.0
5220,04/17/2014,138297.0
5221,04/18/2014,138297.0
5222,04/19/2014,138297.0
5223,04/20/2014,138297.0
5224,04/21/2014,138297.0
5225,04/22/2014,138297.0
5226,04/23/2014,138297.0
5227,04/24/2014,138297.0
5228,04/25/2014,138297.0
5229,04/26/2014,138297.0
5230,04/27/2014,138297.0
5231,04/28/2014,138297.0
5232,04/29/2014,138297.0
5233,04/30/2014,138297.0
5234,05/01/2014,138512.0
5235,05/02/2014,138512.0
5236,05/03/2014,138512.0
5237,05/04/2014,138512.0
5238,05/05/2014,138512.0
5239,05/06/2014,138512.0
5240,05/07/2014,138512.0
5241,05/08/2014,138512.0
5242,05/09/2014,138512.0
5243,05/10/2014,138512.0
5244,05/11/2014,138512.0
5245,05/12/2014,138512.0
5246,05/13/2014,138512.0
5247,05/14/2014,138512.0
5248,05/15/2014,138512.0
5249,05/16/2014,138512.0
5250,05/17/2014,138512.0
5251,05/18/2014,138512.0
5252,05/19/2014,138512.0
5253,05/20/2014,138512.0
5254,05/21/2014,138512.0
5255,05/22/2014,138512.0
5256,05/23/2014,138512.0
5257,05/24/2014,138512.0
5258,05/25/2014,138512.0
5259,05/26/2014,138512.0
5260,05/27/2014,138512.0
5261,05/28/2014,138512.0
5262,05/29/2014,138512.0
5263,05/30/2014,138512.0
5264,05/31/2014,138512.0
5265,06/01/2014,138849.0
5266,06/02/2014,138849.0
5267,06/03/2014,138849.0
5268,06/04/2014,138849.0
5269,06/05/2014,138849.0
5270,06/06/2014,138849.0
5271,06/07/2014,138849.0
5272,06/08/2014,138849.0
5273,06/09/2014,138849.0
5274,06/10/2014,138849.0
5275,06/11/2014,138849.0
5276,06/12/2014,138849.0
5277,06/13/2014,138849.0
5278,06/14/2014,138849.0
5279,06/15/2014,138849.0
5280,06/16/2014,138849.0
5281,06/17/2014,138849.0
5282,06/18/2014,138849.0
5283,06/19/2014,138849.0
5284,06/20/2014,138849.0
5285,06/21/2014,138849.0
5286,06/22/2014,138849.0
5287,06/23/2014,138849.0
5288,06/24/2014,138849.0
5289,06/25/2014,138849.0
5290,06/26/2014,138849.0
5291,06/27/2014,138849.0
5292,06/28/2014,138849.0
5293,06/29/2014,138849.0
5294,06/30/2014,138849.0
5295,07/01/2014,139073.0
5296,07/02/2014,139073.0
5297,07/03/2014,139073.0
5298,07/04/2014,139073.0
5299,07/05/2014,139073.0
5300,07/06/2014,139073.0
5301,07/07/2014,139073.0
5302,07/08/2014,139073.0
5303,07/09/2014,139073.0
5304,07/10/2014,139073.0
5305,07/11/2014,139073.0
5306,07/12/2014,139073.0
5307,07/13/2014,139073.0
5308,07/14/2014,139073.0
5309,07/15/2014,139073.0
5310,07/16/2014,139073.0
5311,07/17/2014,139073.0
5312,07/18/2014,139073.0
5313,07/19/2014,139073.0
5314,07/20/2014,139073.0
5315,07/21/2014,139073.0
5316,07/22/2014,139073.0
5317,07/23/2014,139073.0
5318,07/24/2014,139073.0
5319,07/25/2014,139073.0
5320,07/26/2014,139073.0
5321,07/27/2014,139073.0
5322,07/28/2014,139073.0
5323,07/29/2014,139073.0
5324,07/30/2014,139073.0
5325,07/31/2014,139073.0
5326,08/01/2014,139269.0
5327,08/02/2014,139269.0
5328,08/03/2014,139269.0
5329,08/04/2014,139269.0
5330,08/05/2014,139269.0
5331,08/06/2014,139269.0
5332,08/07/2014,139269.0
5333,08/08/2014,139269.0
5334,08/09/2014,139269.0
5335,08/10/2014,139269.0
5336,08/11/2014,139269.0
5337,08/12/2014,139269.0
5338,08/13/2014,139269.0
5339,08/14/2014,139269.0
5340,08/15/2014,139269.0
5341,08/16/2014,139269.0
5342,08/17/2014,139269.0
5343,08/18/2014,139269.0
5344,08/19/2014,139269.0
5345,08/20/2014,139269.0
5346,08/21/2014,139269.0
5347,08/22/2014,139269.0
5348,08/23/2014,139269.0
5349,08/24/2014,139269.0
5350,08/25/2014,139269.0
5351,08/26/2014,139269.0
5352,08/27/2014,139269.0
5353,08/28/2014,139269.0
5354,08/29/2014,139269.0
5355,08/30/2014,139269.0
5356,08/31/2014,139269.0
5357,09/01/2014,139563.0
5358,09/02/2014,139563.0
5359,09/03/2014,139563.0
5360,09/04/2014,139563.0
5361,09/05/2014,139563.0
5362,09/06/2014,139563.0
5363,09/07/2014,139563.0
5364,09/08/2014,139563.0
5365,09/09/2014,139563.0
5366,09/10/2014,139563.0
5367,09/11/2014,139563.0
5368,09/12/2014,139563.0
5369,09/13/2014,139563.0
5370,09/14/2014,139563.0
5371,09/15/2014,139563.0
5372,09/16/2014,139563.0
5373,09/17/2014,139563.0
5374,09/18/2014,139563.0
5375,09/19/2014,139563.0
5376,09/20/2014,139563.0
5377,09/21/2014,139563.0
5378,09/22/2014,139563.0
5379,09/23/2014,139563.0
5380,09/24/2014,139563.0
5381,09/25/2014,139563.0
5382,09/26/2014,139563.0
5383,09/27/2014,139563.0
5384,09/28/2014,139563.0
5385,09/29/2014,139563.0
5386,09/30/2014,139563.0
5387,10/01/2014,139797.0
5388,10/02/2014,139797.0
5389,10/03/2014,139797.0
5390,10/04/2014,139797.0
5391,10/05/2014,139797.0
5392,10/06/2014,139797.0
5393,10/07/2014,139797.0
5394,10/08/2014,139797.0
5395,10/09/2014,139797.0
5396,10/10/2014,139797.0
5397,10/11/2014,139797.0
5398,10/12/2014,139797.0
5399,10/13/2014,139797.0
5400,10/14/2014,139797.0
5401,10/15/2014,139797.0
5402,10/16/2014,139797.0
5403,10/17/2014,139797.0
5404,10/18/2014,139797.0
5405,10/19/2014,139797.0
5406,10/20/2014,139797.0
5407,10/21/2014,139797.0
5408,10/22/2014,139797.0
5409,10/23/2014,139797.0
5410,10/24/2014,139797.0
5411,10/25/2014,139797.0
5412,10/26/2014,139797.0
5413,10/27/2014,139797.0
5414,10/28/2014,139797.0
5415,10/29/2014,139797.0
5416,10/30/2014,139797.0
5417,10/31/2014,139797.0
5418,11/01/2014,140090.0
5419,11/02/2014,140090.0
5420,11/03/2014,140090.0
5421,11/04/2014,140090.0
5422,11/05/2014,140090.0
5423,11/06/2014,140090.0
5424,11/07/2014,140090.0
5425,11/08/2014,140090.0
5426,11/09/2014,140090.0
5427,11/10/2014,140090.0
5428,11/11/2014,140090.0
5429,11/12/2014,140090.0
5430,11/13/2014,140090.0
5431,11/14/2014,140090.0
5432,11/15/2014,140090.0
5433,11/16/2014,140090.0
5434,11/17/2014,140090.0
5435,11/18/2014,140090.0
5436,11/19/2014,140090.0
5437,11/20/2014,140090.0
5438,11/21/2014,140090.0
5439,11/22/2014,140090.0
5440,11/23/2014,140090.0
5441,11/24/2014,140090.0
5442,11/25/2014,140090.0
5443,11/26/2014,140090.0
5444,11/27/2014,140090.0
5445,11/28/2014,140090.0
5446,11/29/2014,140090.0
5447,11/30/2014,140090.0
5448,12/01/2014,140364.0
5449,12/02/2014,140364.0
5450,12/03/2014,140364.0
5451,12/04/2014,140364.0
5452,12/05/2014,140364.0
5453,12/06/2014,140364.0
5454,12/07/2014,140364.0
5455,12/08/2014,140364.0
5456,12/09/2014,140364.0
5457,12/10/2014,140364.0
5458,12/11/2014,140364.0
5459,12/12/2014,140364.0
5460,12/13/2014,140364.0
5461,12/14/2014,140364.0
5462,12/15/2014,140364.0
5463,12/16/2014,140364.0
5464,12/17/2014,140364.0
5465,12/18/2014,140364.0
5466,12/19/2014,140364.0
5467,12/20/2014,140364.0
5468,12/21/2014,140364.0
5469,12/22/2014,140364.0
5470,12/23/2014,140364.0
5471,12/24/2014,140364.0
5472,12/25/2014,140364.0
5473,12/26/2014,140364.0
5474,12/27/2014,140364.0
5475,12/28/2014,140364.0
5476,12/29/2014,140364.0
5477,12/30/2014,140364.0
5478,12/31/2014,140364.0
5479,01/01/2015,140568.0
5480,01/02/2015,140568.0
5481,01/03/2015,140568.0
5482,01/04/2015,140568.0
5483,01/05/2015,140568.0
5484,01/06/2015,140568.0
5485,01/07/2015,140568.0
5486,01/08/2015,140568.0
5487,01/09/2015,140568.0
5488,01/10/2015,140568.0
5489,01/11/2015,140568.0
5490,01/12/2015,140568.0
5491,01/13/2015,140568.0
5492,01/14/2015,140568.0
5493,01/15/2015,140568.0
5494,01/16/2015,140568.0
5495,01/17/2015,140568.0
5496,01/18/2015,140568.0
5497,01/19/2015,140568.0
5498,01/20/2015,140568.0
5499,01/21/2015,140568.0
5500,01/22/2015,140568.0
5501,01/23/2015,140568.0
5502,01/24/2015,140568.0
5503,01/25/2015,140568.0
5504,01/26/2015,140568.0
5505,01/27/2015,140568.0
5506,01/28/2015,140568.0
5507,01/29/2015,140568.0
5508,01/30/2015,140568.0
5509,01/31/2015,140568.0
5510,02/01/2015,140827.0
5511,02/02/2015,140827.0
5512,02/03/2015,140827.0
5513,02/04/2015,140827.0
5514,02/05/2015,140827.0
5515,02/06/2015,140827.0
5516,02/07/2015,140827.0
5517,02/08/2015,140827.0
5518,02/09/2015,140827.0
5519,02/10/2015,140827.0
5520,02/11/2015,140827.0
5521,02/12/2015,140827.0
5522,02/13/2015,140827.0
5523,02/14/2015,140827.0
5524,02/15/2015,140827.0
5525,02/16/2015,140827.0
5526,02/17/2015,140827.0
5527,02/18/2015,140827.0
5528,02/19/2015,140827.0
5529,02/20/2015,140827.0
5530,02/21/2015,140827.0
5531,02/22/2015,140827.0
5532,02/23/2015,140827.0
5533,02/24/2015,140827.0
5534,02/25/2015,140827.0
5535,02/26/2015,140827.0
5536,02/27/2015,140827.0
5537,02/28/2015,140827.0
5538,03/01/2015,140923.0
5539,03/02/2015,140923.0
5540,03/03/2015,140923.0
5541,03/04/2015,140923.0
5542,03/05/2015,140923.0
5543,03/06/2015,140923.0
5544,03/07/2015,140923.0
5545,03/08/2015,140923.0
5546,03/09/2015,140923.0
5547,03/10/2015,140923.0
5548,03/11/2015,140923.0
5549,03/12/2015,140923.0
5550,03/13/2015,140923.0
5551,03/14/2015,140923.0
5552,03/15/2015,140923.0
5553,03/16/2015,140923.0
5554,03/17/2015,140923.0
5555,03/18/2015,140923.0
5556,03/19/2015,140923.0
5557,03/20/2015,140923.0
5558,03/21/2015,140923.0
5559,03/22/2015,140923.0
5560,03/23/2015,140923.0
5561,03/24/2015,140923.0
5562,03/25/2015,140923.0
5563,03/26/2015,140923.0
5564,03/27/2015,140923.0
5565,03/28/2015,140923.0
5566,03/29/2015,140923.0
5567,03/30/2015,140923.0
5568,03/31/2015,140923.0
5569,04/01/2015,141196.0
5570,04/02/2015,141196.0
5571,04/03/2015,141196.0
5572,04/04/2015,141196.0
5573,04/05/2015,141196.0
5574,04/06/2015,141196.0
5575,04/07/2015,141196.0
5576,04/08/2015,141196.0
5577,04/09/2015,141196.0
5578,04/10/2015,141196.0
5579,04/11/2015,141196.0
5580,04/12/2015,141196.0
5581,04/13/2015,141196.0
5582,04/14/2015,141196.0
5583,04/15/2015,141196.0
5584,04/16/2015,141196.0
5585,04/17/2015,141196.0
5586,04/18/2015,141196.0
5587,04/19/2015,141196.0
5588,04/20/2015,141196.0
5589,04/21/2015,141196.0
5590,04/22/2015,141196.0
5591,04/23/2015,141196.0
5592,04/24/2015,141196.0
5593,04/25/2015,141196.0
5594,04/26/2015,141196.0
5595,04/27/2015,141196.0
5596,04/28/2015,141196.0
5597,04/29/2015,141196.0
5598,04/30/2015,141196.0
5599,05/01/2015,141538.0
5600,05/02/2015,141538.0
5601,05/03/2015,141538.0
5602,05/04/2015,141538.0
5603,05/05/2015,141538.0
5604,05/06/2015,141538.0
5605,05/07/2015,141538.0
5606,05/08/2015,141538.0
5607,05/09/2015,141538.0
5608,05/10/2015,141538.0
5609,05/11/2015,141538.0
5610,05/12/2015,141538.0
5611,05/13/2015,141538.0
5612,05/14/2015,141538.0
5613,05/15/2015,141538.0
5614,05/16/2015,141538.0
5615,05/17/2015,141538.0
5616,05/18/2015,141538.0
5617,05/19/2015,141538.0
5618,05/20/2015,141538.0
5619,05/21/2015,141538.0
5620,05/22/2015,141538.0
5621,05/23/2015,141538.0
5622,05/24/2015,141538.0
5623,05/25/2015,141538.0
5624,05/26/2015,141538.0
5625,05/27/2015,141538.0
5626,05/28/2015,141538.0
5627,05/29/2015,141538.0
5628,05/30/2015,141538.0
5629,05/31/2015,141538.0
5630,06/01/2015,141709.0
5631,06/02/2015,141709.0
5632,06/03/2015,141709.0
5633,06/04/2015,141709.0
5634,06/05/2015,141709.0
5635,06/06/2015,141709.0
5636,06/07/2015,141709.0
5637,06/08/2015,141709.0
5638,06/09/2015,141709.0
5639,06/10/2015,141709.0
5640,06/11/2015,141709.0
5641,06/12/2015,141709.0
5642,06/13/2015,141709.0
5643,06/14/2015,141709.0
5644,06/15/2015,141709.0
5645,06/16/2015,141709.0
5646,06/17/2015,141709.0
5647,06/18/2015,141709.0
5648,06/19/2015,141709.0
5649,06/20/2015,141709.0
5650,06/21/2015,141709.0
5651,06/22/2015,141709.0
5652,06/23/2015,141709.0
5653,06/24/2015,141709.0
5654,06/25/2015,141709.0
5655,06/26/2015,141709.0
5656,06/27/2015,141709.0
5657,06/28/2015,141709.0
5658,06/29/2015,141709.0
5659,06/30/2015,141709.0
5660,07/01/2015,141991.0
5661,07/02/2015,141991.0
5662,07/03/2015,141991.0
5663,07/04/2015,141991.0
5664,07/05/2015,141991.0
5665,07/06/2015,141991.0
5666,07/07/2015,141991.0
5667,07/08/2015,141991.0
5668,07/09/2015,141991.0
5669,07/10/2015,141991.0
5670,07/11/2015,141991.0
5671,07/12/2015,141991.0
5672,07/13/2015,141991.0
5673,07/14/2015,141991.0
5674,07/15/2015,141991.0
5675,07/16/2015,141991.0
5676,07/17/2015,141991.0
5677,07/18/2015,141991.0
5678,07/19/2015,141991.0
5679,07/20/2015,141991.0
5680,07/21/2015,141991.0
5681,07/22/2015,141991.0
5682,07/23/2015,141991.0
5683,07/24/2015,141991.0
5684,07/25/2015,141991.0
5685,07/26/2015,141991.0
5686,07/27/2015,141991.0
5687,07/28/2015,141991.0
5688,07/29/2015,141991.0
5689,07/30/2015,141991.0
5690,07/31/2015,141991.0
5691,08/01/2015,142125.0
5692,08/02/2015,142125.0
5693,08/03/2015,142125.0
5694,08/04/2015,142125.0
5695,08/05/2015,142125.0
5696,08/06/2015,142125.0
5697,08/07/2015,142125.0
5698,08/08/2015,142125.0
5699,08/09/2015,142125.0
5700,08/10/2015,142125.0
5701,08/11/2015,142125.0
5702,08/12/2015,142125.0
5703,08/13/2015,142125.0
5704,08/14/2015,142125.0
5705,08/15/2015,142125.0
5706,08/16/2015,142125.0
5707,08/17/2015,142125.0
5708,08/18/2015,142125.0
5709,08/19/2015,142125.0
5710,08/20/2015,142125.0
5711,08/21/2015,142125.0
5712,08/22/2015,142125.0
5713,08/23/2015,142125.0
5714,08/24/2015,142125.0
5715,08/25/2015,142125.0
5716,08/26/2015,142125.0
5717,08/27/2015,142125.0
5718,08/28/2015,142125.0
5719,08/29/2015,142125.0
5720,08/30/2015,142125.0
5721,08/31/2015,142125.0
5722,09/01/2015,142275.0
5723,09/02/2015,142275.0
5724,09/03/2015,142275.0
5725,09/04/2015,142275.0
5726,09/05/2015,142275.0
5727,09/06/2015,142275.0
5728,09/07/2015,142275.0
5729,09/08/2015,142275.0
5730,09/09/2015,142275.0
5731,09/10/2015,142275.0
5732,09/11/2015,142275.0
5733,09/12/2015,142275.0
5734,09/13/2015,142275.0
5735,09/14/2015,142275.0
5736,09/15/2015,142275.0
5737,09/16/2015,142275.0
5738,09/17/2015,142275.0
5739,09/18/2015,142275.0
5740,09/19/2015,142275.0
5741,09/20/2015,142275.0
5742,09/21/2015,142275.0
5743,09/22/2015,142275.0
5744,09/23/2015,142275.0
5745,09/24/2015,142275.0
5746,09/25/2015,142275.0
5747,09/26/2015,142275.0
5748,09/27/2015,142275.0
5749,09/28/2015,142275.0
5750,09/29/2015,142275.0
5751,09/30/2015,142275.0
5752,10/01/2015,142579.0
5753,10/02/2015,142579.0
5754,10/03/2015,142579.0
5755,10/04/2015,142579.0
5756,10/05/2015,142579.0
5757,10/06/2015,142579.0
5758,10/07/2015,142579.0
5759,10/08/2015,142579.0
5760,10/09/2015,142579.0
5761,10/10/2015,142579.0
5762,10/11/2015,142579.0
5763,10/12/2015,142579.0
5764,10/13/2015,142579.0
5765,10/14/2015,142579.0
5766,10/15/2015,142579.0
5767,10/16/2015,142579.0
5768,10/17/2015,142579.0
5769,10/18/2015,142579.0
5770,10/19/2015,142579.0
5771,10/20/2015,142579.0
5772,10/21/2015,142579.0
5773,10/22/2015,142579.0
5774,10/23/2015,142579.0
5775,10/24/2015,142579.0
5776,10/25/2015,142579.0
5777,10/26/2015,142579.0
5778,10/27/2015,142579.0
5779,10/28/2015,142579.0
5780,10/29/2015,142579.0
5781,10/30/2015,142579.0
5782,10/31/2015,142579.0
5783,11/01/2015,142808.0
5784,11/02/2015,142808.0
5785,11/03/2015,142808.0
5786,11/04/2015,142808.0
5787,11/05/2015,142808.0
5788,11/06/2015,142808.0
5789,11/07/2015,142808.0
5790,11/08/2015,142808.0
5791,11/09/2015,142808.0
5792,11/10/2015,142808.0
5793,11/11/2015,142808.0
5794,11/12/2015,142808.0
5795,11/13/2015,142808.0
5796,11/14/2015,142808.0
5797,11/15/2015,142808.0
5798,11/16/2015,142808.0
5799,11/17/2015,142808.0
5800,11/18/2015,142808.0
5801,11/19/2015,142808.0
5802,11/20/2015,142808.0
5803,11/21/2015,142808.0
5804,11/22/2015,142808.0
5805,11/23/2015,142808.0
5806,11/24/2015,142808.0
5807,11/25/2015,142808.0
5808,11/26/2015,142808.0
5809,11/27/2015,142808.0
5810,11/28/2015,142808.0
5811,11/29/2015,142808.0
5812,11/30/2015,142808.0
5813,12/01/2015,143077.0
5814,12/02/2015,143077.0
5815,12/03/2015,143077.0
5816,12/04/2015,143077.0
5817,12/05/2015,143077.0
5818,12/06/2015,143077.0
5819,12/07/2015,143077.0
5820,12/08/2015,143077.0
5821,12/09/2015,143077.0
5822,12/10/2015,143077.0
5823,12/11/2015,143077.0
5824,12/12/2015,143077.0
5825,12/13/2015,143077.0
5826,12/14/2015,143077.0
5827,12/15/2015,143077.0
5828,12/16/2015,143077.0
5829,12/17/2015,143077.0
5830,12/18/2015,143077.0
5831,12/19/2015,143077.0
5832,12/20/2015,143077.0
5833,12/21/2015,143077.0
5834,12/22/2015,143077.0
5835,12/23/2015,143077.0
5836,12/24/2015,143077.0
5837,12/25/2015,143077.0
5838,12/26/2015,143077.0
5839,12/27/2015,143077.0
5840,12/28/2015,143077.0
5841,12/29/2015,143077.0
5842,12/30/2015,143077.0
5843,12/31/2015,143077.0
5844,01/01/2016,143210.0
5845,01/02/2016,143210.0
5846,01/03/2016,143210.0
5847,01/04/2016,143210.0
5848,01/05/2016,143210.0
5849,01/06/2016,143210.0
5850,01/07/2016,143210.0
5851,01/08/2016,143210.0
5852,01/09/2016,143210.0
5853,01/10/2016,143210.0
5854,01/11/2016,143210.0
5855,01/12/2016,143210.0
5856,01/13/2016,143210.0
5857,01/14/2016,143210.0
5858,01/15/2016,143210.0
5859,01/16/2016,143210.0
5860,01/17/2016,143210.0
5861,01/18/2016,143210.0
5862,01/19/2016,143210.0
5863,01/20/2016,143210.0
5864,01/21/2016,143210.0
5865,01/22/2016,143210.0
5866,01/23/2016,143210.0
5867,01/24/2016,143210.0
5868,01/25/2016,143210.0
5869,01/26/2016,143210.0
5870,01/27/2016,143210.0
5871,01/28/2016,143210.0
5872,01/29/2016,143210.0
5873,01/30/2016,143210.0
5874,01/31/2016,143210.0
5875,02/01/2016,143407.0
5876,02/02/2016,143407.0
5877,02/03/2016,143407.0
5878,02/04/2016,143407.0
5879,02/05/2016,143407.0
5880,02/06/2016,143407.0
5881,02/07/2016,143407.0
5882,02/08/2016,143407.0
5883,02/09/2016,143407.0
5884,02/10/2016,143407.0
5885,02/11/2016,143407.0
5886,02/12/2016,143407.0
5887,02/13/2016,143407.0
5888,02/14/2016,143407.0
5889,02/15/2016,143407.0
5890,02/16/2016,143407.0
5891,02/17/2016,143407.0
5892,02/18/2016,143407.0
5893,02/19/2016,143407.0
5894,02/20/2016,143407.0
5895,02/21/2016,143407.0
5896,02/22/2016,143407.0
5897,02/23/2016,143407.0
5898,02/24/2016,143407.0
5899,02/25/2016,143407.0
5900,02/26/2016,143407.0
5901,02/27/2016,143407.0
5902,02/28/2016,143407.0
5903,02/29/2016,143407.0
5904,03/01/2016,143662.0
5905,03/02/2016,143662.0
5906,03/03/2016,143662.0
5907,03/04/2016,143662.0
5908,03/05/2016,143662.0
5909,03/06/2016,143662.0
5910,03/07/2016,143662.0
5911,03/08/2016,143662.0
5912,03/09/2016,143662.0
5913,03/10/2016,143662.0
5914,03/11/2016,143662.0
5915,03/12/2016,143662.0
5916,03/13/2016,143662.0
5917,03/14/2016,143662.0
5918,03/15/2016,143662.0
5919,03/16/2016,143662.0
5920,03/17/2016,143662.0
5921,03/18/2016,143662.0
5922,03/19/2016,143662.0
5923,03/20/2016,143662.0
5924,03/21/2016,143662.0
5925,03/22/2016,143662.0
5926,03/23/2016,143662.0
5927,03/24/2016,143662.0
5928,03/25/2016,143662.0
5929,03/26/2016,143662.0
5930,03/27/2016,143662.0
5931,03/28/2016,143662.0
5932,03/29/2016,143662.0
5933,03/30/2016,143662.0
5934,03/31/2016,143662.0
5935,04/01/2016,143855.0
5936,04/02/2016,143855.0
5937,04/03/2016,143855.0
5938,04/04/2016,143855.0
5939,04/05/2016,143855.0
5940,04/06/2016,143855.0
5941,04/07/2016,143855.0
5942,04/08/2016,143855.0
5943,04/09/2016,143855.0
5944,04/10/2016,143855.0
5945,04/11/2016,143855.0
5946,04/12/2016,143855.0
5947,04/13/2016,143855.0
5948,04/14/2016,143855.0
5949,04/15/2016,143855.0
5950,04/16/2016,143855.0
5951,04/17/2016,143855.0
5952,04/18/2016,143855.0
5953,04/19/2016,143855.0
5954,04/20/2016,143855.0
5955,04/21/2016,143855.0
5956,04/22/2016,143855.0
5957,04/23/2016,143855.0
5958,04/24/2016,143855.0
5959,04/25/2016,143855.0
5960,04/26/2016,143855.0
5961,04/27/2016,143855.0
5962,04/28/2016,143855.0
5963,04/29/2016,143855.0
5964,04/30/2016,143855.0
5965,05/01/2016,143900.0
5966,05/02/2016,143900.0
5967,05/03/2016,143900.0
5968,05/04/2016,143900.0
5969,05/05/2016,143900.0
5970,05/06/2016,143900.0
5971,05/07/2016,143900.0
5972,05/08/2016,143900.0
5973,05/09/2016,143900.0
5974,05/10/2016,143900.0
5975,05/11/2016,143900.0
5976,05/12/2016,143900.0
5977,05/13/2016,143900.0
5978,05/14/2016,143900.0
5979,05/15/2016,143900.0
5980,05/16/2016,143900.0
5981,05/17/2016,143900.0
5982,05/18/2016,143900.0
5983,05/19/2016,143900.0
5984,05/20/2016,143900.0
5985,05/21/2016,143900.0
5986,05/22/2016,143900.0
5987,05/23/2016,143900.0
5988,05/24/2016,143900.0
5989,05/25/2016,143900.0
5990,05/26/2016,143900.0
5991,05/27/2016,143900.0
5992,05/28/2016,143900.0
5993,05/29/2016,143900.0
5994,05/30/2016,143900.0
5995,05/31/2016,143900.0
5996,06/01/2016,144146.0
5997,06/02/2016,144146.0
5998,06/03/2016,144146.0
5999,06/04/2016,144146.0
6000,06/05/2016,144146.0
6001,06/06/2016,144146.0
6002,06/07/2016,144146.0
6003,06/08/2016,144146.0
6004,06/09/2016,144146.0
6005,06/10/2016,144146.0
6006,06/11/2016,144146.0
6007,06/12/2016,144146.0
6008,06/13/2016,144146.0
6009,06/14/2016,144146.0
6010,06/15/2016,144146.0
6011,06/16/2016,144146.0
6012,06/17/2016,144146.0
6013,06/18/2016,144146.0
6014,06/19/2016,144146.0
6015,06/20/2016,144146.0
6016,06/21/2016,144146.0
6017,06/22/2016,144146.0
6018,06/23/2016,144146.0
6019,06/24/2016,144146.0
6020,06/25/2016,144146.0
6021,06/26/2016,144146.0
6022,06/27/2016,144146.0
6023,06/28/2016,144146.0
6024,06/29/2016,144146.0
6025,06/30/2016,144146.0
6026,07/01/2016,144520.0
6027,07/02/2016,144520.0
6028,07/03/2016,144520.0
6029,07/04/2016,144520.0
6030,07/05/2016,144520.0
6031,07/06/2016,144520.0
6032,07/07/2016,144520.0
6033,07/08/2016,144520.0
6034,07/09/2016,144520.0
6035,07/10/2016,144520.0
6036,07/11/2016,144520.0
6037,07/12/2016,144520.0
6038,07/13/2016,144520.0
6039,07/14/2016,144520.0
6040,07/15/2016,144520.0
6041,07/16/2016,144520.0
6042,07/17/2016,144520.0
6043,07/18/2016,144520.0
6044,07/19/2016,144520.0
6045,07/20/2016,144520.0
6046,07/21/2016,144520.0
6047,07/22/2016,144520.0
6048,07/23/2016,144520.0
6049,07/24/2016,144520.0
6050,07/25/2016,144520.0
6051,07/26/2016,144520.0
6052,07/27/2016,144520.0
6053,07/28/2016,144520.0
6054,07/29/2016,144520.0
6055,07/30/2016,144520.0
6056,07/31/2016,144520.0
6057,08/01/2016,144662.0
6058,08/02/2016,144662.0
6059,08/03/2016,144662.0
6060,08/04/2016,144662.0
6061,08/05/2016,144662.0
6062,08/06/2016,144662.0
6063,08/07/2016,144662.0
6064,08/08/2016,144662.0
6065,08/09/2016,144662.0
6066,08/10/2016,144662.0
6067,08/11/2016,144662.0
6068,08/12/2016,144662.0
6069,08/13/2016,144662.0
6070,08/14/2016,144662.0
6071,08/15/2016,144662.0
6072,08/16/2016,144662.0
6073,08/17/2016,144662.0
6074,08/18/2016,144662.0
6075,08/19/2016,144662.0
6076,08/20/2016,144662.0
6077,08/21/2016,144662.0
6078,08/22/2016,144662.0
6079,08/23/2016,144662.0
6080,08/24/2016,144662.0
6081,08/25/2016,144662.0
6082,08/26/2016,144662.0
6083,08/27/2016,144662.0
6084,08/28/2016,144662.0
6085,08/29/2016,144662.0
6086,08/30/2016,144662.0
6087,08/31/2016,144662.0
6088,09/01/2016,144967.0
6089,09/02/2016,144967.0
6090,09/03/2016,144967.0
6091,09/04/2016,144967.0
6092,09/05/2016,144967.0
6093,09/06/2016,144967.0
6094,09/07/2016,144967.0
6095,09/08/2016,144967.0
6096,09/09/2016,144967.0
6097,09/10/2016,144967.0
6098,09/11/2016,144967.0
6099,09/12/2016,144967.0
6100,09/13/2016,144967.0
6101,09/14/2016,144967.0
6102,09/15/2016,144967.0
6103,09/16/2016,144967.0
6104,09/17/2016,144967.0
6105,09/18/2016,144967.0
6106,09/19/2016,144967.0
6107,09/20/2016,144967.0
6108,09/21/2016,144967.0
6109,09/22/2016,144967.0
6110,09/23/2016,144967.0
6111,09/24/2016,144967.0
6112,09/25/2016,144967.0
6113,09/26/2016,144967.0
6114,09/27/2016,144967.0
6115,09/28/2016,144967.0
6116,09/29/2016,144967.0
6117,09/30/2016,144967.0
6118,10/01/2016,145066.0
6119,10/02/2016,145066.0
6120,10/03/2016,145066.0
6121,10/04/2016,145066.0
6122,10/05/2016,145066.0
6123,10/06/2016,145066.0
6124,10/07/2016,145066.0
6125,10/08/2016,145066.0
6126,10/09/2016,145066.0
6127,10/10/2016,145066.0
6128,10/11/2016,145066.0
6129,10/12/2016,145066.0
6130,10/13/2016,145066.0
6131,10/14/2016,145066.0
6132,10/15/2016,145066.0
6133,10/16/2016,145066.0
6134,10/17/2016,145066.0
6135,10/18/2016,145066.0
6136,10/19/2016,145066.0
6137,10/20/2016,145066.0
6138,10/21/2016,145066.0
6139,10/22/2016,145066.0
6140,10/23/2016,145066.0
6141,10/24/2016,145066.0
6142,10/25/2016,145066.0
6143,10/26/2016,145066.0
6144,10/27/2016,145066.0
6145,10/28/2016,145066.0
6146,10/29/2016,145066.0
6147,10/30/2016,145066.0
6148,10/31/2016,145066.0
6149,11/01/2016,145183.0
6150,11/02/2016,145183.0
6151,11/03/2016,145183.0
6152,11/04/2016,145183.0
6153,11/05/2016,145183.0
6154,11/06/2016,145183.0
6155,11/07/2016,145183.0
6156,11/08/2016,145183.0
6157,11/09/2016,145183.0
6158,11/10/2016,145183.0
6159,11/11/2016,145183.0
6160,11/12/2016,145183.0
6161,11/13/2016,145183.0
6162,11/14/2016,145183.0
6163,11/15/2016,145183.0
6164,11/16/2016,145183.0
6165,11/17/2016,145183.0
6166,11/18/2016,145183.0
6167,11/19/2016,145183.0
6168,11/20/2016,145183.0
6169,11/21/2016,145183.0
6170,11/22/2016,145183.0
6171,11/23/2016,145183.0
6172,11/24/2016,145183.0
6173,11/25/2016,145183.0
6174,11/26/2016,145183.0
6175,11/27/2016,145183.0
6176,11/28/2016,145183.0
6177,11/29/2016,145183.0
6178,11/30/2016,145183.0
6179,12/01/2016,145408.0
6180,12/02/2016,145408.0
6181,12/03/2016,145408.0
6182,12/04/2016,145408.0
6183,12/05/2016,145408.0
6184,12/06/2016,145408.0
6185,12/07/2016,145408.0
6186,12/08/2016,145408.0
6187,12/09/2016,145408.0
6188,12/10/2016,145408.0
6189,12/11/2016,145408.0
6190,12/12/2016,145408.0
6191,12/13/2016,145408.0
6192,12/14/2016,145408.0
6193,12/15/2016,145408.0
6194,12/16/2016,145408.0
6195,12/17/2016,145408.0
6196,12/18/2016,145408.0
6197,12/19/2016,145408.0
6198,12/20/2016,145408.0
6199,12/21/2016,145408.0
6200,12/22/2016,145408.0
6201,12/23/2016,145408.0
6202,12/24/2016,145408.0
6203,12/25/2016,145408.0
6204,12/26/2016,145408.0
6205,12/27/2016,145408.0
6206,12/28/2016,145408.0
6207,12/29/2016,145408.0
6208,12/30/2016,145408.0
6209,12/31/2016,145408.0
6210,01/01/2017,145628.0
6211,01/02/2017,145628.0
6212,01/03/2017,145628.0
6213,01/04/2017,145628.0
6214,01/05/2017,145628.0
6215,01/06/2017,145628.0
6216,01/07/2017,145628.0
6217,01/08/2017,145628.0
6218,01/09/2017,145628.0
6219,01/10/2017,145628.0
6220,01/11/2017,145628.0
6221,01/12/2017,145628.0
6222,01/13/2017,145628.0
6223,01/14/2017,145628.0
6224,01/15/2017,145628.0
6225,01/16/2017,145628.0
6226,01/17/2017,145628.0
6227,01/18/2017,145628.0
6228,01/19/2017,145628.0
6229,01/20/2017,145628.0
6230,01/21/2017,145628.0
6231,01/22/2017,145628.0
6232,01/23/2017,145628.0
6233,01/24/2017,145628.0
6234,01/25/2017,145628.0
6235,01/26/2017,145628.0
6236,01/27/2017,145628.0
6237,01/28/2017,145628.0
6238,01/29/2017,145628.0
6239,01/30/2017,145628.0
6240,01/31/2017,145628.0
6241,02/01/2017,145848.0
6242,02/02/2017,145848.0
6243,02/03/2017,145848.0
6244,02/04/2017,145848.0
6245,02/05/2017,145848.0
6246,02/06/2017,145848.0
6247,02/07/2017,145848.0
6248,02/08/2017,145848.0
6249,02/09/2017,145848.0
6250,02/10/2017,145848.0
6251,02/11/2017,145848.0
6252,02/12/2017,145848.0
6253,02/13/2017,145848.0
6254,02/14/2017,145848.0
6255,02/15/2017,145848.0
6256,02/16/2017,145848.0
6257,02/17/2017,145848.0
6258,02/18/2017,145848.0
6259,02/19/2017,145848.0
6260,02/20/2017,145848.0
6261,02/21/2017,145848.0
6262,02/22/2017,145848.0
6263,02/23/2017,145848.0
6264,02/24/2017,145848.0
6265,02/25/2017,145848.0
6266,02/26/2017,145848.0
6267,02/27/2017,145848.0
6268,02/28/2017,145848.0
6269,03/01/2017,145969.0
6270,03/02/2017,145969.0
6271,03/03/2017,145969.0
6272,03/04/2017,145969.0
6273,03/05/2017,145969.0
6274,03/06/2017,145969.0
6275,03/07/2017,145969.0
6276,03/08/2017,145969.0
6277,03/09/2017,145969.0
6278,03/10/2017,145969.0
6279,03/11/2017,145969.0
6280,03/12/2017,145969.0
6281,03/13/2017,145969.0
6282,03/14/2017,145969.0
6283,03/15/2017,145969.0
6284,03/16/2017,145969.0
6285,03/17/2017,145969.0
6286,03/18/2017,145969.0
6287,03/19/2017,145969.0
6288,03/20/2017,145969.0
6289,03/21/2017,145969.0
6290,03/22/2017,145969.0
6291,03/23/2017,145969.0
6292,03/24/2017,145969.0
6293,03/25/2017,145969.0
6294,03/26/2017,145969.0
6295,03/27/2017,145969.0
6296,03/28/2017,145969.0
6297,03/29/2017,145969.0
6298,03/30/2017,145969.0
6299,03/31/2017,145969.0
6300,04/01/2017,146174.0
6301,04/02/2017,146174.0
6302,04/03/2017,146174.0
6303,04/04/2017,146174.0
6304,04/05/2017,146174.0
6305,04/06/2017,146174.0
6306,04/07/2017,146174.0
6307,04/08/2017,146174.0
6308,04/09/2017,146174.0
6309,04/10/2017,146174.0
6310,04/11/2017,146174.0
6311,04/12/2017,146174.0
6312,04/13/2017,146174.0
6313,04/14/2017,146174.0
6314,04/15/2017,146174.0
6315,04/16/2017,146174.0
6316,04/17/2017,146174.0
6317,04/18/2017,146174.0
6318,04/19/2017,146174.0
6319,04/20/2017,146174.0
6320,04/21/2017,146174.0
6321,04/22/2017,146174.0
6322,04/23/2017,146174.0
6323,04/24/2017,146174.0
6324,04/25/2017,146174.0
6325,04/26/2017,146174.0
6326,04/27/2017,146174.0
6327,04/28/2017,146174.0
6328,04/29/2017,146174.0
6329,04/30/2017,146174.0
6330,05/01/2017,146380.0
6331,05/02/2017,146380.0
6332,05/03/2017,146380.0
6333,05/04/2017,146380.0
6334,05/05/2017,146380.0
6335,05/06/2017,146380.0
6336,05/07/2017,146380.0
6337,05/08/2017,146380.0
6338,05/09/2017,146380.0
6339,05/10/2017,146380.0
6340,05/11/2017,146380.0
6341,05/12/2017,146380.0
6342,05/13/2017,146380.0
6343,05/14/2017,146380.0
6344,05/15/2017,146380.0
6345,05/16/2017,146380.0
6346,05/17/2017,146380.0
6347,05/18/2017,146380.0
6348,05/19/2017,146380.0
6349,05/20/2017,146380.0
6350,05/21/2017,146380.0
6351,05/22/2017,146380.0
6352,05/23/2017,146380.0
6353,05/24/2017,146380.0
6354,05/25/2017,146380.0
6355,05/26/2017,146380.0
6356,05/27/2017,146380.0
6357,05/28/2017,146380.0
6358,05/29/2017,146380.0
6359,05/30/2017,146380.0
6360,05/31/2017,146380.0
6361,06/01/2017,146583.0
6362,06/02/2017,146583.0
6363,06/03/2017,146583.0
6364,06/04/2017,146583.0
6365,06/05/2017,146583.0
6366,06/06/2017,146583.0
6367,06/07/2017,146583.0
6368,06/08/2017,146583.0
6369,06/09/2017,146583.0
6370,06/10/2017,146583.0
6371,06/11/2017,146583.0
6372,06/12/2017,146583.0
6373,06/13/2017,146583.0
6374,06/14/2017,146583.0
6375,06/15/2017,146583.0
6376,06/16/2017,146583.0
6377,06/17/2017,146583.0
6378,06/18/2017,146583.0
6379,06/19/2017,146583.0
6380,06/20/2017,146583.0
6381,06/21/2017,146583.0
6382,06/22/2017,146583.0
6383,06/23/2017,146583.0
6384,06/24/2017,146583.0
6385,06/25/2017,146583.0
6386,06/26/2017,146583.0
6387,06/27/2017,146583.0
6388,06/28/2017,146583.0
6389,06/29/2017,146583.0
6390,06/30/2017,146583.0
6391,07/01/2017,146772.0
6392,07/02/2017,146772.0
6393,07/03/2017,146772.0
6394,07/04/2017,146772.0
6395,07/05/2017,146772.0
6396,07/06/2017,146772.0
6397,07/07/2017,146772.0
6398,07/08/2017,146772.0
6399,07/09/2017,146772.0
6400,07/10/2017,146772.0
6401,07/11/2017,146772.0
6402,07/12/2017,146772.0
6403,07/13/2017,146772.0
6404,07/14/2017,146772.0
6405,07/15/2017,146772.0
6406,07/16/2017,146772.0
6407,07/17/2017,146772.0
6408,07/18/2017,146772.0
6409,07/19/2017,146772.0
6410,07/20/2017,146772.0
6411,07/21/2017,146772.0
6412,07/22/2017,146772.0
6413,07/23/2017,146772.0
6414,07/24/2017,146772.0
6415,07/25/2017,146772.0
6416,07/26/2017,146772.0
6417,07/27/2017,146772.0
6418,07/28/2017,146772.0
6419,07/29/2017,146772.0
6420,07/30/2017,146772.0
6421,07/31/2017,146772.0
6422,08/01/2017,146919.0
6423,08/02/2017,146919.0
6424,08/03/2017,146919.0
6425,08/04/2017,146919.0
6426,08/05/2017,146919.0
6427,08/06/2017,146919.0
6428,08/07/2017,146919.0
6429,08/08/2017,146919.0
6430,08/09/2017,146919.0
6431,08/10/2017,146919.0
6432,08/11/2017,146919.0
6433,08/12/2017,146919.0
6434,08/13/2017,146919.0
6435,08/14/2017,146919.0
6436,08/15/2017,146919.0
6437,08/16/2017,146919.0
6438,08/17/2017,146919.0
6439,08/18/2017,146919.0
6440,08/19/2017,146919.0
6441,08/20/2017,146919.0
6442,08/21/2017,146919.0
6443,08/22/2017,146919.0
6444,08/23/2017,146919.0
6445,08/24/2017,146919.0
6446,08/25/2017,146919.0
6447,08/26/2017,146919.0
6448,08/27/2017,146919.0
6449,08/28/2017,146919.0
6450,08/29/2017,146919.0
6451,08/30/2017,146919.0
6452,08/31/2017,146919.0
6453,09/01/2017,147007.0
6454,09/02/2017,147007.0
6455,09/03/2017,147007.0
6456,09/04/2017,147007.0
6457,09/05/2017,147007.0
6458,09/06/2017,147007.0
6459,09/07/2017,147007.0
6460,09/08/2017,147007.0
6461,09/09/2017,147007.0
6462,09/10/2017,147007.0
6463,09/11/2017,147007.0
6464,09/12/2017,147007.0
6465,09/13/2017,147007.0
6466,09/14/2017,147007.0
6467,09/15/2017,147007.0
6468,09/16/2017,147007.0
6469,09/17/2017,147007.0
6470,09/18/2017,147007.0
6471,09/19/2017,147007.0
6472,09/20/2017,147007.0
6473,09/21/2017,147007.0
6474,09/22/2017,147007.0
6475,09/23/2017,147007.0
6476,09/24/2017,147007.0
6477,09/25/2017,147007.0
6478,09/26/2017,147007.0
6479,09/27/2017,147007.0
6480,09/28/2017,147007.0
6481,09/29/2017,147007.0
6482,09/30/2017,147007.0
6483,10/01/2017,147150.0
6484,10/02/2017,147150.0
6485,10/03/2017,147150.0
6486,10/04/2017,147150.0
6487,10/05/2017,147150.0
6488,10/06/2017,147150.0
6489,10/07/2017,147150.0
6490,10/08/2017,147150.0
6491,10/09/2017,147150.0
6492,10/10/2017,147150.0
6493,10/11/2017,147150.0
6494,10/12/2017,147150.0
6495,10/13/2017,147150.0
6496,10/14/2017,147150.0
6497,10/15/2017,147150.0
6498,10/16/2017,147150.0
6499,10/17/2017,147150.0
6500,10/18/2017,147150.0
6501,10/19/2017,147150.0
6502,10/20/2017,147150.0
6503,10/21/2017,147150.0
6504,10/22/2017,147150.0
6505,10/23/2017,147150.0
6506,10/24/2017,147150.0
6507,10/25/2017,147150.0
6508,10/26/2017,147150.0
6509,10/27/2017,147150.0
6510,10/28/2017,147150.0
6511,10/29/2017,147150.0
6512,10/30/2017,147150.0
6513,10/31/2017,147150.0
6514,11/01/2017,147373.0
6515,11/02/2017,147373.0
6516,11/03/2017,147373.0
6517,11/04/2017,147373.0
6518,11/05/2017,147373.0
6519,11/06/2017,147373.0
6520,11/07/2017,147373.0
6521,11/08/2017,147373.0
6522,11/09/2017,147373.0
6523,11/10/2017,147373.0
6524,11/11/2017,147373.0
6525,11/12/2017,147373.0
6526,11/13/2017,147373.0
6527,11/14/2017,147373.0
6528,11/15/2017,147373.0
6529,11/16/2017,147373.0
6530,11/17/2017,147373.0
6531,11/18/2017,147373.0
6532,11/19/2017,147373.0
6533,11/20/2017,147373.0
6534,11/21/2017,147373.0
6535,11/22/2017,147373.0
6536,11/23/2017,147373.0
6537,11/24/2017,147373.0
6538,11/25/2017,147373.0
6539,11/26/2017,147373.0
6540,11/27/2017,147373.0
6541,11/28/2017,147373.0
6542,11/29/2017,147373.0
6543,11/30/2017,147373.0
6544,12/01/2017,147523.0
6545,12/02/2017,147523.0
6546,12/03/2017,147523.0
6547,12/04/2017,147523.0
6548,12/05/2017,147523.0
6549,12/06/2017,147523.0
6550,12/07/2017,147523.0
6551,12/08/2017,147523.0
6552,12/09/2017,147523.0
6553,12/10/2017,147523.0
6554,12/11/2017,147523.0
6555,12/12/2017,147523.0
6556,12/13/2017,147523.0
6557,12/14/2017,147523.0
6558,12/15/2017,147523.0
6559,12/16/2017,147523.0
6560,12/17/2017,147523.0
6561,12/18/2017,147523.0
6562,12/19/2017,147523.0
6563,12/20/2017,147523.0
6564,12/21/2017,147523.0
6565,12/22/2017,147523.0
6566,12/23/2017,147523.0
6567,12/24/2017,147523.0
6568,12/25/2017,147523.0
6569,12/26/2017,147523.0
6570,12/27/2017,147523.0
6571,12/28/2017,147523.0
6572,12/29/2017,147523.0
6573,12/30/2017,147523.0
6574,12/31/2017,147523.0
6575,01/01/2018,147660.0
6576,01/02/2018,147660.0
6577,01/03/2018,147660.0
6578,01/04/2018,147660.0
6579,01/05/2018,147660.0
6580,01/06/2018,147660.0
6581,01/07/2018,147660.0
6582,01/08/2018,147660.0
6583,01/09/2018,147660.0
6584,01/10/2018,147660.0
6585,01/11/2018,147660.0
6586,01/12/2018,147660.0
6587,01/13/2018,147660.0
6588,01/14/2018,147660.0
6589,01/15/2018,147660.0
6590,01/16/2018,147660.0
6591,01/17/2018,147660.0
6592,01/18/2018,147660.0
6593,01/19/2018,147660.0
6594,01/20/2018,147660.0
6595,01/21/2018,147660.0
6596,01/22/2018,147660.0
6597,01/23/2018,147660.0
6598,01/24/2018,147660.0
6599,01/25/2018,147660.0
6600,01/26/2018,147660.0
6601,01/27/2018,147660.0
6602,01/28/2018,147660.0
6603,01/29/2018,147660.0
6604,01/30/2018,147660.0
6605,01/31/2018,147660.0
6606,02/01/2018,148054.0
6607,02/02/2018,148054.0
6608,02/03/2018,148054.0
6609,02/04/2018,148054.0
6610,02/05/2018,148054.0
6611,02/06/2018,148054.0
6612,02/07/2018,148054.0
6613,02/08/2018,148054.0
6614,02/09/2018,148054.0
6615,02/10/2018,148054.0
6616,02/11/2018,148054.0
6617,02/12/2018,148054.0
6618,02/13/2018,148054.0
6619,02/14/2018,148054.0
6620,02/15/2018,148054.0
6621,02/16/2018,148054.0
6622,02/17/2018,148054.0
6623,02/18/2018,148054.0
6624,02/19/2018,148054.0
6625,02/20/2018,148054.0
6626,02/21/2018,148054.0
6627,02/22/2018,148054.0
6628,02/23/2018,148054.0
6629,02/24/2018,148054.0
6630,02/25/2018,148054.0
6631,02/26/2018,148054.0
6632,02/27/2018,148054.0
6633,02/28/2018,148054.0
6634,03/01/2018,148280.0
6635,03/02/2018,148280.0
6636,03/03/2018,148280.0
6637,03/04/2018,148280.0
6638,03/05/2018,148280.0
6639,03/06/2018,148280.0
6640,03/07/2018,148280.0
6641,03/08/2018,148280.0
6642,03/09/2018,148280.0
6643,03/10/2018,148280.0
6644,03/11/2018,148280.0
6645,03/12/2018,148280.0
6646,03/13/2018,148280.0
6647,03/14/2018,148280.0
6648,03/15/2018,148280.0
6649,03/16/2018,148280.0
6650,03/17/2018,148280.0
6651,03/18/2018,148280.0
6652,03/19/2018,148280.0
6653,03/20/2018,148280.0
6654,03/21/2018,148280.0
6655,03/22/2018,148280.0
6656,03/23/2018,148280.0
6657,03/24/2018,148280.0
6658,03/25/2018,148280.0
6659,03/26/2018,148280.0
6660,03/27/2018,148280.0
6661,03/28/2018,148280.0
6662,03/29/2018,148280.0
6663,03/30/2018,148280.0
6664,03/31/2018,148280.0
6665,04/01/2018,148422.0
6666,04/02/2018,148422.0
6667,04/03/2018,148422.0
6668,04/04/2018,148422.0
6669,04/05/2018,148422.0
6670,04/06/2018,148422.0
6671,04/07/2018,148422.0
6672,04/08/2018,148422.0
6673,04/09/2018,148422.0
6674,04/10/2018,148422.0
6675,04/11/2018,148422.0
6676,04/12/2018,148422.0
6677,04/13/2018,148422.0
6678,04/14/2018,148422.0
6679,04/15/2018,148422.0
6680,04/16/2018,148422.0
6681,04/17/2018,148422.0
6682,04/18/2018,148422.0
6683,04/19/2018,148422.0
6684,04/20/2018,148422.0
6685,04/21/2018,148422.0
6686,04/22/2018,148422.0
6687,04/23/2018,148422.0
6688,04/24/2018,148422.0
6689,04/25/2018,148422.0
6690,04/26/2018,148422.0
6691,04/27/2018,148422.0
6692,04/28/2018,148422.0
6693,04/29/2018,148422.0
6694,04/30/2018,148422.0
6695,05/01/2018,148740.0
6696,05/02/2018,148740.0
6697,05/03/2018,148740.0
6698,05/04/2018,148740.0
6699,05/05/2018,148740.0
6700,05/06/2018,148740.0
6701,05/07/2018,148740.0
6702,05/08/2018,148740.0
6703,05/09/2018,148740.0
6704,05/10/2018,148740.0
6705,05/11/2018,148740.0
6706,05/12/2018,148740.0
6707,05/13/2018,148740.0
6708,05/14/2018,148740.0
6709,05/15/2018,148740.0
6710,05/16/2018,148740.0
6711,05/17/2018,148740.0
6712,05/18/2018,148740.0
6713,05/19/2018,148740.0
6714,05/20/2018,148740.0
6715,05/21/2018,148740.0
6716,05/22/2018,148740.0
6717,05/23/2018,148740.0
6718,05/24/2018,148740.0
6719,05/25/2018,148740.0
6720,05/26/2018,148740.0
6721,05/27/2018,148740.0
6722,05/28/2018,148740.0
6723,05/29/2018,148740.0
6724,05/30/2018,148740.0
6725,05/31/2018,148740.0
6726,06/01/2018,148959.0
6727,06/02/2018,148959.0
6728,06/03/2018,148959.0
6729,06/04/2018,148959.0
6730,06/05/2018,148959.0
6731,06/06/2018,148959.0
6732,06/07/2018,148959.0
6733,06/08/2018,148959.0
6734,06/09/2018,148959.0
6735,06/10/2018,148959.0
6736,06/11/2018,148959.0
6737,06/12/2018,148959.0
6738,06/13/2018,148959.0
6739,06/14/2018,148959.0
6740,06/15/2018,148959.0
6741,06/16/2018,148959.0
6742,06/17/2018,148959.0
6743,06/18/2018,148959.0
6744,06/19/2018,148959.0
6745,06/20/2018,148959.0
6746,06/21/2018,148959.0
6747,06/22/2018,148959.0
6748,06/23/2018,148959.0
6749,06/24/2018,148959.0
6750,06/25/2018,148959.0
6751,06/26/2018,148959.0
6752,06/27/2018,148959.0
6753,06/28/2018,148959.0
6754,06/29/2018,148959.0
6755,06/30/2018,148959.0
6756,07/01/2018,149020.0
6757,07/02/2018,149020.0
6758,07/03/2018,149020.0
6759,07/04/2018,149020.0
6760,07/05/2018,149020.0
6761,07/06/2018,149020.0
6762,07/07/2018,149020.0
6763,07/08/2018,149020.0
6764,07/09/2018,149020.0
6765,07/10/2018,149020.0
6766,07/11/2018,149020.0
6767,07/12/2018,149020.0
6768,07/13/2018,149020.0
6769,07/14/2018,149020.0
6770,07/15/2018,149020.0
6771,07/16/2018,149020.0
6772,07/17/2018,149020.0
6773,07/18/2018,149020.0
6774,07/19/2018,149020.0
6775,07/20/2018,149020.0
6776,07/21/2018,149020.0
6777,07/22/2018,149020.0
6778,07/23/2018,149020.0
6779,07/24/2018,149020.0
6780,07/25/2018,149020.0
6781,07/26/2018,149020.0
6782,07/27/2018,149020.0
6783,07/28/2018,149020.0
6784,07/29/2018,149020.0
6785,07/30/2018,149020.0
6786,07/31/2018,149020.0
6787,08/01/2018,149279.0
6788,08/02/2018,149279.0
6789,08/03/2018,149279.0
6790,08/04/2018,149279.0
6791,08/05/2018,149279.0
6792,08/06/2018,149279.0
6793,08/07/2018,149279.0
6794,08/08/2018,149279.0
6795,08/09/2018,149279.0
6796,08/10/2018,149279.0
6797,08/11/2018,149279.0
6798,08/12/2018,149279.0
6799,08/13/2018,149279.0
6800,08/14/2018,149279.0
6801,08/15/2018,149279.0
6802,08/16/2018,149279.0
6803,08/17/2018,149279.0
6804,08/18/2018,149279.0
6805,08/19/2018,149279.0
6806,08/20/2018,149279.0
6807,08/21/2018,149279.0
6808,08/22/2018,149279.0
6809,08/23/2018,149279.0
6810,08/24/2018,149279.0
6811,08/25/2018,149279.0
6812,08/26/2018,149279.0
6813,08/27/2018,149279.0
6814,08/28/2018,149279.0
6815,08/29/2018,149279.0
6816,08/30/2018,149279.0
6817,08/31/2018,149279.0
6818,09/01/2018,149358.0
6819,09/02/2018,149358.0
6820,09/03/2018,149358.0
6821,09/04/2018,149358.0
6822,09/05/2018,149358.0
6823,09/06/2018,149358.0
6824,09/07/2018,149358.0
6825,09/08/2018,149358.0
6826,09/09/2018,149358.0
6827,09/10/2018,149358.0
6828,09/11/2018,149358.0
6829,09/12/2018,149358.0
6830,09/13/2018,149358.0
6831,09/14/2018,149358.0
6832,09/15/2018,149358.0
6833,09/16/2018,149358.0
6834,09/17/2018,149358.0
6835,09/18/2018,149358.0
6836,09/19/2018,149358.0
6837,09/20/2018,149358.0
6838,09/21/2018,149358.0
6839,09/22/2018,149358.0
6840,09/23/2018,149358.0
6841,09/24/2018,149358.0
6842,09/25/2018,149358.0
6843,09/26/2018,149358.0
6844,09/27/2018,149358.0
6845,09/28/2018,149358.0
6846,09/29/2018,149358.0
6847,09/30/2018,149358.0
6848,10/01/2018,149526.0
6849,10/02/2018,149526.0
6850,10/03/2018,149526.0
6851,10/04/2018,149526.0
6852,10/05/2018,149526.0
6853,10/06/2018,149526.0
6854,10/07/2018,149526.0
6855,10/08/2018,149526.0
6856,10/09/2018,149526.0
6857,10/10/2018,149526.0
6858,10/11/2018,149526.0
6859,10/12/2018,149526.0
6860,10/13/2018,149526.0
6861,10/14/2018,149526.0
6862,10/15/2018,149526.0
6863,10/16/2018,149526.0
6864,10/17/2018,149526.0
6865,10/18/2018,149526.0
6866,10/19/2018,149526.0
6867,10/20/2018,149526.0
6868,10/21/2018,149526.0
6869,10/22/2018,149526.0
6870,10/23/2018,149526.0
6871,10/24/2018,149526.0
6872,10/25/2018,149526.0
6873,10/26/2018,149526.0
6874,10/27/2018,149526.0
6875,10/28/2018,149526.0
6876,10/29/2018,149526.0
6877,10/30/2018,149526.0
6878,10/31/2018,149526.0
6879,11/01/2018,149617.0
6880,11/02/2018,149617.0
6881,11/03/2018,149617.0
6882,11/04/2018,149617.0
6883,11/05/2018,149617.0
6884,11/06/2018,149617.0
6885,11/07/2018,149617.0
6886,11/08/2018,149617.0
6887,11/09/2018,149617.0
6888,11/10/2018,149617.0
6889,11/11/2018,149617.0
6890,11/12/2018,149617.0
6891,11/13/2018,149617.0
6892,11/14/2018,149617.0
6893,11/15/2018,149617.0
6894,11/16/2018,149617.0
6895,11/17/2018,149617.0
6896,11/18/2018,149617.0
6897,11/19/2018,149617.0
6898,11/20/2018,149617.0
6899,11/21/2018,149617.0
6900,11/22/2018,149617.0
6901,11/23/2018,149617.0
6902,11/24/2018,149617.0
6903,11/25/2018,149617.0
6904,11/26/2018,149617.0
6905,11/27/2018,149617.0
6906,11/28/2018,149617.0
6907,11/29/2018,149617.0
6908,11/30/2018,149617.0
6909,12/01/2018,149809.0
6910,12/02/2018,149809.0
6911,12/03/2018,149809.0
6912,12/04/2018,149809.0
6913,12/05/2018,149809.0
6914,12/06/2018,149809.0
6915,12/07/2018,149809.0
6916,12/08/2018,149809.0
6917,12/09/2018,149809.0
6918,12/10/2018,149809.0
6919,12/11/2018,149809.0
6920,12/12/2018,149809.0
6921,12/13/2018,149809.0
6922,12/14/2018,149809.0
6923,12/15/2018,149809.0
6924,12/16/2018,149809.0
6925,12/17/2018,149809.0
6926,12/18/2018,149809.0
6927,12/19/2018,149809.0
6928,12/20/2018,149809.0
6929,12/21/2018,149809.0
6930,12/22/2018,149809.0
6931,12/23/2018,149809.0
6932,12/24/2018,149809.0
6933,12/25/2018,149809.0
6934,12/26/2018,149809.0
6935,12/27/2018,149809.0
6936,12/28/2018,149809.0
6937,12/29/2018,149809.0
6938,12/30/2018,149809.0
6939,12/31/2018,149809.0
6940,01/01/2019,150059.0
6941,01/02/2019,150059.0
6942,01/03/2019,150059.0
6943,01/04/2019,150059.0
6944,01/05/2019,150059.0
6945,01/06/2019,150059.0
6946,01/07/2019,150059.0
6947,01/08/2019,150059.0
6948,01/09/2019,150059.0
6949,01/10/2019,150059.0
6950,01/11/2019,150059.0
6951,01/12/2019,150059.0
6952,01/13/2019,150059.0
6953,01/14/2019,150059.0
6954,01/15/2019,150059.0
6955,01/16/2019,150059.0
6956,01/17/2019,150059.0
6957,01/18/2019,150059.0
6958,01/19/2019,150059.0
6959,01/20/2019,150059.0
6960,01/21/2019,150059.0
6961,01/22/2019,150059.0
6962,01/23/2019,150059.0
6963,01/24/2019,150059.0
6964,01/25/2019,150059.0
6965,01/26/2019,150059.0
6966,01/27/2019,150059.0
6967,01/28/2019,150059.0
6968,01/29/2019,150059.0
6969,01/30/2019,150059.0
6970,01/31/2019,150059.0
6971,02/01/2019,150065.0
6972,02/02/2019,150065.0
6973,02/03/2019,150065.0
6974,02/04/2019,150065.0
6975,02/05/2019,150065.0
6976,02/06/2019,150065.0
6977,02/07/2019,150065.0
6978,02/08/2019,150065.0
6979,02/09/2019,150065.0
6980,02/10/2019,150065.0
6981,02/11/2019,150065.0
6982,02/12/2019,150065.0
6983,02/13/2019,150065.0
6984,02/14/2019,150065.0
6985,02/15/2019,150065.0
6986,02/16/2019,150065.0
6987,02/17/2019,150065.0
6988,02/18/2019,150065.0
6989,02/19/2019,150065.0
6990,02/20/2019,150065.0
6991,02/21/2019,150065.0
6992,02/22/2019,150065.0
6993,02/23/2019,150065.0
6994,02/24/2019,150065.0
6995,02/25/2019,150065.0
6996,02/26/2019,150065.0
6997,02/27/2019,150065.0
6998,02/28/2019,150065.0
6999,03/01/2019,150295.0
7000,03/02/2019,150295.0
7001,03/03/2019,150295.0
7002,03/04/2019,150295.0
7003,03/05/2019,150295.0
7004,03/06/2019,150295.0
7005,03/07/2019,150295.0
7006,03/08/2019,150295.0
7007,03/09/2019,150295.0
7008,03/10/2019,150295.0
7009,03/11/2019,150295.0
7010,03/12/2019,150295.0
7011,03/13/2019,150295.0
7012,03/14/2019,150295.0
7013,03/15/2019,150295.0
7014,03/16/2019,150295.0
7015,03/17/2019,150295.0
7016,03/18/2019,150295.0
7017,03/19/2019,150295.0
7018,03/20/2019,150295.0
7019,03/21/2019,150295.0
7020,03/22/2019,150295.0
7021,03/23/2019,150295.0
7022,03/24/2019,150295.0
7023,03/25/2019,150295.0
7024,03/26/2019,150295.0
7025,03/27/2019,150295.0
7026,03/28/2019,150295.0
7027,03/29/2019,150295.0
7028,03/30/2019,150295.0
7029,03/31/2019,150295.0
7030,04/01/2019,150593.0
7031,04/02/2019,150593.0
7032,04/03/2019,150593.0
7033,04/04/2019,150593.0
7034,04/05/2019,150593.0
7035,04/06/2019,150593.0
7036,04/07/2019,150593.0
7037,04/08/2019,150593.0
7038,04/09/2019,150593.0
7039,04/10/2019,150593.0
7040,04/11/2019,150593.0
7041,04/12/2019,150593.0
7042,04/13/2019,150593.0
7043,04/14/2019,150593.0
7044,04/15/2019,150593.0
7045,04/16/2019,150593.0
7046,04/17/2019,150593.0
7047,04/18/2019,150593.0
7048,04/19/2019,150593.0
7049,04/20/2019,150593.0
7050,04/21/2019,150593.0
7051,04/22/2019,150593.0
7052,04/23/2019,150593.0
7053,04/24/2019,150593.0
7054,04/25/2019,150593.0
7055,04/26/2019,150593.0
7056,04/27/2019,150593.0
7057,04/28/2019,150593.0
7058,04/29/2019,150593.0
7059,04/30/2019,150593.0
7060,05/01/2019,150621.0
7061,05/02/2019,150621.0
7062,05/03/2019,150621.0
7063,05/04/2019,150621.0
7064,05/05/2019,150621.0
7065,05/06/2019,150621.0
7066,05/07/2019,150621.0
7067,05/08/2019,150621.0
7068,05/09/2019,150621.0
7069,05/10/2019,150621.0
7070,05/11/2019,150621.0
7071,05/12/2019,150621.0
7072,05/13/2019,150621.0
7073,05/14/2019,150621.0
7074,05/15/2019,150621.0
7075,05/16/2019,150621.0
7076,05/17/2019,150621.0
7077,05/18/2019,150621.0
7078,05/19/2019,150621.0
7079,05/20/2019,150621.0
7080,05/21/2019,150621.0
7081,05/22/2019,150621.0
7082,05/23/2019,150621.0
7083,05/24/2019,150621.0
7084,05/25/2019,150621.0
7085,05/26/2019,150621.0
7086,05/27/2019,150621.0
7087,05/28/2019,150621.0
7088,05/29/2019,150621.0
7089,05/30/2019,150621.0
7090,05/31/2019,150621.0
7091,06/01/2019,150839.0
7092,06/02/2019,150839.0
7093,06/03/2019,150839.0
7094,06/04/2019,150839.0
7095,06/05/2019,150839.0
7096,06/06/2019,150839.0
7097,06/07/2019,150839.0
7098,06/08/2019,150839.0
7099,06/09/2019,150839.0
7100,06/10/2019,150839.0
7101,06/11/2019,150839.0
7102,06/12/2019,150839.0
7103,06/13/2019,150839.0
7104,06/14/2019,150839.0
7105,06/15/2019,150839.0
7106,06/16/2019,150839.0
7107,06/17/2019,150839.0
7108,06/18/2019,150839.0
7109,06/19/2019,150839.0
7110,06/20/2019,150839.0
7111,06/21/2019,150839.0
7112,06/22/2019,150839.0
7113,06/23/2019,150839.0
7114,06/24/2019,150839.0
7115,06/25/2019,150839.0
7116,06/26/2019,150839.0
7117,06/27/2019,150839.0
7118,06/28/2019,150839.0
7119,06/29/2019,150839.0
7120,06/30/2019,150839.0
7121,07/01/2019,150936.0
7122,07/02/2019,150936.0
7123,07/03/2019,150936.0
7124,07/04/2019,150936.0
7125,07/05/2019,150936.0
7126,07/06/2019,150936.0
7127,07/07/2019,150936.0
7128,07/08/2019,150936.0
7129,07/09/2019,150936.0
7130,07/10/2019,150936.0
7131,07/11/2019,150936.0
7132,07/12/2019,150936.0
7133,07/13/2019,150936.0
7134,07/14/2019,150936.0
7135,07/15/2019,150936.0
7136,07/16/2019,150936.0
7137,07/17/2019,150936.0
7138,07/18/2019,150936.0
7139,07/19/2019,150936.0
7140,07/20/2019,150936.0
7141,07/21/2019,150936.0
7142,07/22/2019,150936.0
7143,07/23/2019,150936.0
7144,07/24/2019,150936.0
7145,07/25/2019,150936.0
7146,07/26/2019,150936.0
7147,07/27/2019,150936.0
7148,07/28/2019,150936.0
7149,07/29/2019,150936.0
7150,07/30/2019,150936.0
7151,07/31/2019,150936.0
7152,08/01/2019,151171.0
7153,08/02/2019,151171.0
7154,08/03/2019,151171.0
7155,08/04/2019,151171.0
7156,08/05/2019,151171.0
7157,08/06/2019,151171.0
7158,08/07/2019,151171.0
7159,08/08/2019,151171.0
7160,08/09/2019,151171.0
7161,08/10/2019,151171.0
7162,08/11/2019,151171.0
7163,08/12/2019,151171.0
7164,08/13/2019,151171.0
7165,08/14/2019,151171.0
7166,08/15/2019,151171.0
7167,08/16/2019,151171.0
7168,08/17/2019,151171.0
7169,08/18/2019,151171.0
7170,08/19/2019,151171.0
7171,08/20/2019,151171.0
7172,08/21/2019,151171.0
7173,08/22/2019,151171.0
7174,08/23/2019,151171.0
7175,08/24/2019,151171.0
7176,08/25/2019,151171.0
7177,08/26/2019,151171.0
7178,08/27/2019,151171.0
7179,08/28/2019,151171.0
7180,08/29/2019,151171.0
7181,08/30/2019,151171.0
7182,08/31/2019,151171.0
7183,09/01/2019,151365.0
7184,09/02/2019,151365.0
7185,09/03/2019,151365.0
7186,09/04/2019,151365.0
7187,09/05/2019,151365.0
7188,09/06/2019,151365.0
7189,09/07/2019,151365.0
7190,09/08/2019,151365.0
7191,09/09/2019,151365.0
7192,09/10/2019,151365.0
7193,09/11/2019,151365.0
7194,09/12/2019,151365.0
7195,09/13/2019,151365.0
7196,09/14/2019,151365.0
7197,09/15/2019,151365.0
7198,09/16/2019,151365.0
7199,09/17/2019,151365.0
7200,09/18/2019,151365.0
7201,09/19/2019,151365.0
7202,09/20/2019,151365.0
7203,09/21/2019,151365.0
7204,09/22/2019,151365.0
7205,09/23/2019,151365.0
7206,09/24/2019,151365.0
7207,09/25/2019,151365.0
7208,09/26/2019,151365.0
7209,09/27/2019,151365.0
7210,09/28/2019,151365.0
7211,09/29/2019,151365.0
7212,09/30/2019,151365.0
7213,10/01/2019,151460.0
7214,10/02/2019,151460.0
7215,10/03/2019,151460.0
7216,10/04/2019,151460.0
7217,10/05/2019,151460.0
7218,10/06/2019,151460.0
7219,10/07/2019,151460.0
7220,10/08/2019,151460.0
7221,10/09/2019,151460.0
7222,10/10/2019,151460.0
7223,10/11/2019,151460.0
7224,10/12/2019,151460.0
7225,10/13/2019,151460.0
7226,10/14/2019,151460.0
7227,10/15/2019,151460.0
7228,10/16/2019,151460.0
7229,10/17/2019,151460.0
7230,10/18/2019,151460.0
7231,10/19/2019,151460.0
7232,10/20/2019,151460.0
7233,10/21/2019,151460.0
7234,10/22/2019,151460.0
7235,10/23/2019,151460.0
7236,10/24/2019,151460.0
7237,10/25/2019,151460.0
7238,10/26/2019,151460.0
7239,10/27/2019,151460.0
7240,10/28/2019,151460.0
7241,10/29/2019,151460.0
7242,10/30/2019,151460.0
7243,10/31/2019,151460.0
7244,11/01/2019,151668.0
7245,11/02/2019,151668.0
7246,11/03/2019,151668.0
7247,11/04/2019,151668.0
7248,11/05/2019,151668.0
7249,11/06/2019,151668.0
7250,11/07/2019,151668.0
7251,11/08/2019,151668.0
7252,11/09/2019,151668.0
7253,11/10/2019,151668.0
7254,11/11/2019,151668.0
7255,11/12/2019,151668.0
7256,11/13/2019,151668.0
7257,11/14/2019,151668.0
7258,11/15/2019,151668.0
7259,11/16/2019,151668.0
7260,11/17/2019,151668.0
7261,11/18/2019,151668.0
7262,11/19/2019,151668.0
7263,11/20/2019,151668.0
7264,11/21/2019,151668.0
7265,11/22/2019,151668.0
7266,11/23/2019,151668.0
7267,11/24/2019,151668.0
7268,11/25/2019,151668.0
7269,11/26/2019,151668.0
7270,11/27/2019,151668.0
7271,11/28/2019,151668.0
7272,11/29/2019,151668.0
7273,11/30/2019,151668.0
7274,12/01/2019,151795.0
7275,12/02/2019,151795.0
7276,12/03/2019,151795.0
7277,12/04/2019,151795.0
7278,12/05/2019,151795.0
7279,12/06/2019,151795.0
7280,12/07/2019,151795.0
7281,12/08/2019,151795.0
7282,12/09/2019,151795.0
7283,12/10/2019,151795.0
7284,12/11/2019,151795.0
7285,12/12/2019,151795.0
7286,12/13/2019,151795.0
7287,12/14/2019,151795.0
7288,12/15/2019,151795.0
7289,12/16/2019,151795.0
7290,12/17/2019,151795.0
7291,12/18/2019,151795.0
7292,12/19/2019,151795.0
7293,12/20/2019,151795.0
7294,12/21/2019,151795.0
7295,12/22/2019,151795.0
7296,12/23/2019,151795.0
7297,12/24/2019,151795.0
7298,12/25/2019,151795.0
7299,12/26/2019,151795.0
7300,12/27/2019,151795.0
7301,12/28/2019,151795.0
7302,12/29/2019,151795.0
7303,12/30/2019,151795.0
7304,12/31/2019,151795.0
7305,01/01/2020,152031.0
7306,01/02/2020,152031.0
7307,01/03/2020,152031.0
7308,01/04/2020,152031.0
7309,01/05/2020,152031.0
7310,01/06/2020,152031.0
7311,01/07/2020,152031.0
7312,01/08/2020,152031.0
7313,01/09/2020,152031.0
7314,01/10/2020,152031.0
7315,01/11/2020,152031.0
7316,01/12/2020,152031.0
7317,01/13/2020,152031.0
7318,01/14/2020,152031.0
7319,01/15/2020,152031.0
7320,01/16/2020,152031.0
7321,01/17/2020,152031.0
7322,01/18/2020,152031.0
7323,01/19/2020,152031.0
7324,01/20/2020,152031.0
7325,01/21/2020,152031.0
7326,01/22/2020,152031.0
7327,01/23/2020,152031.0
7328,01/24/2020,152031.0
7329,01/25/2020,152031.0
7330,01/26/2020,152031.0
7331,01/27/2020,152031.0
7332,01/28/2020,152031.0
7333,01/29/2020,152031.0
7334,01/30/2020,152031.0
7335,01/31/2020,152031.0
7336,02/01/2020,152292.0
7337,02/02/2020,152292.0
7338,02/03/2020,152292.0
7339,02/04/2020,152292.0
7340,02/05/2020,152292.0
7341,02/06/2020,152292.0
7342,02/07/2020,152292.0
7343,02/08/2020,152292.0
7344,02/09/2020,152292.0
7345,02/10/2020,152292.0
7346,02/11/2020,152292.0
7347,02/12/2020,152292.0
7348,02/13/2020,152292.0
7349,02/14/2020,152292.0
7350,02/15/2020,152292.0
7351,02/16/2020,152292.0
7352,02/17/2020,152292.0
7353,02/18/2020,152292.0
7354,02/19/2020,152292.0
7355,02/20/2020,152292.0
7356,02/21/2020,152292.0
7357,02/22/2020,152292.0
7358,02/23/2020,152292.0
7359,02/24/2020,152292.0
7360,02/25/2020,152292.0
7361,02/26/2020,152292.0
7362,02/27/2020,152292.0
7363,02/28/2020,152292.0
7364,02/29/2020,152292.0
7365,03/01/2020,150895.0
7366,03/02/2020,150895.0
7367,03/03/2020,150895.0
7368,03/04/2020,150895.0
7369,03/05/2020,150895.0
7370,03/06/2020,150895.0
7371,03/07/2020,150895.0
7372,03/08/2020,150895.0
7373,03/09/2020,150895.0
7374,03/10/2020,150895.0
7375,03/11/2020,150895.0
7376,03/12/2020,150895.0
7377,03/13/2020,150895.0
7378,03/14/2020,150895.0
7379,03/15/2020,150895.0
7380,03/16/2020,150895.0
7381,03/17/2020,150895.0
7382,03/18/2020,150895.0
7383,03/19/2020,150895.0
7384,03/20/2020,150895.0
7385,03/21/2020,150895.0
7386,03/22/2020,150895.0
7387,03/23/2020,150895.0
7388,03/24/2020,150895.0
7389,03/25/2020,150895.0
7390,03/26/2020,150895.0
7391,03/27/2020,150895.0
7392,03/28/2020,150895.0
7393,03/29/2020,150895.0
7394,03/30/2020,150895.0
7395,03/31/2020,150895.0
7396,04/01/2020,130424.0
7397,04/02/2020,130424.0
7398,04/03/2020,130424.0
7399,04/04/2020,130424.0
7400,04/05/2020,130424.0
7401,04/06/2020,130424.0
7402,04/07/2020,130424.0
7403,04/08/2020,130424.0
7404,04/09/2020,130424.0
7405,04/10/2020,130424.0
7406,04/11/2020,130424.0
7407,04/12/2020,130424.0
7408,04/13/2020,130424.0
7409,04/14/2020,130424.0
7410,04/15/2020,130424.0
7411,04/16/2020,130424.0
7412,04/17/2020,130424.0
7413,04/18/2020,130424.0
7414,04/19/2020,130424.0
7415,04/20/2020,130424.0
7416,04/21/2020,130424.0
7417,04/22/2020,130424.0
7418,04/23/2020,130424.0
7419,04/24/2020,130424.0
7420,04/25/2020,130424.0
7421,04/26/2020,130424.0
7422,04/27/2020,130424.0
7423,04/28/2020,130424.0
7424,04/29/2020,130424.0
7425,04/30/2020,130424.0
7426,05/01/2020,133040.0
7427,05/02/2020,133040.0
7428,05/03/2020,133040.0
7429,05/04/2020,133040.0
7430,05/05/2020,133040.0
7431,05/06/2020,133040.0
7432,05/07/2020,133040.0
7433,05/08/2020,133040.0
7434,05/09/2020,133040.0
7435,05/10/2020,133040.0
7436,05/11/2020,133040.0
7437,05/12/2020,133040.0
7438,05/13/2020,133040.0
7439,05/14/2020,133040.0
7440,05/15/2020,133040.0
7441,05/16/2020,133040.0
7442,05/17/2020,133040.0
7443,05/18/2020,133040.0
7444,05/19/2020,133040.0
7445,05/20/2020,133040.0
7446,05/21/2020,133040.0
7447,05/22/2020,133040.0
7448,05/23/2020,133040.0
7449,05/24/2020,133040.0
7450,05/25/2020,133040.0
7451,05/26/2020,133040.0
7452,05/27/2020,133040.0
7453,05/28/2020,133040.0
7454,05/29/2020,133040.0
7455,05/30/2020,133040.0
7456,05/31/2020,133040.0
7457,06/01/2020,137671.0
7458,06/02/2020,137671.0
7459,06/03/2020,137671.0
7460,06/04/2020,137671.0
7461,06/05/2020,137671.0
7462,06/06/2020,137671.0
7463,06/07/2020,137671.0
7464,06/08/2020,137671.0
7465,06/09/2020,137671.0
7466,06/10/2020,137671.0
7467,06/11/2020,137671.0
7468,06/12/2020,137671.0
7469,06/13/2020,137671.0
7470,06/14/2020,137671.0
7471,06/15/2020,137671.0
7472,06/16/2020,137671.0
7473,06/17/2020,137671.0
7474,06/18/2020,137671.0
7475,06/19/2020,137671.0
7476,06/20/2020,137671.0
7477,06/21/2020,137671.0
7478,06/22/2020,137671.0
7479,06/23/2020,137671.0
7480,06/24/2020,137671.0
7481,06/25/2020,137671.0
7482,06/26/2020,137671.0
7483,06/27/2020,137671.0
7484,06/28/2020,137671.0
7485,06/29/2020,137671.0
7486,06/30/2020,137671.0
7487,07/01/2020,139255.0
7488,07/02/2020,139255.0
7489,07/03/2020,139255.0
7490,07/04/2020,139255.0
7491,07/05/2020,139255.0
7492,07/06/2020,139255.0
7493,07/07/2020,139255.0
7494,07/08/2020,139255.0
7495,07/09/2020,139255.0
7496,07/10/2020,139255.0
7497,07/11/2020,139255.0
7498,07/12/2020,139255.0
7499,07/13/2020,139255.0
7500,07/14/2020,139255.0
7501,07/15/2020,139255.0
7502,07/16/2020,139255.0
7503,07/17/2020,139255.0
7504,07/18/2020,139255.0
7505,07/19/2020,139255.0
7506,07/20/2020,139255.0
7507,07/21/2020,139255.0
7508,07/22/2020,139255.0
7509,07/23/2020,139255.0
7510,07/24/2020,139255.0
7511,07/25/2020,139255.0
7512,07/26/2020,139255.0
7513,07/27/2020,139255.0
7514,07/28/2020,139255.0
7515,07/29/2020,139255.0
7516,07/30/2020,139255.0
7517,07/31/2020,139255.0
7518,08/01/2020,140819.0
7519,08/02/2020,140819.0
7520,08/03/2020,140819.0
7521,08/04/2020,140819.0
7522,08/05/2020,140819.0
7523,08/06/2020,140819.0
7524,08/07/2020,140819.0
7525,08/08/2020,140819.0
7526,08/09/2020,140819.0
7527,08/10/2020,140819.0
7528,08/11/2020,140819.0
7529,08/12/2020,140819.0
7530,08/13/2020,140819.0
7531,08/14/2020,140819.0
7532,08/15/2020,140819.0
7533,08/16/2020,140819.0
7534,08/17/2020,140819.0
7535,08/18/2020,140819.0
7536,08/19/2020,140819.0
7537,08/20/2020,140819.0
7538,08/21/2020,140819.0
7539,08/22/2020,140819.0
7540,08/23/2020,140819.0
7541,08/24/2020,140819.0
7542,08/25/2020,140819.0
7543,08/26/2020,140819.0
7544,08/27/2020,140819.0
7545,08/28/2020,140819.0
7546,08/29/2020,140819.0
7547,08/30/2020,140819.0
7548,08/31/2020,140819.0
7549,09/01/2020,141770.0
7550,09/02/2020,141770.0
7551,09/03/2020,141770.0
7552,09/04/2020,141770.0
7553,09/05/2020,141770.0
7554,09/06/2020,141770.0
7555,09/07/2020,141770.0
7556,09/08/2020,141770.0
7557,09/09/2020,141770.0
7558,09/10/2020,141770.0
7559,09/11/2020,141770.0
7560,09/12/2020,141770.0
7561,09/13/2020,141770.0
7562,09/14/2020,141770.0
7563,09/15/2020,141770.0
7564,09/16/2020,141770.0
7565,09/17/2020,141770.0
7566,09/18/2020,141770.0
7567,09/19/2020,141770.0
7568,09/20/2020,141770.0
7569,09/21/2020,141770.0
7570,09/22/2020,141770.0
7571,09/23/2020,141770.0
7572,09/24/2020,141770.0
7573,09/25/2020,141770.0
7574,09/26/2020,141770.0
7575,09/27/2020,141770.0
7576,09/28/2020,141770.0
7577,09/29/2020,141770.0
7578,09/30/2020,141770.0
7579,10/01/2020,142461.0
7580,10/02/2020,142461.0
7581,10/03/2020,142461.0
7582,10/04/2020,142461.0
7583,10/05/2020,142461.0
7584,10/06/2020,142461.0
7585,10/07/2020,142461.0
7586,10/08/2020,142461.0
7587,10/09/2020,142461.0
7588,10/10/2020,142461.0
7589,10/11/2020,142461.0
7590,10/12/2020,142461.0
7591,10/13/2020,142461.0
7592,10/14/2020,142461.0
7593,10/15/2020,142461.0
7594,10/16/2020,142461.0
7595,10/17/2020,142461.0
7596,10/18/2020,142461.0
7597,10/19/2020,142461.0
7598,10/20/2020,142461.0
7599,10/21/2020,142461.0
7600,10/22/2020,142461.0
7601,10/23/2020,142461.0
7602,10/24/2020,142461.0
7603,10/25/2020,142461.0
7604,10/26/2020,142461.0
7605,10/27/2020,142461.0
7606,10/28/2020,142461.0
7607,10/29/2020,142461.0
7608,10/30/2020,142461.0
7609,10/31/2020,142461.0
7610,11/01/2020,142731.0
7611,11/02/2020,142731.0
7612,11/03/2020,142731.0
7613,11/04/2020,142731.0
7614,11/05/2020,142731.0
7615,11/06/2020,142731.0
7616,11/07/2020,142731.0
7617,11/08/2020,142731.0
7618,11/09/2020,142731.0
7619,11/10/2020,142731.0
7620,11/11/2020,142731.0
7621,11/12/2020,142731.0
7622,11/13/2020,142731.0
7623,11/14/2020,142731.0
7624,11/15/2020,142731.0
7625,11/16/2020,142731.0
7626,11/17/2020,142731.0
7627,11/18/2020,142731.0
7628,11/19/2020,142731.0
7629,11/20/2020,142731.0
7630,11/21/2020,142731.0
7631,11/22/2020,142731.0
7632,11/23/2020,142731.0
7633,11/24/2020,142731.0
7634,11/25/2020,142731.0
7635,11/26/2020,142731.0
7636,11/27/2020,142731.0
7637,11/28/2020,142731.0
7638,11/29/2020,142731.0
7639,11/30/2020,142731.0
7640,12/01/2020,142548.0
7641,12/02/2020,142548.0
7642,12/03/2020,142548.0
7643,12/04/2020,142548.0
7644,12/05/2020,142548.0
7645,12/06/2020,142548.0
7646,12/07/2020,142548.0
7647,12/08/2020,142548.0
7648,12/09/2020,142548.0
7649,12/10/2020,142548.0
7650,12/11/2020,142548.0
7651,12/12/2020,142548.0
7652,12/13/2020,142548.0
7653,12/14/2020,142548.0
7654,12/15/2020,142548.0
7655,12/16/2020,142548.0
7656,12/17/2020,142548.0
7657,12/18/2020,142548.0
7658,12/19/2020,142548.0
7659,12/20/2020,142548.0
7660,12/21/2020,142548.0
7661,12/22/2020,142548.0
7662,12/23/2020,142548.0
7663,12/24/2020,142548.0
7664,12/25/2020,142548.0
7665,12/26/2020,142548.0
7666,12/27/2020,142548.0
7667,12/28/2020,142548.0
7668,12/29/2020,142548.0
7669,12/30/2020,142548.0
7670,12/31/2020,142548.0
7671,01/01/2021,142913.0
7672,01/02/2021,142913.0
7673,01/03/2021,142913.0
7674,01/04/2021,142913.0
7675,01/05/2021,142913.0
7676,01/06/2021,142913.0
7677,01/07/2021,142913.0
7678,01/08/2021,142913.0
7679,01/09/2021,142913.0
7680,01/10/2021,142913.0
7681,01/11/2021,142913.0
7682,01/12/2021,142913.0
7683,01/13/2021,142913.0
7684,01/14/2021,142913.0
7685,01/15/2021,142913.0
7686,01/16/2021,142913.0
7687,01/17/2021,142913.0
7688,01/18/2021,142913.0
7689,01/19/2021,142913.0
7690,01/20/2021,142913.0
7691,01/21/2021,142913.0
7692,01/22/2021,142913.0
7693,01/23/2021,142913.0
7694,01/24/2021,142913.0
7695,01/25/2021,142913.0
7696,01/26/2021,142913.0
7697,01/27/2021,142913.0
7698,01/28/2021,142913.0
7699,01/29/2021,142913.0
7700,01/30/2021,142913.0
7701,01/31/2021,142913.0
7702,02/01/2021,143422.0
7703,02/02/2021,143422.0
7704,02/03/2021,143422.0
7705,02/04/2021,143422.0
7706,02/05/2021,143422.0
7707,02/06/2021,143422.0
7708,02/07/2021,143422.0
7709,02/08/2021,143422.0
7710,02/09/2021,143422.0
7711,02/10/2021,143422.0
7712,02/11/2021,143422.0
7713,02/12/2021,143422.0
7714,02/13/2021,143422.0
7715,02/14/2021,143422.0
7716,02/15/2021,143422.0
7717,02/16/2021,143422.0
7718,02/17/2021,143422.0
7719,02/18/2021,143422.0
7720,02/19/2021,143422.0
7721,02/20/2021,143422.0
7722,02/21/2021,143422.0
7723,02/22/2021,143422.0
7724,02/23/2021,143422.0
7725,02/24/2021,143422.0
7726,02/25/2021,143422.0
7727,02/26/2021,143422.0
7728,02/27/2021,143422.0
7729,02/28/2021,143422.0
7730,03/01/2021,144246.0
7731,03/02/2021,144246.0
7732,03/03/2021,144246.0
7733,03/04/2021,144246.0
7734,03/05/2021,144246.0
7735,03/06/2021,144246.0
7736,03/07/2021,144246.0
7737,03/08/2021,144246.0
7738,03/09/2021,144246.0
7739,03/10/2021,144246.0
7740,03/11/2021,144246.0
7741,03/12/2021,144246.0
7742,03/13/2021,144246.0
7743,03/14/2021,144246.0
7744,03/15/2021,144246.0
7745,03/16/2021,144246.0
7746,03/17/2021,144246.0
7747,03/18/2021,144246.0
7748,03/19/2021,144246.0
7749,03/20/2021,144246.0
7750,03/21/2021,144246.0
7751,03/22/2021,144246.0
7752,03/23/2021,144246.0
7753,03/24/2021,144246.0
7754,03/25/2021,144246.0
7755,03/26/2021,144246.0
7756,03/27/2021,144246.0
7757,03/28/2021,144246.0
7758,03/29/2021,144246.0
7759,03/30/2021,144246.0
7760,03/31/2021,144246.0
7761,04/01/2021,144611.0
7762,04/02/2021,144611.0
7763,04/03/2021,144611.0
7764,04/04/2021,144611.0
7765,04/05/2021,144611.0
7766,04/06/2021,144611.0
7767,04/07/2021,144611.0
7768,04/08/2021,144611.0
7769,04/09/2021,144611.0
7770,04/10/2021,144611.0
7771,04/11/2021,144611.0
7772,04/12/2021,144611.0
7773,04/13/2021,144611.0
7774,04/14/2021,144611.0
7775,04/15/2021,144611.0
7776,04/16/2021,144611.0
7777,04/17/2021,144611.0
7778,04/18/2021,144611.0
7779,04/19/2021,144611.0
7780,04/20/2021,144611.0
7781,04/21/2021,144611.0
7782,04/22/2021,144611.0
7783,04/23/2021,144611.0
7784,04/24/2021,144611.0
7785,04/25/2021,144611.0
7786,04/26/2021,144611.0
7787,04/27/2021,144611.0
7788,04/28/2021,144611.0
7789,04/29/2021,144611.0
7790,04/30/2021,144611.0
7791,05/01/2021,145032.0
7792,05/02/2021,145032.0
7793,05/03/2021,145032.0
7794,05/04/2021,145032.0
7795,05/05/2021,145032.0
7796,05/06/2021,145032.0
7797,05/07/2021,145032.0
7798,05/08/2021,145032.0
7799,05/09/2021,145032.0
7800,05/10/2021,145032.0
7801,05/11/2021,145032.0
7802,05/12/2021,145032.0
7803,05/13/2021,145032.0
7804,05/14/2021,145032.0
7805,05/15/2021,145032.0
7806,05/16/2021,145032.0
7807,05/17/2021,145032.0
7808,05/18/2021,145032.0
7809,05/19/2021,145032.0
7810,05/20/2021,145032.0
7811,05/21/2021,145032.0
7812,05/22/2021,145032.0
7813,05/23/2021,145032.0
7814,05/24/2021,145032.0
7815,05/25/2021,145032.0
7816,05/26/2021,145032.0
7817,05/27/2021,145032.0
7818,05/28/2021,145032.0
7819,05/29/2021,145032.0
7820,05/30/2021,145032.0
7821,05/31/2021,145032.0
7822,06/01/2021,145828.0
7823,06/02/2021,145828.0
7824,06/03/2021,145828.0
7825,06/04/2021,145828.0
7826,06/05/2021,145828.0
7827,06/06/2021,145828.0
7828,06/07/2021,145828.0
7829,06/08/2021,145828.0
7830,06/09/2021,145828.0
7831,06/10/2021,145828.0
7832,06/11/2021,145828.0
7833,06/12/2021,145828.0
7834,06/13/2021,145828.0
7835,06/14/2021,145828.0
7836,06/15/2021,145828.0
7837,06/16/2021,145828.0
7838,06/17/2021,145828.0
7839,06/18/2021,145828.0
7840,06/19/2021,145828.0
7841,06/20/2021,145828.0
7842,06/21/2021,145828.0
7843,06/22/2021,145828.0
7844,06/23/2021,145828.0
7845,06/24/2021,145828.0
7846,06/25/2021,145828.0
7847,06/26/2021,145828.0
7848,06/27/2021,145828.0
7849,06/28/2021,145828.0
7850,06/29/2021,145828.0
7851,06/30/2021,145828.0
7852,07/01/2021,146759.0
7853,07/02/2021,146759.0
7854,07/03/2021,146759.0
7855,07/04/2021,146759.0
7856,07/05/2021,146759.0
7857,07/06/2021,146759.0
7858,07/07/2021,146759.0
7859,07/08/2021,146759.0
7860,07/09/2021,146759.0
7861,07/10/2021,146759.0
7862,07/11/2021,146759.0
7863,07/12/2021,146759.0
7864,07/13/2021,146759.0
7865,07/14/2021,146759.0
7866,07/15/2021,146759.0
7867,07/16/2021,146759.0
7868,07/17/2021,146759.0
7869,07/18/2021,146759.0
7870,07/19/2021,146759.0
7871,07/20/2021,146759.0
7872,07/21/2021,146759.0
7873,07/22/2021,146759.0
7874,07/23/2021,146759.0
7875,07/24/2021,146759.0
7876,07/25/2021,146759.0
7877,07/26/2021,146759.0
7878,07/27/2021,146759.0
7879,07/28/2021,146759.0
7880,07/29/2021,146759.0
7881,07/30/2021,146759.0
7882,07/31/2021,146759.0
7883,08/01/2021,147246.0
7884,08/02/2021,147246.0
7885,08/03/2021,147246.0
7886,08/04/2021,147246.0
7887,08/05/2021,147246.0
7888,08/06/2021,147246.0
7889,08/07/2021,147246.0
7890,08/08/2021,147246.0
7891,08/09/2021,147246.0
7892,08/10/2021,147246.0
7893,08/11/2021,147246.0
7894,08/12/2021,147246.0
7895,08/13/2021,147246.0
7896,08/14/2021,147246.0
7897,08/15/2021,147246.0
7898,08/16/2021,147246.0
7899,08/17/2021,147246.0
7900,08/18/2021,147246.0
7901,08/19/2021,147246.0
7902,08/20/2021,147246.0
7903,08/21/2021,147246.0
7904,08/22/2021,147246.0
7905,08/23/2021,147246.0
7906,08/24/2021,147246.0
7907,08/25/2021,147246.0
7908,08/26/2021,147246.0
7909,08/27/2021,147246.0
7910,08/28/2021,147246.0
7911,08/29/2021,147246.0
7912,08/30/2021,147246.0
7913,08/31/2021,147246.0
7914,09/01/2021,147712.0
7915,09/02/2021,147712.0
7916,09/03/2021,147712.0
7917,09/04/2021,147712.0
7918,09/05/2021,147712.0
7919,09/06/2021,147712.0
7920,09/07/2021,147712.0
7921,09/08/2021,147712.0
7922,09/09/2021,147712.0
7923,09/10/2021,147712.0
7924,09/11/2021,147712.0
7925,09/12/2021,147712.0
7926,09/13/2021,147712.0
7927,09/14/2021,147712.0
7928,09/15/2021,147712.0
7929,09/16/2021,147712.0
7930,09/17/2021,147712.0
7931,09/18/2021,147712.0
7932,09/19/2021,147712.0
7933,09/20/2021,147712.0
7934,09/21/2021,147712.0
7935,09/22/2021,147712.0
7936,09/23/2021,147712.0
7937,09/24/2021,147712.0
7938,09/25/2021,147712.0
7939,09/26/2021,147712.0
7940,09/27/2021,147712.0
7941,09/28/2021,147712.0
7942,09/29/2021,147712.0
7943,09/30/2021,147712.0
7944,10/01/2021,148569.0
7945,10/02/2021,148569.0
7946,10/03/2021,148569.0
7947,10/04/2021,148569.0
7948,10/05/2021,148569.0
7949,10/06/2021,148569.0
7950,10/07/2021,148569.0
7951,10/08/2021,148569.0
7952,10/09/2021,148569.0
7953,10/10/2021,148569.0
7954,10/11/2021,148569.0
7955,10/12/2021,148569.0
7956,10/13/2021,148569.0
7957,10/14/2021,148569.0
7958,10/15/2021,148569.0
7959,10/16/2021,148569.0
7960,10/17/2021,148569.0
7961,10/18/2021,148569.0
7962,10/19/2021,148569.0
7963,10/20/2021,148569.0
7964,10/21/2021,148569.0
7965,10/22/2021,148569.0
7966,10/23/2021,148569.0
7967,10/24/2021,148569.0
7968,10/25/2021,148569.0
7969,10/26/2021,148569.0
7970,10/27/2021,148569.0
7971,10/28/2021,148569.0
7972,10/29/2021,148569.0
7973,10/30/2021,148569.0
7974,10/31/2021,148569.0
7975,11/01/2021,149206.0
7976,11/02/2021,149206.0
7977,11/03/2021,149206.0
7978,11/04/2021,149206.0
7979,11/05/2021,149206.0
7980,11/06/2021,149206.0
7981,11/07/2021,149206.0
7982,11/08/2021,149206.0
7983,11/09/2021,149206.0
7984,11/10/2021,149206.0
7985,11/11/2021,149206.0
7986,11/12/2021,149206.0
7987,11/13/2021,149206.0
7988,11/14/2021,149206.0
7989,11/15/2021,149206.0
7990,11/16/2021,149206.0
7991,11/17/2021,149206.0
7992,11/18/2021,149206.0
7993,11/19/2021,149206.0
7994,11/20/2021,149206.0
7995,11/21/2021,149206.0
7996,11/22/2021,149206.0
7997,11/23/2021,149206.0
7998,11/24/2021,149206.0
7999,11/25/2021,149206.0
8000,11/26/2021,149206.0
8001,11/27/2021,149206.0
8002,11/28/2021,149206.0
8003,11/29/2021,149206.0
8004,11/30/2021,149206.0
8005,12/01/2021,149781.0
8006,12/02/2021,149781.0
8007,12/03/2021,149781.0
8008,12/04/2021,149781.0
8009,12/05/2021,149781.0
8010,12/06/2021,149781.0
8011,12/07/2021,149781.0
8012,12/08/2021,149781.0
8013,12/09/2021,149781.0
8014,12/10/2021,149781.0
8015,12/11/2021,149781.0
8016,12/12/2021,149781.0
8017,12/13/2021,149781.0
8018,12/14/2021,149781.0
8019,12/15/2021,149781.0
8020,12/16/2021,149781.0
8021,12/17/2021,149781.0
8022,12/18/2021,149781.0
8023,12/19/2021,149781.0
8024,12/20/2021,149781.0
8025,12/21/2021,149781.0
8026,12/22/2021,149781.0
8027,12/23/2021,149781.0
8028,12/24/2021,149781.0
8029,12/25/2021,149781.0
8030,12/26/2021,149781.0
8031,12/27/2021,149781.0
8032,12/28/2021,149781.0
8033,12/29/2021,149781.0
8034,12/30/2021,149781.0
8035,12/31/2021,149781.0
8036,01/01/2022,150006.0
8037,01/02/2022,150006.0
8038,01/03/2022,150006.0
8039,01/04/2022,150006.0
8040,01/05/2022,150006.0
8041,01/06/2022,150006.0
8042,01/07/2022,150006.0
8043,01/08/2022,150006.0
8044,01/09/2022,150006.0
8045,01/10/2022,150006.0
8046,01/11/2022,150006.0
8047,01/12/2022,150006.0
8048,01/13/2022,150006.0
8049,01/14/2022,150006.0
8050,01/15/2022,150006.0
8051,01/16/2022,150006.0
8052,01/17/2022,150006.0
8053,01/18/2022,150006.0
8054,01/19/2022,150006.0
8055,01/20/2022,150006.0
8056,01/21/2022,150006.0
8057,01/22/2022,150006.0
8058,01/23/2022,150006.0
8059,01/24/2022,150006.0
8060,01/25/2022,150006.0
8061,01/26/2022,150006.0
8062,01/27/2022,150006.0
8063,01/28/2022,150006.0
8064,01/29/2022,150006.0
8065,01/30/2022,150006.0
8066,01/31/2022,150006.0
8067,02/01/2022,150875.0
8068,02/02/2022,150875.0
8069,02/03/2022,150875.0
8070,02/04/2022,150875.0
8071,02/05/2022,150875.0
8072,02/06/2022,150875.0
8073,02/07/2022,150875.0
8074,02/08/2022,150875.0
8075,02/09/2022,150875.0
8076,02/10/2022,150875.0
8077,02/11/2022,150875.0
8078,02/12/2022,150875.0
8079,02/13/2022,150875.0
8080,02/14/2022,150875.0
8081,02/15/2022,150875.0
8082,02/16/2022,150875.0
8083,02/17/2022,150875.0
8084,02/18/2022,150875.0
8085,02/19/2022,150875.0
8086,02/20/2022,150875.0
8087,02/21/2022,150875.0
8088,02/22/2022,150875.0
8089,02/23/2022,150875.0
8090,02/24/2022,150875.0
8091,02/25/2022,150875.0
8092,02/26/2022,150875.0
8093,02/27/2022,150875.0
8094,02/28/2022,150875.0
8095,03/01/2022,151346.0
8096,03/02/2022,151346.0
8097,03/03/2022,151346.0
8098,03/04/2022,151346.0
8099,03/05/2022,151346.0
8100,03/06/2022,151346.0
8101,03/07/2022,151346.0
8102,03/08/2022,151346.0
8103,03/09/2022,151346.0
8104,03/10/2022,151346.0
8105,03/11/2022,151346.0
8106,03/12/2022,151346.0
8107,03/13/2022,151346.0
8108,03/14/2022,151346.0
8109,03/15/2022,151346.0
8110,03/16/2022,151346.0
8111,03/17/2022,151346.0
8112,03/18/2022,151346.0
8113,03/19/2022,151346.0
8114,03/20/2022,151346.0
8115,03/21/2022,151346.0
8116,03/22/2022,151346.0
8117,03/23/2022,151346.0
8118,03/24/2022,151346.0
8119,03/25/2022,151346.0
8120,03/26/2022,151346.0
8121,03/27/2022,151346.0
8122,03/28/2022,151346.0
8123,03/29/2022,151346.0
8124,03/30/2022,151346.0
8125,03/31/2022,151346.0
8126,04/01/2022,151651.0
8127,04/02/2022,151651.0
8128,04/03/2022,151651.0
8129,04/04/2022,151651.0
8130,04/05/2022,151651.0
8131,04/06/2022,151651.0
8132,04/07/2022,151651.0
8133,04/08/2022,151651.0
8134,04/09/2022,151651.0
8135,04/10/2022,151651.0
8136,04/11/2022,151651.0
8137,04/12/2022,151651.0
8138,04/13/2022,151651.0
8139,04/14/2022,151651.0
8140,04/15/2022,151651.0
8141,04/16/2022,151651.0
8142,04/17/2022,151651.0
8143,04/18/2022,151651.0
8144,04/19/2022,151651.0
8145,04/20/2022,151651.0
8146,04/21/2022,151651.0
8147,04/22/2022,151651.0
8148,04/23/2022,151651.0
8149,04/24/2022,151651.0
8150,04/25/2022,151651.0
8151,04/26/2022,151651.0
8152,04/27/2022,151651.0
8153,04/28/2022,151651.0
8154,04/29/2022,151651.0
8155,04/30/2022,151651.0
8156,05/01/2022,151892.0
8157,05/02/2022,151892.0
8158,05/03/2022,151892.0
8159,05/04/2022,151892.0
8160,05/05/2022,151892.0
8161,05/06/2022,151892.0
8162,05/07/2022,151892.0
8163,05/08/2022,151892.0
8164,05/09/2022,151892.0
8165,05/10/2022,151892.0
8166,05/11/2022,151892.0
8167,05/12/2022,151892.0
8168,05/13/2022,151892.0
8169,05/14/2022,151892.0
8170,05/15/2022,151892.0
8171,05/16/2022,151892.0
8172,05/17/2022,151892.0
8173,05/18/2022,151892.0
8174,05/19/2022,151892.0
8175,05/20/2022,151892.0
8176,05/21/2022,151892.0
8177,05/22/2022,151892.0
8178,05/23/2022,151892.0
8179,05/24/2022,151892.0
8180,05/25/2022,151892.0
8181,05/26/2022,151892.0
8182,05/27/2022,151892.0
8183,05/28/2022,151892.0
8184,05/29/2022,151892.0
8185,05/30/2022,151892.0
8186,05/31/2022,151892.0
8187,06/01/2022,152353.0
8188,06/02/2022,152353.0
8189,06/03/2022,152353.0
8190,06/04/2022,152353.0
8191,06/05/2022,152353.0
8192,06/06/2022,152353.0
8193,06/07/2022,152353.0
8194,06/08/2022,152353.0
8195,06/09/2022,152353.0
8196,06/10/2022,152353.0
8197,06/11/2022,152353.0
8198,06/12/2022,152353.0
8199,06/13/2022,152353.0
8200,06/14/2022,152353.0
8201,06/15/2022,152353.0
8202,06/16/2022,152353.0
8203,06/17/2022,152353.0
8204,06/18/2022,152353.0
8205,06/19/2022,152353.0
8206,06/20/2022,152353.0
8207,06/21/2022,152353.0
8208,06/22/2022,152353.0
8209,06/23/2022,152353.0
8210,06/24/2022,152353.0
8211,06/25/2022,152353.0
8212,06/26/2022,152353.0
8213,06/27/2022,152353.0
8214,06/28/2022,152353.0
8215,06/29/2022,152353.0
8216,06/30/2022,152353.0
8217,07/01/2022,153049.0
8218,07/02/2022,153049.0
8219,07/03/2022,153049.0
8220,07/04/2022,153049.0
8221,07/05/2022,153049.0
8222,07/06/2022,153049.0
8223,07/07/2022,153049.0
8224,07/08/2022,153049.0
8225,07/09/2022,153049.0
8226,07/10/2022,153049.0
8227,07/11/2022,153049.0
8228,07/12/2022,153049.0
8229,07/13/2022,153049.0
8230,07/14/2022,153049.0
8231,07/15/2022,153049.0
8232,07/16/2022,153049.0
8233,07/17/2022,153049.0
8234,07/18/2022,153049.0
8235,07/19/2022,153049.0
8236,07/20/2022,153049.0
8237,07/21/2022,153049.0
8238,07/22/2022,153049.0
8239,07/23/2022,153049.0
8240,07/24/2022,153049.0
8241,07/25/2022,153049.0
8242,07/26/2022,153049.0
8243,07/27/2022,153049.0
8244,07/28/2022,153049.0
8245,07/29/2022,153049.0
8246,07/30/2022,153049.0
8247,07/31/2022,153049.0
8248,08/01/2022,153286.0
8249,08/02/2022,153286.0
8250,08/03/2022,153286.0
8251,08/04/2022,153286.0
8252,08/05/2022,153286.0
8253,08/06/2022,153286.0
8254,08/07/2022,153286.0
8255,08/08/2022,153286.0
8256,08/09/2022,153286.0
8257,08/10/2022,153286.0
8258,08/11/2022,153286.0
8259,08/12/2022,153286.0
8260,08/13/2022,153286.0
8261,08/14/2022,153286.0
8262,08/15/2022,153286.0
8263,08/16/2022,153286.0
8264,08/17/2022,153286.0
8265,08/18/2022,153286.0
8266,08/19/2022,153286.0
8267,08/20/2022,153286.0
8268,08/21/2022,153286.0
8269,08/22/2022,153286.0
8270,08/23/2022,153286.0
8271,08/24/2022,153286.0
8272,08/25/2022,153286.0
8273,08/26/2022,153286.0
8274,08/27/2022,153286.0
8275,08/28/2022,153286.0
8276,08/29/2022,153286.0
8277,08/30/2022,153286.0
8278,08/31/2022,153286.0
8279,09/01/2022,153513.0
8280,09/02/2022,153513.0
8281,09/03/2022,153513.0
8282,09/04/2022,153513.0
8283,09/05/2022,153513.0
8284,09/06/2022,153513.0
8285,09/07/2022,153513.0
8286,09/08/2022,153513.0
8287,09/09/2022,153513.0
8288,09/10/2022,153513.0
8289,09/11/2022,153513.0
8290,09/12/2022,153513.0
8291,09/13/2022,153513.0
8292,09/14/2022,153513.0
8293,09/15/2022,153513.0
8294,09/16/2022,153513.0
8295,09/17/2022,153513.0
8296,09/18/2022,153513.0
8297,09/19/2022,153513.0
8298,09/20/2022,153513.0
8299,09/21/2022,153513.0
8300,09/22/2022,153513.0
8301,09/23/2022,153513.0
8302,09/24/2022,153513.0
8303,09/25/2022,153513.0
8304,09/26/2022,153513.0
8305,09/27/2022,153513.0
8306,09/28/2022,153513.0
8307,09/29/2022,153513.0
8308,09/30/2022,153513.0
8309,10/01/2022,153913.0
8310,10/02/2022,153913.0
8311,10/03/2022,153913.0
8312,10/04/2022,153913.0
8313,10/05/2022,153913.0
8314,10/06/2022,153913.0
8315,10/07/2022,153913.0
8316,10/08/2022,153913.0
8317,10/09/2022,153913.0
8318,10/10/2022,153913.0
8319,10/11/2022,153913.0
8320,10/12/2022,153913.0
8321,10/13/2022,153913.0
8322,10/14/2022,153913.0
8323,10/15/2022,153913.0
8324,10/16/2022,153913.0
8325,10/17/2022,153913.0
8326,10/18/2022,153913.0
8327,10/19/2022,153913.0
8328,10/20/2022,153913.0
8329,10/21/2022,153913.0
8330,10/22/2022,153913.0
8331,10/23/2022,153913.0
8332,10/24/2022,153913.0
8333,10/25/2022,153913.0
8334,10/26/2022,153913.0
8335,10/27/2022,153913.0
8336,10/28/2022,153913.0
8337,10/29/2022,153913.0
8338,10/30/2022,153913.0
8339,10/31/2022,153913.0
8340,11/01/2022,154210.0
8341,11/02/2022,154210.0
8342,11/03/2022,154210.0
8343,11/04/2022,154210.0
8344,11/05/2022,154210.0
8345,11/06/2022,154210.0
8346,11/07/2022,154210.0
8347,11/08/2022,154210.0
8348,11/09/2022,154210.0
8349,11/10/2022,154210.0
8350,11/11/2022,154210.0
8351,11/12/2022,154210.0
8352,11/13/2022,154210.0
8353,11/14/2022,154210.0
8354,11/15/2022,154210.0
8355,11/16/2022,154210.0
8356,11/17/2022,154210.0
8357,11/18/2022,154210.0
8358,11/19/2022,154210.0
8359,11/20/2022,154210.0
8360,11/21/2022,154210.0
8361,11/22/2022,154210.0
8362,11/23/2022,154210.0
8363,11/24/2022,154210.0
8364,11/25/2022,154210.0
8365,11/26/2022,154210.0
8366,11/27/2022,154210.0
8367,11/28/2022,154210.0
8368,11/29/2022,154210.0
8369,11/30/2022,154210.0
8370,12/01/2022,154336.0
8371,12/02/2022,154336.0
8372,12/03/2022,154336.0
8373,12/04/2022,154336.0
8374,12/05/2022,154336.0
8375,12/06/2022,154336.0
8376,12/07/2022,154336.0
8377,12/08/2022,154336.0
8378,12/09/2022,154336.0
8379,12/10/2022,154336.0
8380,12/11/2022,154336.0
8381,12/12/2022,154336.0
8382,12/13/2022,154336.0
8383,12/14/2022,154336.0
8384,12/15/2022,154336.0
8385,12/16/2022,154336.0
8386,12/17/2022,154336.0
8387,12/18/2022,154336.0
8388,12/19/2022,154336.0
8389,12/20/2022,154336.0
8390,12/21/2022,154336.0
8391,12/22/2022,154336.0
8392,12/23/2022,154336.0
8393,12/24/2022,154336.0
8394,12/25/2022,154336.0
8395,12/26/2022,154336.0
8396,12/27/2022,154336.0
8397,12/28/2022,154336.0
8398,12/29/2022,154336.0
8399,12/30/2022,154336.0
8400,12/31/2022,154336.0
8401,01/01/2023,154780.0
8402,01/02/2023,154780.0
8403,01/03/2023,154780.0
8404,01/04/2023,154780.0
8405,01/05/2023,154780.0
8406,01/06/2023,154780.0
8407,01/07/2023,154780.0
8408,01/08/2023,154780.0
8409,01/09/2023,154780.0
8410,01/10/2023,154780.0
8411,01/11/2023,154780.0
8412,01/12/2023,154780.0
8413,01/13/2023,154780.0
8414,01/14/2023,154780.0
8415,01/15/2023,154780.0
8416,01/16/2023,154780.0
8417,01/17/2023,154780.0
8418,01/18/2023,154780.0
8419,01/19/2023,154780.0
8420,01/20/2023,154780.0
8421,01/21/2023,154780.0
8422,01/22/2023,154780.0
8423,01/23/2023,154780.0
8424,01/24/2023,154780.0
8425,01/25/2023,154780.0
8426,01/26/2023,154780.0
8427,01/27/2023,154780.0
8428,01/28/2023,154780.0
8429,01/29/2023,154780.0
8430,01/30/2023,154780.0
8431,01/31/2023,154780.0
8432,02/01/2023,155086.0
8433,02/02/2023,155086.0
8434,02/03/2023,155086.0
8435,02/04/2023,155086.0
8436,02/05/2023,155086.0
8437,02/06/2023,155086.0
8438,02/07/2023,155086.0
8439,02/08/2023,155086.0
8440,02/09/2023,155086.0
8441,02/10/2023,155086.0
8442,02/11/2023,155086.0
8443,02/12/2023,155086.0
8444,02/13/2023,155086.0
8445,02/14/2023,155086.0
8446,02/15/2023,155086.0
8447,02/16/2023,155086.0
8448,02/17/2023,155086.0
8449,02/18/2023,155086.0
8450,02/19/2023,155086.0
8451,02/20/2023,155086.0
8452,02/21/2023,155086.0
8453,02/22/2023,155086.0
8454,02/23/2023,155086.0
8455,02/24/2023,155086.0
8456,02/25/2023,155086.0
8457,02/26/2023,155086.0
8458,02/27/2023,155086.0
8459,02/28/2023,155086.0
8460,03/01/2023,155171.0
8461,03/02/2023,155171.0
8462,03/03/2023,155171.0
8463,03/04/2023,155171.0
8464,03/05/2023,155171.0
8465,03/06/2023,155171.0
8466,03/07/2023,155171.0
8467,03/08/2023,155171.0
8468,03/09/2023,155171.0
8469,03/10/2023,155171.0
8470,03/11/2023,155171.0
8471,03/12/2023,155171.0
8472,03/13/2023,155171.0
8473,03/14/2023,155171.0
8474,03/15/2023,155171.0
8475,03/16/2023,155171.0
8476,03/17/2023,155171.0
8477,03/18/2023,155171.0
8478,03/19/2023,155171.0
8479,03/20/2023,155171.0
8480,03/21/2023,155171.0
8481,03/22/2023,155171.0
8482,03/23/2023,155171.0
8483,03/24/2023,155171.0
8484,03/25/2023,155171.0
8485,03/26/2023,155171.0
8486,03/27/2023,155171.0
8487,03/28/2023,155171.0
8488,03/29/2023,155171.0
8489,03/30/2023,155171.0
8490,03/31/2023,155171.0
8491,04/01/2023,155387.0
8492,04/02/2023,155387.0
8493,04/03/2023,155387.0
8494,04/04/2023,155387.0
8495,04/05/2023,155387.0
8496,04/06/2023,155387.0
8497,04/07/2023,155387.0
8498,04/08/2023,155387.0
8499,04/09/2023,155387.0
8500,04/10/2023,155387.0
8501,04/11/2023,155387.0
8502,04/12/2023,155387.0
8503,04/13/2023,155387.0
8504,04/14/2023,155387.0
8505,04/15/2023,155387.0
8506,04/16/2023,155387.0
8507,04/17/2023,155387.0
8508,04/18/2023,155387.0
8509,04/19/2023,155387.0
8510,04/20/2023,155387.0
8511,04/21/2023,155387.0
8512,04/22/2023,155387.0
8513,04/23/2023,155387.0
8514,04/24/2023,155387.0
8515,04/25/2023,155387.0
8516,04/26/2023,155387.0
8517,04/27/2023,155387.0
8518,04/28/2023,155387.0
8519,04/29/2023,155387.0
8520,04/30/2023,155387.0
8521,05/01/2023,155614.0
8522,05/02/2023,155614.0
8523,05/03/2023,155614.0
8524,05/04/2023,155614.0
8525,05/05/2023,155614.0
8526,05/06/2023,155614.0
8527,05/07/2023,155614.0
8528,05/08/2023,155614.0
8529,05/09/2023,155614.0
8530,05/10/2023,155614.0
8531,05/11/2023,155614.0
8532,05/12/2023,155614.0
8533,05/13/2023,155614.0
8534,05/14/2023,155614.0
8535,05/15/2023,155614.0
8536,05/16/2023,155614.0
8537,05/17/2023,155614.0
8538,05/18/2023,155614.0
8539,05/19/2023,155614.0
8540,05/20/2023,155614.0
8541,05/21/2023,155614.0
8542,05/22/2023,155614.0
8543,05/23/2023,155614.0
8544,05/24/2023,155614.0
8545,05/25/2023,155614.0
8546,05/26/2023,155614.0
8547,05/27/2023,155614.0
8548,05/28/2023,155614.0
8549,05/29/2023,155614.0
8550,05/30/2023,155614.0
8551,05/31/2023,155614.0
8552,06/01/2023,155871.0
8553,06/02/2023,155871.0
8554,06/03/2023,155871.0
8555,06/04/2023,155871.0
8556,06/05/2023,155871.0
8557,06/06/2023,155871.0
8558,06/07/2023,155871.0
8559,06/08/2023,155871.0
8560,06/09/2023,155871.0
8561,06/10/2023,155871.0
8562,06/11/2023,155871.0
8563,06/12/2023,155871.0
8564,06/13/2023,155871.0
8565,06/14/2023,155871.0
8566,06/15/2023,155871.0
8567,06/16/2023,155871.0
8568,06/17/2023,155871.0
8569,06/18/2023,155871.0
8570,06/19/2023,155871.0
8571,06/20/2023,155871.0
8572,06/21/2023,155871.0
8573,06/22/2023,155871.0
8574,06/23/2023,155871.0
8575,06/24/2023,155871.0
8576,06/25/2023,155871.0
8577,06/26/2023,155871.0
8578,06/27/2023,155871.0
8579,06/28/2023,155871.0
8580,06/29/2023,155871.0
8581,06/30/2023,155871.0
8582,07/01/2023,156019.0
8583,07/02/2023,156019.0
8584,07/03/2023,156019.0
8585,07/04/2023,156019.0
8586,07/05/2023,156019.0
8587,07/06/2023,156019.0
8588,07/07/2023,156019.0
8589,07/08/2023,156019.0
8590,07/09/2023,156019.0
8591,07/10/2023,156019.0
8592,07/11/2023,156019.0
8593,07/12/2023,156019.0
8594,07/13/2023,156019.0
8595,07/14/2023,156019.0
8596,07/15/2023,156019.0
8597,07/16/2023,156019.0
8598,07/17/2023,156019.0
8599,07/18/2023,156019.0
8600,07/19/2023,156019.0
8601,07/20/2023,156019.0
8602,07/21/2023,156019.0
8603,07/22/2023,156019.0
8604,07/23/2023,156019.0
8605,07/24/2023,156019.0
8606,07/25/2023,156019.0
8607,07/26/2023,156019.0
8608,07/27/2023,156019.0
8609,07/28/2023,156019.0
8610,07/29/2023,156019.0
8611,07/30/2023,156019.0
8612,07/31/2023,156019.0
8613,08/01/2023,156176.0
8614,08/02/2023,156176.0
8615,08/03/2023,156176.0
8616,08/04/2023,156176.0
8617,08/05/2023,156176.0
8618,08/06/2023,156176.0
8619,08/07/2023,156176.0
8620,08/08/2023,156176.0
8621,08/09/2023,156176.0
8622,08/10/2023,156176.0
8623,08/11/2023,156176.0
8624,08/12/2023,156176.0
8625,08/13/2023,156176.0
8626,08/14/2023,156176.0
8627,08/15/2023,156176.0
8628,08/16/2023,156176.0
8629,08/17/2023,156176.0
8630,08/18/2023,156176.0
8631,08/19/2023,156176.0
8632,08/20/2023,156176.0
8633,08/21/2023,156176.0
8634,08/22/2023,156176.0
8635,08/23/2023,156176.0
8636,08/24/2023,156176.0
8637,08/25/2023,156176.0
8638,08/26/2023,156176.0
8639,08/27/2023,156176.0
8640,08/28/2023,156176.0
8641,08/29/2023,156176.0
8642,08/30/2023,156176.0
8643,08/31/2023,156176.0
8644,09/01/2023,156334.0
8645,09/02/2023,156334.0
8646,09/03/2023,156334.0
8647,09/04/2023,156334.0
8648,09/05/2023,156334.0
8649,09/06/2023,156334.0
8650,09/07/2023,156334.0
8651,09/08/2023,156334.0
8652,09/09/2023,156334.0
8653,09/10/2023,156334.0
8654,09/11/2023,156334.0
8655,09/12/2023,156334.0
8656,09/13/2023,156334.0
8657,09/14/2023,156334.0
8658,09/15/2023,156334.0
8659,09/16/2023,156334.0
8660,09/17/2023,156334.0
8661,09/18/2023,156334.0
8662,09/19/2023,156334.0
8663,09/20/2023,156334.0
8664,09/21/2023,156334.0
8665,09/22/2023,156334.0
8666,09/23/2023,156334.0
8667,09/24/2023,156334.0
8668,09/25/2023,156334.0
8669,09/26/2023,156334.0
8670,09/27/2023,156334.0
8671,09/28/2023,156334.0
8672,09/29/2023,156334.0
8673,09/30/2023,156334.0
8674,10/01/2023,156520.0
8675,10/02/2023,156520.0
8676,10/03/2023,156520.0
8677,10/04/2023,156520.0
8678,10/05/2023,156520.0
8679,10/06/2023,156520.0
8680,10/07/2023,156520.0
8681,10/08/2023,156520.0
8682,10/09/2023,156520.0
8683,10/10/2023,156520.0
8684,10/11/2023,156520.0
8685,10/12/2023,156520.0
8686,10/13/2023,156520.0
8687,10/14/2023,156520.0
8688,10/15/2023,156520.0
8689,10/16/2023,156520.0
8690,10/17/2023,156520.0
8691,10/18/2023,156520.0
8692,10/19/2023,156520.0
8693,10/20/2023,156520.0
8694,10/21/2023,156520.0
8695,10/22/2023,156520.0
8696,10/23/2023,156520.0
8697,10/24/2023,156520.0
8698,10/25/2023,156520.0
8699,10/26/2023,156520.0
8700,10/27/2023,156520.0
8701,10/28/2023,156520.0
8702,10/29/2023,156520.0
8703,10/30/2023,156520.0
8704,10/31/2023,156520.0
8705,11/01/2023,156661.0
8706,11/02/2023,156661.0
8707,11/03/2023,156661.0
8708,11/04/2023,156661.0
8709,11/05/2023,156661.0
8710,11/06/2023,156661.0
8711,11/07/2023,156661.0
8712,11/08/2023,156661.0
8713,11/09/2023,156661.0
8714,11/10/2023,156661.0
8715,11/11/2023,156661.0
8716,11/12/2023,156661.0
8717,11/13/2023,156661.0
8718,11/14/2023,156661.0
8719,11/15/2023,156661.0
8720,11/16/2023,156661.0
8721,11/17/2023,156661.0
8722,11/18/2023,156661.0
8723,11/19/2023,156661.0
8724,11/20/2023,156661.0
8725,11/21/2023,156661.0
8726,11/22/2023,156661.0
8727,11/23/2023,156661.0
8728,11/24/2023,156661.0
8729,11/25/2023,156661.0
8730,11/26/2023,156661.0
8731,11/27/2023,156661.0
8732,11/28/2023,156661.0
8733,11/29/2023,156661.0
8734,11/30/2023,156661.0
8735,12/01/2023,156930.0
8736,12/02/2023,156930.0
8737,12/03/2023,156930.0
8738,12/04/2023,156930.0
8739,12/05/2023,156930.0
8740,12/06/2023,156930.0
8741,12/07/2023,156930.0
8742,12/08/2023,156930.0
8743,12/09/2023,156930.0
8744,12/10/2023,156930.0
8745,12/11/2023,156930.0
8746,12/12/2023,156930.0
8747,12/13/2023,156930.0
8748,12/14/2023,156930.0
8749,12/15/2023,156930.0
8750,12/16/2023,156930.0
8751,12/17/2023,156930.0
8752,12/18/2023,156930.0
8753,12/19/2023,156930.0
8754,12/20/2023,156930.0
8755,12/21/2023,156930.0
8756,12/22/2023,156930.0
8757,12/23/2023,156930.0
8758,12/24/2023,156930.0
8759,12/25/2023,156930.0
8760,12/26/2023,156930.0
8761,12/27/2023,156930.0
8762,12/28/2023,156930.0
8763,12/29/2023,156930.0
8764,12/30/2023,156930.0
8765,12/31/2023,156930.0
8766,01/01/2024,157049.0
8767,01/02/2024,157049.0
8768,01/03/2024,157049.0
8769,01/04/2024,157049.0
8770,01/05/2024,157049.0
8771,01/06/2024,157049.0
8772,01/07/2024,157049.0
8773,01/08/2024,157049.0
8774,01/09/2024,157049.0
8775,01/10/2024,157049.0
8776,01/11/2024,157049.0
8777,01/12/2024,157049.0
8778,01/13/2024,157049.0
8779,01/14/2024,157049.0
8780,01/15/2024,157049.0
8781,01/16/2024,157049.0
8782,01/17/2024,157049.0
8783,01/18/2024,157049.0
8784,01/19/2024,157049.0
8785,01/20/2024,157049.0
8786,01/21/2024,157049.0
8787,01/22/2024,157049.0
8788,01/23/2024,157049.0
8789,01/24/2024,157049.0
8790,01/25/2024,157049.0
8791,01/26/2024,157049.0
8792,01/27/2024,157049.0
8793,01/28/2024,157049.0
8794,01/29/2024,157049.0
8795,01/30/2024,157049.0
8796,01/31/2024,157049.0
8797,02/01/2024,157271.0
8798,02/02/2024,157271.0
8799,02/03/2024,157271.0
8800,02/04/2024,157271.0
8801,02/05/2024,157271.0
8802,02/06/2024,157271.0
8803,02/07/2024,157271.0
8804,02/08/2024,157271.0
8805,02/09/2024,157271.0
8806,02/10/2024,157271.0
8807,02/11/2024,157271.0
8808,02/12/2024,157271.0
8809,02/13/2024,157271.0
8810,02/14/2024,157271.0
8811,02/15/2024,157271.0
8812,02/16/2024,157271.0
8813,02/17/2024,157271.0
8814,02/18/2024,157271.0
8815,02/19/2024,157271.0
8816,02/20/2024,157271.0
8817,02/21/2024,157271.0
8818,02/22/2024,157271.0
8819,02/23/2024,157271.0
8820,02/24/2024,157271.0
8821,02/25/2024,157271.0
8822,02/26/2024,157271.0
8823,02/27/2024,157271.0
8824,02/28/2024,157271.0
8825,02/29/2024,157271.0
8826,03/01/2024,157517.0
8827,03/02/2024,157517.0
8828,03/03/2024,157517.0
8829,03/04/2024,157517.0
8830,03/05/2024,157517.0
8831,03/06/2024,157517.0
8832,03/07/2024,157517.0
8833,03/08/2024,157517.0
8834,03/09/2024,157517.0
8835,03/10/2024,157517.0
8836,03/11/2024,157517.0
8837,03/12/2024,157517.0
8838,03/13/2024,157517.0
8839,03/14/2024,157517.0
8840,03/15/2024,157517.0
8841,03/16/2024,157517.0
8842,03/17/2024,157517.0
8843,03/18/2024,157517.0
8844,03/19/2024,157517.0
8845,03/20/2024,157517.0
8846,03/21/2024,157517.0
8847,03/22/2024,157517.0
8848,03/23/2024,157517.0
8849,03/24/2024,157517.0
8850,03/25/2024,157517.0
8851,03/26/2024,157517.0
8852,03/27/2024,157517.0
8853,03/28/2024,157517.0
8854,03/29/2024,157517.0
8855,03/30/2024,157517.0
8856,03/31/2024,157517.0
8857,04/01/2024,157635.0
8858,04/02/2024,157635.0
8859,04/03/2024,157635.0
8860,04/04/2024,157635.0
8861,04/05/2024,157635.0
8862,04/06/2024,157635.0
8863,04/07/2024,157635.0
8864,04/08/2024,157635.0
8865,04/09/2024,157635.0
8866,04/10/2024,157635.0
8867,04/11/2024,157635.0
8868,04/12/2024,157635.0
8869,04/13/2024,157635.0
8870,04/14/2024,157635.0
8871,04/15/2024,157635.0
8872,04/16/2024,157635.0
8873,04/17/2024,157635.0
8874,04/18/2024,157635.0
8875,04/19/2024,157635.0
8876,04/20/2024,157635.0
8877,04/21/2024,157635.0
8878,04/22/2024,157635.0
8879,04/23/2024,157635.0
8880,04/24/2024,157635.0
8881,04/25/2024,157635.0
8882,04/26/2024,157635.0
8883,04/27/2024,157635.0
8884,04/28/2024,157635.0
8885,04/29/2024,157635.0
8886,04/30/2024,157635.0
8887,05/01/2024,157828.0
8888,05/02/2024,157828.0
8889,05/03/2024,157828.0
8890,05/04/2024,157828.0
8891,05/05/2024,157828.0
8892,05/06/2024,157828.0
8893,05/07/2024,157828.0
8894,05/08/2024,157828.0
8895,05/09/2024,157828.0
8896,05/10/2024,157828.0
8897,05/11/2024,157828.0
8898,05/12/2024,157828.0
8899,05/13/2024,157828.0
8900,05/14/2024,157828.0
8901,05/15/2024,157828.0
8902,05/16/2024,157828.0
8903,05/17/2024,157828.0
8904,05/18/2024,157828.0
8905,05/19/2024,157828.0
8906,05/20/2024,157828.0
8907,05/21/2024,157828.0
8908,05/22/2024,157828.0
8909,05/23/2024,157828.0
8910,05/24/2024,157828.0
8911,05/25/2024,157828.0
8912,05/26/2024,157828.0
8913,05/27/2024,157828.0
8914,05/28/2024,157828.0
8915,05/29/2024,157828.0
8916,05/30/2024,157828.0
8917,05/31/2024,157828.0
8918,06/01/2024,157915.0
8919,06/02/2024,157915.0
8920,06/03/2024,157915.0
8921,06/04/2024,157915.0
8922,06/05/2024,157915.0
8923,06/06/2024,157915.0
8924,06/07/2024,157915.0
8925,06/08/2024,157915.0
8926,06/09/2024,157915.0
8927,06/10/2024,157915.0
8928,06/11/2024,157915.0
8929,06/12/2024,157915.0
8930,06/13/2024,157915.0
8931,06/14/2024,157915.0
8932,06/15/2024,157915.0
8933,06/16/2024,157915.0
8934,06/17/2024,157915.0
8935,06/18/2024,157915.0
8936,06/19/2024,157915.0
8937,06/20/2024,157915.0
8938,06/21/2024,157915.0
8939,06/22/2024,157915.0
8940,06/23/2024,157915.0
8941,06/24/2024,157915.0
8942,06/25/2024,157915.0
8943,06/26/2024,157915.0
8944,06/27/2024,157915.0
8945,06/28/2024,157915.0
8946,06/29/2024,157915.0
8947,06/30/2024,157915.0
8948,07/01/2024,158003.0
8949,07/02/2024,158003.0
8950,07/03/2024,158003.0
8951,07/04/2024,158003.0
8952,07/05/2024,158003.0
8953,07/06/2024,158003.0
8954,07/07/2024,158003.0
8955,07/08/2024,158003.0
8956,07/09/2024,158003.0
8957,07/10/2024,158003.0
8958,07/11/2024,158003.0
8959,07/12/2024,158003.0
8960,07/13/2024,158003.0
8961,07/14/2024,158003.0
8962,07/15/2024,158003.0
8963,07/16/2024,158003.0
8964,07/17/2024,158003.0
8965,07/18/2024,158003.0
8966,07/19/2024,158003.0
8967,07/20/2024,158003.0
8968,07/21/2024,158003.0
8969,07/22/2024,158003.0
8970,07/23/2024,158003.0
8971,07/24/2024,158003.0
8972,07/25/2024,158003.0
8973,07/26/2024,158003.0
8974,07/27/2024,158003.0
8975,07/28/2024,158003.0
8976,07/29/2024,158003.0
8977,07/30/2024,158003.0
8978,07/31/2024,158003.0
8979,08/01/2024,158074.0
8980,08/02/2024,158074.0
8981,08/03/2024,158074.0
8982,08/04/2024,158074.0
8983,08/05/2024,158074.0
8984,08/06/2024,158074.0
8985,08/07/2024,158074.0
8986,08/08/2024,158074.0
8987,08/09/2024,158074.0
8988,08/10/2024,158074.0
8989,08/11/2024,158074.0
8990,08/12/2024,158074.0
8991,08/13/2024,158074.0
8992,08/14/2024,158074.0
8993,08/15/2024,158074.0
8994,08/16/2024,158074.0
8995,08/17/2024,158074.0
8996,08/18/2024,158074.0
8997,08/19/2024,158074.0
8998,08/20/2024,158074.0
8999,08/21/2024,158074.0
9000,08/22/2024,158074.0
9001,08/23/2024,158074.0
9002,08/24/2024,158074.0
9003,08/25/2024,158074.0
9004,08/26/2024,158074.0
9005,08/27/2024,158074.0
9006,08/28/2024,158074.0
9007,08/29/2024,158074.0
9008,08/30/2024,158074.0
9009,08/31/2024,158074.0
9010,09/01/2024,158314.0
9011,09/02/2024,158314.0
9012,09/03/2024,158314.0
9013,09/04/2024,158314.0
9014,09/05/2024,158314.0
9015,09/06/2024,158314.0
9016,09/07/2024,158314.0
9017,09/08/2024,158314.0
9018,09/09/2024,158314.0
9019,09/10/2024,158314.0
9020,09/11/2024,158314.0
9021,09/12/2024,158314.0
9022,09/13/2024,158314.0
9023,09/14/2024,158314.0
9024,09/15/2024,158314.0
9025,09/16/2024,158314.0
9026,09/17/2024,158314.0
9027,09/18/2024,158314.0
9028,09/19/2024,158314.0
9029,09/20/2024,158314.0
9030,09/21/2024,158314.0
9031,09/22/2024,158314.0
9032,09/23/2024,158314.0
9033,09/24/2024,158314.0
9034,09/25/2024,158314.0
9035,09/26/2024,158314.0
9036,09/27/2024,158314.0
9037,09/28/2024,158314.0
9038,09/29/2024,158314.0
9039,09/30/2024,158314.0
9040,10/01/2024,158358.0
9041,10/02/2024,158358.0
9042,10/03/2024,158358.0
9043,10/04/2024,158358.0
9044,10/05/2024,158358.0
9045,10/06/2024,158358.0
9046,10/07/2024,158358.0
9047,10/08/2024,158358.0
9048,10/09/2024,158358.0
9049,10/10/2024,158358.0
9050,10/11/2024,158358.0
9051,10/12/2024,158358.0
9052,10/13/2024,158358.0
9053,10/14/2024,158358.0
9054,10/15/2024,158358.0
9055,10/16/2024,158358.0
9056,10/17/2024,158358.0
9057,10/18/2024,158358.0
9058,10/19/2024,158358.0
9059,10/20/2024,158358.0
9060,10/21/2024,158358.0
9061,10/22/2024,158358.0
9062,10/23/2024,158358.0
9063,10/24/2024,158358.0
9064,10/25/2024,158358.0
9065,10/26/2024,158358.0
9066,10/27/2024,158358.0
9067,10/28/2024,158358.0
9068,10/29/2024,158358.0
9069,10/30/2024,158358.0
9070,10/31/2024,158358.0
9071,11/01/2024,158619.0
9072,11/02/2024,158619.0
9073,11/03/2024,158619.0
9074,11/04/2024,158619.0
9075,11/05/2024,158619.0
9076,11/06/2024,158619.0
9077,11/07/2024,158619.0
9078,11/08/2024,158619.0
9079,11/09/2024,158619.0
9080,11/10/2024,158619.0
9081,11/11/2024,158619.0
9082,11/12/2024,158619.0
9083,11/13/2024,158619.0
9084,11/14/2024,158619.0
9085,11/15/2024,158619.0
9086,11/16/2024,158619.0
9087,11/17/2024,158619.0
9088,11/18/2024,158619.0
9089,11/19/2024,158619.0
9090,11/20/2024,158619.0
9091,11/21/2024,158619.0
9092,11/22/2024,158619.0
9093,11/23/2024,158619.0
9094,11/24/2024,158619.0
9095,11/25/2024,158619.0
9096,11/26/2024,158619.0
9097,11/27/2024,158619.0
9098,11/28/2024,158619.0
9099,11/29/2024,158619.0
9100,11/30/2024,158619.0
9101,12/01/2024,158942.0
9102,12/02/2024,158942.0
9103,12/03/2024,158942.0
9104,12/04/2024,158942.0
9105,12/05/2024,158942.0
9106,12/06/2024,158942.0
9107,12/07/2024,158942.0
9108,12/08/2024,158942.0
9109,12/09/2024,158942.0
9110,12/10/2024,158942.0
9111,12/11/2024,158942.0
9112,12/12/2024,158942.0
9113,12/13/2024,158942.0
9114,12/14/2024,158942.0
9115,12/15/2024,158942.0
9116,12/16/2024,158942.0
9117,12/17/2024,158942.0
9118,12/18/2024,158942.0
9119,12/19/2024,158942.0
9120,12/20/2024,158942.0
9121,12/21/2024,158942.0
9122,12/22/2024,158942.0
9123,12/23/2024,158942.0
9124,12/24/2024,158942.0
9125,12/25/2024,158942.0
9126,12/26/2024,158942.0
9127,12/27/2024,158942.0
9128,12/28/2024,158942.0
9129,12/29/2024,158942.0
9130,12/30/2024,158942.0
9131,12/31/2024,158942.0
9132,01/01/2025,159053.0
9133,01/02/2025,159053.0
9134,01/03/2025,159053.0
9135,01/04/2025,159053.0
9136,01/05/2025,159053.0
9137,01/06/2025,159053.0
9138,01/07/2025,159053.0
9139,01/08/2025,159053.0
9140,01/09/2025,159053.0
9141,01/10/2025,159053.0
9142,01/11/2025,159053.0
9143,01/12/2025,159053.0
9144,01/13/2025,159053.0
9145,01/14/2025,159053.0
9146,01/15/2025,159053.0
9147,01/16/2025,159053.0
9148,01/17/2025,159053.0
9149,01/18/2025,159053.0
9150,01/19/2025,159053.0
9151,01/20/2025,159053.0
9152,01/21/2025,159053.0
9153,01/22/2025,159053.0
9154,01/23/2025,159053.0
9155,01/24/2025,159053.0
9156,01/25/2025,159053.0
9157,01/26/2025,159053.0
9158,01/27/2025,159053.0
9159,01/28/2025,159053.0
9160,01/29/2025,159053.0
9161,01/30/2025,159053.0
9162,01/31/2025,159053.0
9163,02/01/2025,159155.0
9164,02/02/2025,159155.0
9165,02/03/2025,159155.0
9166,02/04/2025,159155.0
9167,02/05/2025,159155.0
9168,02/06/2025,159155.0
9169,02/07/2025,159155.0
9170,02/08/2025,159155.0
9171,02/09/2025,159155.0
9172,02/10/2025,159155.0
9173,02/11/2025,159155.0
9174,02/12/2025,159155.0
9175,02/13/2025,159155.0
9176,02/14/2025,159155.0
9177,02/15/2025,159155.0
9178,02/16/2025,159155.0
9179,02/17/2025,159155.0
9180,02/18/2025,159155.0
9181,02/19/2025,159155.0
9182,02/20/2025,159155.0
9183,02/21/2025,159155.0
9184,02/22/2025,159155.0
9185,02/23/2025,159155.0
9186,02/24/2025,159155.0
9187,02/25/2025,159155.0
9188,02/26/2025,159155.0
9189,02/27/2025,159155.0
9190,02/28/2025,159155.0
9191,03/01/2025,159275.0
9192,03/02/2025,159275.0
9193,03/03/2025,159275.0
9194,03/04/2025,159275.0
9195,03/05/2025,159275.0
9196,03/06/2025,159275.0
9197,03/07/2025,159275.0
9198,03/08/2025,159275.0
9199,03/09/2025,159275.0
9200,03/10/2025,159275.0
9201,03/11/2025,159275.0
9202,03/12/2025,159275.0
9203,03/13/2025,159275.0
9204,03/14/2025,159275.0
9205,03/15/2025,159275.0
9206,03/16/2025,159275.0
9207,03/17/2025,159275.0
9208,03/18/2025,159275.0
9209,03/19/2025,159275.0
9210,03/20/2025,159275.0
9211,03/21/2025,159275.0
9212,03/22/2025,159275.0
9213,03/23/2025,159275.0
9214,03/24/2025,159275.0
9215,03/25/2025,159275.0
9216,03/26/2025,159275.0
9217,03/27/2025,159275.0
9218,03/28/2025,159275.0
9219,03/29/2025,159275.0
9220,03/30/2025,159275.0
9221,03/31/2025,159275.0
9222,04/01/2025,159433.0
9223,04/02/2025,159433.0
9224,04/03/2025,159433.0
9225,04/04/2025,159433.0
9226,04/05/2025,159433.0
9227,04/06/2025,159433.0
9228,04/07/2025,159433.0
9229,04/08/2025,159433.0
9230,04/09/2025,159433.0
9231,04/10/2025,159433.0
9232,04/11/2025,159433.0
9233,04/12/2025,159433.0
9234,04/13/2025,159433.0
9235,04/14/2025,159433.0
9236,04/15/2025,159433.0
9237,04/16/2025,159433.0
9238,04/17/2025,159433.0
9239,04/18/2025,159433.0
9240,04/19/2025,159433.0
9241,04/20/2025,159433.0
9242,04/21/2025,159433.0
9243,04/22/2025,159433.0
9244,04/23/2025,159433.0
9245,04/24/2025,159433.0
9246,04/25/2025,159433.0
9247,04/26/2025,159433.0
9248,04/27/2025,159433.0
9249,04/28/2025,159433.0
9250,04/29/2025,159433.0
9251,04/30/2025,159433.0
9252,05/01/2025,159452.0
9253,05/02/2025,159452.0
9254,05/03/2025,159452.0
9255,05/04/2025,159452.0
9256,05/05/2025,159452.0
9257,05/06/2025,159452.0
9258,05/07/2025,159452.0
9259,05/08/2025,159452.0
9260,05/09/2025,159452.0
9261,05/10/2025,159452.0
9262,05/11/2025,159452.0
9263,05/12/2025,159452.0
9264,05/13/2025,159452.0
9265,05/14/2025,159452.0
9266,05/15/2025,159452.0
9267,05/16/2025,159452.0
9268,05/17/2025,159452.0
9269,05/18/2025,159452.0
9270,05/19/2025,159452.0
9271,05/20/2025,159452.0
9272,05/21/2025,159452.0
9273,05/22/2025,159452.0
9274,05/23/2025,159452.0
9275,05/24/2025,159452.0
9276,05/25/2025,159452.0
9277,05/26/2025,159452.0
9278,05/27/2025,159452.0
9279,05/28/2025,159452.0
9280,05/29/2025,159452.0
9281,05/30/2025,159452.0
9282,05/31/2025,159452.0
9283,06/01/2025,159439.0
9284,06/02/2025,159439.0
9285,06/03/2025,159439.0
9286,06/04/2025,159439.0
9287,06/05/2025,159439.0
9288,06/06/2025,159439.0
9289,06/07/2025,159439.0
9290,06/08/2025,159439.0
9291,06/09/2025,159439.0
9292,06/10/2025,159439.0
9293,06/11/2025,159439.0
9294,06/12/2025,159439.0
9295,06/13/2025,159439.0
9296,06/14/2025,159439.0
9297,06/15/2025,159439.0
9298,06/16/2025,159439.0
9299,06/17/2025,159439.0
9300,06/18/2025,159439.0
9301,06/19/2025,159439.0
9302,06/20/2025,159439.0
9303,06/21/2025,159439.0
9304,06/22/2025,159439.0
9305,06/23/2025,159439.0
9306,06/24/2025,159439.0
9307,06/25/2025,159439.0
9308,06/26/2025,159439.0
9309,06/27/2025,159439.0
9310,06/28/2025,159439.0
9311,06/29/2025,159439.0
9312,06/30/2025,159439.0
9313,07/01/2025,159511.0
9314,07/02/2025,159511.0
9315,07/03/2025,159511.0
9316,07/04/2025,159511.0
9317,07/05/2025,159511.0
9318,07/06/2025,159511.0
9319,07/07/2025,159511.0
9320,07/08/2025,159511.0
9321,07/09/2025,159511.0
9322,07/10/2025,159511.0
9323,07/11/2025,159511.0
9324,07/12/2025,159511.0
9325,07/13/2025,159511.0
9326,07/14/2025,159511.0
9327,07/15/2025,159511.0
9328,07/16/2025,159511.0
9329,07/17/2025,159511.0
9330,07/18/2025,159511.0
9331,07/19/2025,159511.0
9332,07/20/2025,159511.0
9333,07/21/2025,159511.0
9334,07/22/2025,159511.0
9335,07/23/2025,159511.0
9336,07/24/2025,159511.0
9337,07/25/2025,159511.0
9338,07/26/2025,159511.0
9339,07/27/2025,159511.0
9340,07/28/2025,159511.0
9341,07/29/2025,159511.0
9342,07/30/2025,159511.0
9343,07/31/2025,159511.0
9344,08/01/2025,159485.0
9345,08/02/2025,159485.0
9346,08/03/2025,159485.0
9347,08/04/2025,159485.0
9348,08/05/2025,159485.0
9349,08/06/2025,159485.0
9350,08/07/2025,159485.0
9351,08/08/2025,159485.0
9352,08/09/2025,159485.0
9353,08/10/2025,159485.0
9354,08/11/2025,159485.0
9355,08/12/2025,159485.0
9356,08/13/2025,159485.0
9357,08/14/2025,159485.0
9358,08/15/2025,159485.0
9359,08/16/2025,159485.0
9360,08/17/2025,159485.0
9361,08/18/2025,159485.0
9362,08/19/2025,159485.0
9363,08/20/2025,159485.0
9364,08/21/2025,159485.0
9365,08/22/2025,159485.0
9366,08/23/2025,159485.0
9367,08/24/2025,159485.0
9368,08/25/2025,159485.0
9369,08/26/2025,159485.0
9370,08/27/2025,159485.0
9371,08/28/2025,159485.0
9372,08/29/2025,159485.0
9373,08/30/2025,159485.0
9374,08/31/2025,159485.0
9375,09/01/2025,159593.0
9376,09/02/2025,159593.0
9377,09/03/2025,159593.0
9378,09/04/2025,159593.0
9379,09/05/2025,159593.0
9380,09/06/2025,159593.0
9381,09/07/2025,159593.0
9382,09/08/2025,159593.0
9383,09/09/2025,159593.0
9384,09/10/2025,159593.0
9385,09/11/2025,159593.0
9386,09/12/2025,159593.0
9387,09/13/2025,159593.0
9388,09/14/2025,159593.0
9389,09/15/2025,159593.0
9390,09/16/2025,159593.0
9391,09/17/2025,159593.0
9392,09/18/2025,159593.0
9393,09/19/2025,159593.0
9394,09/20/2025,159593.0
9395,09/21/2025,159593.0
9396,09/22/2025,159593.0
9397,09/23/2025,159593.0
9398,09/24/2025,159593.0
9399,09/25/2025,159593.0
9400,09/26/2025,159593.0
9401,09/27/2025,159593.0
9402,09/28/2025,159593.0
9403,09/29/2025,159593.0
9404,09/30/2025,159593.0
9405,10/01/2025,159420.0
9406,10/02/2025,159420.0
9407,10/03/2025,159420.0
9408,10/04/2025,159420.0
9409,10/05/2025,159420.0
9410,10/06/2025,159420.0
9411,10/07/2025,159420.0
9412,10/08/2025,159420.0
9413,10/09/2025,159420.0
9414,10/10/2025,159420.0
9415,10/11/2025,159420.0
9416,10/12/2025,159420.0
9417,10/13/2025,159420.0
9418,10/14/2025,159420.0
9419,10/15/2025,159420.0
9420,10/16/2025,159420.0
9421,10/17/2025,159420.0
9422,10/18/2025,159420.0
9423,10/19/2025,159420.0
9424,10/20/2025,159420.0
9425,10/21/2025,159420.0
9426,10/22/2025,159420.0
9427,10/23/2025,159420.0
9428,10/24/2025,159420.0
9429,10/25/2025,159420.0
9430,10/26/2025,159420.0
9431,10/27/2025,159420.0
9432,10/28/2025,159420.0
9433,10/29/2025,159420.0
9434,10/30/2025,159420.0
9435,10/31/2025,159420.0
9436,11/01/2025,159476.0
9437,11/02/2025,159476.0
9438,11/03/2025,159476.0
9439,11/04/2025,159476.0
9440,11/05/2025,159476.0
9441,11/06/2025,159476.0
9442,11/07/2025,159476.0
9443,11/08/2025,159476.0
9444,11/09/2025,159476.0
9445,11/10/2025,159476.0
9446,11/11/2025,159476.0
9447,11/12/2025,159476.0
9448,11/13/2025,159476.0
9449,11/14/2025,159476.0
9450,11/15/2025,159476.0
9451,11/16/2025,159476.0
9452,11/17/2025,159476.0
9453,11/18/2025,159476.0
9454,11/19/2025,159476.0
9455,11/20/2025,159476.0
9456,11/21/2025,159476.0
9457,11/22/2025,159476.0
9458,11/23/2025,159476.0
9459,11/24/2025,159476.0
9460,11/25/2025,159476.0
9461,11/26/2025,159476.0
9462,11/27/2025,159476.0
9463,11/28/2025,159476.0
9464,11/29/2025,159476.0
9465,11/30/2025,159476.0
9466,12/01/2025,159526.0
9467,12/02/2025,159526.0
9468,12/03/2025,159526.0
9469,12/04/2025,159526.0
9470,12/05/2025,159526.0
9471,12/06/2025,159526.0
9472,12/07/2025,159526.0
9473,12/08/2025,159526.0
9474,12/09/2025,159526.0
9475,12/10/2025,159526.0
9476,12/11/2025,159526.0
9477,12/12/2025,159526.0
9478,12/13/2025,159526.0
9479,12/14/2025,159526.0
9480,12/15/2025,159526.0
9481,12/16/2025,159526.0
9482,12/17/2025,159526.0
9483,12/18/2025,159526.0
9484,12/19/2025,159526.0
9485,12/20/2025,159526.0
9486,12/21/2025,159526.0
9487,12/22/2025,159526.0
9488,12/23/2025,159526.0
9489,12/24/2025,159526.0
9490,12/25/2025,159526.0
9491,12/26/2025,159526.0
9492,12/27/2025,159526.0
9493,12/28/2025,159526.0
9494,12/29/2025,159526.0
9495,12/30/2025,159526.0
9496,12/31/2025,159526.0
