Date,PCEPI
1/1/2000,72.961
1/2/2000,72.961
1/3/2000,72.961
1/4/2000,72.961
1/5/2000,72.961
1/6/2000,72.961
1/7/2000,72.961
1/8/2000,72.961
1/9/2000,72.961
1/10/2000,72.961
1/11/2000,72.961
1/12/2000,72.961
1/13/2000,72.961
1/14/2000,72.961
1/15/2000,72.961
1/16/2000,72.961
1/17/2000,72.961
1/18/2000,72.961
1/19/2000,72.961
1/20/2000,72.961
1/21/2000,72.961
1/22/2000,72.961
1/23/2000,72.961
1/24/2000,72.961
1/25/2000,72.961
1/26/2000,72.961
1/27/2000,72.961
1/28/2000,72.961
1/29/2000,72.961
1/30/2000,72.961
1/31/2000,72.961
2/1/2000,73.191
2/2/2000,73.191
2/3/2000,73.191
2/4/2000,73.191
2/5/2000,73.191
2/6/2000,73.191
2/7/2000,73.191
2/8/2000,73.191
2/9/2000,73.191
2/10/2000,73.191
2/11/2000,73.191
2/12/2000,73.191
2/13/2000,73.191
2/14/2000,73.191
2/15/2000,73.191
2/16/2000,73.191
2/17/2000,73.191
2/18/2000,73.191
2/19/2000,73.191
2/20/2000,73.191
2/21/2000,73.191
2/22/2000,73.191
2/23/2000,73.191
2/24/2000,73.191
2/25/2000,73.191
2/26/2000,73.191
2/27/2000,73.191
2/28/2000,73.191
2/29/2000,73.191
3/1/2000,73.505
3/2/2000,73.505
3/3/2000,73.505
3/4/2000,73.505
3/5/2000,73.505
3/6/2000,73.505
3/7/2000,73.505
3/8/2000,73.505
3/9/2000,73.505
3/10/2000,73.505
3/11/2000,73.505
3/12/2000,73.505
3/13/2000,73.505
3/14/2000,73.505
3/15/2000,73.505
3/16/2000,73.505
3/17/2000,73.505
3/18/2000,73.505
3/19/2000,73.505
3/20/2000,73.505
3/21/2000,73.505
3/22/2000,73.505
3/23/2000,73.505
3/24/2000,73.505
3/25/2000,73.505
3/26/2000,73.505
3/27/2000,73.505
3/28/2000,73.505
3/29/2000,73.505
3/30/2000,73.505
3/31/2000,73.505
4/1/2000,73.444
4/2/2000,73.444
4/3/2000,73.444
4/4/2000,73.444
4/5/2000,73.444
4/6/2000,73.444
4/7/2000,73.444
4/8/2000,73.444
4/9/2000,73.444
4/10/2000,73.444
4/11/2000,73.444
4/12/2000,73.444
4/13/2000,73.444
4/14/2000,73.444
4/15/2000,73.444
4/16/2000,73.444
4/17/2000,73.444
4/18/2000,73.444
4/19/2000,73.444
4/20/2000,73.444
4/21/2000,73.444
4/22/2000,73.444
4/23/2000,73.444
4/24/2000,73.444
4/25/2000,73.444
4/26/2000,73.444
4/27/2000,73.444
4/28/2000,73.444
4/29/2000,73.444
4/30/2000,73.444
5/1/2000,73.505
5/2/2000,73.505
5/3/2000,73.505
5/4/2000,73.505
5/5/2000,73.505
5/6/2000,73.505
5/7/2000,73.505
5/8/2000,73.505
5/9/2000,73.505
5/10/2000,73.505
5/11/2000,73.505
5/12/2000,73.505
5/13/2000,73.505
5/14/2000,73.505
5/15/2000,73.505
5/16/2000,73.505
5/17/2000,73.505
5/18/2000,73.505
5/19/2000,73.505
5/20/2000,73.505
5/21/2000,73.505
5/22/2000,73.505
5/23/2000,73.505
5/24/2000,73.505
5/25/2000,73.505
5/26/2000,73.505
5/27/2000,73.505
5/28/2000,73.505
5/29/2000,73.505
5/30/2000,73.505
5/31/2000,73.505
6/1/2000,73.754
6/2/2000,73.754
6/3/2000,73.754
6/4/2000,73.754
6/5/2000,73.754
6/6/2000,73.754
6/7/2000,73.754
6/8/2000,73.754
6/9/2000,73.754
6/10/2000,73.754
6/11/2000,73.754
6/12/2000,73.754
6/13/2000,73.754
6/14/2000,73.754
6/15/2000,73.754
6/16/2000,73.754
6/17/2000,73.754
6/18/2000,73.754
6/19/2000,73.754
6/20/2000,73.754
6/21/2000,73.754
6/22/2000,73.754
6/23/2000,73.754
6/24/2000,73.754
6/25/2000,73.754
6/26/2000,73.754
6/27/2000,73.754
6/28/2000,73.754
6/29/2000,73.754
6/30/2000,73.754
7/1/2000,73.939
7/2/2000,73.939
7/3/2000,73.939
7/4/2000,73.939
7/5/2000,73.939
7/6/2000,73.939
7/7/2000,73.939
7/8/2000,73.939
7/9/2000,73.939
7/10/2000,73.939
7/11/2000,73.939
7/12/2000,73.939
7/13/2000,73.939
7/14/2000,73.939
7/15/2000,73.939
7/16/2000,73.939
7/17/2000,73.939
7/18/2000,73.939
7/19/2000,73.939
7/20/2000,73.939
7/21/2000,73.939
7/22/2000,73.939
7/23/2000,73.939
7/24/2000,73.939
7/25/2000,73.939
7/26/2000,73.939
7/27/2000,73.939
7/28/2000,73.939
7/29/2000,73.939
7/30/2000,73.939
7/31/2000,73.939
8/1/2000,73.934
8/2/2000,73.934
8/3/2000,73.934
8/4/2000,73.934
8/5/2000,73.934
8/6/2000,73.934
8/7/2000,73.934
8/8/2000,73.934
8/9/2000,73.934
8/10/2000,73.934
8/11/2000,73.934
8/12/2000,73.934
8/13/2000,73.934
8/14/2000,73.934
8/15/2000,73.934
8/16/2000,73.934
8/17/2000,73.934
8/18/2000,73.934
8/19/2000,73.934
8/20/2000,73.934
8/21/2000,73.934
8/22/2000,73.934
8/23/2000,73.934
8/24/2000,73.934
8/25/2000,73.934
8/26/2000,73.934
8/27/2000,73.934
8/28/2000,73.934
8/29/2000,73.934
8/30/2000,73.934
8/31/2000,73.934
9/1/2000,74.252
9/2/2000,74.252
9/3/2000,74.252
9/4/2000,74.252
9/5/2000,74.252
9/6/2000,74.252
9/7/2000,74.252
9/8/2000,74.252
9/9/2000,74.252
9/10/2000,74.252
9/11/2000,74.252
9/12/2000,74.252
9/13/2000,74.252
9/14/2000,74.252
9/15/2000,74.252
9/16/2000,74.252
9/17/2000,74.252
9/18/2000,74.252
9/19/2000,74.252
9/20/2000,74.252
9/21/2000,74.252
9/22/2000,74.252
9/23/2000,74.252
9/24/2000,74.252
9/25/2000,74.252
9/26/2000,74.252
9/27/2000,74.252
9/28/2000,74.252
9/29/2000,74.252
9/30/2000,74.252
10/1/2000,74.353
10/2/2000,74.353
10/3/2000,74.353
10/4/2000,74.353
10/5/2000,74.353
10/6/2000,74.353
10/7/2000,74.353
10/8/2000,74.353
10/9/2000,74.353
10/10/2000,74.353
10/11/2000,74.353
10/12/2000,74.353
10/13/2000,74.353
10/14/2000,74.353
10/15/2000,74.353
10/16/2000,74.353
10/17/2000,74.353
10/18/2000,74.353
10/19/2000,74.353
10/20/2000,74.353
10/21/2000,74.353
10/22/2000,74.353
10/23/2000,74.353
10/24/2000,74.353
10/25/2000,74.353
10/26/2000,74.353
10/27/2000,74.353
10/28/2000,74.353
10/29/2000,74.353
10/30/2000,74.353
10/31/2000,74.353
11/1/2000,74.457
11/2/2000,74.457
11/3/2000,74.457
11/4/2000,74.457
11/5/2000,74.457
11/6/2000,74.457
11/7/2000,74.457
11/8/2000,74.457
11/9/2000,74.457
11/10/2000,74.457
11/11/2000,74.457
11/12/2000,74.457
11/13/2000,74.457
11/14/2000,74.457
11/15/2000,74.457
11/16/2000,74.457
11/17/2000,74.457
11/18/2000,74.457
11/19/2000,74.457
11/20/2000,74.457
11/21/2000,74.457
11/22/2000,74.457
11/23/2000,74.457
11/24/2000,74.457
11/25/2000,74.457
11/26/2000,74.457
11/27/2000,74.457
11/28/2000,74.457
11/29/2000,74.457
11/30/2000,74.457
12/1/2000,74.571
12/2/2000,74.571
12/3/2000,74.571
12/4/2000,74.571
12/5/2000,74.571
12/6/2000,74.571
12/7/2000,74.571
12/8/2000,74.571
12/9/2000,74.571
12/10/2000,74.571
12/11/2000,74.571
12/12/2000,74.571
12/13/2000,74.571
12/14/2000,74.571
12/15/2000,74.571
12/16/2000,74.571
12/17/2000,74.571
12/18/2000,74.571
12/19/2000,74.571
12/20/2000,74.571
12/21/2000,74.571
12/22/2000,74.571
12/23/2000,74.571
12/24/2000,74.571
12/25/2000,74.571
12/26/2000,74.571
12/27/2000,74.571
12/28/2000,74.571
12/29/2000,74.571
12/30/2000,74.571
12/31/2000,74.571
1/1/2001,74.932
1/2/2001,74.932
1/3/2001,74.932
1/4/2001,74.932
1/5/2001,74.932
1/6/2001,74.932
1/7/2001,74.932
1/8/2001,74.932
1/9/2001,74.932
1/10/2001,74.932
1/11/2001,74.932
1/12/2001,74.932
1/13/2001,74.932
1/14/2001,74.932
1/15/2001,74.932
1/16/2001,74.932
1/17/2001,74.932
1/18/2001,74.932
1/19/2001,74.932
1/20/2001,74.932
1/21/2001,74.932
1/22/2001,74.932
1/23/2001,74.932
1/24/2001,74.932
1/25/2001,74.932
1/26/2001,74.932
1/27/2001,74.932
1/28/2001,74.932
1/29/2001,74.932
1/30/2001,74.932
1/31/2001,74.932
2/1/2001,75.048
2/2/2001,75.048
2/3/2001,75.048
2/4/2001,75.048
2/5/2001,75.048
2/6/2001,75.048
2/7/2001,75.048
2/8/2001,75.048
2/9/2001,75.048
2/10/2001,75.048
2/11/2001,75.048
2/12/2001,75.048
2/13/2001,75.048
2/14/2001,75.048
2/15/2001,75.048
2/16/2001,75.048
2/17/2001,75.048
2/18/2001,75.048
2/19/2001,75.048
2/20/2001,75.048
2/21/2001,75.048
2/22/2001,75.048
2/23/2001,75.048
2/24/2001,75.048
2/25/2001,75.048
2/26/2001,75.048
2/27/2001,75.048
2/28/2001,75.048
3/1/2001,75.055
3/2/2001,75.055
3/3/2001,75.055
3/4/2001,75.055
3/5/2001,75.055
3/6/2001,75.055
3/7/2001,75.055
3/8/2001,75.055
3/9/2001,75.055
3/10/2001,75.055
3/11/2001,75.055
3/12/2001,75.055
3/13/2001,75.055
3/14/2001,75.055
3/15/2001,75.055
3/16/2001,75.055
3/17/2001,75.055
3/18/2001,75.055
3/19/2001,75.055
3/20/2001,75.055
3/21/2001,75.055
3/22/2001,75.055
3/23/2001,75.055
3/24/2001,75.055
3/25/2001,75.055
3/26/2001,75.055
3/27/2001,75.055
3/28/2001,75.055
3/29/2001,75.055
3/30/2001,75.055
3/31/2001,75.055
4/1/2001,75.187
4/2/2001,75.187
4/3/2001,75.187
4/4/2001,75.187
4/5/2001,75.187
4/6/2001,75.187
4/7/2001,75.187
4/8/2001,75.187
4/9/2001,75.187
4/10/2001,75.187
4/11/2001,75.187
4/12/2001,75.187
4/13/2001,75.187
4/14/2001,75.187
4/15/2001,75.187
4/16/2001,75.187
4/17/2001,75.187
4/18/2001,75.187
4/19/2001,75.187
4/20/2001,75.187
4/21/2001,75.187
4/22/2001,75.187
4/23/2001,75.187
4/24/2001,75.187
4/25/2001,75.187
4/26/2001,75.187
4/27/2001,75.187
4/28/2001,75.187
4/29/2001,75.187
4/30/2001,75.187
5/1/2001,75.385
5/2/2001,75.385
5/3/2001,75.385
5/4/2001,75.385
5/5/2001,75.385
5/6/2001,75.385
5/7/2001,75.385
5/8/2001,75.385
5/9/2001,75.385
5/10/2001,75.385
5/11/2001,75.385
5/12/2001,75.385
5/13/2001,75.385
5/14/2001,75.385
5/15/2001,75.385
5/16/2001,75.385
5/17/2001,75.385
5/18/2001,75.385
5/19/2001,75.385
5/20/2001,75.385
5/21/2001,75.385
5/22/2001,75.385
5/23/2001,75.385
5/24/2001,75.385
5/25/2001,75.385
5/26/2001,75.385
5/27/2001,75.385
5/28/2001,75.385
5/29/2001,75.385
5/30/2001,75.385
5/31/2001,75.385
6/1/2001,75.518
6/2/2001,75.518
6/3/2001,75.518
6/4/2001,75.518
6/5/2001,75.518
6/6/2001,75.518
6/7/2001,75.518
6/8/2001,75.518
6/9/2001,75.518
6/10/2001,75.518
6/11/2001,75.518
6/12/2001,75.518
6/13/2001,75.518
6/14/2001,75.518
6/15/2001,75.518
6/16/2001,75.518
6/17/2001,75.518
6/18/2001,75.518
6/19/2001,75.518
6/20/2001,75.518
6/21/2001,75.518
6/22/2001,75.518
6/23/2001,75.518
6/24/2001,75.518
6/25/2001,75.518
6/26/2001,75.518
6/27/2001,75.518
6/28/2001,75.518
6/29/2001,75.518
6/30/2001,75.518
7/1/2001,75.493
7/2/2001,75.493
7/3/2001,75.493
7/4/2001,75.493
7/5/2001,75.493
7/6/2001,75.493
7/7/2001,75.493
7/8/2001,75.493
7/9/2001,75.493
7/10/2001,75.493
7/11/2001,75.493
7/12/2001,75.493
7/13/2001,75.493
7/14/2001,75.493
7/15/2001,75.493
7/16/2001,75.493
7/17/2001,75.493
7/18/2001,75.493
7/19/2001,75.493
7/20/2001,75.493
7/21/2001,75.493
7/22/2001,75.493
7/23/2001,75.493
7/24/2001,75.493
7/25/2001,75.493
7/26/2001,75.493
7/27/2001,75.493
7/28/2001,75.493
7/29/2001,75.493
7/30/2001,75.493
7/31/2001,75.493
8/1/2001,75.484
8/2/2001,75.484
8/3/2001,75.484
8/4/2001,75.484
8/5/2001,75.484
8/6/2001,75.484
8/7/2001,75.484
8/8/2001,75.484
8/9/2001,75.484
8/10/2001,75.484
8/11/2001,75.484
8/12/2001,75.484
8/13/2001,75.484
8/14/2001,75.484
8/15/2001,75.484
8/16/2001,75.484
8/17/2001,75.484
8/18/2001,75.484
8/19/2001,75.484
8/20/2001,75.484
8/21/2001,75.484
8/22/2001,75.484
8/23/2001,75.484
8/24/2001,75.484
8/25/2001,75.484
8/26/2001,75.484
8/27/2001,75.484
8/28/2001,75.484
8/29/2001,75.484
8/30/2001,75.484
8/31/2001,75.484
9/1/2001,75.227
9/2/2001,75.227
9/3/2001,75.227
9/4/2001,75.227
9/5/2001,75.227
9/6/2001,75.227
9/7/2001,75.227
9/8/2001,75.227
9/9/2001,75.227
9/10/2001,75.227
9/11/2001,75.227
9/12/2001,75.227
9/13/2001,75.227
9/14/2001,75.227
9/15/2001,75.227
9/16/2001,75.227
9/17/2001,75.227
9/18/2001,75.227
9/19/2001,75.227
9/20/2001,75.227
9/21/2001,75.227
9/22/2001,75.227
9/23/2001,75.227
9/24/2001,75.227
9/25/2001,75.227
9/26/2001,75.227
9/27/2001,75.227
9/28/2001,75.227
9/29/2001,75.227
9/30/2001,75.227
10/1/2001,75.492
10/2/2001,75.492
10/3/2001,75.492
10/4/2001,75.492
10/5/2001,75.492
10/6/2001,75.492
10/7/2001,75.492
10/8/2001,75.492
10/9/2001,75.492
10/10/2001,75.492
10/11/2001,75.492
10/12/2001,75.492
10/13/2001,75.492
10/14/2001,75.492
10/15/2001,75.492
10/16/2001,75.492
10/17/2001,75.492
10/18/2001,75.492
10/19/2001,75.492
10/20/2001,75.492
10/21/2001,75.492
10/22/2001,75.492
10/23/2001,75.492
10/24/2001,75.492
10/25/2001,75.492
10/26/2001,75.492
10/27/2001,75.492
10/28/2001,75.492
10/29/2001,75.492
10/30/2001,75.492
10/31/2001,75.492
11/1/2001,75.441
11/2/2001,75.441
11/3/2001,75.441
11/4/2001,75.441
11/5/2001,75.441
11/6/2001,75.441
11/7/2001,75.441
11/8/2001,75.441
11/9/2001,75.441
11/10/2001,75.441
11/11/2001,75.441
11/12/2001,75.441
11/13/2001,75.441
11/14/2001,75.441
11/15/2001,75.441
11/16/2001,75.441
11/17/2001,75.441
11/18/2001,75.441
11/19/2001,75.441
11/20/2001,75.441
11/21/2001,75.441
11/22/2001,75.441
11/23/2001,75.441
11/24/2001,75.441
11/25/2001,75.441
11/26/2001,75.441
11/27/2001,75.441
11/28/2001,75.441
11/29/2001,75.441
11/30/2001,75.441
12/1/2001,75.363
12/2/2001,75.363
12/3/2001,75.363
12/4/2001,75.363
12/5/2001,75.363
12/6/2001,75.363
12/7/2001,75.363
12/8/2001,75.363
12/9/2001,75.363
12/10/2001,75.363
12/11/2001,75.363
12/12/2001,75.363
12/13/2001,75.363
12/14/2001,75.363
12/15/2001,75.363
12/16/2001,75.363
12/17/2001,75.363
12/18/2001,75.363
12/19/2001,75.363
12/20/2001,75.363
12/21/2001,75.363
12/22/2001,75.363
12/23/2001,75.363
12/24/2001,75.363
12/25/2001,75.363
12/26/2001,75.363
12/27/2001,75.363
12/28/2001,75.363
12/29/2001,75.363
12/30/2001,75.363
12/31/2001,75.363
1/1/2002,75.431
1/2/2002,75.431
1/3/2002,75.431
1/4/2002,75.431
1/5/2002,75.431
1/6/2002,75.431
1/7/2002,75.431
1/8/2002,75.431
1/9/2002,75.431
1/10/2002,75.431
1/11/2002,75.431
1/12/2002,75.431
1/13/2002,75.431
1/14/2002,75.431
1/15/2002,75.431
1/16/2002,75.431
1/17/2002,75.431
1/18/2002,75.431
1/19/2002,75.431
1/20/2002,75.431
1/21/2002,75.431
1/22/2002,75.431
1/23/2002,75.431
1/24/2002,75.431
1/25/2002,75.431
1/26/2002,75.431
1/27/2002,75.431
1/28/2002,75.431
1/29/2002,75.431
1/30/2002,75.431
1/31/2002,75.431
2/1/2002,75.558
2/2/2002,75.558
2/3/2002,75.558
2/4/2002,75.558
2/5/2002,75.558
2/6/2002,75.558
2/7/2002,75.558
2/8/2002,75.558
2/9/2002,75.558
2/10/2002,75.558
2/11/2002,75.558
2/12/2002,75.558
2/13/2002,75.558
2/14/2002,75.558
2/15/2002,75.558
2/16/2002,75.558
2/17/2002,75.558
2/18/2002,75.558
2/19/2002,75.558
2/20/2002,75.558
2/21/2002,75.558
2/22/2002,75.558
2/23/2002,75.558
2/24/2002,75.558
2/25/2002,75.558
2/26/2002,75.558
2/27/2002,75.558
2/28/2002,75.558
3/1/2002,75.763
3/2/2002,75.763
3/3/2002,75.763
3/4/2002,75.763
3/5/2002,75.763
3/6/2002,75.763
3/7/2002,75.763
3/8/2002,75.763
3/9/2002,75.763
3/10/2002,75.763
3/11/2002,75.763
3/12/2002,75.763
3/13/2002,75.763
3/14/2002,75.763
3/15/2002,75.763
3/16/2002,75.763
3/17/2002,75.763
3/18/2002,75.763
3/19/2002,75.763
3/20/2002,75.763
3/21/2002,75.763
3/22/2002,75.763
3/23/2002,75.763
3/24/2002,75.763
3/25/2002,75.763
3/26/2002,75.763
3/27/2002,75.763
3/28/2002,75.763
3/29/2002,75.763
3/30/2002,75.763
3/31/2002,75.763
4/1/2002,76.08
4/2/2002,76.08
4/3/2002,76.08
4/4/2002,76.08
4/5/2002,76.08
4/6/2002,76.08
4/7/2002,76.08
4/8/2002,76.08
4/9/2002,76.08
4/10/2002,76.08
4/11/2002,76.08
4/12/2002,76.08
4/13/2002,76.08
4/14/2002,76.08
4/15/2002,76.08
4/16/2002,76.08
4/17/2002,76.08
4/18/2002,76.08
4/19/2002,76.08
4/20/2002,76.08
4/21/2002,76.08
4/22/2002,76.08
4/23/2002,76.08
4/24/2002,76.08
4/25/2002,76.08
4/26/2002,76.08
4/27/2002,76.08
4/28/2002,76.08
4/29/2002,76.08
4/30/2002,76.08
5/1/2002,76.13
5/2/2002,76.13
5/3/2002,76.13
5/4/2002,76.13
5/5/2002,76.13
5/6/2002,76.13
5/7/2002,76.13
5/8/2002,76.13
5/9/2002,76.13
5/10/2002,76.13
5/11/2002,76.13
5/12/2002,76.13
5/13/2002,76.13
5/14/2002,76.13
5/15/2002,76.13
5/16/2002,76.13
5/17/2002,76.13
5/18/2002,76.13
5/19/2002,76.13
5/20/2002,76.13
5/21/2002,76.13
5/22/2002,76.13
5/23/2002,76.13
5/24/2002,76.13
5/25/2002,76.13
5/26/2002,76.13
5/27/2002,76.13
5/28/2002,76.13
5/29/2002,76.13
5/30/2002,76.13
5/31/2002,76.13
6/1/2002,76.225
6/2/2002,76.225
6/3/2002,76.225
6/4/2002,76.225
6/5/2002,76.225
6/6/2002,76.225
6/7/2002,76.225
6/8/2002,76.225
6/9/2002,76.225
6/10/2002,76.225
6/11/2002,76.225
6/12/2002,76.225
6/13/2002,76.225
6/14/2002,76.225
6/15/2002,76.225
6/16/2002,76.225
6/17/2002,76.225
6/18/2002,76.225
6/19/2002,76.225
6/20/2002,76.225
6/21/2002,76.225
6/22/2002,76.225
6/23/2002,76.225
6/24/2002,76.225
6/25/2002,76.225
6/26/2002,76.225
6/27/2002,76.225
6/28/2002,76.225
6/29/2002,76.225
6/30/2002,76.225
7/1/2002,76.393
7/2/2002,76.393
7/3/2002,76.393
7/4/2002,76.393
7/5/2002,76.393
7/6/2002,76.393
7/7/2002,76.393
7/8/2002,76.393
7/9/2002,76.393
7/10/2002,76.393
7/11/2002,76.393
7/12/2002,76.393
7/13/2002,76.393
7/14/2002,76.393
7/15/2002,76.393
7/16/2002,76.393
7/17/2002,76.393
7/18/2002,76.393
7/19/2002,76.393
7/20/2002,76.393
7/21/2002,76.393
7/22/2002,76.393
7/23/2002,76.393
7/24/2002,76.393
7/25/2002,76.393
7/26/2002,76.393
7/27/2002,76.393
7/28/2002,76.393
7/29/2002,76.393
7/30/2002,76.393
7/31/2002,76.393
8/1/2002,76.543
8/2/2002,76.543
8/3/2002,76.543
8/4/2002,76.543
8/5/2002,76.543
8/6/2002,76.543
8/7/2002,76.543
8/8/2002,76.543
8/9/2002,76.543
8/10/2002,76.543
8/11/2002,76.543
8/12/2002,76.543
8/13/2002,76.543
8/14/2002,76.543
8/15/2002,76.543
8/16/2002,76.543
8/17/2002,76.543
8/18/2002,76.543
8/19/2002,76.543
8/20/2002,76.543
8/21/2002,76.543
8/22/2002,76.543
8/23/2002,76.543
8/24/2002,76.543
8/25/2002,76.543
8/26/2002,76.543
8/27/2002,76.543
8/28/2002,76.543
8/29/2002,76.543
8/30/2002,76.543
8/31/2002,76.543
9/1/2002,76.681
9/2/2002,76.681
9/3/2002,76.681
9/4/2002,76.681
9/5/2002,76.681
9/6/2002,76.681
9/7/2002,76.681
9/8/2002,76.681
9/9/2002,76.681
9/10/2002,76.681
9/11/2002,76.681
9/12/2002,76.681
9/13/2002,76.681
9/14/2002,76.681
9/15/2002,76.681
9/16/2002,76.681
9/17/2002,76.681
9/18/2002,76.681
9/19/2002,76.681
9/20/2002,76.681
9/21/2002,76.681
9/22/2002,76.681
9/23/2002,76.681
9/24/2002,76.681
9/25/2002,76.681
9/26/2002,76.681
9/27/2002,76.681
9/28/2002,76.681
9/29/2002,76.681
9/30/2002,76.681
10/1/2002,76.821
10/2/2002,76.821
10/3/2002,76.821
10/4/2002,76.821
10/5/2002,76.821
10/6/2002,76.821
10/7/2002,76.821
10/8/2002,76.821
10/9/2002,76.821
10/10/2002,76.821
10/11/2002,76.821
10/12/2002,76.821
10/13/2002,76.821
10/14/2002,76.821
10/15/2002,76.821
10/16/2002,76.821
10/17/2002,76.821
10/18/2002,76.821
10/19/2002,76.821
10/20/2002,76.821
10/21/2002,76.821
10/22/2002,76.821
10/23/2002,76.821
10/24/2002,76.821
10/25/2002,76.821
10/26/2002,76.821
10/27/2002,76.821
10/28/2002,76.821
10/29/2002,76.821
10/30/2002,76.821
10/31/2002,76.821
11/1/2002,76.897
11/2/2002,76.897
11/3/2002,76.897
11/4/2002,76.897
11/5/2002,76.897
11/6/2002,76.897
11/7/2002,76.897
11/8/2002,76.897
11/9/2002,76.897
11/10/2002,76.897
11/11/2002,76.897
11/12/2002,76.897
11/13/2002,76.897
11/14/2002,76.897
11/15/2002,76.897
11/16/2002,76.897
11/17/2002,76.897
11/18/2002,76.897
11/19/2002,76.897
11/20/2002,76.897
11/21/2002,76.897
11/22/2002,76.897
11/23/2002,76.897
11/24/2002,76.897
11/25/2002,76.897
11/26/2002,76.897
11/27/2002,76.897
11/28/2002,76.897
11/29/2002,76.897
11/30/2002,76.897
12/1/2002,76.971
12/2/2002,76.971
12/3/2002,76.971
12/4/2002,76.971
12/5/2002,76.971
12/6/2002,76.971
12/7/2002,76.971
12/8/2002,76.971
12/9/2002,76.971
12/10/2002,76.971
12/11/2002,76.971
12/12/2002,76.971
12/13/2002,76.971
12/14/2002,76.971
12/15/2002,76.971
12/16/2002,76.971
12/17/2002,76.971
12/18/2002,76.971
12/19/2002,76.971
12/20/2002,76.971
12/21/2002,76.971
12/22/2002,76.971
12/23/2002,76.971
12/24/2002,76.971
12/25/2002,76.971
12/26/2002,76.971
12/27/2002,76.971
12/28/2002,76.971
12/29/2002,76.971
12/30/2002,76.971
12/31/2002,76.971
1/1/2003,77.201
1/2/2003,77.201
1/3/2003,77.201
1/4/2003,77.201
1/5/2003,77.201
1/6/2003,77.201
1/7/2003,77.201
1/8/2003,77.201
1/9/2003,77.201
1/10/2003,77.201
1/11/2003,77.201
1/12/2003,77.201
1/13/2003,77.201
1/14/2003,77.201
1/15/2003,77.201
1/16/2003,77.201
1/17/2003,77.201
1/18/2003,77.201
1/19/2003,77.201
1/20/2003,77.201
1/21/2003,77.201
1/22/2003,77.201
1/23/2003,77.201
1/24/2003,77.201
1/25/2003,77.201
1/26/2003,77.201
1/27/2003,77.201
1/28/2003,77.201
1/29/2003,77.201
1/30/2003,77.201
1/31/2003,77.201
2/1/2003,77.526
2/2/2003,77.526
2/3/2003,77.526
2/4/2003,77.526
2/5/2003,77.526
2/6/2003,77.526
2/7/2003,77.526
2/8/2003,77.526
2/9/2003,77.526
2/10/2003,77.526
2/11/2003,77.526
2/12/2003,77.526
2/13/2003,77.526
2/14/2003,77.526
2/15/2003,77.526
2/16/2003,77.526
2/17/2003,77.526
2/18/2003,77.526
2/19/2003,77.526
2/20/2003,77.526
2/21/2003,77.526
2/22/2003,77.526
2/23/2003,77.526
2/24/2003,77.526
2/25/2003,77.526
2/26/2003,77.526
2/27/2003,77.526
2/28/2003,77.526
3/1/2003,77.725
3/2/2003,77.725
3/3/2003,77.725
3/4/2003,77.725
3/5/2003,77.725
3/6/2003,77.725
3/7/2003,77.725
3/8/2003,77.725
3/9/2003,77.725
3/10/2003,77.725
3/11/2003,77.725
3/12/2003,77.725
3/13/2003,77.725
3/14/2003,77.725
3/15/2003,77.725
3/16/2003,77.725
3/17/2003,77.725
3/18/2003,77.725
3/19/2003,77.725
3/20/2003,77.725
3/21/2003,77.725
3/22/2003,77.725
3/23/2003,77.725
3/24/2003,77.725
3/25/2003,77.725
3/26/2003,77.725
3/27/2003,77.725
3/28/2003,77.725
3/29/2003,77.725
3/30/2003,77.725
3/31/2003,77.725
4/1/2003,77.593
4/2/2003,77.593
4/3/2003,77.593
4/4/2003,77.593
4/5/2003,77.593
4/6/2003,77.593
4/7/2003,77.593
4/8/2003,77.593
4/9/2003,77.593
4/10/2003,77.593
4/11/2003,77.593
4/12/2003,77.593
4/13/2003,77.593
4/14/2003,77.593
4/15/2003,77.593
4/16/2003,77.593
4/17/2003,77.593
4/18/2003,77.593
4/19/2003,77.593
4/20/2003,77.593
4/21/2003,77.593
4/22/2003,77.593
4/23/2003,77.593
4/24/2003,77.593
4/25/2003,77.593
4/26/2003,77.593
4/27/2003,77.593
4/28/2003,77.593
4/29/2003,77.593
4/30/2003,77.593
5/1/2003,77.504
5/2/2003,77.504
5/3/2003,77.504
5/4/2003,77.504
5/5/2003,77.504
5/6/2003,77.504
5/7/2003,77.504
5/8/2003,77.504
5/9/2003,77.504
5/10/2003,77.504
5/11/2003,77.504
5/12/2003,77.504
5/13/2003,77.504
5/14/2003,77.504
5/15/2003,77.504
5/16/2003,77.504
5/17/2003,77.504
5/18/2003,77.504
5/19/2003,77.504
5/20/2003,77.504
5/21/2003,77.504
5/22/2003,77.504
5/23/2003,77.504
5/24/2003,77.504
5/25/2003,77.504
5/26/2003,77.504
5/27/2003,77.504
5/28/2003,77.504
5/29/2003,77.504
5/30/2003,77.504
5/31/2003,77.504
6/1/2003,77.588
6/2/2003,77.588
6/3/2003,77.588
6/4/2003,77.588
6/5/2003,77.588
6/6/2003,77.588
6/7/2003,77.588
6/8/2003,77.588
6/9/2003,77.588
6/10/2003,77.588
6/11/2003,77.588
6/12/2003,77.588
6/13/2003,77.588
6/14/2003,77.588
6/15/2003,77.588
6/16/2003,77.588
6/17/2003,77.588
6/18/2003,77.588
6/19/2003,77.588
6/20/2003,77.588
6/21/2003,77.588
6/22/2003,77.588
6/23/2003,77.588
6/24/2003,77.588
6/25/2003,77.588
6/26/2003,77.588
6/27/2003,77.588
6/28/2003,77.588
6/29/2003,77.588
6/30/2003,77.588
7/1/2003,77.816
7/2/2003,77.816
7/3/2003,77.816
7/4/2003,77.816
7/5/2003,77.816
7/6/2003,77.816
7/7/2003,77.816
7/8/2003,77.816
7/9/2003,77.816
7/10/2003,77.816
7/11/2003,77.816
7/12/2003,77.816
7/13/2003,77.816
7/14/2003,77.816
7/15/2003,77.816
7/16/2003,77.816
7/17/2003,77.816
7/18/2003,77.816
7/19/2003,77.816
7/20/2003,77.816
7/21/2003,77.816
7/22/2003,77.816
7/23/2003,77.816
7/24/2003,77.816
7/25/2003,77.816
7/26/2003,77.816
7/27/2003,77.816
7/28/2003,77.816
7/29/2003,77.816
7/30/2003,77.816
7/31/2003,77.816
8/1/2003,78.079
8/2/2003,78.079
8/3/2003,78.079
8/4/2003,78.079
8/5/2003,78.079
8/6/2003,78.079
8/7/2003,78.079
8/8/2003,78.079
8/9/2003,78.079
8/10/2003,78.079
8/11/2003,78.079
8/12/2003,78.079
8/13/2003,78.079
8/14/2003,78.079
8/15/2003,78.079
8/16/2003,78.079
8/17/2003,78.079
8/18/2003,78.079
8/19/2003,78.079
8/20/2003,78.079
8/21/2003,78.079
8/22/2003,78.079
8/23/2003,78.079
8/24/2003,78.079
8/25/2003,78.079
8/26/2003,78.079
8/27/2003,78.079
8/28/2003,78.079
8/29/2003,78.079
8/30/2003,78.079
8/31/2003,78.079
9/1/2003,78.323
9/2/2003,78.323
9/3/2003,78.323
9/4/2003,78.323
9/5/2003,78.323
9/6/2003,78.323
9/7/2003,78.323
9/8/2003,78.323
9/9/2003,78.323
9/10/2003,78.323
9/11/2003,78.323
9/12/2003,78.323
9/13/2003,78.323
9/14/2003,78.323
9/15/2003,78.323
9/16/2003,78.323
9/17/2003,78.323
9/18/2003,78.323
9/19/2003,78.323
9/20/2003,78.323
9/21/2003,78.323
9/22/2003,78.323
9/23/2003,78.323
9/24/2003,78.323
9/25/2003,78.323
9/26/2003,78.323
9/27/2003,78.323
9/28/2003,78.323
9/29/2003,78.323
9/30/2003,78.323
10/1/2003,78.333
10/2/2003,78.333
10/3/2003,78.333
10/4/2003,78.333
10/5/2003,78.333
10/6/2003,78.333
10/7/2003,78.333
10/8/2003,78.333
10/9/2003,78.333
10/10/2003,78.333
10/11/2003,78.333
10/12/2003,78.333
10/13/2003,78.333
10/14/2003,78.333
10/15/2003,78.333
10/16/2003,78.333
10/17/2003,78.333
10/18/2003,78.333
10/19/2003,78.333
10/20/2003,78.333
10/21/2003,78.333
10/22/2003,78.333
10/23/2003,78.333
10/24/2003,78.333
10/25/2003,78.333
10/26/2003,78.333
10/27/2003,78.333
10/28/2003,78.333
10/29/2003,78.333
10/30/2003,78.333
10/31/2003,78.333
11/1/2003,78.432
11/2/2003,78.432
11/3/2003,78.432
11/4/2003,78.432
11/5/2003,78.432
11/6/2003,78.432
11/7/2003,78.432
11/8/2003,78.432
11/9/2003,78.432
11/10/2003,78.432
11/11/2003,78.432
11/12/2003,78.432
11/13/2003,78.432
11/14/2003,78.432
11/15/2003,78.432
11/16/2003,78.432
11/17/2003,78.432
11/18/2003,78.432
11/19/2003,78.432
11/20/2003,78.432
11/21/2003,78.432
11/22/2003,78.432
11/23/2003,78.432
11/24/2003,78.432
11/25/2003,78.432
11/26/2003,78.432
11/27/2003,78.432
11/28/2003,78.432
11/29/2003,78.432
11/30/2003,78.432
12/1/2003,78.605
12/2/2003,78.605
12/3/2003,78.605
12/4/2003,78.605
12/5/2003,78.605
12/6/2003,78.605
12/7/2003,78.605
12/8/2003,78.605
12/9/2003,78.605
12/10/2003,78.605
12/11/2003,78.605
12/12/2003,78.605
12/13/2003,78.605
12/14/2003,78.605
12/15/2003,78.605
12/16/2003,78.605
12/17/2003,78.605
12/18/2003,78.605
12/19/2003,78.605
12/20/2003,78.605
12/21/2003,78.605
12/22/2003,78.605
12/23/2003,78.605
12/24/2003,78.605
12/25/2003,78.605
12/26/2003,78.605
12/27/2003,78.605
12/28/2003,78.605
12/29/2003,78.605
12/30/2003,78.605
12/31/2003,78.605
1/1/2004,78.909
1/2/2004,78.909
1/3/2004,78.909
1/4/2004,78.909
1/5/2004,78.909
1/6/2004,78.909
1/7/2004,78.909
1/8/2004,78.909
1/9/2004,78.909
1/10/2004,78.909
1/11/2004,78.909
1/12/2004,78.909
1/13/2004,78.909
1/14/2004,78.909
1/15/2004,78.909
1/16/2004,78.909
1/17/2004,78.909
1/18/2004,78.909
1/19/2004,78.909
1/20/2004,78.909
1/21/2004,78.909
1/22/2004,78.909
1/23/2004,78.909
1/24/2004,78.909
1/25/2004,78.909
1/26/2004,78.909
1/27/2004,78.909
1/28/2004,78.909
1/29/2004,78.909
1/30/2004,78.909
1/31/2004,78.909
2/1/2004,79.077
2/2/2004,79.077
2/3/2004,79.077
2/4/2004,79.077
2/5/2004,79.077
2/6/2004,79.077
2/7/2004,79.077
2/8/2004,79.077
2/9/2004,79.077
2/10/2004,79.077
2/11/2004,79.077
2/12/2004,79.077
2/13/2004,79.077
2/14/2004,79.077
2/15/2004,79.077
2/16/2004,79.077
2/17/2004,79.077
2/18/2004,79.077
2/19/2004,79.077
2/20/2004,79.077
2/21/2004,79.077
2/22/2004,79.077
2/23/2004,79.077
2/24/2004,79.077
2/25/2004,79.077
2/26/2004,79.077
2/27/2004,79.077
2/28/2004,79.077
2/29/2004,79.077
3/1/2004,79.199
3/2/2004,79.199
3/3/2004,79.199
3/4/2004,79.199
3/5/2004,79.199
3/6/2004,79.199
3/7/2004,79.199
3/8/2004,79.199
3/9/2004,79.199
3/10/2004,79.199
3/11/2004,79.199
3/12/2004,79.199
3/13/2004,79.199
3/14/2004,79.199
3/15/2004,79.199
3/16/2004,79.199
3/17/2004,79.199
3/18/2004,79.199
3/19/2004,79.199
3/20/2004,79.199
3/21/2004,79.199
3/22/2004,79.199
3/23/2004,79.199
3/24/2004,79.199
3/25/2004,79.199
3/26/2004,79.199
3/27/2004,79.199
3/28/2004,79.199
3/29/2004,79.199
3/30/2004,79.199
3/31/2004,79.199
4/1/2004,79.346
4/2/2004,79.346
4/3/2004,79.346
4/4/2004,79.346
4/5/2004,79.346
4/6/2004,79.346
4/7/2004,79.346
4/8/2004,79.346
4/9/2004,79.346
4/10/2004,79.346
4/11/2004,79.346
4/12/2004,79.346
4/13/2004,79.346
4/14/2004,79.346
4/15/2004,79.346
4/16/2004,79.346
4/17/2004,79.346
4/18/2004,79.346
4/19/2004,79.346
4/20/2004,79.346
4/21/2004,79.346
4/22/2004,79.346
4/23/2004,79.346
4/24/2004,79.346
4/25/2004,79.346
4/26/2004,79.346
4/27/2004,79.346
4/28/2004,79.346
4/29/2004,79.346
4/30/2004,79.346
5/1/2004,79.604
5/2/2004,79.604
5/3/2004,79.604
5/4/2004,79.604
5/5/2004,79.604
5/6/2004,79.604
5/7/2004,79.604
5/8/2004,79.604
5/9/2004,79.604
5/10/2004,79.604
5/11/2004,79.604
5/12/2004,79.604
5/13/2004,79.604
5/14/2004,79.604
5/15/2004,79.604
5/16/2004,79.604
5/17/2004,79.604
5/18/2004,79.604
5/19/2004,79.604
5/20/2004,79.604
5/21/2004,79.604
5/22/2004,79.604
5/23/2004,79.604
5/24/2004,79.604
5/25/2004,79.604
5/26/2004,79.604
5/27/2004,79.604
5/28/2004,79.604
5/29/2004,79.604
5/30/2004,79.604
5/31/2004,79.604
6/1/2004,79.831
6/2/2004,79.831
6/3/2004,79.831
6/4/2004,79.831
6/5/2004,79.831
6/6/2004,79.831
6/7/2004,79.831
6/8/2004,79.831
6/9/2004,79.831
6/10/2004,79.831
6/11/2004,79.831
6/12/2004,79.831
6/13/2004,79.831
6/14/2004,79.831
6/15/2004,79.831
6/16/2004,79.831
6/17/2004,79.831
6/18/2004,79.831
6/19/2004,79.831
6/20/2004,79.831
6/21/2004,79.831
6/22/2004,79.831
6/23/2004,79.831
6/24/2004,79.831
6/25/2004,79.831
6/26/2004,79.831
6/27/2004,79.831
6/28/2004,79.831
6/29/2004,79.831
6/30/2004,79.831
7/1/2004,79.905
7/2/2004,79.905
7/3/2004,79.905
7/4/2004,79.905
7/5/2004,79.905
7/6/2004,79.905
7/7/2004,79.905
7/8/2004,79.905
7/9/2004,79.905
7/10/2004,79.905
7/11/2004,79.905
7/12/2004,79.905
7/13/2004,79.905
7/14/2004,79.905
7/15/2004,79.905
7/16/2004,79.905
7/17/2004,79.905
7/18/2004,79.905
7/19/2004,79.905
7/20/2004,79.905
7/21/2004,79.905
7/22/2004,79.905
7/23/2004,79.905
7/24/2004,79.905
7/25/2004,79.905
7/26/2004,79.905
7/27/2004,79.905
7/28/2004,79.905
7/29/2004,79.905
7/30/2004,79.905
7/31/2004,79.905
8/1/2004,79.946
8/2/2004,79.946
8/3/2004,79.946
8/4/2004,79.946
8/5/2004,79.946
8/6/2004,79.946
8/7/2004,79.946
8/8/2004,79.946
8/9/2004,79.946
8/10/2004,79.946
8/11/2004,79.946
8/12/2004,79.946
8/13/2004,79.946
8/14/2004,79.946
8/15/2004,79.946
8/16/2004,79.946
8/17/2004,79.946
8/18/2004,79.946
8/19/2004,79.946
8/20/2004,79.946
8/21/2004,79.946
8/22/2004,79.946
8/23/2004,79.946
8/24/2004,79.946
8/25/2004,79.946
8/26/2004,79.946
8/27/2004,79.946
8/28/2004,79.946
8/29/2004,79.946
8/30/2004,79.946
8/31/2004,79.946
9/1/2004,80.104
9/2/2004,80.104
9/3/2004,80.104
9/4/2004,80.104
9/5/2004,80.104
9/6/2004,80.104
9/7/2004,80.104
9/8/2004,80.104
9/9/2004,80.104
9/10/2004,80.104
9/11/2004,80.104
9/12/2004,80.104
9/13/2004,80.104
9/14/2004,80.104
9/15/2004,80.104
9/16/2004,80.104
9/17/2004,80.104
9/18/2004,80.104
9/19/2004,80.104
9/20/2004,80.104
9/21/2004,80.104
9/22/2004,80.104
9/23/2004,80.104
9/24/2004,80.104
9/25/2004,80.104
9/26/2004,80.104
9/27/2004,80.104
9/28/2004,80.104
9/29/2004,80.104
9/30/2004,80.104
10/1/2004,80.448
10/2/2004,80.448
10/3/2004,80.448
10/4/2004,80.448
10/5/2004,80.448
10/6/2004,80.448
10/7/2004,80.448
10/8/2004,80.448
10/9/2004,80.448
10/10/2004,80.448
10/11/2004,80.448
10/12/2004,80.448
10/13/2004,80.448
10/14/2004,80.448
10/15/2004,80.448
10/16/2004,80.448
10/17/2004,80.448
10/18/2004,80.448
10/19/2004,80.448
10/20/2004,80.448
10/21/2004,80.448
10/22/2004,80.448
10/23/2004,80.448
10/24/2004,80.448
10/25/2004,80.448
10/26/2004,80.448
10/27/2004,80.448
10/28/2004,80.448
10/29/2004,80.448
10/30/2004,80.448
10/31/2004,80.448
11/1/2004,80.758
11/2/2004,80.758
11/3/2004,80.758
11/4/2004,80.758
11/5/2004,80.758
11/6/2004,80.758
11/7/2004,80.758
11/8/2004,80.758
11/9/2004,80.758
11/10/2004,80.758
11/11/2004,80.758
11/12/2004,80.758
11/13/2004,80.758
11/14/2004,80.758
11/15/2004,80.758
11/16/2004,80.758
11/17/2004,80.758
11/18/2004,80.758
11/19/2004,80.758
11/20/2004,80.758
11/21/2004,80.758
11/22/2004,80.758
11/23/2004,80.758
11/24/2004,80.758
11/25/2004,80.758
11/26/2004,80.758
11/27/2004,80.758
11/28/2004,80.758
11/29/2004,80.758
11/30/2004,80.758
12/1/2004,80.801
12/2/2004,80.801
12/3/2004,80.801
12/4/2004,80.801
12/5/2004,80.801
12/6/2004,80.801
12/7/2004,80.801
12/8/2004,80.801
12/9/2004,80.801
12/10/2004,80.801
12/11/2004,80.801
12/12/2004,80.801
12/13/2004,80.801
12/14/2004,80.801
12/15/2004,80.801
12/16/2004,80.801
12/17/2004,80.801
12/18/2004,80.801
12/19/2004,80.801
12/20/2004,80.801
12/21/2004,80.801
12/22/2004,80.801
12/23/2004,80.801
12/24/2004,80.801
12/25/2004,80.801
12/26/2004,80.801
12/27/2004,80.801
12/28/2004,80.801
12/29/2004,80.801
12/30/2004,80.801
12/31/2004,80.801
1/1/2005,80.907
1/2/2005,80.907
1/3/2005,80.907
1/4/2005,80.907
1/5/2005,80.907
1/6/2005,80.907
1/7/2005,80.907
1/8/2005,80.907
1/9/2005,80.907
1/10/2005,80.907
1/11/2005,80.907
1/12/2005,80.907
1/13/2005,80.907
1/14/2005,80.907
1/15/2005,80.907
1/16/2005,80.907
1/17/2005,80.907
1/18/2005,80.907
1/19/2005,80.907
1/20/2005,80.907
1/21/2005,80.907
1/22/2005,80.907
1/23/2005,80.907
1/24/2005,80.907
1/25/2005,80.907
1/26/2005,80.907
1/27/2005,80.907
1/28/2005,80.907
1/29/2005,80.907
1/30/2005,80.907
1/31/2005,80.907
2/1/2005,81.132
2/2/2005,81.132
2/3/2005,81.132
2/4/2005,81.132
2/5/2005,81.132
2/6/2005,81.132
2/7/2005,81.132
2/8/2005,81.132
2/9/2005,81.132
2/10/2005,81.132
2/11/2005,81.132
2/12/2005,81.132
2/13/2005,81.132
2/14/2005,81.132
2/15/2005,81.132
2/16/2005,81.132
2/17/2005,81.132
2/18/2005,81.132
2/19/2005,81.132
2/20/2005,81.132
2/21/2005,81.132
2/22/2005,81.132
2/23/2005,81.132
2/24/2005,81.132
2/25/2005,81.132
2/26/2005,81.132
2/27/2005,81.132
2/28/2005,81.132
3/1/2005,81.375
3/2/2005,81.375
3/3/2005,81.375
3/4/2005,81.375
3/5/2005,81.375
3/6/2005,81.375
3/7/2005,81.375
3/8/2005,81.375
3/9/2005,81.375
3/10/2005,81.375
3/11/2005,81.375
3/12/2005,81.375
3/13/2005,81.375
3/14/2005,81.375
3/15/2005,81.375
3/16/2005,81.375
3/17/2005,81.375
3/18/2005,81.375
3/19/2005,81.375
3/20/2005,81.375
3/21/2005,81.375
3/22/2005,81.375
3/23/2005,81.375
3/24/2005,81.375
3/25/2005,81.375
3/26/2005,81.375
3/27/2005,81.375
3/28/2005,81.375
3/29/2005,81.375
3/30/2005,81.375
3/31/2005,81.375
4/1/2005,81.603
4/2/2005,81.603
4/3/2005,81.603
4/4/2005,81.603
4/5/2005,81.603
4/6/2005,81.603
4/7/2005,81.603
4/8/2005,81.603
4/9/2005,81.603
4/10/2005,81.603
4/11/2005,81.603
4/12/2005,81.603
4/13/2005,81.603
4/14/2005,81.603
4/15/2005,81.603
4/16/2005,81.603
4/17/2005,81.603
4/18/2005,81.603
4/19/2005,81.603
4/20/2005,81.603
4/21/2005,81.603
4/22/2005,81.603
4/23/2005,81.603
4/24/2005,81.603
4/25/2005,81.603
4/26/2005,81.603
4/27/2005,81.603
4/28/2005,81.603
4/29/2005,81.603
4/30/2005,81.603
5/1/2005,81.649
5/2/2005,81.649
5/3/2005,81.649
5/4/2005,81.649
5/5/2005,81.649
5/6/2005,81.649
5/7/2005,81.649
5/8/2005,81.649
5/9/2005,81.649
5/10/2005,81.649
5/11/2005,81.649
5/12/2005,81.649
5/13/2005,81.649
5/14/2005,81.649
5/15/2005,81.649
5/16/2005,81.649
5/17/2005,81.649
5/18/2005,81.649
5/19/2005,81.649
5/20/2005,81.649
5/21/2005,81.649
5/22/2005,81.649
5/23/2005,81.649
5/24/2005,81.649
5/25/2005,81.649
5/26/2005,81.649
5/27/2005,81.649
5/28/2005,81.649
5/29/2005,81.649
5/30/2005,81.649
5/31/2005,81.649
6/1/2005,81.7
6/2/2005,81.7
6/3/2005,81.7
6/4/2005,81.7
6/5/2005,81.7
6/6/2005,81.7
6/7/2005,81.7
6/8/2005,81.7
6/9/2005,81.7
6/10/2005,81.7
6/11/2005,81.7
6/12/2005,81.7
6/13/2005,81.7
6/14/2005,81.7
6/15/2005,81.7
6/16/2005,81.7
6/17/2005,81.7
6/18/2005,81.7
6/19/2005,81.7
6/20/2005,81.7
6/21/2005,81.7
6/22/2005,81.7
6/23/2005,81.7
6/24/2005,81.7
6/25/2005,81.7
6/26/2005,81.7
6/27/2005,81.7
6/28/2005,81.7
6/29/2005,81.7
6/30/2005,81.7
7/1/2005,82.046
7/2/2005,82.046
7/3/2005,82.046
7/4/2005,82.046
7/5/2005,82.046
7/6/2005,82.046
7/7/2005,82.046
7/8/2005,82.046
7/9/2005,82.046
7/10/2005,82.046
7/11/2005,82.046
7/12/2005,82.046
7/13/2005,82.046
7/14/2005,82.046
7/15/2005,82.046
7/16/2005,82.046
7/17/2005,82.046
7/18/2005,82.046
7/19/2005,82.046
7/20/2005,82.046
7/21/2005,82.046
7/22/2005,82.046
7/23/2005,82.046
7/24/2005,82.046
7/25/2005,82.046
7/26/2005,82.046
7/27/2005,82.046
7/28/2005,82.046
7/29/2005,82.046
7/30/2005,82.046
7/31/2005,82.046
8/1/2005,82.377
8/2/2005,82.377
8/3/2005,82.377
8/4/2005,82.377
8/5/2005,82.377
8/6/2005,82.377
8/7/2005,82.377
8/8/2005,82.377
8/9/2005,82.377
8/10/2005,82.377
8/11/2005,82.377
8/12/2005,82.377
8/13/2005,82.377
8/14/2005,82.377
8/15/2005,82.377
8/16/2005,82.377
8/17/2005,82.377
8/18/2005,82.377
8/19/2005,82.377
8/20/2005,82.377
8/21/2005,82.377
8/22/2005,82.377
8/23/2005,82.377
8/24/2005,82.377
8/25/2005,82.377
8/26/2005,82.377
8/27/2005,82.377
8/28/2005,82.377
8/29/2005,82.377
8/30/2005,82.377
8/31/2005,82.377
9/1/2005,83.172
9/2/2005,83.172
9/3/2005,83.172
9/4/2005,83.172
9/5/2005,83.172
9/6/2005,83.172
9/7/2005,83.172
9/8/2005,83.172
9/9/2005,83.172
9/10/2005,83.172
9/11/2005,83.172
9/12/2005,83.172
9/13/2005,83.172
9/14/2005,83.172
9/15/2005,83.172
9/16/2005,83.172
9/17/2005,83.172
9/18/2005,83.172
9/19/2005,83.172
9/20/2005,83.172
9/21/2005,83.172
9/22/2005,83.172
9/23/2005,83.172
9/24/2005,83.172
9/25/2005,83.172
9/26/2005,83.172
9/27/2005,83.172
9/28/2005,83.172
9/29/2005,83.172
9/30/2005,83.172
10/1/2005,83.305
10/2/2005,83.305
10/3/2005,83.305
10/4/2005,83.305
10/5/2005,83.305
10/6/2005,83.305
10/7/2005,83.305
10/8/2005,83.305
10/9/2005,83.305
10/10/2005,83.305
10/11/2005,83.305
10/12/2005,83.305
10/13/2005,83.305
10/14/2005,83.305
10/15/2005,83.305
10/16/2005,83.305
10/17/2005,83.305
10/18/2005,83.305
10/19/2005,83.305
10/20/2005,83.305
10/21/2005,83.305
10/22/2005,83.305
10/23/2005,83.305
10/24/2005,83.305
10/25/2005,83.305
10/26/2005,83.305
10/27/2005,83.305
10/28/2005,83.305
10/29/2005,83.305
10/30/2005,83.305
10/31/2005,83.305
11/1/2005,83.131
11/2/2005,83.131
11/3/2005,83.131
11/4/2005,83.131
11/5/2005,83.131
11/6/2005,83.131
11/7/2005,83.131
11/8/2005,83.131
11/9/2005,83.131
11/10/2005,83.131
11/11/2005,83.131
11/12/2005,83.131
11/13/2005,83.131
11/14/2005,83.131
11/15/2005,83.131
11/16/2005,83.131
11/17/2005,83.131
11/18/2005,83.131
11/19/2005,83.131
11/20/2005,83.131
11/21/2005,83.131
11/22/2005,83.131
11/23/2005,83.131
11/24/2005,83.131
11/25/2005,83.131
11/26/2005,83.131
11/27/2005,83.131
11/28/2005,83.131
11/29/2005,83.131
11/30/2005,83.131
12/1/2005,83.131
12/2/2005,83.131
12/3/2005,83.131
12/4/2005,83.131
12/5/2005,83.131
12/6/2005,83.131
12/7/2005,83.131
12/8/2005,83.131
12/9/2005,83.131
12/10/2005,83.131
12/11/2005,83.131
12/12/2005,83.131
12/13/2005,83.131
12/14/2005,83.131
12/15/2005,83.131
12/16/2005,83.131
12/17/2005,83.131
12/18/2005,83.131
12/19/2005,83.131
12/20/2005,83.131
12/21/2005,83.131
12/22/2005,83.131
12/23/2005,83.131
12/24/2005,83.131
12/25/2005,83.131
12/26/2005,83.131
12/27/2005,83.131
12/28/2005,83.131
12/29/2005,83.131
12/30/2005,83.131
12/31/2005,83.131
1/1/2006,83.534
1/2/2006,83.534
1/3/2006,83.534
1/4/2006,83.534
1/5/2006,83.534
1/6/2006,83.534
1/7/2006,83.534
1/8/2006,83.534
1/9/2006,83.534
1/10/2006,83.534
1/11/2006,83.534
1/12/2006,83.534
1/13/2006,83.534
1/14/2006,83.534
1/15/2006,83.534
1/16/2006,83.534
1/17/2006,83.534
1/18/2006,83.534
1/19/2006,83.534
1/20/2006,83.534
1/21/2006,83.534
1/22/2006,83.534
1/23/2006,83.534
1/24/2006,83.534
1/25/2006,83.534
1/26/2006,83.534
1/27/2006,83.534
1/28/2006,83.534
1/29/2006,83.534
1/30/2006,83.534
1/31/2006,83.534
2/1/2006,83.584
2/2/2006,83.584
2/3/2006,83.584
2/4/2006,83.584
2/5/2006,83.584
2/6/2006,83.584
2/7/2006,83.584
2/8/2006,83.584
2/9/2006,83.584
2/10/2006,83.584
2/11/2006,83.584
2/12/2006,83.584
2/13/2006,83.584
2/14/2006,83.584
2/15/2006,83.584
2/16/2006,83.584
2/17/2006,83.584
2/18/2006,83.584
2/19/2006,83.584
2/20/2006,83.584
2/21/2006,83.584
2/22/2006,83.584
2/23/2006,83.584
2/24/2006,83.584
2/25/2006,83.584
2/26/2006,83.584
2/27/2006,83.584
2/28/2006,83.584
3/1/2006,83.746
3/2/2006,83.746
3/3/2006,83.746
3/4/2006,83.746
3/5/2006,83.746
3/6/2006,83.746
3/7/2006,83.746
3/8/2006,83.746
3/9/2006,83.746
3/10/2006,83.746
3/11/2006,83.746
3/12/2006,83.746
3/13/2006,83.746
3/14/2006,83.746
3/15/2006,83.746
3/16/2006,83.746
3/17/2006,83.746
3/18/2006,83.746
3/19/2006,83.746
3/20/2006,83.746
3/21/2006,83.746
3/22/2006,83.746
3/23/2006,83.746
3/24/2006,83.746
3/25/2006,83.746
3/26/2006,83.746
3/27/2006,83.746
3/28/2006,83.746
3/29/2006,83.746
3/30/2006,83.746
3/31/2006,83.746
4/1/2006,84.135
4/2/2006,84.135
4/3/2006,84.135
4/4/2006,84.135
4/5/2006,84.135
4/6/2006,84.135
4/7/2006,84.135
4/8/2006,84.135
4/9/2006,84.135
4/10/2006,84.135
4/11/2006,84.135
4/12/2006,84.135
4/13/2006,84.135
4/14/2006,84.135
4/15/2006,84.135
4/16/2006,84.135
4/17/2006,84.135
4/18/2006,84.135
4/19/2006,84.135
4/20/2006,84.135
4/21/2006,84.135
4/22/2006,84.135
4/23/2006,84.135
4/24/2006,84.135
4/25/2006,84.135
4/26/2006,84.135
4/27/2006,84.135
4/28/2006,84.135
4/29/2006,84.135
4/30/2006,84.135
5/1/2006,84.361
5/2/2006,84.361
5/3/2006,84.361
5/4/2006,84.361
5/5/2006,84.361
5/6/2006,84.361
5/7/2006,84.361
5/8/2006,84.361
5/9/2006,84.361
5/10/2006,84.361
5/11/2006,84.361
5/12/2006,84.361
5/13/2006,84.361
5/14/2006,84.361
5/15/2006,84.361
5/16/2006,84.361
5/17/2006,84.361
5/18/2006,84.361
5/19/2006,84.361
5/20/2006,84.361
5/21/2006,84.361
5/22/2006,84.361
5/23/2006,84.361
5/24/2006,84.361
5/25/2006,84.361
5/26/2006,84.361
5/27/2006,84.361
5/28/2006,84.361
5/29/2006,84.361
5/30/2006,84.361
5/31/2006,84.361
6/1/2006,84.569
6/2/2006,84.569
6/3/2006,84.569
6/4/2006,84.569
6/5/2006,84.569
6/6/2006,84.569
6/7/2006,84.569
6/8/2006,84.569
6/9/2006,84.569
6/10/2006,84.569
6/11/2006,84.569
6/12/2006,84.569
6/13/2006,84.569
6/14/2006,84.569
6/15/2006,84.569
6/16/2006,84.569
6/17/2006,84.569
6/18/2006,84.569
6/19/2006,84.569
6/20/2006,84.569
6/21/2006,84.569
6/22/2006,84.569
6/23/2006,84.569
6/24/2006,84.569
6/25/2006,84.569
6/26/2006,84.569
6/27/2006,84.569
6/28/2006,84.569
6/29/2006,84.569
6/30/2006,84.569
7/1/2006,84.858
7/2/2006,84.858
7/3/2006,84.858
7/4/2006,84.858
7/5/2006,84.858
7/6/2006,84.858
7/7/2006,84.858
7/8/2006,84.858
7/9/2006,84.858
7/10/2006,84.858
7/11/2006,84.858
7/12/2006,84.858
7/13/2006,84.858
7/14/2006,84.858
7/15/2006,84.858
7/16/2006,84.858
7/17/2006,84.858
7/18/2006,84.858
7/19/2006,84.858
7/20/2006,84.858
7/21/2006,84.858
7/22/2006,84.858
7/23/2006,84.858
7/24/2006,84.858
7/25/2006,84.858
7/26/2006,84.858
7/27/2006,84.858
7/28/2006,84.858
7/29/2006,84.858
7/30/2006,84.858
7/31/2006,84.858
8/1/2006,85.125
8/2/2006,85.125
8/3/2006,85.125
8/4/2006,85.125
8/5/2006,85.125
8/6/2006,85.125
8/7/2006,85.125
8/8/2006,85.125
8/9/2006,85.125
8/10/2006,85.125
8/11/2006,85.125
8/12/2006,85.125
8/13/2006,85.125
8/14/2006,85.125
8/15/2006,85.125
8/16/2006,85.125
8/17/2006,85.125
8/18/2006,85.125
8/19/2006,85.125
8/20/2006,85.125
8/21/2006,85.125
8/22/2006,85.125
8/23/2006,85.125
8/24/2006,85.125
8/25/2006,85.125
8/26/2006,85.125
8/27/2006,85.125
8/28/2006,85.125
8/29/2006,85.125
8/30/2006,85.125
8/31/2006,85.125
9/1/2006,84.902
9/2/2006,84.902
9/3/2006,84.902
9/4/2006,84.902
9/5/2006,84.902
9/6/2006,84.902
9/7/2006,84.902
9/8/2006,84.902
9/9/2006,84.902
9/10/2006,84.902
9/11/2006,84.902
9/12/2006,84.902
9/13/2006,84.902
9/14/2006,84.902
9/15/2006,84.902
9/16/2006,84.902
9/17/2006,84.902
9/18/2006,84.902
9/19/2006,84.902
9/20/2006,84.902
9/21/2006,84.902
9/22/2006,84.902
9/23/2006,84.902
9/24/2006,84.902
9/25/2006,84.902
9/26/2006,84.902
9/27/2006,84.902
9/28/2006,84.902
9/29/2006,84.902
9/30/2006,84.902
10/1/2006,84.702
10/2/2006,84.702
10/3/2006,84.702
10/4/2006,84.702
10/5/2006,84.702
10/6/2006,84.702
10/7/2006,84.702
10/8/2006,84.702
10/9/2006,84.702
10/10/2006,84.702
10/11/2006,84.702
10/12/2006,84.702
10/13/2006,84.702
10/14/2006,84.702
10/15/2006,84.702
10/16/2006,84.702
10/17/2006,84.702
10/18/2006,84.702
10/19/2006,84.702
10/20/2006,84.702
10/21/2006,84.702
10/22/2006,84.702
10/23/2006,84.702
10/24/2006,84.702
10/25/2006,84.702
10/26/2006,84.702
10/27/2006,84.702
10/28/2006,84.702
10/29/2006,84.702
10/30/2006,84.702
10/31/2006,84.702
11/1/2006,84.731
11/2/2006,84.731
11/3/2006,84.731
11/4/2006,84.731
11/5/2006,84.731
11/6/2006,84.731
11/7/2006,84.731
11/8/2006,84.731
11/9/2006,84.731
11/10/2006,84.731
11/11/2006,84.731
11/12/2006,84.731
11/13/2006,84.731
11/14/2006,84.731
11/15/2006,84.731
11/16/2006,84.731
11/17/2006,84.731
11/18/2006,84.731
11/19/2006,84.731
11/20/2006,84.731
11/21/2006,84.731
11/22/2006,84.731
11/23/2006,84.731
11/24/2006,84.731
11/25/2006,84.731
11/26/2006,84.731
11/27/2006,84.731
11/28/2006,84.731
11/29/2006,84.731
11/30/2006,84.731
12/1/2006,85.032
12/2/2006,85.032
12/3/2006,85.032
12/4/2006,85.032
12/5/2006,85.032
12/6/2006,85.032
12/7/2006,85.032
12/8/2006,85.032
12/9/2006,85.032
12/10/2006,85.032
12/11/2006,85.032
12/12/2006,85.032
12/13/2006,85.032
12/14/2006,85.032
12/15/2006,85.032
12/16/2006,85.032
12/17/2006,85.032
12/18/2006,85.032
12/19/2006,85.032
12/20/2006,85.032
12/21/2006,85.032
12/22/2006,85.032
12/23/2006,85.032
12/24/2006,85.032
12/25/2006,85.032
12/26/2006,85.032
12/27/2006,85.032
12/28/2006,85.032
12/29/2006,85.032
12/30/2006,85.032
12/31/2006,85.032
1/1/2007,85.316
1/2/2007,85.316
1/3/2007,85.316
1/4/2007,85.316
1/5/2007,85.316
1/6/2007,85.316
1/7/2007,85.316
1/8/2007,85.316
1/9/2007,85.316
1/10/2007,85.316
1/11/2007,85.316
1/12/2007,85.316
1/13/2007,85.316
1/14/2007,85.316
1/15/2007,85.316
1/16/2007,85.316
1/17/2007,85.316
1/18/2007,85.316
1/19/2007,85.316
1/20/2007,85.316
1/21/2007,85.316
1/22/2007,85.316
1/23/2007,85.316
1/24/2007,85.316
1/25/2007,85.316
1/26/2007,85.316
1/27/2007,85.316
1/28/2007,85.316
1/29/2007,85.316
1/30/2007,85.316
1/31/2007,85.316
2/1/2007,85.581
2/2/2007,85.581
2/3/2007,85.581
2/4/2007,85.581
2/5/2007,85.581
2/6/2007,85.581
2/7/2007,85.581
2/8/2007,85.581
2/9/2007,85.581
2/10/2007,85.581
2/11/2007,85.581
2/12/2007,85.581
2/13/2007,85.581
2/14/2007,85.581
2/15/2007,85.581
2/16/2007,85.581
2/17/2007,85.581
2/18/2007,85.581
2/19/2007,85.581
2/20/2007,85.581
2/21/2007,85.581
2/22/2007,85.581
2/23/2007,85.581
2/24/2007,85.581
2/25/2007,85.581
2/26/2007,85.581
2/27/2007,85.581
2/28/2007,85.581
3/1/2007,85.894
3/2/2007,85.894
3/3/2007,85.894
3/4/2007,85.894
3/5/2007,85.894
3/6/2007,85.894
3/7/2007,85.894
3/8/2007,85.894
3/9/2007,85.894
3/10/2007,85.894
3/11/2007,85.894
3/12/2007,85.894
3/13/2007,85.894
3/14/2007,85.894
3/15/2007,85.894
3/16/2007,85.894
3/17/2007,85.894
3/18/2007,85.894
3/19/2007,85.894
3/20/2007,85.894
3/21/2007,85.894
3/22/2007,85.894
3/23/2007,85.894
3/24/2007,85.894
3/25/2007,85.894
3/26/2007,85.894
3/27/2007,85.894
3/28/2007,85.894
3/29/2007,85.894
3/30/2007,85.894
3/31/2007,85.894
4/1/2007,86.096
4/2/2007,86.096
4/3/2007,86.096
4/4/2007,86.096
4/5/2007,86.096
4/6/2007,86.096
4/7/2007,86.096
4/8/2007,86.096
4/9/2007,86.096
4/10/2007,86.096
4/11/2007,86.096
4/12/2007,86.096
4/13/2007,86.096
4/14/2007,86.096
4/15/2007,86.096
4/16/2007,86.096
4/17/2007,86.096
4/18/2007,86.096
4/19/2007,86.096
4/20/2007,86.096
4/21/2007,86.096
4/22/2007,86.096
4/23/2007,86.096
4/24/2007,86.096
4/25/2007,86.096
4/26/2007,86.096
4/27/2007,86.096
4/28/2007,86.096
4/29/2007,86.096
4/30/2007,86.096
5/1/2007,86.346
5/2/2007,86.346
5/3/2007,86.346
5/4/2007,86.346
5/5/2007,86.346
5/6/2007,86.346
5/7/2007,86.346
5/8/2007,86.346
5/9/2007,86.346
5/10/2007,86.346
5/11/2007,86.346
5/12/2007,86.346
5/13/2007,86.346
5/14/2007,86.346
5/15/2007,86.346
5/16/2007,86.346
5/17/2007,86.346
5/18/2007,86.346
5/19/2007,86.346
5/20/2007,86.346
5/21/2007,86.346
5/22/2007,86.346
5/23/2007,86.346
5/24/2007,86.346
5/25/2007,86.346
5/26/2007,86.346
5/27/2007,86.346
5/28/2007,86.346
5/29/2007,86.346
5/30/2007,86.346
5/31/2007,86.346
6/1/2007,86.529
6/2/2007,86.529
6/3/2007,86.529
6/4/2007,86.529
6/5/2007,86.529
6/6/2007,86.529
6/7/2007,86.529
6/8/2007,86.529
6/9/2007,86.529
6/10/2007,86.529
6/11/2007,86.529
6/12/2007,86.529
6/13/2007,86.529
6/14/2007,86.529
6/15/2007,86.529
6/16/2007,86.529
6/17/2007,86.529
6/18/2007,86.529
6/19/2007,86.529
6/20/2007,86.529
6/21/2007,86.529
6/22/2007,86.529
6/23/2007,86.529
6/24/2007,86.529
6/25/2007,86.529
6/26/2007,86.529
6/27/2007,86.529
6/28/2007,86.529
6/29/2007,86.529
6/30/2007,86.529
7/1/2007,86.661
7/2/2007,86.661
7/3/2007,86.661
7/4/2007,86.661
7/5/2007,86.661
7/6/2007,86.661
7/7/2007,86.661
7/8/2007,86.661
7/9/2007,86.661
7/10/2007,86.661
7/11/2007,86.661
7/12/2007,86.661
7/13/2007,86.661
7/14/2007,86.661
7/15/2007,86.661
7/16/2007,86.661
7/17/2007,86.661
7/18/2007,86.661
7/19/2007,86.661
7/20/2007,86.661
7/21/2007,86.661
7/22/2007,86.661
7/23/2007,86.661
7/24/2007,86.661
7/25/2007,86.661
7/26/2007,86.661
7/27/2007,86.661
7/28/2007,86.661
7/29/2007,86.661
7/30/2007,86.661
7/31/2007,86.661
8/1/2007,86.72
8/2/2007,86.72
8/3/2007,86.72
8/4/2007,86.72
8/5/2007,86.72
8/6/2007,86.72
8/7/2007,86.72
8/8/2007,86.72
8/9/2007,86.72
8/10/2007,86.72
8/11/2007,86.72
8/12/2007,86.72
8/13/2007,86.72
8/14/2007,86.72
8/15/2007,86.72
8/16/2007,86.72
8/17/2007,86.72
8/18/2007,86.72
8/19/2007,86.72
8/20/2007,86.72
8/21/2007,86.72
8/22/2007,86.72
8/23/2007,86.72
8/24/2007,86.72
8/25/2007,86.72
8/26/2007,86.72
8/27/2007,86.72
8/28/2007,86.72
8/29/2007,86.72
8/30/2007,86.72
8/31/2007,86.72
9/1/2007,87.054
9/2/2007,87.054
9/3/2007,87.054
9/4/2007,87.054
9/5/2007,87.054
9/6/2007,87.054
9/7/2007,87.054
9/8/2007,87.054
9/9/2007,87.054
9/10/2007,87.054
9/11/2007,87.054
9/12/2007,87.054
9/13/2007,87.054
9/14/2007,87.054
9/15/2007,87.054
9/16/2007,87.054
9/17/2007,87.054
9/18/2007,87.054
9/19/2007,87.054
9/20/2007,87.054
9/21/2007,87.054
9/22/2007,87.054
9/23/2007,87.054
9/24/2007,87.054
9/25/2007,87.054
9/26/2007,87.054
9/27/2007,87.054
9/28/2007,87.054
9/29/2007,87.054
9/30/2007,87.054
10/1/2007,87.318
10/2/2007,87.318
10/3/2007,87.318
10/4/2007,87.318
10/5/2007,87.318
10/6/2007,87.318
10/7/2007,87.318
10/8/2007,87.318
10/9/2007,87.318
10/10/2007,87.318
10/11/2007,87.318
10/12/2007,87.318
10/13/2007,87.318
10/14/2007,87.318
10/15/2007,87.318
10/16/2007,87.318
10/17/2007,87.318
10/18/2007,87.318
10/19/2007,87.318
10/20/2007,87.318
10/21/2007,87.318
10/22/2007,87.318
10/23/2007,87.318
10/24/2007,87.318
10/25/2007,87.318
10/26/2007,87.318
10/27/2007,87.318
10/28/2007,87.318
10/29/2007,87.318
10/30/2007,87.318
10/31/2007,87.318
11/1/2007,87.781
11/2/2007,87.781
11/3/2007,87.781
11/4/2007,87.781
11/5/2007,87.781
11/6/2007,87.781
11/7/2007,87.781
11/8/2007,87.781
11/9/2007,87.781
11/10/2007,87.781
11/11/2007,87.781
11/12/2007,87.781
11/13/2007,87.781
11/14/2007,87.781
11/15/2007,87.781
11/16/2007,87.781
11/17/2007,87.781
11/18/2007,87.781
11/19/2007,87.781
11/20/2007,87.781
11/21/2007,87.781
11/22/2007,87.781
11/23/2007,87.781
11/24/2007,87.781
11/25/2007,87.781
11/26/2007,87.781
11/27/2007,87.781
11/28/2007,87.781
11/29/2007,87.781
11/30/2007,87.781
12/1/2007,87.984
12/2/2007,87.984
12/3/2007,87.984
12/4/2007,87.984
12/5/2007,87.984
12/6/2007,87.984
12/7/2007,87.984
12/8/2007,87.984
12/9/2007,87.984
12/10/2007,87.984
12/11/2007,87.984
12/12/2007,87.984
12/13/2007,87.984
12/14/2007,87.984
12/15/2007,87.984
12/16/2007,87.984
12/17/2007,87.984
12/18/2007,87.984
12/19/2007,87.984
12/20/2007,87.984
12/21/2007,87.984
12/22/2007,87.984
12/23/2007,87.984
12/24/2007,87.984
12/25/2007,87.984
12/26/2007,87.984
12/27/2007,87.984
12/28/2007,87.984
12/29/2007,87.984
12/30/2007,87.984
12/31/2007,87.984
1/1/2008,88.206
1/2/2008,88.206
1/3/2008,88.206
1/4/2008,88.206
1/5/2008,88.206
1/6/2008,88.206
1/7/2008,88.206
1/8/2008,88.206
1/9/2008,88.206
1/10/2008,88.206
1/11/2008,88.206
1/12/2008,88.206
1/13/2008,88.206
1/14/2008,88.206
1/15/2008,88.206
1/16/2008,88.206
1/17/2008,88.206
1/18/2008,88.206
1/19/2008,88.206
1/20/2008,88.206
1/21/2008,88.206
1/22/2008,88.206
1/23/2008,88.206
1/24/2008,88.206
1/25/2008,88.206
1/26/2008,88.206
1/27/2008,88.206
1/28/2008,88.206
1/29/2008,88.206
1/30/2008,88.206
1/31/2008,88.206
2/1/2008,88.382
2/2/2008,88.382
2/3/2008,88.382
2/4/2008,88.382
2/5/2008,88.382
2/6/2008,88.382
2/7/2008,88.382
2/8/2008,88.382
2/9/2008,88.382
2/10/2008,88.382
2/11/2008,88.382
2/12/2008,88.382
2/13/2008,88.382
2/14/2008,88.382
2/15/2008,88.382
2/16/2008,88.382
2/17/2008,88.382
2/18/2008,88.382
2/19/2008,88.382
2/20/2008,88.382
2/21/2008,88.382
2/22/2008,88.382
2/23/2008,88.382
2/24/2008,88.382
2/25/2008,88.382
2/26/2008,88.382
2/27/2008,88.382
2/28/2008,88.382
2/29/2008,88.382
3/1/2008,88.635
3/2/2008,88.635
3/3/2008,88.635
3/4/2008,88.635
3/5/2008,88.635
3/6/2008,88.635
3/7/2008,88.635
3/8/2008,88.635
3/9/2008,88.635
3/10/2008,88.635
3/11/2008,88.635
3/12/2008,88.635
3/13/2008,88.635
3/14/2008,88.635
3/15/2008,88.635
3/16/2008,88.635
3/17/2008,88.635
3/18/2008,88.635
3/19/2008,88.635
3/20/2008,88.635
3/21/2008,88.635
3/22/2008,88.635
3/23/2008,88.635
3/24/2008,88.635
3/25/2008,88.635
3/26/2008,88.635
3/27/2008,88.635
3/28/2008,88.635
3/29/2008,88.635
3/30/2008,88.635
3/31/2008,88.635
4/1/2008,88.799
4/2/2008,88.799
4/3/2008,88.799
4/4/2008,88.799
4/5/2008,88.799
4/6/2008,88.799
4/7/2008,88.799
4/8/2008,88.799
4/9/2008,88.799
4/10/2008,88.799
4/11/2008,88.799
4/12/2008,88.799
4/13/2008,88.799
4/14/2008,88.799
4/15/2008,88.799
4/16/2008,88.799
4/17/2008,88.799
4/18/2008,88.799
4/19/2008,88.799
4/20/2008,88.799
4/21/2008,88.799
4/22/2008,88.799
4/23/2008,88.799
4/24/2008,88.799
4/25/2008,88.799
4/26/2008,88.799
4/27/2008,88.799
4/28/2008,88.799
4/29/2008,88.799
4/30/2008,88.799
5/1/2008,89.18
5/2/2008,89.18
5/3/2008,89.18
5/4/2008,89.18
5/5/2008,89.18
5/6/2008,89.18
5/7/2008,89.18
5/8/2008,89.18
5/9/2008,89.18
5/10/2008,89.18
5/11/2008,89.18
5/12/2008,89.18
5/13/2008,89.18
5/14/2008,89.18
5/15/2008,89.18
5/16/2008,89.18
5/17/2008,89.18
5/18/2008,89.18
5/19/2008,89.18
5/20/2008,89.18
5/21/2008,89.18
5/22/2008,89.18
5/23/2008,89.18
5/24/2008,89.18
5/25/2008,89.18
5/26/2008,89.18
5/27/2008,89.18
5/28/2008,89.18
5/29/2008,89.18
5/30/2008,89.18
5/31/2008,89.18
6/1/2008,89.827
6/2/2008,89.827
6/3/2008,89.827
6/4/2008,89.827
6/5/2008,89.827
6/6/2008,89.827
6/7/2008,89.827
6/8/2008,89.827
6/9/2008,89.827
6/10/2008,89.827
6/11/2008,89.827
6/12/2008,89.827
6/13/2008,89.827
6/14/2008,89.827
6/15/2008,89.827
6/16/2008,89.827
6/17/2008,89.827
6/18/2008,89.827
6/19/2008,89.827
6/20/2008,89.827
6/21/2008,89.827
6/22/2008,89.827
6/23/2008,89.827
6/24/2008,89.827
6/25/2008,89.827
6/26/2008,89.827
6/27/2008,89.827
6/28/2008,89.827
6/29/2008,89.827
6/30/2008,89.827
7/1/2008,90.245
7/2/2008,90.245
7/3/2008,90.245
7/4/2008,90.245
7/5/2008,90.245
7/6/2008,90.245
7/7/2008,90.245
7/8/2008,90.245
7/9/2008,90.245
7/10/2008,90.245
7/11/2008,90.245
7/12/2008,90.245
7/13/2008,90.245
7/14/2008,90.245
7/15/2008,90.245
7/16/2008,90.245
7/17/2008,90.245
7/18/2008,90.245
7/19/2008,90.245
7/20/2008,90.245
7/21/2008,90.245
7/22/2008,90.245
7/23/2008,90.245
7/24/2008,90.245
7/25/2008,90.245
7/26/2008,90.245
7/27/2008,90.245
7/28/2008,90.245
7/29/2008,90.245
7/30/2008,90.245
7/31/2008,90.245
8/1/2008,90.172
8/2/2008,90.172
8/3/2008,90.172
8/4/2008,90.172
8/5/2008,90.172
8/6/2008,90.172
8/7/2008,90.172
8/8/2008,90.172
8/9/2008,90.172
8/10/2008,90.172
8/11/2008,90.172
8/12/2008,90.172
8/13/2008,90.172
8/14/2008,90.172
8/15/2008,90.172
8/16/2008,90.172
8/17/2008,90.172
8/18/2008,90.172
8/19/2008,90.172
8/20/2008,90.172
8/21/2008,90.172
8/22/2008,90.172
8/23/2008,90.172
8/24/2008,90.172
8/25/2008,90.172
8/26/2008,90.172
8/27/2008,90.172
8/28/2008,90.172
8/29/2008,90.172
8/30/2008,90.172
8/31/2008,90.172
9/1/2008,90.247
9/2/2008,90.247
9/3/2008,90.247
9/4/2008,90.247
9/5/2008,90.247
9/6/2008,90.247
9/7/2008,90.247
9/8/2008,90.247
9/9/2008,90.247
9/10/2008,90.247
9/11/2008,90.247
9/12/2008,90.247
9/13/2008,90.247
9/14/2008,90.247
9/15/2008,90.247
9/16/2008,90.247
9/17/2008,90.247
9/18/2008,90.247
9/19/2008,90.247
9/20/2008,90.247
9/21/2008,90.247
9/22/2008,90.247
9/23/2008,90.247
9/24/2008,90.247
9/25/2008,90.247
9/26/2008,90.247
9/27/2008,90.247
9/28/2008,90.247
9/29/2008,90.247
9/30/2008,90.247
10/1/2008,89.651
10/2/2008,89.651
10/3/2008,89.651
10/4/2008,89.651
10/5/2008,89.651
10/6/2008,89.651
10/7/2008,89.651
10/8/2008,89.651
10/9/2008,89.651
10/10/2008,89.651
10/11/2008,89.651
10/12/2008,89.651
10/13/2008,89.651
10/14/2008,89.651
10/15/2008,89.651
10/16/2008,89.651
10/17/2008,89.651
10/18/2008,89.651
10/19/2008,89.651
10/20/2008,89.651
10/21/2008,89.651
10/22/2008,89.651
10/23/2008,89.651
10/24/2008,89.651
10/25/2008,89.651
10/26/2008,89.651
10/27/2008,89.651
10/28/2008,89.651
10/29/2008,89.651
10/30/2008,89.651
10/31/2008,89.651
11/1/2008,88.593
11/2/2008,88.593
11/3/2008,88.593
11/4/2008,88.593
11/5/2008,88.593
11/6/2008,88.593
11/7/2008,88.593
11/8/2008,88.593
11/9/2008,88.593
11/10/2008,88.593
11/11/2008,88.593
11/12/2008,88.593
11/13/2008,88.593
11/14/2008,88.593
11/15/2008,88.593
11/16/2008,88.593
11/17/2008,88.593
11/18/2008,88.593
11/19/2008,88.593
11/20/2008,88.593
11/21/2008,88.593
11/22/2008,88.593
11/23/2008,88.593
11/24/2008,88.593
11/25/2008,88.593
11/26/2008,88.593
11/27/2008,88.593
11/28/2008,88.593
11/29/2008,88.593
11/30/2008,88.593
12/1/2008,88.098
12/2/2008,88.098
12/3/2008,88.098
12/4/2008,88.098
12/5/2008,88.098
12/6/2008,88.098
12/7/2008,88.098
12/8/2008,88.098
12/9/2008,88.098
12/10/2008,88.098
12/11/2008,88.098
12/12/2008,88.098
12/13/2008,88.098
12/14/2008,88.098
12/15/2008,88.098
12/16/2008,88.098
12/17/2008,88.098
12/18/2008,88.098
12/19/2008,88.098
12/20/2008,88.098
12/21/2008,88.098
12/22/2008,88.098
12/23/2008,88.098
12/24/2008,88.098
12/25/2008,88.098
12/26/2008,88.098
12/27/2008,88.098
12/28/2008,88.098
12/29/2008,88.098
12/30/2008,88.098
12/31/2008,88.098
1/1/2009,88.108
1/2/2009,88.108
1/3/2009,88.108
1/4/2009,88.108
1/5/2009,88.108
1/6/2009,88.108
1/7/2009,88.108
1/8/2009,88.108
1/9/2009,88.108
1/10/2009,88.108
1/11/2009,88.108
1/12/2009,88.108
1/13/2009,88.108
1/14/2009,88.108
1/15/2009,88.108
1/16/2009,88.108
1/17/2009,88.108
1/18/2009,88.108
1/19/2009,88.108
1/20/2009,88.108
1/21/2009,88.108
1/22/2009,88.108
1/23/2009,88.108
1/24/2009,88.108
1/25/2009,88.108
1/26/2009,88.108
1/27/2009,88.108
1/28/2009,88.108
1/29/2009,88.108
1/30/2009,88.108
1/31/2009,88.108
2/1/2009,88.266
2/2/2009,88.266
2/3/2009,88.266
2/4/2009,88.266
2/5/2009,88.266
2/6/2009,88.266
2/7/2009,88.266
2/8/2009,88.266
2/9/2009,88.266
2/10/2009,88.266
2/11/2009,88.266
2/12/2009,88.266
2/13/2009,88.266
2/14/2009,88.266
2/15/2009,88.266
2/16/2009,88.266
2/17/2009,88.266
2/18/2009,88.266
2/19/2009,88.266
2/20/2009,88.266
2/21/2009,88.266
2/22/2009,88.266
2/23/2009,88.266
2/24/2009,88.266
2/25/2009,88.266
2/26/2009,88.266
2/27/2009,88.266
2/28/2009,88.266
3/1/2009,88.169
3/2/2009,88.169
3/3/2009,88.169
3/4/2009,88.169
3/5/2009,88.169
3/6/2009,88.169
3/7/2009,88.169
3/8/2009,88.169
3/9/2009,88.169
3/10/2009,88.169
3/11/2009,88.169
3/12/2009,88.169
3/13/2009,88.169
3/14/2009,88.169
3/15/2009,88.169
3/16/2009,88.169
3/17/2009,88.169
3/18/2009,88.169
3/19/2009,88.169
3/20/2009,88.169
3/21/2009,88.169
3/22/2009,88.169
3/23/2009,88.169
3/24/2009,88.169
3/25/2009,88.169
3/26/2009,88.169
3/27/2009,88.169
3/28/2009,88.169
3/29/2009,88.169
3/30/2009,88.169
3/31/2009,88.169
4/1/2009,88.295
4/2/2009,88.295
4/3/2009,88.295
4/4/2009,88.295
4/5/2009,88.295
4/6/2009,88.295
4/7/2009,88.295
4/8/2009,88.295
4/9/2009,88.295
4/10/2009,88.295
4/11/2009,88.295
4/12/2009,88.295
4/13/2009,88.295
4/14/2009,88.295
4/15/2009,88.295
4/16/2009,88.295
4/17/2009,88.295
4/18/2009,88.295
4/19/2009,88.295
4/20/2009,88.295
4/21/2009,88.295
4/22/2009,88.295
4/23/2009,88.295
4/24/2009,88.295
4/25/2009,88.295
4/26/2009,88.295
4/27/2009,88.295
4/28/2009,88.295
4/29/2009,88.295
4/30/2009,88.295
5/1/2009,88.387
5/2/2009,88.387
5/3/2009,88.387
5/4/2009,88.387
5/5/2009,88.387
5/6/2009,88.387
5/7/2009,88.387
5/8/2009,88.387
5/9/2009,88.387
5/10/2009,88.387
5/11/2009,88.387
5/12/2009,88.387
5/13/2009,88.387
5/14/2009,88.387
5/15/2009,88.387
5/16/2009,88.387
5/17/2009,88.387
5/18/2009,88.387
5/19/2009,88.387
5/20/2009,88.387
5/21/2009,88.387
5/22/2009,88.387
5/23/2009,88.387
5/24/2009,88.387
5/25/2009,88.387
5/26/2009,88.387
5/27/2009,88.387
5/28/2009,88.387
5/29/2009,88.387
5/30/2009,88.387
5/31/2009,88.387
6/1/2009,88.912
6/2/2009,88.912
6/3/2009,88.912
6/4/2009,88.912
6/5/2009,88.912
6/6/2009,88.912
6/7/2009,88.912
6/8/2009,88.912
6/9/2009,88.912
6/10/2009,88.912
6/11/2009,88.912
6/12/2009,88.912
6/13/2009,88.912
6/14/2009,88.912
6/15/2009,88.912
6/16/2009,88.912
6/17/2009,88.912
6/18/2009,88.912
6/19/2009,88.912
6/20/2009,88.912
6/21/2009,88.912
6/22/2009,88.912
6/23/2009,88.912
6/24/2009,88.912
6/25/2009,88.912
6/26/2009,88.912
6/27/2009,88.912
6/28/2009,88.912
6/29/2009,88.912
6/30/2009,88.912
7/1/2009,88.922
7/2/2009,88.922
7/3/2009,88.922
7/4/2009,88.922
7/5/2009,88.922
7/6/2009,88.922
7/7/2009,88.922
7/8/2009,88.922
7/9/2009,88.922
7/10/2009,88.922
7/11/2009,88.922
7/12/2009,88.922
7/13/2009,88.922
7/14/2009,88.922
7/15/2009,88.922
7/16/2009,88.922
7/17/2009,88.922
7/18/2009,88.922
7/19/2009,88.922
7/20/2009,88.922
7/21/2009,88.922
7/22/2009,88.922
7/23/2009,88.922
7/24/2009,88.922
7/25/2009,88.922
7/26/2009,88.922
7/27/2009,88.922
7/28/2009,88.922
7/29/2009,88.922
7/30/2009,88.922
7/31/2009,88.922
8/1/2009,89.18
8/2/2009,89.18
8/3/2009,89.18
8/4/2009,89.18
8/5/2009,89.18
8/6/2009,89.18
8/7/2009,89.18
8/8/2009,89.18
8/9/2009,89.18
8/10/2009,89.18
8/11/2009,89.18
8/12/2009,89.18
8/13/2009,89.18
8/14/2009,89.18
8/15/2009,89.18
8/16/2009,89.18
8/17/2009,89.18
8/18/2009,89.18
8/19/2009,89.18
8/20/2009,89.18
8/21/2009,89.18
8/22/2009,89.18
8/23/2009,89.18
8/24/2009,89.18
8/25/2009,89.18
8/26/2009,89.18
8/27/2009,89.18
8/28/2009,89.18
8/29/2009,89.18
8/30/2009,89.18
8/31/2009,89.18
9/1/2009,89.324
9/2/2009,89.324
9/3/2009,89.324
9/4/2009,89.324
9/5/2009,89.324
9/6/2009,89.324
9/7/2009,89.324
9/8/2009,89.324
9/9/2009,89.324
9/10/2009,89.324
9/11/2009,89.324
9/12/2009,89.324
9/13/2009,89.324
9/14/2009,89.324
9/15/2009,89.324
9/16/2009,89.324
9/17/2009,89.324
9/18/2009,89.324
9/19/2009,89.324
9/20/2009,89.324
9/21/2009,89.324
9/22/2009,89.324
9/23/2009,89.324
9/24/2009,89.324
9/25/2009,89.324
9/26/2009,89.324
9/27/2009,89.324
9/28/2009,89.324
9/29/2009,89.324
9/30/2009,89.324
10/1/2009,89.663
10/2/2009,89.663
10/3/2009,89.663
10/4/2009,89.663
10/5/2009,89.663
10/6/2009,89.663
10/7/2009,89.663
10/8/2009,89.663
10/9/2009,89.663
10/10/2009,89.663
10/11/2009,89.663
10/12/2009,89.663
10/13/2009,89.663
10/14/2009,89.663
10/15/2009,89.663
10/16/2009,89.663
10/17/2009,89.663
10/18/2009,89.663
10/19/2009,89.663
10/20/2009,89.663
10/21/2009,89.663
10/22/2009,89.663
10/23/2009,89.663
10/24/2009,89.663
10/25/2009,89.663
10/26/2009,89.663
10/27/2009,89.663
10/28/2009,89.663
10/29/2009,89.663
10/30/2009,89.663
10/31/2009,89.663
11/1/2009,89.887
11/2/2009,89.887
11/3/2009,89.887
11/4/2009,89.887
11/5/2009,89.887
11/6/2009,89.887
11/7/2009,89.887
11/8/2009,89.887
11/9/2009,89.887
11/10/2009,89.887
11/11/2009,89.887
11/12/2009,89.887
11/13/2009,89.887
11/14/2009,89.887
11/15/2009,89.887
11/16/2009,89.887
11/17/2009,89.887
11/18/2009,89.887
11/19/2009,89.887
11/20/2009,89.887
11/21/2009,89.887
11/22/2009,89.887
11/23/2009,89.887
11/24/2009,89.887
11/25/2009,89.887
11/26/2009,89.887
11/27/2009,89.887
11/28/2009,89.887
11/29/2009,89.887
11/30/2009,89.887
12/1/2009,89.939
12/2/2009,89.939
12/3/2009,89.939
12/4/2009,89.939
12/5/2009,89.939
12/6/2009,89.939
12/7/2009,89.939
12/8/2009,89.939
12/9/2009,89.939
12/10/2009,89.939
12/11/2009,89.939
12/12/2009,89.939
12/13/2009,89.939
12/14/2009,89.939
12/15/2009,89.939
12/16/2009,89.939
12/17/2009,89.939
12/18/2009,89.939
12/19/2009,89.939
12/20/2009,89.939
12/21/2009,89.939
12/22/2009,89.939
12/23/2009,89.939
12/24/2009,89.939
12/25/2009,89.939
12/26/2009,89.939
12/27/2009,89.939
12/28/2009,89.939
12/29/2009,89.939
12/30/2009,89.939
12/31/2009,89.939
1/1/2010,90.136
1/2/2010,90.136
1/3/2010,90.136
1/4/2010,90.136
1/5/2010,90.136
1/6/2010,90.136
1/7/2010,90.136
1/8/2010,90.136
1/9/2010,90.136
1/10/2010,90.136
1/11/2010,90.136
1/12/2010,90.136
1/13/2010,90.136
1/14/2010,90.136
1/15/2010,90.136
1/16/2010,90.136
1/17/2010,90.136
1/18/2010,90.136
1/19/2010,90.136
1/20/2010,90.136
1/21/2010,90.136
1/22/2010,90.136
1/23/2010,90.136
1/24/2010,90.136
1/25/2010,90.136
1/26/2010,90.136
1/27/2010,90.136
1/28/2010,90.136
1/29/2010,90.136
1/30/2010,90.136
1/31/2010,90.136
2/1/2010,90.134
2/2/2010,90.134
2/3/2010,90.134
2/4/2010,90.134
2/5/2010,90.134
2/6/2010,90.134
2/7/2010,90.134
2/8/2010,90.134
2/9/2010,90.134
2/10/2010,90.134
2/11/2010,90.134
2/12/2010,90.134
2/13/2010,90.134
2/14/2010,90.134
2/15/2010,90.134
2/16/2010,90.134
2/17/2010,90.134
2/18/2010,90.134
2/19/2010,90.134
2/20/2010,90.134
2/21/2010,90.134
2/22/2010,90.134
2/23/2010,90.134
2/24/2010,90.134
2/25/2010,90.134
2/26/2010,90.134
2/27/2010,90.134
2/28/2010,90.134
3/1/2010,90.261
3/2/2010,90.261
3/3/2010,90.261
3/4/2010,90.261
3/5/2010,90.261
3/6/2010,90.261
3/7/2010,90.261
3/8/2010,90.261
3/9/2010,90.261
3/10/2010,90.261
3/11/2010,90.261
3/12/2010,90.261
3/13/2010,90.261
3/14/2010,90.261
3/15/2010,90.261
3/16/2010,90.261
3/17/2010,90.261
3/18/2010,90.261
3/19/2010,90.261
3/20/2010,90.261
3/21/2010,90.261
3/22/2010,90.261
3/23/2010,90.261
3/24/2010,90.261
3/25/2010,90.261
3/26/2010,90.261
3/27/2010,90.261
3/28/2010,90.261
3/29/2010,90.261
3/30/2010,90.261
3/31/2010,90.261
4/1/2010,90.31
4/2/2010,90.31
4/3/2010,90.31
4/4/2010,90.31
4/5/2010,90.31
4/6/2010,90.31
4/7/2010,90.31
4/8/2010,90.31
4/9/2010,90.31
4/10/2010,90.31
4/11/2010,90.31
4/12/2010,90.31
4/13/2010,90.31
4/14/2010,90.31
4/15/2010,90.31
4/16/2010,90.31
4/17/2010,90.31
4/18/2010,90.31
4/19/2010,90.31
4/20/2010,90.31
4/21/2010,90.31
4/22/2010,90.31
4/23/2010,90.31
4/24/2010,90.31
4/25/2010,90.31
4/26/2010,90.31
4/27/2010,90.31
4/28/2010,90.31
4/29/2010,90.31
4/30/2010,90.31
5/1/2010,90.339
5/2/2010,90.339
5/3/2010,90.339
5/4/2010,90.339
5/5/2010,90.339
5/6/2010,90.339
5/7/2010,90.339
5/8/2010,90.339
5/9/2010,90.339
5/10/2010,90.339
5/11/2010,90.339
5/12/2010,90.339
5/13/2010,90.339
5/14/2010,90.339
5/15/2010,90.339
5/16/2010,90.339
5/17/2010,90.339
5/18/2010,90.339
5/19/2010,90.339
5/20/2010,90.339
5/21/2010,90.339
5/22/2010,90.339
5/23/2010,90.339
5/24/2010,90.339
5/25/2010,90.339
5/26/2010,90.339
5/27/2010,90.339
5/28/2010,90.339
5/29/2010,90.339
5/30/2010,90.339
5/31/2010,90.339
6/1/2010,90.301
6/2/2010,90.301
6/3/2010,90.301
6/4/2010,90.301
6/5/2010,90.301
6/6/2010,90.301
6/7/2010,90.301
6/8/2010,90.301
6/9/2010,90.301
6/10/2010,90.301
6/11/2010,90.301
6/12/2010,90.301
6/13/2010,90.301
6/14/2010,90.301
6/15/2010,90.301
6/16/2010,90.301
6/17/2010,90.301
6/18/2010,90.301
6/19/2010,90.301
6/20/2010,90.301
6/21/2010,90.301
6/22/2010,90.301
6/23/2010,90.301
6/24/2010,90.301
6/25/2010,90.301
6/26/2010,90.301
6/27/2010,90.301
6/28/2010,90.301
6/29/2010,90.301
6/30/2010,90.301
7/1/2010,90.378
7/2/2010,90.378
7/3/2010,90.378
7/4/2010,90.378
7/5/2010,90.378
7/6/2010,90.378
7/7/2010,90.378
7/8/2010,90.378
7/9/2010,90.378
7/10/2010,90.378
7/11/2010,90.378
7/12/2010,90.378
7/13/2010,90.378
7/14/2010,90.378
7/15/2010,90.378
7/16/2010,90.378
7/17/2010,90.378
7/18/2010,90.378
7/19/2010,90.378
7/20/2010,90.378
7/21/2010,90.378
7/22/2010,90.378
7/23/2010,90.378
7/24/2010,90.378
7/25/2010,90.378
7/26/2010,90.378
7/27/2010,90.378
7/28/2010,90.378
7/29/2010,90.378
7/30/2010,90.378
7/31/2010,90.378
8/1/2010,90.502
8/2/2010,90.502
8/3/2010,90.502
8/4/2010,90.502
8/5/2010,90.502
8/6/2010,90.502
8/7/2010,90.502
8/8/2010,90.502
8/9/2010,90.502
8/10/2010,90.502
8/11/2010,90.502
8/12/2010,90.502
8/13/2010,90.502
8/14/2010,90.502
8/15/2010,90.502
8/16/2010,90.502
8/17/2010,90.502
8/18/2010,90.502
8/19/2010,90.502
8/20/2010,90.502
8/21/2010,90.502
8/22/2010,90.502
8/23/2010,90.502
8/24/2010,90.502
8/25/2010,90.502
8/26/2010,90.502
8/27/2010,90.502
8/28/2010,90.502
8/29/2010,90.502
8/30/2010,90.502
8/31/2010,90.502
9/1/2010,90.592
9/2/2010,90.592
9/3/2010,90.592
9/4/2010,90.592
9/5/2010,90.592
9/6/2010,90.592
9/7/2010,90.592
9/8/2010,90.592
9/9/2010,90.592
9/10/2010,90.592
9/11/2010,90.592
9/12/2010,90.592
9/13/2010,90.592
9/14/2010,90.592
9/15/2010,90.592
9/16/2010,90.592
9/17/2010,90.592
9/18/2010,90.592
9/19/2010,90.592
9/20/2010,90.592
9/21/2010,90.592
9/22/2010,90.592
9/23/2010,90.592
9/24/2010,90.592
9/25/2010,90.592
9/26/2010,90.592
9/27/2010,90.592
9/28/2010,90.592
9/29/2010,90.592
9/30/2010,90.592
10/1/2010,90.881
10/2/2010,90.881
10/3/2010,90.881
10/4/2010,90.881
10/5/2010,90.881
10/6/2010,90.881
10/7/2010,90.881
10/8/2010,90.881
10/9/2010,90.881
10/10/2010,90.881
10/11/2010,90.881
10/12/2010,90.881
10/13/2010,90.881
10/14/2010,90.881
10/15/2010,90.881
10/16/2010,90.881
10/17/2010,90.881
10/18/2010,90.881
10/19/2010,90.881
10/20/2010,90.881
10/21/2010,90.881
10/22/2010,90.881
10/23/2010,90.881
10/24/2010,90.881
10/25/2010,90.881
10/26/2010,90.881
10/27/2010,90.881
10/28/2010,90.881
10/29/2010,90.881
10/30/2010,90.881
10/31/2010,90.881
11/1/2010,91.062
11/2/2010,91.062
11/3/2010,91.062
11/4/2010,91.062
11/5/2010,91.062
11/6/2010,91.062
11/7/2010,91.062
11/8/2010,91.062
11/9/2010,91.062
11/10/2010,91.062
11/11/2010,91.062
11/12/2010,91.062
11/13/2010,91.062
11/14/2010,91.062
11/15/2010,91.062
11/16/2010,91.062
11/17/2010,91.062
11/18/2010,91.062
11/19/2010,91.062
11/20/2010,91.062
11/21/2010,91.062
11/22/2010,91.062
11/23/2010,91.062
11/24/2010,91.062
11/25/2010,91.062
11/26/2010,91.062
11/27/2010,91.062
11/28/2010,91.062
11/29/2010,91.062
11/30/2010,91.062
12/1/2010,91.268
12/2/2010,91.268
12/3/2010,91.268
12/4/2010,91.268
12/5/2010,91.268
12/6/2010,91.268
12/7/2010,91.268
12/8/2010,91.268
12/9/2010,91.268
12/10/2010,91.268
12/11/2010,91.268
12/12/2010,91.268
12/13/2010,91.268
12/14/2010,91.268
12/15/2010,91.268
12/16/2010,91.268
12/17/2010,91.268
12/18/2010,91.268
12/19/2010,91.268
12/20/2010,91.268
12/21/2010,91.268
12/22/2010,91.268
12/23/2010,91.268
12/24/2010,91.268
12/25/2010,91.268
12/26/2010,91.268
12/27/2010,91.268
12/28/2010,91.268
12/29/2010,91.268
12/30/2010,91.268
12/31/2010,91.268
1/1/2011,91.542
1/2/2011,91.542
1/3/2011,91.542
1/4/2011,91.542
1/5/2011,91.542
1/6/2011,91.542
1/7/2011,91.542
1/8/2011,91.542
1/9/2011,91.542
1/10/2011,91.542
1/11/2011,91.542
1/12/2011,91.542
1/13/2011,91.542
1/14/2011,91.542
1/15/2011,91.542
1/16/2011,91.542
1/17/2011,91.542
1/18/2011,91.542
1/19/2011,91.542
1/20/2011,91.542
1/21/2011,91.542
1/22/2011,91.542
1/23/2011,91.542
1/24/2011,91.542
1/25/2011,91.542
1/26/2011,91.542
1/27/2011,91.542
1/28/2011,91.542
1/29/2011,91.542
1/30/2011,91.542
1/31/2011,91.542
2/1/2011,91.797
2/2/2011,91.797
2/3/2011,91.797
2/4/2011,91.797
2/5/2011,91.797
2/6/2011,91.797
2/7/2011,91.797
2/8/2011,91.797
2/9/2011,91.797
2/10/2011,91.797
2/11/2011,91.797
2/12/2011,91.797
2/13/2011,91.797
2/14/2011,91.797
2/15/2011,91.797
2/16/2011,91.797
2/17/2011,91.797
2/18/2011,91.797
2/19/2011,91.797
2/20/2011,91.797
2/21/2011,91.797
2/22/2011,91.797
2/23/2011,91.797
2/24/2011,91.797
2/25/2011,91.797
2/26/2011,91.797
2/27/2011,91.797
2/28/2011,91.797
3/1/2011,92.166
3/2/2011,92.166
3/3/2011,92.166
3/4/2011,92.166
3/5/2011,92.166
3/6/2011,92.166
3/7/2011,92.166
3/8/2011,92.166
3/9/2011,92.166
3/10/2011,92.166
3/11/2011,92.166
3/12/2011,92.166
3/13/2011,92.166
3/14/2011,92.166
3/15/2011,92.166
3/16/2011,92.166
3/17/2011,92.166
3/18/2011,92.166
3/19/2011,92.166
3/20/2011,92.166
3/21/2011,92.166
3/22/2011,92.166
3/23/2011,92.166
3/24/2011,92.166
3/25/2011,92.166
3/26/2011,92.166
3/27/2011,92.166
3/28/2011,92.166
3/29/2011,92.166
3/30/2011,92.166
3/31/2011,92.166
4/1/2011,92.557
4/2/2011,92.557
4/3/2011,92.557
4/4/2011,92.557
4/5/2011,92.557
4/6/2011,92.557
4/7/2011,92.557
4/8/2011,92.557
4/9/2011,92.557
4/10/2011,92.557
4/11/2011,92.557
4/12/2011,92.557
4/13/2011,92.557
4/14/2011,92.557
4/15/2011,92.557
4/16/2011,92.557
4/17/2011,92.557
4/18/2011,92.557
4/19/2011,92.557
4/20/2011,92.557
4/21/2011,92.557
4/22/2011,92.557
4/23/2011,92.557
4/24/2011,92.557
4/25/2011,92.557
4/26/2011,92.557
4/27/2011,92.557
4/28/2011,92.557
4/29/2011,92.557
4/30/2011,92.557
5/1/2011,92.838
5/2/2011,92.838
5/3/2011,92.838
5/4/2011,92.838
5/5/2011,92.838
5/6/2011,92.838
5/7/2011,92.838
5/8/2011,92.838
5/9/2011,92.838
5/10/2011,92.838
5/11/2011,92.838
5/12/2011,92.838
5/13/2011,92.838
5/14/2011,92.838
5/15/2011,92.838
5/16/2011,92.838
5/17/2011,92.838
5/18/2011,92.838
5/19/2011,92.838
5/20/2011,92.838
5/21/2011,92.838
5/22/2011,92.838
5/23/2011,92.838
5/24/2011,92.838
5/25/2011,92.838
5/26/2011,92.838
5/27/2011,92.838
5/28/2011,92.838
5/29/2011,92.838
5/30/2011,92.838
5/31/2011,92.838
6/1/2011,92.819
6/2/2011,92.819
6/3/2011,92.819
6/4/2011,92.819
6/5/2011,92.819
6/6/2011,92.819
6/7/2011,92.819
6/8/2011,92.819
6/9/2011,92.819
6/10/2011,92.819
6/11/2011,92.819
6/12/2011,92.819
6/13/2011,92.819
6/14/2011,92.819
6/15/2011,92.819
6/16/2011,92.819
6/17/2011,92.819
6/18/2011,92.819
6/19/2011,92.819
6/20/2011,92.819
6/21/2011,92.819
6/22/2011,92.819
6/23/2011,92.819
6/24/2011,92.819
6/25/2011,92.819
6/26/2011,92.819
6/27/2011,92.819
6/28/2011,92.819
6/29/2011,92.819
6/30/2011,92.819
7/1/2011,92.977
7/2/2011,92.977
7/3/2011,92.977
7/4/2011,92.977
7/5/2011,92.977
7/6/2011,92.977
7/7/2011,92.977
7/8/2011,92.977
7/9/2011,92.977
7/10/2011,92.977
7/11/2011,92.977
7/12/2011,92.977
7/13/2011,92.977
7/14/2011,92.977
7/15/2011,92.977
7/16/2011,92.977
7/17/2011,92.977
7/18/2011,92.977
7/19/2011,92.977
7/20/2011,92.977
7/21/2011,92.977
7/22/2011,92.977
7/23/2011,92.977
7/24/2011,92.977
7/25/2011,92.977
7/26/2011,92.977
7/27/2011,92.977
7/28/2011,92.977
7/29/2011,92.977
7/30/2011,92.977
7/31/2011,92.977
8/1/2011,93.196
8/2/2011,93.196
8/3/2011,93.196
8/4/2011,93.196
8/5/2011,93.196
8/6/2011,93.196
8/7/2011,93.196
8/8/2011,93.196
8/9/2011,93.196
8/10/2011,93.196
8/11/2011,93.196
8/12/2011,93.196
8/13/2011,93.196
8/14/2011,93.196
8/15/2011,93.196
8/16/2011,93.196
8/17/2011,93.196
8/18/2011,93.196
8/19/2011,93.196
8/20/2011,93.196
8/21/2011,93.196
8/22/2011,93.196
8/23/2011,93.196
8/24/2011,93.196
8/25/2011,93.196
8/26/2011,93.196
8/27/2011,93.196
8/28/2011,93.196
8/29/2011,93.196
8/30/2011,93.196
8/31/2011,93.196
9/1/2011,93.327
9/2/2011,93.327
9/3/2011,93.327
9/4/2011,93.327
9/5/2011,93.327
9/6/2011,93.327
9/7/2011,93.327
9/8/2011,93.327
9/9/2011,93.327
9/10/2011,93.327
9/11/2011,93.327
9/12/2011,93.327
9/13/2011,93.327
9/14/2011,93.327
9/15/2011,93.327
9/16/2011,93.327
9/17/2011,93.327
9/18/2011,93.327
9/19/2011,93.327
9/20/2011,93.327
9/21/2011,93.327
9/22/2011,93.327
9/23/2011,93.327
9/24/2011,93.327
9/25/2011,93.327
9/26/2011,93.327
9/27/2011,93.327
9/28/2011,93.327
9/29/2011,93.327
9/30/2011,93.327
10/1/2011,93.329
10/2/2011,93.329
10/3/2011,93.329
10/4/2011,93.329
10/5/2011,93.329
10/6/2011,93.329
10/7/2011,93.329
10/8/2011,93.329
10/9/2011,93.329
10/10/2011,93.329
10/11/2011,93.329
10/12/2011,93.329
10/13/2011,93.329
10/14/2011,93.329
10/15/2011,93.329
10/16/2011,93.329
10/17/2011,93.329
10/18/2011,93.329
10/19/2011,93.329
10/20/2011,93.329
10/21/2011,93.329
10/22/2011,93.329
10/23/2011,93.329
10/24/2011,93.329
10/25/2011,93.329
10/26/2011,93.329
10/27/2011,93.329
10/28/2011,93.329
10/29/2011,93.329
10/30/2011,93.329
10/31/2011,93.329
11/1/2011,93.52
11/2/2011,93.52
11/3/2011,93.52
11/4/2011,93.52
11/5/2011,93.52
11/6/2011,93.52
11/7/2011,93.52
11/8/2011,93.52
11/9/2011,93.52
11/10/2011,93.52
11/11/2011,93.52
11/12/2011,93.52
11/13/2011,93.52
11/14/2011,93.52
11/15/2011,93.52
11/16/2011,93.52
11/17/2011,93.52
11/18/2011,93.52
11/19/2011,93.52
11/20/2011,93.52
11/21/2011,93.52
11/22/2011,93.52
11/23/2011,93.52
11/24/2011,93.52
11/25/2011,93.52
11/26/2011,93.52
11/27/2011,93.52
11/28/2011,93.52
11/29/2011,93.52
11/30/2011,93.52
12/1/2011,93.574
12/2/2011,93.574
12/3/2011,93.574
12/4/2011,93.574
12/5/2011,93.574
12/6/2011,93.574
12/7/2011,93.574
12/8/2011,93.574
12/9/2011,93.574
12/10/2011,93.574
12/11/2011,93.574
12/12/2011,93.574
12/13/2011,93.574
12/14/2011,93.574
12/15/2011,93.574
12/16/2011,93.574
12/17/2011,93.574
12/18/2011,93.574
12/19/2011,93.574
12/20/2011,93.574
12/21/2011,93.574
12/22/2011,93.574
12/23/2011,93.574
12/24/2011,93.574
12/25/2011,93.574
12/26/2011,93.574
12/27/2011,93.574
12/28/2011,93.574
12/29/2011,93.574
12/30/2011,93.574
12/31/2011,93.574
1/1/2012,93.894
1/2/2012,93.894
1/3/2012,93.894
1/4/2012,93.894
1/5/2012,93.894
1/6/2012,93.894
1/7/2012,93.894
1/8/2012,93.894
1/9/2012,93.894
1/10/2012,93.894
1/11/2012,93.894
1/12/2012,93.894
1/13/2012,93.894
1/14/2012,93.894
1/15/2012,93.894
1/16/2012,93.894
1/17/2012,93.894
1/18/2012,93.894
1/19/2012,93.894
1/20/2012,93.894
1/21/2012,93.894
1/22/2012,93.894
1/23/2012,93.894
1/24/2012,93.894
1/25/2012,93.894
1/26/2012,93.894
1/27/2012,93.894
1/28/2012,93.894
1/29/2012,93.894
1/30/2012,93.894
1/31/2012,93.894
2/1/2012,94.104
2/2/2012,94.104
2/3/2012,94.104
2/4/2012,94.104
2/5/2012,94.104
2/6/2012,94.104
2/7/2012,94.104
2/8/2012,94.104
2/9/2012,94.104
2/10/2012,94.104
2/11/2012,94.104
2/12/2012,94.104
2/13/2012,94.104
2/14/2012,94.104
2/15/2012,94.104
2/16/2012,94.104
2/17/2012,94.104
2/18/2012,94.104
2/19/2012,94.104
2/20/2012,94.104
2/21/2012,94.104
2/22/2012,94.104
2/23/2012,94.104
2/24/2012,94.104
2/25/2012,94.104
2/26/2012,94.104
2/27/2012,94.104
2/28/2012,94.104
2/29/2012,94.104
3/1/2012,94.284
3/2/2012,94.284
3/3/2012,94.284
3/4/2012,94.284
3/5/2012,94.284
3/6/2012,94.284
3/7/2012,94.284
3/8/2012,94.284
3/9/2012,94.284
3/10/2012,94.284
3/11/2012,94.284
3/12/2012,94.284
3/13/2012,94.284
3/14/2012,94.284
3/15/2012,94.284
3/16/2012,94.284
3/17/2012,94.284
3/18/2012,94.284
3/19/2012,94.284
3/20/2012,94.284
3/21/2012,94.284
3/22/2012,94.284
3/23/2012,94.284
3/24/2012,94.284
3/25/2012,94.284
3/26/2012,94.284
3/27/2012,94.284
3/28/2012,94.284
3/29/2012,94.284
3/30/2012,94.284
3/31/2012,94.284
4/1/2012,94.408
4/2/2012,94.408
4/3/2012,94.408
4/4/2012,94.408
4/5/2012,94.408
4/6/2012,94.408
4/7/2012,94.408
4/8/2012,94.408
4/9/2012,94.408
4/10/2012,94.408
4/11/2012,94.408
4/12/2012,94.408
4/13/2012,94.408
4/14/2012,94.408
4/15/2012,94.408
4/16/2012,94.408
4/17/2012,94.408
4/18/2012,94.408
4/19/2012,94.408
4/20/2012,94.408
4/21/2012,94.408
4/22/2012,94.408
4/23/2012,94.408
4/24/2012,94.408
4/25/2012,94.408
4/26/2012,94.408
4/27/2012,94.408
4/28/2012,94.408
4/29/2012,94.408
4/30/2012,94.408
5/1/2012,94.302
5/2/2012,94.302
5/3/2012,94.302
5/4/2012,94.302
5/5/2012,94.302
5/6/2012,94.302
5/7/2012,94.302
5/8/2012,94.302
5/9/2012,94.302
5/10/2012,94.302
5/11/2012,94.302
5/12/2012,94.302
5/13/2012,94.302
5/14/2012,94.302
5/15/2012,94.302
5/16/2012,94.302
5/17/2012,94.302
5/18/2012,94.302
5/19/2012,94.302
5/20/2012,94.302
5/21/2012,94.302
5/22/2012,94.302
5/23/2012,94.302
5/24/2012,94.302
5/25/2012,94.302
5/26/2012,94.302
5/27/2012,94.302
5/28/2012,94.302
5/29/2012,94.302
5/30/2012,94.302
5/31/2012,94.302
6/1/2012,94.254
6/2/2012,94.254
6/3/2012,94.254
6/4/2012,94.254
6/5/2012,94.254
6/6/2012,94.254
6/7/2012,94.254
6/8/2012,94.254
6/9/2012,94.254
6/10/2012,94.254
6/11/2012,94.254
6/12/2012,94.254
6/13/2012,94.254
6/14/2012,94.254
6/15/2012,94.254
6/16/2012,94.254
6/17/2012,94.254
6/18/2012,94.254
6/19/2012,94.254
6/20/2012,94.254
6/21/2012,94.254
6/22/2012,94.254
6/23/2012,94.254
6/24/2012,94.254
6/25/2012,94.254
6/26/2012,94.254
6/27/2012,94.254
6/28/2012,94.254
6/29/2012,94.254
6/30/2012,94.254
7/1/2012,94.288
7/2/2012,94.288
7/3/2012,94.288
7/4/2012,94.288
7/5/2012,94.288
7/6/2012,94.288
7/7/2012,94.288
7/8/2012,94.288
7/9/2012,94.288
7/10/2012,94.288
7/11/2012,94.288
7/12/2012,94.288
7/13/2012,94.288
7/14/2012,94.288
7/15/2012,94.288
7/16/2012,94.288
7/17/2012,94.288
7/18/2012,94.288
7/19/2012,94.288
7/20/2012,94.288
7/21/2012,94.288
7/22/2012,94.288
7/23/2012,94.288
7/24/2012,94.288
7/25/2012,94.288
7/26/2012,94.288
7/27/2012,94.288
7/28/2012,94.288
7/29/2012,94.288
7/30/2012,94.288
7/31/2012,94.288
8/1/2012,94.605
8/2/2012,94.605
8/3/2012,94.605
8/4/2012,94.605
8/5/2012,94.605
8/6/2012,94.605
8/7/2012,94.605
8/8/2012,94.605
8/9/2012,94.605
8/10/2012,94.605
8/11/2012,94.605
8/12/2012,94.605
8/13/2012,94.605
8/14/2012,94.605
8/15/2012,94.605
8/16/2012,94.605
8/17/2012,94.605
8/18/2012,94.605
8/19/2012,94.605
8/20/2012,94.605
8/21/2012,94.605
8/22/2012,94.605
8/23/2012,94.605
8/24/2012,94.605
8/25/2012,94.605
8/26/2012,94.605
8/27/2012,94.605
8/28/2012,94.605
8/29/2012,94.605
8/30/2012,94.605
8/31/2012,94.605
9/1/2012,94.893
9/2/2012,94.893
9/3/2012,94.893
9/4/2012,94.893
9/5/2012,94.893
9/6/2012,94.893
9/7/2012,94.893
9/8/2012,94.893
9/9/2012,94.893
9/10/2012,94.893
9/11/2012,94.893
9/12/2012,94.893
9/13/2012,94.893
9/14/2012,94.893
9/15/2012,94.893
9/16/2012,94.893
9/17/2012,94.893
9/18/2012,94.893
9/19/2012,94.893
9/20/2012,94.893
9/21/2012,94.893
9/22/2012,94.893
9/23/2012,94.893
9/24/2012,94.893
9/25/2012,94.893
9/26/2012,94.893
9/27/2012,94.893
9/28/2012,94.893
9/29/2012,94.893
9/30/2012,94.893
10/1/2012,95.174
10/2/2012,95.174
10/3/2012,95.174
10/4/2012,95.174
10/5/2012,95.174
10/6/2012,95.174
10/7/2012,95.174
10/8/2012,95.174
10/9/2012,95.174
10/10/2012,95.174
10/11/2012,95.174
10/12/2012,95.174
10/13/2012,95.174
10/14/2012,95.174
10/15/2012,95.174
10/16/2012,95.174
10/17/2012,95.174
10/18/2012,95.174
10/19/2012,95.174
10/20/2012,95.174
10/21/2012,95.174
10/22/2012,95.174
10/23/2012,95.174
10/24/2012,95.174
10/25/2012,95.174
10/26/2012,95.174
10/27/2012,95.174
10/28/2012,95.174
10/29/2012,95.174
10/30/2012,95.174
10/31/2012,95.174
11/1/2012,95.109
11/2/2012,95.109
11/3/2012,95.109
11/4/2012,95.109
11/5/2012,95.109
11/6/2012,95.109
11/7/2012,95.109
11/8/2012,95.109
11/9/2012,95.109
11/10/2012,95.109
11/11/2012,95.109
11/12/2012,95.109
11/13/2012,95.109
11/14/2012,95.109
11/15/2012,95.109
11/16/2012,95.109
11/17/2012,95.109
11/18/2012,95.109
11/19/2012,95.109
11/20/2012,95.109
11/21/2012,95.109
11/22/2012,95.109
11/23/2012,95.109
11/24/2012,95.109
11/25/2012,95.109
11/26/2012,95.109
11/27/2012,95.109
11/28/2012,95.109
11/29/2012,95.109
11/30/2012,95.109
12/1/2012,95.094
12/2/2012,95.094
12/3/2012,95.094
12/4/2012,95.094
12/5/2012,95.094
12/6/2012,95.094
12/7/2012,95.094
12/8/2012,95.094
12/9/2012,95.094
12/10/2012,95.094
12/11/2012,95.094
12/12/2012,95.094
12/13/2012,95.094
12/14/2012,95.094
12/15/2012,95.094
12/16/2012,95.094
12/17/2012,95.094
12/18/2012,95.094
12/19/2012,95.094
12/20/2012,95.094
12/21/2012,95.094
12/22/2012,95.094
12/23/2012,95.094
12/24/2012,95.094
12/25/2012,95.094
12/26/2012,95.094
12/27/2012,95.094
12/28/2012,95.094
12/29/2012,95.094
12/30/2012,95.094
12/31/2012,95.094
1/1/2013,95.275
1/2/2013,95.275
1/3/2013,95.275
1/4/2013,95.275
1/5/2013,95.275
1/6/2013,95.275
1/7/2013,95.275
1/8/2013,95.275
1/9/2013,95.275
1/10/2013,95.275
1/11/2013,95.275
1/12/2013,95.275
1/13/2013,95.275
1/14/2013,95.275
1/15/2013,95.275
1/16/2013,95.275
1/17/2013,95.275
1/18/2013,95.275
1/19/2013,95.275
1/20/2013,95.275
1/21/2013,95.275
1/22/2013,95.275
1/23/2013,95.275
1/24/2013,95.275
1/25/2013,95.275
1/26/2013,95.275
1/27/2013,95.275
1/28/2013,95.275
1/29/2013,95.275
1/30/2013,95.275
1/31/2013,95.275
2/1/2013,95.614
2/2/2013,95.614
2/3/2013,95.614
2/4/2013,95.614
2/5/2013,95.614
2/6/2013,95.614
2/7/2013,95.614
2/8/2013,95.614
2/9/2013,95.614
2/10/2013,95.614
2/11/2013,95.614
2/12/2013,95.614
2/13/2013,95.614
2/14/2013,95.614
2/15/2013,95.614
2/16/2013,95.614
2/17/2013,95.614
2/18/2013,95.614
2/19/2013,95.614
2/20/2013,95.614
2/21/2013,95.614
2/22/2013,95.614
2/23/2013,95.614
2/24/2013,95.614
2/25/2013,95.614
2/26/2013,95.614
2/27/2013,95.614
2/28/2013,95.614
3/1/2013,95.488
3/2/2013,95.488
3/3/2013,95.488
3/4/2013,95.488
3/5/2013,95.488
3/6/2013,95.488
3/7/2013,95.488
3/8/2013,95.488
3/9/2013,95.488
3/10/2013,95.488
3/11/2013,95.488
3/12/2013,95.488
3/13/2013,95.488
3/14/2013,95.488
3/15/2013,95.488
3/16/2013,95.488
3/17/2013,95.488
3/18/2013,95.488
3/19/2013,95.488
3/20/2013,95.488
3/21/2013,95.488
3/22/2013,95.488
3/23/2013,95.488
3/24/2013,95.488
3/25/2013,95.488
3/26/2013,95.488
3/27/2013,95.488
3/28/2013,95.488
3/29/2013,95.488
3/30/2013,95.488
3/31/2013,95.488
4/1/2013,95.391
4/2/2013,95.391
4/3/2013,95.391
4/4/2013,95.391
4/5/2013,95.391
4/6/2013,95.391
4/7/2013,95.391
4/8/2013,95.391
4/9/2013,95.391
4/10/2013,95.391
4/11/2013,95.391
4/12/2013,95.391
4/13/2013,95.391
4/14/2013,95.391
4/15/2013,95.391
4/16/2013,95.391
4/17/2013,95.391
4/18/2013,95.391
4/19/2013,95.391
4/20/2013,95.391
4/21/2013,95.391
4/22/2013,95.391
4/23/2013,95.391
4/24/2013,95.391
4/25/2013,95.391
4/26/2013,95.391
4/27/2013,95.391
4/28/2013,95.391
4/29/2013,95.391
4/30/2013,95.391
5/1/2013,95.461
5/2/2013,95.461
5/3/2013,95.461
5/4/2013,95.461
5/5/2013,95.461
5/6/2013,95.461
5/7/2013,95.461
5/8/2013,95.461
5/9/2013,95.461
5/10/2013,95.461
5/11/2013,95.461
5/12/2013,95.461
5/13/2013,95.461
5/14/2013,95.461
5/15/2013,95.461
5/16/2013,95.461
5/17/2013,95.461
5/18/2013,95.461
5/19/2013,95.461
5/20/2013,95.461
5/21/2013,95.461
5/22/2013,95.461
5/23/2013,95.461
5/24/2013,95.461
5/25/2013,95.461
5/26/2013,95.461
5/27/2013,95.461
5/28/2013,95.461
5/29/2013,95.461
5/30/2013,95.461
5/31/2013,95.461
6/1/2013,95.673
6/2/2013,95.673
6/3/2013,95.673
6/4/2013,95.673
6/5/2013,95.673
6/6/2013,95.673
6/7/2013,95.673
6/8/2013,95.673
6/9/2013,95.673
6/10/2013,95.673
6/11/2013,95.673
6/12/2013,95.673
6/13/2013,95.673
6/14/2013,95.673
6/15/2013,95.673
6/16/2013,95.673
6/17/2013,95.673
6/18/2013,95.673
6/19/2013,95.673
6/20/2013,95.673
6/21/2013,95.673
6/22/2013,95.673
6/23/2013,95.673
6/24/2013,95.673
6/25/2013,95.673
6/26/2013,95.673
6/27/2013,95.673
6/28/2013,95.673
6/29/2013,95.673
6/30/2013,95.673
7/1/2013,95.792
7/2/2013,95.792
7/3/2013,95.792
7/4/2013,95.792
7/5/2013,95.792
7/6/2013,95.792
7/7/2013,95.792
7/8/2013,95.792
7/9/2013,95.792
7/10/2013,95.792
7/11/2013,95.792
7/12/2013,95.792
7/13/2013,95.792
7/14/2013,95.792
7/15/2013,95.792
7/16/2013,95.792
7/17/2013,95.792
7/18/2013,95.792
7/19/2013,95.792
7/20/2013,95.792
7/21/2013,95.792
7/22/2013,95.792
7/23/2013,95.792
7/24/2013,95.792
7/25/2013,95.792
7/26/2013,95.792
7/27/2013,95.792
7/28/2013,95.792
7/29/2013,95.792
7/30/2013,95.792
7/31/2013,95.792
8/1/2013,95.934
8/2/2013,95.934
8/3/2013,95.934
8/4/2013,95.934
8/5/2013,95.934
8/6/2013,95.934
8/7/2013,95.934
8/8/2013,95.934
8/9/2013,95.934
8/10/2013,95.934
8/11/2013,95.934
8/12/2013,95.934
8/13/2013,95.934
8/14/2013,95.934
8/15/2013,95.934
8/16/2013,95.934
8/17/2013,95.934
8/18/2013,95.934
8/19/2013,95.934
8/20/2013,95.934
8/21/2013,95.934
8/22/2013,95.934
8/23/2013,95.934
8/24/2013,95.934
8/25/2013,95.934
8/26/2013,95.934
8/27/2013,95.934
8/28/2013,95.934
8/29/2013,95.934
8/30/2013,95.934
8/31/2013,95.934
9/1/2013,95.976
9/2/2013,95.976
9/3/2013,95.976
9/4/2013,95.976
9/5/2013,95.976
9/6/2013,95.976
9/7/2013,95.976
9/8/2013,95.976
9/9/2013,95.976
9/10/2013,95.976
9/11/2013,95.976
9/12/2013,95.976
9/13/2013,95.976
9/14/2013,95.976
9/15/2013,95.976
9/16/2013,95.976
9/17/2013,95.976
9/18/2013,95.976
9/19/2013,95.976
9/20/2013,95.976
9/21/2013,95.976
9/22/2013,95.976
9/23/2013,95.976
9/24/2013,95.976
9/25/2013,95.976
9/26/2013,95.976
9/27/2013,95.976
9/28/2013,95.976
9/29/2013,95.976
9/30/2013,95.976
10/1/2013,96.103
10/2/2013,96.103
10/3/2013,96.103
10/4/2013,96.103
10/5/2013,96.103
10/6/2013,96.103
10/7/2013,96.103
10/8/2013,96.103
10/9/2013,96.103
10/10/2013,96.103
10/11/2013,96.103
10/12/2013,96.103
10/13/2013,96.103
10/14/2013,96.103
10/15/2013,96.103
10/16/2013,96.103
10/17/2013,96.103
10/18/2013,96.103
10/19/2013,96.103
10/20/2013,96.103
10/21/2013,96.103
10/22/2013,96.103
10/23/2013,96.103
10/24/2013,96.103
10/25/2013,96.103
10/26/2013,96.103
10/27/2013,96.103
10/28/2013,96.103
10/29/2013,96.103
10/30/2013,96.103
10/31/2013,96.103
11/1/2013,96.246
11/2/2013,96.246
11/3/2013,96.246
11/4/2013,96.246
11/5/2013,96.246
11/6/2013,96.246
11/7/2013,96.246
11/8/2013,96.246
11/9/2013,96.246
11/10/2013,96.246
11/11/2013,96.246
11/12/2013,96.246
11/13/2013,96.246
11/14/2013,96.246
11/15/2013,96.246
11/16/2013,96.246
11/17/2013,96.246
11/18/2013,96.246
11/19/2013,96.246
11/20/2013,96.246
11/21/2013,96.246
11/22/2013,96.246
11/23/2013,96.246
11/24/2013,96.246
11/25/2013,96.246
11/26/2013,96.246
11/27/2013,96.246
11/28/2013,96.246
11/29/2013,96.246
11/30/2013,96.246
12/1/2013,96.414
12/2/2013,96.414
12/3/2013,96.414
12/4/2013,96.414
12/5/2013,96.414
12/6/2013,96.414
12/7/2013,96.414
12/8/2013,96.414
12/9/2013,96.414
12/10/2013,96.414
12/11/2013,96.414
12/12/2013,96.414
12/13/2013,96.414
12/14/2013,96.414
12/15/2013,96.414
12/16/2013,96.414
12/17/2013,96.414
12/18/2013,96.414
12/19/2013,96.414
12/20/2013,96.414
12/21/2013,96.414
12/22/2013,96.414
12/23/2013,96.414
12/24/2013,96.414
12/25/2013,96.414
12/26/2013,96.414
12/27/2013,96.414
12/28/2013,96.414
12/29/2013,96.414
12/30/2013,96.414
12/31/2013,96.414
1/1/2014,96.614
1/2/2014,96.614
1/3/2014,96.614
1/4/2014,96.614
1/5/2014,96.614
1/6/2014,96.614
1/7/2014,96.614
1/8/2014,96.614
1/9/2014,96.614
1/10/2014,96.614
1/11/2014,96.614
1/12/2014,96.614
1/13/2014,96.614
1/14/2014,96.614
1/15/2014,96.614
1/16/2014,96.614
1/17/2014,96.614
1/18/2014,96.614
1/19/2014,96.614
1/20/2014,96.614
1/21/2014,96.614
1/22/2014,96.614
1/23/2014,96.614
1/24/2014,96.614
1/25/2014,96.614
1/26/2014,96.614
1/27/2014,96.614
1/28/2014,96.614
1/29/2014,96.614
1/30/2014,96.614
1/31/2014,96.614
2/1/2014,96.66
2/2/2014,96.66
2/3/2014,96.66
2/4/2014,96.66
2/5/2014,96.66
2/6/2014,96.66
2/7/2014,96.66
2/8/2014,96.66
2/9/2014,96.66
2/10/2014,96.66
2/11/2014,96.66
2/12/2014,96.66
2/13/2014,96.66
2/14/2014,96.66
2/15/2014,96.66
2/16/2014,96.66
2/17/2014,96.66
2/18/2014,96.66
2/19/2014,96.66
2/20/2014,96.66
2/21/2014,96.66
2/22/2014,96.66
2/23/2014,96.66
2/24/2014,96.66
2/25/2014,96.66
2/26/2014,96.66
2/27/2014,96.66
2/28/2014,96.66
3/1/2014,96.815
3/2/2014,96.815
3/3/2014,96.815
3/4/2014,96.815
3/5/2014,96.815
3/6/2014,96.815
3/7/2014,96.815
3/8/2014,96.815
3/9/2014,96.815
3/10/2014,96.815
3/11/2014,96.815
3/12/2014,96.815
3/13/2014,96.815
3/14/2014,96.815
3/15/2014,96.815
3/16/2014,96.815
3/17/2014,96.815
3/18/2014,96.815
3/19/2014,96.815
3/20/2014,96.815
3/21/2014,96.815
3/22/2014,96.815
3/23/2014,96.815
3/24/2014,96.815
3/25/2014,96.815
3/26/2014,96.815
3/27/2014,96.815
3/28/2014,96.815
3/29/2014,96.815
3/30/2014,96.815
3/31/2014,96.815
4/1/2014,96.987
4/2/2014,96.987
4/3/2014,96.987
4/4/2014,96.987
4/5/2014,96.987
4/6/2014,96.987
4/7/2014,96.987
4/8/2014,96.987
4/9/2014,96.987
4/10/2014,96.987
4/11/2014,96.987
4/12/2014,96.987
4/13/2014,96.987
4/14/2014,96.987
4/15/2014,96.987
4/16/2014,96.987
4/17/2014,96.987
4/18/2014,96.987
4/19/2014,96.987
4/20/2014,96.987
4/21/2014,96.987
4/22/2014,96.987
4/23/2014,96.987
4/24/2014,96.987
4/25/2014,96.987
4/26/2014,96.987
4/27/2014,96.987
4/28/2014,96.987
4/29/2014,96.987
4/30/2014,96.987
5/1/2014,97.147
5/2/2014,97.147
5/3/2014,97.147
5/4/2014,97.147
5/5/2014,97.147
5/6/2014,97.147
5/7/2014,97.147
5/8/2014,97.147
5/9/2014,97.147
5/10/2014,97.147
5/11/2014,97.147
5/12/2014,97.147
5/13/2014,97.147
5/14/2014,97.147
5/15/2014,97.147
5/16/2014,97.147
5/17/2014,97.147
5/18/2014,97.147
5/19/2014,97.147
5/20/2014,97.147
5/21/2014,97.147
5/22/2014,97.147
5/23/2014,97.147
5/24/2014,97.147
5/25/2014,97.147
5/26/2014,97.147
5/27/2014,97.147
5/28/2014,97.147
5/29/2014,97.147
5/30/2014,97.147
5/31/2014,97.147
6/1/2014,97.253
6/2/2014,97.253
6/3/2014,97.253
6/4/2014,97.253
6/5/2014,97.253
6/6/2014,97.253
6/7/2014,97.253
6/8/2014,97.253
6/9/2014,97.253
6/10/2014,97.253
6/11/2014,97.253
6/12/2014,97.253
6/13/2014,97.253
6/14/2014,97.253
6/15/2014,97.253
6/16/2014,97.253
6/17/2014,97.253
6/18/2014,97.253
6/19/2014,97.253
6/20/2014,97.253
6/21/2014,97.253
6/22/2014,97.253
6/23/2014,97.253
6/24/2014,97.253
6/25/2014,97.253
6/26/2014,97.253
6/27/2014,97.253
6/28/2014,97.253
6/29/2014,97.253
6/30/2014,97.253
7/1/2014,97.391
7/2/2014,97.391
7/3/2014,97.391
7/4/2014,97.391
7/5/2014,97.391
7/6/2014,97.391
7/7/2014,97.391
7/8/2014,97.391
7/9/2014,97.391
7/10/2014,97.391
7/11/2014,97.391
7/12/2014,97.391
7/13/2014,97.391
7/14/2014,97.391
7/15/2014,97.391
7/16/2014,97.391
7/17/2014,97.391
7/18/2014,97.391
7/19/2014,97.391
7/20/2014,97.391
7/21/2014,97.391
7/22/2014,97.391
7/23/2014,97.391
7/24/2014,97.391
7/25/2014,97.391
7/26/2014,97.391
7/27/2014,97.391
7/28/2014,97.391
7/29/2014,97.391
7/30/2014,97.391
7/31/2014,97.391
8/1/2014,97.379
8/2/2014,97.379
8/3/2014,97.379
8/4/2014,97.379
8/5/2014,97.379
8/6/2014,97.379
8/7/2014,97.379
8/8/2014,97.379
8/9/2014,97.379
8/10/2014,97.379
8/11/2014,97.379
8/12/2014,97.379
8/13/2014,97.379
8/14/2014,97.379
8/15/2014,97.379
8/16/2014,97.379
8/17/2014,97.379
8/18/2014,97.379
8/19/2014,97.379
8/20/2014,97.379
8/21/2014,97.379
8/22/2014,97.379
8/23/2014,97.379
8/24/2014,97.379
8/25/2014,97.379
8/26/2014,97.379
8/27/2014,97.379
8/28/2014,97.379
8/29/2014,97.379
8/30/2014,97.379
8/31/2014,97.379
9/1/2014,97.413
9/2/2014,97.413
9/3/2014,97.413
9/4/2014,97.413
9/5/2014,97.413
9/6/2014,97.413
9/7/2014,97.413
9/8/2014,97.413
9/9/2014,97.413
9/10/2014,97.413
9/11/2014,97.413
9/12/2014,97.413
9/13/2014,97.413
9/14/2014,97.413
9/15/2014,97.413
9/16/2014,97.413
9/17/2014,97.413
9/18/2014,97.413
9/19/2014,97.413
9/20/2014,97.413
9/21/2014,97.413
9/22/2014,97.413
9/23/2014,97.413
9/24/2014,97.413
9/25/2014,97.413
9/26/2014,97.413
9/27/2014,97.413
9/28/2014,97.413
9/29/2014,97.413
9/30/2014,97.413
10/1/2014,97.384
10/2/2014,97.384
10/3/2014,97.384
10/4/2014,97.384
10/5/2014,97.384
10/6/2014,97.384
10/7/2014,97.384
10/8/2014,97.384
10/9/2014,97.384
10/10/2014,97.384
10/11/2014,97.384
10/12/2014,97.384
10/13/2014,97.384
10/14/2014,97.384
10/15/2014,97.384
10/16/2014,97.384
10/17/2014,97.384
10/18/2014,97.384
10/19/2014,97.384
10/20/2014,97.384
10/21/2014,97.384
10/22/2014,97.384
10/23/2014,97.384
10/24/2014,97.384
10/25/2014,97.384
10/26/2014,97.384
10/27/2014,97.384
10/28/2014,97.384
10/29/2014,97.384
10/30/2014,97.384
10/31/2014,97.384
11/1/2014,97.291
11/2/2014,97.291
11/3/2014,97.291
11/4/2014,97.291
11/5/2014,97.291
11/6/2014,97.291
11/7/2014,97.291
11/8/2014,97.291
11/9/2014,97.291
11/10/2014,97.291
11/11/2014,97.291
11/12/2014,97.291
11/13/2014,97.291
11/14/2014,97.291
11/15/2014,97.291
11/16/2014,97.291
11/17/2014,97.291
11/18/2014,97.291
11/19/2014,97.291
11/20/2014,97.291
11/21/2014,97.291
11/22/2014,97.291
11/23/2014,97.291
11/24/2014,97.291
11/25/2014,97.291
11/26/2014,97.291
11/27/2014,97.291
11/28/2014,97.291
11/29/2014,97.291
11/30/2014,97.291
12/1/2014,97.12
12/2/2014,97.12
12/3/2014,97.12
12/4/2014,97.12
12/5/2014,97.12
12/6/2014,97.12
12/7/2014,97.12
12/8/2014,97.12
12/9/2014,97.12
12/10/2014,97.12
12/11/2014,97.12
12/12/2014,97.12
12/13/2014,97.12
12/14/2014,97.12
12/15/2014,97.12
12/16/2014,97.12
12/17/2014,97.12
12/18/2014,97.12
12/19/2014,97.12
12/20/2014,97.12
12/21/2014,97.12
12/22/2014,97.12
12/23/2014,97.12
12/24/2014,97.12
12/25/2014,97.12
12/26/2014,97.12
12/27/2014,97.12
12/28/2014,97.12
12/29/2014,97.12
12/30/2014,97.12
12/31/2014,97.12
1/1/2015,96.654
1/2/2015,96.654
1/3/2015,96.654
1/4/2015,96.654
1/5/2015,96.654
1/6/2015,96.654
1/7/2015,96.654
1/8/2015,96.654
1/9/2015,96.654
1/10/2015,96.654
1/11/2015,96.654
1/12/2015,96.654
1/13/2015,96.654
1/14/2015,96.654
1/15/2015,96.654
1/16/2015,96.654
1/17/2015,96.654
1/18/2015,96.654
1/19/2015,96.654
1/20/2015,96.654
1/21/2015,96.654
1/22/2015,96.654
1/23/2015,96.654
1/24/2015,96.654
1/25/2015,96.654
1/26/2015,96.654
1/27/2015,96.654
1/28/2015,96.654
1/29/2015,96.654
1/30/2015,96.654
1/31/2015,96.654
2/1/2015,96.825
2/2/2015,96.825
2/3/2015,96.825
2/4/2015,96.825
2/5/2015,96.825
2/6/2015,96.825
2/7/2015,96.825
2/8/2015,96.825
2/9/2015,96.825
2/10/2015,96.825
2/11/2015,96.825
2/12/2015,96.825
2/13/2015,96.825
2/14/2015,96.825
2/15/2015,96.825
2/16/2015,96.825
2/17/2015,96.825
2/18/2015,96.825
2/19/2015,96.825
2/20/2015,96.825
2/21/2015,96.825
2/22/2015,96.825
2/23/2015,96.825
2/24/2015,96.825
2/25/2015,96.825
2/26/2015,96.825
2/27/2015,96.825
2/28/2015,96.825
3/1/2015,97.008
3/2/2015,97.008
3/3/2015,97.008
3/4/2015,97.008
3/5/2015,97.008
3/6/2015,97.008
3/7/2015,97.008
3/8/2015,97.008
3/9/2015,97.008
3/10/2015,97.008
3/11/2015,97.008
3/12/2015,97.008
3/13/2015,97.008
3/14/2015,97.008
3/15/2015,97.008
3/16/2015,97.008
3/17/2015,97.008
3/18/2015,97.008
3/19/2015,97.008
3/20/2015,97.008
3/21/2015,97.008
3/22/2015,97.008
3/23/2015,97.008
3/24/2015,97.008
3/25/2015,97.008
3/26/2015,97.008
3/27/2015,97.008
3/28/2015,97.008
3/29/2015,97.008
3/30/2015,97.008
3/31/2015,97.008
4/1/2015,97.094
4/2/2015,97.094
4/3/2015,97.094
4/4/2015,97.094
4/5/2015,97.094
4/6/2015,97.094
4/7/2015,97.094
4/8/2015,97.094
4/9/2015,97.094
4/10/2015,97.094
4/11/2015,97.094
4/12/2015,97.094
4/13/2015,97.094
4/14/2015,97.094
4/15/2015,97.094
4/16/2015,97.094
4/17/2015,97.094
4/18/2015,97.094
4/19/2015,97.094
4/20/2015,97.094
4/21/2015,97.094
4/22/2015,97.094
4/23/2015,97.094
4/24/2015,97.094
4/25/2015,97.094
4/26/2015,97.094
4/27/2015,97.094
4/28/2015,97.094
4/29/2015,97.094
4/30/2015,97.094
5/1/2015,97.327
5/2/2015,97.327
5/3/2015,97.327
5/4/2015,97.327
5/5/2015,97.327
5/6/2015,97.327
5/7/2015,97.327
5/8/2015,97.327
5/9/2015,97.327
5/10/2015,97.327
5/11/2015,97.327
5/12/2015,97.327
5/13/2015,97.327
5/14/2015,97.327
5/15/2015,97.327
5/16/2015,97.327
5/17/2015,97.327
5/18/2015,97.327
5/19/2015,97.327
5/20/2015,97.327
5/21/2015,97.327
5/22/2015,97.327
5/23/2015,97.327
5/24/2015,97.327
5/25/2015,97.327
5/26/2015,97.327
5/27/2015,97.327
5/28/2015,97.327
5/29/2015,97.327
5/30/2015,97.327
5/31/2015,97.327
6/1/2015,97.516
6/2/2015,97.516
6/3/2015,97.516
6/4/2015,97.516
6/5/2015,97.516
6/6/2015,97.516
6/7/2015,97.516
6/8/2015,97.516
6/9/2015,97.516
6/10/2015,97.516
6/11/2015,97.516
6/12/2015,97.516
6/13/2015,97.516
6/14/2015,97.516
6/15/2015,97.516
6/16/2015,97.516
6/17/2015,97.516
6/18/2015,97.516
6/19/2015,97.516
6/20/2015,97.516
6/21/2015,97.516
6/22/2015,97.516
6/23/2015,97.516
6/24/2015,97.516
6/25/2015,97.516
6/26/2015,97.516
6/27/2015,97.516
6/28/2015,97.516
6/29/2015,97.516
6/30/2015,97.516
7/1/2015,97.605
7/2/2015,97.605
7/3/2015,97.605
7/4/2015,97.605
7/5/2015,97.605
7/6/2015,97.605
7/7/2015,97.605
7/8/2015,97.605
7/9/2015,97.605
7/10/2015,97.605
7/11/2015,97.605
7/12/2015,97.605
7/13/2015,97.605
7/14/2015,97.605
7/15/2015,97.605
7/16/2015,97.605
7/17/2015,97.605
7/18/2015,97.605
7/19/2015,97.605
7/20/2015,97.605
7/21/2015,97.605
7/22/2015,97.605
7/23/2015,97.605
7/24/2015,97.605
7/25/2015,97.605
7/26/2015,97.605
7/27/2015,97.605
7/28/2015,97.605
7/29/2015,97.605
7/30/2015,97.605
7/31/2015,97.605
8/1/2015,97.612
8/2/2015,97.612
8/3/2015,97.612
8/4/2015,97.612
8/5/2015,97.612
8/6/2015,97.612
8/7/2015,97.612
8/8/2015,97.612
8/9/2015,97.612
8/10/2015,97.612
8/11/2015,97.612
8/12/2015,97.612
8/13/2015,97.612
8/14/2015,97.612
8/15/2015,97.612
8/16/2015,97.612
8/17/2015,97.612
8/18/2015,97.612
8/19/2015,97.612
8/20/2015,97.612
8/21/2015,97.612
8/22/2015,97.612
8/23/2015,97.612
8/24/2015,97.612
8/25/2015,97.612
8/26/2015,97.612
8/27/2015,97.612
8/28/2015,97.612
8/29/2015,97.612
8/30/2015,97.612
8/31/2015,97.612
9/1/2015,97.477
9/2/2015,97.477
9/3/2015,97.477
9/4/2015,97.477
9/5/2015,97.477
9/6/2015,97.477
9/7/2015,97.477
9/8/2015,97.477
9/9/2015,97.477
9/10/2015,97.477
9/11/2015,97.477
9/12/2015,97.477
9/13/2015,97.477
9/14/2015,97.477
9/15/2015,97.477
9/16/2015,97.477
9/17/2015,97.477
9/18/2015,97.477
9/19/2015,97.477
9/20/2015,97.477
9/21/2015,97.477
9/22/2015,97.477
9/23/2015,97.477
9/24/2015,97.477
9/25/2015,97.477
9/26/2015,97.477
9/27/2015,97.477
9/28/2015,97.477
9/29/2015,97.477
9/30/2015,97.477
10/1/2015,97.477
10/2/2015,97.477
10/3/2015,97.477
10/4/2015,97.477
10/5/2015,97.477
10/6/2015,97.477
10/7/2015,97.477
10/8/2015,97.477
10/9/2015,97.477
10/10/2015,97.477
10/11/2015,97.477
10/12/2015,97.477
10/13/2015,97.477
10/14/2015,97.477
10/15/2015,97.477
10/16/2015,97.477
10/17/2015,97.477
10/18/2015,97.477
10/19/2015,97.477
10/20/2015,97.477
10/21/2015,97.477
10/22/2015,97.477
10/23/2015,97.477
10/24/2015,97.477
10/25/2015,97.477
10/26/2015,97.477
10/27/2015,97.477
10/28/2015,97.477
10/29/2015,97.477
10/30/2015,97.477
10/31/2015,97.477
11/1/2015,97.538
11/2/2015,97.538
11/3/2015,97.538
11/4/2015,97.538
11/5/2015,97.538
11/6/2015,97.538
11/7/2015,97.538
11/8/2015,97.538
11/9/2015,97.538
11/10/2015,97.538
11/11/2015,97.538
11/12/2015,97.538
11/13/2015,97.538
11/14/2015,97.538
11/15/2015,97.538
11/16/2015,97.538
11/17/2015,97.538
11/18/2015,97.538
11/19/2015,97.538
11/20/2015,97.538
11/21/2015,97.538
11/22/2015,97.538
11/23/2015,97.538
11/24/2015,97.538
11/25/2015,97.538
11/26/2015,97.538
11/27/2015,97.538
11/28/2015,97.538
11/29/2015,97.538
11/30/2015,97.538
12/1/2015,97.456
12/2/2015,97.456
12/3/2015,97.456
12/4/2015,97.456
12/5/2015,97.456
12/6/2015,97.456
12/7/2015,97.456
12/8/2015,97.456
12/9/2015,97.456
12/10/2015,97.456
12/11/2015,97.456
12/12/2015,97.456
12/13/2015,97.456
12/14/2015,97.456
12/15/2015,97.456
12/16/2015,97.456
12/17/2015,97.456
12/18/2015,97.456
12/19/2015,97.456
12/20/2015,97.456
12/21/2015,97.456
12/22/2015,97.456
12/23/2015,97.456
12/24/2015,97.456
12/25/2015,97.456
12/26/2015,97.456
12/27/2015,97.456
12/28/2015,97.456
12/29/2015,97.456
12/30/2015,97.456
12/31/2015,97.456
1/1/2016,97.496
1/2/2016,97.496
1/3/2016,97.496
1/4/2016,97.496
1/5/2016,97.496
1/6/2016,97.496
1/7/2016,97.496
1/8/2016,97.496
1/9/2016,97.496
1/10/2016,97.496
1/11/2016,97.496
1/12/2016,97.496
1/13/2016,97.496
1/14/2016,97.496
1/15/2016,97.496
1/16/2016,97.496
1/17/2016,97.496
1/18/2016,97.496
1/19/2016,97.496
1/20/2016,97.496
1/21/2016,97.496
1/22/2016,97.496
1/23/2016,97.496
1/24/2016,97.496
1/25/2016,97.496
1/26/2016,97.496
1/27/2016,97.496
1/28/2016,97.496
1/29/2016,97.496
1/30/2016,97.496
1/31/2016,97.496
2/1/2016,97.445
2/2/2016,97.445
2/3/2016,97.445
2/4/2016,97.445
2/5/2016,97.445
2/6/2016,97.445
2/7/2016,97.445
2/8/2016,97.445
2/9/2016,97.445
2/10/2016,97.445
2/11/2016,97.445
2/12/2016,97.445
2/13/2016,97.445
2/14/2016,97.445
2/15/2016,97.445
2/16/2016,97.445
2/17/2016,97.445
2/18/2016,97.445
2/19/2016,97.445
2/20/2016,97.445
2/21/2016,97.445
2/22/2016,97.445
2/23/2016,97.445
2/24/2016,97.445
2/25/2016,97.445
2/26/2016,97.445
2/27/2016,97.445
2/28/2016,97.445
2/29/2016,97.445
3/1/2016,97.673
3/2/2016,97.673
3/3/2016,97.673
3/4/2016,97.673
3/5/2016,97.673
3/6/2016,97.673
3/7/2016,97.673
3/8/2016,97.673
3/9/2016,97.673
3/10/2016,97.673
3/11/2016,97.673
3/12/2016,97.673
3/13/2016,97.673
3/14/2016,97.673
3/15/2016,97.673
3/16/2016,97.673
3/17/2016,97.673
3/18/2016,97.673
3/19/2016,97.673
3/20/2016,97.673
3/21/2016,97.673
3/22/2016,97.673
3/23/2016,97.673
3/24/2016,97.673
3/25/2016,97.673
3/26/2016,97.673
3/27/2016,97.673
3/28/2016,97.673
3/29/2016,97.673
3/30/2016,97.673
3/31/2016,97.673
4/1/2016,97.993
4/2/2016,97.993
4/3/2016,97.993
4/4/2016,97.993
4/5/2016,97.993
4/6/2016,97.993
4/7/2016,97.993
4/8/2016,97.993
4/9/2016,97.993
4/10/2016,97.993
4/11/2016,97.993
4/12/2016,97.993
4/13/2016,97.993
4/14/2016,97.993
4/15/2016,97.993
4/16/2016,97.993
4/17/2016,97.993
4/18/2016,97.993
4/19/2016,97.993
4/20/2016,97.993
4/21/2016,97.993
4/22/2016,97.993
4/23/2016,97.993
4/24/2016,97.993
4/25/2016,97.993
4/26/2016,97.993
4/27/2016,97.993
4/28/2016,97.993
4/29/2016,97.993
4/30/2016,97.993
5/1/2016,98.153
5/2/2016,98.153
5/3/2016,98.153
5/4/2016,98.153
5/5/2016,98.153
5/6/2016,98.153
5/7/2016,98.153
5/8/2016,98.153
5/9/2016,98.153
5/10/2016,98.153
5/11/2016,98.153
5/12/2016,98.153
5/13/2016,98.153
5/14/2016,98.153
5/15/2016,98.153
5/16/2016,98.153
5/17/2016,98.153
5/18/2016,98.153
5/19/2016,98.153
5/20/2016,98.153
5/21/2016,98.153
5/22/2016,98.153
5/23/2016,98.153
5/24/2016,98.153
5/25/2016,98.153
5/26/2016,98.153
5/27/2016,98.153
5/28/2016,98.153
5/29/2016,98.153
5/30/2016,98.153
5/31/2016,98.153
6/1/2016,98.325
6/2/2016,98.325
6/3/2016,98.325
6/4/2016,98.325
6/5/2016,98.325
6/6/2016,98.325
6/7/2016,98.325
6/8/2016,98.325
6/9/2016,98.325
6/10/2016,98.325
6/11/2016,98.325
6/12/2016,98.325
6/13/2016,98.325
6/14/2016,98.325
6/15/2016,98.325
6/16/2016,98.325
6/17/2016,98.325
6/18/2016,98.325
6/19/2016,98.325
6/20/2016,98.325
6/21/2016,98.325
6/22/2016,98.325
6/23/2016,98.325
6/24/2016,98.325
6/25/2016,98.325
6/26/2016,98.325
6/27/2016,98.325
6/28/2016,98.325
6/29/2016,98.325
6/30/2016,98.325
7/1/2016,98.342
7/2/2016,98.342
7/3/2016,98.342
7/4/2016,98.342
7/5/2016,98.342
7/6/2016,98.342
7/7/2016,98.342
7/8/2016,98.342
7/9/2016,98.342
7/10/2016,98.342
7/11/2016,98.342
7/12/2016,98.342
7/13/2016,98.342
7/14/2016,98.342
7/15/2016,98.342
7/16/2016,98.342
7/17/2016,98.342
7/18/2016,98.342
7/19/2016,98.342
7/20/2016,98.342
7/21/2016,98.342
7/22/2016,98.342
7/23/2016,98.342
7/24/2016,98.342
7/25/2016,98.342
7/26/2016,98.342
7/27/2016,98.342
7/28/2016,98.342
7/29/2016,98.342
7/30/2016,98.342
7/31/2016,98.342
8/1/2016,98.479
8/2/2016,98.479
8/3/2016,98.479
8/4/2016,98.479
8/5/2016,98.479
8/6/2016,98.479
8/7/2016,98.479
8/8/2016,98.479
8/9/2016,98.479
8/10/2016,98.479
8/11/2016,98.479
8/12/2016,98.479
8/13/2016,98.479
8/14/2016,98.479
8/15/2016,98.479
8/16/2016,98.479
8/17/2016,98.479
8/18/2016,98.479
8/19/2016,98.479
8/20/2016,98.479
8/21/2016,98.479
8/22/2016,98.479
8/23/2016,98.479
8/24/2016,98.479
8/25/2016,98.479
8/26/2016,98.479
8/27/2016,98.479
8/28/2016,98.479
8/29/2016,98.479
8/30/2016,98.479
8/31/2016,98.479
9/1/2016,98.666
9/2/2016,98.666
9/3/2016,98.666
9/4/2016,98.666
9/5/2016,98.666
9/6/2016,98.666
9/7/2016,98.666
9/8/2016,98.666
9/9/2016,98.666
9/10/2016,98.666
9/11/2016,98.666
9/12/2016,98.666
9/13/2016,98.666
9/14/2016,98.666
9/15/2016,98.666
9/16/2016,98.666
9/17/2016,98.666
9/18/2016,98.666
9/19/2016,98.666
9/20/2016,98.666
9/21/2016,98.666
9/22/2016,98.666
9/23/2016,98.666
9/24/2016,98.666
9/25/2016,98.666
9/26/2016,98.666
9/27/2016,98.666
9/28/2016,98.666
9/29/2016,98.666
9/30/2016,98.666
10/1/2016,98.868
10/2/2016,98.868
10/3/2016,98.868
10/4/2016,98.868
10/5/2016,98.868
10/6/2016,98.868
10/7/2016,98.868
10/8/2016,98.868
10/9/2016,98.868
10/10/2016,98.868
10/11/2016,98.868
10/12/2016,98.868
10/13/2016,98.868
10/14/2016,98.868
10/15/2016,98.868
10/16/2016,98.868
10/17/2016,98.868
10/18/2016,98.868
10/19/2016,98.868
10/20/2016,98.868
10/21/2016,98.868
10/22/2016,98.868
10/23/2016,98.868
10/24/2016,98.868
10/25/2016,98.868
10/26/2016,98.868
10/27/2016,98.868
10/28/2016,98.868
10/29/2016,98.868
10/30/2016,98.868
10/31/2016,98.868
11/1/2016,98.901
11/2/2016,98.901
11/3/2016,98.901
11/4/2016,98.901
11/5/2016,98.901
11/6/2016,98.901
11/7/2016,98.901
11/8/2016,98.901
11/9/2016,98.901
11/10/2016,98.901
11/11/2016,98.901
11/12/2016,98.901
11/13/2016,98.901
11/14/2016,98.901
11/15/2016,98.901
11/16/2016,98.901
11/17/2016,98.901
11/18/2016,98.901
11/19/2016,98.901
11/20/2016,98.901
11/21/2016,98.901
11/22/2016,98.901
11/23/2016,98.901
11/24/2016,98.901
11/25/2016,98.901
11/26/2016,98.901
11/27/2016,98.901
11/28/2016,98.901
11/29/2016,98.901
11/30/2016,98.901
12/1/2016,99.071
12/2/2016,99.071
12/3/2016,99.071
12/4/2016,99.071
12/5/2016,99.071
12/6/2016,99.071
12/7/2016,99.071
12/8/2016,99.071
12/9/2016,99.071
12/10/2016,99.071
12/11/2016,99.071
12/12/2016,99.071
12/13/2016,99.071
12/14/2016,99.071
12/15/2016,99.071
12/16/2016,99.071
12/17/2016,99.071
12/18/2016,99.071
12/19/2016,99.071
12/20/2016,99.071
12/21/2016,99.071
12/22/2016,99.071
12/23/2016,99.071
12/24/2016,99.071
12/25/2016,99.071
12/26/2016,99.071
12/27/2016,99.071
12/28/2016,99.071
12/29/2016,99.071
12/30/2016,99.071
12/31/2016,99.071
1/1/2017,99.451
1/2/2017,99.451
1/3/2017,99.451
1/4/2017,99.451
1/5/2017,99.451
1/6/2017,99.451
1/7/2017,99.451
1/8/2017,99.451
1/9/2017,99.451
1/10/2017,99.451
1/11/2017,99.451
1/12/2017,99.451
1/13/2017,99.451
1/14/2017,99.451
1/15/2017,99.451
1/16/2017,99.451
1/17/2017,99.451
1/18/2017,99.451
1/19/2017,99.451
1/20/2017,99.451
1/21/2017,99.451
1/22/2017,99.451
1/23/2017,99.451
1/24/2017,99.451
1/25/2017,99.451
1/26/2017,99.451
1/27/2017,99.451
1/28/2017,99.451
1/29/2017,99.451
1/30/2017,99.451
1/31/2017,99.451
2/1/2017,99.586
2/2/2017,99.586
2/3/2017,99.586
2/4/2017,99.586
2/5/2017,99.586
2/6/2017,99.586
2/7/2017,99.586
2/8/2017,99.586
2/9/2017,99.586
2/10/2017,99.586
2/11/2017,99.586
2/12/2017,99.586
2/13/2017,99.586
2/14/2017,99.586
2/15/2017,99.586
2/16/2017,99.586
2/17/2017,99.586
2/18/2017,99.586
2/19/2017,99.586
2/20/2017,99.586
2/21/2017,99.586
2/22/2017,99.586
2/23/2017,99.586
2/24/2017,99.586
2/25/2017,99.586
2/26/2017,99.586
2/27/2017,99.586
2/28/2017,99.586
3/1/2017,99.535
3/2/2017,99.535
3/3/2017,99.535
3/4/2017,99.535
3/5/2017,99.535
3/6/2017,99.535
3/7/2017,99.535
3/8/2017,99.535
3/9/2017,99.535
3/10/2017,99.535
3/11/2017,99.535
3/12/2017,99.535
3/13/2017,99.535
3/14/2017,99.535
3/15/2017,99.535
3/16/2017,99.535
3/17/2017,99.535
3/18/2017,99.535
3/19/2017,99.535
3/20/2017,99.535
3/21/2017,99.535
3/22/2017,99.535
3/23/2017,99.535
3/24/2017,99.535
3/25/2017,99.535
3/26/2017,99.535
3/27/2017,99.535
3/28/2017,99.535
3/29/2017,99.535
3/30/2017,99.535
3/31/2017,99.535
4/1/2017,99.725
4/2/2017,99.725
4/3/2017,99.725
4/4/2017,99.725
4/5/2017,99.725
4/6/2017,99.725
4/7/2017,99.725
4/8/2017,99.725
4/9/2017,99.725
4/10/2017,99.725
4/11/2017,99.725
4/12/2017,99.725
4/13/2017,99.725
4/14/2017,99.725
4/15/2017,99.725
4/16/2017,99.725
4/17/2017,99.725
4/18/2017,99.725
4/19/2017,99.725
4/20/2017,99.725
4/21/2017,99.725
4/22/2017,99.725
4/23/2017,99.725
4/24/2017,99.725
4/25/2017,99.725
4/26/2017,99.725
4/27/2017,99.725
4/28/2017,99.725
4/29/2017,99.725
4/30/2017,99.725
5/1/2017,99.682
5/2/2017,99.682
5/3/2017,99.682
5/4/2017,99.682
5/5/2017,99.682
5/6/2017,99.682
5/7/2017,99.682
5/8/2017,99.682
5/9/2017,99.682
5/10/2017,99.682
5/11/2017,99.682
5/12/2017,99.682
5/13/2017,99.682
5/14/2017,99.682
5/15/2017,99.682
5/16/2017,99.682
5/17/2017,99.682
5/18/2017,99.682
5/19/2017,99.682
5/20/2017,99.682
5/21/2017,99.682
5/22/2017,99.682
5/23/2017,99.682
5/24/2017,99.682
5/25/2017,99.682
5/26/2017,99.682
5/27/2017,99.682
5/28/2017,99.682
5/29/2017,99.682
5/30/2017,99.682
5/31/2017,99.682
6/1/2017,99.766
6/2/2017,99.766
6/3/2017,99.766
6/4/2017,99.766
6/5/2017,99.766
6/6/2017,99.766
6/7/2017,99.766
6/8/2017,99.766
6/9/2017,99.766
6/10/2017,99.766
6/11/2017,99.766
6/12/2017,99.766
6/13/2017,99.766
6/14/2017,99.766
6/15/2017,99.766
6/16/2017,99.766
6/17/2017,99.766
6/18/2017,99.766
6/19/2017,99.766
6/20/2017,99.766
6/21/2017,99.766
6/22/2017,99.766
6/23/2017,99.766
6/24/2017,99.766
6/25/2017,99.766
6/26/2017,99.766
6/27/2017,99.766
6/28/2017,99.766
6/29/2017,99.766
6/30/2017,99.766
7/1/2017,99.803
7/2/2017,99.803
7/3/2017,99.803
7/4/2017,99.803
7/5/2017,99.803
7/6/2017,99.803
7/7/2017,99.803
7/8/2017,99.803
7/9/2017,99.803
7/10/2017,99.803
7/11/2017,99.803
7/12/2017,99.803
7/13/2017,99.803
7/14/2017,99.803
7/15/2017,99.803
7/16/2017,99.803
7/17/2017,99.803
7/18/2017,99.803
7/19/2017,99.803
7/20/2017,99.803
7/21/2017,99.803
7/22/2017,99.803
7/23/2017,99.803
7/24/2017,99.803
7/25/2017,99.803
7/26/2017,99.803
7/27/2017,99.803
7/28/2017,99.803
7/29/2017,99.803
7/30/2017,99.803
7/31/2017,99.803
8/1/2017,100.027
8/2/2017,100.027
8/3/2017,100.027
8/4/2017,100.027
8/5/2017,100.027
8/6/2017,100.027
8/7/2017,100.027
8/8/2017,100.027
8/9/2017,100.027
8/10/2017,100.027
8/11/2017,100.027
8/12/2017,100.027
8/13/2017,100.027
8/14/2017,100.027
8/15/2017,100.027
8/16/2017,100.027
8/17/2017,100.027
8/18/2017,100.027
8/19/2017,100.027
8/20/2017,100.027
8/21/2017,100.027
8/22/2017,100.027
8/23/2017,100.027
8/24/2017,100.027
8/25/2017,100.027
8/26/2017,100.027
8/27/2017,100.027
8/28/2017,100.027
8/29/2017,100.027
8/30/2017,100.027
8/31/2017,100.027
9/1/2017,100.4
9/2/2017,100.4
9/3/2017,100.4
9/4/2017,100.4
9/5/2017,100.4
9/6/2017,100.4
9/7/2017,100.4
9/8/2017,100.4
9/9/2017,100.4
9/10/2017,100.4
9/11/2017,100.4
9/12/2017,100.4
9/13/2017,100.4
9/14/2017,100.4
9/15/2017,100.4
9/16/2017,100.4
9/17/2017,100.4
9/18/2017,100.4
9/19/2017,100.4
9/20/2017,100.4
9/21/2017,100.4
9/22/2017,100.4
9/23/2017,100.4
9/24/2017,100.4
9/25/2017,100.4
9/26/2017,100.4
9/27/2017,100.4
9/28/2017,100.4
9/29/2017,100.4
9/30/2017,100.4
10/1/2017,100.531
10/2/2017,100.531
10/3/2017,100.531
10/4/2017,100.531
10/5/2017,100.531
10/6/2017,100.531
10/7/2017,100.531
10/8/2017,100.531
10/9/2017,100.531
10/10/2017,100.531
10/11/2017,100.531
10/12/2017,100.531
10/13/2017,100.531
10/14/2017,100.531
10/15/2017,100.531
10/16/2017,100.531
10/17/2017,100.531
10/18/2017,100.531
10/19/2017,100.531
10/20/2017,100.531
10/21/2017,100.531
10/22/2017,100.531
10/23/2017,100.531
10/24/2017,100.531
10/25/2017,100.531
10/26/2017,100.531
10/27/2017,100.531
10/28/2017,100.531
10/29/2017,100.531
10/30/2017,100.531
10/31/2017,100.531
11/1/2017,100.675
11/2/2017,100.675
11/3/2017,100.675
11/4/2017,100.675
11/5/2017,100.675
11/6/2017,100.675
11/7/2017,100.675
11/8/2017,100.675
11/9/2017,100.675
11/10/2017,100.675
11/11/2017,100.675
11/12/2017,100.675
11/13/2017,100.675
11/14/2017,100.675
11/15/2017,100.675
11/16/2017,100.675
11/17/2017,100.675
11/18/2017,100.675
11/19/2017,100.675
11/20/2017,100.675
11/21/2017,100.675
11/22/2017,100.675
11/23/2017,100.675
11/24/2017,100.675
11/25/2017,100.675
11/26/2017,100.675
11/27/2017,100.675
11/28/2017,100.675
11/29/2017,100.675
11/30/2017,100.675
12/1/2017,100.821
12/2/2017,100.821
12/3/2017,100.821
12/4/2017,100.821
12/5/2017,100.821
12/6/2017,100.821
12/7/2017,100.821
12/8/2017,100.821
12/9/2017,100.821
12/10/2017,100.821
12/11/2017,100.821
12/12/2017,100.821
12/13/2017,100.821
12/14/2017,100.821
12/15/2017,100.821
12/16/2017,100.821
12/17/2017,100.821
12/18/2017,100.821
12/19/2017,100.821
12/20/2017,100.821
12/21/2017,100.821
12/22/2017,100.821
12/23/2017,100.821
12/24/2017,100.821
12/25/2017,100.821
12/26/2017,100.821
12/27/2017,100.821
12/28/2017,100.821
12/29/2017,100.821
12/30/2017,100.821
12/31/2017,100.821
1/1/2018,101.199
1/2/2018,101.199
1/3/2018,101.199
1/4/2018,101.199
1/5/2018,101.199
1/6/2018,101.199
1/7/2018,101.199
1/8/2018,101.199
1/9/2018,101.199
1/10/2018,101.199
1/11/2018,101.199
1/12/2018,101.199
1/13/2018,101.199
1/14/2018,101.199
1/15/2018,101.199
1/16/2018,101.199
1/17/2018,101.199
1/18/2018,101.199
1/19/2018,101.199
1/20/2018,101.199
1/21/2018,101.199
1/22/2018,101.199
1/23/2018,101.199
1/24/2018,101.199
1/25/2018,101.199
1/26/2018,101.199
1/27/2018,101.199
1/28/2018,101.199
1/29/2018,101.199
1/30/2018,101.199
1/31/2018,101.199
2/1/2018,101.416
2/2/2018,101.416
2/3/2018,101.416
2/4/2018,101.416
2/5/2018,101.416
2/6/2018,101.416
2/7/2018,101.416
2/8/2018,101.416
2/9/2018,101.416
2/10/2018,101.416
2/11/2018,101.416
2/12/2018,101.416
2/13/2018,101.416
2/14/2018,101.416
2/15/2018,101.416
2/16/2018,101.416
2/17/2018,101.416
2/18/2018,101.416
2/19/2018,101.416
2/20/2018,101.416
2/21/2018,101.416
2/22/2018,101.416
2/23/2018,101.416
2/24/2018,101.416
2/25/2018,101.416
2/26/2018,101.416
2/27/2018,101.416
2/28/2018,101.416
3/1/2018,101.524
3/2/2018,101.524
3/3/2018,101.524
3/4/2018,101.524
3/5/2018,101.524
3/6/2018,101.524
3/7/2018,101.524
3/8/2018,101.524
3/9/2018,101.524
3/10/2018,101.524
3/11/2018,101.524
3/12/2018,101.524
3/13/2018,101.524
3/14/2018,101.524
3/15/2018,101.524
3/16/2018,101.524
3/17/2018,101.524
3/18/2018,101.524
3/19/2018,101.524
3/20/2018,101.524
3/21/2018,101.524
3/22/2018,101.524
3/23/2018,101.524
3/24/2018,101.524
3/25/2018,101.524
3/26/2018,101.524
3/27/2018,101.524
3/28/2018,101.524
3/29/2018,101.524
3/30/2018,101.524
3/31/2018,101.524
4/1/2018,101.766
4/2/2018,101.766
4/3/2018,101.766
4/4/2018,101.766
4/5/2018,101.766
4/6/2018,101.766
4/7/2018,101.766
4/8/2018,101.766
4/9/2018,101.766
4/10/2018,101.766
4/11/2018,101.766
4/12/2018,101.766
4/13/2018,101.766
4/14/2018,101.766
4/15/2018,101.766
4/16/2018,101.766
4/17/2018,101.766
4/18/2018,101.766
4/19/2018,101.766
4/20/2018,101.766
4/21/2018,101.766
4/22/2018,101.766
4/23/2018,101.766
4/24/2018,101.766
4/25/2018,101.766
4/26/2018,101.766
4/27/2018,101.766
4/28/2018,101.766
4/29/2018,101.766
4/30/2018,101.766
5/1/2018,101.941
5/2/2018,101.941
5/3/2018,101.941
5/4/2018,101.941
5/5/2018,101.941
5/6/2018,101.941
5/7/2018,101.941
5/8/2018,101.941
5/9/2018,101.941
5/10/2018,101.941
5/11/2018,101.941
5/12/2018,101.941
5/13/2018,101.941
5/14/2018,101.941
5/15/2018,101.941
5/16/2018,101.941
5/17/2018,101.941
5/18/2018,101.941
5/19/2018,101.941
5/20/2018,101.941
5/21/2018,101.941
5/22/2018,101.941
5/23/2018,101.941
5/24/2018,101.941
5/25/2018,101.941
5/26/2018,101.941
5/27/2018,101.941
5/28/2018,101.941
5/29/2018,101.941
5/30/2018,101.941
5/31/2018,101.941
6/1/2018,102.029
6/2/2018,102.029
6/3/2018,102.029
6/4/2018,102.029
6/5/2018,102.029
6/6/2018,102.029
6/7/2018,102.029
6/8/2018,102.029
6/9/2018,102.029
6/10/2018,102.029
6/11/2018,102.029
6/12/2018,102.029
6/13/2018,102.029
6/14/2018,102.029
6/15/2018,102.029
6/16/2018,102.029
6/17/2018,102.029
6/18/2018,102.029
6/19/2018,102.029
6/20/2018,102.029
6/21/2018,102.029
6/22/2018,102.029
6/23/2018,102.029
6/24/2018,102.029
6/25/2018,102.029
6/26/2018,102.029
6/27/2018,102.029
6/28/2018,102.029
6/29/2018,102.029
6/30/2018,102.029
7/1/2018,102.137
7/2/2018,102.137
7/3/2018,102.137
7/4/2018,102.137
7/5/2018,102.137
7/6/2018,102.137
7/7/2018,102.137
7/8/2018,102.137
7/9/2018,102.137
7/10/2018,102.137
7/11/2018,102.137
7/12/2018,102.137
7/13/2018,102.137
7/14/2018,102.137
7/15/2018,102.137
7/16/2018,102.137
7/17/2018,102.137
7/18/2018,102.137
7/19/2018,102.137
7/20/2018,102.137
7/21/2018,102.137
7/22/2018,102.137
7/23/2018,102.137
7/24/2018,102.137
7/25/2018,102.137
7/26/2018,102.137
7/27/2018,102.137
7/28/2018,102.137
7/29/2018,102.137
7/30/2018,102.137
7/31/2018,102.137
8/1/2018,102.208
8/2/2018,102.208
8/3/2018,102.208
8/4/2018,102.208
8/5/2018,102.208
8/6/2018,102.208
8/7/2018,102.208
8/8/2018,102.208
8/9/2018,102.208
8/10/2018,102.208
8/11/2018,102.208
8/12/2018,102.208
8/13/2018,102.208
8/14/2018,102.208
8/15/2018,102.208
8/16/2018,102.208
8/17/2018,102.208
8/18/2018,102.208
8/19/2018,102.208
8/20/2018,102.208
8/21/2018,102.208
8/22/2018,102.208
8/23/2018,102.208
8/24/2018,102.208
8/25/2018,102.208
8/26/2018,102.208
8/27/2018,102.208
8/28/2018,102.208
8/29/2018,102.208
8/30/2018,102.208
8/31/2018,102.208
9/1/2018,102.418
9/2/2018,102.418
9/3/2018,102.418
9/4/2018,102.418
9/5/2018,102.418
9/6/2018,102.418
9/7/2018,102.418
9/8/2018,102.418
9/9/2018,102.418
9/10/2018,102.418
9/11/2018,102.418
9/12/2018,102.418
9/13/2018,102.418
9/14/2018,102.418
9/15/2018,102.418
9/16/2018,102.418
9/17/2018,102.418
9/18/2018,102.418
9/19/2018,102.418
9/20/2018,102.418
9/21/2018,102.418
9/22/2018,102.418
9/23/2018,102.418
9/24/2018,102.418
9/25/2018,102.418
9/26/2018,102.418
9/27/2018,102.418
9/28/2018,102.418
9/29/2018,102.418
9/30/2018,102.418
10/1/2018,102.595
10/2/2018,102.595
10/3/2018,102.595
10/4/2018,102.595
10/5/2018,102.595
10/6/2018,102.595
10/7/2018,102.595
10/8/2018,102.595
10/9/2018,102.595
10/10/2018,102.595
10/11/2018,102.595
10/12/2018,102.595
10/13/2018,102.595
10/14/2018,102.595
10/15/2018,102.595
10/16/2018,102.595
10/17/2018,102.595
10/18/2018,102.595
10/19/2018,102.595
10/20/2018,102.595
10/21/2018,102.595
10/22/2018,102.595
10/23/2018,102.595
10/24/2018,102.595
10/25/2018,102.595
10/26/2018,102.595
10/27/2018,102.595
10/28/2018,102.595
10/29/2018,102.595
10/30/2018,102.595
10/31/2018,102.595
11/1/2018,102.63
11/2/2018,102.63
11/3/2018,102.63
11/4/2018,102.63
11/5/2018,102.63
11/6/2018,102.63
11/7/2018,102.63
11/8/2018,102.63
11/9/2018,102.63
11/10/2018,102.63
11/11/2018,102.63
11/12/2018,102.63
11/13/2018,102.63
11/14/2018,102.63
11/15/2018,102.63
11/16/2018,102.63
11/17/2018,102.63
11/18/2018,102.63
11/19/2018,102.63
11/20/2018,102.63
11/21/2018,102.63
11/22/2018,102.63
11/23/2018,102.63
11/24/2018,102.63
11/25/2018,102.63
11/26/2018,102.63
11/27/2018,102.63
11/28/2018,102.63
11/29/2018,102.63
11/30/2018,102.63
12/1/2018,102.701
12/2/2018,102.701
12/3/2018,102.701
12/4/2018,102.701
12/5/2018,102.701
12/6/2018,102.701
12/7/2018,102.701
12/8/2018,102.701
12/9/2018,102.701
12/10/2018,102.701
12/11/2018,102.701
12/12/2018,102.701
12/13/2018,102.701
12/14/2018,102.701
12/15/2018,102.701
12/16/2018,102.701
12/17/2018,102.701
12/18/2018,102.701
12/19/2018,102.701
12/20/2018,102.701
12/21/2018,102.701
12/22/2018,102.701
12/23/2018,102.701
12/24/2018,102.701
12/25/2018,102.701
12/26/2018,102.701
12/27/2018,102.701
12/28/2018,102.701
12/29/2018,102.701
12/30/2018,102.701
12/31/2018,102.701
1/1/2019,102.648
1/2/2019,102.648
1/3/2019,102.648
1/4/2019,102.648
1/5/2019,102.648
1/6/2019,102.648
1/7/2019,102.648
1/8/2019,102.648
1/9/2019,102.648
1/10/2019,102.648
1/11/2019,102.648
1/12/2019,102.648
1/13/2019,102.648
1/14/2019,102.648
1/15/2019,102.648
1/16/2019,102.648
1/17/2019,102.648
1/18/2019,102.648
1/19/2019,102.648
1/20/2019,102.648
1/21/2019,102.648
1/22/2019,102.648
1/23/2019,102.648
1/24/2019,102.648
1/25/2019,102.648
1/26/2019,102.648
1/27/2019,102.648
1/28/2019,102.648
1/29/2019,102.648
1/30/2019,102.648
1/31/2019,102.648
2/1/2019,102.836
2/2/2019,102.836
2/3/2019,102.836
2/4/2019,102.836
2/5/2019,102.836
2/6/2019,102.836
2/7/2019,102.836
2/8/2019,102.836
2/9/2019,102.836
2/10/2019,102.836
2/11/2019,102.836
2/12/2019,102.836
2/13/2019,102.836
2/14/2019,102.836
2/15/2019,102.836
2/16/2019,102.836
2/17/2019,102.836
2/18/2019,102.836
2/19/2019,102.836
2/20/2019,102.836
2/21/2019,102.836
2/22/2019,102.836
2/23/2019,102.836
2/24/2019,102.836
2/25/2019,102.836
2/26/2019,102.836
2/27/2019,102.836
2/28/2019,102.836
3/1/2019,103.069
3/2/2019,103.069
3/3/2019,103.069
3/4/2019,103.069
3/5/2019,103.069
3/6/2019,103.069
3/7/2019,103.069
3/8/2019,103.069
3/9/2019,103.069
3/10/2019,103.069
3/11/2019,103.069
3/12/2019,103.069
3/13/2019,103.069
3/14/2019,103.069
3/15/2019,103.069
3/16/2019,103.069
3/17/2019,103.069
3/18/2019,103.069
3/19/2019,103.069
3/20/2019,103.069
3/21/2019,103.069
3/22/2019,103.069
3/23/2019,103.069
3/24/2019,103.069
3/25/2019,103.069
3/26/2019,103.069
3/27/2019,103.069
3/28/2019,103.069
3/29/2019,103.069
3/30/2019,103.069
3/31/2019,103.069
4/1/2019,103.36
4/2/2019,103.36
4/3/2019,103.36
4/4/2019,103.36
4/5/2019,103.36
4/6/2019,103.36
4/7/2019,103.36
4/8/2019,103.36
4/9/2019,103.36
4/10/2019,103.36
4/11/2019,103.36
4/12/2019,103.36
4/13/2019,103.36
4/14/2019,103.36
4/15/2019,103.36
4/16/2019,103.36
4/17/2019,103.36
4/18/2019,103.36
4/19/2019,103.36
4/20/2019,103.36
4/21/2019,103.36
4/22/2019,103.36
4/23/2019,103.36
4/24/2019,103.36
4/25/2019,103.36
4/26/2019,103.36
4/27/2019,103.36
4/28/2019,103.36
4/29/2019,103.36
4/30/2019,103.36
5/1/2019,103.435
5/2/2019,103.435
5/3/2019,103.435
5/4/2019,103.435
5/5/2019,103.435
5/6/2019,103.435
5/7/2019,103.435
5/8/2019,103.435
5/9/2019,103.435
5/10/2019,103.435
5/11/2019,103.435
5/12/2019,103.435
5/13/2019,103.435
5/14/2019,103.435
5/15/2019,103.435
5/16/2019,103.435
5/17/2019,103.435
5/18/2019,103.435
5/19/2019,103.435
5/20/2019,103.435
5/21/2019,103.435
5/22/2019,103.435
5/23/2019,103.435
5/24/2019,103.435
5/25/2019,103.435
5/26/2019,103.435
5/27/2019,103.435
5/28/2019,103.435
5/29/2019,103.435
5/30/2019,103.435
5/31/2019,103.435
6/1/2019,103.484
6/2/2019,103.484
6/3/2019,103.484
6/4/2019,103.484
6/5/2019,103.484
6/6/2019,103.484
6/7/2019,103.484
6/8/2019,103.484
6/9/2019,103.484
6/10/2019,103.484
6/11/2019,103.484
6/12/2019,103.484
6/13/2019,103.484
6/14/2019,103.484
6/15/2019,103.484
6/16/2019,103.484
6/17/2019,103.484
6/18/2019,103.484
6/19/2019,103.484
6/20/2019,103.484
6/21/2019,103.484
6/22/2019,103.484
6/23/2019,103.484
6/24/2019,103.484
6/25/2019,103.484
6/26/2019,103.484
6/27/2019,103.484
6/28/2019,103.484
6/29/2019,103.484
6/30/2019,103.484
7/1/2019,103.622
7/2/2019,103.622
7/3/2019,103.622
7/4/2019,103.622
7/5/2019,103.622
7/6/2019,103.622
7/7/2019,103.622
7/8/2019,103.622
7/9/2019,103.622
7/10/2019,103.622
7/11/2019,103.622
7/12/2019,103.622
7/13/2019,103.622
7/14/2019,103.622
7/15/2019,103.622
7/16/2019,103.622
7/17/2019,103.622
7/18/2019,103.622
7/19/2019,103.622
7/20/2019,103.622
7/21/2019,103.622
7/22/2019,103.622
7/23/2019,103.622
7/24/2019,103.622
7/25/2019,103.622
7/26/2019,103.622
7/27/2019,103.622
7/28/2019,103.622
7/29/2019,103.622
7/30/2019,103.622
7/31/2019,103.622
8/1/2019,103.67
8/2/2019,103.67
8/3/2019,103.67
8/4/2019,103.67
8/5/2019,103.67
8/6/2019,103.67
8/7/2019,103.67
8/8/2019,103.67
8/9/2019,103.67
8/10/2019,103.67
8/11/2019,103.67
8/12/2019,103.67
8/13/2019,103.67
8/14/2019,103.67
8/15/2019,103.67
8/16/2019,103.67
8/17/2019,103.67
8/18/2019,103.67
8/19/2019,103.67
8/20/2019,103.67
8/21/2019,103.67
8/22/2019,103.67
8/23/2019,103.67
8/24/2019,103.67
8/25/2019,103.67
8/26/2019,103.67
8/27/2019,103.67
8/28/2019,103.67
8/29/2019,103.67
8/30/2019,103.67
8/31/2019,103.67
9/1/2019,103.733
9/2/2019,103.733
9/3/2019,103.733
9/4/2019,103.733
9/5/2019,103.733
9/6/2019,103.733
9/7/2019,103.733
9/8/2019,103.733
9/9/2019,103.733
9/10/2019,103.733
9/11/2019,103.733
9/12/2019,103.733
9/13/2019,103.733
9/14/2019,103.733
9/15/2019,103.733
9/16/2019,103.733
9/17/2019,103.733
9/18/2019,103.733
9/19/2019,103.733
9/20/2019,103.733
9/21/2019,103.733
9/22/2019,103.733
9/23/2019,103.733
9/24/2019,103.733
9/25/2019,103.733
9/26/2019,103.733
9/27/2019,103.733
9/28/2019,103.733
9/29/2019,103.733
9/30/2019,103.733
10/1/2019,103.917
10/2/2019,103.917
10/3/2019,103.917
10/4/2019,103.917
10/5/2019,103.917
10/6/2019,103.917
10/7/2019,103.917
10/8/2019,103.917
10/9/2019,103.917
10/10/2019,103.917
10/11/2019,103.917
10/12/2019,103.917
10/13/2019,103.917
10/14/2019,103.917
10/15/2019,103.917
10/16/2019,103.917
10/17/2019,103.917
10/18/2019,103.917
10/19/2019,103.917
10/20/2019,103.917
10/21/2019,103.917
10/22/2019,103.917
10/23/2019,103.917
10/24/2019,103.917
10/25/2019,103.917
10/26/2019,103.917
10/27/2019,103.917
10/28/2019,103.917
10/29/2019,103.917
10/30/2019,103.917
10/31/2019,103.917
11/1/2019,104.024
11/2/2019,104.024
11/3/2019,104.024
11/4/2019,104.024
11/5/2019,104.024
11/6/2019,104.024
11/7/2019,104.024
11/8/2019,104.024
11/9/2019,104.024
11/10/2019,104.024
11/11/2019,104.024
11/12/2019,104.024
11/13/2019,104.024
11/14/2019,104.024
11/15/2019,104.024
11/16/2019,104.024
11/17/2019,104.024
11/18/2019,104.024
11/19/2019,104.024
11/20/2019,104.024
11/21/2019,104.024
11/22/2019,104.024
11/23/2019,104.024
11/24/2019,104.024
11/25/2019,104.024
11/26/2019,104.024
11/27/2019,104.024
11/28/2019,104.024
11/29/2019,104.024
11/30/2019,104.024
12/1/2019,104.307
12/2/2019,104.307
12/3/2019,104.307
12/4/2019,104.307
12/5/2019,104.307
12/6/2019,104.307
12/7/2019,104.307
12/8/2019,104.307
12/9/2019,104.307
12/10/2019,104.307
12/11/2019,104.307
12/12/2019,104.307
12/13/2019,104.307
12/14/2019,104.307
12/15/2019,104.307
12/16/2019,104.307
12/17/2019,104.307
12/18/2019,104.307
12/19/2019,104.307
12/20/2019,104.307
12/21/2019,104.307
12/22/2019,104.307
12/23/2019,104.307
12/24/2019,104.307
12/25/2019,104.307
12/26/2019,104.307
12/27/2019,104.307
12/28/2019,104.307
12/29/2019,104.307
12/30/2019,104.307
12/31/2019,104.307
1/1/2020,104.49
1/2/2020,104.49
1/3/2020,104.49
1/4/2020,104.49
1/5/2020,104.49
1/6/2020,104.49
1/7/2020,104.49
1/8/2020,104.49
1/9/2020,104.49
1/10/2020,104.49
1/11/2020,104.49
1/12/2020,104.49
1/13/2020,104.49
1/14/2020,104.49
1/15/2020,104.49
1/16/2020,104.49
1/17/2020,104.49
1/18/2020,104.49
1/19/2020,104.49
1/20/2020,104.49
1/21/2020,104.49
1/22/2020,104.49
1/23/2020,104.49
1/24/2020,104.49
1/25/2020,104.49
1/26/2020,104.49
1/27/2020,104.49
1/28/2020,104.49
1/29/2020,104.49
1/30/2020,104.49
1/31/2020,104.49
2/1/2020,104.573
2/2/2020,104.573
2/3/2020,104.573
2/4/2020,104.573
2/5/2020,104.573
2/6/2020,104.573
2/7/2020,104.573
2/8/2020,104.573
2/9/2020,104.573
2/10/2020,104.573
2/11/2020,104.573
2/12/2020,104.573
2/13/2020,104.573
2/14/2020,104.573
2/15/2020,104.573
2/16/2020,104.573
2/17/2020,104.573
2/18/2020,104.573
2/19/2020,104.573
2/20/2020,104.573
2/21/2020,104.573
2/22/2020,104.573
2/23/2020,104.573
2/24/2020,104.573
2/25/2020,104.573
2/26/2020,104.573
2/27/2020,104.573
2/28/2020,104.573
2/29/2020,104.573
3/1/2020,104.271
3/2/2020,104.271
3/3/2020,104.271
3/4/2020,104.271
3/5/2020,104.271
3/6/2020,104.271
3/7/2020,104.271
3/8/2020,104.271
3/9/2020,104.271
3/10/2020,104.271
3/11/2020,104.271
3/12/2020,104.271
3/13/2020,104.271
3/14/2020,104.271
3/15/2020,104.271
3/16/2020,104.271
3/17/2020,104.271
3/18/2020,104.271
3/19/2020,104.271
3/20/2020,104.271
3/21/2020,104.271
3/22/2020,104.271
3/23/2020,104.271
3/24/2020,104.271
3/25/2020,104.271
3/26/2020,104.271
3/27/2020,104.271
3/28/2020,104.271
3/29/2020,104.271
3/30/2020,104.271
3/31/2020,104.271
4/1/2020,103.838
4/2/2020,103.838
4/3/2020,103.838
4/4/2020,103.838
4/5/2020,103.838
4/6/2020,103.838
4/7/2020,103.838
4/8/2020,103.838
4/9/2020,103.838
4/10/2020,103.838
4/11/2020,103.838
4/12/2020,103.838
4/13/2020,103.838
4/14/2020,103.838
4/15/2020,103.838
4/16/2020,103.838
4/17/2020,103.838
4/18/2020,103.838
4/19/2020,103.838
4/20/2020,103.838
4/21/2020,103.838
4/22/2020,103.838
4/23/2020,103.838
4/24/2020,103.838
4/25/2020,103.838
4/26/2020,103.838
4/27/2020,103.838
4/28/2020,103.838
4/29/2020,103.838
4/30/2020,103.838
5/1/2020,103.942
5/2/2020,103.942
5/3/2020,103.942
5/4/2020,103.942
5/5/2020,103.942
5/6/2020,103.942
5/7/2020,103.942
5/8/2020,103.942
5/9/2020,103.942
5/10/2020,103.942
5/11/2020,103.942
5/12/2020,103.942
5/13/2020,103.942
5/14/2020,103.942
5/15/2020,103.942
5/16/2020,103.942
5/17/2020,103.942
5/18/2020,103.942
5/19/2020,103.942
5/20/2020,103.942
5/21/2020,103.942
5/22/2020,103.942
5/23/2020,103.942
5/24/2020,103.942
5/25/2020,103.942
5/26/2020,103.942
5/27/2020,103.942
5/28/2020,103.942
5/29/2020,103.942
5/30/2020,103.942
5/31/2020,103.942
6/1/2020,104.27
6/2/2020,104.27
6/3/2020,104.27
6/4/2020,104.27
6/5/2020,104.27
6/6/2020,104.27
6/7/2020,104.27
6/8/2020,104.27
6/9/2020,104.27
6/10/2020,104.27
6/11/2020,104.27
6/12/2020,104.27
6/13/2020,104.27
6/14/2020,104.27
6/15/2020,104.27
6/16/2020,104.27
6/17/2020,104.27
6/18/2020,104.27
6/19/2020,104.27
6/20/2020,104.27
6/21/2020,104.27
6/22/2020,104.27
6/23/2020,104.27
6/24/2020,104.27
6/25/2020,104.27
6/26/2020,104.27
6/27/2020,104.27
6/28/2020,104.27
6/29/2020,104.27
6/30/2020,104.27
7/1/2020,104.578
7/2/2020,104.578
7/3/2020,104.578
7/4/2020,104.578
7/5/2020,104.578
7/6/2020,104.578
7/7/2020,104.578
7/8/2020,104.578
7/9/2020,104.578
7/10/2020,104.578
7/11/2020,104.578
7/12/2020,104.578
7/13/2020,104.578
7/14/2020,104.578
7/15/2020,104.578
7/16/2020,104.578
7/17/2020,104.578
7/18/2020,104.578
7/19/2020,104.578
7/20/2020,104.578
7/21/2020,104.578
7/22/2020,104.578
7/23/2020,104.578
7/24/2020,104.578
7/25/2020,104.578
7/26/2020,104.578
7/27/2020,104.578
7/28/2020,104.578
7/29/2020,104.578
7/30/2020,104.578
7/31/2020,104.578
8/1/2020,104.87
8/2/2020,104.87
8/3/2020,104.87
8/4/2020,104.87
8/5/2020,104.87
8/6/2020,104.87
8/7/2020,104.87
8/8/2020,104.87
8/9/2020,104.87
8/10/2020,104.87
8/11/2020,104.87
8/12/2020,104.87
8/13/2020,104.87
8/14/2020,104.87
8/15/2020,104.87
8/16/2020,104.87
8/17/2020,104.87
8/18/2020,104.87
8/19/2020,104.87
8/20/2020,104.87
8/21/2020,104.87
8/22/2020,104.87
8/23/2020,104.87
8/24/2020,104.87
8/25/2020,104.87
8/26/2020,104.87
8/27/2020,104.87
8/28/2020,104.87
8/29/2020,104.87
8/30/2020,104.87
8/31/2020,104.87
9/1/2020,105.057
9/2/2020,105.057
9/3/2020,105.057
9/4/2020,105.057
9/5/2020,105.057
9/6/2020,105.057
9/7/2020,105.057
9/8/2020,105.057
9/9/2020,105.057
9/10/2020,105.057
9/11/2020,105.057
9/12/2020,105.057
9/13/2020,105.057
9/14/2020,105.057
9/15/2020,105.057
9/16/2020,105.057
9/17/2020,105.057
9/18/2020,105.057
9/19/2020,105.057
9/20/2020,105.057
9/21/2020,105.057
9/22/2020,105.057
9/23/2020,105.057
9/24/2020,105.057
9/25/2020,105.057
9/26/2020,105.057
9/27/2020,105.057
9/28/2020,105.057
9/29/2020,105.057
9/30/2020,105.057
10/1/2020,105.151
10/2/2020,105.151
10/3/2020,105.151
10/4/2020,105.151
10/5/2020,105.151
10/6/2020,105.151
10/7/2020,105.151
10/8/2020,105.151
10/9/2020,105.151
10/10/2020,105.151
10/11/2020,105.151
10/12/2020,105.151
10/13/2020,105.151
10/14/2020,105.151
10/15/2020,105.151
10/16/2020,105.151
10/17/2020,105.151
10/18/2020,105.151
10/19/2020,105.151
10/20/2020,105.151
10/21/2020,105.151
10/22/2020,105.151
10/23/2020,105.151
10/24/2020,105.151
10/25/2020,105.151
10/26/2020,105.151
10/27/2020,105.151
10/28/2020,105.151
10/29/2020,105.151
10/30/2020,105.151
10/31/2020,105.151
11/1/2020,105.258
11/2/2020,105.258
11/3/2020,105.258
11/4/2020,105.258
11/5/2020,105.258
11/6/2020,105.258
11/7/2020,105.258
11/8/2020,105.258
11/9/2020,105.258
11/10/2020,105.258
11/11/2020,105.258
11/12/2020,105.258
11/13/2020,105.258
11/14/2020,105.258
11/15/2020,105.258
11/16/2020,105.258
11/17/2020,105.258
11/18/2020,105.258
11/19/2020,105.258
11/20/2020,105.258
11/21/2020,105.258
11/22/2020,105.258
11/23/2020,105.258
11/24/2020,105.258
11/25/2020,105.258
11/26/2020,105.258
11/27/2020,105.258
11/28/2020,105.258
11/29/2020,105.258
11/30/2020,105.258
12/1/2020,105.699
12/2/2020,105.699
12/3/2020,105.699
12/4/2020,105.699
12/5/2020,105.699
12/6/2020,105.699
12/7/2020,105.699
12/8/2020,105.699
12/9/2020,105.699
12/10/2020,105.699
12/11/2020,105.699
12/12/2020,105.699
12/13/2020,105.699
12/14/2020,105.699
12/15/2020,105.699
12/16/2020,105.699
12/17/2020,105.699
12/18/2020,105.699
12/19/2020,105.699
12/20/2020,105.699
12/21/2020,105.699
12/22/2020,105.699
12/23/2020,105.699
12/24/2020,105.699
12/25/2020,105.699
12/26/2020,105.699
12/27/2020,105.699
12/28/2020,105.699
12/29/2020,105.699
12/30/2020,105.699
12/31/2020,105.699
1/1/2021,106.147
1/2/2021,106.147
1/3/2021,106.147
1/4/2021,106.147
1/5/2021,106.147
1/6/2021,106.147
1/7/2021,106.147
1/8/2021,106.147
1/9/2021,106.147
1/10/2021,106.147
1/11/2021,106.147
1/12/2021,106.147
1/13/2021,106.147
1/14/2021,106.147
1/15/2021,106.147
1/16/2021,106.147
1/17/2021,106.147
1/18/2021,106.147
1/19/2021,106.147
1/20/2021,106.147
1/21/2021,106.147
1/22/2021,106.147
1/23/2021,106.147
1/24/2021,106.147
1/25/2021,106.147
1/26/2021,106.147
1/27/2021,106.147
1/28/2021,106.147
1/29/2021,106.147
1/30/2021,106.147
1/31/2021,106.147
2/1/2021,106.5
2/2/2021,106.5
2/3/2021,106.5
2/4/2021,106.5
2/5/2021,106.5
2/6/2021,106.5
2/7/2021,106.5
2/8/2021,106.5
2/9/2021,106.5
2/10/2021,106.5
2/11/2021,106.5
2/12/2021,106.5
2/13/2021,106.5
2/14/2021,106.5
2/15/2021,106.5
2/16/2021,106.5
2/17/2021,106.5
2/18/2021,106.5
2/19/2021,106.5
2/20/2021,106.5
2/21/2021,106.5
2/22/2021,106.5
2/23/2021,106.5
2/24/2021,106.5
2/25/2021,106.5
2/26/2021,106.5
2/27/2021,106.5
2/28/2021,106.5
3/1/2021,107.054
3/2/2021,107.054
3/3/2021,107.054
3/4/2021,107.054
3/5/2021,107.054
3/6/2021,107.054
3/7/2021,107.054
3/8/2021,107.054
3/9/2021,107.054
3/10/2021,107.054
3/11/2021,107.054
3/12/2021,107.054
3/13/2021,107.054
3/14/2021,107.054
3/15/2021,107.054
3/16/2021,107.054
3/17/2021,107.054
3/18/2021,107.054
3/19/2021,107.054
3/20/2021,107.054
3/21/2021,107.054
3/22/2021,107.054
3/23/2021,107.054
3/24/2021,107.054
3/25/2021,107.054
3/26/2021,107.054
3/27/2021,107.054
3/28/2021,107.054
3/29/2021,107.054
3/30/2021,107.054
3/31/2021,107.054
4/1/2021,107.618
4/2/2021,107.618
4/3/2021,107.618
4/4/2021,107.618
4/5/2021,107.618
4/6/2021,107.618
4/7/2021,107.618
4/8/2021,107.618
4/9/2021,107.618
4/10/2021,107.618
4/11/2021,107.618
4/12/2021,107.618
4/13/2021,107.618
4/14/2021,107.618
4/15/2021,107.618
4/16/2021,107.618
4/17/2021,107.618
4/18/2021,107.618
4/19/2021,107.618
4/20/2021,107.618
4/21/2021,107.618
4/22/2021,107.618
4/23/2021,107.618
4/24/2021,107.618
4/25/2021,107.618
4/26/2021,107.618
4/27/2021,107.618
4/28/2021,107.618
4/29/2021,107.618
4/30/2021,107.618
5/1/2021,108.175
5/2/2021,108.175
5/3/2021,108.175
5/4/2021,108.175
5/5/2021,108.175
5/6/2021,108.175
5/7/2021,108.175
5/8/2021,108.175
5/9/2021,108.175
5/10/2021,108.175
5/11/2021,108.175
5/12/2021,108.175
5/13/2021,108.175
5/14/2021,108.175
5/15/2021,108.175
5/16/2021,108.175
5/17/2021,108.175
5/18/2021,108.175
5/19/2021,108.175
5/20/2021,108.175
5/21/2021,108.175
5/22/2021,108.175
5/23/2021,108.175
5/24/2021,108.175
5/25/2021,108.175
5/26/2021,108.175
5/27/2021,108.175
5/28/2021,108.175
5/29/2021,108.175
5/30/2021,108.175
5/31/2021,108.175
6/1/2021,108.76
6/2/2021,108.76
6/3/2021,108.76
6/4/2021,108.76
6/5/2021,108.76
6/6/2021,108.76
6/7/2021,108.76
6/8/2021,108.76
6/9/2021,108.76
6/10/2021,108.76
6/11/2021,108.76
6/12/2021,108.76
6/13/2021,108.76
6/14/2021,108.76
6/15/2021,108.76
6/16/2021,108.76
6/17/2021,108.76
6/18/2021,108.76
6/19/2021,108.76
6/20/2021,108.76
6/21/2021,108.76
6/22/2021,108.76
6/23/2021,108.76
6/24/2021,108.76
6/25/2021,108.76
6/26/2021,108.76
6/27/2021,108.76
6/28/2021,108.76
6/29/2021,108.76
6/30/2021,108.76
7/1/2021,109.256
7/2/2021,109.256
7/3/2021,109.256
7/4/2021,109.256
7/5/2021,109.256
7/6/2021,109.256
7/7/2021,109.256
7/8/2021,109.256
7/9/2021,109.256
7/10/2021,109.256
7/11/2021,109.256
7/12/2021,109.256
7/13/2021,109.256
7/14/2021,109.256
7/15/2021,109.256
7/16/2021,109.256
7/17/2021,109.256
7/18/2021,109.256
7/19/2021,109.256
7/20/2021,109.256
7/21/2021,109.256
7/22/2021,109.256
7/23/2021,109.256
7/24/2021,109.256
7/25/2021,109.256
7/26/2021,109.256
7/27/2021,109.256
7/28/2021,109.256
7/29/2021,109.256
7/30/2021,109.256
7/31/2021,109.256
8/1/2021,109.674
8/2/2021,109.674
8/3/2021,109.674
8/4/2021,109.674
8/5/2021,109.674
8/6/2021,109.674
8/7/2021,109.674
8/8/2021,109.674
8/9/2021,109.674
8/10/2021,109.674
8/11/2021,109.674
8/12/2021,109.674
8/13/2021,109.674
8/14/2021,109.674
8/15/2021,109.674
8/16/2021,109.674
8/17/2021,109.674
8/18/2021,109.674
8/19/2021,109.674
8/20/2021,109.674
8/21/2021,109.674
8/22/2021,109.674
8/23/2021,109.674
8/24/2021,109.674
8/25/2021,109.674
8/26/2021,109.674
8/27/2021,109.674
8/28/2021,109.674
8/29/2021,109.674
8/30/2021,109.674
8/31/2021,109.674
9/1/2021,110.034
9/2/2021,110.034
9/3/2021,110.034
9/4/2021,110.034
9/5/2021,110.034
9/6/2021,110.034
9/7/2021,110.034
9/8/2021,110.034
9/9/2021,110.034
9/10/2021,110.034
9/11/2021,110.034
9/12/2021,110.034
9/13/2021,110.034
9/14/2021,110.034
9/15/2021,110.034
9/16/2021,110.034
9/17/2021,110.034
9/18/2021,110.034
9/19/2021,110.034
9/20/2021,110.034
9/21/2021,110.034
9/22/2021,110.034
9/23/2021,110.034
9/24/2021,110.034
9/25/2021,110.034
9/26/2021,110.034
9/27/2021,110.034
9/28/2021,110.034
9/29/2021,110.034
9/30/2021,110.034
10/1/2021,110.762
10/2/2021,110.762
10/3/2021,110.762
10/4/2021,110.762
10/5/2021,110.762
10/6/2021,110.762
10/7/2021,110.762
10/8/2021,110.762
10/9/2021,110.762
10/10/2021,110.762
10/11/2021,110.762
10/12/2021,110.762
10/13/2021,110.762
10/14/2021,110.762
10/15/2021,110.762
10/16/2021,110.762
10/17/2021,110.762
10/18/2021,110.762
10/19/2021,110.762
10/20/2021,110.762
10/21/2021,110.762
10/22/2021,110.762
10/23/2021,110.762
10/24/2021,110.762
10/25/2021,110.762
10/26/2021,110.762
10/27/2021,110.762
10/28/2021,110.762
10/29/2021,110.762
10/30/2021,110.762
10/31/2021,110.762
11/1/2021,111.5
11/2/2021,111.5
11/3/2021,111.5
11/4/2021,111.5
11/5/2021,111.5
11/6/2021,111.5
11/7/2021,111.5
11/8/2021,111.5
11/9/2021,111.5
11/10/2021,111.5
11/11/2021,111.5
11/12/2021,111.5
11/13/2021,111.5
11/14/2021,111.5
11/15/2021,111.5
11/16/2021,111.5
11/17/2021,111.5
11/18/2021,111.5
11/19/2021,111.5
11/20/2021,111.5
11/21/2021,111.5
11/22/2021,111.5
11/23/2021,111.5
11/24/2021,111.5
11/25/2021,111.5
11/26/2021,111.5
11/27/2021,111.5
11/28/2021,111.5
11/29/2021,111.5
11/30/2021,111.5
12/1/2021,112.191
12/2/2021,112.191
12/3/2021,112.191
12/4/2021,112.191
12/5/2021,112.191
12/6/2021,112.191
12/7/2021,112.191
12/8/2021,112.191
12/9/2021,112.191
12/10/2021,112.191
12/11/2021,112.191
12/12/2021,112.191
12/13/2021,112.191
12/14/2021,112.191
12/15/2021,112.191
12/16/2021,112.191
12/17/2021,112.191
12/18/2021,112.191
12/19/2021,112.191
12/20/2021,112.191
12/21/2021,112.191
12/22/2021,112.191
12/23/2021,112.191
12/24/2021,112.191
12/25/2021,112.191
12/26/2021,112.191
12/27/2021,112.191
12/28/2021,112.191
12/29/2021,112.191
12/30/2021,112.191
12/31/2021,112.191
1/1/2022,112.805
1/2/2022,112.805
1/3/2022,112.805
1/4/2022,112.805
1/5/2022,112.805
1/6/2022,112.805
1/7/2022,112.805
1/8/2022,112.805
1/9/2022,112.805
1/10/2022,112.805
1/11/2022,112.805
1/12/2022,112.805
1/13/2022,112.805
1/14/2022,112.805
1/15/2022,112.805
1/16/2022,112.805
1/17/2022,112.805
1/18/2022,112.805
1/19/2022,112.805
1/20/2022,112.805
1/21/2022,112.805
1/22/2022,112.805
1/23/2022,112.805
1/24/2022,112.805
1/25/2022,112.805
1/26/2022,112.805
1/27/2022,112.805
1/28/2022,112.805
1/29/2022,112.805
1/30/2022,112.805
1/31/2022,112.805
2/1/2022,113.471
2/2/2022,113.471
2/3/2022,113.471
2/4/2022,113.471
2/5/2022,113.471
2/6/2022,113.471
2/7/2022,113.471
2/8/2022,113.471
2/9/2022,113.471
2/10/2022,113.471
2/11/2022,113.471
2/12/2022,113.471
2/13/2022,113.471
2/14/2022,113.471
2/15/2022,113.471
2/16/2022,113.471
2/17/2022,113.471
2/18/2022,113.471
2/19/2022,113.471
2/20/2022,113.471
2/21/2022,113.471
2/22/2022,113.471
2/23/2022,113.471
2/24/2022,113.471
2/25/2022,113.471
2/26/2022,113.471
2/27/2022,113.471
2/28/2022,113.471
3/1/2022,114.469
3/2/2022,114.469
3/3/2022,114.469
3/4/2022,114.469
3/5/2022,114.469
3/6/2022,114.469
3/7/2022,114.469
3/8/2022,114.469
3/9/2022,114.469
3/10/2022,114.469
3/11/2022,114.469
3/12/2022,114.469
3/13/2022,114.469
3/14/2022,114.469
3/15/2022,114.469
3/16/2022,114.469
3/17/2022,114.469
3/18/2022,114.469
3/19/2022,114.469
3/20/2022,114.469
3/21/2022,114.469
3/22/2022,114.469
3/23/2022,114.469
3/24/2022,114.469
3/25/2022,114.469
3/26/2022,114.469
3/27/2022,114.469
3/28/2022,114.469
3/29/2022,114.469
3/30/2022,114.469
3/31/2022,114.469
4/1/2022,114.812
4/2/2022,114.812
4/3/2022,114.812
4/4/2022,114.812
4/5/2022,114.812
4/6/2022,114.812
4/7/2022,114.812
4/8/2022,114.812
4/9/2022,114.812
4/10/2022,114.812
4/11/2022,114.812
4/12/2022,114.812
4/13/2022,114.812
4/14/2022,114.812
4/15/2022,114.812
4/16/2022,114.812
4/17/2022,114.812
4/18/2022,114.812
4/19/2022,114.812
4/20/2022,114.812
4/21/2022,114.812
4/22/2022,114.812
4/23/2022,114.812
4/24/2022,114.812
4/25/2022,114.812
4/26/2022,114.812
4/27/2022,114.812
4/28/2022,114.812
4/29/2022,114.812
4/30/2022,114.812
5/1/2022,115.525
5/2/2022,115.525
5/3/2022,115.525
5/4/2022,115.525
5/5/2022,115.525
5/6/2022,115.525
5/7/2022,115.525
5/8/2022,115.525
5/9/2022,115.525
5/10/2022,115.525
5/11/2022,115.525
5/12/2022,115.525
5/13/2022,115.525
5/14/2022,115.525
5/15/2022,115.525
5/16/2022,115.525
5/17/2022,115.525
5/18/2022,115.525
5/19/2022,115.525
5/20/2022,115.525
5/21/2022,115.525
5/22/2022,115.525
5/23/2022,115.525
5/24/2022,115.525
5/25/2022,115.525
5/26/2022,115.525
5/27/2022,115.525
5/28/2022,115.525
5/29/2022,115.525
5/30/2022,115.525
5/31/2022,115.525
6/1/2022,116.638
6/2/2022,116.638
6/3/2022,116.638
6/4/2022,116.638
6/5/2022,116.638
6/6/2022,116.638
6/7/2022,116.638
6/8/2022,116.638
6/9/2022,116.638
6/10/2022,116.638
6/11/2022,116.638
6/12/2022,116.638
6/13/2022,116.638
6/14/2022,116.638
6/15/2022,116.638
6/16/2022,116.638
6/17/2022,116.638
6/18/2022,116.638
6/19/2022,116.638
6/20/2022,116.638
6/21/2022,116.638
6/22/2022,116.638
6/23/2022,116.638
6/24/2022,116.638
6/25/2022,116.638
6/26/2022,116.638
6/27/2022,116.638
6/28/2022,116.638
6/29/2022,116.638
6/30/2022,116.638
7/1/2022,116.631
7/2/2022,116.631
7/3/2022,116.631
7/4/2022,116.631
7/5/2022,116.631
7/6/2022,116.631
7/7/2022,116.631
7/8/2022,116.631
7/9/2022,116.631
7/10/2022,116.631
7/11/2022,116.631
7/12/2022,116.631
7/13/2022,116.631
7/14/2022,116.631
7/15/2022,116.631
7/16/2022,116.631
7/17/2022,116.631
7/18/2022,116.631
7/19/2022,116.631
7/20/2022,116.631
7/21/2022,116.631
7/22/2022,116.631
7/23/2022,116.631
7/24/2022,116.631
7/25/2022,116.631
7/26/2022,116.631
7/27/2022,116.631
7/28/2022,116.631
7/29/2022,116.631
7/30/2022,116.631
7/31/2022,116.631
8/1/2022,116.956
8/2/2022,116.956
8/3/2022,116.956
8/4/2022,116.956
8/5/2022,116.956
8/6/2022,116.956
8/7/2022,116.956
8/8/2022,116.956
8/9/2022,116.956
8/10/2022,116.956
8/11/2022,116.956
8/12/2022,116.956
8/13/2022,116.956
8/14/2022,116.956
8/15/2022,116.956
8/16/2022,116.956
8/17/2022,116.956
8/18/2022,116.956
8/19/2022,116.956
8/20/2022,116.956
8/21/2022,116.956
8/22/2022,116.956
8/23/2022,116.956
8/24/2022,116.956
8/25/2022,116.956
8/26/2022,116.956
8/27/2022,116.956
8/28/2022,116.956
8/29/2022,116.956
8/30/2022,116.956
8/31/2022,116.956
9/1/2022,117.371
9/2/2022,117.371
9/3/2022,117.371
9/4/2022,117.371
9/5/2022,117.371
9/6/2022,117.371
9/7/2022,117.371
9/8/2022,117.371
9/9/2022,117.371
9/10/2022,117.371
9/11/2022,117.371
9/12/2022,117.371
9/13/2022,117.371
9/14/2022,117.371
9/15/2022,117.371
9/16/2022,117.371
9/17/2022,117.371
9/18/2022,117.371
9/19/2022,117.371
9/20/2022,117.371
9/21/2022,117.371
9/22/2022,117.371
9/23/2022,117.371
9/24/2022,117.371
9/25/2022,117.371
9/26/2022,117.371
9/27/2022,117.371
9/28/2022,117.371
9/29/2022,117.371
9/30/2022,117.371
10/1/2022,117.919
10/2/2022,117.919
10/3/2022,117.919
10/4/2022,117.919
10/5/2022,117.919
10/6/2022,117.919
10/7/2022,117.919
10/8/2022,117.919
10/9/2022,117.919
10/10/2022,117.919
10/11/2022,117.919
10/12/2022,117.919
10/13/2022,117.919
10/14/2022,117.919
10/15/2022,117.919
10/16/2022,117.919
10/17/2022,117.919
10/18/2022,117.919
10/19/2022,117.919
10/20/2022,117.919
10/21/2022,117.919
10/22/2022,117.919
10/23/2022,117.919
10/24/2022,117.919
10/25/2022,117.919
10/26/2022,117.919
10/27/2022,117.919
10/28/2022,117.919
10/29/2022,117.919
10/30/2022,117.919
10/31/2022,117.919
11/1/2022,118.224
11/2/2022,118.224
11/3/2022,118.224
11/4/2022,118.224
11/5/2022,118.224
11/6/2022,118.224
11/7/2022,118.224
11/8/2022,118.224
11/9/2022,118.224
11/10/2022,118.224
11/11/2022,118.224
11/12/2022,118.224
11/13/2022,118.224
11/14/2022,118.224
11/15/2022,118.224
11/16/2022,118.224
11/17/2022,118.224
11/18/2022,118.224
11/19/2022,118.224
11/20/2022,118.224
11/21/2022,118.224
11/22/2022,118.224
11/23/2022,118.224
11/24/2022,118.224
11/25/2022,118.224
11/26/2022,118.224
11/27/2022,118.224
11/28/2022,118.224
11/29/2022,118.224
11/30/2022,118.224
12/1/2022,118.384
12/2/2022,118.384
12/3/2022,118.384
12/4/2022,118.384
12/5/2022,118.384
12/6/2022,118.384
12/7/2022,118.384
12/8/2022,118.384
12/9/2022,118.384
12/10/2022,118.384
12/11/2022,118.384
12/12/2022,118.384
12/13/2022,118.384
12/14/2022,118.384
12/15/2022,118.384
12/16/2022,118.384
12/17/2022,118.384
12/18/2022,118.384
12/19/2022,118.384
12/20/2022,118.384
12/21/2022,118.384
12/22/2022,118.384
12/23/2022,118.384
12/24/2022,118.384
12/25/2022,118.384
12/26/2022,118.384
12/27/2022,118.384
12/28/2022,118.384
12/29/2022,118.384
12/30/2022,118.384
12/31/2022,118.384
1/1/2023,119.018
1/2/2023,119.018
1/3/2023,119.018
1/4/2023,119.018
1/5/2023,119.018
1/6/2023,119.018
1/7/2023,119.018
1/8/2023,119.018
1/9/2023,119.018
1/10/2023,119.018
1/11/2023,119.018
1/12/2023,119.018
1/13/2023,119.018
1/14/2023,119.018
1/15/2023,119.018
1/16/2023,119.018
1/17/2023,119.018
1/18/2023,119.018
1/19/2023,119.018
1/20/2023,119.018
1/21/2023,119.018
1/22/2023,119.018
1/23/2023,119.018
1/24/2023,119.018
1/25/2023,119.018
1/26/2023,119.018
1/27/2023,119.018
1/28/2023,119.018
1/29/2023,119.018
1/30/2023,119.018
1/31/2023,119.018
2/1/2023,119.369
2/2/2023,119.369
2/3/2023,119.369
2/4/2023,119.369
2/5/2023,119.369
2/6/2023,119.369
2/7/2023,119.369
2/8/2023,119.369
2/9/2023,119.369
2/10/2023,119.369
2/11/2023,119.369
2/12/2023,119.369
2/13/2023,119.369
2/14/2023,119.369
2/15/2023,119.369
2/16/2023,119.369
2/17/2023,119.369
2/18/2023,119.369
2/19/2023,119.369
2/20/2023,119.369
2/21/2023,119.369
2/22/2023,119.369
2/23/2023,119.369
2/24/2023,119.369
2/25/2023,119.369
2/26/2023,119.369
2/27/2023,119.369
2/28/2023,119.369
3/1/2023,119.538
3/2/2023,119.538
3/3/2023,119.538
3/4/2023,119.538
3/5/2023,119.538
3/6/2023,119.538
3/7/2023,119.538
3/8/2023,119.538
3/9/2023,119.538
3/10/2023,119.538
3/11/2023,119.538
3/12/2023,119.538
3/13/2023,119.538
3/14/2023,119.538
3/15/2023,119.538
3/16/2023,119.538
3/17/2023,119.538
3/18/2023,119.538
3/19/2023,119.538
3/20/2023,119.538
3/21/2023,119.538
3/22/2023,119.538
3/23/2023,119.538
3/24/2023,119.538
3/25/2023,119.538
3/26/2023,119.538
3/27/2023,119.538
3/28/2023,119.538
3/29/2023,119.538
3/30/2023,119.538
3/31/2023,119.538
4/1/2023,119.951
4/2/2023,119.951
4/3/2023,119.951
4/4/2023,119.951
4/5/2023,119.951
4/6/2023,119.951
4/7/2023,119.951
4/8/2023,119.951
4/9/2023,119.951
4/10/2023,119.951
4/11/2023,119.951
4/12/2023,119.951
4/13/2023,119.951
4/14/2023,119.951
4/15/2023,119.951
4/16/2023,119.951
4/17/2023,119.951
4/18/2023,119.951
4/19/2023,119.951
4/20/2023,119.951
4/21/2023,119.951
4/22/2023,119.951
4/23/2023,119.951
4/24/2023,119.951
4/25/2023,119.951
4/26/2023,119.951
4/27/2023,119.951
4/28/2023,119.951
4/29/2023,119.951
4/30/2023,119.951
5/1/2023,120.15
5/2/2023,120.15
5/3/2023,120.15
5/4/2023,120.15
5/5/2023,120.15
5/6/2023,120.15
5/7/2023,120.15
5/8/2023,120.15
5/9/2023,120.15
5/10/2023,120.15
5/11/2023,120.15
5/12/2023,120.15
5/13/2023,120.15
5/14/2023,120.15
5/15/2023,120.15
5/16/2023,120.15
5/17/2023,120.15
5/18/2023,120.15
5/19/2023,120.15
5/20/2023,120.15
5/21/2023,120.15
5/22/2023,120.15
5/23/2023,120.15
5/24/2023,120.15
5/25/2023,120.15
5/26/2023,120.15
5/27/2023,120.15
5/28/2023,120.15
5/29/2023,120.15
5/30/2023,120.15
5/31/2023,120.15
6/1/2023,120.469
6/2/2023,120.469
6/3/2023,120.469
6/4/2023,120.469
6/5/2023,120.469
6/6/2023,120.469
6/7/2023,120.469
6/8/2023,120.469
6/9/2023,120.469
6/10/2023,120.469
6/11/2023,120.469
6/12/2023,120.469
6/13/2023,120.469
6/14/2023,120.469
6/15/2023,120.469
6/16/2023,120.469
6/17/2023,120.469
6/18/2023,120.469
6/19/2023,120.469
6/20/2023,120.469
6/21/2023,120.469
6/22/2023,120.469
6/23/2023,120.469
6/24/2023,120.469
6/25/2023,120.469
6/26/2023,120.469
6/27/2023,120.469
6/28/2023,120.469
6/29/2023,120.469
6/30/2023,120.469
7/1/2023,120.607
7/2/2023,120.607
7/3/2023,120.607
7/4/2023,120.607
7/5/2023,120.607
7/6/2023,120.607
7/7/2023,120.607
7/8/2023,120.607
7/9/2023,120.607
7/10/2023,120.607
7/11/2023,120.607
7/12/2023,120.607
7/13/2023,120.607
7/14/2023,120.607
7/15/2023,120.607
7/16/2023,120.607
7/17/2023,120.607
7/18/2023,120.607
7/19/2023,120.607
7/20/2023,120.607
7/21/2023,120.607
7/22/2023,120.607
7/23/2023,120.607
7/24/2023,120.607
7/25/2023,120.607
7/26/2023,120.607
7/27/2023,120.607
7/28/2023,120.607
7/29/2023,120.607
7/30/2023,120.607
7/31/2023,120.607
8/1/2023,120.97
8/2/2023,120.97
8/3/2023,120.97
8/4/2023,120.97
8/5/2023,120.97
8/6/2023,120.97
8/7/2023,120.97
8/8/2023,120.97
8/9/2023,120.97
8/10/2023,120.97
8/11/2023,120.97
8/12/2023,120.97
8/13/2023,120.97
8/14/2023,120.97
8/15/2023,120.97
8/16/2023,120.97
8/17/2023,120.97
8/18/2023,120.97
8/19/2023,120.97
8/20/2023,120.97
8/21/2023,120.97
8/22/2023,120.97
8/23/2023,120.97
8/24/2023,120.97
8/25/2023,120.97
8/26/2023,120.97
8/27/2023,120.97
8/28/2023,120.97
8/29/2023,120.97
8/30/2023,120.97
8/31/2023,120.97
9/1/2023,121.419
9/2/2023,121.419
9/3/2023,121.419
9/4/2023,121.419
9/5/2023,121.419
9/6/2023,121.419
9/7/2023,121.419
9/8/2023,121.419
9/9/2023,121.419
9/10/2023,121.419
9/11/2023,121.419
9/12/2023,121.419
9/13/2023,121.419
9/14/2023,121.419
9/15/2023,121.419
9/16/2023,121.419
9/17/2023,121.419
9/18/2023,121.419
9/19/2023,121.419
9/20/2023,121.419
9/21/2023,121.419
9/22/2023,121.419
9/23/2023,121.419
9/24/2023,121.419
9/25/2023,121.419
9/26/2023,121.419
9/27/2023,121.419
9/28/2023,121.419
9/29/2023,121.419
9/30/2023,121.419
10/1/2023,121.484
10/2/2023,121.484
10/3/2023,121.484
10/4/2023,121.484
10/5/2023,121.484
10/6/2023,121.484
10/7/2023,121.484
10/8/2023,121.484
10/9/2023,121.484
10/10/2023,121.484
10/11/2023,121.484
10/12/2023,121.484
10/13/2023,121.484
10/14/2023,121.484
10/15/2023,121.484
10/16/2023,121.484
10/17/2023,121.484
10/18/2023,121.484
10/19/2023,121.484
10/20/2023,121.484
10/21/2023,121.484
10/22/2023,121.484
10/23/2023,121.484
10/24/2023,121.484
10/25/2023,121.484
10/26/2023,121.484
10/27/2023,121.484
10/28/2023,121.484
10/29/2023,121.484
10/30/2023,121.484
10/31/2023,121.484
11/1/2023,121.493
11/2/2023,121.493
11/3/2023,121.493
11/4/2023,121.493
11/5/2023,121.493
11/6/2023,121.493
11/7/2023,121.493
11/8/2023,121.493
11/9/2023,121.493
11/10/2023,121.493
11/11/2023,121.493
11/12/2023,121.493
11/13/2023,121.493
11/14/2023,121.493
11/15/2023,121.493
11/16/2023,121.493
11/17/2023,121.493
11/18/2023,121.493
11/19/2023,121.493
11/20/2023,121.493
11/21/2023,121.493
11/22/2023,121.493
11/23/2023,121.493
11/24/2023,121.493
11/25/2023,121.493
11/26/2023,121.493
11/27/2023,121.493
11/28/2023,121.493
11/29/2023,121.493
11/30/2023,121.493
12/1/2023,121.66
12/2/2023,121.66
12/3/2023,121.66
12/4/2023,121.66
12/5/2023,121.66
12/6/2023,121.66
12/7/2023,121.66
12/8/2023,121.66
12/9/2023,121.66
12/10/2023,121.66
12/11/2023,121.66
12/12/2023,121.66
12/13/2023,121.66
12/14/2023,121.66
12/15/2023,121.66
12/16/2023,121.66
12/17/2023,121.66
12/18/2023,121.66
12/19/2023,121.66
12/20/2023,121.66
12/21/2023,121.66
12/22/2023,121.66
12/23/2023,121.66
12/24/2023,121.66
12/25/2023,121.66
12/26/2023,121.66
12/27/2023,121.66
12/28/2023,121.66
12/29/2023,121.66
12/30/2023,121.66
12/31/2023,121.66
1/1/2024,122.23
1/2/2024,122.23
1/3/2024,122.23
1/4/2024,122.23
1/5/2024,122.23
1/6/2024,122.23
1/7/2024,122.23
1/8/2024,122.23
1/9/2024,122.23
1/10/2024,122.23
1/11/2024,122.23
1/12/2024,122.23
1/13/2024,122.23
1/14/2024,122.23
1/15/2024,122.23
1/16/2024,122.23
1/17/2024,122.23
1/18/2024,122.23
1/19/2024,122.23
1/20/2024,122.23
1/21/2024,122.23
1/22/2024,122.23
1/23/2024,122.23
1/24/2024,122.23
1/25/2024,122.23
1/26/2024,122.23
1/27/2024,122.23
1/28/2024,122.23
1/29/2024,122.23
1/30/2024,122.23
1/31/2024,122.23
2/1/2024,122.598
2/2/2024,122.598
2/3/2024,122.598
2/4/2024,122.598
2/5/2024,122.598
2/6/2024,122.598
2/7/2024,122.598
2/8/2024,122.598
2/9/2024,122.598
2/10/2024,122.598
2/11/2024,122.598
2/12/2024,122.598
2/13/2024,122.598
2/14/2024,122.598
2/15/2024,122.598
2/16/2024,122.598
2/17/2024,122.598
2/18/2024,122.598
2/19/2024,122.598
2/20/2024,122.598
2/21/2024,122.598
2/22/2024,122.598
2/23/2024,122.598
2/24/2024,122.598
2/25/2024,122.598
2/26/2024,122.598
2/27/2024,122.598
2/28/2024,122.598
2/29/2024,122.598
3/1/2024,123.038
3/2/2024,123.038
3/3/2024,123.038
3/4/2024,123.038
3/5/2024,123.038
3/6/2024,123.038
3/7/2024,123.038
3/8/2024,123.038
3/9/2024,123.038
3/10/2024,123.038
3/11/2024,123.038
3/12/2024,123.038
3/13/2024,123.038
3/14/2024,123.038
3/15/2024,123.038
3/16/2024,123.038
3/17/2024,123.038
3/18/2024,123.038
3/19/2024,123.038
3/20/2024,123.038
3/21/2024,123.038
3/22/2024,123.038
3/23/2024,123.038
3/24/2024,123.038
3/25/2024,123.038
3/26/2024,123.038
3/27/2024,123.038
3/28/2024,123.038
3/29/2024,123.038
3/30/2024,123.038
3/31/2024,123.038
4/1/2024,123.341
4/2/2024,123.341
4/3/2024,123.341
4/4/2024,123.341
4/5/2024,123.341
4/6/2024,123.341
4/7/2024,123.341
4/8/2024,123.341
4/9/2024,123.341
4/10/2024,123.341
4/11/2024,123.341
4/12/2024,123.341
4/13/2024,123.341
4/14/2024,123.341
4/15/2024,123.341
4/16/2024,123.341
4/17/2024,123.341
4/18/2024,123.341
4/19/2024,123.341
4/20/2024,123.341
4/21/2024,123.341
4/22/2024,123.341
4/23/2024,123.341
4/24/2024,123.341
4/25/2024,123.341
4/26/2024,123.341
4/27/2024,123.341
4/28/2024,123.341
4/29/2024,123.341
4/30/2024,123.341
5/1/2024,123.348
5/2/2024,123.348
5/3/2024,123.348
5/4/2024,123.348
5/5/2024,123.348
5/6/2024,123.348
5/7/2024,123.348
5/8/2024,123.348
5/9/2024,123.348
5/10/2024,123.348
5/11/2024,123.348
5/12/2024,123.348
5/13/2024,123.348
5/14/2024,123.348
5/15/2024,123.348
5/16/2024,123.348
5/17/2024,123.348
5/18/2024,123.348
5/19/2024,123.348
5/20/2024,123.348
5/21/2024,123.348
5/22/2024,123.348
5/23/2024,123.348
5/24/2024,123.348
5/25/2024,123.348
5/26/2024,123.348
5/27/2024,123.348
5/28/2024,123.348
5/29/2024,123.348
5/30/2024,123.348
5/31/2024,123.348
6/1/2024,123.539
6/2/2024,123.539
6/3/2024,123.539
6/4/2024,123.539
6/5/2024,123.539
6/6/2024,123.539
6/7/2024,123.539
6/8/2024,123.539
6/9/2024,123.539
6/10/2024,123.539
6/11/2024,123.539
6/12/2024,123.539
6/13/2024,123.539
6/14/2024,123.539
6/15/2024,123.539
6/16/2024,123.539
6/17/2024,123.539
6/18/2024,123.539
6/19/2024,123.539
6/20/2024,123.539
6/21/2024,123.539
6/22/2024,123.539
6/23/2024,123.539
6/24/2024,123.539
6/25/2024,123.539
6/26/2024,123.539
6/27/2024,123.539
6/28/2024,123.539
6/29/2024,123.539
6/30/2024,123.539
7/1/2024,123.736
7/2/2024,123.736
7/3/2024,123.736
7/4/2024,123.736
7/5/2024,123.736
7/6/2024,123.736
7/7/2024,123.736
7/8/2024,123.736
7/9/2024,123.736
7/10/2024,123.736
7/11/2024,123.736
7/12/2024,123.736
7/13/2024,123.736
7/14/2024,123.736
7/15/2024,123.736
7/16/2024,123.736
7/17/2024,123.736
7/18/2024,123.736
7/19/2024,123.736
7/20/2024,123.736
7/21/2024,123.736
7/22/2024,123.736
7/23/2024,123.736
7/24/2024,123.736
7/25/2024,123.736
7/26/2024,123.736
7/27/2024,123.736
7/28/2024,123.736
7/29/2024,123.736
7/30/2024,123.736
7/31/2024,123.736
8/1/2024,123.889
8/2/2024,123.889
8/3/2024,123.889
8/4/2024,123.889
8/5/2024,123.889
8/6/2024,123.889
8/7/2024,123.889
8/8/2024,123.889
8/9/2024,123.889
8/10/2024,123.889
8/11/2024,123.889
8/12/2024,123.889
8/13/2024,123.889
8/14/2024,123.889
8/15/2024,123.889
8/16/2024,123.889
8/17/2024,123.889
8/18/2024,123.889
8/19/2024,123.889
8/20/2024,123.889
8/21/2024,123.889
8/22/2024,123.889
8/23/2024,123.889
8/24/2024,123.889
8/25/2024,123.889
8/26/2024,123.889
8/27/2024,123.889
8/28/2024,123.889
8/29/2024,123.889
8/30/2024,123.889
8/31/2024,123.889
9/1/2024,124.164
9/2/2024,124.164
9/3/2024,124.164
9/4/2024,124.164
9/5/2024,124.164
9/6/2024,124.164
9/7/2024,124.164
9/8/2024,124.164
9/9/2024,124.164
9/10/2024,124.164
9/11/2024,124.164
9/12/2024,124.164
9/13/2024,124.164
9/14/2024,124.164
9/15/2024,124.164
9/16/2024,124.164
9/17/2024,124.164
9/18/2024,124.164
9/19/2024,124.164
9/20/2024,124.164
9/21/2024,124.164
9/22/2024,124.164
9/23/2024,124.164
9/24/2024,124.164
9/25/2024,124.164
9/26/2024,124.164
9/27/2024,124.164
9/28/2024,124.164
9/29/2024,124.164
9/30/2024,124.164
10/1/2024,124.494
10/2/2024,124.494
10/3/2024,124.494
10/4/2024,124.494
10/5/2024,124.494
10/6/2024,124.494
10/7/2024,124.494
10/8/2024,124.494
10/9/2024,124.494
10/10/2024,124.494
10/11/2024,124.494
10/12/2024,124.494
10/13/2024,124.494
10/14/2024,124.494
10/15/2024,124.494
10/16/2024,124.494
10/17/2024,124.494
10/18/2024,124.494
10/19/2024,124.494
10/20/2024,124.494
10/21/2024,124.494
10/22/2024,124.494
10/23/2024,124.494
10/24/2024,124.494
10/25/2024,124.494
10/26/2024,124.494
10/27/2024,124.494
10/28/2024,124.494
10/29/2024,124.494
10/30/2024,124.494
10/31/2024,124.494
11/1/2024,124.637
11/2/2024,124.637
11/3/2024,124.637
11/4/2024,124.637
11/5/2024,124.637
11/6/2024,124.637
11/7/2024,124.637
11/8/2024,124.637
11/9/2024,124.637
11/10/2024,124.637
11/11/2024,124.637
11/12/2024,124.637
11/13/2024,124.637
11/14/2024,124.637
11/15/2024,124.637
11/16/2024,124.637
11/17/2024,124.637
11/18/2024,124.637
11/19/2024,124.637
11/20/2024,124.637
11/21/2024,124.637
11/22/2024,124.637
11/23/2024,124.637
11/24/2024,124.637
11/25/2024,124.637
11/26/2024,124.637
11/27/2024,124.637
11/28/2024,124.637
11/29/2024,124.637
11/30/2024,124.637
12/1/2024,124.979
12/2/2024,124.979
12/3/2024,124.979
12/4/2024,124.979
12/5/2024,124.979
12/6/2024,124.979
12/7/2024,124.979
12/8/2024,124.979
12/9/2024,124.979
12/10/2024,124.979
12/11/2024,124.979
12/12/2024,124.979
12/13/2024,124.979
12/14/2024,124.979
12/15/2024,124.979
12/16/2024,124.979
12/17/2024,124.979
12/18/2024,124.979
12/19/2024,124.979
12/20/2024,124.979
12/21/2024,124.979
12/22/2024,124.979
12/23/2024,124.979
12/24/2024,124.979
12/25/2024,124.979
12/26/2024,124.979
12/27/2024,124.979
12/28/2024,124.979
12/29/2024,124.979
12/30/2024,124.979
12/31/2024,124.979
1/1/2025,125.417
1/2/2025,125.417
1/3/2025,125.417
1/4/2025,125.417
1/5/2025,125.417
1/6/2025,125.417
1/7/2025,125.417
1/8/2025,125.417
1/9/2025,125.417
1/10/2025,125.417
1/11/2025,125.417
1/12/2025,125.417
1/13/2025,125.417
1/14/2025,125.417
1/15/2025,125.417
1/16/2025,125.417
1/17/2025,125.417
1/18/2025,125.417
1/19/2025,125.417
1/20/2025,125.417
1/21/2025,125.417
1/22/2025,125.417
1/23/2025,125.417
1/24/2025,125.417
1/25/2025,125.417
1/26/2025,125.417
1/27/2025,125.417
1/28/2025,125.417
1/29/2025,125.417
1/30/2025,125.417
1/31/2025,125.417
2/1/2025,125.921
2/2/2025,125.921
2/3/2025,125.921
2/4/2025,125.921
2/5/2025,125.921
2/6/2025,125.921
2/7/2025,125.921
2/8/2025,125.921
2/9/2025,125.921
2/10/2025,125.921
2/11/2025,125.921
2/12/2025,125.921
2/13/2025,125.921
2/14/2025,125.921
2/15/2025,125.921
2/16/2025,125.921
2/17/2025,125.921
2/18/2025,125.921
2/19/2025,125.921
2/20/2025,125.921
2/21/2025,125.921
2/22/2025,125.921
2/23/2025,125.921
2/24/2025,125.921
2/25/2025,125.921
2/26/2025,125.921
2/27/2025,125.921
2/28/2025,125.921
3/1/2025,125.941
3/2/2025,125.941
3/3/2025,125.941
3/4/2025,125.941
3/5/2025,125.941
3/6/2025,125.941
3/7/2025,125.941
3/8/2025,125.941
3/9/2025,125.941
3/10/2025,125.941
3/11/2025,125.941
3/12/2025,125.941
3/13/2025,125.941
3/14/2025,125.941
3/15/2025,125.941
3/16/2025,125.941
3/17/2025,125.941
3/18/2025,125.941
3/19/2025,125.941
3/20/2025,125.941
3/21/2025,125.941
3/22/2025,125.941
3/23/2025,125.941
3/24/2025,125.941
3/25/2025,125.941
3/26/2025,125.941
3/27/2025,125.941
3/28/2025,125.941
3/29/2025,125.941
3/30/2025,125.941
3/31/2025,125.941
4/1/2025,126.15
4/2/2025,126.15
4/3/2025,126.15
4/4/2025,126.15
4/5/2025,126.15
4/6/2025,126.15
4/7/2025,126.15
4/8/2025,126.15
4/9/2025,126.15
4/10/2025,126.15
4/11/2025,126.15
4/12/2025,126.15
4/13/2025,126.15
4/14/2025,126.15
4/15/2025,126.15
4/16/2025,126.15
4/17/2025,126.15
4/18/2025,126.15
4/19/2025,126.15
4/20/2025,126.15
4/21/2025,126.15
4/22/2025,126.15
4/23/2025,126.15
4/24/2025,126.15
4/25/2025,126.15
4/26/2025,126.15
4/27/2025,126.15
4/28/2025,126.15
4/29/2025,126.15
4/30/2025,126.15
5/1/2025,126.38
5/2/2025,126.38
5/3/2025,126.38
5/4/2025,126.38
5/5/2025,126.38
5/6/2025,126.38
5/7/2025,126.38
5/8/2025,126.38
5/9/2025,126.38
5/10/2025,126.38
5/11/2025,126.38
5/12/2025,126.38
5/13/2025,126.38
5/14/2025,126.38
5/15/2025,126.38
5/16/2025,126.38
5/17/2025,126.38
5/18/2025,126.38
5/19/2025,126.38
5/20/2025,126.38
5/21/2025,126.38
5/22/2025,126.38
5/23/2025,126.38
5/24/2025,126.38
5/25/2025,126.38
5/26/2025,126.38
5/27/2025,126.38
5/28/2025,126.38
5/29/2025,126.38
5/30/2025,126.38
5/31/2025,126.38
6/1/2025,126.743
6/2/2025,126.743
6/3/2025,126.743
6/4/2025,126.743
6/5/2025,126.743
6/6/2025,126.743
6/7/2025,126.743
6/8/2025,126.743
6/9/2025,126.743
6/10/2025,126.743
6/11/2025,126.743
6/12/2025,126.743
6/13/2025,126.743
6/14/2025,126.743
6/15/2025,126.743
6/16/2025,126.743
6/17/2025,126.743
6/18/2025,126.743
6/19/2025,126.743
6/20/2025,126.743
6/21/2025,126.743
6/22/2025,126.743
6/23/2025,126.743
6/24/2025,126.743
6/25/2025,126.743
6/26/2025,126.743
6/27/2025,126.743
6/28/2025,126.743
6/29/2025,126.743
6/30/2025,126.743
7/1/2025,126.96
7/2/2025,126.96
7/3/2025,126.96
7/4/2025,126.96
7/5/2025,126.96
7/6/2025,126.96
7/7/2025,126.96
7/8/2025,126.96
7/9/2025,126.96
7/10/2025,126.96
7/11/2025,126.96
7/12/2025,126.96
7/13/2025,126.96
7/14/2025,126.96
7/15/2025,126.96
7/16/2025,126.96
7/17/2025,126.96
7/18/2025,126.96
7/19/2025,126.96
7/20/2025,126.96
7/21/2025,126.96
7/22/2025,126.96
7/23/2025,126.96
7/24/2025,126.96
7/25/2025,126.96
7/26/2025,126.96
7/27/2025,126.96
7/28/2025,126.96
7/29/2025,126.96
7/30/2025,126.96
7/31/2025,126.96
8/1/2025,127.293
8/2/2025,127.293
8/3/2025,127.293
8/4/2025,127.293
8/5/2025,127.293
8/6/2025,127.293
8/7/2025,127.293
8/8/2025,127.293
8/9/2025,127.293
8/10/2025,127.293
8/11/2025,127.293
8/12/2025,127.293
8/13/2025,127.293
8/14/2025,127.293
8/15/2025,127.293
8/16/2025,127.293
8/17/2025,127.293
8/18/2025,127.293
8/19/2025,127.293
8/20/2025,127.293
8/21/2025,127.293
8/22/2025,127.293
8/23/2025,127.293
8/24/2025,127.293
8/25/2025,127.293
8/26/2025,127.293
8/27/2025,127.293
8/28/2025,127.293
8/29/2025,127.293
8/30/2025,127.293
8/31/2025,127.293
9/1/2025,127.625
9/2/2025,127.625
9/3/2025,127.625
9/4/2025,127.625
9/5/2025,127.625
9/6/2025,127.625
9/7/2025,127.625
9/8/2025,127.625
9/9/2025,127.625
9/10/2025,127.625
9/11/2025,127.625
9/12/2025,127.625
9/13/2025,127.625
9/14/2025,127.625
9/15/2025,127.625
9/16/2025,127.625
9/17/2025,127.625
9/18/2025,127.625
9/19/2025,127.625
9/20/2025,127.625
9/21/2025,127.625
9/22/2025,127.625
9/23/2025,127.625
9/24/2025,127.625
9/25/2025,127.625
9/26/2025,127.625
9/27/2025,127.625
9/28/2025,127.625
9/29/2025,127.625
9/30/2025,127.625
10/1/2025,127.828
10/2/2025,127.828
10/3/2025,127.828
10/4/2025,127.828
10/5/2025,127.828
10/6/2025,127.828
10/7/2025,127.828
10/8/2025,127.828
10/9/2025,127.828
10/10/2025,127.828
10/11/2025,127.828
10/12/2025,127.828
10/13/2025,127.828
10/14/2025,127.828
10/15/2025,127.828
10/16/2025,127.828
10/17/2025,127.828
10/18/2025,127.828
10/19/2025,127.828
10/20/2025,127.828
10/21/2025,127.828
10/22/2025,127.828
10/23/2025,127.828
10/24/2025,127.828
10/25/2025,127.828
10/26/2025,127.828
10/27/2025,127.828
10/28/2025,127.828
10/29/2025,127.828
10/30/2025,127.828
10/31/2025,127.828
11/1/2025,128.093
11/2/2025,128.093
11/3/2025,128.093
11/4/2025,128.093
11/5/2025,128.093
11/6/2025,128.093
11/7/2025,128.093
11/8/2025,128.093
11/9/2025,128.093
11/10/2025,128.093
11/11/2025,128.093
11/12/2025,128.093
11/13/2025,128.093
11/14/2025,128.093
11/15/2025,128.093
11/16/2025,128.093
11/17/2025,128.093
11/18/2025,128.093
11/19/2025,128.093
11/20/2025,128.093
11/21/2025,128.093
11/22/2025,128.093
11/23/2025,128.093
11/24/2025,128.093
11/25/2025,128.093
11/26/2025,128.093
11/27/2025,128.093
11/28/2025,128.093
11/29/2025,128.093
11/30/2025,128.093
