Date,Value,1-Month % Change,12-Month % Change
11/01/2009,100.2, N/A, N/A
11/02/2009,100.2, N/A, N/A
11/03/2009,100.2, N/A, N/A
11/04/2009,100.2, N/A, N/A
11/05/2009,100.2, N/A, N/A
11/06/2009,100.2, N/A, N/A
11/07/2009,100.2, N/A, N/A
11/08/2009,100.2, N/A, N/A
11/09/2009,100.2, N/A, N/A
11/10/2009,100.2, N/A, N/A
11/11/2009,100.2, N/A, N/A
11/12/2009,100.2, N/A, N/A
11/13/2009,100.2, N/A, N/A
11/14/2009,100.2, N/A, N/A
11/15/2009,100.2, N/A, N/A
11/16/2009,100.2, N/A, N/A
11/17/2009,100.2, N/A, N/A
11/18/2009,100.2, N/A, N/A
11/19/2009,100.2, N/A, N/A
11/20/2009,100.2, N/A, N/A
11/21/2009,100.2, N/A, N/A
11/22/2009,100.2, N/A, N/A
11/23/2009,100.2, N/A, N/A
11/24/2009,100.2, N/A, N/A
11/25/2009,100.2, N/A, N/A
11/26/2009,100.2, N/A, N/A
11/27/2009,100.2, N/A, N/A
11/28/2009,100.2, N/A, N/A
11/29/2009,100.2, N/A, N/A
11/30/2009,100.2, N/A, N/A
12/01/2009,100.3,0.1, N/A
12/02/2009,100.3,0.1, N/A
12/03/2009,100.3,0.1, N/A
12/04/2009,100.3,0.1, N/A
12/05/2009,100.3,0.1, N/A
12/06/2009,100.3,0.1, N/A
12/07/2009,100.3,0.1, N/A
12/08/2009,100.3,0.1, N/A
12/09/2009,100.3,0.1, N/A
12/10/2009,100.3,0.1, N/A
12/11/2009,100.3,0.1, N/A
12/12/2009,100.3,0.1, N/A
12/13/2009,100.3,0.1, N/A
12/14/2009,100.3,0.1, N/A
12/15/2009,100.3,0.1, N/A
12/16/2009,100.3,0.1, N/A
12/17/2009,100.3,0.1, N/A
12/18/2009,100.3,0.1, N/A
12/19/2009,100.3,0.1, N/A
12/20/2009,100.3,0.1, N/A
12/21/2009,100.3,0.1, N/A
12/22/2009,100.3,0.1, N/A
12/23/2009,100.3,0.1, N/A
12/24/2009,100.3,0.1, N/A
12/25/2009,100.3,0.1, N/A
12/26/2009,100.3,0.1, N/A
12/27/2009,100.3,0.1, N/A
12/28/2009,100.3,0.1, N/A
12/29/2009,100.3,0.1, N/A
12/30/2009,100.3,0.1, N/A
12/31/2009,100.3,0.1, N/A
01/01/2010,101.2,0.9, N/A
01/02/2010,101.2,0.9, N/A
01/03/2010,101.2,0.9, N/A
01/04/2010,101.2,0.9, N/A
01/05/2010,101.2,0.9, N/A
01/06/2010,101.2,0.9, N/A
01/07/2010,101.2,0.9, N/A
01/08/2010,101.2,0.9, N/A
01/09/2010,101.2,0.9, N/A
01/10/2010,101.2,0.9, N/A
01/11/2010,101.2,0.9, N/A
01/12/2010,101.2,0.9, N/A
01/13/2010,101.2,0.9, N/A
01/14/2010,101.2,0.9, N/A
01/15/2010,101.2,0.9, N/A
01/16/2010,101.2,0.9, N/A
01/17/2010,101.2,0.9, N/A
01/18/2010,101.2,0.9, N/A
01/19/2010,101.2,0.9, N/A
01/20/2010,101.2,0.9, N/A
01/21/2010,101.2,0.9, N/A
01/22/2010,101.2,0.9, N/A
01/23/2010,101.2,0.9, N/A
01/24/2010,101.2,0.9, N/A
01/25/2010,101.2,0.9, N/A
01/26/2010,101.2,0.9, N/A
01/27/2010,101.2,0.9, N/A
01/28/2010,101.2,0.9, N/A
01/29/2010,101.2,0.9, N/A
01/30/2010,101.2,0.9, N/A
01/31/2010,101.2,0.9, N/A
02/01/2010,101.0,-0.2, N/A
02/02/2010,101.0,-0.2, N/A
02/03/2010,101.0,-0.2, N/A
02/04/2010,101.0,-0.2, N/A
02/05/2010,101.0,-0.2, N/A
02/06/2010,101.0,-0.2, N/A
02/07/2010,101.0,-0.2, N/A
02/08/2010,101.0,-0.2, N/A
02/09/2010,101.0,-0.2, N/A
02/10/2010,101.0,-0.2, N/A
02/11/2010,101.0,-0.2, N/A
02/12/2010,101.0,-0.2, N/A
02/13/2010,101.0,-0.2, N/A
02/14/2010,101.0,-0.2, N/A
02/15/2010,101.0,-0.2, N/A
02/16/2010,101.0,-0.2, N/A
02/17/2010,101.0,-0.2, N/A
02/18/2010,101.0,-0.2, N/A
02/19/2010,101.0,-0.2, N/A
02/20/2010,101.0,-0.2, N/A
02/21/2010,101.0,-0.2, N/A
02/22/2010,101.0,-0.2, N/A
02/23/2010,101.0,-0.2, N/A
02/24/2010,101.0,-0.2, N/A
02/25/2010,101.0,-0.2, N/A
02/26/2010,101.0,-0.2, N/A
02/27/2010,101.0,-0.2, N/A
02/28/2010,101.0,-0.2, N/A
03/01/2010,101.1,0.1, N/A
03/02/2010,101.1,0.1, N/A
03/03/2010,101.1,0.1, N/A
03/04/2010,101.1,0.1, N/A
03/05/2010,101.1,0.1, N/A
03/06/2010,101.1,0.1, N/A
03/07/2010,101.1,0.1, N/A
03/08/2010,101.1,0.1, N/A
03/09/2010,101.1,0.1, N/A
03/10/2010,101.1,0.1, N/A
03/11/2010,101.1,0.1, N/A
03/12/2010,101.1,0.1, N/A
03/13/2010,101.1,0.1, N/A
03/14/2010,101.1,0.1, N/A
03/15/2010,101.1,0.1, N/A
03/16/2010,101.1,0.1, N/A
03/17/2010,101.1,0.1, N/A
03/18/2010,101.1,0.1, N/A
03/19/2010,101.1,0.1, N/A
03/20/2010,101.1,0.1, N/A
03/21/2010,101.1,0.1, N/A
03/22/2010,101.1,0.1, N/A
03/23/2010,101.1,0.1, N/A
03/24/2010,101.1,0.1, N/A
03/25/2010,101.1,0.1, N/A
03/26/2010,101.1,0.1, N/A
03/27/2010,101.1,0.1, N/A
03/28/2010,101.1,0.1, N/A
03/29/2010,101.1,0.1, N/A
03/30/2010,101.1,0.1, N/A
03/31/2010,101.1,0.1, N/A
04/01/2010,101.4,0.3, N/A
04/02/2010,101.4,0.3, N/A
04/03/2010,101.4,0.3, N/A
04/04/2010,101.4,0.3, N/A
04/05/2010,101.4,0.3, N/A
04/06/2010,101.4,0.3, N/A
04/07/2010,101.4,0.3, N/A
04/08/2010,101.4,0.3, N/A
04/09/2010,101.4,0.3, N/A
04/10/2010,101.4,0.3, N/A
04/11/2010,101.4,0.3, N/A
04/12/2010,101.4,0.3, N/A
04/13/2010,101.4,0.3, N/A
04/14/2010,101.4,0.3, N/A
04/15/2010,101.4,0.3, N/A
04/16/2010,101.4,0.3, N/A
04/17/2010,101.4,0.3, N/A
04/18/2010,101.4,0.3, N/A
04/19/2010,101.4,0.3, N/A
04/20/2010,101.4,0.3, N/A
04/21/2010,101.4,0.3, N/A
04/22/2010,101.4,0.3, N/A
04/23/2010,101.4,0.3, N/A
04/24/2010,101.4,0.3, N/A
04/25/2010,101.4,0.3, N/A
04/26/2010,101.4,0.3, N/A
04/27/2010,101.4,0.3, N/A
04/28/2010,101.4,0.3, N/A
04/29/2010,101.4,0.3, N/A
04/30/2010,101.4,0.3, N/A
05/01/2010,101.6,0.2, N/A
05/02/2010,101.6,0.2, N/A
05/03/2010,101.6,0.2, N/A
05/04/2010,101.6,0.2, N/A
05/05/2010,101.6,0.2, N/A
05/06/2010,101.6,0.2, N/A
05/07/2010,101.6,0.2, N/A
05/08/2010,101.6,0.2, N/A
05/09/2010,101.6,0.2, N/A
05/10/2010,101.6,0.2, N/A
05/11/2010,101.6,0.2, N/A
05/12/2010,101.6,0.2, N/A
05/13/2010,101.6,0.2, N/A
05/14/2010,101.6,0.2, N/A
05/15/2010,101.6,0.2, N/A
05/16/2010,101.6,0.2, N/A
05/17/2010,101.6,0.2, N/A
05/18/2010,101.6,0.2, N/A
05/19/2010,101.6,0.2, N/A
05/20/2010,101.6,0.2, N/A
05/21/2010,101.6,0.2, N/A
05/22/2010,101.6,0.2, N/A
05/23/2010,101.6,0.2, N/A
05/24/2010,101.6,0.2, N/A
05/25/2010,101.6,0.2, N/A
05/26/2010,101.6,0.2, N/A
05/27/2010,101.6,0.2, N/A
05/28/2010,101.6,0.2, N/A
05/29/2010,101.6,0.2, N/A
05/30/2010,101.6,0.2, N/A
05/31/2010,101.6,0.2, N/A
06/01/2010,101.4,-0.2, N/A
06/02/2010,101.4,-0.2, N/A
06/03/2010,101.4,-0.2, N/A
06/04/2010,101.4,-0.2, N/A
06/05/2010,101.4,-0.2, N/A
06/06/2010,101.4,-0.2, N/A
06/07/2010,101.4,-0.2, N/A
06/08/2010,101.4,-0.2, N/A
06/09/2010,101.4,-0.2, N/A
06/10/2010,101.4,-0.2, N/A
06/11/2010,101.4,-0.2, N/A
06/12/2010,101.4,-0.2, N/A
06/13/2010,101.4,-0.2, N/A
06/14/2010,101.4,-0.2, N/A
06/15/2010,101.4,-0.2, N/A
06/16/2010,101.4,-0.2, N/A
06/17/2010,101.4,-0.2, N/A
06/18/2010,101.4,-0.2, N/A
06/19/2010,101.4,-0.2, N/A
06/20/2010,101.4,-0.2, N/A
06/21/2010,101.4,-0.2, N/A
06/22/2010,101.4,-0.2, N/A
06/23/2010,101.4,-0.2, N/A
06/24/2010,101.4,-0.2, N/A
06/25/2010,101.4,-0.2, N/A
06/26/2010,101.4,-0.2, N/A
06/27/2010,101.4,-0.2, N/A
06/28/2010,101.4,-0.2, N/A
06/29/2010,101.4,-0.2, N/A
06/30/2010,101.4,-0.2, N/A
07/01/2010,101.6,0.2, N/A
07/02/2010,101.6,0.2, N/A
07/03/2010,101.6,0.2, N/A
07/04/2010,101.6,0.2, N/A
07/05/2010,101.6,0.2, N/A
07/06/2010,101.6,0.2, N/A
07/07/2010,101.6,0.2, N/A
07/08/2010,101.6,0.2, N/A
07/09/2010,101.6,0.2, N/A
07/10/2010,101.6,0.2, N/A
07/11/2010,101.6,0.2, N/A
07/12/2010,101.6,0.2, N/A
07/13/2010,101.6,0.2, N/A
07/14/2010,101.6,0.2, N/A
07/15/2010,101.6,0.2, N/A
07/16/2010,101.6,0.2, N/A
07/17/2010,101.6,0.2, N/A
07/18/2010,101.6,0.2, N/A
07/19/2010,101.6,0.2, N/A
07/20/2010,101.6,0.2, N/A
07/21/2010,101.6,0.2, N/A
07/22/2010,101.6,0.2, N/A
07/23/2010,101.6,0.2, N/A
07/24/2010,101.6,0.2, N/A
07/25/2010,101.6,0.2, N/A
07/26/2010,101.6,0.2, N/A
07/27/2010,101.6,0.2, N/A
07/28/2010,101.6,0.2, N/A
07/29/2010,101.6,0.2, N/A
07/30/2010,101.6,0.2, N/A
07/31/2010,101.6,0.2, N/A
08/01/2010,101.8,0.2, N/A
08/02/2010,101.8,0.2, N/A
08/03/2010,101.8,0.2, N/A
08/04/2010,101.8,0.2, N/A
08/05/2010,101.8,0.2, N/A
08/06/2010,101.8,0.2, N/A
08/07/2010,101.8,0.2, N/A
08/08/2010,101.8,0.2, N/A
08/09/2010,101.8,0.2, N/A
08/10/2010,101.8,0.2, N/A
08/11/2010,101.8,0.2, N/A
08/12/2010,101.8,0.2, N/A
08/13/2010,101.8,0.2, N/A
08/14/2010,101.8,0.2, N/A
08/15/2010,101.8,0.2, N/A
08/16/2010,101.8,0.2, N/A
08/17/2010,101.8,0.2, N/A
08/18/2010,101.8,0.2, N/A
08/19/2010,101.8,0.2, N/A
08/20/2010,101.8,0.2, N/A
08/21/2010,101.8,0.2, N/A
08/22/2010,101.8,0.2, N/A
08/23/2010,101.8,0.2, N/A
08/24/2010,101.8,0.2, N/A
08/25/2010,101.8,0.2, N/A
08/26/2010,101.8,0.2, N/A
08/27/2010,101.8,0.2, N/A
08/28/2010,101.8,0.2, N/A
08/29/2010,101.8,0.2, N/A
08/30/2010,101.8,0.2, N/A
08/31/2010,101.8,0.2, N/A
09/01/2010,102.1,0.3, N/A
09/02/2010,102.1,0.3, N/A
09/03/2010,102.1,0.3, N/A
09/04/2010,102.1,0.3, N/A
09/05/2010,102.1,0.3, N/A
09/06/2010,102.1,0.3, N/A
09/07/2010,102.1,0.3, N/A
09/08/2010,102.1,0.3, N/A
09/09/2010,102.1,0.3, N/A
09/10/2010,102.1,0.3, N/A
09/11/2010,102.1,0.3, N/A
09/12/2010,102.1,0.3, N/A
09/13/2010,102.1,0.3, N/A
09/14/2010,102.1,0.3, N/A
09/15/2010,102.1,0.3, N/A
09/16/2010,102.1,0.3, N/A
09/17/2010,102.1,0.3, N/A
09/18/2010,102.1,0.3, N/A
09/19/2010,102.1,0.3, N/A
09/20/2010,102.1,0.3, N/A
09/21/2010,102.1,0.3, N/A
09/22/2010,102.1,0.3, N/A
09/23/2010,102.1,0.3, N/A
09/24/2010,102.1,0.3, N/A
09/25/2010,102.1,0.3, N/A
09/26/2010,102.1,0.3, N/A
09/27/2010,102.1,0.3, N/A
09/28/2010,102.1,0.3, N/A
09/29/2010,102.1,0.3, N/A
09/30/2010,102.1,0.3, N/A
10/01/2010,102.5,0.4, N/A
10/02/2010,102.5,0.4, N/A
10/03/2010,102.5,0.4, N/A
10/04/2010,102.5,0.4, N/A
10/05/2010,102.5,0.4, N/A
10/06/2010,102.5,0.4, N/A
10/07/2010,102.5,0.4, N/A
10/08/2010,102.5,0.4, N/A
10/09/2010,102.5,0.4, N/A
10/10/2010,102.5,0.4, N/A
10/11/2010,102.5,0.4, N/A
10/12/2010,102.5,0.4, N/A
10/13/2010,102.5,0.4, N/A
10/14/2010,102.5,0.4, N/A
10/15/2010,102.5,0.4, N/A
10/16/2010,102.5,0.4, N/A
10/17/2010,102.5,0.4, N/A
10/18/2010,102.5,0.4, N/A
10/19/2010,102.5,0.4, N/A
10/20/2010,102.5,0.4, N/A
10/21/2010,102.5,0.4, N/A
10/22/2010,102.5,0.4, N/A
10/23/2010,102.5,0.4, N/A
10/24/2010,102.5,0.4, N/A
10/25/2010,102.5,0.4, N/A
10/26/2010,102.5,0.4, N/A
10/27/2010,102.5,0.4, N/A
10/28/2010,102.5,0.4, N/A
10/29/2010,102.5,0.4, N/A
10/30/2010,102.5,0.4, N/A
10/31/2010,102.5,0.4, N/A
11/01/2010,102.8,0.3,2.6
11/02/2010,102.8,0.3,2.6
11/03/2010,102.8,0.3,2.6
11/04/2010,102.8,0.3,2.6
11/05/2010,102.8,0.3,2.6
11/06/2010,102.8,0.3,2.6
11/07/2010,102.8,0.3,2.6
11/08/2010,102.8,0.3,2.6
11/09/2010,102.8,0.3,2.6
11/10/2010,102.8,0.3,2.6
11/11/2010,102.8,0.3,2.6
11/12/2010,102.8,0.3,2.6
11/13/2010,102.8,0.3,2.6
11/14/2010,102.8,0.3,2.6
11/15/2010,102.8,0.3,2.6
11/16/2010,102.8,0.3,2.6
11/17/2010,102.8,0.3,2.6
11/18/2010,102.8,0.3,2.6
11/19/2010,102.8,0.3,2.6
11/20/2010,102.8,0.3,2.6
11/21/2010,102.8,0.3,2.6
11/22/2010,102.8,0.3,2.6
11/23/2010,102.8,0.3,2.6
11/24/2010,102.8,0.3,2.6
11/25/2010,102.8,0.3,2.6
11/26/2010,102.8,0.3,2.6
11/27/2010,102.8,0.3,2.6
11/28/2010,102.8,0.3,2.6
11/29/2010,102.8,0.3,2.6
11/30/2010,102.8,0.3,2.6
12/01/2010,103.1,0.3,2.8
12/02/2010,103.1,0.3,2.8
12/03/2010,103.1,0.3,2.8
12/04/2010,103.1,0.3,2.8
12/05/2010,103.1,0.3,2.8
12/06/2010,103.1,0.3,2.8
12/07/2010,103.1,0.3,2.8
12/08/2010,103.1,0.3,2.8
12/09/2010,103.1,0.3,2.8
12/10/2010,103.1,0.3,2.8
12/11/2010,103.1,0.3,2.8
12/12/2010,103.1,0.3,2.8
12/13/2010,103.1,0.3,2.8
12/14/2010,103.1,0.3,2.8
12/15/2010,103.1,0.3,2.8
12/16/2010,103.1,0.3,2.8
12/17/2010,103.1,0.3,2.8
12/18/2010,103.1,0.3,2.8
12/19/2010,103.1,0.3,2.8
12/20/2010,103.1,0.3,2.8
12/21/2010,103.1,0.3,2.8
12/22/2010,103.1,0.3,2.8
12/23/2010,103.1,0.3,2.8
12/24/2010,103.1,0.3,2.8
12/25/2010,103.1,0.3,2.8
12/26/2010,103.1,0.3,2.8
12/27/2010,103.1,0.3,2.8
12/28/2010,103.1,0.3,2.8
12/29/2010,103.1,0.3,2.8
12/30/2010,103.1,0.3,2.8
12/31/2010,103.1,0.3,2.8
01/01/2011,103.7,0.6,2.5
01/02/2011,103.7,0.6,2.5
01/03/2011,103.7,0.6,2.5
01/04/2011,103.7,0.6,2.5
01/05/2011,103.7,0.6,2.5
01/06/2011,103.7,0.6,2.5
01/07/2011,103.7,0.6,2.5
01/08/2011,103.7,0.6,2.5
01/09/2011,103.7,0.6,2.5
01/10/2011,103.7,0.6,2.5
01/11/2011,103.7,0.6,2.5
01/12/2011,103.7,0.6,2.5
01/13/2011,103.7,0.6,2.5
01/14/2011,103.7,0.6,2.5
01/15/2011,103.7,0.6,2.5
01/16/2011,103.7,0.6,2.5
01/17/2011,103.7,0.6,2.5
01/18/2011,103.7,0.6,2.5
01/19/2011,103.7,0.6,2.5
01/20/2011,103.7,0.6,2.5
01/21/2011,103.7,0.6,2.5
01/22/2011,103.7,0.6,2.5
01/23/2011,103.7,0.6,2.5
01/24/2011,103.7,0.6,2.5
01/25/2011,103.7,0.6,2.5
01/26/2011,103.7,0.6,2.5
01/27/2011,103.7,0.6,2.5
01/28/2011,103.7,0.6,2.5
01/29/2011,103.7,0.6,2.5
01/30/2011,103.7,0.6,2.5
01/31/2011,103.7,0.6,2.5
02/01/2011,104.3,0.6,3.3
02/02/2011,104.3,0.6,3.3
02/03/2011,104.3,0.6,3.3
02/04/2011,104.3,0.6,3.3
02/05/2011,104.3,0.6,3.3
02/06/2011,104.3,0.6,3.3
02/07/2011,104.3,0.6,3.3
02/08/2011,104.3,0.6,3.3
02/09/2011,104.3,0.6,3.3
02/10/2011,104.3,0.6,3.3
02/11/2011,104.3,0.6,3.3
02/12/2011,104.3,0.6,3.3
02/13/2011,104.3,0.6,3.3
02/14/2011,104.3,0.6,3.3
02/15/2011,104.3,0.6,3.3
02/16/2011,104.3,0.6,3.3
02/17/2011,104.3,0.6,3.3
02/18/2011,104.3,0.6,3.3
02/19/2011,104.3,0.6,3.3
02/20/2011,104.3,0.6,3.3
02/21/2011,104.3,0.6,3.3
02/22/2011,104.3,0.6,3.3
02/23/2011,104.3,0.6,3.3
02/24/2011,104.3,0.6,3.3
02/25/2011,104.3,0.6,3.3
02/26/2011,104.3,0.6,3.3
02/27/2011,104.3,0.6,3.3
02/28/2011,104.3,0.6,3.3
03/01/2011,105.0,0.7,3.9
03/02/2011,105.0,0.7,3.9
03/03/2011,105.0,0.7,3.9
03/04/2011,105.0,0.7,3.9
03/05/2011,105.0,0.7,3.9
03/06/2011,105.0,0.7,3.9
03/07/2011,105.0,0.7,3.9
03/08/2011,105.0,0.7,3.9
03/09/2011,105.0,0.7,3.9
03/10/2011,105.0,0.7,3.9
03/11/2011,105.0,0.7,3.9
03/12/2011,105.0,0.7,3.9
03/13/2011,105.0,0.7,3.9
03/14/2011,105.0,0.7,3.9
03/15/2011,105.0,0.7,3.9
03/16/2011,105.0,0.7,3.9
03/17/2011,105.0,0.7,3.9
03/18/2011,105.0,0.7,3.9
03/19/2011,105.0,0.7,3.9
03/20/2011,105.0,0.7,3.9
03/21/2011,105.0,0.7,3.9
03/22/2011,105.0,0.7,3.9
03/23/2011,105.0,0.7,3.9
03/24/2011,105.0,0.7,3.9
03/25/2011,105.0,0.7,3.9
03/26/2011,105.0,0.7,3.9
03/27/2011,105.0,0.7,3.9
03/28/2011,105.0,0.7,3.9
03/29/2011,105.0,0.7,3.9
03/30/2011,105.0,0.7,3.9
03/31/2011,105.0,0.7,3.9
04/01/2011,105.5,0.5,4.0
04/02/2011,105.5,0.5,4.0
04/03/2011,105.5,0.5,4.0
04/04/2011,105.5,0.5,4.0
04/05/2011,105.5,0.5,4.0
04/06/2011,105.5,0.5,4.0
04/07/2011,105.5,0.5,4.0
04/08/2011,105.5,0.5,4.0
04/09/2011,105.5,0.5,4.0
04/10/2011,105.5,0.5,4.0
04/11/2011,105.5,0.5,4.0
04/12/2011,105.5,0.5,4.0
04/13/2011,105.5,0.5,4.0
04/14/2011,105.5,0.5,4.0
04/15/2011,105.5,0.5,4.0
04/16/2011,105.5,0.5,4.0
04/17/2011,105.5,0.5,4.0
04/18/2011,105.5,0.5,4.0
04/19/2011,105.5,0.5,4.0
04/20/2011,105.5,0.5,4.0
04/21/2011,105.5,0.5,4.0
04/22/2011,105.5,0.5,4.0
04/23/2011,105.5,0.5,4.0
04/24/2011,105.5,0.5,4.0
04/25/2011,105.5,0.5,4.0
04/26/2011,105.5,0.5,4.0
04/27/2011,105.5,0.5,4.0
04/28/2011,105.5,0.5,4.0
04/29/2011,105.5,0.5,4.0
04/30/2011,105.5,0.5,4.0
05/01/2011,105.8,0.3,4.1
05/02/2011,105.8,0.3,4.1
05/03/2011,105.8,0.3,4.1
05/04/2011,105.8,0.3,4.1
05/05/2011,105.8,0.3,4.1
05/06/2011,105.8,0.3,4.1
05/07/2011,105.8,0.3,4.1
05/08/2011,105.8,0.3,4.1
05/09/2011,105.8,0.3,4.1
05/10/2011,105.8,0.3,4.1
05/11/2011,105.8,0.3,4.1
05/12/2011,105.8,0.3,4.1
05/13/2011,105.8,0.3,4.1
05/14/2011,105.8,0.3,4.1
05/15/2011,105.8,0.3,4.1
05/16/2011,105.8,0.3,4.1
05/17/2011,105.8,0.3,4.1
05/18/2011,105.8,0.3,4.1
05/19/2011,105.8,0.3,4.1
05/20/2011,105.8,0.3,4.1
05/21/2011,105.8,0.3,4.1
05/22/2011,105.8,0.3,4.1
05/23/2011,105.8,0.3,4.1
05/24/2011,105.8,0.3,4.1
05/25/2011,105.8,0.3,4.1
05/26/2011,105.8,0.3,4.1
05/27/2011,105.8,0.3,4.1
05/28/2011,105.8,0.3,4.1
05/29/2011,105.8,0.3,4.1
05/30/2011,105.8,0.3,4.1
05/31/2011,105.8,0.3,4.1
06/01/2011,105.9,0.1,4.4
06/02/2011,105.9,0.1,4.4
06/03/2011,105.9,0.1,4.4
06/04/2011,105.9,0.1,4.4
06/05/2011,105.9,0.1,4.4
06/06/2011,105.9,0.1,4.4
06/07/2011,105.9,0.1,4.4
06/08/2011,105.9,0.1,4.4
06/09/2011,105.9,0.1,4.4
06/10/2011,105.9,0.1,4.4
06/11/2011,105.9,0.1,4.4
06/12/2011,105.9,0.1,4.4
06/13/2011,105.9,0.1,4.4
06/14/2011,105.9,0.1,4.4
06/15/2011,105.9,0.1,4.4
06/16/2011,105.9,0.1,4.4
06/17/2011,105.9,0.1,4.4
06/18/2011,105.9,0.1,4.4
06/19/2011,105.9,0.1,4.4
06/20/2011,105.9,0.1,4.4
06/21/2011,105.9,0.1,4.4
06/22/2011,105.9,0.1,4.4
06/23/2011,105.9,0.1,4.4
06/24/2011,105.9,0.1,4.4
06/25/2011,105.9,0.1,4.4
06/26/2011,105.9,0.1,4.4
06/27/2011,105.9,0.1,4.4
06/28/2011,105.9,0.1,4.4
06/29/2011,105.9,0.1,4.4
06/30/2011,105.9,0.1,4.4
07/01/2011,106.1,0.2,4.4
07/02/2011,106.1,0.2,4.4
07/03/2011,106.1,0.2,4.4
07/04/2011,106.1,0.2,4.4
07/05/2011,106.1,0.2,4.4
07/06/2011,106.1,0.2,4.4
07/07/2011,106.1,0.2,4.4
07/08/2011,106.1,0.2,4.4
07/09/2011,106.1,0.2,4.4
07/10/2011,106.1,0.2,4.4
07/11/2011,106.1,0.2,4.4
07/12/2011,106.1,0.2,4.4
07/13/2011,106.1,0.2,4.4
07/14/2011,106.1,0.2,4.4
07/15/2011,106.1,0.2,4.4
07/16/2011,106.1,0.2,4.4
07/17/2011,106.1,0.2,4.4
07/18/2011,106.1,0.2,4.4
07/19/2011,106.1,0.2,4.4
07/20/2011,106.1,0.2,4.4
07/21/2011,106.1,0.2,4.4
07/22/2011,106.1,0.2,4.4
07/23/2011,106.1,0.2,4.4
07/24/2011,106.1,0.2,4.4
07/25/2011,106.1,0.2,4.4
07/26/2011,106.1,0.2,4.4
07/27/2011,106.1,0.2,4.4
07/28/2011,106.1,0.2,4.4
07/29/2011,106.1,0.2,4.4
07/30/2011,106.1,0.2,4.4
07/31/2011,106.1,0.2,4.4
08/01/2011,106.3,0.2,4.4
08/02/2011,106.3,0.2,4.4
08/03/2011,106.3,0.2,4.4
08/04/2011,106.3,0.2,4.4
08/05/2011,106.3,0.2,4.4
08/06/2011,106.3,0.2,4.4
08/07/2011,106.3,0.2,4.4
08/08/2011,106.3,0.2,4.4
08/09/2011,106.3,0.2,4.4
08/10/2011,106.3,0.2,4.4
08/11/2011,106.3,0.2,4.4
08/12/2011,106.3,0.2,4.4
08/13/2011,106.3,0.2,4.4
08/14/2011,106.3,0.2,4.4
08/15/2011,106.3,0.2,4.4
08/16/2011,106.3,0.2,4.4
08/17/2011,106.3,0.2,4.4
08/18/2011,106.3,0.2,4.4
08/19/2011,106.3,0.2,4.4
08/20/2011,106.3,0.2,4.4
08/21/2011,106.3,0.2,4.4
08/22/2011,106.3,0.2,4.4
08/23/2011,106.3,0.2,4.4
08/24/2011,106.3,0.2,4.4
08/25/2011,106.3,0.2,4.4
08/26/2011,106.3,0.2,4.4
08/27/2011,106.3,0.2,4.4
08/28/2011,106.3,0.2,4.4
08/29/2011,106.3,0.2,4.4
08/30/2011,106.3,0.2,4.4
08/31/2011,106.3,0.2,4.4
09/01/2011,106.7,0.4,4.5
09/02/2011,106.7,0.4,4.5
09/03/2011,106.7,0.4,4.5
09/04/2011,106.7,0.4,4.5
09/05/2011,106.7,0.4,4.5
09/06/2011,106.7,0.4,4.5
09/07/2011,106.7,0.4,4.5
09/08/2011,106.7,0.4,4.5
09/09/2011,106.7,0.4,4.5
09/10/2011,106.7,0.4,4.5
09/11/2011,106.7,0.4,4.5
09/12/2011,106.7,0.4,4.5
09/13/2011,106.7,0.4,4.5
09/14/2011,106.7,0.4,4.5
09/15/2011,106.7,0.4,4.5
09/16/2011,106.7,0.4,4.5
09/17/2011,106.7,0.4,4.5
09/18/2011,106.7,0.4,4.5
09/19/2011,106.7,0.4,4.5
09/20/2011,106.7,0.4,4.5
09/21/2011,106.7,0.4,4.5
09/22/2011,106.7,0.4,4.5
09/23/2011,106.7,0.4,4.5
09/24/2011,106.7,0.4,4.5
09/25/2011,106.7,0.4,4.5
09/26/2011,106.7,0.4,4.5
09/27/2011,106.7,0.4,4.5
09/28/2011,106.7,0.4,4.5
09/29/2011,106.7,0.4,4.5
09/30/2011,106.7,0.4,4.5
10/01/2011,106.3,-0.4,3.7
10/02/2011,106.3,-0.4,3.7
10/03/2011,106.3,-0.4,3.7
10/04/2011,106.3,-0.4,3.7
10/05/2011,106.3,-0.4,3.7
10/06/2011,106.3,-0.4,3.7
10/07/2011,106.3,-0.4,3.7
10/08/2011,106.3,-0.4,3.7
10/09/2011,106.3,-0.4,3.7
10/10/2011,106.3,-0.4,3.7
10/11/2011,106.3,-0.4,3.7
10/12/2011,106.3,-0.4,3.7
10/13/2011,106.3,-0.4,3.7
10/14/2011,106.3,-0.4,3.7
10/15/2011,106.3,-0.4,3.7
10/16/2011,106.3,-0.4,3.7
10/17/2011,106.3,-0.4,3.7
10/18/2011,106.3,-0.4,3.7
10/19/2011,106.3,-0.4,3.7
10/20/2011,106.3,-0.4,3.7
10/21/2011,106.3,-0.4,3.7
10/22/2011,106.3,-0.4,3.7
10/23/2011,106.3,-0.4,3.7
10/24/2011,106.3,-0.4,3.7
10/25/2011,106.3,-0.4,3.7
10/26/2011,106.3,-0.4,3.7
10/27/2011,106.3,-0.4,3.7
10/28/2011,106.3,-0.4,3.7
10/29/2011,106.3,-0.4,3.7
10/30/2011,106.3,-0.4,3.7
10/31/2011,106.3,-0.4,3.7
11/01/2011,106.6,0.3,3.7
11/02/2011,106.6,0.3,3.7
11/03/2011,106.6,0.3,3.7
11/04/2011,106.6,0.3,3.7
11/05/2011,106.6,0.3,3.7
11/06/2011,106.6,0.3,3.7
11/07/2011,106.6,0.3,3.7
11/08/2011,106.6,0.3,3.7
11/09/2011,106.6,0.3,3.7
11/10/2011,106.6,0.3,3.7
11/11/2011,106.6,0.3,3.7
11/12/2011,106.6,0.3,3.7
11/13/2011,106.6,0.3,3.7
11/14/2011,106.6,0.3,3.7
11/15/2011,106.6,0.3,3.7
11/16/2011,106.6,0.3,3.7
11/17/2011,106.6,0.3,3.7
11/18/2011,106.6,0.3,3.7
11/19/2011,106.6,0.3,3.7
11/20/2011,106.6,0.3,3.7
11/21/2011,106.6,0.3,3.7
11/22/2011,106.6,0.3,3.7
11/23/2011,106.6,0.3,3.7
11/24/2011,106.6,0.3,3.7
11/25/2011,106.6,0.3,3.7
11/26/2011,106.6,0.3,3.7
11/27/2011,106.6,0.3,3.7
11/28/2011,106.6,0.3,3.7
11/29/2011,106.6,0.3,3.7
11/30/2011,106.6,0.3,3.7
12/01/2011,106.5,-0.1,3.3
12/02/2011,106.5,-0.1,3.3
12/03/2011,106.5,-0.1,3.3
12/04/2011,106.5,-0.1,3.3
12/05/2011,106.5,-0.1,3.3
12/06/2011,106.5,-0.1,3.3
12/07/2011,106.5,-0.1,3.3
12/08/2011,106.5,-0.1,3.3
12/09/2011,106.5,-0.1,3.3
12/10/2011,106.5,-0.1,3.3
12/11/2011,106.5,-0.1,3.3
12/12/2011,106.5,-0.1,3.3
12/13/2011,106.5,-0.1,3.3
12/14/2011,106.5,-0.1,3.3
12/15/2011,106.5,-0.1,3.3
12/16/2011,106.5,-0.1,3.3
12/17/2011,106.5,-0.1,3.3
12/18/2011,106.5,-0.1,3.3
12/19/2011,106.5,-0.1,3.3
12/20/2011,106.5,-0.1,3.3
12/21/2011,106.5,-0.1,3.3
12/22/2011,106.5,-0.1,3.3
12/23/2011,106.5,-0.1,3.3
12/24/2011,106.5,-0.1,3.3
12/25/2011,106.5,-0.1,3.3
12/26/2011,106.5,-0.1,3.3
12/27/2011,106.5,-0.1,3.3
12/28/2011,106.5,-0.1,3.3
12/29/2011,106.5,-0.1,3.3
12/30/2011,106.5,-0.1,3.3
12/31/2011,106.5,-0.1,3.3
01/01/2012,106.9,0.4,3.1
01/02/2012,106.9,0.4,3.1
01/03/2012,106.9,0.4,3.1
01/04/2012,106.9,0.4,3.1
01/05/2012,106.9,0.4,3.1
01/06/2012,106.9,0.4,3.1
01/07/2012,106.9,0.4,3.1
01/08/2012,106.9,0.4,3.1
01/09/2012,106.9,0.4,3.1
01/10/2012,106.9,0.4,3.1
01/11/2012,106.9,0.4,3.1
01/12/2012,106.9,0.4,3.1
01/13/2012,106.9,0.4,3.1
01/14/2012,106.9,0.4,3.1
01/15/2012,106.9,0.4,3.1
01/16/2012,106.9,0.4,3.1
01/17/2012,106.9,0.4,3.1
01/18/2012,106.9,0.4,3.1
01/19/2012,106.9,0.4,3.1
01/20/2012,106.9,0.4,3.1
01/21/2012,106.9,0.4,3.1
01/22/2012,106.9,0.4,3.1
01/23/2012,106.9,0.4,3.1
01/24/2012,106.9,0.4,3.1
01/25/2012,106.9,0.4,3.1
01/26/2012,106.9,0.4,3.1
01/27/2012,106.9,0.4,3.1
01/28/2012,106.9,0.4,3.1
01/29/2012,106.9,0.4,3.1
01/30/2012,106.9,0.4,3.1
01/31/2012,106.9,0.4,3.1
02/01/2012,107.2,0.3,2.8
02/02/2012,107.2,0.3,2.8
02/03/2012,107.2,0.3,2.8
02/04/2012,107.2,0.3,2.8
02/05/2012,107.2,0.3,2.8
02/06/2012,107.2,0.3,2.8
02/07/2012,107.2,0.3,2.8
02/08/2012,107.2,0.3,2.8
02/09/2012,107.2,0.3,2.8
02/10/2012,107.2,0.3,2.8
02/11/2012,107.2,0.3,2.8
02/12/2012,107.2,0.3,2.8
02/13/2012,107.2,0.3,2.8
02/14/2012,107.2,0.3,2.8
02/15/2012,107.2,0.3,2.8
02/16/2012,107.2,0.3,2.8
02/17/2012,107.2,0.3,2.8
02/18/2012,107.2,0.3,2.8
02/19/2012,107.2,0.3,2.8
02/20/2012,107.2,0.3,2.8
02/21/2012,107.2,0.3,2.8
02/22/2012,107.2,0.3,2.8
02/23/2012,107.2,0.3,2.8
02/24/2012,107.2,0.3,2.8
02/25/2012,107.2,0.3,2.8
02/26/2012,107.2,0.3,2.8
02/27/2012,107.2,0.3,2.8
02/28/2012,107.2,0.3,2.8
02/29/2012,107.2,0.3,2.8
03/01/2012,107.4,0.2,2.3
03/02/2012,107.4,0.2,2.3
03/03/2012,107.4,0.2,2.3
03/04/2012,107.4,0.2,2.3
03/05/2012,107.4,0.2,2.3
03/06/2012,107.4,0.2,2.3
03/07/2012,107.4,0.2,2.3
03/08/2012,107.4,0.2,2.3
03/09/2012,107.4,0.2,2.3
03/10/2012,107.4,0.2,2.3
03/11/2012,107.4,0.2,2.3
03/12/2012,107.4,0.2,2.3
03/13/2012,107.4,0.2,2.3
03/14/2012,107.4,0.2,2.3
03/15/2012,107.4,0.2,2.3
03/16/2012,107.4,0.2,2.3
03/17/2012,107.4,0.2,2.3
03/18/2012,107.4,0.2,2.3
03/19/2012,107.4,0.2,2.3
03/20/2012,107.4,0.2,2.3
03/21/2012,107.4,0.2,2.3
03/22/2012,107.4,0.2,2.3
03/23/2012,107.4,0.2,2.3
03/24/2012,107.4,0.2,2.3
03/25/2012,107.4,0.2,2.3
03/26/2012,107.4,0.2,2.3
03/27/2012,107.4,0.2,2.3
03/28/2012,107.4,0.2,2.3
03/29/2012,107.4,0.2,2.3
03/30/2012,107.4,0.2,2.3
03/31/2012,107.4,0.2,2.3
04/01/2012,107.7,0.3,2.1
04/02/2012,107.7,0.3,2.1
04/03/2012,107.7,0.3,2.1
04/04/2012,107.7,0.3,2.1
04/05/2012,107.7,0.3,2.1
04/06/2012,107.7,0.3,2.1
04/07/2012,107.7,0.3,2.1
04/08/2012,107.7,0.3,2.1
04/09/2012,107.7,0.3,2.1
04/10/2012,107.7,0.3,2.1
04/11/2012,107.7,0.3,2.1
04/12/2012,107.7,0.3,2.1
04/13/2012,107.7,0.3,2.1
04/14/2012,107.7,0.3,2.1
04/15/2012,107.7,0.3,2.1
04/16/2012,107.7,0.3,2.1
04/17/2012,107.7,0.3,2.1
04/18/2012,107.7,0.3,2.1
04/19/2012,107.7,0.3,2.1
04/20/2012,107.7,0.3,2.1
04/21/2012,107.7,0.3,2.1
04/22/2012,107.7,0.3,2.1
04/23/2012,107.7,0.3,2.1
04/24/2012,107.7,0.3,2.1
04/25/2012,107.7,0.3,2.1
04/26/2012,107.7,0.3,2.1
04/27/2012,107.7,0.3,2.1
04/28/2012,107.7,0.3,2.1
04/29/2012,107.7,0.3,2.1
04/30/2012,107.7,0.3,2.1
05/01/2012,107.6,-0.1,1.7
05/02/2012,107.6,-0.1,1.7
05/03/2012,107.6,-0.1,1.7
05/04/2012,107.6,-0.1,1.7
05/05/2012,107.6,-0.1,1.7
05/06/2012,107.6,-0.1,1.7
05/07/2012,107.6,-0.1,1.7
05/08/2012,107.6,-0.1,1.7
05/09/2012,107.6,-0.1,1.7
05/10/2012,107.6,-0.1,1.7
05/11/2012,107.6,-0.1,1.7
05/12/2012,107.6,-0.1,1.7
05/13/2012,107.6,-0.1,1.7
05/14/2012,107.6,-0.1,1.7
05/15/2012,107.6,-0.1,1.7
05/16/2012,107.6,-0.1,1.7
05/17/2012,107.6,-0.1,1.7
05/18/2012,107.6,-0.1,1.7
05/19/2012,107.6,-0.1,1.7
05/20/2012,107.6,-0.1,1.7
05/21/2012,107.6,-0.1,1.7
05/22/2012,107.6,-0.1,1.7
05/23/2012,107.6,-0.1,1.7
05/24/2012,107.6,-0.1,1.7
05/25/2012,107.6,-0.1,1.7
05/26/2012,107.6,-0.1,1.7
05/27/2012,107.6,-0.1,1.7
05/28/2012,107.6,-0.1,1.7
05/29/2012,107.6,-0.1,1.7
05/30/2012,107.6,-0.1,1.7
05/31/2012,107.6,-0.1,1.7
06/01/2012,107.3,-0.3,1.3
06/02/2012,107.3,-0.3,1.3
06/03/2012,107.3,-0.3,1.3
06/04/2012,107.3,-0.3,1.3
06/05/2012,107.3,-0.3,1.3
06/06/2012,107.3,-0.3,1.3
06/07/2012,107.3,-0.3,1.3
06/08/2012,107.3,-0.3,1.3
06/09/2012,107.3,-0.3,1.3
06/10/2012,107.3,-0.3,1.3
06/11/2012,107.3,-0.3,1.3
06/12/2012,107.3,-0.3,1.3
06/13/2012,107.3,-0.3,1.3
06/14/2012,107.3,-0.3,1.3
06/15/2012,107.3,-0.3,1.3
06/16/2012,107.3,-0.3,1.3
06/17/2012,107.3,-0.3,1.3
06/18/2012,107.3,-0.3,1.3
06/19/2012,107.3,-0.3,1.3
06/20/2012,107.3,-0.3,1.3
06/21/2012,107.3,-0.3,1.3
06/22/2012,107.3,-0.3,1.3
06/23/2012,107.3,-0.3,1.3
06/24/2012,107.3,-0.3,1.3
06/25/2012,107.3,-0.3,1.3
06/26/2012,107.3,-0.3,1.3
06/27/2012,107.3,-0.3,1.3
06/28/2012,107.3,-0.3,1.3
06/29/2012,107.3,-0.3,1.3
06/30/2012,107.3,-0.3,1.3
07/01/2012,107.2,-0.1,1.0
07/02/2012,107.2,-0.1,1.0
07/03/2012,107.2,-0.1,1.0
07/04/2012,107.2,-0.1,1.0
07/05/2012,107.2,-0.1,1.0
07/06/2012,107.2,-0.1,1.0
07/07/2012,107.2,-0.1,1.0
07/08/2012,107.2,-0.1,1.0
07/09/2012,107.2,-0.1,1.0
07/10/2012,107.2,-0.1,1.0
07/11/2012,107.2,-0.1,1.0
07/12/2012,107.2,-0.1,1.0
07/13/2012,107.2,-0.1,1.0
07/14/2012,107.2,-0.1,1.0
07/15/2012,107.2,-0.1,1.0
07/16/2012,107.2,-0.1,1.0
07/17/2012,107.2,-0.1,1.0
07/18/2012,107.2,-0.1,1.0
07/19/2012,107.2,-0.1,1.0
07/20/2012,107.2,-0.1,1.0
07/21/2012,107.2,-0.1,1.0
07/22/2012,107.2,-0.1,1.0
07/23/2012,107.2,-0.1,1.0
07/24/2012,107.2,-0.1,1.0
07/25/2012,107.2,-0.1,1.0
07/26/2012,107.2,-0.1,1.0
07/27/2012,107.2,-0.1,1.0
07/28/2012,107.2,-0.1,1.0
07/29/2012,107.2,-0.1,1.0
07/30/2012,107.2,-0.1,1.0
07/31/2012,107.2,-0.1,1.0
08/01/2012,107.5,0.3,1.1
08/02/2012,107.5,0.3,1.1
08/03/2012,107.5,0.3,1.1
08/04/2012,107.5,0.3,1.1
08/05/2012,107.5,0.3,1.1
08/06/2012,107.5,0.3,1.1
08/07/2012,107.5,0.3,1.1
08/08/2012,107.5,0.3,1.1
08/09/2012,107.5,0.3,1.1
08/10/2012,107.5,0.3,1.1
08/11/2012,107.5,0.3,1.1
08/12/2012,107.5,0.3,1.1
08/13/2012,107.5,0.3,1.1
08/14/2012,107.5,0.3,1.1
08/15/2012,107.5,0.3,1.1
08/16/2012,107.5,0.3,1.1
08/17/2012,107.5,0.3,1.1
08/18/2012,107.5,0.3,1.1
08/19/2012,107.5,0.3,1.1
08/20/2012,107.5,0.3,1.1
08/21/2012,107.5,0.3,1.1
08/22/2012,107.5,0.3,1.1
08/23/2012,107.5,0.3,1.1
08/24/2012,107.5,0.3,1.1
08/25/2012,107.5,0.3,1.1
08/26/2012,107.5,0.3,1.1
08/27/2012,107.5,0.3,1.1
08/28/2012,107.5,0.3,1.1
08/29/2012,107.5,0.3,1.1
08/30/2012,107.5,0.3,1.1
08/31/2012,107.5,0.3,1.1
09/01/2012,108.2,0.7,1.4
09/02/2012,108.2,0.7,1.4
09/03/2012,108.2,0.7,1.4
09/04/2012,108.2,0.7,1.4
09/05/2012,108.2,0.7,1.4
09/06/2012,108.2,0.7,1.4
09/07/2012,108.2,0.7,1.4
09/08/2012,108.2,0.7,1.4
09/09/2012,108.2,0.7,1.4
09/10/2012,108.2,0.7,1.4
09/11/2012,108.2,0.7,1.4
09/12/2012,108.2,0.7,1.4
09/13/2012,108.2,0.7,1.4
09/14/2012,108.2,0.7,1.4
09/15/2012,108.2,0.7,1.4
09/16/2012,108.2,0.7,1.4
09/17/2012,108.2,0.7,1.4
09/18/2012,108.2,0.7,1.4
09/19/2012,108.2,0.7,1.4
09/20/2012,108.2,0.7,1.4
09/21/2012,108.2,0.7,1.4
09/22/2012,108.2,0.7,1.4
09/23/2012,108.2,0.7,1.4
09/24/2012,108.2,0.7,1.4
09/25/2012,108.2,0.7,1.4
09/26/2012,108.2,0.7,1.4
09/27/2012,108.2,0.7,1.4
09/28/2012,108.2,0.7,1.4
09/29/2012,108.2,0.7,1.4
09/30/2012,108.2,0.7,1.4
10/01/2012,108.3,0.1,1.9
10/02/2012,108.3,0.1,1.9
10/03/2012,108.3,0.1,1.9
10/04/2012,108.3,0.1,1.9
10/05/2012,108.3,0.1,1.9
10/06/2012,108.3,0.1,1.9
10/07/2012,108.3,0.1,1.9
10/08/2012,108.3,0.1,1.9
10/09/2012,108.3,0.1,1.9
10/10/2012,108.3,0.1,1.9
10/11/2012,108.3,0.1,1.9
10/12/2012,108.3,0.1,1.9
10/13/2012,108.3,0.1,1.9
10/14/2012,108.3,0.1,1.9
10/15/2012,108.3,0.1,1.9
10/16/2012,108.3,0.1,1.9
10/17/2012,108.3,0.1,1.9
10/18/2012,108.3,0.1,1.9
10/19/2012,108.3,0.1,1.9
10/20/2012,108.3,0.1,1.9
10/21/2012,108.3,0.1,1.9
10/22/2012,108.3,0.1,1.9
10/23/2012,108.3,0.1,1.9
10/24/2012,108.3,0.1,1.9
10/25/2012,108.3,0.1,1.9
10/26/2012,108.3,0.1,1.9
10/27/2012,108.3,0.1,1.9
10/28/2012,108.3,0.1,1.9
10/29/2012,108.3,0.1,1.9
10/30/2012,108.3,0.1,1.9
10/31/2012,108.3,0.1,1.9
11/01/2012,108.4,0.1,1.7
11/02/2012,108.4,0.1,1.7
11/03/2012,108.4,0.1,1.7
11/04/2012,108.4,0.1,1.7
11/05/2012,108.4,0.1,1.7
11/06/2012,108.4,0.1,1.7
11/07/2012,108.4,0.1,1.7
11/08/2012,108.4,0.1,1.7
11/09/2012,108.4,0.1,1.7
11/10/2012,108.4,0.1,1.7
11/11/2012,108.4,0.1,1.7
11/12/2012,108.4,0.1,1.7
11/13/2012,108.4,0.1,1.7
11/14/2012,108.4,0.1,1.7
11/15/2012,108.4,0.1,1.7
11/16/2012,108.4,0.1,1.7
11/17/2012,108.4,0.1,1.7
11/18/2012,108.4,0.1,1.7
11/19/2012,108.4,0.1,1.7
11/20/2012,108.4,0.1,1.7
11/21/2012,108.4,0.1,1.7
11/22/2012,108.4,0.1,1.7
11/23/2012,108.4,0.1,1.7
11/24/2012,108.4,0.1,1.7
11/25/2012,108.4,0.1,1.7
11/26/2012,108.4,0.1,1.7
11/27/2012,108.4,0.1,1.7
11/28/2012,108.4,0.1,1.7
11/29/2012,108.4,0.1,1.7
11/30/2012,108.4,0.1,1.7
12/01/2012,108.4,0.0,1.8
12/02/2012,108.4,0.0,1.8
12/03/2012,108.4,0.0,1.8
12/04/2012,108.4,0.0,1.8
12/05/2012,108.4,0.0,1.8
12/06/2012,108.4,0.0,1.8
12/07/2012,108.4,0.0,1.8
12/08/2012,108.4,0.0,1.8
12/09/2012,108.4,0.0,1.8
12/10/2012,108.4,0.0,1.8
12/11/2012,108.4,0.0,1.8
12/12/2012,108.4,0.0,1.8
12/13/2012,108.4,0.0,1.8
12/14/2012,108.4,0.0,1.8
12/15/2012,108.4,0.0,1.8
12/16/2012,108.4,0.0,1.8
12/17/2012,108.4,0.0,1.8
12/18/2012,108.4,0.0,1.8
12/19/2012,108.4,0.0,1.8
12/20/2012,108.4,0.0,1.8
12/21/2012,108.4,0.0,1.8
12/22/2012,108.4,0.0,1.8
12/23/2012,108.4,0.0,1.8
12/24/2012,108.4,0.0,1.8
12/25/2012,108.4,0.0,1.8
12/26/2012,108.4,0.0,1.8
12/27/2012,108.4,0.0,1.8
12/28/2012,108.4,0.0,1.8
12/29/2012,108.4,0.0,1.8
12/30/2012,108.4,0.0,1.8
12/31/2012,108.4,0.0,1.8
01/01/2013,108.7,0.3,1.7
01/02/2013,108.7,0.3,1.7
01/03/2013,108.7,0.3,1.7
01/04/2013,108.7,0.3,1.7
01/05/2013,108.7,0.3,1.7
01/06/2013,108.7,0.3,1.7
01/07/2013,108.7,0.3,1.7
01/08/2013,108.7,0.3,1.7
01/09/2013,108.7,0.3,1.7
01/10/2013,108.7,0.3,1.7
01/11/2013,108.7,0.3,1.7
01/12/2013,108.7,0.3,1.7
01/13/2013,108.7,0.3,1.7
01/14/2013,108.7,0.3,1.7
01/15/2013,108.7,0.3,1.7
01/16/2013,108.7,0.3,1.7
01/17/2013,108.7,0.3,1.7
01/18/2013,108.7,0.3,1.7
01/19/2013,108.7,0.3,1.7
01/20/2013,108.7,0.3,1.7
01/21/2013,108.7,0.3,1.7
01/22/2013,108.7,0.3,1.7
01/23/2013,108.7,0.3,1.7
01/24/2013,108.7,0.3,1.7
01/25/2013,108.7,0.3,1.7
01/26/2013,108.7,0.3,1.7
01/27/2013,108.7,0.3,1.7
01/28/2013,108.7,0.3,1.7
01/29/2013,108.7,0.3,1.7
01/30/2013,108.7,0.3,1.7
01/31/2013,108.7,0.3,1.7
02/01/2013,108.9,0.2,1.6
02/02/2013,108.9,0.2,1.6
02/03/2013,108.9,0.2,1.6
02/04/2013,108.9,0.2,1.6
02/05/2013,108.9,0.2,1.6
02/06/2013,108.9,0.2,1.6
02/07/2013,108.9,0.2,1.6
02/08/2013,108.9,0.2,1.6
02/09/2013,108.9,0.2,1.6
02/10/2013,108.9,0.2,1.6
02/11/2013,108.9,0.2,1.6
02/12/2013,108.9,0.2,1.6
02/13/2013,108.9,0.2,1.6
02/14/2013,108.9,0.2,1.6
02/15/2013,108.9,0.2,1.6
02/16/2013,108.9,0.2,1.6
02/17/2013,108.9,0.2,1.6
02/18/2013,108.9,0.2,1.6
02/19/2013,108.9,0.2,1.6
02/20/2013,108.9,0.2,1.6
02/21/2013,108.9,0.2,1.6
02/22/2013,108.9,0.2,1.6
02/23/2013,108.9,0.2,1.6
02/24/2013,108.9,0.2,1.6
02/25/2013,108.9,0.2,1.6
02/26/2013,108.9,0.2,1.6
02/27/2013,108.9,0.2,1.6
02/28/2013,108.9,0.2,1.6
03/01/2013,108.9,0.0,1.4
03/02/2013,108.9,0.0,1.4
03/03/2013,108.9,0.0,1.4
03/04/2013,108.9,0.0,1.4
03/05/2013,108.9,0.0,1.4
03/06/2013,108.9,0.0,1.4
03/07/2013,108.9,0.0,1.4
03/08/2013,108.9,0.0,1.4
03/09/2013,108.9,0.0,1.4
03/10/2013,108.9,0.0,1.4
03/11/2013,108.9,0.0,1.4
03/12/2013,108.9,0.0,1.4
03/13/2013,108.9,0.0,1.4
03/14/2013,108.9,0.0,1.4
03/15/2013,108.9,0.0,1.4
03/16/2013,108.9,0.0,1.4
03/17/2013,108.9,0.0,1.4
03/18/2013,108.9,0.0,1.4
03/19/2013,108.9,0.0,1.4
03/20/2013,108.9,0.0,1.4
03/21/2013,108.9,0.0,1.4
03/22/2013,108.9,0.0,1.4
03/23/2013,108.9,0.0,1.4
03/24/2013,108.9,0.0,1.4
03/25/2013,108.9,0.0,1.4
03/26/2013,108.9,0.0,1.4
03/27/2013,108.9,0.0,1.4
03/28/2013,108.9,0.0,1.4
03/29/2013,108.9,0.0,1.4
03/30/2013,108.9,0.0,1.4
03/31/2013,108.9,0.0,1.4
04/01/2013,108.7,-0.2,0.9
04/02/2013,108.7,-0.2,0.9
04/03/2013,108.7,-0.2,0.9
04/04/2013,108.7,-0.2,0.9
04/05/2013,108.7,-0.2,0.9
04/06/2013,108.7,-0.2,0.9
04/07/2013,108.7,-0.2,0.9
04/08/2013,108.7,-0.2,0.9
04/09/2013,108.7,-0.2,0.9
04/10/2013,108.7,-0.2,0.9
04/11/2013,108.7,-0.2,0.9
04/12/2013,108.7,-0.2,0.9
04/13/2013,108.7,-0.2,0.9
04/14/2013,108.7,-0.2,0.9
04/15/2013,108.7,-0.2,0.9
04/16/2013,108.7,-0.2,0.9
04/17/2013,108.7,-0.2,0.9
04/18/2013,108.7,-0.2,0.9
04/19/2013,108.7,-0.2,0.9
04/20/2013,108.7,-0.2,0.9
04/21/2013,108.7,-0.2,0.9
04/22/2013,108.7,-0.2,0.9
04/23/2013,108.7,-0.2,0.9
04/24/2013,108.7,-0.2,0.9
04/25/2013,108.7,-0.2,0.9
04/26/2013,108.7,-0.2,0.9
04/27/2013,108.7,-0.2,0.9
04/28/2013,108.7,-0.2,0.9
04/29/2013,108.7,-0.2,0.9
04/30/2013,108.7,-0.2,0.9
05/01/2013,108.6,-0.1,0.9
05/02/2013,108.6,-0.1,0.9
05/03/2013,108.6,-0.1,0.9
05/04/2013,108.6,-0.1,0.9
05/05/2013,108.6,-0.1,0.9
05/06/2013,108.6,-0.1,0.9
05/07/2013,108.6,-0.1,0.9
05/08/2013,108.6,-0.1,0.9
05/09/2013,108.6,-0.1,0.9
05/10/2013,108.6,-0.1,0.9
05/11/2013,108.6,-0.1,0.9
05/12/2013,108.6,-0.1,0.9
05/13/2013,108.6,-0.1,0.9
05/14/2013,108.6,-0.1,0.9
05/15/2013,108.6,-0.1,0.9
05/16/2013,108.6,-0.1,0.9
05/17/2013,108.6,-0.1,0.9
05/18/2013,108.6,-0.1,0.9
05/19/2013,108.6,-0.1,0.9
05/20/2013,108.6,-0.1,0.9
05/21/2013,108.6,-0.1,0.9
05/22/2013,108.6,-0.1,0.9
05/23/2013,108.6,-0.1,0.9
05/24/2013,108.6,-0.1,0.9
05/25/2013,108.6,-0.1,0.9
05/26/2013,108.6,-0.1,0.9
05/27/2013,108.6,-0.1,0.9
05/28/2013,108.6,-0.1,0.9
05/29/2013,108.6,-0.1,0.9
05/30/2013,108.6,-0.1,0.9
05/31/2013,108.6,-0.1,0.9
06/01/2013,109.0,0.4,1.6
06/02/2013,109.0,0.4,1.6
06/03/2013,109.0,0.4,1.6
06/04/2013,109.0,0.4,1.6
06/05/2013,109.0,0.4,1.6
06/06/2013,109.0,0.4,1.6
06/07/2013,109.0,0.4,1.6
06/08/2013,109.0,0.4,1.6
06/09/2013,109.0,0.4,1.6
06/10/2013,109.0,0.4,1.6
06/11/2013,109.0,0.4,1.6
06/12/2013,109.0,0.4,1.6
06/13/2013,109.0,0.4,1.6
06/14/2013,109.0,0.4,1.6
06/15/2013,109.0,0.4,1.6
06/16/2013,109.0,0.4,1.6
06/17/2013,109.0,0.4,1.6
06/18/2013,109.0,0.4,1.6
06/19/2013,109.0,0.4,1.6
06/20/2013,109.0,0.4,1.6
06/21/2013,109.0,0.4,1.6
06/22/2013,109.0,0.4,1.6
06/23/2013,109.0,0.4,1.6
06/24/2013,109.0,0.4,1.6
06/25/2013,109.0,0.4,1.6
06/26/2013,109.0,0.4,1.6
06/27/2013,109.0,0.4,1.6
06/28/2013,109.0,0.4,1.6
06/29/2013,109.0,0.4,1.6
06/30/2013,109.0,0.4,1.6
07/01/2013,109.2,0.2,1.9
07/02/2013,109.2,0.2,1.9
07/03/2013,109.2,0.2,1.9
07/04/2013,109.2,0.2,1.9
07/05/2013,109.2,0.2,1.9
07/06/2013,109.2,0.2,1.9
07/07/2013,109.2,0.2,1.9
07/08/2013,109.2,0.2,1.9
07/09/2013,109.2,0.2,1.9
07/10/2013,109.2,0.2,1.9
07/11/2013,109.2,0.2,1.9
07/12/2013,109.2,0.2,1.9
07/13/2013,109.2,0.2,1.9
07/14/2013,109.2,0.2,1.9
07/15/2013,109.2,0.2,1.9
07/16/2013,109.2,0.2,1.9
07/17/2013,109.2,0.2,1.9
07/18/2013,109.2,0.2,1.9
07/19/2013,109.2,0.2,1.9
07/20/2013,109.2,0.2,1.9
07/21/2013,109.2,0.2,1.9
07/22/2013,109.2,0.2,1.9
07/23/2013,109.2,0.2,1.9
07/24/2013,109.2,0.2,1.9
07/25/2013,109.2,0.2,1.9
07/26/2013,109.2,0.2,1.9
07/27/2013,109.2,0.2,1.9
07/28/2013,109.2,0.2,1.9
07/29/2013,109.2,0.2,1.9
07/30/2013,109.2,0.2,1.9
07/31/2013,109.2,0.2,1.9
08/01/2013,109.3,0.1,1.7
08/02/2013,109.3,0.1,1.7
08/03/2013,109.3,0.1,1.7
08/04/2013,109.3,0.1,1.7
08/05/2013,109.3,0.1,1.7
08/06/2013,109.3,0.1,1.7
08/07/2013,109.3,0.1,1.7
08/08/2013,109.3,0.1,1.7
08/09/2013,109.3,0.1,1.7
08/10/2013,109.3,0.1,1.7
08/11/2013,109.3,0.1,1.7
08/12/2013,109.3,0.1,1.7
08/13/2013,109.3,0.1,1.7
08/14/2013,109.3,0.1,1.7
08/15/2013,109.3,0.1,1.7
08/16/2013,109.3,0.1,1.7
08/17/2013,109.3,0.1,1.7
08/18/2013,109.3,0.1,1.7
08/19/2013,109.3,0.1,1.7
08/20/2013,109.3,0.1,1.7
08/21/2013,109.3,0.1,1.7
08/22/2013,109.3,0.1,1.7
08/23/2013,109.3,0.1,1.7
08/24/2013,109.3,0.1,1.7
08/25/2013,109.3,0.1,1.7
08/26/2013,109.3,0.1,1.7
08/27/2013,109.3,0.1,1.7
08/28/2013,109.3,0.1,1.7
08/29/2013,109.3,0.1,1.7
08/30/2013,109.3,0.1,1.7
08/31/2013,109.3,0.1,1.7
09/01/2013,109.3,0.0,1.0
09/02/2013,109.3,0.0,1.0
09/03/2013,109.3,0.0,1.0
09/04/2013,109.3,0.0,1.0
09/05/2013,109.3,0.0,1.0
09/06/2013,109.3,0.0,1.0
09/07/2013,109.3,0.0,1.0
09/08/2013,109.3,0.0,1.0
09/09/2013,109.3,0.0,1.0
09/10/2013,109.3,0.0,1.0
09/11/2013,109.3,0.0,1.0
09/12/2013,109.3,0.0,1.0
09/13/2013,109.3,0.0,1.0
09/14/2013,109.3,0.0,1.0
09/15/2013,109.3,0.0,1.0
09/16/2013,109.3,0.0,1.0
09/17/2013,109.3,0.0,1.0
09/18/2013,109.3,0.0,1.0
09/19/2013,109.3,0.0,1.0
09/20/2013,109.3,0.0,1.0
09/21/2013,109.3,0.0,1.0
09/22/2013,109.3,0.0,1.0
09/23/2013,109.3,0.0,1.0
09/24/2013,109.3,0.0,1.0
09/25/2013,109.3,0.0,1.0
09/26/2013,109.3,0.0,1.0
09/27/2013,109.3,0.0,1.0
09/28/2013,109.3,0.0,1.0
09/29/2013,109.3,0.0,1.0
09/30/2013,109.3,0.0,1.0
10/01/2013,109.5,0.2,1.1
10/02/2013,109.5,0.2,1.1
10/03/2013,109.5,0.2,1.1
10/04/2013,109.5,0.2,1.1
10/05/2013,109.5,0.2,1.1
10/06/2013,109.5,0.2,1.1
10/07/2013,109.5,0.2,1.1
10/08/2013,109.5,0.2,1.1
10/09/2013,109.5,0.2,1.1
10/10/2013,109.5,0.2,1.1
10/11/2013,109.5,0.2,1.1
10/12/2013,109.5,0.2,1.1
10/13/2013,109.5,0.2,1.1
10/14/2013,109.5,0.2,1.1
10/15/2013,109.5,0.2,1.1
10/16/2013,109.5,0.2,1.1
10/17/2013,109.5,0.2,1.1
10/18/2013,109.5,0.2,1.1
10/19/2013,109.5,0.2,1.1
10/20/2013,109.5,0.2,1.1
10/21/2013,109.5,0.2,1.1
10/22/2013,109.5,0.2,1.1
10/23/2013,109.5,0.2,1.1
10/24/2013,109.5,0.2,1.1
10/25/2013,109.5,0.2,1.1
10/26/2013,109.5,0.2,1.1
10/27/2013,109.5,0.2,1.1
10/28/2013,109.5,0.2,1.1
10/29/2013,109.5,0.2,1.1
10/30/2013,109.5,0.2,1.1
10/31/2013,109.5,0.2,1.1
11/01/2013,109.7,0.2,1.2
11/02/2013,109.7,0.2,1.2
11/03/2013,109.7,0.2,1.2
11/04/2013,109.7,0.2,1.2
11/05/2013,109.7,0.2,1.2
11/06/2013,109.7,0.2,1.2
11/07/2013,109.7,0.2,1.2
11/08/2013,109.7,0.2,1.2
11/09/2013,109.7,0.2,1.2
11/10/2013,109.7,0.2,1.2
11/11/2013,109.7,0.2,1.2
11/12/2013,109.7,0.2,1.2
11/13/2013,109.7,0.2,1.2
11/14/2013,109.7,0.2,1.2
11/15/2013,109.7,0.2,1.2
11/16/2013,109.7,0.2,1.2
11/17/2013,109.7,0.2,1.2
11/18/2013,109.7,0.2,1.2
11/19/2013,109.7,0.2,1.2
11/20/2013,109.7,0.2,1.2
11/21/2013,109.7,0.2,1.2
11/22/2013,109.7,0.2,1.2
11/23/2013,109.7,0.2,1.2
11/24/2013,109.7,0.2,1.2
11/25/2013,109.7,0.2,1.2
11/26/2013,109.7,0.2,1.2
11/27/2013,109.7,0.2,1.2
11/28/2013,109.7,0.2,1.2
11/29/2013,109.7,0.2,1.2
11/30/2013,109.7,0.2,1.2
12/01/2013,109.8,0.1,1.3
12/02/2013,109.8,0.1,1.3
12/03/2013,109.8,0.1,1.3
12/04/2013,109.8,0.1,1.3
12/05/2013,109.8,0.1,1.3
12/06/2013,109.8,0.1,1.3
12/07/2013,109.8,0.1,1.3
12/08/2013,109.8,0.1,1.3
12/09/2013,109.8,0.1,1.3
12/10/2013,109.8,0.1,1.3
12/11/2013,109.8,0.1,1.3
12/12/2013,109.8,0.1,1.3
12/13/2013,109.8,0.1,1.3
12/14/2013,109.8,0.1,1.3
12/15/2013,109.8,0.1,1.3
12/16/2013,109.8,0.1,1.3
12/17/2013,109.8,0.1,1.3
12/18/2013,109.8,0.1,1.3
12/19/2013,109.8,0.1,1.3
12/20/2013,109.8,0.1,1.3
12/21/2013,109.8,0.1,1.3
12/22/2013,109.8,0.1,1.3
12/23/2013,109.8,0.1,1.3
12/24/2013,109.8,0.1,1.3
12/25/2013,109.8,0.1,1.3
12/26/2013,109.8,0.1,1.3
12/27/2013,109.8,0.1,1.3
12/28/2013,109.8,0.1,1.3
12/29/2013,109.8,0.1,1.3
12/30/2013,109.8,0.1,1.3
12/31/2013,109.8,0.1,1.3
01/01/2014,110.1,0.3,1.3
01/02/2014,110.1,0.3,1.3
01/03/2014,110.1,0.3,1.3
01/04/2014,110.1,0.3,1.3
01/05/2014,110.1,0.3,1.3
01/06/2014,110.1,0.3,1.3
01/07/2014,110.1,0.3,1.3
01/08/2014,110.1,0.3,1.3
01/09/2014,110.1,0.3,1.3
01/10/2014,110.1,0.3,1.3
01/11/2014,110.1,0.3,1.3
01/12/2014,110.1,0.3,1.3
01/13/2014,110.1,0.3,1.3
01/14/2014,110.1,0.3,1.3
01/15/2014,110.1,0.3,1.3
01/16/2014,110.1,0.3,1.3
01/17/2014,110.1,0.3,1.3
01/18/2014,110.1,0.3,1.3
01/19/2014,110.1,0.3,1.3
01/20/2014,110.1,0.3,1.3
01/21/2014,110.1,0.3,1.3
01/22/2014,110.1,0.3,1.3
01/23/2014,110.1,0.3,1.3
01/24/2014,110.1,0.3,1.3
01/25/2014,110.1,0.3,1.3
01/26/2014,110.1,0.3,1.3
01/27/2014,110.1,0.3,1.3
01/28/2014,110.1,0.3,1.3
01/29/2014,110.1,0.3,1.3
01/30/2014,110.1,0.3,1.3
01/31/2014,110.1,0.3,1.3
02/01/2014,110.3,0.2,1.3
02/02/2014,110.3,0.2,1.3
02/03/2014,110.3,0.2,1.3
02/04/2014,110.3,0.2,1.3
02/05/2014,110.3,0.2,1.3
02/06/2014,110.3,0.2,1.3
02/07/2014,110.3,0.2,1.3
02/08/2014,110.3,0.2,1.3
02/09/2014,110.3,0.2,1.3
02/10/2014,110.3,0.2,1.3
02/11/2014,110.3,0.2,1.3
02/12/2014,110.3,0.2,1.3
02/13/2014,110.3,0.2,1.3
02/14/2014,110.3,0.2,1.3
02/15/2014,110.3,0.2,1.3
02/16/2014,110.3,0.2,1.3
02/17/2014,110.3,0.2,1.3
02/18/2014,110.3,0.2,1.3
02/19/2014,110.3,0.2,1.3
02/20/2014,110.3,0.2,1.3
02/21/2014,110.3,0.2,1.3
02/22/2014,110.3,0.2,1.3
02/23/2014,110.3,0.2,1.3
02/24/2014,110.3,0.2,1.3
02/25/2014,110.3,0.2,1.3
02/26/2014,110.3,0.2,1.3
02/27/2014,110.3,0.2,1.3
02/28/2014,110.3,0.2,1.3
03/01/2014,110.7,0.4,1.7
03/02/2014,110.7,0.4,1.7
03/03/2014,110.7,0.4,1.7
03/04/2014,110.7,0.4,1.7
03/05/2014,110.7,0.4,1.7
03/06/2014,110.7,0.4,1.7
03/07/2014,110.7,0.4,1.7
03/08/2014,110.7,0.4,1.7
03/09/2014,110.7,0.4,1.7
03/10/2014,110.7,0.4,1.7
03/11/2014,110.7,0.4,1.7
03/12/2014,110.7,0.4,1.7
03/13/2014,110.7,0.4,1.7
03/14/2014,110.7,0.4,1.7
03/15/2014,110.7,0.4,1.7
03/16/2014,110.7,0.4,1.7
03/17/2014,110.7,0.4,1.7
03/18/2014,110.7,0.4,1.7
03/19/2014,110.7,0.4,1.7
03/20/2014,110.7,0.4,1.7
03/21/2014,110.7,0.4,1.7
03/22/2014,110.7,0.4,1.7
03/23/2014,110.7,0.4,1.7
03/24/2014,110.7,0.4,1.7
03/25/2014,110.7,0.4,1.7
03/26/2014,110.7,0.4,1.7
03/27/2014,110.7,0.4,1.7
03/28/2014,110.7,0.4,1.7
03/29/2014,110.7,0.4,1.7
03/30/2014,110.7,0.4,1.7
03/31/2014,110.7,0.4,1.7
04/01/2014,110.8,0.1,1.9
04/02/2014,110.8,0.1,1.9
04/03/2014,110.8,0.1,1.9
04/04/2014,110.8,0.1,1.9
04/05/2014,110.8,0.1,1.9
04/06/2014,110.8,0.1,1.9
04/07/2014,110.8,0.1,1.9
04/08/2014,110.8,0.1,1.9
04/09/2014,110.8,0.1,1.9
04/10/2014,110.8,0.1,1.9
04/11/2014,110.8,0.1,1.9
04/12/2014,110.8,0.1,1.9
04/13/2014,110.8,0.1,1.9
04/14/2014,110.8,0.1,1.9
04/15/2014,110.8,0.1,1.9
04/16/2014,110.8,0.1,1.9
04/17/2014,110.8,0.1,1.9
04/18/2014,110.8,0.1,1.9
04/19/2014,110.8,0.1,1.9
04/20/2014,110.8,0.1,1.9
04/21/2014,110.8,0.1,1.9
04/22/2014,110.8,0.1,1.9
04/23/2014,110.8,0.1,1.9
04/24/2014,110.8,0.1,1.9
04/25/2014,110.8,0.1,1.9
04/26/2014,110.8,0.1,1.9
04/27/2014,110.8,0.1,1.9
04/28/2014,110.8,0.1,1.9
04/29/2014,110.8,0.1,1.9
04/30/2014,110.8,0.1,1.9
05/01/2014,111.0,0.2,2.2
05/02/2014,111.0,0.2,2.2
05/03/2014,111.0,0.2,2.2
05/04/2014,111.0,0.2,2.2
05/05/2014,111.0,0.2,2.2
05/06/2014,111.0,0.2,2.2
05/07/2014,111.0,0.2,2.2
05/08/2014,111.0,0.2,2.2
05/09/2014,111.0,0.2,2.2
05/10/2014,111.0,0.2,2.2
05/11/2014,111.0,0.2,2.2
05/12/2014,111.0,0.2,2.2
05/13/2014,111.0,0.2,2.2
05/14/2014,111.0,0.2,2.2
05/15/2014,111.0,0.2,2.2
05/16/2014,111.0,0.2,2.2
05/17/2014,111.0,0.2,2.2
05/18/2014,111.0,0.2,2.2
05/19/2014,111.0,0.2,2.2
05/20/2014,111.0,0.2,2.2
05/21/2014,111.0,0.2,2.2
05/22/2014,111.0,0.2,2.2
05/23/2014,111.0,0.2,2.2
05/24/2014,111.0,0.2,2.2
05/25/2014,111.0,0.2,2.2
05/26/2014,111.0,0.2,2.2
05/27/2014,111.0,0.2,2.2
05/28/2014,111.0,0.2,2.2
05/29/2014,111.0,0.2,2.2
05/30/2014,111.0,0.2,2.2
05/31/2014,111.0,0.2,2.2
06/01/2014,110.9,-0.1,1.7
06/02/2014,110.9,-0.1,1.7
06/03/2014,110.9,-0.1,1.7
06/04/2014,110.9,-0.1,1.7
06/05/2014,110.9,-0.1,1.7
06/06/2014,110.9,-0.1,1.7
06/07/2014,110.9,-0.1,1.7
06/08/2014,110.9,-0.1,1.7
06/09/2014,110.9,-0.1,1.7
06/10/2014,110.9,-0.1,1.7
06/11/2014,110.9,-0.1,1.7
06/12/2014,110.9,-0.1,1.7
06/13/2014,110.9,-0.1,1.7
06/14/2014,110.9,-0.1,1.7
06/15/2014,110.9,-0.1,1.7
06/16/2014,110.9,-0.1,1.7
06/17/2014,110.9,-0.1,1.7
06/18/2014,110.9,-0.1,1.7
06/19/2014,110.9,-0.1,1.7
06/20/2014,110.9,-0.1,1.7
06/21/2014,110.9,-0.1,1.7
06/22/2014,110.9,-0.1,1.7
06/23/2014,110.9,-0.1,1.7
06/24/2014,110.9,-0.1,1.7
06/25/2014,110.9,-0.1,1.7
06/26/2014,110.9,-0.1,1.7
06/27/2014,110.9,-0.1,1.7
06/28/2014,110.9,-0.1,1.7
06/29/2014,110.9,-0.1,1.7
06/30/2014,110.9,-0.1,1.7
07/01/2014,111.3,0.4,1.9
07/02/2014,111.3,0.4,1.9
07/03/2014,111.3,0.4,1.9
07/04/2014,111.3,0.4,1.9
07/05/2014,111.3,0.4,1.9
07/06/2014,111.3,0.4,1.9
07/07/2014,111.3,0.4,1.9
07/08/2014,111.3,0.4,1.9
07/09/2014,111.3,0.4,1.9
07/10/2014,111.3,0.4,1.9
07/11/2014,111.3,0.4,1.9
07/12/2014,111.3,0.4,1.9
07/13/2014,111.3,0.4,1.9
07/14/2014,111.3,0.4,1.9
07/15/2014,111.3,0.4,1.9
07/16/2014,111.3,0.4,1.9
07/17/2014,111.3,0.4,1.9
07/18/2014,111.3,0.4,1.9
07/19/2014,111.3,0.4,1.9
07/20/2014,111.3,0.4,1.9
07/21/2014,111.3,0.4,1.9
07/22/2014,111.3,0.4,1.9
07/23/2014,111.3,0.4,1.9
07/24/2014,111.3,0.4,1.9
07/25/2014,111.3,0.4,1.9
07/26/2014,111.3,0.4,1.9
07/27/2014,111.3,0.4,1.9
07/28/2014,111.3,0.4,1.9
07/29/2014,111.3,0.4,1.9
07/30/2014,111.3,0.4,1.9
07/31/2014,111.3,0.4,1.9
08/01/2014,111.3,0.0,1.8
08/02/2014,111.3,0.0,1.8
08/03/2014,111.3,0.0,1.8
08/04/2014,111.3,0.0,1.8
08/05/2014,111.3,0.0,1.8
08/06/2014,111.3,0.0,1.8
08/07/2014,111.3,0.0,1.8
08/08/2014,111.3,0.0,1.8
08/09/2014,111.3,0.0,1.8
08/10/2014,111.3,0.0,1.8
08/11/2014,111.3,0.0,1.8
08/12/2014,111.3,0.0,1.8
08/13/2014,111.3,0.0,1.8
08/14/2014,111.3,0.0,1.8
08/15/2014,111.3,0.0,1.8
08/16/2014,111.3,0.0,1.8
08/17/2014,111.3,0.0,1.8
08/18/2014,111.3,0.0,1.8
08/19/2014,111.3,0.0,1.8
08/20/2014,111.3,0.0,1.8
08/21/2014,111.3,0.0,1.8
08/22/2014,111.3,0.0,1.8
08/23/2014,111.3,0.0,1.8
08/24/2014,111.3,0.0,1.8
08/25/2014,111.3,0.0,1.8
08/26/2014,111.3,0.0,1.8
08/27/2014,111.3,0.0,1.8
08/28/2014,111.3,0.0,1.8
08/29/2014,111.3,0.0,1.8
08/30/2014,111.3,0.0,1.8
08/31/2014,111.3,0.0,1.8
09/01/2014,111.1,-0.2,1.6
09/02/2014,111.1,-0.2,1.6
09/03/2014,111.1,-0.2,1.6
09/04/2014,111.1,-0.2,1.6
09/05/2014,111.1,-0.2,1.6
09/06/2014,111.1,-0.2,1.6
09/07/2014,111.1,-0.2,1.6
09/08/2014,111.1,-0.2,1.6
09/09/2014,111.1,-0.2,1.6
09/10/2014,111.1,-0.2,1.6
09/11/2014,111.1,-0.2,1.6
09/12/2014,111.1,-0.2,1.6
09/13/2014,111.1,-0.2,1.6
09/14/2014,111.1,-0.2,1.6
09/15/2014,111.1,-0.2,1.6
09/16/2014,111.1,-0.2,1.6
09/17/2014,111.1,-0.2,1.6
09/18/2014,111.1,-0.2,1.6
09/19/2014,111.1,-0.2,1.6
09/20/2014,111.1,-0.2,1.6
09/21/2014,111.1,-0.2,1.6
09/22/2014,111.1,-0.2,1.6
09/23/2014,111.1,-0.2,1.6
09/24/2014,111.1,-0.2,1.6
09/25/2014,111.1,-0.2,1.6
09/26/2014,111.1,-0.2,1.6
09/27/2014,111.1,-0.2,1.6
09/28/2014,111.1,-0.2,1.6
09/29/2014,111.1,-0.2,1.6
09/30/2014,111.1,-0.2,1.6
10/01/2014,111.3,0.2,1.6
10/02/2014,111.3,0.2,1.6
10/03/2014,111.3,0.2,1.6
10/04/2014,111.3,0.2,1.6
10/05/2014,111.3,0.2,1.6
10/06/2014,111.3,0.2,1.6
10/07/2014,111.3,0.2,1.6
10/08/2014,111.3,0.2,1.6
10/09/2014,111.3,0.2,1.6
10/10/2014,111.3,0.2,1.6
10/11/2014,111.3,0.2,1.6
10/12/2014,111.3,0.2,1.6
10/13/2014,111.3,0.2,1.6
10/14/2014,111.3,0.2,1.6
10/15/2014,111.3,0.2,1.6
10/16/2014,111.3,0.2,1.6
10/17/2014,111.3,0.2,1.6
10/18/2014,111.3,0.2,1.6
10/19/2014,111.3,0.2,1.6
10/20/2014,111.3,0.2,1.6
10/21/2014,111.3,0.2,1.6
10/22/2014,111.3,0.2,1.6
10/23/2014,111.3,0.2,1.6
10/24/2014,111.3,0.2,1.6
10/25/2014,111.3,0.2,1.6
10/26/2014,111.3,0.2,1.6
10/27/2014,111.3,0.2,1.6
10/28/2014,111.3,0.2,1.6
10/29/2014,111.3,0.2,1.6
10/30/2014,111.3,0.2,1.6
10/31/2014,111.3,0.2,1.6
11/01/2014,111.1,-0.2,1.3
11/02/2014,111.1,-0.2,1.3
11/03/2014,111.1,-0.2,1.3
11/04/2014,111.1,-0.2,1.3
11/05/2014,111.1,-0.2,1.3
11/06/2014,111.1,-0.2,1.3
11/07/2014,111.1,-0.2,1.3
11/08/2014,111.1,-0.2,1.3
11/09/2014,111.1,-0.2,1.3
11/10/2014,111.1,-0.2,1.3
11/11/2014,111.1,-0.2,1.3
11/12/2014,111.1,-0.2,1.3
11/13/2014,111.1,-0.2,1.3
11/14/2014,111.1,-0.2,1.3
11/15/2014,111.1,-0.2,1.3
11/16/2014,111.1,-0.2,1.3
11/17/2014,111.1,-0.2,1.3
11/18/2014,111.1,-0.2,1.3
11/19/2014,111.1,-0.2,1.3
11/20/2014,111.1,-0.2,1.3
11/21/2014,111.1,-0.2,1.3
11/22/2014,111.1,-0.2,1.3
11/23/2014,111.1,-0.2,1.3
11/24/2014,111.1,-0.2,1.3
11/25/2014,111.1,-0.2,1.3
11/26/2014,111.1,-0.2,1.3
11/27/2014,111.1,-0.2,1.3
11/28/2014,111.1,-0.2,1.3
11/29/2014,111.1,-0.2,1.3
11/30/2014,111.1,-0.2,1.3
12/01/2014,110.8,-0.3,0.9
12/02/2014,110.8,-0.3,0.9
12/03/2014,110.8,-0.3,0.9
12/04/2014,110.8,-0.3,0.9
12/05/2014,110.8,-0.3,0.9
12/06/2014,110.8,-0.3,0.9
12/07/2014,110.8,-0.3,0.9
12/08/2014,110.8,-0.3,0.9
12/09/2014,110.8,-0.3,0.9
12/10/2014,110.8,-0.3,0.9
12/11/2014,110.8,-0.3,0.9
12/12/2014,110.8,-0.3,0.9
12/13/2014,110.8,-0.3,0.9
12/14/2014,110.8,-0.3,0.9
12/15/2014,110.8,-0.3,0.9
12/16/2014,110.8,-0.3,0.9
12/17/2014,110.8,-0.3,0.9
12/18/2014,110.8,-0.3,0.9
12/19/2014,110.8,-0.3,0.9
12/20/2014,110.8,-0.3,0.9
12/21/2014,110.8,-0.3,0.9
12/22/2014,110.8,-0.3,0.9
12/23/2014,110.8,-0.3,0.9
12/24/2014,110.8,-0.3,0.9
12/25/2014,110.8,-0.3,0.9
12/26/2014,110.8,-0.3,0.9
12/27/2014,110.8,-0.3,0.9
12/28/2014,110.8,-0.3,0.9
12/29/2014,110.8,-0.3,0.9
12/30/2014,110.8,-0.3,0.9
12/31/2014,110.8,-0.3,0.9
01/01/2015,110.1,-0.6,0.0
01/02/2015,110.1,-0.6,0.0
01/03/2015,110.1,-0.6,0.0
01/04/2015,110.1,-0.6,0.0
01/05/2015,110.1,-0.6,0.0
01/06/2015,110.1,-0.6,0.0
01/07/2015,110.1,-0.6,0.0
01/08/2015,110.1,-0.6,0.0
01/09/2015,110.1,-0.6,0.0
01/10/2015,110.1,-0.6,0.0
01/11/2015,110.1,-0.6,0.0
01/12/2015,110.1,-0.6,0.0
01/13/2015,110.1,-0.6,0.0
01/14/2015,110.1,-0.6,0.0
01/15/2015,110.1,-0.6,0.0
01/16/2015,110.1,-0.6,0.0
01/17/2015,110.1,-0.6,0.0
01/18/2015,110.1,-0.6,0.0
01/19/2015,110.1,-0.6,0.0
01/20/2015,110.1,-0.6,0.0
01/21/2015,110.1,-0.6,0.0
01/22/2015,110.1,-0.6,0.0
01/23/2015,110.1,-0.6,0.0
01/24/2015,110.1,-0.6,0.0
01/25/2015,110.1,-0.6,0.0
01/26/2015,110.1,-0.6,0.0
01/27/2015,110.1,-0.6,0.0
01/28/2015,110.1,-0.6,0.0
01/29/2015,110.1,-0.6,0.0
01/30/2015,110.1,-0.6,0.0
01/31/2015,110.1,-0.6,0.0
02/01/2015,109.6,-0.5,-0.6
02/02/2015,109.6,-0.5,-0.6
02/03/2015,109.6,-0.5,-0.6
02/04/2015,109.6,-0.5,-0.6
02/05/2015,109.6,-0.5,-0.6
02/06/2015,109.6,-0.5,-0.6
02/07/2015,109.6,-0.5,-0.6
02/08/2015,109.6,-0.5,-0.6
02/09/2015,109.6,-0.5,-0.6
02/10/2015,109.6,-0.5,-0.6
02/11/2015,109.6,-0.5,-0.6
02/12/2015,109.6,-0.5,-0.6
02/13/2015,109.6,-0.5,-0.6
02/14/2015,109.6,-0.5,-0.6
02/15/2015,109.6,-0.5,-0.6
02/16/2015,109.6,-0.5,-0.6
02/17/2015,109.6,-0.5,-0.6
02/18/2015,109.6,-0.5,-0.6
02/19/2015,109.6,-0.5,-0.6
02/20/2015,109.6,-0.5,-0.6
02/21/2015,109.6,-0.5,-0.6
02/22/2015,109.6,-0.5,-0.6
02/23/2015,109.6,-0.5,-0.6
02/24/2015,109.6,-0.5,-0.6
02/25/2015,109.6,-0.5,-0.6
02/26/2015,109.6,-0.5,-0.6
02/27/2015,109.6,-0.5,-0.6
02/28/2015,109.6,-0.5,-0.6
03/01/2015,109.8,0.2,-0.8
03/02/2015,109.8,0.2,-0.8
03/03/2015,109.8,0.2,-0.8
03/04/2015,109.8,0.2,-0.8
03/05/2015,109.8,0.2,-0.8
03/06/2015,109.8,0.2,-0.8
03/07/2015,109.8,0.2,-0.8
03/08/2015,109.8,0.2,-0.8
03/09/2015,109.8,0.2,-0.8
03/10/2015,109.8,0.2,-0.8
03/11/2015,109.8,0.2,-0.8
03/12/2015,109.8,0.2,-0.8
03/13/2015,109.8,0.2,-0.8
03/14/2015,109.8,0.2,-0.8
03/15/2015,109.8,0.2,-0.8
03/16/2015,109.8,0.2,-0.8
03/17/2015,109.8,0.2,-0.8
03/18/2015,109.8,0.2,-0.8
03/19/2015,109.8,0.2,-0.8
03/20/2015,109.8,0.2,-0.8
03/21/2015,109.8,0.2,-0.8
03/22/2015,109.8,0.2,-0.8
03/23/2015,109.8,0.2,-0.8
03/24/2015,109.8,0.2,-0.8
03/25/2015,109.8,0.2,-0.8
03/26/2015,109.8,0.2,-0.8
03/27/2015,109.8,0.2,-0.8
03/28/2015,109.8,0.2,-0.8
03/29/2015,109.8,0.2,-0.8
03/30/2015,109.8,0.2,-0.8
03/31/2015,109.8,0.2,-0.8
04/01/2015,109.6,-0.2,-1.1
04/02/2015,109.6,-0.2,-1.1
04/03/2015,109.6,-0.2,-1.1
04/04/2015,109.6,-0.2,-1.1
04/05/2015,109.6,-0.2,-1.1
04/06/2015,109.6,-0.2,-1.1
04/07/2015,109.6,-0.2,-1.1
04/08/2015,109.6,-0.2,-1.1
04/09/2015,109.6,-0.2,-1.1
04/10/2015,109.6,-0.2,-1.1
04/11/2015,109.6,-0.2,-1.1
04/12/2015,109.6,-0.2,-1.1
04/13/2015,109.6,-0.2,-1.1
04/14/2015,109.6,-0.2,-1.1
04/15/2015,109.6,-0.2,-1.1
04/16/2015,109.6,-0.2,-1.1
04/17/2015,109.6,-0.2,-1.1
04/18/2015,109.6,-0.2,-1.1
04/19/2015,109.6,-0.2,-1.1
04/20/2015,109.6,-0.2,-1.1
04/21/2015,109.6,-0.2,-1.1
04/22/2015,109.6,-0.2,-1.1
04/23/2015,109.6,-0.2,-1.1
04/24/2015,109.6,-0.2,-1.1
04/25/2015,109.6,-0.2,-1.1
04/26/2015,109.6,-0.2,-1.1
04/27/2015,109.6,-0.2,-1.1
04/28/2015,109.6,-0.2,-1.1
04/29/2015,109.6,-0.2,-1.1
04/30/2015,109.6,-0.2,-1.1
05/01/2015,110.0,0.4,-0.9
05/02/2015,110.0,0.4,-0.9
05/03/2015,110.0,0.4,-0.9
05/04/2015,110.0,0.4,-0.9
05/05/2015,110.0,0.4,-0.9
05/06/2015,110.0,0.4,-0.9
05/07/2015,110.0,0.4,-0.9
05/08/2015,110.0,0.4,-0.9
05/09/2015,110.0,0.4,-0.9
05/10/2015,110.0,0.4,-0.9
05/11/2015,110.0,0.4,-0.9
05/12/2015,110.0,0.4,-0.9
05/13/2015,110.0,0.4,-0.9
05/14/2015,110.0,0.4,-0.9
05/15/2015,110.0,0.4,-0.9
05/16/2015,110.0,0.4,-0.9
05/17/2015,110.0,0.4,-0.9
05/18/2015,110.0,0.4,-0.9
05/19/2015,110.0,0.4,-0.9
05/20/2015,110.0,0.4,-0.9
05/21/2015,110.0,0.4,-0.9
05/22/2015,110.0,0.4,-0.9
05/23/2015,110.0,0.4,-0.9
05/24/2015,110.0,0.4,-0.9
05/25/2015,110.0,0.4,-0.9
05/26/2015,110.0,0.4,-0.9
05/27/2015,110.0,0.4,-0.9
05/28/2015,110.0,0.4,-0.9
05/29/2015,110.0,0.4,-0.9
05/30/2015,110.0,0.4,-0.9
05/31/2015,110.0,0.4,-0.9
06/01/2015,110.3,0.3,-0.5
06/02/2015,110.3,0.3,-0.5
06/03/2015,110.3,0.3,-0.5
06/04/2015,110.3,0.3,-0.5
06/05/2015,110.3,0.3,-0.5
06/06/2015,110.3,0.3,-0.5
06/07/2015,110.3,0.3,-0.5
06/08/2015,110.3,0.3,-0.5
06/09/2015,110.3,0.3,-0.5
06/10/2015,110.3,0.3,-0.5
06/11/2015,110.3,0.3,-0.5
06/12/2015,110.3,0.3,-0.5
06/13/2015,110.3,0.3,-0.5
06/14/2015,110.3,0.3,-0.5
06/15/2015,110.3,0.3,-0.5
06/16/2015,110.3,0.3,-0.5
06/17/2015,110.3,0.3,-0.5
06/18/2015,110.3,0.3,-0.5
06/19/2015,110.3,0.3,-0.5
06/20/2015,110.3,0.3,-0.5
06/21/2015,110.3,0.3,-0.5
06/22/2015,110.3,0.3,-0.5
06/23/2015,110.3,0.3,-0.5
06/24/2015,110.3,0.3,-0.5
06/25/2015,110.3,0.3,-0.5
06/26/2015,110.3,0.3,-0.5
06/27/2015,110.3,0.3,-0.5
06/28/2015,110.3,0.3,-0.5
06/29/2015,110.3,0.3,-0.5
06/30/2015,110.3,0.3,-0.5
07/01/2015,110.5,0.2,-0.7
07/02/2015,110.5,0.2,-0.7
07/03/2015,110.5,0.2,-0.7
07/04/2015,110.5,0.2,-0.7
07/05/2015,110.5,0.2,-0.7
07/06/2015,110.5,0.2,-0.7
07/07/2015,110.5,0.2,-0.7
07/08/2015,110.5,0.2,-0.7
07/09/2015,110.5,0.2,-0.7
07/10/2015,110.5,0.2,-0.7
07/11/2015,110.5,0.2,-0.7
07/12/2015,110.5,0.2,-0.7
07/13/2015,110.5,0.2,-0.7
07/14/2015,110.5,0.2,-0.7
07/15/2015,110.5,0.2,-0.7
07/16/2015,110.5,0.2,-0.7
07/17/2015,110.5,0.2,-0.7
07/18/2015,110.5,0.2,-0.7
07/19/2015,110.5,0.2,-0.7
07/20/2015,110.5,0.2,-0.7
07/21/2015,110.5,0.2,-0.7
07/22/2015,110.5,0.2,-0.7
07/23/2015,110.5,0.2,-0.7
07/24/2015,110.5,0.2,-0.7
07/25/2015,110.5,0.2,-0.7
07/26/2015,110.5,0.2,-0.7
07/27/2015,110.5,0.2,-0.7
07/28/2015,110.5,0.2,-0.7
07/29/2015,110.5,0.2,-0.7
07/30/2015,110.5,0.2,-0.7
07/31/2015,110.5,0.2,-0.7
08/01/2015,110.3,-0.2,-0.9
08/02/2015,110.3,-0.2,-0.9
08/03/2015,110.3,-0.2,-0.9
08/04/2015,110.3,-0.2,-0.9
08/05/2015,110.3,-0.2,-0.9
08/06/2015,110.3,-0.2,-0.9
08/07/2015,110.3,-0.2,-0.9
08/08/2015,110.3,-0.2,-0.9
08/09/2015,110.3,-0.2,-0.9
08/10/2015,110.3,-0.2,-0.9
08/11/2015,110.3,-0.2,-0.9
08/12/2015,110.3,-0.2,-0.9
08/13/2015,110.3,-0.2,-0.9
08/14/2015,110.3,-0.2,-0.9
08/15/2015,110.3,-0.2,-0.9
08/16/2015,110.3,-0.2,-0.9
08/17/2015,110.3,-0.2,-0.9
08/18/2015,110.3,-0.2,-0.9
08/19/2015,110.3,-0.2,-0.9
08/20/2015,110.3,-0.2,-0.9
08/21/2015,110.3,-0.2,-0.9
08/22/2015,110.3,-0.2,-0.9
08/23/2015,110.3,-0.2,-0.9
08/24/2015,110.3,-0.2,-0.9
08/25/2015,110.3,-0.2,-0.9
08/26/2015,110.3,-0.2,-0.9
08/27/2015,110.3,-0.2,-0.9
08/28/2015,110.3,-0.2,-0.9
08/29/2015,110.3,-0.2,-0.9
08/30/2015,110.3,-0.2,-0.9
08/31/2015,110.3,-0.2,-0.9
09/01/2015,109.9,-0.4,-1.1
09/02/2015,109.9,-0.4,-1.1
09/03/2015,109.9,-0.4,-1.1
09/04/2015,109.9,-0.4,-1.1
09/05/2015,109.9,-0.4,-1.1
09/06/2015,109.9,-0.4,-1.1
09/07/2015,109.9,-0.4,-1.1
09/08/2015,109.9,-0.4,-1.1
09/09/2015,109.9,-0.4,-1.1
09/10/2015,109.9,-0.4,-1.1
09/11/2015,109.9,-0.4,-1.1
09/12/2015,109.9,-0.4,-1.1
09/13/2015,109.9,-0.4,-1.1
09/14/2015,109.9,-0.4,-1.1
09/15/2015,109.9,-0.4,-1.1
09/16/2015,109.9,-0.4,-1.1
09/17/2015,109.9,-0.4,-1.1
09/18/2015,109.9,-0.4,-1.1
09/19/2015,109.9,-0.4,-1.1
09/20/2015,109.9,-0.4,-1.1
09/21/2015,109.9,-0.4,-1.1
09/22/2015,109.9,-0.4,-1.1
09/23/2015,109.9,-0.4,-1.1
09/24/2015,109.9,-0.4,-1.1
09/25/2015,109.9,-0.4,-1.1
09/26/2015,109.9,-0.4,-1.1
09/27/2015,109.9,-0.4,-1.1
09/28/2015,109.9,-0.4,-1.1
09/29/2015,109.9,-0.4,-1.1
09/30/2015,109.9,-0.4,-1.1
10/01/2015,109.6,-0.3,-1.5
10/02/2015,109.6,-0.3,-1.5
10/03/2015,109.6,-0.3,-1.5
10/04/2015,109.6,-0.3,-1.5
10/05/2015,109.6,-0.3,-1.5
10/06/2015,109.6,-0.3,-1.5
10/07/2015,109.6,-0.3,-1.5
10/08/2015,109.6,-0.3,-1.5
10/09/2015,109.6,-0.3,-1.5
10/10/2015,109.6,-0.3,-1.5
10/11/2015,109.6,-0.3,-1.5
10/12/2015,109.6,-0.3,-1.5
10/13/2015,109.6,-0.3,-1.5
10/14/2015,109.6,-0.3,-1.5
10/15/2015,109.6,-0.3,-1.5
10/16/2015,109.6,-0.3,-1.5
10/17/2015,109.6,-0.3,-1.5
10/18/2015,109.6,-0.3,-1.5
10/19/2015,109.6,-0.3,-1.5
10/20/2015,109.6,-0.3,-1.5
10/21/2015,109.6,-0.3,-1.5
10/22/2015,109.6,-0.3,-1.5
10/23/2015,109.6,-0.3,-1.5
10/24/2015,109.6,-0.3,-1.5
10/25/2015,109.6,-0.3,-1.5
10/26/2015,109.6,-0.3,-1.5
10/27/2015,109.6,-0.3,-1.5
10/28/2015,109.6,-0.3,-1.5
10/29/2015,109.6,-0.3,-1.5
10/30/2015,109.6,-0.3,-1.5
10/31/2015,109.6,-0.3,-1.5
11/01/2015,109.7,0.1,-1.3
11/02/2015,109.7,0.1,-1.3
11/03/2015,109.7,0.1,-1.3
11/04/2015,109.7,0.1,-1.3
11/05/2015,109.7,0.1,-1.3
11/06/2015,109.7,0.1,-1.3
11/07/2015,109.7,0.1,-1.3
11/08/2015,109.7,0.1,-1.3
11/09/2015,109.7,0.1,-1.3
11/10/2015,109.7,0.1,-1.3
11/11/2015,109.7,0.1,-1.3
11/12/2015,109.7,0.1,-1.3
11/13/2015,109.7,0.1,-1.3
11/14/2015,109.7,0.1,-1.3
11/15/2015,109.7,0.1,-1.3
11/16/2015,109.7,0.1,-1.3
11/17/2015,109.7,0.1,-1.3
11/18/2015,109.7,0.1,-1.3
11/19/2015,109.7,0.1,-1.3
11/20/2015,109.7,0.1,-1.3
11/21/2015,109.7,0.1,-1.3
11/22/2015,109.7,0.1,-1.3
11/23/2015,109.7,0.1,-1.3
11/24/2015,109.7,0.1,-1.3
11/25/2015,109.7,0.1,-1.3
11/26/2015,109.7,0.1,-1.3
11/27/2015,109.7,0.1,-1.3
11/28/2015,109.7,0.1,-1.3
11/29/2015,109.7,0.1,-1.3
11/30/2015,109.7,0.1,-1.3
12/01/2015,109.6,-0.1,-1.1
12/02/2015,109.6,-0.1,-1.1
12/03/2015,109.6,-0.1,-1.1
12/04/2015,109.6,-0.1,-1.1
12/05/2015,109.6,-0.1,-1.1
12/06/2015,109.6,-0.1,-1.1
12/07/2015,109.6,-0.1,-1.1
12/08/2015,109.6,-0.1,-1.1
12/09/2015,109.6,-0.1,-1.1
12/10/2015,109.6,-0.1,-1.1
12/11/2015,109.6,-0.1,-1.1
12/12/2015,109.6,-0.1,-1.1
12/13/2015,109.6,-0.1,-1.1
12/14/2015,109.6,-0.1,-1.1
12/15/2015,109.6,-0.1,-1.1
12/16/2015,109.6,-0.1,-1.1
12/17/2015,109.6,-0.1,-1.1
12/18/2015,109.6,-0.1,-1.1
12/19/2015,109.6,-0.1,-1.1
12/20/2015,109.6,-0.1,-1.1
12/21/2015,109.6,-0.1,-1.1
12/22/2015,109.6,-0.1,-1.1
12/23/2015,109.6,-0.1,-1.1
12/24/2015,109.6,-0.1,-1.1
12/25/2015,109.6,-0.1,-1.1
12/26/2015,109.6,-0.1,-1.1
12/27/2015,109.6,-0.1,-1.1
12/28/2015,109.6,-0.1,-1.1
12/29/2015,109.6,-0.1,-1.1
12/30/2015,109.6,-0.1,-1.1
12/31/2015,109.6,-0.1,-1.1
01/01/2016,110.0,0.4,-0.1
01/02/2016,110.0,0.4,-0.1
01/03/2016,110.0,0.4,-0.1
01/04/2016,110.0,0.4,-0.1
01/05/2016,110.0,0.4,-0.1
01/06/2016,110.0,0.4,-0.1
01/07/2016,110.0,0.4,-0.1
01/08/2016,110.0,0.4,-0.1
01/09/2016,110.0,0.4,-0.1
01/10/2016,110.0,0.4,-0.1
01/11/2016,110.0,0.4,-0.1
01/12/2016,110.0,0.4,-0.1
01/13/2016,110.0,0.4,-0.1
01/14/2016,110.0,0.4,-0.1
01/15/2016,110.0,0.4,-0.1
01/16/2016,110.0,0.4,-0.1
01/17/2016,110.0,0.4,-0.1
01/18/2016,110.0,0.4,-0.1
01/19/2016,110.0,0.4,-0.1
01/20/2016,110.0,0.4,-0.1
01/21/2016,110.0,0.4,-0.1
01/22/2016,110.0,0.4,-0.1
01/23/2016,110.0,0.4,-0.1
01/24/2016,110.0,0.4,-0.1
01/25/2016,110.0,0.4,-0.1
01/26/2016,110.0,0.4,-0.1
01/27/2016,110.0,0.4,-0.1
01/28/2016,110.0,0.4,-0.1
01/29/2016,110.0,0.4,-0.1
01/30/2016,110.0,0.4,-0.1
01/31/2016,110.0,0.4,-0.1
02/01/2016,109.7,-0.3,0.1
02/02/2016,109.7,-0.3,0.1
02/03/2016,109.7,-0.3,0.1
02/04/2016,109.7,-0.3,0.1
02/05/2016,109.7,-0.3,0.1
02/06/2016,109.7,-0.3,0.1
02/07/2016,109.7,-0.3,0.1
02/08/2016,109.7,-0.3,0.1
02/09/2016,109.7,-0.3,0.1
02/10/2016,109.7,-0.3,0.1
02/11/2016,109.7,-0.3,0.1
02/12/2016,109.7,-0.3,0.1
02/13/2016,109.7,-0.3,0.1
02/14/2016,109.7,-0.3,0.1
02/15/2016,109.7,-0.3,0.1
02/16/2016,109.7,-0.3,0.1
02/17/2016,109.7,-0.3,0.1
02/18/2016,109.7,-0.3,0.1
02/19/2016,109.7,-0.3,0.1
02/20/2016,109.7,-0.3,0.1
02/21/2016,109.7,-0.3,0.1
02/22/2016,109.7,-0.3,0.1
02/23/2016,109.7,-0.3,0.1
02/24/2016,109.7,-0.3,0.1
02/25/2016,109.7,-0.3,0.1
02/26/2016,109.7,-0.3,0.1
02/27/2016,109.7,-0.3,0.1
02/28/2016,109.7,-0.3,0.1
02/29/2016,109.7,-0.3,0.1
03/01/2016,109.7,0.0,-0.1
03/02/2016,109.7,0.0,-0.1
03/03/2016,109.7,0.0,-0.1
03/04/2016,109.7,0.0,-0.1
03/05/2016,109.7,0.0,-0.1
03/06/2016,109.7,0.0,-0.1
03/07/2016,109.7,0.0,-0.1
03/08/2016,109.7,0.0,-0.1
03/09/2016,109.7,0.0,-0.1
03/10/2016,109.7,0.0,-0.1
03/11/2016,109.7,0.0,-0.1
03/12/2016,109.7,0.0,-0.1
03/13/2016,109.7,0.0,-0.1
03/14/2016,109.7,0.0,-0.1
03/15/2016,109.7,0.0,-0.1
03/16/2016,109.7,0.0,-0.1
03/17/2016,109.7,0.0,-0.1
03/18/2016,109.7,0.0,-0.1
03/19/2016,109.7,0.0,-0.1
03/20/2016,109.7,0.0,-0.1
03/21/2016,109.7,0.0,-0.1
03/22/2016,109.7,0.0,-0.1
03/23/2016,109.7,0.0,-0.1
03/24/2016,109.7,0.0,-0.1
03/25/2016,109.7,0.0,-0.1
03/26/2016,109.7,0.0,-0.1
03/27/2016,109.7,0.0,-0.1
03/28/2016,109.7,0.0,-0.1
03/29/2016,109.7,0.0,-0.1
03/30/2016,109.7,0.0,-0.1
03/31/2016,109.7,0.0,-0.1
04/01/2016,109.9,0.2,0.3
04/02/2016,109.9,0.2,0.3
04/03/2016,109.9,0.2,0.3
04/04/2016,109.9,0.2,0.3
04/05/2016,109.9,0.2,0.3
04/06/2016,109.9,0.2,0.3
04/07/2016,109.9,0.2,0.3
04/08/2016,109.9,0.2,0.3
04/09/2016,109.9,0.2,0.3
04/10/2016,109.9,0.2,0.3
04/11/2016,109.9,0.2,0.3
04/12/2016,109.9,0.2,0.3
04/13/2016,109.9,0.2,0.3
04/14/2016,109.9,0.2,0.3
04/15/2016,109.9,0.2,0.3
04/16/2016,109.9,0.2,0.3
04/17/2016,109.9,0.2,0.3
04/18/2016,109.9,0.2,0.3
04/19/2016,109.9,0.2,0.3
04/20/2016,109.9,0.2,0.3
04/21/2016,109.9,0.2,0.3
04/22/2016,109.9,0.2,0.3
04/23/2016,109.9,0.2,0.3
04/24/2016,109.9,0.2,0.3
04/25/2016,109.9,0.2,0.3
04/26/2016,109.9,0.2,0.3
04/27/2016,109.9,0.2,0.3
04/28/2016,109.9,0.2,0.3
04/29/2016,109.9,0.2,0.3
04/30/2016,109.9,0.2,0.3
05/01/2016,110.1,0.2,0.1
05/02/2016,110.1,0.2,0.1
05/03/2016,110.1,0.2,0.1
05/04/2016,110.1,0.2,0.1
05/05/2016,110.1,0.2,0.1
05/06/2016,110.1,0.2,0.1
05/07/2016,110.1,0.2,0.1
05/08/2016,110.1,0.2,0.1
05/09/2016,110.1,0.2,0.1
05/10/2016,110.1,0.2,0.1
05/11/2016,110.1,0.2,0.1
05/12/2016,110.1,0.2,0.1
05/13/2016,110.1,0.2,0.1
05/14/2016,110.1,0.2,0.1
05/15/2016,110.1,0.2,0.1
05/16/2016,110.1,0.2,0.1
05/17/2016,110.1,0.2,0.1
05/18/2016,110.1,0.2,0.1
05/19/2016,110.1,0.2,0.1
05/20/2016,110.1,0.2,0.1
05/21/2016,110.1,0.2,0.1
05/22/2016,110.1,0.2,0.1
05/23/2016,110.1,0.2,0.1
05/24/2016,110.1,0.2,0.1
05/25/2016,110.1,0.2,0.1
05/26/2016,110.1,0.2,0.1
05/27/2016,110.1,0.2,0.1
05/28/2016,110.1,0.2,0.1
05/29/2016,110.1,0.2,0.1
05/30/2016,110.1,0.2,0.1
05/31/2016,110.1,0.2,0.1
06/01/2016,110.6,0.5,0.3
06/02/2016,110.6,0.5,0.3
06/03/2016,110.6,0.5,0.3
06/04/2016,110.6,0.5,0.3
06/05/2016,110.6,0.5,0.3
06/06/2016,110.6,0.5,0.3
06/07/2016,110.6,0.5,0.3
06/08/2016,110.6,0.5,0.3
06/09/2016,110.6,0.5,0.3
06/10/2016,110.6,0.5,0.3
06/11/2016,110.6,0.5,0.3
06/12/2016,110.6,0.5,0.3
06/13/2016,110.6,0.5,0.3
06/14/2016,110.6,0.5,0.3
06/15/2016,110.6,0.5,0.3
06/16/2016,110.6,0.5,0.3
06/17/2016,110.6,0.5,0.3
06/18/2016,110.6,0.5,0.3
06/19/2016,110.6,0.5,0.3
06/20/2016,110.6,0.5,0.3
06/21/2016,110.6,0.5,0.3
06/22/2016,110.6,0.5,0.3
06/23/2016,110.6,0.5,0.3
06/24/2016,110.6,0.5,0.3
06/25/2016,110.6,0.5,0.3
06/26/2016,110.6,0.5,0.3
06/27/2016,110.6,0.5,0.3
06/28/2016,110.6,0.5,0.3
06/29/2016,110.6,0.5,0.3
06/30/2016,110.6,0.5,0.3
07/01/2016,110.5,-0.1,0.0
07/02/2016,110.5,-0.1,0.0
07/03/2016,110.5,-0.1,0.0
07/04/2016,110.5,-0.1,0.0
07/05/2016,110.5,-0.1,0.0
07/06/2016,110.5,-0.1,0.0
07/07/2016,110.5,-0.1,0.0
07/08/2016,110.5,-0.1,0.0
07/09/2016,110.5,-0.1,0.0
07/10/2016,110.5,-0.1,0.0
07/11/2016,110.5,-0.1,0.0
07/12/2016,110.5,-0.1,0.0
07/13/2016,110.5,-0.1,0.0
07/14/2016,110.5,-0.1,0.0
07/15/2016,110.5,-0.1,0.0
07/16/2016,110.5,-0.1,0.0
07/17/2016,110.5,-0.1,0.0
07/18/2016,110.5,-0.1,0.0
07/19/2016,110.5,-0.1,0.0
07/20/2016,110.5,-0.1,0.0
07/21/2016,110.5,-0.1,0.0
07/22/2016,110.5,-0.1,0.0
07/23/2016,110.5,-0.1,0.0
07/24/2016,110.5,-0.1,0.0
07/25/2016,110.5,-0.1,0.0
07/26/2016,110.5,-0.1,0.0
07/27/2016,110.5,-0.1,0.0
07/28/2016,110.5,-0.1,0.0
07/29/2016,110.5,-0.1,0.0
07/30/2016,110.5,-0.1,0.0
07/31/2016,110.5,-0.1,0.0
08/01/2016,110.3,-0.2,0.0
08/02/2016,110.3,-0.2,0.0
08/03/2016,110.3,-0.2,0.0
08/04/2016,110.3,-0.2,0.0
08/05/2016,110.3,-0.2,0.0
08/06/2016,110.3,-0.2,0.0
08/07/2016,110.3,-0.2,0.0
08/08/2016,110.3,-0.2,0.0
08/09/2016,110.3,-0.2,0.0
08/10/2016,110.3,-0.2,0.0
08/11/2016,110.3,-0.2,0.0
08/12/2016,110.3,-0.2,0.0
08/13/2016,110.3,-0.2,0.0
08/14/2016,110.3,-0.2,0.0
08/15/2016,110.3,-0.2,0.0
08/16/2016,110.3,-0.2,0.0
08/17/2016,110.3,-0.2,0.0
08/18/2016,110.3,-0.2,0.0
08/19/2016,110.3,-0.2,0.0
08/20/2016,110.3,-0.2,0.0
08/21/2016,110.3,-0.2,0.0
08/22/2016,110.3,-0.2,0.0
08/23/2016,110.3,-0.2,0.0
08/24/2016,110.3,-0.2,0.0
08/25/2016,110.3,-0.2,0.0
08/26/2016,110.3,-0.2,0.0
08/27/2016,110.3,-0.2,0.0
08/28/2016,110.3,-0.2,0.0
08/29/2016,110.3,-0.2,0.0
08/30/2016,110.3,-0.2,0.0
08/31/2016,110.3,-0.2,0.0
09/01/2016,110.6,0.3,0.6
09/02/2016,110.6,0.3,0.6
09/03/2016,110.6,0.3,0.6
09/04/2016,110.6,0.3,0.6
09/05/2016,110.6,0.3,0.6
09/06/2016,110.6,0.3,0.6
09/07/2016,110.6,0.3,0.6
09/08/2016,110.6,0.3,0.6
09/09/2016,110.6,0.3,0.6
09/10/2016,110.6,0.3,0.6
09/11/2016,110.6,0.3,0.6
09/12/2016,110.6,0.3,0.6
09/13/2016,110.6,0.3,0.6
09/14/2016,110.6,0.3,0.6
09/15/2016,110.6,0.3,0.6
09/16/2016,110.6,0.3,0.6
09/17/2016,110.6,0.3,0.6
09/18/2016,110.6,0.3,0.6
09/19/2016,110.6,0.3,0.6
09/20/2016,110.6,0.3,0.6
09/21/2016,110.6,0.3,0.6
09/22/2016,110.6,0.3,0.6
09/23/2016,110.6,0.3,0.6
09/24/2016,110.6,0.3,0.6
09/25/2016,110.6,0.3,0.6
09/26/2016,110.6,0.3,0.6
09/27/2016,110.6,0.3,0.6
09/28/2016,110.6,0.3,0.6
09/29/2016,110.6,0.3,0.6
09/30/2016,110.6,0.3,0.6
10/01/2016,110.9,0.3,1.2
10/02/2016,110.9,0.3,1.2
10/03/2016,110.9,0.3,1.2
10/04/2016,110.9,0.3,1.2
10/05/2016,110.9,0.3,1.2
10/06/2016,110.9,0.3,1.2
10/07/2016,110.9,0.3,1.2
10/08/2016,110.9,0.3,1.2
10/09/2016,110.9,0.3,1.2
10/10/2016,110.9,0.3,1.2
10/11/2016,110.9,0.3,1.2
10/12/2016,110.9,0.3,1.2
10/13/2016,110.9,0.3,1.2
10/14/2016,110.9,0.3,1.2
10/15/2016,110.9,0.3,1.2
10/16/2016,110.9,0.3,1.2
10/17/2016,110.9,0.3,1.2
10/18/2016,110.9,0.3,1.2
10/19/2016,110.9,0.3,1.2
10/20/2016,110.9,0.3,1.2
10/21/2016,110.9,0.3,1.2
10/22/2016,110.9,0.3,1.2
10/23/2016,110.9,0.3,1.2
10/24/2016,110.9,0.3,1.2
10/25/2016,110.9,0.3,1.2
10/26/2016,110.9,0.3,1.2
10/27/2016,110.9,0.3,1.2
10/28/2016,110.9,0.3,1.2
10/29/2016,110.9,0.3,1.2
10/30/2016,110.9,0.3,1.2
10/31/2016,110.9,0.3,1.2
11/01/2016,111.1,0.2,1.3
11/02/2016,111.1,0.2,1.3
11/03/2016,111.1,0.2,1.3
11/04/2016,111.1,0.2,1.3
11/05/2016,111.1,0.2,1.3
11/06/2016,111.1,0.2,1.3
11/07/2016,111.1,0.2,1.3
11/08/2016,111.1,0.2,1.3
11/09/2016,111.1,0.2,1.3
11/10/2016,111.1,0.2,1.3
11/11/2016,111.1,0.2,1.3
11/12/2016,111.1,0.2,1.3
11/13/2016,111.1,0.2,1.3
11/14/2016,111.1,0.2,1.3
11/15/2016,111.1,0.2,1.3
11/16/2016,111.1,0.2,1.3
11/17/2016,111.1,0.2,1.3
11/18/2016,111.1,0.2,1.3
11/19/2016,111.1,0.2,1.3
11/20/2016,111.1,0.2,1.3
11/21/2016,111.1,0.2,1.3
11/22/2016,111.1,0.2,1.3
11/23/2016,111.1,0.2,1.3
11/24/2016,111.1,0.2,1.3
11/25/2016,111.1,0.2,1.3
11/26/2016,111.1,0.2,1.3
11/27/2016,111.1,0.2,1.3
11/28/2016,111.1,0.2,1.3
11/29/2016,111.1,0.2,1.3
11/30/2016,111.1,0.2,1.3
12/01/2016,111.4,0.3,1.6
12/02/2016,111.4,0.3,1.6
12/03/2016,111.4,0.3,1.6
12/04/2016,111.4,0.3,1.6
12/05/2016,111.4,0.3,1.6
12/06/2016,111.4,0.3,1.6
12/07/2016,111.4,0.3,1.6
12/08/2016,111.4,0.3,1.6
12/09/2016,111.4,0.3,1.6
12/10/2016,111.4,0.3,1.6
12/11/2016,111.4,0.3,1.6
12/12/2016,111.4,0.3,1.6
12/13/2016,111.4,0.3,1.6
12/14/2016,111.4,0.3,1.6
12/15/2016,111.4,0.3,1.6
12/16/2016,111.4,0.3,1.6
12/17/2016,111.4,0.3,1.6
12/18/2016,111.4,0.3,1.6
12/19/2016,111.4,0.3,1.6
12/20/2016,111.4,0.3,1.6
12/21/2016,111.4,0.3,1.6
12/22/2016,111.4,0.3,1.6
12/23/2016,111.4,0.3,1.6
12/24/2016,111.4,0.3,1.6
12/25/2016,111.4,0.3,1.6
12/26/2016,111.4,0.3,1.6
12/27/2016,111.4,0.3,1.6
12/28/2016,111.4,0.3,1.6
12/29/2016,111.4,0.3,1.6
12/30/2016,111.4,0.3,1.6
12/31/2016,111.4,0.3,1.6
01/01/2017,111.9,0.4,1.7
01/02/2017,111.9,0.4,1.7
01/03/2017,111.9,0.4,1.7
01/04/2017,111.9,0.4,1.7
01/05/2017,111.9,0.4,1.7
01/06/2017,111.9,0.4,1.7
01/07/2017,111.9,0.4,1.7
01/08/2017,111.9,0.4,1.7
01/09/2017,111.9,0.4,1.7
01/10/2017,111.9,0.4,1.7
01/11/2017,111.9,0.4,1.7
01/12/2017,111.9,0.4,1.7
01/13/2017,111.9,0.4,1.7
01/14/2017,111.9,0.4,1.7
01/15/2017,111.9,0.4,1.7
01/16/2017,111.9,0.4,1.7
01/17/2017,111.9,0.4,1.7
01/18/2017,111.9,0.4,1.7
01/19/2017,111.9,0.4,1.7
01/20/2017,111.9,0.4,1.7
01/21/2017,111.9,0.4,1.7
01/22/2017,111.9,0.4,1.7
01/23/2017,111.9,0.4,1.7
01/24/2017,111.9,0.4,1.7
01/25/2017,111.9,0.4,1.7
01/26/2017,111.9,0.4,1.7
01/27/2017,111.9,0.4,1.7
01/28/2017,111.9,0.4,1.7
01/29/2017,111.9,0.4,1.7
01/30/2017,111.9,0.4,1.7
01/31/2017,111.9,0.4,1.7
02/01/2017,111.9,0.0,2.0
02/02/2017,111.9,0.0,2.0
02/03/2017,111.9,0.0,2.0
02/04/2017,111.9,0.0,2.0
02/05/2017,111.9,0.0,2.0
02/06/2017,111.9,0.0,2.0
02/07/2017,111.9,0.0,2.0
02/08/2017,111.9,0.0,2.0
02/09/2017,111.9,0.0,2.0
02/10/2017,111.9,0.0,2.0
02/11/2017,111.9,0.0,2.0
02/12/2017,111.9,0.0,2.0
02/13/2017,111.9,0.0,2.0
02/14/2017,111.9,0.0,2.0
02/15/2017,111.9,0.0,2.0
02/16/2017,111.9,0.0,2.0
02/17/2017,111.9,0.0,2.0
02/18/2017,111.9,0.0,2.0
02/19/2017,111.9,0.0,2.0
02/20/2017,111.9,0.0,2.0
02/21/2017,111.9,0.0,2.0
02/22/2017,111.9,0.0,2.0
02/23/2017,111.9,0.0,2.0
02/24/2017,111.9,0.0,2.0
02/25/2017,111.9,0.0,2.0
02/26/2017,111.9,0.0,2.0
02/27/2017,111.9,0.0,2.0
02/28/2017,111.9,0.0,2.0
03/01/2017,112.1,0.2,2.2
03/02/2017,112.1,0.2,2.2
03/03/2017,112.1,0.2,2.2
03/04/2017,112.1,0.2,2.2
03/05/2017,112.1,0.2,2.2
03/06/2017,112.1,0.2,2.2
03/07/2017,112.1,0.2,2.2
03/08/2017,112.1,0.2,2.2
03/09/2017,112.1,0.2,2.2
03/10/2017,112.1,0.2,2.2
03/11/2017,112.1,0.2,2.2
03/12/2017,112.1,0.2,2.2
03/13/2017,112.1,0.2,2.2
03/14/2017,112.1,0.2,2.2
03/15/2017,112.1,0.2,2.2
03/16/2017,112.1,0.2,2.2
03/17/2017,112.1,0.2,2.2
03/18/2017,112.1,0.2,2.2
03/19/2017,112.1,0.2,2.2
03/20/2017,112.1,0.2,2.2
03/21/2017,112.1,0.2,2.2
03/22/2017,112.1,0.2,2.2
03/23/2017,112.1,0.2,2.2
03/24/2017,112.1,0.2,2.2
03/25/2017,112.1,0.2,2.2
03/26/2017,112.1,0.2,2.2
03/27/2017,112.1,0.2,2.2
03/28/2017,112.1,0.2,2.2
03/29/2017,112.1,0.2,2.2
03/30/2017,112.1,0.2,2.2
03/31/2017,112.1,0.2,2.2
04/01/2017,112.6,0.4,2.5
04/02/2017,112.6,0.4,2.5
04/03/2017,112.6,0.4,2.5
04/04/2017,112.6,0.4,2.5
04/05/2017,112.6,0.4,2.5
04/06/2017,112.6,0.4,2.5
04/07/2017,112.6,0.4,2.5
04/08/2017,112.6,0.4,2.5
04/09/2017,112.6,0.4,2.5
04/10/2017,112.6,0.4,2.5
04/11/2017,112.6,0.4,2.5
04/12/2017,112.6,0.4,2.5
04/13/2017,112.6,0.4,2.5
04/14/2017,112.6,0.4,2.5
04/15/2017,112.6,0.4,2.5
04/16/2017,112.6,0.4,2.5
04/17/2017,112.6,0.4,2.5
04/18/2017,112.6,0.4,2.5
04/19/2017,112.6,0.4,2.5
04/20/2017,112.6,0.4,2.5
04/21/2017,112.6,0.4,2.5
04/22/2017,112.6,0.4,2.5
04/23/2017,112.6,0.4,2.5
04/24/2017,112.6,0.4,2.5
04/25/2017,112.6,0.4,2.5
04/26/2017,112.6,0.4,2.5
04/27/2017,112.6,0.4,2.5
04/28/2017,112.6,0.4,2.5
04/29/2017,112.6,0.4,2.5
04/30/2017,112.6,0.4,2.5
05/01/2017,112.5,-0.1,2.2
05/02/2017,112.5,-0.1,2.2
05/03/2017,112.5,-0.1,2.2
05/04/2017,112.5,-0.1,2.2
05/05/2017,112.5,-0.1,2.2
05/06/2017,112.5,-0.1,2.2
05/07/2017,112.5,-0.1,2.2
05/08/2017,112.5,-0.1,2.2
05/09/2017,112.5,-0.1,2.2
05/10/2017,112.5,-0.1,2.2
05/11/2017,112.5,-0.1,2.2
05/12/2017,112.5,-0.1,2.2
05/13/2017,112.5,-0.1,2.2
05/14/2017,112.5,-0.1,2.2
05/15/2017,112.5,-0.1,2.2
05/16/2017,112.5,-0.1,2.2
05/17/2017,112.5,-0.1,2.2
05/18/2017,112.5,-0.1,2.2
05/19/2017,112.5,-0.1,2.2
05/20/2017,112.5,-0.1,2.2
05/21/2017,112.5,-0.1,2.2
05/22/2017,112.5,-0.1,2.2
05/23/2017,112.5,-0.1,2.2
05/24/2017,112.5,-0.1,2.2
05/25/2017,112.5,-0.1,2.2
05/26/2017,112.5,-0.1,2.2
05/27/2017,112.5,-0.1,2.2
05/28/2017,112.5,-0.1,2.2
05/29/2017,112.5,-0.1,2.2
05/30/2017,112.5,-0.1,2.2
05/31/2017,112.5,-0.1,2.2
06/01/2017,112.6,0.1,1.8
06/02/2017,112.6,0.1,1.8
06/03/2017,112.6,0.1,1.8
06/04/2017,112.6,0.1,1.8
06/05/2017,112.6,0.1,1.8
06/06/2017,112.6,0.1,1.8
06/07/2017,112.6,0.1,1.8
06/08/2017,112.6,0.1,1.8
06/09/2017,112.6,0.1,1.8
06/10/2017,112.6,0.1,1.8
06/11/2017,112.6,0.1,1.8
06/12/2017,112.6,0.1,1.8
06/13/2017,112.6,0.1,1.8
06/14/2017,112.6,0.1,1.8
06/15/2017,112.6,0.1,1.8
06/16/2017,112.6,0.1,1.8
06/17/2017,112.6,0.1,1.8
06/18/2017,112.6,0.1,1.8
06/19/2017,112.6,0.1,1.8
06/20/2017,112.6,0.1,1.8
06/21/2017,112.6,0.1,1.8
06/22/2017,112.6,0.1,1.8
06/23/2017,112.6,0.1,1.8
06/24/2017,112.6,0.1,1.8
06/25/2017,112.6,0.1,1.8
06/26/2017,112.6,0.1,1.8
06/27/2017,112.6,0.1,1.8
06/28/2017,112.6,0.1,1.8
06/29/2017,112.6,0.1,1.8
06/30/2017,112.6,0.1,1.8
07/01/2017,112.7,0.1,2.0
07/02/2017,112.7,0.1,2.0
07/03/2017,112.7,0.1,2.0
07/04/2017,112.7,0.1,2.0
07/05/2017,112.7,0.1,2.0
07/06/2017,112.7,0.1,2.0
07/07/2017,112.7,0.1,2.0
07/08/2017,112.7,0.1,2.0
07/09/2017,112.7,0.1,2.0
07/10/2017,112.7,0.1,2.0
07/11/2017,112.7,0.1,2.0
07/12/2017,112.7,0.1,2.0
07/13/2017,112.7,0.1,2.0
07/14/2017,112.7,0.1,2.0
07/15/2017,112.7,0.1,2.0
07/16/2017,112.7,0.1,2.0
07/17/2017,112.7,0.1,2.0
07/18/2017,112.7,0.1,2.0
07/19/2017,112.7,0.1,2.0
07/20/2017,112.7,0.1,2.0
07/21/2017,112.7,0.1,2.0
07/22/2017,112.7,0.1,2.0
07/23/2017,112.7,0.1,2.0
07/24/2017,112.7,0.1,2.0
07/25/2017,112.7,0.1,2.0
07/26/2017,112.7,0.1,2.0
07/27/2017,112.7,0.1,2.0
07/28/2017,112.7,0.1,2.0
07/29/2017,112.7,0.1,2.0
07/30/2017,112.7,0.1,2.0
07/31/2017,112.7,0.1,2.0
08/01/2017,113.1,0.4,2.5
08/02/2017,113.1,0.4,2.5
08/03/2017,113.1,0.4,2.5
08/04/2017,113.1,0.4,2.5
08/05/2017,113.1,0.4,2.5
08/06/2017,113.1,0.4,2.5
08/07/2017,113.1,0.4,2.5
08/08/2017,113.1,0.4,2.5
08/09/2017,113.1,0.4,2.5
08/10/2017,113.1,0.4,2.5
08/11/2017,113.1,0.4,2.5
08/12/2017,113.1,0.4,2.5
08/13/2017,113.1,0.4,2.5
08/14/2017,113.1,0.4,2.5
08/15/2017,113.1,0.4,2.5
08/16/2017,113.1,0.4,2.5
08/17/2017,113.1,0.4,2.5
08/18/2017,113.1,0.4,2.5
08/19/2017,113.1,0.4,2.5
08/20/2017,113.1,0.4,2.5
08/21/2017,113.1,0.4,2.5
08/22/2017,113.1,0.4,2.5
08/23/2017,113.1,0.4,2.5
08/24/2017,113.1,0.4,2.5
08/25/2017,113.1,0.4,2.5
08/26/2017,113.1,0.4,2.5
08/27/2017,113.1,0.4,2.5
08/28/2017,113.1,0.4,2.5
08/29/2017,113.1,0.4,2.5
08/30/2017,113.1,0.4,2.5
08/31/2017,113.1,0.4,2.5
09/01/2017,113.5,0.4,2.6
09/02/2017,113.5,0.4,2.6
09/03/2017,113.5,0.4,2.6
09/04/2017,113.5,0.4,2.6
09/05/2017,113.5,0.4,2.6
09/06/2017,113.5,0.4,2.6
09/07/2017,113.5,0.4,2.6
09/08/2017,113.5,0.4,2.6
09/09/2017,113.5,0.4,2.6
09/10/2017,113.5,0.4,2.6
09/11/2017,113.5,0.4,2.6
09/12/2017,113.5,0.4,2.6
09/13/2017,113.5,0.4,2.6
09/14/2017,113.5,0.4,2.6
09/15/2017,113.5,0.4,2.6
09/16/2017,113.5,0.4,2.6
09/17/2017,113.5,0.4,2.6
09/18/2017,113.5,0.4,2.6
09/19/2017,113.5,0.4,2.6
09/20/2017,113.5,0.4,2.6
09/21/2017,113.5,0.4,2.6
09/22/2017,113.5,0.4,2.6
09/23/2017,113.5,0.4,2.6
09/24/2017,113.5,0.4,2.6
09/25/2017,113.5,0.4,2.6
09/26/2017,113.5,0.4,2.6
09/27/2017,113.5,0.4,2.6
09/28/2017,113.5,0.4,2.6
09/29/2017,113.5,0.4,2.6
09/30/2017,113.5,0.4,2.6
10/01/2017,113.9,0.4,2.7
10/02/2017,113.9,0.4,2.7
10/03/2017,113.9,0.4,2.7
10/04/2017,113.9,0.4,2.7
10/05/2017,113.9,0.4,2.7
10/06/2017,113.9,0.4,2.7
10/07/2017,113.9,0.4,2.7
10/08/2017,113.9,0.4,2.7
10/09/2017,113.9,0.4,2.7
10/10/2017,113.9,0.4,2.7
10/11/2017,113.9,0.4,2.7
10/12/2017,113.9,0.4,2.7
10/13/2017,113.9,0.4,2.7
10/14/2017,113.9,0.4,2.7
10/15/2017,113.9,0.4,2.7
10/16/2017,113.9,0.4,2.7
10/17/2017,113.9,0.4,2.7
10/18/2017,113.9,0.4,2.7
10/19/2017,113.9,0.4,2.7
10/20/2017,113.9,0.4,2.7
10/21/2017,113.9,0.4,2.7
10/22/2017,113.9,0.4,2.7
10/23/2017,113.9,0.4,2.7
10/24/2017,113.9,0.4,2.7
10/25/2017,113.9,0.4,2.7
10/26/2017,113.9,0.4,2.7
10/27/2017,113.9,0.4,2.7
10/28/2017,113.9,0.4,2.7
10/29/2017,113.9,0.4,2.7
10/30/2017,113.9,0.4,2.7
10/31/2017,113.9,0.4,2.7
11/01/2017,114.3,0.4,2.9
11/02/2017,114.3,0.4,2.9
11/03/2017,114.3,0.4,2.9
11/04/2017,114.3,0.4,2.9
11/05/2017,114.3,0.4,2.9
11/06/2017,114.3,0.4,2.9
11/07/2017,114.3,0.4,2.9
11/08/2017,114.3,0.4,2.9
11/09/2017,114.3,0.4,2.9
11/10/2017,114.3,0.4,2.9
11/11/2017,114.3,0.4,2.9
11/12/2017,114.3,0.4,2.9
11/13/2017,114.3,0.4,2.9
11/14/2017,114.3,0.4,2.9
11/15/2017,114.3,0.4,2.9
11/16/2017,114.3,0.4,2.9
11/17/2017,114.3,0.4,2.9
11/18/2017,114.3,0.4,2.9
11/19/2017,114.3,0.4,2.9
11/20/2017,114.3,0.4,2.9
11/21/2017,114.3,0.4,2.9
11/22/2017,114.3,0.4,2.9
11/23/2017,114.3,0.4,2.9
11/24/2017,114.3,0.4,2.9
11/25/2017,114.3,0.4,2.9
11/26/2017,114.3,0.4,2.9
11/27/2017,114.3,0.4,2.9
11/28/2017,114.3,0.4,2.9
11/29/2017,114.3,0.4,2.9
11/30/2017,114.3,0.4,2.9
12/01/2017,114.4,0.1,2.7
12/02/2017,114.4,0.1,2.7
12/03/2017,114.4,0.1,2.7
12/04/2017,114.4,0.1,2.7
12/05/2017,114.4,0.1,2.7
12/06/2017,114.4,0.1,2.7
12/07/2017,114.4,0.1,2.7
12/08/2017,114.4,0.1,2.7
12/09/2017,114.4,0.1,2.7
12/10/2017,114.4,0.1,2.7
12/11/2017,114.4,0.1,2.7
12/12/2017,114.4,0.1,2.7
12/13/2017,114.4,0.1,2.7
12/14/2017,114.4,0.1,2.7
12/15/2017,114.4,0.1,2.7
12/16/2017,114.4,0.1,2.7
12/17/2017,114.4,0.1,2.7
12/18/2017,114.4,0.1,2.7
12/19/2017,114.4,0.1,2.7
12/20/2017,114.4,0.1,2.7
12/21/2017,114.4,0.1,2.7
12/22/2017,114.4,0.1,2.7
12/23/2017,114.4,0.1,2.7
12/24/2017,114.4,0.1,2.7
12/25/2017,114.4,0.1,2.7
12/26/2017,114.4,0.1,2.7
12/27/2017,114.4,0.1,2.7
12/28/2017,114.4,0.1,2.7
12/29/2017,114.4,0.1,2.7
12/30/2017,114.4,0.1,2.7
12/31/2017,114.4,0.1,2.7
01/01/2018,114.8,0.3,2.6
01/02/2018,114.8,0.3,2.6
01/03/2018,114.8,0.3,2.6
01/04/2018,114.8,0.3,2.6
01/05/2018,114.8,0.3,2.6
01/06/2018,114.8,0.3,2.6
01/07/2018,114.8,0.3,2.6
01/08/2018,114.8,0.3,2.6
01/09/2018,114.8,0.3,2.6
01/10/2018,114.8,0.3,2.6
01/11/2018,114.8,0.3,2.6
01/12/2018,114.8,0.3,2.6
01/13/2018,114.8,0.3,2.6
01/14/2018,114.8,0.3,2.6
01/15/2018,114.8,0.3,2.6
01/16/2018,114.8,0.3,2.6
01/17/2018,114.8,0.3,2.6
01/18/2018,114.8,0.3,2.6
01/19/2018,114.8,0.3,2.6
01/20/2018,114.8,0.3,2.6
01/21/2018,114.8,0.3,2.6
01/22/2018,114.8,0.3,2.6
01/23/2018,114.8,0.3,2.6
01/24/2018,114.8,0.3,2.6
01/25/2018,114.8,0.3,2.6
01/26/2018,114.8,0.3,2.6
01/27/2018,114.8,0.3,2.6
01/28/2018,114.8,0.3,2.6
01/29/2018,114.8,0.3,2.6
01/30/2018,114.8,0.3,2.6
01/31/2018,114.8,0.3,2.6
02/01/2018,115.1,0.3,2.9
02/02/2018,115.1,0.3,2.9
02/03/2018,115.1,0.3,2.9
02/04/2018,115.1,0.3,2.9
02/05/2018,115.1,0.3,2.9
02/06/2018,115.1,0.3,2.9
02/07/2018,115.1,0.3,2.9
02/08/2018,115.1,0.3,2.9
02/09/2018,115.1,0.3,2.9
02/10/2018,115.1,0.3,2.9
02/11/2018,115.1,0.3,2.9
02/12/2018,115.1,0.3,2.9
02/13/2018,115.1,0.3,2.9
02/14/2018,115.1,0.3,2.9
02/15/2018,115.1,0.3,2.9
02/16/2018,115.1,0.3,2.9
02/17/2018,115.1,0.3,2.9
02/18/2018,115.1,0.3,2.9
02/19/2018,115.1,0.3,2.9
02/20/2018,115.1,0.3,2.9
02/21/2018,115.1,0.3,2.9
02/22/2018,115.1,0.3,2.9
02/23/2018,115.1,0.3,2.9
02/24/2018,115.1,0.3,2.9
02/25/2018,115.1,0.3,2.9
02/26/2018,115.1,0.3,2.9
02/27/2018,115.1,0.3,2.9
02/28/2018,115.1,0.3,2.9
03/01/2018,115.3,0.2,2.9
03/02/2018,115.3,0.2,2.9
03/03/2018,115.3,0.2,2.9
03/04/2018,115.3,0.2,2.9
03/05/2018,115.3,0.2,2.9
03/06/2018,115.3,0.2,2.9
03/07/2018,115.3,0.2,2.9
03/08/2018,115.3,0.2,2.9
03/09/2018,115.3,0.2,2.9
03/10/2018,115.3,0.2,2.9
03/11/2018,115.3,0.2,2.9
03/12/2018,115.3,0.2,2.9
03/13/2018,115.3,0.2,2.9
03/14/2018,115.3,0.2,2.9
03/15/2018,115.3,0.2,2.9
03/16/2018,115.3,0.2,2.9
03/17/2018,115.3,0.2,2.9
03/18/2018,115.3,0.2,2.9
03/19/2018,115.3,0.2,2.9
03/20/2018,115.3,0.2,2.9
03/21/2018,115.3,0.2,2.9
03/22/2018,115.3,0.2,2.9
03/23/2018,115.3,0.2,2.9
03/24/2018,115.3,0.2,2.9
03/25/2018,115.3,0.2,2.9
03/26/2018,115.3,0.2,2.9
03/27/2018,115.3,0.2,2.9
03/28/2018,115.3,0.2,2.9
03/29/2018,115.3,0.2,2.9
03/30/2018,115.3,0.2,2.9
03/31/2018,115.3,0.2,2.9
04/01/2018,115.5,0.2,2.6
04/02/2018,115.5,0.2,2.6
04/03/2018,115.5,0.2,2.6
04/04/2018,115.5,0.2,2.6
04/05/2018,115.5,0.2,2.6
04/06/2018,115.5,0.2,2.6
04/07/2018,115.5,0.2,2.6
04/08/2018,115.5,0.2,2.6
04/09/2018,115.5,0.2,2.6
04/10/2018,115.5,0.2,2.6
04/11/2018,115.5,0.2,2.6
04/12/2018,115.5,0.2,2.6
04/13/2018,115.5,0.2,2.6
04/14/2018,115.5,0.2,2.6
04/15/2018,115.5,0.2,2.6
04/16/2018,115.5,0.2,2.6
04/17/2018,115.5,0.2,2.6
04/18/2018,115.5,0.2,2.6
04/19/2018,115.5,0.2,2.6
04/20/2018,115.5,0.2,2.6
04/21/2018,115.5,0.2,2.6
04/22/2018,115.5,0.2,2.6
04/23/2018,115.5,0.2,2.6
04/24/2018,115.5,0.2,2.6
04/25/2018,115.5,0.2,2.6
04/26/2018,115.5,0.2,2.6
04/27/2018,115.5,0.2,2.6
04/28/2018,115.5,0.2,2.6
04/29/2018,115.5,0.2,2.6
04/30/2018,115.5,0.2,2.6
05/01/2018,115.9,0.3,3.0
05/02/2018,115.9,0.3,3.0
05/03/2018,115.9,0.3,3.0
05/04/2018,115.9,0.3,3.0
05/05/2018,115.9,0.3,3.0
05/06/2018,115.9,0.3,3.0
05/07/2018,115.9,0.3,3.0
05/08/2018,115.9,0.3,3.0
05/09/2018,115.9,0.3,3.0
05/10/2018,115.9,0.3,3.0
05/11/2018,115.9,0.3,3.0
05/12/2018,115.9,0.3,3.0
05/13/2018,115.9,0.3,3.0
05/14/2018,115.9,0.3,3.0
05/15/2018,115.9,0.3,3.0
05/16/2018,115.9,0.3,3.0
05/17/2018,115.9,0.3,3.0
05/18/2018,115.9,0.3,3.0
05/19/2018,115.9,0.3,3.0
05/20/2018,115.9,0.3,3.0
05/21/2018,115.9,0.3,3.0
05/22/2018,115.9,0.3,3.0
05/23/2018,115.9,0.3,3.0
05/24/2018,115.9,0.3,3.0
05/25/2018,115.9,0.3,3.0
05/26/2018,115.9,0.3,3.0
05/27/2018,115.9,0.3,3.0
05/28/2018,115.9,0.3,3.0
05/29/2018,115.9,0.3,3.0
05/30/2018,115.9,0.3,3.0
05/31/2018,115.9,0.3,3.0
06/01/2018,116.3,0.3,3.3
06/02/2018,116.3,0.3,3.3
06/03/2018,116.3,0.3,3.3
06/04/2018,116.3,0.3,3.3
06/05/2018,116.3,0.3,3.3
06/06/2018,116.3,0.3,3.3
06/07/2018,116.3,0.3,3.3
06/08/2018,116.3,0.3,3.3
06/09/2018,116.3,0.3,3.3
06/10/2018,116.3,0.3,3.3
06/11/2018,116.3,0.3,3.3
06/12/2018,116.3,0.3,3.3
06/13/2018,116.3,0.3,3.3
06/14/2018,116.3,0.3,3.3
06/15/2018,116.3,0.3,3.3
06/16/2018,116.3,0.3,3.3
06/17/2018,116.3,0.3,3.3
06/18/2018,116.3,0.3,3.3
06/19/2018,116.3,0.3,3.3
06/20/2018,116.3,0.3,3.3
06/21/2018,116.3,0.3,3.3
06/22/2018,116.3,0.3,3.3
06/23/2018,116.3,0.3,3.3
06/24/2018,116.3,0.3,3.3
06/25/2018,116.3,0.3,3.3
06/26/2018,116.3,0.3,3.3
06/27/2018,116.3,0.3,3.3
06/28/2018,116.3,0.3,3.3
06/29/2018,116.3,0.3,3.3
06/30/2018,116.3,0.3,3.3
07/01/2018,116.4,0.1,3.3
07/02/2018,116.4,0.1,3.3
07/03/2018,116.4,0.1,3.3
07/04/2018,116.4,0.1,3.3
07/05/2018,116.4,0.1,3.3
07/06/2018,116.4,0.1,3.3
07/07/2018,116.4,0.1,3.3
07/08/2018,116.4,0.1,3.3
07/09/2018,116.4,0.1,3.3
07/10/2018,116.4,0.1,3.3
07/11/2018,116.4,0.1,3.3
07/12/2018,116.4,0.1,3.3
07/13/2018,116.4,0.1,3.3
07/14/2018,116.4,0.1,3.3
07/15/2018,116.4,0.1,3.3
07/16/2018,116.4,0.1,3.3
07/17/2018,116.4,0.1,3.3
07/18/2018,116.4,0.1,3.3
07/19/2018,116.4,0.1,3.3
07/20/2018,116.4,0.1,3.3
07/21/2018,116.4,0.1,3.3
07/22/2018,116.4,0.1,3.3
07/23/2018,116.4,0.1,3.3
07/24/2018,116.4,0.1,3.3
07/25/2018,116.4,0.1,3.3
07/26/2018,116.4,0.1,3.3
07/27/2018,116.4,0.1,3.3
07/28/2018,116.4,0.1,3.3
07/29/2018,116.4,0.1,3.3
07/30/2018,116.4,0.1,3.3
07/31/2018,116.4,0.1,3.3
08/01/2018,116.5,0.1,3.0
08/02/2018,116.5,0.1,3.0
08/03/2018,116.5,0.1,3.0
08/04/2018,116.5,0.1,3.0
08/05/2018,116.5,0.1,3.0
08/06/2018,116.5,0.1,3.0
08/07/2018,116.5,0.1,3.0
08/08/2018,116.5,0.1,3.0
08/09/2018,116.5,0.1,3.0
08/10/2018,116.5,0.1,3.0
08/11/2018,116.5,0.1,3.0
08/12/2018,116.5,0.1,3.0
08/13/2018,116.5,0.1,3.0
08/14/2018,116.5,0.1,3.0
08/15/2018,116.5,0.1,3.0
08/16/2018,116.5,0.1,3.0
08/17/2018,116.5,0.1,3.0
08/18/2018,116.5,0.1,3.0
08/19/2018,116.5,0.1,3.0
08/20/2018,116.5,0.1,3.0
08/21/2018,116.5,0.1,3.0
08/22/2018,116.5,0.1,3.0
08/23/2018,116.5,0.1,3.0
08/24/2018,116.5,0.1,3.0
08/25/2018,116.5,0.1,3.0
08/26/2018,116.5,0.1,3.0
08/27/2018,116.5,0.1,3.0
08/28/2018,116.5,0.1,3.0
08/29/2018,116.5,0.1,3.0
08/30/2018,116.5,0.1,3.0
08/31/2018,116.5,0.1,3.0
09/01/2018,116.7,0.2,2.8
09/02/2018,116.7,0.2,2.8
09/03/2018,116.7,0.2,2.8
09/04/2018,116.7,0.2,2.8
09/05/2018,116.7,0.2,2.8
09/06/2018,116.7,0.2,2.8
09/07/2018,116.7,0.2,2.8
09/08/2018,116.7,0.2,2.8
09/09/2018,116.7,0.2,2.8
09/10/2018,116.7,0.2,2.8
09/11/2018,116.7,0.2,2.8
09/12/2018,116.7,0.2,2.8
09/13/2018,116.7,0.2,2.8
09/14/2018,116.7,0.2,2.8
09/15/2018,116.7,0.2,2.8
09/16/2018,116.7,0.2,2.8
09/17/2018,116.7,0.2,2.8
09/18/2018,116.7,0.2,2.8
09/19/2018,116.7,0.2,2.8
09/20/2018,116.7,0.2,2.8
09/21/2018,116.7,0.2,2.8
09/22/2018,116.7,0.2,2.8
09/23/2018,116.7,0.2,2.8
09/24/2018,116.7,0.2,2.8
09/25/2018,116.7,0.2,2.8
09/26/2018,116.7,0.2,2.8
09/27/2018,116.7,0.2,2.8
09/28/2018,116.7,0.2,2.8
09/29/2018,116.7,0.2,2.8
09/30/2018,116.7,0.2,2.8
10/01/2018,117.5,0.7,3.2
10/02/2018,117.5,0.7,3.2
10/03/2018,117.5,0.7,3.2
10/04/2018,117.5,0.7,3.2
10/05/2018,117.5,0.7,3.2
10/06/2018,117.5,0.7,3.2
10/07/2018,117.5,0.7,3.2
10/08/2018,117.5,0.7,3.2
10/09/2018,117.5,0.7,3.2
10/10/2018,117.5,0.7,3.2
10/11/2018,117.5,0.7,3.2
10/12/2018,117.5,0.7,3.2
10/13/2018,117.5,0.7,3.2
10/14/2018,117.5,0.7,3.2
10/15/2018,117.5,0.7,3.2
10/16/2018,117.5,0.7,3.2
10/17/2018,117.5,0.7,3.2
10/18/2018,117.5,0.7,3.2
10/19/2018,117.5,0.7,3.2
10/20/2018,117.5,0.7,3.2
10/21/2018,117.5,0.7,3.2
10/22/2018,117.5,0.7,3.2
10/23/2018,117.5,0.7,3.2
10/24/2018,117.5,0.7,3.2
10/25/2018,117.5,0.7,3.2
10/26/2018,117.5,0.7,3.2
10/27/2018,117.5,0.7,3.2
10/28/2018,117.5,0.7,3.2
10/29/2018,117.5,0.7,3.2
10/30/2018,117.5,0.7,3.2
10/31/2018,117.5,0.7,3.2
11/01/2018,117.4,-0.1,2.7
11/02/2018,117.4,-0.1,2.7
11/03/2018,117.4,-0.1,2.7
11/04/2018,117.4,-0.1,2.7
11/05/2018,117.4,-0.1,2.7
11/06/2018,117.4,-0.1,2.7
11/07/2018,117.4,-0.1,2.7
11/08/2018,117.4,-0.1,2.7
11/09/2018,117.4,-0.1,2.7
11/10/2018,117.4,-0.1,2.7
11/11/2018,117.4,-0.1,2.7
11/12/2018,117.4,-0.1,2.7
11/13/2018,117.4,-0.1,2.7
11/14/2018,117.4,-0.1,2.7
11/15/2018,117.4,-0.1,2.7
11/16/2018,117.4,-0.1,2.7
11/17/2018,117.4,-0.1,2.7
11/18/2018,117.4,-0.1,2.7
11/19/2018,117.4,-0.1,2.7
11/20/2018,117.4,-0.1,2.7
11/21/2018,117.4,-0.1,2.7
11/22/2018,117.4,-0.1,2.7
11/23/2018,117.4,-0.1,2.7
11/24/2018,117.4,-0.1,2.7
11/25/2018,117.4,-0.1,2.7
11/26/2018,117.4,-0.1,2.7
11/27/2018,117.4,-0.1,2.7
11/28/2018,117.4,-0.1,2.7
11/29/2018,117.4,-0.1,2.7
11/30/2018,117.4,-0.1,2.7
12/01/2018,117.4,0.0,2.6
12/02/2018,117.4,0.0,2.6
12/03/2018,117.4,0.0,2.6
12/04/2018,117.4,0.0,2.6
12/05/2018,117.4,0.0,2.6
12/06/2018,117.4,0.0,2.6
12/07/2018,117.4,0.0,2.6
12/08/2018,117.4,0.0,2.6
12/09/2018,117.4,0.0,2.6
12/10/2018,117.4,0.0,2.6
12/11/2018,117.4,0.0,2.6
12/12/2018,117.4,0.0,2.6
12/13/2018,117.4,0.0,2.6
12/14/2018,117.4,0.0,2.6
12/15/2018,117.4,0.0,2.6
12/16/2018,117.4,0.0,2.6
12/17/2018,117.4,0.0,2.6
12/18/2018,117.4,0.0,2.6
12/19/2018,117.4,0.0,2.6
12/20/2018,117.4,0.0,2.6
12/21/2018,117.4,0.0,2.6
12/22/2018,117.4,0.0,2.6
12/23/2018,117.4,0.0,2.6
12/24/2018,117.4,0.0,2.6
12/25/2018,117.4,0.0,2.6
12/26/2018,117.4,0.0,2.6
12/27/2018,117.4,0.0,2.6
12/28/2018,117.4,0.0,2.6
12/29/2018,117.4,0.0,2.6
12/30/2018,117.4,0.0,2.6
12/31/2018,117.4,0.0,2.6
01/01/2019,117.0,-0.3,1.9
01/02/2019,117.0,-0.3,1.9
01/03/2019,117.0,-0.3,1.9
01/04/2019,117.0,-0.3,1.9
01/05/2019,117.0,-0.3,1.9
01/06/2019,117.0,-0.3,1.9
01/07/2019,117.0,-0.3,1.9
01/08/2019,117.0,-0.3,1.9
01/09/2019,117.0,-0.3,1.9
01/10/2019,117.0,-0.3,1.9
01/11/2019,117.0,-0.3,1.9
01/12/2019,117.0,-0.3,1.9
01/13/2019,117.0,-0.3,1.9
01/14/2019,117.0,-0.3,1.9
01/15/2019,117.0,-0.3,1.9
01/16/2019,117.0,-0.3,1.9
01/17/2019,117.0,-0.3,1.9
01/18/2019,117.0,-0.3,1.9
01/19/2019,117.0,-0.3,1.9
01/20/2019,117.0,-0.3,1.9
01/21/2019,117.0,-0.3,1.9
01/22/2019,117.0,-0.3,1.9
01/23/2019,117.0,-0.3,1.9
01/24/2019,117.0,-0.3,1.9
01/25/2019,117.0,-0.3,1.9
01/26/2019,117.0,-0.3,1.9
01/27/2019,117.0,-0.3,1.9
01/28/2019,117.0,-0.3,1.9
01/29/2019,117.0,-0.3,1.9
01/30/2019,117.0,-0.3,1.9
01/31/2019,117.0,-0.3,1.9
02/01/2019,117.2,0.2,1.8
02/02/2019,117.2,0.2,1.8
02/03/2019,117.2,0.2,1.8
02/04/2019,117.2,0.2,1.8
02/05/2019,117.2,0.2,1.8
02/06/2019,117.2,0.2,1.8
02/07/2019,117.2,0.2,1.8
02/08/2019,117.2,0.2,1.8
02/09/2019,117.2,0.2,1.8
02/10/2019,117.2,0.2,1.8
02/11/2019,117.2,0.2,1.8
02/12/2019,117.2,0.2,1.8
02/13/2019,117.2,0.2,1.8
02/14/2019,117.2,0.2,1.8
02/15/2019,117.2,0.2,1.8
02/16/2019,117.2,0.2,1.8
02/17/2019,117.2,0.2,1.8
02/18/2019,117.2,0.2,1.8
02/19/2019,117.2,0.2,1.8
02/20/2019,117.2,0.2,1.8
02/21/2019,117.2,0.2,1.8
02/22/2019,117.2,0.2,1.8
02/23/2019,117.2,0.2,1.8
02/24/2019,117.2,0.2,1.8
02/25/2019,117.2,0.2,1.8
02/26/2019,117.2,0.2,1.8
02/27/2019,117.2,0.2,1.8
02/28/2019,117.2,0.2,1.8
03/01/2019,117.6,0.3,2.0
03/02/2019,117.6,0.3,2.0
03/03/2019,117.6,0.3,2.0
03/04/2019,117.6,0.3,2.0
03/05/2019,117.6,0.3,2.0
03/06/2019,117.6,0.3,2.0
03/07/2019,117.6,0.3,2.0
03/08/2019,117.6,0.3,2.0
03/09/2019,117.6,0.3,2.0
03/10/2019,117.6,0.3,2.0
03/11/2019,117.6,0.3,2.0
03/12/2019,117.6,0.3,2.0
03/13/2019,117.6,0.3,2.0
03/14/2019,117.6,0.3,2.0
03/15/2019,117.6,0.3,2.0
03/16/2019,117.6,0.3,2.0
03/17/2019,117.6,0.3,2.0
03/18/2019,117.6,0.3,2.0
03/19/2019,117.6,0.3,2.0
03/20/2019,117.6,0.3,2.0
03/21/2019,117.6,0.3,2.0
03/22/2019,117.6,0.3,2.0
03/23/2019,117.6,0.3,2.0
03/24/2019,117.6,0.3,2.0
03/25/2019,117.6,0.3,2.0
03/26/2019,117.6,0.3,2.0
03/27/2019,117.6,0.3,2.0
03/28/2019,117.6,0.3,2.0
03/29/2019,117.6,0.3,2.0
03/30/2019,117.6,0.3,2.0
03/31/2019,117.6,0.3,2.0
04/01/2019,118.2,0.5,2.3
04/02/2019,118.2,0.5,2.3
04/03/2019,118.2,0.5,2.3
04/04/2019,118.2,0.5,2.3
04/05/2019,118.2,0.5,2.3
04/06/2019,118.2,0.5,2.3
04/07/2019,118.2,0.5,2.3
04/08/2019,118.2,0.5,2.3
04/09/2019,118.2,0.5,2.3
04/10/2019,118.2,0.5,2.3
04/11/2019,118.2,0.5,2.3
04/12/2019,118.2,0.5,2.3
04/13/2019,118.2,0.5,2.3
04/14/2019,118.2,0.5,2.3
04/15/2019,118.2,0.5,2.3
04/16/2019,118.2,0.5,2.3
04/17/2019,118.2,0.5,2.3
04/18/2019,118.2,0.5,2.3
04/19/2019,118.2,0.5,2.3
04/20/2019,118.2,0.5,2.3
04/21/2019,118.2,0.5,2.3
04/22/2019,118.2,0.5,2.3
04/23/2019,118.2,0.5,2.3
04/24/2019,118.2,0.5,2.3
04/25/2019,118.2,0.5,2.3
04/26/2019,118.2,0.5,2.3
04/27/2019,118.2,0.5,2.3
04/28/2019,118.2,0.5,2.3
04/29/2019,118.2,0.5,2.3
04/30/2019,118.2,0.5,2.3
05/01/2019,118.3,0.1,2.1
05/02/2019,118.3,0.1,2.1
05/03/2019,118.3,0.1,2.1
05/04/2019,118.3,0.1,2.1
05/05/2019,118.3,0.1,2.1
05/06/2019,118.3,0.1,2.1
05/07/2019,118.3,0.1,2.1
05/08/2019,118.3,0.1,2.1
05/09/2019,118.3,0.1,2.1
05/10/2019,118.3,0.1,2.1
05/11/2019,118.3,0.1,2.1
05/12/2019,118.3,0.1,2.1
05/13/2019,118.3,0.1,2.1
05/14/2019,118.3,0.1,2.1
05/15/2019,118.3,0.1,2.1
05/16/2019,118.3,0.1,2.1
05/17/2019,118.3,0.1,2.1
05/18/2019,118.3,0.1,2.1
05/19/2019,118.3,0.1,2.1
05/20/2019,118.3,0.1,2.1
05/21/2019,118.3,0.1,2.1
05/22/2019,118.3,0.1,2.1
05/23/2019,118.3,0.1,2.1
05/24/2019,118.3,0.1,2.1
05/25/2019,118.3,0.1,2.1
05/26/2019,118.3,0.1,2.1
05/27/2019,118.3,0.1,2.1
05/28/2019,118.3,0.1,2.1
05/29/2019,118.3,0.1,2.1
05/30/2019,118.3,0.1,2.1
05/31/2019,118.3,0.1,2.1
06/01/2019,118.2,-0.1,1.6
06/02/2019,118.2,-0.1,1.6
06/03/2019,118.2,-0.1,1.6
06/04/2019,118.2,-0.1,1.6
06/05/2019,118.2,-0.1,1.6
06/06/2019,118.2,-0.1,1.6
06/07/2019,118.2,-0.1,1.6
06/08/2019,118.2,-0.1,1.6
06/09/2019,118.2,-0.1,1.6
06/10/2019,118.2,-0.1,1.6
06/11/2019,118.2,-0.1,1.6
06/12/2019,118.2,-0.1,1.6
06/13/2019,118.2,-0.1,1.6
06/14/2019,118.2,-0.1,1.6
06/15/2019,118.2,-0.1,1.6
06/16/2019,118.2,-0.1,1.6
06/17/2019,118.2,-0.1,1.6
06/18/2019,118.2,-0.1,1.6
06/19/2019,118.2,-0.1,1.6
06/20/2019,118.2,-0.1,1.6
06/21/2019,118.2,-0.1,1.6
06/22/2019,118.2,-0.1,1.6
06/23/2019,118.2,-0.1,1.6
06/24/2019,118.2,-0.1,1.6
06/25/2019,118.2,-0.1,1.6
06/26/2019,118.2,-0.1,1.6
06/27/2019,118.2,-0.1,1.6
06/28/2019,118.2,-0.1,1.6
06/29/2019,118.2,-0.1,1.6
06/30/2019,118.2,-0.1,1.6
07/01/2019,118.5,0.3,1.8
07/02/2019,118.5,0.3,1.8
07/03/2019,118.5,0.3,1.8
07/04/2019,118.5,0.3,1.8
07/05/2019,118.5,0.3,1.8
07/06/2019,118.5,0.3,1.8
07/07/2019,118.5,0.3,1.8
07/08/2019,118.5,0.3,1.8
07/09/2019,118.5,0.3,1.8
07/10/2019,118.5,0.3,1.8
07/11/2019,118.5,0.3,1.8
07/12/2019,118.5,0.3,1.8
07/13/2019,118.5,0.3,1.8
07/14/2019,118.5,0.3,1.8
07/15/2019,118.5,0.3,1.8
07/16/2019,118.5,0.3,1.8
07/17/2019,118.5,0.3,1.8
07/18/2019,118.5,0.3,1.8
07/19/2019,118.5,0.3,1.8
07/20/2019,118.5,0.3,1.8
07/21/2019,118.5,0.3,1.8
07/22/2019,118.5,0.3,1.8
07/23/2019,118.5,0.3,1.8
07/24/2019,118.5,0.3,1.8
07/25/2019,118.5,0.3,1.8
07/26/2019,118.5,0.3,1.8
07/27/2019,118.5,0.3,1.8
07/28/2019,118.5,0.3,1.8
07/29/2019,118.5,0.3,1.8
07/30/2019,118.5,0.3,1.8
07/31/2019,118.5,0.3,1.8
08/01/2019,118.6,0.1,1.8
08/02/2019,118.6,0.1,1.8
08/03/2019,118.6,0.1,1.8
08/04/2019,118.6,0.1,1.8
08/05/2019,118.6,0.1,1.8
08/06/2019,118.6,0.1,1.8
08/07/2019,118.6,0.1,1.8
08/08/2019,118.6,0.1,1.8
08/09/2019,118.6,0.1,1.8
08/10/2019,118.6,0.1,1.8
08/11/2019,118.6,0.1,1.8
08/12/2019,118.6,0.1,1.8
08/13/2019,118.6,0.1,1.8
08/14/2019,118.6,0.1,1.8
08/15/2019,118.6,0.1,1.8
08/16/2019,118.6,0.1,1.8
08/17/2019,118.6,0.1,1.8
08/18/2019,118.6,0.1,1.8
08/19/2019,118.6,0.1,1.8
08/20/2019,118.6,0.1,1.8
08/21/2019,118.6,0.1,1.8
08/22/2019,118.6,0.1,1.8
08/23/2019,118.6,0.1,1.8
08/24/2019,118.6,0.1,1.8
08/25/2019,118.6,0.1,1.8
08/26/2019,118.6,0.1,1.8
08/27/2019,118.6,0.1,1.8
08/28/2019,118.6,0.1,1.8
08/29/2019,118.6,0.1,1.8
08/30/2019,118.6,0.1,1.8
08/31/2019,118.6,0.1,1.8
09/01/2019,118.3,-0.3,1.4
09/02/2019,118.3,-0.3,1.4
09/03/2019,118.3,-0.3,1.4
09/04/2019,118.3,-0.3,1.4
09/05/2019,118.3,-0.3,1.4
09/06/2019,118.3,-0.3,1.4
09/07/2019,118.3,-0.3,1.4
09/08/2019,118.3,-0.3,1.4
09/09/2019,118.3,-0.3,1.4
09/10/2019,118.3,-0.3,1.4
09/11/2019,118.3,-0.3,1.4
09/12/2019,118.3,-0.3,1.4
09/13/2019,118.3,-0.3,1.4
09/14/2019,118.3,-0.3,1.4
09/15/2019,118.3,-0.3,1.4
09/16/2019,118.3,-0.3,1.4
09/17/2019,118.3,-0.3,1.4
09/18/2019,118.3,-0.3,1.4
09/19/2019,118.3,-0.3,1.4
09/20/2019,118.3,-0.3,1.4
09/21/2019,118.3,-0.3,1.4
09/22/2019,118.3,-0.3,1.4
09/23/2019,118.3,-0.3,1.4
09/24/2019,118.3,-0.3,1.4
09/25/2019,118.3,-0.3,1.4
09/26/2019,118.3,-0.3,1.4
09/27/2019,118.3,-0.3,1.4
09/28/2019,118.3,-0.3,1.4
09/29/2019,118.3,-0.3,1.4
09/30/2019,118.3,-0.3,1.4
10/01/2019,118.8,0.4,1.1
10/02/2019,118.8,0.4,1.1
10/03/2019,118.8,0.4,1.1
10/04/2019,118.8,0.4,1.1
10/05/2019,118.8,0.4,1.1
10/06/2019,118.8,0.4,1.1
10/07/2019,118.8,0.4,1.1
10/08/2019,118.8,0.4,1.1
10/09/2019,118.8,0.4,1.1
10/10/2019,118.8,0.4,1.1
10/11/2019,118.8,0.4,1.1
10/12/2019,118.8,0.4,1.1
10/13/2019,118.8,0.4,1.1
10/14/2019,118.8,0.4,1.1
10/15/2019,118.8,0.4,1.1
10/16/2019,118.8,0.4,1.1
10/17/2019,118.8,0.4,1.1
10/18/2019,118.8,0.4,1.1
10/19/2019,118.8,0.4,1.1
10/20/2019,118.8,0.4,1.1
10/21/2019,118.8,0.4,1.1
10/22/2019,118.8,0.4,1.1
10/23/2019,118.8,0.4,1.1
10/24/2019,118.8,0.4,1.1
10/25/2019,118.8,0.4,1.1
10/26/2019,118.8,0.4,1.1
10/27/2019,118.8,0.4,1.1
10/28/2019,118.8,0.4,1.1
10/29/2019,118.8,0.4,1.1
10/30/2019,118.8,0.4,1.1
10/31/2019,118.8,0.4,1.1
11/01/2019,118.6,-0.2,1.0
11/02/2019,118.6,-0.2,1.0
11/03/2019,118.6,-0.2,1.0
11/04/2019,118.6,-0.2,1.0
11/05/2019,118.6,-0.2,1.0
11/06/2019,118.6,-0.2,1.0
11/07/2019,118.6,-0.2,1.0
11/08/2019,118.6,-0.2,1.0
11/09/2019,118.6,-0.2,1.0
11/10/2019,118.6,-0.2,1.0
11/11/2019,118.6,-0.2,1.0
11/12/2019,118.6,-0.2,1.0
11/13/2019,118.6,-0.2,1.0
11/14/2019,118.6,-0.2,1.0
11/15/2019,118.6,-0.2,1.0
11/16/2019,118.6,-0.2,1.0
11/17/2019,118.6,-0.2,1.0
11/18/2019,118.6,-0.2,1.0
11/19/2019,118.6,-0.2,1.0
11/20/2019,118.6,-0.2,1.0
11/21/2019,118.6,-0.2,1.0
11/22/2019,118.6,-0.2,1.0
11/23/2019,118.6,-0.2,1.0
11/24/2019,118.6,-0.2,1.0
11/25/2019,118.6,-0.2,1.0
11/26/2019,118.6,-0.2,1.0
11/27/2019,118.6,-0.2,1.0
11/28/2019,118.6,-0.2,1.0
11/29/2019,118.6,-0.2,1.0
11/30/2019,118.6,-0.2,1.0
12/01/2019,119.0,0.3,1.4
12/02/2019,119.0,0.3,1.4
12/03/2019,119.0,0.3,1.4
12/04/2019,119.0,0.3,1.4
12/05/2019,119.0,0.3,1.4
12/06/2019,119.0,0.3,1.4
12/07/2019,119.0,0.3,1.4
12/08/2019,119.0,0.3,1.4
12/09/2019,119.0,0.3,1.4
12/10/2019,119.0,0.3,1.4
12/11/2019,119.0,0.3,1.4
12/12/2019,119.0,0.3,1.4
12/13/2019,119.0,0.3,1.4
12/14/2019,119.0,0.3,1.4
12/15/2019,119.0,0.3,1.4
12/16/2019,119.0,0.3,1.4
12/17/2019,119.0,0.3,1.4
12/18/2019,119.0,0.3,1.4
12/19/2019,119.0,0.3,1.4
12/20/2019,119.0,0.3,1.4
12/21/2019,119.0,0.3,1.4
12/22/2019,119.0,0.3,1.4
12/23/2019,119.0,0.3,1.4
12/24/2019,119.0,0.3,1.4
12/25/2019,119.0,0.3,1.4
12/26/2019,119.0,0.3,1.4
12/27/2019,119.0,0.3,1.4
12/28/2019,119.0,0.3,1.4
12/29/2019,119.0,0.3,1.4
12/30/2019,119.0,0.3,1.4
12/31/2019,119.0,0.3,1.4
01/01/2020,119.2,0.2,1.9
01/02/2020,119.2,0.2,1.9
01/03/2020,119.2,0.2,1.9
01/04/2020,119.2,0.2,1.9
01/05/2020,119.2,0.2,1.9
01/06/2020,119.2,0.2,1.9
01/07/2020,119.2,0.2,1.9
01/08/2020,119.2,0.2,1.9
01/09/2020,119.2,0.2,1.9
01/10/2020,119.2,0.2,1.9
01/11/2020,119.2,0.2,1.9
01/12/2020,119.2,0.2,1.9
01/13/2020,119.2,0.2,1.9
01/14/2020,119.2,0.2,1.9
01/15/2020,119.2,0.2,1.9
01/16/2020,119.2,0.2,1.9
01/17/2020,119.2,0.2,1.9
01/18/2020,119.2,0.2,1.9
01/19/2020,119.2,0.2,1.9
01/20/2020,119.2,0.2,1.9
01/21/2020,119.2,0.2,1.9
01/22/2020,119.2,0.2,1.9
01/23/2020,119.2,0.2,1.9
01/24/2020,119.2,0.2,1.9
01/25/2020,119.2,0.2,1.9
01/26/2020,119.2,0.2,1.9
01/27/2020,119.2,0.2,1.9
01/28/2020,119.2,0.2,1.9
01/29/2020,119.2,0.2,1.9
01/30/2020,119.2,0.2,1.9
01/31/2020,119.2,0.2,1.9
02/01/2020,118.6,-0.5,1.2
02/02/2020,118.6,-0.5,1.2
02/03/2020,118.6,-0.5,1.2
02/04/2020,118.6,-0.5,1.2
02/05/2020,118.6,-0.5,1.2
02/06/2020,118.6,-0.5,1.2
02/07/2020,118.6,-0.5,1.2
02/08/2020,118.6,-0.5,1.2
02/09/2020,118.6,-0.5,1.2
02/10/2020,118.6,-0.5,1.2
02/11/2020,118.6,-0.5,1.2
02/12/2020,118.6,-0.5,1.2
02/13/2020,118.6,-0.5,1.2
02/14/2020,118.6,-0.5,1.2
02/15/2020,118.6,-0.5,1.2
02/16/2020,118.6,-0.5,1.2
02/17/2020,118.6,-0.5,1.2
02/18/2020,118.6,-0.5,1.2
02/19/2020,118.6,-0.5,1.2
02/20/2020,118.6,-0.5,1.2
02/21/2020,118.6,-0.5,1.2
02/22/2020,118.6,-0.5,1.2
02/23/2020,118.6,-0.5,1.2
02/24/2020,118.6,-0.5,1.2
02/25/2020,118.6,-0.5,1.2
02/26/2020,118.6,-0.5,1.2
02/27/2020,118.6,-0.5,1.2
02/28/2020,118.6,-0.5,1.2
02/29/2020,118.6,-0.5,1.2
03/01/2020,118.0,-0.5,0.3
03/02/2020,118.0,-0.5,0.3
03/03/2020,118.0,-0.5,0.3
03/04/2020,118.0,-0.5,0.3
03/05/2020,118.0,-0.5,0.3
03/06/2020,118.0,-0.5,0.3
03/07/2020,118.0,-0.5,0.3
03/08/2020,118.0,-0.5,0.3
03/09/2020,118.0,-0.5,0.3
03/10/2020,118.0,-0.5,0.3
03/11/2020,118.0,-0.5,0.3
03/12/2020,118.0,-0.5,0.3
03/13/2020,118.0,-0.5,0.3
03/14/2020,118.0,-0.5,0.3
03/15/2020,118.0,-0.5,0.3
03/16/2020,118.0,-0.5,0.3
03/17/2020,118.0,-0.5,0.3
03/18/2020,118.0,-0.5,0.3
03/19/2020,118.0,-0.5,0.3
03/20/2020,118.0,-0.5,0.3
03/21/2020,118.0,-0.5,0.3
03/22/2020,118.0,-0.5,0.3
03/23/2020,118.0,-0.5,0.3
03/24/2020,118.0,-0.5,0.3
03/25/2020,118.0,-0.5,0.3
03/26/2020,118.0,-0.5,0.3
03/27/2020,118.0,-0.5,0.3
03/28/2020,118.0,-0.5,0.3
03/29/2020,118.0,-0.5,0.3
03/30/2020,118.0,-0.5,0.3
03/31/2020,118.0,-0.5,0.3
04/01/2020,116.6,-1.2,-1.4
04/02/2020,116.6,-1.2,-1.4
04/03/2020,116.6,-1.2,-1.4
04/04/2020,116.6,-1.2,-1.4
04/05/2020,116.6,-1.2,-1.4
04/06/2020,116.6,-1.2,-1.4
04/07/2020,116.6,-1.2,-1.4
04/08/2020,116.6,-1.2,-1.4
04/09/2020,116.6,-1.2,-1.4
04/10/2020,116.6,-1.2,-1.4
04/11/2020,116.6,-1.2,-1.4
04/12/2020,116.6,-1.2,-1.4
04/13/2020,116.6,-1.2,-1.4
04/14/2020,116.6,-1.2,-1.4
04/15/2020,116.6,-1.2,-1.4
04/16/2020,116.6,-1.2,-1.4
04/17/2020,116.6,-1.2,-1.4
04/18/2020,116.6,-1.2,-1.4
04/19/2020,116.6,-1.2,-1.4
04/20/2020,116.6,-1.2,-1.4
04/21/2020,116.6,-1.2,-1.4
04/22/2020,116.6,-1.2,-1.4
04/23/2020,116.6,-1.2,-1.4
04/24/2020,116.6,-1.2,-1.4
04/25/2020,116.6,-1.2,-1.4
04/26/2020,116.6,-1.2,-1.4
04/27/2020,116.6,-1.2,-1.4
04/28/2020,116.6,-1.2,-1.4
04/29/2020,116.6,-1.2,-1.4
04/30/2020,116.6,-1.2,-1.4
05/01/2020,117.2,0.5,-0.9
05/02/2020,117.2,0.5,-0.9
05/03/2020,117.2,0.5,-0.9
05/04/2020,117.2,0.5,-0.9
05/05/2020,117.2,0.5,-0.9
05/06/2020,117.2,0.5,-0.9
05/07/2020,117.2,0.5,-0.9
05/08/2020,117.2,0.5,-0.9
05/09/2020,117.2,0.5,-0.9
05/10/2020,117.2,0.5,-0.9
05/11/2020,117.2,0.5,-0.9
05/12/2020,117.2,0.5,-0.9
05/13/2020,117.2,0.5,-0.9
05/14/2020,117.2,0.5,-0.9
05/15/2020,117.2,0.5,-0.9
05/16/2020,117.2,0.5,-0.9
05/17/2020,117.2,0.5,-0.9
05/18/2020,117.2,0.5,-0.9
05/19/2020,117.2,0.5,-0.9
05/20/2020,117.2,0.5,-0.9
05/21/2020,117.2,0.5,-0.9
05/22/2020,117.2,0.5,-0.9
05/23/2020,117.2,0.5,-0.9
05/24/2020,117.2,0.5,-0.9
05/25/2020,117.2,0.5,-0.9
05/26/2020,117.2,0.5,-0.9
05/27/2020,117.2,0.5,-0.9
05/28/2020,117.2,0.5,-0.9
05/29/2020,117.2,0.5,-0.9
05/30/2020,117.2,0.5,-0.9
05/31/2020,117.2,0.5,-0.9
06/01/2020,117.5,0.3,-0.6
06/02/2020,117.5,0.3,-0.6
06/03/2020,117.5,0.3,-0.6
06/04/2020,117.5,0.3,-0.6
06/05/2020,117.5,0.3,-0.6
06/06/2020,117.5,0.3,-0.6
06/07/2020,117.5,0.3,-0.6
06/08/2020,117.5,0.3,-0.6
06/09/2020,117.5,0.3,-0.6
06/10/2020,117.5,0.3,-0.6
06/11/2020,117.5,0.3,-0.6
06/12/2020,117.5,0.3,-0.6
06/13/2020,117.5,0.3,-0.6
06/14/2020,117.5,0.3,-0.6
06/15/2020,117.5,0.3,-0.6
06/16/2020,117.5,0.3,-0.6
06/17/2020,117.5,0.3,-0.6
06/18/2020,117.5,0.3,-0.6
06/19/2020,117.5,0.3,-0.6
06/20/2020,117.5,0.3,-0.6
06/21/2020,117.5,0.3,-0.6
06/22/2020,117.5,0.3,-0.6
06/23/2020,117.5,0.3,-0.6
06/24/2020,117.5,0.3,-0.6
06/25/2020,117.5,0.3,-0.6
06/26/2020,117.5,0.3,-0.6
06/27/2020,117.5,0.3,-0.6
06/28/2020,117.5,0.3,-0.6
06/29/2020,117.5,0.3,-0.6
06/30/2020,117.5,0.3,-0.6
07/01/2020,118.2,0.6,-0.3
07/02/2020,118.2,0.6,-0.3
07/03/2020,118.2,0.6,-0.3
07/04/2020,118.2,0.6,-0.3
07/05/2020,118.2,0.6,-0.3
07/06/2020,118.2,0.6,-0.3
07/07/2020,118.2,0.6,-0.3
07/08/2020,118.2,0.6,-0.3
07/09/2020,118.2,0.6,-0.3
07/10/2020,118.2,0.6,-0.3
07/11/2020,118.2,0.6,-0.3
07/12/2020,118.2,0.6,-0.3
07/13/2020,118.2,0.6,-0.3
07/14/2020,118.2,0.6,-0.3
07/15/2020,118.2,0.6,-0.3
07/16/2020,118.2,0.6,-0.3
07/17/2020,118.2,0.6,-0.3
07/18/2020,118.2,0.6,-0.3
07/19/2020,118.2,0.6,-0.3
07/20/2020,118.2,0.6,-0.3
07/21/2020,118.2,0.6,-0.3
07/22/2020,118.2,0.6,-0.3
07/23/2020,118.2,0.6,-0.3
07/24/2020,118.2,0.6,-0.3
07/25/2020,118.2,0.6,-0.3
07/26/2020,118.2,0.6,-0.3
07/27/2020,118.2,0.6,-0.3
07/28/2020,118.2,0.6,-0.3
07/29/2020,118.2,0.6,-0.3
07/30/2020,118.2,0.6,-0.3
07/31/2020,118.2,0.6,-0.3
08/01/2020,118.4,0.2,-0.2
08/02/2020,118.4,0.2,-0.2
08/03/2020,118.4,0.2,-0.2
08/04/2020,118.4,0.2,-0.2
08/05/2020,118.4,0.2,-0.2
08/06/2020,118.4,0.2,-0.2
08/07/2020,118.4,0.2,-0.2
08/08/2020,118.4,0.2,-0.2
08/09/2020,118.4,0.2,-0.2
08/10/2020,118.4,0.2,-0.2
08/11/2020,118.4,0.2,-0.2
08/12/2020,118.4,0.2,-0.2
08/13/2020,118.4,0.2,-0.2
08/14/2020,118.4,0.2,-0.2
08/15/2020,118.4,0.2,-0.2
08/16/2020,118.4,0.2,-0.2
08/17/2020,118.4,0.2,-0.2
08/18/2020,118.4,0.2,-0.2
08/19/2020,118.4,0.2,-0.2
08/20/2020,118.4,0.2,-0.2
08/21/2020,118.4,0.2,-0.2
08/22/2020,118.4,0.2,-0.2
08/23/2020,118.4,0.2,-0.2
08/24/2020,118.4,0.2,-0.2
08/25/2020,118.4,0.2,-0.2
08/26/2020,118.4,0.2,-0.2
08/27/2020,118.4,0.2,-0.2
08/28/2020,118.4,0.2,-0.2
08/29/2020,118.4,0.2,-0.2
08/30/2020,118.4,0.2,-0.2
08/31/2020,118.4,0.2,-0.2
09/01/2020,118.8,0.3,0.4
09/02/2020,118.8,0.3,0.4
09/03/2020,118.8,0.3,0.4
09/04/2020,118.8,0.3,0.4
09/05/2020,118.8,0.3,0.4
09/06/2020,118.8,0.3,0.4
09/07/2020,118.8,0.3,0.4
09/08/2020,118.8,0.3,0.4
09/09/2020,118.8,0.3,0.4
09/10/2020,118.8,0.3,0.4
09/11/2020,118.8,0.3,0.4
09/12/2020,118.8,0.3,0.4
09/13/2020,118.8,0.3,0.4
09/14/2020,118.8,0.3,0.4
09/15/2020,118.8,0.3,0.4
09/16/2020,118.8,0.3,0.4
09/17/2020,118.8,0.3,0.4
09/18/2020,118.8,0.3,0.4
09/19/2020,118.8,0.3,0.4
09/20/2020,118.8,0.3,0.4
09/21/2020,118.8,0.3,0.4
09/22/2020,118.8,0.3,0.4
09/23/2020,118.8,0.3,0.4
09/24/2020,118.8,0.3,0.4
09/25/2020,118.8,0.3,0.4
09/26/2020,118.8,0.3,0.4
09/27/2020,118.8,0.3,0.4
09/28/2020,118.8,0.3,0.4
09/29/2020,118.8,0.3,0.4
09/30/2020,118.8,0.3,0.4
10/01/2020,119.4,0.5,0.5
10/02/2020,119.4,0.5,0.5
10/03/2020,119.4,0.5,0.5
10/04/2020,119.4,0.5,0.5
10/05/2020,119.4,0.5,0.5
10/06/2020,119.4,0.5,0.5
10/07/2020,119.4,0.5,0.5
10/08/2020,119.4,0.5,0.5
10/09/2020,119.4,0.5,0.5
10/10/2020,119.4,0.5,0.5
10/11/2020,119.4,0.5,0.5
10/12/2020,119.4,0.5,0.5
10/13/2020,119.4,0.5,0.5
10/14/2020,119.4,0.5,0.5
10/15/2020,119.4,0.5,0.5
10/16/2020,119.4,0.5,0.5
10/17/2020,119.4,0.5,0.5
10/18/2020,119.4,0.5,0.5
10/19/2020,119.4,0.5,0.5
10/20/2020,119.4,0.5,0.5
10/21/2020,119.4,0.5,0.5
10/22/2020,119.4,0.5,0.5
10/23/2020,119.4,0.5,0.5
10/24/2020,119.4,0.5,0.5
10/25/2020,119.4,0.5,0.5
10/26/2020,119.4,0.5,0.5
10/27/2020,119.4,0.5,0.5
10/28/2020,119.4,0.5,0.5
10/29/2020,119.4,0.5,0.5
10/30/2020,119.4,0.5,0.5
10/31/2020,119.4,0.5,0.5
11/01/2020,119.5,0.1,0.8
11/02/2020,119.5,0.1,0.8
11/03/2020,119.5,0.1,0.8
11/04/2020,119.5,0.1,0.8
11/05/2020,119.5,0.1,0.8
11/06/2020,119.5,0.1,0.8
11/07/2020,119.5,0.1,0.8
11/08/2020,119.5,0.1,0.8
11/09/2020,119.5,0.1,0.8
11/10/2020,119.5,0.1,0.8
11/11/2020,119.5,0.1,0.8
11/12/2020,119.5,0.1,0.8
11/13/2020,119.5,0.1,0.8
11/14/2020,119.5,0.1,0.8
11/15/2020,119.5,0.1,0.8
11/16/2020,119.5,0.1,0.8
11/17/2020,119.5,0.1,0.8
11/18/2020,119.5,0.1,0.8
11/19/2020,119.5,0.1,0.8
11/20/2020,119.5,0.1,0.8
11/21/2020,119.5,0.1,0.8
11/22/2020,119.5,0.1,0.8
11/23/2020,119.5,0.1,0.8
11/24/2020,119.5,0.1,0.8
11/25/2020,119.5,0.1,0.8
11/26/2020,119.5,0.1,0.8
11/27/2020,119.5,0.1,0.8
11/28/2020,119.5,0.1,0.8
11/29/2020,119.5,0.1,0.8
11/30/2020,119.5,0.1,0.8
12/01/2020,120.0,0.4,0.8
12/02/2020,120.0,0.4,0.8
12/03/2020,120.0,0.4,0.8
12/04/2020,120.0,0.4,0.8
12/05/2020,120.0,0.4,0.8
12/06/2020,120.0,0.4,0.8
12/07/2020,120.0,0.4,0.8
12/08/2020,120.0,0.4,0.8
12/09/2020,120.0,0.4,0.8
12/10/2020,120.0,0.4,0.8
12/11/2020,120.0,0.4,0.8
12/12/2020,120.0,0.4,0.8
12/13/2020,120.0,0.4,0.8
12/14/2020,120.0,0.4,0.8
12/15/2020,120.0,0.4,0.8
12/16/2020,120.0,0.4,0.8
12/17/2020,120.0,0.4,0.8
12/18/2020,120.0,0.4,0.8
12/19/2020,120.0,0.4,0.8
12/20/2020,120.0,0.4,0.8
12/21/2020,120.0,0.4,0.8
12/22/2020,120.0,0.4,0.8
12/23/2020,120.0,0.4,0.8
12/24/2020,120.0,0.4,0.8
12/25/2020,120.0,0.4,0.8
12/26/2020,120.0,0.4,0.8
12/27/2020,120.0,0.4,0.8
12/28/2020,120.0,0.4,0.8
12/29/2020,120.0,0.4,0.8
12/30/2020,120.0,0.4,0.8
12/31/2020,120.0,0.4,0.8
01/01/2021,121.2,1.0,1.7
01/02/2021,121.2,1.0,1.7
01/03/2021,121.2,1.0,1.7
01/04/2021,121.2,1.0,1.7
01/05/2021,121.2,1.0,1.7
01/06/2021,121.2,1.0,1.7
01/07/2021,121.2,1.0,1.7
01/08/2021,121.2,1.0,1.7
01/09/2021,121.2,1.0,1.7
01/10/2021,121.2,1.0,1.7
01/11/2021,121.2,1.0,1.7
01/12/2021,121.2,1.0,1.7
01/13/2021,121.2,1.0,1.7
01/14/2021,121.2,1.0,1.7
01/15/2021,121.2,1.0,1.7
01/16/2021,121.2,1.0,1.7
01/17/2021,121.2,1.0,1.7
01/18/2021,121.2,1.0,1.7
01/19/2021,121.2,1.0,1.7
01/20/2021,121.2,1.0,1.7
01/21/2021,121.2,1.0,1.7
01/22/2021,121.2,1.0,1.7
01/23/2021,121.2,1.0,1.7
01/24/2021,121.2,1.0,1.7
01/25/2021,121.2,1.0,1.7
01/26/2021,121.2,1.0,1.7
01/27/2021,121.2,1.0,1.7
01/28/2021,121.2,1.0,1.7
01/29/2021,121.2,1.0,1.7
01/30/2021,121.2,1.0,1.7
01/31/2021,121.2,1.0,1.7
02/01/2021,122.0,0.7,2.9
02/02/2021,122.0,0.7,2.9
02/03/2021,122.0,0.7,2.9
02/04/2021,122.0,0.7,2.9
02/05/2021,122.0,0.7,2.9
02/06/2021,122.0,0.7,2.9
02/07/2021,122.0,0.7,2.9
02/08/2021,122.0,0.7,2.9
02/09/2021,122.0,0.7,2.9
02/10/2021,122.0,0.7,2.9
02/11/2021,122.0,0.7,2.9
02/12/2021,122.0,0.7,2.9
02/13/2021,122.0,0.7,2.9
02/14/2021,122.0,0.7,2.9
02/15/2021,122.0,0.7,2.9
02/16/2021,122.0,0.7,2.9
02/17/2021,122.0,0.7,2.9
02/18/2021,122.0,0.7,2.9
02/19/2021,122.0,0.7,2.9
02/20/2021,122.0,0.7,2.9
02/21/2021,122.0,0.7,2.9
02/22/2021,122.0,0.7,2.9
02/23/2021,122.0,0.7,2.9
02/24/2021,122.0,0.7,2.9
02/25/2021,122.0,0.7,2.9
02/26/2021,122.0,0.7,2.9
02/27/2021,122.0,0.7,2.9
02/28/2021,122.0,0.7,2.9
03/01/2021,122.8,0.7,4.1
03/02/2021,122.8,0.7,4.1
03/03/2021,122.8,0.7,4.1
03/04/2021,122.8,0.7,4.1
03/05/2021,122.8,0.7,4.1
03/06/2021,122.8,0.7,4.1
03/07/2021,122.8,0.7,4.1
03/08/2021,122.8,0.7,4.1
03/09/2021,122.8,0.7,4.1
03/10/2021,122.8,0.7,4.1
03/11/2021,122.8,0.7,4.1
03/12/2021,122.8,0.7,4.1
03/13/2021,122.8,0.7,4.1
03/14/2021,122.8,0.7,4.1
03/15/2021,122.8,0.7,4.1
03/16/2021,122.8,0.7,4.1
03/17/2021,122.8,0.7,4.1
03/18/2021,122.8,0.7,4.1
03/19/2021,122.8,0.7,4.1
03/20/2021,122.8,0.7,4.1
03/21/2021,122.8,0.7,4.1
03/22/2021,122.8,0.7,4.1
03/23/2021,122.8,0.7,4.1
03/24/2021,122.8,0.7,4.1
03/25/2021,122.8,0.7,4.1
03/26/2021,122.8,0.7,4.1
03/27/2021,122.8,0.7,4.1
03/28/2021,122.8,0.7,4.1
03/29/2021,122.8,0.7,4.1
03/30/2021,122.8,0.7,4.1
03/31/2021,122.8,0.7,4.1
04/01/2021,124.1,1.1,6.4
04/02/2021,124.1,1.1,6.4
04/03/2021,124.1,1.1,6.4
04/04/2021,124.1,1.1,6.4
04/05/2021,124.1,1.1,6.4
04/06/2021,124.1,1.1,6.4
04/07/2021,124.1,1.1,6.4
04/08/2021,124.1,1.1,6.4
04/09/2021,124.1,1.1,6.4
04/10/2021,124.1,1.1,6.4
04/11/2021,124.1,1.1,6.4
04/12/2021,124.1,1.1,6.4
04/13/2021,124.1,1.1,6.4
04/14/2021,124.1,1.1,6.4
04/15/2021,124.1,1.1,6.4
04/16/2021,124.1,1.1,6.4
04/17/2021,124.1,1.1,6.4
04/18/2021,124.1,1.1,6.4
04/19/2021,124.1,1.1,6.4
04/20/2021,124.1,1.1,6.4
04/21/2021,124.1,1.1,6.4
04/22/2021,124.1,1.1,6.4
04/23/2021,124.1,1.1,6.4
04/24/2021,124.1,1.1,6.4
04/25/2021,124.1,1.1,6.4
04/26/2021,124.1,1.1,6.4
04/27/2021,124.1,1.1,6.4
04/28/2021,124.1,1.1,6.4
04/29/2021,124.1,1.1,6.4
04/30/2021,124.1,1.1,6.4
05/01/2021,125.3,1.0,6.9
05/02/2021,125.3,1.0,6.9
05/03/2021,125.3,1.0,6.9
05/04/2021,125.3,1.0,6.9
05/05/2021,125.3,1.0,6.9
05/06/2021,125.3,1.0,6.9
05/07/2021,125.3,1.0,6.9
05/08/2021,125.3,1.0,6.9
05/09/2021,125.3,1.0,6.9
05/10/2021,125.3,1.0,6.9
05/11/2021,125.3,1.0,6.9
05/12/2021,125.3,1.0,6.9
05/13/2021,125.3,1.0,6.9
05/14/2021,125.3,1.0,6.9
05/15/2021,125.3,1.0,6.9
05/16/2021,125.3,1.0,6.9
05/17/2021,125.3,1.0,6.9
05/18/2021,125.3,1.0,6.9
05/19/2021,125.3,1.0,6.9
05/20/2021,125.3,1.0,6.9
05/21/2021,125.3,1.0,6.9
05/22/2021,125.3,1.0,6.9
05/23/2021,125.3,1.0,6.9
05/24/2021,125.3,1.0,6.9
05/25/2021,125.3,1.0,6.9
05/26/2021,125.3,1.0,6.9
05/27/2021,125.3,1.0,6.9
05/28/2021,125.3,1.0,6.9
05/29/2021,125.3,1.0,6.9
05/30/2021,125.3,1.0,6.9
05/31/2021,125.3,1.0,6.9
06/01/2021,126.2,0.7,7.4
06/02/2021,126.2,0.7,7.4
06/03/2021,126.2,0.7,7.4
06/04/2021,126.2,0.7,7.4
06/05/2021,126.2,0.7,7.4
06/06/2021,126.2,0.7,7.4
06/07/2021,126.2,0.7,7.4
06/08/2021,126.2,0.7,7.4
06/09/2021,126.2,0.7,7.4
06/10/2021,126.2,0.7,7.4
06/11/2021,126.2,0.7,7.4
06/12/2021,126.2,0.7,7.4
06/13/2021,126.2,0.7,7.4
06/14/2021,126.2,0.7,7.4
06/15/2021,126.2,0.7,7.4
06/16/2021,126.2,0.7,7.4
06/17/2021,126.2,0.7,7.4
06/18/2021,126.2,0.7,7.4
06/19/2021,126.2,0.7,7.4
06/20/2021,126.2,0.7,7.4
06/21/2021,126.2,0.7,7.4
06/22/2021,126.2,0.7,7.4
06/23/2021,126.2,0.7,7.4
06/24/2021,126.2,0.7,7.4
06/25/2021,126.2,0.7,7.4
06/26/2021,126.2,0.7,7.4
06/27/2021,126.2,0.7,7.4
06/28/2021,126.2,0.7,7.4
06/29/2021,126.2,0.7,7.4
06/30/2021,126.2,0.7,7.4
07/01/2021,127.484,1.0,7.9
07/02/2021,127.484,1.0,7.9
07/03/2021,127.484,1.0,7.9
07/04/2021,127.484,1.0,7.9
07/05/2021,127.484,1.0,7.9
07/06/2021,127.484,1.0,7.9
07/07/2021,127.484,1.0,7.9
07/08/2021,127.484,1.0,7.9
07/09/2021,127.484,1.0,7.9
07/10/2021,127.484,1.0,7.9
07/11/2021,127.484,1.0,7.9
07/12/2021,127.484,1.0,7.9
07/13/2021,127.484,1.0,7.9
07/14/2021,127.484,1.0,7.9
07/15/2021,127.484,1.0,7.9
07/16/2021,127.484,1.0,7.9
07/17/2021,127.484,1.0,7.9
07/18/2021,127.484,1.0,7.9
07/19/2021,127.484,1.0,7.9
07/20/2021,127.484,1.0,7.9
07/21/2021,127.484,1.0,7.9
07/22/2021,127.484,1.0,7.9
07/23/2021,127.484,1.0,7.9
07/24/2021,127.484,1.0,7.9
07/25/2021,127.484,1.0,7.9
07/26/2021,127.484,1.0,7.9
07/27/2021,127.484,1.0,7.9
07/28/2021,127.484,1.0,7.9
07/29/2021,127.484,1.0,7.9
07/30/2021,127.484,1.0,7.9
07/31/2021,127.484,1.0,7.9
08/01/2021,128.591,0.9,8.6
08/02/2021,128.591,0.9,8.6
08/03/2021,128.591,0.9,8.6
08/04/2021,128.591,0.9,8.6
08/05/2021,128.591,0.9,8.6
08/06/2021,128.591,0.9,8.6
08/07/2021,128.591,0.9,8.6
08/08/2021,128.591,0.9,8.6
08/09/2021,128.591,0.9,8.6
08/10/2021,128.591,0.9,8.6
08/11/2021,128.591,0.9,8.6
08/12/2021,128.591,0.9,8.6
08/13/2021,128.591,0.9,8.6
08/14/2021,128.591,0.9,8.6
08/15/2021,128.591,0.9,8.6
08/16/2021,128.591,0.9,8.6
08/17/2021,128.591,0.9,8.6
08/18/2021,128.591,0.9,8.6
08/19/2021,128.591,0.9,8.6
08/20/2021,128.591,0.9,8.6
08/21/2021,128.591,0.9,8.6
08/22/2021,128.591,0.9,8.6
08/23/2021,128.591,0.9,8.6
08/24/2021,128.591,0.9,8.6
08/25/2021,128.591,0.9,8.6
08/26/2021,128.591,0.9,8.6
08/27/2021,128.591,0.9,8.6
08/28/2021,128.591,0.9,8.6
08/29/2021,128.591,0.9,8.6
08/30/2021,128.591,0.9,8.6
08/31/2021,128.591,0.9,8.6
09/01/2021,129.234,0.5,8.8
09/02/2021,129.234,0.5,8.8
09/03/2021,129.234,0.5,8.8
09/04/2021,129.234,0.5,8.8
09/05/2021,129.234,0.5,8.8
09/06/2021,129.234,0.5,8.8
09/07/2021,129.234,0.5,8.8
09/08/2021,129.234,0.5,8.8
09/09/2021,129.234,0.5,8.8
09/10/2021,129.234,0.5,8.8
09/11/2021,129.234,0.5,8.8
09/12/2021,129.234,0.5,8.8
09/13/2021,129.234,0.5,8.8
09/14/2021,129.234,0.5,8.8
09/15/2021,129.234,0.5,8.8
09/16/2021,129.234,0.5,8.8
09/17/2021,129.234,0.5,8.8
09/18/2021,129.234,0.5,8.8
09/19/2021,129.234,0.5,8.8
09/20/2021,129.234,0.5,8.8
09/21/2021,129.234,0.5,8.8
09/22/2021,129.234,0.5,8.8
09/23/2021,129.234,0.5,8.8
09/24/2021,129.234,0.5,8.8
09/25/2021,129.234,0.5,8.8
09/26/2021,129.234,0.5,8.8
09/27/2021,129.234,0.5,8.8
09/28/2021,129.234,0.5,8.8
09/29/2021,129.234,0.5,8.8
09/30/2021,129.234,0.5,8.8
10/01/2021,130.037,0.6,8.9
10/02/2021,130.037,0.6,8.9
10/03/2021,130.037,0.6,8.9
10/04/2021,130.037,0.6,8.9
10/05/2021,130.037,0.6,8.9
10/06/2021,130.037,0.6,8.9
10/07/2021,130.037,0.6,8.9
10/08/2021,130.037,0.6,8.9
10/09/2021,130.037,0.6,8.9
10/10/2021,130.037,0.6,8.9
10/11/2021,130.037,0.6,8.9
10/12/2021,130.037,0.6,8.9
10/13/2021,130.037,0.6,8.9
10/14/2021,130.037,0.6,8.9
10/15/2021,130.037,0.6,8.9
10/16/2021,130.037,0.6,8.9
10/17/2021,130.037,0.6,8.9
10/18/2021,130.037,0.6,8.9
10/19/2021,130.037,0.6,8.9
10/20/2021,130.037,0.6,8.9
10/21/2021,130.037,0.6,8.9
10/22/2021,130.037,0.6,8.9
10/23/2021,130.037,0.6,8.9
10/24/2021,130.037,0.6,8.9
10/25/2021,130.037,0.6,8.9
10/26/2021,130.037,0.6,8.9
10/27/2021,130.037,0.6,8.9
10/28/2021,130.037,0.6,8.9
10/29/2021,130.037,0.6,8.9
10/30/2021,130.037,0.6,8.9
10/31/2021,130.037,0.6,8.9
11/01/2021,131.404,1.1,10.0
11/02/2021,131.404,1.1,10.0
11/03/2021,131.404,1.1,10.0
11/04/2021,131.404,1.1,10.0
11/05/2021,131.404,1.1,10.0
11/06/2021,131.404,1.1,10.0
11/07/2021,131.404,1.1,10.0
11/08/2021,131.404,1.1,10.0
11/09/2021,131.404,1.1,10.0
11/10/2021,131.404,1.1,10.0
11/11/2021,131.404,1.1,10.0
11/12/2021,131.404,1.1,10.0
11/13/2021,131.404,1.1,10.0
11/14/2021,131.404,1.1,10.0
11/15/2021,131.404,1.1,10.0
11/16/2021,131.404,1.1,10.0
11/17/2021,131.404,1.1,10.0
11/18/2021,131.404,1.1,10.0
11/19/2021,131.404,1.1,10.0
11/20/2021,131.404,1.1,10.0
11/21/2021,131.404,1.1,10.0
11/22/2021,131.404,1.1,10.0
11/23/2021,131.404,1.1,10.0
11/24/2021,131.404,1.1,10.0
11/25/2021,131.404,1.1,10.0
11/26/2021,131.404,1.1,10.0
11/27/2021,131.404,1.1,10.0
11/28/2021,131.404,1.1,10.0
11/29/2021,131.404,1.1,10.0
11/30/2021,131.404,1.1,10.0
12/01/2021,132.252,0.6,10.2
12/02/2021,132.252,0.6,10.2
12/03/2021,132.252,0.6,10.2
12/04/2021,132.252,0.6,10.2
12/05/2021,132.252,0.6,10.2
12/06/2021,132.252,0.6,10.2
12/07/2021,132.252,0.6,10.2
12/08/2021,132.252,0.6,10.2
12/09/2021,132.252,0.6,10.2
12/10/2021,132.252,0.6,10.2
12/11/2021,132.252,0.6,10.2
12/12/2021,132.252,0.6,10.2
12/13/2021,132.252,0.6,10.2
12/14/2021,132.252,0.6,10.2
12/15/2021,132.252,0.6,10.2
12/16/2021,132.252,0.6,10.2
12/17/2021,132.252,0.6,10.2
12/18/2021,132.252,0.6,10.2
12/19/2021,132.252,0.6,10.2
12/20/2021,132.252,0.6,10.2
12/21/2021,132.252,0.6,10.2
12/22/2021,132.252,0.6,10.2
12/23/2021,132.252,0.6,10.2
12/24/2021,132.252,0.6,10.2
12/25/2021,132.252,0.6,10.2
12/26/2021,132.252,0.6,10.2
12/27/2021,132.252,0.6,10.2
12/28/2021,132.252,0.6,10.2
12/29/2021,132.252,0.6,10.2
12/30/2021,132.252,0.6,10.2
12/31/2021,132.252,0.6,10.2
01/01/2022,133.579,1.0,10.2
01/02/2022,133.579,1.0,10.2
01/03/2022,133.579,1.0,10.2
01/04/2022,133.579,1.0,10.2
01/05/2022,133.579,1.0,10.2
01/06/2022,133.579,1.0,10.2
01/07/2022,133.579,1.0,10.2
01/08/2022,133.579,1.0,10.2
01/09/2022,133.579,1.0,10.2
01/10/2022,133.579,1.0,10.2
01/11/2022,133.579,1.0,10.2
01/12/2022,133.579,1.0,10.2
01/13/2022,133.579,1.0,10.2
01/14/2022,133.579,1.0,10.2
01/15/2022,133.579,1.0,10.2
01/16/2022,133.579,1.0,10.2
01/17/2022,133.579,1.0,10.2
01/18/2022,133.579,1.0,10.2
01/19/2022,133.579,1.0,10.2
01/20/2022,133.579,1.0,10.2
01/21/2022,133.579,1.0,10.2
01/22/2022,133.579,1.0,10.2
01/23/2022,133.579,1.0,10.2
01/24/2022,133.579,1.0,10.2
01/25/2022,133.579,1.0,10.2
01/26/2022,133.579,1.0,10.2
01/27/2022,133.579,1.0,10.2
01/28/2022,133.579,1.0,10.2
01/29/2022,133.579,1.0,10.2
01/30/2022,133.579,1.0,10.2
01/31/2022,133.579,1.0,10.2
02/01/2022,134.79,0.9,10.5
02/02/2022,134.79,0.9,10.5
02/03/2022,134.79,0.9,10.5
02/04/2022,134.79,0.9,10.5
02/05/2022,134.79,0.9,10.5
02/06/2022,134.79,0.9,10.5
02/07/2022,134.79,0.9,10.5
02/08/2022,134.79,0.9,10.5
02/09/2022,134.79,0.9,10.5
02/10/2022,134.79,0.9,10.5
02/11/2022,134.79,0.9,10.5
02/12/2022,134.79,0.9,10.5
02/13/2022,134.79,0.9,10.5
02/14/2022,134.79,0.9,10.5
02/15/2022,134.79,0.9,10.5
02/16/2022,134.79,0.9,10.5
02/17/2022,134.79,0.9,10.5
02/18/2022,134.79,0.9,10.5
02/19/2022,134.79,0.9,10.5
02/20/2022,134.79,0.9,10.5
02/21/2022,134.79,0.9,10.5
02/22/2022,134.79,0.9,10.5
02/23/2022,134.79,0.9,10.5
02/24/2022,134.79,0.9,10.5
02/25/2022,134.79,0.9,10.5
02/26/2022,134.79,0.9,10.5
02/27/2022,134.79,0.9,10.5
02/28/2022,134.79,0.9,10.5
03/01/2022,137.041,1.7,11.6
03/02/2022,137.041,1.7,11.6
03/03/2022,137.041,1.7,11.6
03/04/2022,137.041,1.7,11.6
03/05/2022,137.041,1.7,11.6
03/06/2022,137.041,1.7,11.6
03/07/2022,137.041,1.7,11.6
03/08/2022,137.041,1.7,11.6
03/09/2022,137.041,1.7,11.6
03/10/2022,137.041,1.7,11.6
03/11/2022,137.041,1.7,11.6
03/12/2022,137.041,1.7,11.6
03/13/2022,137.041,1.7,11.6
03/14/2022,137.041,1.7,11.6
03/15/2022,137.041,1.7,11.6
03/16/2022,137.041,1.7,11.6
03/17/2022,137.041,1.7,11.6
03/18/2022,137.041,1.7,11.6
03/19/2022,137.041,1.7,11.6
03/20/2022,137.041,1.7,11.6
03/21/2022,137.041,1.7,11.6
03/22/2022,137.041,1.7,11.6
03/23/2022,137.041,1.7,11.6
03/24/2022,137.041,1.7,11.6
03/25/2022,137.041,1.7,11.6
03/26/2022,137.041,1.7,11.6
03/27/2022,137.041,1.7,11.6
03/28/2022,137.041,1.7,11.6
03/29/2022,137.041,1.7,11.6
03/30/2022,137.041,1.7,11.6
03/31/2022,137.041,1.7,11.6
04/01/2022,137.792,0.5,11.0
04/02/2022,137.792,0.5,11.0
04/03/2022,137.792,0.5,11.0
04/04/2022,137.792,0.5,11.0
04/05/2022,137.792,0.5,11.0
04/06/2022,137.792,0.5,11.0
04/07/2022,137.792,0.5,11.0
04/08/2022,137.792,0.5,11.0
04/09/2022,137.792,0.5,11.0
04/10/2022,137.792,0.5,11.0
04/11/2022,137.792,0.5,11.0
04/12/2022,137.792,0.5,11.0
04/13/2022,137.792,0.5,11.0
04/14/2022,137.792,0.5,11.0
04/15/2022,137.792,0.5,11.0
04/16/2022,137.792,0.5,11.0
04/17/2022,137.792,0.5,11.0
04/18/2022,137.792,0.5,11.0
04/19/2022,137.792,0.5,11.0
04/20/2022,137.792,0.5,11.0
04/21/2022,137.792,0.5,11.0
04/22/2022,137.792,0.5,11.0
04/23/2022,137.792,0.5,11.0
04/24/2022,137.792,0.5,11.0
04/25/2022,137.792,0.5,11.0
04/26/2022,137.792,0.5,11.0
04/27/2022,137.792,0.5,11.0
04/28/2022,137.792,0.5,11.0
04/29/2022,137.792,0.5,11.0
04/30/2022,137.792,0.5,11.0
05/01/2022,139.044,0.9,11.0
05/02/2022,139.044,0.9,11.0
05/03/2022,139.044,0.9,11.0
05/04/2022,139.044,0.9,11.0
05/05/2022,139.044,0.9,11.0
05/06/2022,139.044,0.9,11.0
05/07/2022,139.044,0.9,11.0
05/08/2022,139.044,0.9,11.0
05/09/2022,139.044,0.9,11.0
05/10/2022,139.044,0.9,11.0
05/11/2022,139.044,0.9,11.0
05/12/2022,139.044,0.9,11.0
05/13/2022,139.044,0.9,11.0
05/14/2022,139.044,0.9,11.0
05/15/2022,139.044,0.9,11.0
05/16/2022,139.044,0.9,11.0
05/17/2022,139.044,0.9,11.0
05/18/2022,139.044,0.9,11.0
05/19/2022,139.044,0.9,11.0
05/20/2022,139.044,0.9,11.0
05/21/2022,139.044,0.9,11.0
05/22/2022,139.044,0.9,11.0
05/23/2022,139.044,0.9,11.0
05/24/2022,139.044,0.9,11.0
05/25/2022,139.044,0.9,11.0
05/26/2022,139.044,0.9,11.0
05/27/2022,139.044,0.9,11.0
05/28/2022,139.044,0.9,11.0
05/29/2022,139.044,0.9,11.0
05/30/2022,139.044,0.9,11.0
05/31/2022,139.044,0.9,11.0
06/01/2022,140.256,0.9,11.1
06/02/2022,140.256,0.9,11.1
06/03/2022,140.256,0.9,11.1
06/04/2022,140.256,0.9,11.1
06/05/2022,140.256,0.9,11.1
06/06/2022,140.256,0.9,11.1
06/07/2022,140.256,0.9,11.1
06/08/2022,140.256,0.9,11.1
06/09/2022,140.256,0.9,11.1
06/10/2022,140.256,0.9,11.1
06/11/2022,140.256,0.9,11.1
06/12/2022,140.256,0.9,11.1
06/13/2022,140.256,0.9,11.1
06/14/2022,140.256,0.9,11.1
06/15/2022,140.256,0.9,11.1
06/16/2022,140.256,0.9,11.1
06/17/2022,140.256,0.9,11.1
06/18/2022,140.256,0.9,11.1
06/19/2022,140.256,0.9,11.1
06/20/2022,140.256,0.9,11.1
06/21/2022,140.256,0.9,11.1
06/22/2022,140.256,0.9,11.1
06/23/2022,140.256,0.9,11.1
06/24/2022,140.256,0.9,11.1
06/25/2022,140.256,0.9,11.1
06/26/2022,140.256,0.9,11.1
06/27/2022,140.256,0.9,11.1
06/28/2022,140.256,0.9,11.1
06/29/2022,140.256,0.9,11.1
06/30/2022,140.256,0.9,11.1
07/01/2022,139.823,-0.3,9.7
07/02/2022,139.823,-0.3,9.7
07/03/2022,139.823,-0.3,9.7
07/04/2022,139.823,-0.3,9.7
07/05/2022,139.823,-0.3,9.7
07/06/2022,139.823,-0.3,9.7
07/07/2022,139.823,-0.3,9.7
07/08/2022,139.823,-0.3,9.7
07/09/2022,139.823,-0.3,9.7
07/10/2022,139.823,-0.3,9.7
07/11/2022,139.823,-0.3,9.7
07/12/2022,139.823,-0.3,9.7
07/13/2022,139.823,-0.3,9.7
07/14/2022,139.823,-0.3,9.7
07/15/2022,139.823,-0.3,9.7
07/16/2022,139.823,-0.3,9.7
07/17/2022,139.823,-0.3,9.7
07/18/2022,139.823,-0.3,9.7
07/19/2022,139.823,-0.3,9.7
07/20/2022,139.823,-0.3,9.7
07/21/2022,139.823,-0.3,9.7
07/22/2022,139.823,-0.3,9.7
07/23/2022,139.823,-0.3,9.7
07/24/2022,139.823,-0.3,9.7
07/25/2022,139.823,-0.3,9.7
07/26/2022,139.823,-0.3,9.7
07/27/2022,139.823,-0.3,9.7
07/28/2022,139.823,-0.3,9.7
07/29/2022,139.823,-0.3,9.7
07/30/2022,139.823,-0.3,9.7
07/31/2022,139.823,-0.3,9.7
08/01/2022,139.739,-0.1,8.7
08/02/2022,139.739,-0.1,8.7
08/03/2022,139.739,-0.1,8.7
08/04/2022,139.739,-0.1,8.7
08/05/2022,139.739,-0.1,8.7
08/06/2022,139.739,-0.1,8.7
08/07/2022,139.739,-0.1,8.7
08/08/2022,139.739,-0.1,8.7
08/09/2022,139.739,-0.1,8.7
08/10/2022,139.739,-0.1,8.7
08/11/2022,139.739,-0.1,8.7
08/12/2022,139.739,-0.1,8.7
08/13/2022,139.739,-0.1,8.7
08/14/2022,139.739,-0.1,8.7
08/15/2022,139.739,-0.1,8.7
08/16/2022,139.739,-0.1,8.7
08/17/2022,139.739,-0.1,8.7
08/18/2022,139.739,-0.1,8.7
08/19/2022,139.739,-0.1,8.7
08/20/2022,139.739,-0.1,8.7
08/21/2022,139.739,-0.1,8.7
08/22/2022,139.739,-0.1,8.7
08/23/2022,139.739,-0.1,8.7
08/24/2022,139.739,-0.1,8.7
08/25/2022,139.739,-0.1,8.7
08/26/2022,139.739,-0.1,8.7
08/27/2022,139.739,-0.1,8.7
08/28/2022,139.739,-0.1,8.7
08/29/2022,139.739,-0.1,8.7
08/30/2022,139.739,-0.1,8.7
08/31/2022,139.739,-0.1,8.7
09/01/2022,140.212,0.3,8.5
09/02/2022,140.212,0.3,8.5
09/03/2022,140.212,0.3,8.5
09/04/2022,140.212,0.3,8.5
09/05/2022,140.212,0.3,8.5
09/06/2022,140.212,0.3,8.5
09/07/2022,140.212,0.3,8.5
09/08/2022,140.212,0.3,8.5
09/09/2022,140.212,0.3,8.5
09/10/2022,140.212,0.3,8.5
09/11/2022,140.212,0.3,8.5
09/12/2022,140.212,0.3,8.5
09/13/2022,140.212,0.3,8.5
09/14/2022,140.212,0.3,8.5
09/15/2022,140.212,0.3,8.5
09/16/2022,140.212,0.3,8.5
09/17/2022,140.212,0.3,8.5
09/18/2022,140.212,0.3,8.5
09/19/2022,140.212,0.3,8.5
09/20/2022,140.212,0.3,8.5
09/21/2022,140.212,0.3,8.5
09/22/2022,140.212,0.3,8.5
09/23/2022,140.212,0.3,8.5
09/24/2022,140.212,0.3,8.5
09/25/2022,140.212,0.3,8.5
09/26/2022,140.212,0.3,8.5
09/27/2022,140.212,0.3,8.5
09/28/2022,140.212,0.3,8.5
09/29/2022,140.212,0.3,8.5
09/30/2022,140.212,0.3,8.5
10/01/2022,140.647,0.3,8.2
10/02/2022,140.647,0.3,8.2
10/03/2022,140.647,0.3,8.2
10/04/2022,140.647,0.3,8.2
10/05/2022,140.647,0.3,8.2
10/06/2022,140.647,0.3,8.2
10/07/2022,140.647,0.3,8.2
10/08/2022,140.647,0.3,8.2
10/09/2022,140.647,0.3,8.2
10/10/2022,140.647,0.3,8.2
10/11/2022,140.647,0.3,8.2
10/12/2022,140.647,0.3,8.2
10/13/2022,140.647,0.3,8.2
10/14/2022,140.647,0.3,8.2
10/15/2022,140.647,0.3,8.2
10/16/2022,140.647,0.3,8.2
10/17/2022,140.647,0.3,8.2
10/18/2022,140.647,0.3,8.2
10/19/2022,140.647,0.3,8.2
10/20/2022,140.647,0.3,8.2
10/21/2022,140.647,0.3,8.2
10/22/2022,140.647,0.3,8.2
10/23/2022,140.647,0.3,8.2
10/24/2022,140.647,0.3,8.2
10/25/2022,140.647,0.3,8.2
10/26/2022,140.647,0.3,8.2
10/27/2022,140.647,0.3,8.2
10/28/2022,140.647,0.3,8.2
10/29/2022,140.647,0.3,8.2
10/30/2022,140.647,0.3,8.2
10/31/2022,140.647,0.3,8.2
11/01/2022,141.075,0.3,7.4
11/02/2022,141.075,0.3,7.4
11/03/2022,141.075,0.3,7.4
11/04/2022,141.075,0.3,7.4
11/05/2022,141.075,0.3,7.4
11/06/2022,141.075,0.3,7.4
11/07/2022,141.075,0.3,7.4
11/08/2022,141.075,0.3,7.4
11/09/2022,141.075,0.3,7.4
11/10/2022,141.075,0.3,7.4
11/11/2022,141.075,0.3,7.4
11/12/2022,141.075,0.3,7.4
11/13/2022,141.075,0.3,7.4
11/14/2022,141.075,0.3,7.4
11/15/2022,141.075,0.3,7.4
11/16/2022,141.075,0.3,7.4
11/17/2022,141.075,0.3,7.4
11/18/2022,141.075,0.3,7.4
11/19/2022,141.075,0.3,7.4
11/20/2022,141.075,0.3,7.4
11/21/2022,141.075,0.3,7.4
11/22/2022,141.075,0.3,7.4
11/23/2022,141.075,0.3,7.4
11/24/2022,141.075,0.3,7.4
11/25/2022,141.075,0.3,7.4
11/26/2022,141.075,0.3,7.4
11/27/2022,141.075,0.3,7.4
11/28/2022,141.075,0.3,7.4
11/29/2022,141.075,0.3,7.4
11/30/2022,141.075,0.3,7.4
12/01/2022,140.707,-0.3,6.4
12/02/2022,140.707,-0.3,6.4
12/03/2022,140.707,-0.3,6.4
12/04/2022,140.707,-0.3,6.4
12/05/2022,140.707,-0.3,6.4
12/06/2022,140.707,-0.3,6.4
12/07/2022,140.707,-0.3,6.4
12/08/2022,140.707,-0.3,6.4
12/09/2022,140.707,-0.3,6.4
12/10/2022,140.707,-0.3,6.4
12/11/2022,140.707,-0.3,6.4
12/12/2022,140.707,-0.3,6.4
12/13/2022,140.707,-0.3,6.4
12/14/2022,140.707,-0.3,6.4
12/15/2022,140.707,-0.3,6.4
12/16/2022,140.707,-0.3,6.4
12/17/2022,140.707,-0.3,6.4
12/18/2022,140.707,-0.3,6.4
12/19/2022,140.707,-0.3,6.4
12/20/2022,140.707,-0.3,6.4
12/21/2022,140.707,-0.3,6.4
12/22/2022,140.707,-0.3,6.4
12/23/2022,140.707,-0.3,6.4
12/24/2022,140.707,-0.3,6.4
12/25/2022,140.707,-0.3,6.4
12/26/2022,140.707,-0.3,6.4
12/27/2022,140.707,-0.3,6.4
12/28/2022,140.707,-0.3,6.4
12/29/2022,140.707,-0.3,6.4
12/30/2022,140.707,-0.3,6.4
12/31/2022,140.707,-0.3,6.4
01/01/2023,141.306,0.4,5.8
01/02/2023,141.306,0.4,5.8
01/03/2023,141.306,0.4,5.8
01/04/2023,141.306,0.4,5.8
01/05/2023,141.306,0.4,5.8
01/06/2023,141.306,0.4,5.8
01/07/2023,141.306,0.4,5.8
01/08/2023,141.306,0.4,5.8
01/09/2023,141.306,0.4,5.8
01/10/2023,141.306,0.4,5.8
01/11/2023,141.306,0.4,5.8
01/12/2023,141.306,0.4,5.8
01/13/2023,141.306,0.4,5.8
01/14/2023,141.306,0.4,5.8
01/15/2023,141.306,0.4,5.8
01/16/2023,141.306,0.4,5.8
01/17/2023,141.306,0.4,5.8
01/18/2023,141.306,0.4,5.8
01/19/2023,141.306,0.4,5.8
01/20/2023,141.306,0.4,5.8
01/21/2023,141.306,0.4,5.8
01/22/2023,141.306,0.4,5.8
01/23/2023,141.306,0.4,5.8
01/24/2023,141.306,0.4,5.8
01/25/2023,141.306,0.4,5.8
01/26/2023,141.306,0.4,5.8
01/27/2023,141.306,0.4,5.8
01/28/2023,141.306,0.4,5.8
01/29/2023,141.306,0.4,5.8
01/30/2023,141.306,0.4,5.8
01/31/2023,141.306,0.4,5.8
02/01/2023,141.187,-0.1,4.7
02/02/2023,141.187,-0.1,4.7
02/03/2023,141.187,-0.1,4.7
02/04/2023,141.187,-0.1,4.7
02/05/2023,141.187,-0.1,4.7
02/06/2023,141.187,-0.1,4.7
02/07/2023,141.187,-0.1,4.7
02/08/2023,141.187,-0.1,4.7
02/09/2023,141.187,-0.1,4.7
02/10/2023,141.187,-0.1,4.7
02/11/2023,141.187,-0.1,4.7
02/12/2023,141.187,-0.1,4.7
02/13/2023,141.187,-0.1,4.7
02/14/2023,141.187,-0.1,4.7
02/15/2023,141.187,-0.1,4.7
02/16/2023,141.187,-0.1,4.7
02/17/2023,141.187,-0.1,4.7
02/18/2023,141.187,-0.1,4.7
02/19/2023,141.187,-0.1,4.7
02/20/2023,141.187,-0.1,4.7
02/21/2023,141.187,-0.1,4.7
02/22/2023,141.187,-0.1,4.7
02/23/2023,141.187,-0.1,4.7
02/24/2023,141.187,-0.1,4.7
02/25/2023,141.187,-0.1,4.7
02/26/2023,141.187,-0.1,4.7
02/27/2023,141.187,-0.1,4.7
02/28/2023,141.187,-0.1,4.7
03/01/2023,140.743,-0.3,2.7
03/02/2023,140.743,-0.3,2.7
03/03/2023,140.743,-0.3,2.7
03/04/2023,140.743,-0.3,2.7
03/05/2023,140.743,-0.3,2.7
03/06/2023,140.743,-0.3,2.7
03/07/2023,140.743,-0.3,2.7
03/08/2023,140.743,-0.3,2.7
03/09/2023,140.743,-0.3,2.7
03/10/2023,140.743,-0.3,2.7
03/11/2023,140.743,-0.3,2.7
03/12/2023,140.743,-0.3,2.7
03/13/2023,140.743,-0.3,2.7
03/14/2023,140.743,-0.3,2.7
03/15/2023,140.743,-0.3,2.7
03/16/2023,140.743,-0.3,2.7
03/17/2023,140.743,-0.3,2.7
03/18/2023,140.743,-0.3,2.7
03/19/2023,140.743,-0.3,2.7
03/20/2023,140.743,-0.3,2.7
03/21/2023,140.743,-0.3,2.7
03/22/2023,140.743,-0.3,2.7
03/23/2023,140.743,-0.3,2.7
03/24/2023,140.743,-0.3,2.7
03/25/2023,140.743,-0.3,2.7
03/26/2023,140.743,-0.3,2.7
03/27/2023,140.743,-0.3,2.7
03/28/2023,140.743,-0.3,2.7
03/29/2023,140.743,-0.3,2.7
03/30/2023,140.743,-0.3,2.7
03/31/2023,140.743,-0.3,2.7
04/01/2023,140.97,0.2,2.3
04/02/2023,140.97,0.2,2.3
04/03/2023,140.97,0.2,2.3
04/04/2023,140.97,0.2,2.3
04/05/2023,140.97,0.2,2.3
04/06/2023,140.97,0.2,2.3
04/07/2023,140.97,0.2,2.3
04/08/2023,140.97,0.2,2.3
04/09/2023,140.97,0.2,2.3
04/10/2023,140.97,0.2,2.3
04/11/2023,140.97,0.2,2.3
04/12/2023,140.97,0.2,2.3
04/13/2023,140.97,0.2,2.3
04/14/2023,140.97,0.2,2.3
04/15/2023,140.97,0.2,2.3
04/16/2023,140.97,0.2,2.3
04/17/2023,140.97,0.2,2.3
04/18/2023,140.97,0.2,2.3
04/19/2023,140.97,0.2,2.3
04/20/2023,140.97,0.2,2.3
04/21/2023,140.97,0.2,2.3
04/22/2023,140.97,0.2,2.3
04/23/2023,140.97,0.2,2.3
04/24/2023,140.97,0.2,2.3
04/25/2023,140.97,0.2,2.3
04/26/2023,140.97,0.2,2.3
04/27/2023,140.97,0.2,2.3
04/28/2023,140.97,0.2,2.3
04/29/2023,140.97,0.2,2.3
04/30/2023,140.97,0.2,2.3
05/01/2023,140.667,-0.2,1.2
05/02/2023,140.667,-0.2,1.2
05/03/2023,140.667,-0.2,1.2
05/04/2023,140.667,-0.2,1.2
05/05/2023,140.667,-0.2,1.2
05/06/2023,140.667,-0.2,1.2
05/07/2023,140.667,-0.2,1.2
05/08/2023,140.667,-0.2,1.2
05/09/2023,140.667,-0.2,1.2
05/10/2023,140.667,-0.2,1.2
05/11/2023,140.667,-0.2,1.2
05/12/2023,140.667,-0.2,1.2
05/13/2023,140.667,-0.2,1.2
05/14/2023,140.667,-0.2,1.2
05/15/2023,140.667,-0.2,1.2
05/16/2023,140.667,-0.2,1.2
05/17/2023,140.667,-0.2,1.2
05/18/2023,140.667,-0.2,1.2
05/19/2023,140.667,-0.2,1.2
05/20/2023,140.667,-0.2,1.2
05/21/2023,140.667,-0.2,1.2
05/22/2023,140.667,-0.2,1.2
05/23/2023,140.667,-0.2,1.2
05/24/2023,140.667,-0.2,1.2
05/25/2023,140.667,-0.2,1.2
05/26/2023,140.667,-0.2,1.2
05/27/2023,140.667,-0.2,1.2
05/28/2023,140.667,-0.2,1.2
05/29/2023,140.667,-0.2,1.2
05/30/2023,140.667,-0.2,1.2
05/31/2023,140.667,-0.2,1.2
06/01/2023,140.673,0.0,0.3
06/02/2023,140.673,0.0,0.3
06/03/2023,140.673,0.0,0.3
06/04/2023,140.673,0.0,0.3
06/05/2023,140.673,0.0,0.3
06/06/2023,140.673,0.0,0.3
06/07/2023,140.673,0.0,0.3
06/08/2023,140.673,0.0,0.3
06/09/2023,140.673,0.0,0.3
06/10/2023,140.673,0.0,0.3
06/11/2023,140.673,0.0,0.3
06/12/2023,140.673,0.0,0.3
06/13/2023,140.673,0.0,0.3
06/14/2023,140.673,0.0,0.3
06/15/2023,140.673,0.0,0.3
06/16/2023,140.673,0.0,0.3
06/17/2023,140.673,0.0,0.3
06/18/2023,140.673,0.0,0.3
06/19/2023,140.673,0.0,0.3
06/20/2023,140.673,0.0,0.3
06/21/2023,140.673,0.0,0.3
06/22/2023,140.673,0.0,0.3
06/23/2023,140.673,0.0,0.3
06/24/2023,140.673,0.0,0.3
06/25/2023,140.673,0.0,0.3
06/26/2023,140.673,0.0,0.3
06/27/2023,140.673,0.0,0.3
06/28/2023,140.673,0.0,0.3
06/29/2023,140.673,0.0,0.3
06/30/2023,140.673,0.0,0.3
07/01/2023,141.443,0.5,1.2
07/02/2023,141.443,0.5,1.2
07/03/2023,141.443,0.5,1.2
07/04/2023,141.443,0.5,1.2
07/05/2023,141.443,0.5,1.2
07/06/2023,141.443,0.5,1.2
07/07/2023,141.443,0.5,1.2
07/08/2023,141.443,0.5,1.2
07/09/2023,141.443,0.5,1.2
07/10/2023,141.443,0.5,1.2
07/11/2023,141.443,0.5,1.2
07/12/2023,141.443,0.5,1.2
07/13/2023,141.443,0.5,1.2
07/14/2023,141.443,0.5,1.2
07/15/2023,141.443,0.5,1.2
07/16/2023,141.443,0.5,1.2
07/17/2023,141.443,0.5,1.2
07/18/2023,141.443,0.5,1.2
07/19/2023,141.443,0.5,1.2
07/20/2023,141.443,0.5,1.2
07/21/2023,141.443,0.5,1.2
07/22/2023,141.443,0.5,1.2
07/23/2023,141.443,0.5,1.2
07/24/2023,141.443,0.5,1.2
07/25/2023,141.443,0.5,1.2
07/26/2023,141.443,0.5,1.2
07/27/2023,141.443,0.5,1.2
07/28/2023,141.443,0.5,1.2
07/29/2023,141.443,0.5,1.2
07/30/2023,141.443,0.5,1.2
07/31/2023,141.443,0.5,1.2
08/01/2023,142.367,0.7,1.9
08/02/2023,142.367,0.7,1.9
08/03/2023,142.367,0.7,1.9
08/04/2023,142.367,0.7,1.9
08/05/2023,142.367,0.7,1.9
08/06/2023,142.367,0.7,1.9
08/07/2023,142.367,0.7,1.9
08/08/2023,142.367,0.7,1.9
08/09/2023,142.367,0.7,1.9
08/10/2023,142.367,0.7,1.9
08/11/2023,142.367,0.7,1.9
08/12/2023,142.367,0.7,1.9
08/13/2023,142.367,0.7,1.9
08/14/2023,142.367,0.7,1.9
08/15/2023,142.367,0.7,1.9
08/16/2023,142.367,0.7,1.9
08/17/2023,142.367,0.7,1.9
08/18/2023,142.367,0.7,1.9
08/19/2023,142.367,0.7,1.9
08/20/2023,142.367,0.7,1.9
08/21/2023,142.367,0.7,1.9
08/22/2023,142.367,0.7,1.9
08/23/2023,142.367,0.7,1.9
08/24/2023,142.367,0.7,1.9
08/25/2023,142.367,0.7,1.9
08/26/2023,142.367,0.7,1.9
08/27/2023,142.367,0.7,1.9
08/28/2023,142.367,0.7,1.9
08/29/2023,142.367,0.7,1.9
08/30/2023,142.367,0.7,1.9
08/31/2023,142.367,0.7,1.9
09/01/2023,142.737,0.3,1.8
09/02/2023,142.737,0.3,1.8
09/03/2023,142.737,0.3,1.8
09/04/2023,142.737,0.3,1.8
09/05/2023,142.737,0.3,1.8
09/06/2023,142.737,0.3,1.8
09/07/2023,142.737,0.3,1.8
09/08/2023,142.737,0.3,1.8
09/09/2023,142.737,0.3,1.8
09/10/2023,142.737,0.3,1.8
09/11/2023,142.737,0.3,1.8
09/12/2023,142.737,0.3,1.8
09/13/2023,142.737,0.3,1.8
09/14/2023,142.737,0.3,1.8
09/15/2023,142.737,0.3,1.8
09/16/2023,142.737,0.3,1.8
09/17/2023,142.737,0.3,1.8
09/18/2023,142.737,0.3,1.8
09/19/2023,142.737,0.3,1.8
09/20/2023,142.737,0.3,1.8
09/21/2023,142.737,0.3,1.8
09/22/2023,142.737,0.3,1.8
09/23/2023,142.737,0.3,1.8
09/24/2023,142.737,0.3,1.8
09/25/2023,142.737,0.3,1.8
09/26/2023,142.737,0.3,1.8
09/27/2023,142.737,0.3,1.8
09/28/2023,142.737,0.3,1.8
09/29/2023,142.737,0.3,1.8
09/30/2023,142.737,0.3,1.8
10/01/2023,142.202,-0.4,1.1
10/02/2023,142.202,-0.4,1.1
10/03/2023,142.202,-0.4,1.1
10/04/2023,142.202,-0.4,1.1
10/05/2023,142.202,-0.4,1.1
10/06/2023,142.202,-0.4,1.1
10/07/2023,142.202,-0.4,1.1
10/08/2023,142.202,-0.4,1.1
10/09/2023,142.202,-0.4,1.1
10/10/2023,142.202,-0.4,1.1
10/11/2023,142.202,-0.4,1.1
10/12/2023,142.202,-0.4,1.1
10/13/2023,142.202,-0.4,1.1
10/14/2023,142.202,-0.4,1.1
10/15/2023,142.202,-0.4,1.1
10/16/2023,142.202,-0.4,1.1
10/17/2023,142.202,-0.4,1.1
10/18/2023,142.202,-0.4,1.1
10/19/2023,142.202,-0.4,1.1
10/20/2023,142.202,-0.4,1.1
10/21/2023,142.202,-0.4,1.1
10/22/2023,142.202,-0.4,1.1
10/23/2023,142.202,-0.4,1.1
10/24/2023,142.202,-0.4,1.1
10/25/2023,142.202,-0.4,1.1
10/26/2023,142.202,-0.4,1.1
10/27/2023,142.202,-0.4,1.1
10/28/2023,142.202,-0.4,1.1
10/29/2023,142.202,-0.4,1.1
10/30/2023,142.202,-0.4,1.1
10/31/2023,142.202,-0.4,1.1
11/01/2023,142.26,0.0,0.8
11/02/2023,142.26,0.0,0.8
11/03/2023,142.26,0.0,0.8
11/04/2023,142.26,0.0,0.8
11/05/2023,142.26,0.0,0.8
11/06/2023,142.26,0.0,0.8
11/07/2023,142.26,0.0,0.8
11/08/2023,142.26,0.0,0.8
11/09/2023,142.26,0.0,0.8
11/10/2023,142.26,0.0,0.8
11/11/2023,142.26,0.0,0.8
11/12/2023,142.26,0.0,0.8
11/13/2023,142.26,0.0,0.8
11/14/2023,142.26,0.0,0.8
11/15/2023,142.26,0.0,0.8
11/16/2023,142.26,0.0,0.8
11/17/2023,142.26,0.0,0.8
11/18/2023,142.26,0.0,0.8
11/19/2023,142.26,0.0,0.8
11/20/2023,142.26,0.0,0.8
11/21/2023,142.26,0.0,0.8
11/22/2023,142.26,0.0,0.8
11/23/2023,142.26,0.0,0.8
11/24/2023,142.26,0.0,0.8
11/25/2023,142.26,0.0,0.8
11/26/2023,142.26,0.0,0.8
11/27/2023,142.26,0.0,0.8
11/28/2023,142.26,0.0,0.8
11/29/2023,142.26,0.0,0.8
11/30/2023,142.26,0.0,0.8
12/01/2023,142.206,0.0,1.1
12/02/2023,142.206,0.0,1.1
12/03/2023,142.206,0.0,1.1
12/04/2023,142.206,0.0,1.1
12/05/2023,142.206,0.0,1.1
12/06/2023,142.206,0.0,1.1
12/07/2023,142.206,0.0,1.1
12/08/2023,142.206,0.0,1.1
12/09/2023,142.206,0.0,1.1
12/10/2023,142.206,0.0,1.1
12/11/2023,142.206,0.0,1.1
12/12/2023,142.206,0.0,1.1
12/13/2023,142.206,0.0,1.1
12/14/2023,142.206,0.0,1.1
12/15/2023,142.206,0.0,1.1
12/16/2023,142.206,0.0,1.1
12/17/2023,142.206,0.0,1.1
12/18/2023,142.206,0.0,1.1
12/19/2023,142.206,0.0,1.1
12/20/2023,142.206,0.0,1.1
12/21/2023,142.206,0.0,1.1
12/22/2023,142.206,0.0,1.1
12/23/2023,142.206,0.0,1.1
12/24/2023,142.206,0.0,1.1
12/25/2023,142.206,0.0,1.1
12/26/2023,142.206,0.0,1.1
12/27/2023,142.206,0.0,1.1
12/28/2023,142.206,0.0,1.1
12/29/2023,142.206,0.0,1.1
12/30/2023,142.206,0.0,1.1
12/31/2023,142.206,0.0,1.1
01/01/2024,142.713,0.4,1.0
01/02/2024,142.713,0.4,1.0
01/03/2024,142.713,0.4,1.0
01/04/2024,142.713,0.4,1.0
01/05/2024,142.713,0.4,1.0
01/06/2024,142.713,0.4,1.0
01/07/2024,142.713,0.4,1.0
01/08/2024,142.713,0.4,1.0
01/09/2024,142.713,0.4,1.0
01/10/2024,142.713,0.4,1.0
01/11/2024,142.713,0.4,1.0
01/12/2024,142.713,0.4,1.0
01/13/2024,142.713,0.4,1.0
01/14/2024,142.713,0.4,1.0
01/15/2024,142.713,0.4,1.0
01/16/2024,142.713,0.4,1.0
01/17/2024,142.713,0.4,1.0
01/18/2024,142.713,0.4,1.0
01/19/2024,142.713,0.4,1.0
01/20/2024,142.713,0.4,1.0
01/21/2024,142.713,0.4,1.0
01/22/2024,142.713,0.4,1.0
01/23/2024,142.713,0.4,1.0
01/24/2024,142.713,0.4,1.0
01/25/2024,142.713,0.4,1.0
01/26/2024,142.713,0.4,1.0
01/27/2024,142.713,0.4,1.0
01/28/2024,142.713,0.4,1.0
01/29/2024,142.713,0.4,1.0
01/30/2024,142.713,0.4,1.0
01/31/2024,142.713,0.4,1.0
02/01/2024,143.432,0.5,1.6
02/02/2024,143.432,0.5,1.6
02/03/2024,143.432,0.5,1.6
02/04/2024,143.432,0.5,1.6
02/05/2024,143.432,0.5,1.6
02/06/2024,143.432,0.5,1.6
02/07/2024,143.432,0.5,1.6
02/08/2024,143.432,0.5,1.6
02/09/2024,143.432,0.5,1.6
02/10/2024,143.432,0.5,1.6
02/11/2024,143.432,0.5,1.6
02/12/2024,143.432,0.5,1.6
02/13/2024,143.432,0.5,1.6
02/14/2024,143.432,0.5,1.6
02/15/2024,143.432,0.5,1.6
02/16/2024,143.432,0.5,1.6
02/17/2024,143.432,0.5,1.6
02/18/2024,143.432,0.5,1.6
02/19/2024,143.432,0.5,1.6
02/20/2024,143.432,0.5,1.6
02/21/2024,143.432,0.5,1.6
02/22/2024,143.432,0.5,1.6
02/23/2024,143.432,0.5,1.6
02/24/2024,143.432,0.5,1.6
02/25/2024,143.432,0.5,1.6
02/26/2024,143.432,0.5,1.6
02/27/2024,143.432,0.5,1.6
02/28/2024,143.432,0.5,1.6
02/29/2024,143.432,0.5,1.6
03/01/2024,143.513,0.1,2.0
03/02/2024,143.513,0.1,2.0
03/03/2024,143.513,0.1,2.0
03/04/2024,143.513,0.1,2.0
03/05/2024,143.513,0.1,2.0
03/06/2024,143.513,0.1,2.0
03/07/2024,143.513,0.1,2.0
03/08/2024,143.513,0.1,2.0
03/09/2024,143.513,0.1,2.0
03/10/2024,143.513,0.1,2.0
03/11/2024,143.513,0.1,2.0
03/12/2024,143.513,0.1,2.0
03/13/2024,143.513,0.1,2.0
03/14/2024,143.513,0.1,2.0
03/15/2024,143.513,0.1,2.0
03/16/2024,143.513,0.1,2.0
03/17/2024,143.513,0.1,2.0
03/18/2024,143.513,0.1,2.0
03/19/2024,143.513,0.1,2.0
03/20/2024,143.513,0.1,2.0
03/21/2024,143.513,0.1,2.0
03/22/2024,143.513,0.1,2.0
03/23/2024,143.513,0.1,2.0
03/24/2024,143.513,0.1,2.0
03/25/2024,143.513,0.1,2.0
03/26/2024,143.513,0.1,2.0
03/27/2024,143.513,0.1,2.0
03/28/2024,143.513,0.1,2.0
03/29/2024,143.513,0.1,2.0
03/30/2024,143.513,0.1,2.0
03/31/2024,143.513,0.1,2.0
04/01/2024,144.208,0.5,2.3
04/02/2024,144.208,0.5,2.3
04/03/2024,144.208,0.5,2.3
04/04/2024,144.208,0.5,2.3
04/05/2024,144.208,0.5,2.3
04/06/2024,144.208,0.5,2.3
04/07/2024,144.208,0.5,2.3
04/08/2024,144.208,0.5,2.3
04/09/2024,144.208,0.5,2.3
04/10/2024,144.208,0.5,2.3
04/11/2024,144.208,0.5,2.3
04/12/2024,144.208,0.5,2.3
04/13/2024,144.208,0.5,2.3
04/14/2024,144.208,0.5,2.3
04/15/2024,144.208,0.5,2.3
04/16/2024,144.208,0.5,2.3
04/17/2024,144.208,0.5,2.3
04/18/2024,144.208,0.5,2.3
04/19/2024,144.208,0.5,2.3
04/20/2024,144.208,0.5,2.3
04/21/2024,144.208,0.5,2.3
04/22/2024,144.208,0.5,2.3
04/23/2024,144.208,0.5,2.3
04/24/2024,144.208,0.5,2.3
04/25/2024,144.208,0.5,2.3
04/26/2024,144.208,0.5,2.3
04/27/2024,144.208,0.5,2.3
04/28/2024,144.208,0.5,2.3
04/29/2024,144.208,0.5,2.3
04/30/2024,144.208,0.5,2.3
05/01/2024,144.255,0.0,2.6
05/02/2024,144.255,0.0,2.6
05/03/2024,144.255,0.0,2.6
05/04/2024,144.255,0.0,2.6
05/05/2024,144.255,0.0,2.6
05/06/2024,144.255,0.0,2.6
05/07/2024,144.255,0.0,2.6
05/08/2024,144.255,0.0,2.6
05/09/2024,144.255,0.0,2.6
05/10/2024,144.255,0.0,2.6
05/11/2024,144.255,0.0,2.6
05/12/2024,144.255,0.0,2.6
05/13/2024,144.255,0.0,2.6
05/14/2024,144.255,0.0,2.6
05/15/2024,144.255,0.0,2.6
05/16/2024,144.255,0.0,2.6
05/17/2024,144.255,0.0,2.6
05/18/2024,144.255,0.0,2.6
05/19/2024,144.255,0.0,2.6
05/20/2024,144.255,0.0,2.6
05/21/2024,144.255,0.0,2.6
05/22/2024,144.255,0.0,2.6
05/23/2024,144.255,0.0,2.6
05/24/2024,144.255,0.0,2.6
05/25/2024,144.255,0.0,2.6
05/26/2024,144.255,0.0,2.6
05/27/2024,144.255,0.0,2.6
05/28/2024,144.255,0.0,2.6
05/29/2024,144.255,0.0,2.6
05/30/2024,144.255,0.0,2.6
05/31/2024,144.255,0.0,2.6
06/01/2024,144.829,0.4,3.0
06/02/2024,144.829,0.4,3.0
06/03/2024,144.829,0.4,3.0
06/04/2024,144.829,0.4,3.0
06/05/2024,144.829,0.4,3.0
06/06/2024,144.829,0.4,3.0
06/07/2024,144.829,0.4,3.0
06/08/2024,144.829,0.4,3.0
06/09/2024,144.829,0.4,3.0
06/10/2024,144.829,0.4,3.0
06/11/2024,144.829,0.4,3.0
06/12/2024,144.829,0.4,3.0
06/13/2024,144.829,0.4,3.0
06/14/2024,144.829,0.4,3.0
06/15/2024,144.829,0.4,3.0
06/16/2024,144.829,0.4,3.0
06/17/2024,144.829,0.4,3.0
06/18/2024,144.829,0.4,3.0
06/19/2024,144.829,0.4,3.0
06/20/2024,144.829,0.4,3.0
06/21/2024,144.829,0.4,3.0
06/22/2024,144.829,0.4,3.0
06/23/2024,144.829,0.4,3.0
06/24/2024,144.829,0.4,3.0
06/25/2024,144.829,0.4,3.0
06/26/2024,144.829,0.4,3.0
06/27/2024,144.829,0.4,3.0
06/28/2024,144.829,0.4,3.0
06/29/2024,144.829,0.4,3.0
06/30/2024,144.829,0.4,3.0
07/01/2024,144.869,0.0,2.4
07/02/2024,144.869,0.0,2.4
07/03/2024,144.869,0.0,2.4
07/04/2024,144.869,0.0,2.4
07/05/2024,144.869,0.0,2.4
07/06/2024,144.869,0.0,2.4
07/07/2024,144.869,0.0,2.4
07/08/2024,144.869,0.0,2.4
07/09/2024,144.869,0.0,2.4
07/10/2024,144.869,0.0,2.4
07/11/2024,144.869,0.0,2.4
07/12/2024,144.869,0.0,2.4
07/13/2024,144.869,0.0,2.4
07/14/2024,144.869,0.0,2.4
07/15/2024,144.869,0.0,2.4
07/16/2024,144.869,0.0,2.4
07/17/2024,144.869,0.0,2.4
07/18/2024,144.869,0.0,2.4
07/19/2024,144.869,0.0,2.4
07/20/2024,144.869,0.0,2.4
07/21/2024,144.869,0.0,2.4
07/22/2024,144.869,0.0,2.4
07/23/2024,144.869,0.0,2.4
07/24/2024,144.869,0.0,2.4
07/25/2024,144.869,0.0,2.4
07/26/2024,144.869,0.0,2.4
07/27/2024,144.869,0.0,2.4
07/28/2024,144.869,0.0,2.4
07/29/2024,144.869,0.0,2.4
07/30/2024,144.869,0.0,2.4
07/31/2024,144.869,0.0,2.4
08/01/2024,145.36,0.3,2.1
08/02/2024,145.36,0.3,2.1
08/03/2024,145.36,0.3,2.1
08/04/2024,145.36,0.3,2.1
08/05/2024,145.36,0.3,2.1
08/06/2024,145.36,0.3,2.1
08/07/2024,145.36,0.3,2.1
08/08/2024,145.36,0.3,2.1
08/09/2024,145.36,0.3,2.1
08/10/2024,145.36,0.3,2.1
08/11/2024,145.36,0.3,2.1
08/12/2024,145.36,0.3,2.1
08/13/2024,145.36,0.3,2.1
08/14/2024,145.36,0.3,2.1
08/15/2024,145.36,0.3,2.1
08/16/2024,145.36,0.3,2.1
08/17/2024,145.36,0.3,2.1
08/18/2024,145.36,0.3,2.1
08/19/2024,145.36,0.3,2.1
08/20/2024,145.36,0.3,2.1
08/21/2024,145.36,0.3,2.1
08/22/2024,145.36,0.3,2.1
08/23/2024,145.36,0.3,2.1
08/24/2024,145.36,0.3,2.1
08/25/2024,145.36,0.3,2.1
08/26/2024,145.36,0.3,2.1
08/27/2024,145.36,0.3,2.1
08/28/2024,145.36,0.3,2.1
08/29/2024,145.36,0.3,2.1
08/30/2024,145.36,0.3,2.1
08/31/2024,145.36,0.3,2.1
09/01/2024,145.792,0.3,2.1
09/02/2024,145.792,0.3,2.1
09/03/2024,145.792,0.3,2.1
09/04/2024,145.792,0.3,2.1
09/05/2024,145.792,0.3,2.1
09/06/2024,145.792,0.3,2.1
09/07/2024,145.792,0.3,2.1
09/08/2024,145.792,0.3,2.1
09/09/2024,145.792,0.3,2.1
09/10/2024,145.792,0.3,2.1
09/11/2024,145.792,0.3,2.1
09/12/2024,145.792,0.3,2.1
09/13/2024,145.792,0.3,2.1
09/14/2024,145.792,0.3,2.1
09/15/2024,145.792,0.3,2.1
09/16/2024,145.792,0.3,2.1
09/17/2024,145.792,0.3,2.1
09/18/2024,145.792,0.3,2.1
09/19/2024,145.792,0.3,2.1
09/20/2024,145.792,0.3,2.1
09/21/2024,145.792,0.3,2.1
09/22/2024,145.792,0.3,2.1
09/23/2024,145.792,0.3,2.1
09/24/2024,145.792,0.3,2.1
09/25/2024,145.792,0.3,2.1
09/26/2024,145.792,0.3,2.1
09/27/2024,145.792,0.3,2.1
09/28/2024,145.792,0.3,2.1
09/29/2024,145.792,0.3,2.1
09/30/2024,145.792,0.3,2.1
10/01/2024,146.242,0.3,2.8
10/02/2024,146.242,0.3,2.8
10/03/2024,146.242,0.3,2.8
10/04/2024,146.242,0.3,2.8
10/05/2024,146.242,0.3,2.8
10/06/2024,146.242,0.3,2.8
10/07/2024,146.242,0.3,2.8
10/08/2024,146.242,0.3,2.8
10/09/2024,146.242,0.3,2.8
10/10/2024,146.242,0.3,2.8
10/11/2024,146.242,0.3,2.8
10/12/2024,146.242,0.3,2.8
10/13/2024,146.242,0.3,2.8
10/14/2024,146.242,0.3,2.8
10/15/2024,146.242,0.3,2.8
10/16/2024,146.242,0.3,2.8
10/17/2024,146.242,0.3,2.8
10/18/2024,146.242,0.3,2.8
10/19/2024,146.242,0.3,2.8
10/20/2024,146.242,0.3,2.8
10/21/2024,146.242,0.3,2.8
10/22/2024,146.242,0.3,2.8
10/23/2024,146.242,0.3,2.8
10/24/2024,146.242,0.3,2.8
10/25/2024,146.242,0.3,2.8
10/26/2024,146.242,0.3,2.8
10/27/2024,146.242,0.3,2.8
10/28/2024,146.242,0.3,2.8
10/29/2024,146.242,0.3,2.8
10/30/2024,146.242,0.3,2.8
10/31/2024,146.242,0.3,2.8
11/01/2024,146.391,0.1,2.9
11/02/2024,146.391,0.1,2.9
11/03/2024,146.391,0.1,2.9
11/04/2024,146.391,0.1,2.9
11/05/2024,146.391,0.1,2.9
11/06/2024,146.391,0.1,2.9
11/07/2024,146.391,0.1,2.9
11/08/2024,146.391,0.1,2.9
11/09/2024,146.391,0.1,2.9
11/10/2024,146.391,0.1,2.9
11/11/2024,146.391,0.1,2.9
11/12/2024,146.391,0.1,2.9
11/13/2024,146.391,0.1,2.9
11/14/2024,146.391,0.1,2.9
11/15/2024,146.391,0.1,2.9
11/16/2024,146.391,0.1,2.9
11/17/2024,146.391,0.1,2.9
11/18/2024,146.391,0.1,2.9
11/19/2024,146.391,0.1,2.9
11/20/2024,146.391,0.1,2.9
11/21/2024,146.391,0.1,2.9
11/22/2024,146.391,0.1,2.9
11/23/2024,146.391,0.1,2.9
11/24/2024,146.391,0.1,2.9
11/25/2024,146.391,0.1,2.9
11/26/2024,146.391,0.1,2.9
11/27/2024,146.391,0.1,2.9
11/28/2024,146.391,0.1,2.9
11/29/2024,146.391,0.1,2.9
11/30/2024,146.391,0.1,2.9
12/01/2024,147.126,0.5,3.5
12/02/2024,147.126,0.5,3.5
12/03/2024,147.126,0.5,3.5
12/04/2024,147.126,0.5,3.5
12/05/2024,147.126,0.5,3.5
12/06/2024,147.126,0.5,3.5
12/07/2024,147.126,0.5,3.5
12/08/2024,147.126,0.5,3.5
12/09/2024,147.126,0.5,3.5
12/10/2024,147.126,0.5,3.5
12/11/2024,147.126,0.5,3.5
12/12/2024,147.126,0.5,3.5
12/13/2024,147.126,0.5,3.5
12/14/2024,147.126,0.5,3.5
12/15/2024,147.126,0.5,3.5
12/16/2024,147.126,0.5,3.5
12/17/2024,147.126,0.5,3.5
12/18/2024,147.126,0.5,3.5
12/19/2024,147.126,0.5,3.5
12/20/2024,147.126,0.5,3.5
12/21/2024,147.126,0.5,3.5
12/22/2024,147.126,0.5,3.5
12/23/2024,147.126,0.5,3.5
12/24/2024,147.126,0.5,3.5
12/25/2024,147.126,0.5,3.5
12/26/2024,147.126,0.5,3.5
12/27/2024,147.126,0.5,3.5
12/28/2024,147.126,0.5,3.5
12/29/2024,147.126,0.5,3.5
12/30/2024,147.126,0.5,3.5
12/31/2024,147.126,0.5,3.5
01/01/2025,148.132,0.7,3.8
01/02/2025,148.132,0.7,3.8
01/03/2025,148.132,0.7,3.8
01/04/2025,148.132,0.7,3.8
01/05/2025,148.132,0.7,3.8
01/06/2025,148.132,0.7,3.8
01/07/2025,148.132,0.7,3.8
01/08/2025,148.132,0.7,3.8
01/09/2025,148.132,0.7,3.8
01/10/2025,148.132,0.7,3.8
01/11/2025,148.132,0.7,3.8
01/12/2025,148.132,0.7,3.8
01/13/2025,148.132,0.7,3.8
01/14/2025,148.132,0.7,3.8
01/15/2025,148.132,0.7,3.8
01/16/2025,148.132,0.7,3.8
01/17/2025,148.132,0.7,3.8
01/18/2025,148.132,0.7,3.8
01/19/2025,148.132,0.7,3.8
01/20/2025,148.132,0.7,3.8
01/21/2025,148.132,0.7,3.8
01/22/2025,148.132,0.7,3.8
01/23/2025,148.132,0.7,3.8
01/24/2025,148.132,0.7,3.8
01/25/2025,148.132,0.7,3.8
01/26/2025,148.132,0.7,3.8
01/27/2025,148.132,0.7,3.8
01/28/2025,148.132,0.7,3.8
01/29/2025,148.132,0.7,3.8
01/30/2025,148.132,0.7,3.8
01/31/2025,148.132,0.7,3.8
02/01/2025,148.323,0.1,3.4
02/02/2025,148.323,0.1,3.4
02/03/2025,148.323,0.1,3.4
02/04/2025,148.323,0.1,3.4
02/05/2025,148.323,0.1,3.4
02/06/2025,148.323,0.1,3.4
02/07/2025,148.323,0.1,3.4
02/08/2025,148.323,0.1,3.4
02/09/2025,148.323,0.1,3.4
02/10/2025,148.323,0.1,3.4
02/11/2025,148.323,0.1,3.4
02/12/2025,148.323,0.1,3.4
02/13/2025,148.323,0.1,3.4
02/14/2025,148.323,0.1,3.4
02/15/2025,148.323,0.1,3.4
02/16/2025,148.323,0.1,3.4
02/17/2025,148.323,0.1,3.4
02/18/2025,148.323,0.1,3.4
02/19/2025,148.323,0.1,3.4
02/20/2025,148.323,0.1,3.4
02/21/2025,148.323,0.1,3.4
02/22/2025,148.323,0.1,3.4
02/23/2025,148.323,0.1,3.4
02/24/2025,148.323,0.1,3.4
02/25/2025,148.323,0.1,3.4
02/26/2025,148.323,0.1,3.4
02/27/2025,148.323,0.1,3.4
02/28/2025,148.323,0.1,3.4
03/01/2025,148.061,-0.2,3.2
03/02/2025,148.061,-0.2,3.2
03/03/2025,148.061,-0.2,3.2
03/04/2025,148.061,-0.2,3.2
03/05/2025,148.061,-0.2,3.2
03/06/2025,148.061,-0.2,3.2
03/07/2025,148.061,-0.2,3.2
03/08/2025,148.061,-0.2,3.2
03/09/2025,148.061,-0.2,3.2
03/10/2025,148.061,-0.2,3.2
03/11/2025,148.061,-0.2,3.2
03/12/2025,148.061,-0.2,3.2
03/13/2025,148.061,-0.2,3.2
03/14/2025,148.061,-0.2,3.2
03/15/2025,148.061,-0.2,3.2
03/16/2025,148.061,-0.2,3.2
03/17/2025,148.061,-0.2,3.2
03/18/2025,148.061,-0.2,3.2
03/19/2025,148.061,-0.2,3.2
03/20/2025,148.061,-0.2,3.2
03/21/2025,148.061,-0.2,3.2
03/22/2025,148.061,-0.2,3.2
03/23/2025,148.061,-0.2,3.2
03/24/2025,148.061,-0.2,3.2
03/25/2025,148.061,-0.2,3.2
03/26/2025,148.061,-0.2,3.2
03/27/2025,148.061,-0.2,3.2
03/28/2025,148.061,-0.2,3.2
03/29/2025,148.061,-0.2,3.2
03/30/2025,148.061,-0.2,3.2
03/31/2025,148.061,-0.2,3.2
04/01/2025,147.686,-0.3,2.4
04/02/2025,147.686,-0.3,2.4
04/03/2025,147.686,-0.3,2.4
04/04/2025,147.686,-0.3,2.4
04/05/2025,147.686,-0.3,2.4
04/06/2025,147.686,-0.3,2.4
04/07/2025,147.686,-0.3,2.4
04/08/2025,147.686,-0.3,2.4
04/09/2025,147.686,-0.3,2.4
04/10/2025,147.686,-0.3,2.4
04/11/2025,147.686,-0.3,2.4
04/12/2025,147.686,-0.3,2.4
04/13/2025,147.686,-0.3,2.4
04/14/2025,147.686,-0.3,2.4
04/15/2025,147.686,-0.3,2.4
04/16/2025,147.686,-0.3,2.4
04/17/2025,147.686,-0.3,2.4
04/18/2025,147.686,-0.3,2.4
04/19/2025,147.686,-0.3,2.4
04/20/2025,147.686,-0.3,2.4
04/21/2025,147.686,-0.3,2.4
04/22/2025,147.686,-0.3,2.4
04/23/2025,147.686,-0.3,2.4
04/24/2025,147.686,-0.3,2.4
04/25/2025,147.686,-0.3,2.4
04/26/2025,147.686,-0.3,2.4
04/27/2025,147.686,-0.3,2.4
04/28/2025,147.686,-0.3,2.4
04/29/2025,147.686,-0.3,2.4
04/30/2025,147.686,-0.3,2.4
05/01/2025,148.205,0.4,2.7
05/02/2025,148.205,0.4,2.7
05/03/2025,148.205,0.4,2.7
05/04/2025,148.205,0.4,2.7
05/05/2025,148.205,0.4,2.7
05/06/2025,148.205,0.4,2.7
05/07/2025,148.205,0.4,2.7
05/08/2025,148.205,0.4,2.7
05/09/2025,148.205,0.4,2.7
05/10/2025,148.205,0.4,2.7
05/11/2025,148.205,0.4,2.7
05/12/2025,148.205,0.4,2.7
05/13/2025,148.205,0.4,2.7
05/14/2025,148.205,0.4,2.7
05/15/2025,148.205,0.4,2.7
05/16/2025,148.205,0.4,2.7
05/17/2025,148.205,0.4,2.7
05/18/2025,148.205,0.4,2.7
05/19/2025,148.205,0.4,2.7
05/20/2025,148.205,0.4,2.7
05/21/2025,148.205,0.4,2.7
05/22/2025,148.205,0.4,2.7
05/23/2025,148.205,0.4,2.7
05/24/2025,148.205,0.4,2.7
05/25/2025,148.205,0.4,2.7
05/26/2025,148.205,0.4,2.7
05/27/2025,148.205,0.4,2.7
05/28/2025,148.205,0.4,2.7
05/29/2025,148.205,0.4,2.7
05/30/2025,148.205,0.4,2.7
05/31/2025,148.205,0.4,2.7
06/01/2025,148.354,0.1,2.4
06/02/2025,148.354,0.1,2.4
06/03/2025,148.354,0.1,2.4
06/04/2025,148.354,0.1,2.4
06/05/2025,148.354,0.1,2.4
06/06/2025,148.354,0.1,2.4
06/07/2025,148.354,0.1,2.4
06/08/2025,148.354,0.1,2.4
06/09/2025,148.354,0.1,2.4
06/10/2025,148.354,0.1,2.4
06/11/2025,148.354,0.1,2.4
06/12/2025,148.354,0.1,2.4
06/13/2025,148.354,0.1,2.4
06/14/2025,148.354,0.1,2.4
06/15/2025,148.354,0.1,2.4
06/16/2025,148.354,0.1,2.4
06/17/2025,148.354,0.1,2.4
06/18/2025,148.354,0.1,2.4
06/19/2025,148.354,0.1,2.4
06/20/2025,148.354,0.1,2.4
06/21/2025,148.354,0.1,2.4
06/22/2025,148.354,0.1,2.4
06/23/2025,148.354,0.1,2.4
06/24/2025,148.354,0.1,2.4
06/25/2025,148.354,0.1,2.4
06/26/2025,148.354,0.1,2.4
06/27/2025,148.354,0.1,2.4
06/28/2025,148.354,0.1,2.4
06/29/2025,148.354,0.1,2.4
06/30/2025,148.354,0.1,2.4
07/01/2025,149.536,0.8,3.2
07/02/2025,149.536,0.8,3.2
07/03/2025,149.536,0.8,3.2
07/04/2025,149.536,0.8,3.2
07/05/2025,149.536,0.8,3.2
07/06/2025,149.536,0.8,3.2
07/07/2025,149.536,0.8,3.2
07/08/2025,149.536,0.8,3.2
07/09/2025,149.536,0.8,3.2
07/10/2025,149.536,0.8,3.2
07/11/2025,149.536,0.8,3.2
07/12/2025,149.536,0.8,3.2
07/13/2025,149.536,0.8,3.2
07/14/2025,149.536,0.8,3.2
07/15/2025,149.536,0.8,3.2
07/16/2025,149.536,0.8,3.2
07/17/2025,149.536,0.8,3.2
07/18/2025,149.536,0.8,3.2
07/19/2025,149.536,0.8,3.2
07/20/2025,149.536,0.8,3.2
07/21/2025,149.536,0.8,3.2
07/22/2025,149.536,0.8,3.2
07/23/2025,149.536,0.8,3.2
07/24/2025,149.536,0.8,3.2
07/25/2025,149.536,0.8,3.2
07/26/2025,149.536,0.8,3.2
07/27/2025,149.536,0.8,3.2
07/28/2025,149.536,0.8,3.2
07/29/2025,149.536,0.8,3.2
07/30/2025,149.536,0.8,3.2
07/31/2025,149.536,0.8,3.2
08/01/2025,149.259,-0.2,2.7
08/02/2025,149.259,-0.2,2.7
08/03/2025,149.259,-0.2,2.7
08/04/2025,149.259,-0.2,2.7
08/05/2025,149.259,-0.2,2.7
08/06/2025,149.259,-0.2,2.7
08/07/2025,149.259,-0.2,2.7
08/08/2025,149.259,-0.2,2.7
08/09/2025,149.259,-0.2,2.7
08/10/2025,149.259,-0.2,2.7
08/11/2025,149.259,-0.2,2.7
08/12/2025,149.259,-0.2,2.7
08/13/2025,149.259,-0.2,2.7
08/14/2025,149.259,-0.2,2.7
08/15/2025,149.259,-0.2,2.7
08/16/2025,149.259,-0.2,2.7
08/17/2025,149.259,-0.2,2.7
08/18/2025,149.259,-0.2,2.7
08/19/2025,149.259,-0.2,2.7
08/20/2025,149.259,-0.2,2.7
08/21/2025,149.259,-0.2,2.7
08/22/2025,149.259,-0.2,2.7
08/23/2025,149.259,-0.2,2.7
08/24/2025,149.259,-0.2,2.7
08/25/2025,149.259,-0.2,2.7
08/26/2025,149.259,-0.2,2.7
08/27/2025,149.259,-0.2,2.7
08/28/2025,149.259,-0.2,2.7
08/29/2025,149.259,-0.2,2.7
08/30/2025,149.259,-0.2,2.7
08/31/2025,149.259,-0.2,2.7
09/01/2025,150.241,0.7,3.1
09/02/2025,150.241,0.7,3.1
09/03/2025,150.241,0.7,3.1
09/04/2025,150.241,0.7,3.1
09/05/2025,150.241,0.7,3.1
09/06/2025,150.241,0.7,3.1
09/07/2025,150.241,0.7,3.1
09/08/2025,150.241,0.7,3.1
09/09/2025,150.241,0.7,3.1
09/10/2025,150.241,0.7,3.1
09/11/2025,150.241,0.7,3.1
09/12/2025,150.241,0.7,3.1
09/13/2025,150.241,0.7,3.1
09/14/2025,150.241,0.7,3.1
09/15/2025,150.241,0.7,3.1
09/16/2025,150.241,0.7,3.1
09/17/2025,150.241,0.7,3.1
09/18/2025,150.241,0.7,3.1
09/19/2025,150.241,0.7,3.1
09/20/2025,150.241,0.7,3.1
09/21/2025,150.241,0.7,3.1
09/22/2025,150.241,0.7,3.1
09/23/2025,150.241,0.7,3.1
09/24/2025,150.241,0.7,3.1
09/25/2025,150.241,0.7,3.1
09/26/2025,150.241,0.7,3.1
09/27/2025,150.241,0.7,3.1
09/28/2025,150.241,0.7,3.1
09/29/2025,150.241,0.7,3.1
09/30/2025,150.241,0.7,3.1
10/01/2025,150.375,0.1,2.8
10/02/2025,150.375,0.1,2.8
10/03/2025,150.375,0.1,2.8
10/04/2025,150.375,0.1,2.8
10/05/2025,150.375,0.1,2.8
10/06/2025,150.375,0.1,2.8
10/07/2025,150.375,0.1,2.8
10/08/2025,150.375,0.1,2.8
10/09/2025,150.375,0.1,2.8
10/10/2025,150.375,0.1,2.8
10/11/2025,150.375,0.1,2.8
10/12/2025,150.375,0.1,2.8
10/13/2025,150.375,0.1,2.8
10/14/2025,150.375,0.1,2.8
10/15/2025,150.375,0.1,2.8
10/16/2025,150.375,0.1,2.8
10/17/2025,150.375,0.1,2.8
10/18/2025,150.375,0.1,2.8
10/19/2025,150.375,0.1,2.8
10/20/2025,150.375,0.1,2.8
10/21/2025,150.375,0.1,2.8
10/22/2025,150.375,0.1,2.8
10/23/2025,150.375,0.1,2.8
10/24/2025,150.375,0.1,2.8
10/25/2025,150.375,0.1,2.8
10/26/2025,150.375,0.1,2.8
10/27/2025,150.375,0.1,2.8
10/28/2025,150.375,0.1,2.8
10/29/2025,150.375,0.1,2.8
10/30/2025,150.375,0.1,2.8
10/31/2025,150.375,0.1,2.8
11/01/2025,150.733,0.2,3.0
11/02/2025,150.733,0.2,3.0
11/03/2025,150.733,0.2,3.0
11/04/2025,150.733,0.2,3.0
11/05/2025,150.733,0.2,3.0
11/06/2025,150.733,0.2,3.0
11/07/2025,150.733,0.2,3.0
11/08/2025,150.733,0.2,3.0
11/09/2025,150.733,0.2,3.0
11/10/2025,150.733,0.2,3.0
11/11/2025,150.733,0.2,3.0
11/12/2025,150.733,0.2,3.0
11/13/2025,150.733,0.2,3.0
11/14/2025,150.733,0.2,3.0
11/15/2025,150.733,0.2,3.0
11/16/2025,150.733,0.2,3.0
11/17/2025,150.733,0.2,3.0
11/18/2025,150.733,0.2,3.0
11/19/2025,150.733,0.2,3.0
11/20/2025,150.733,0.2,3.0
11/21/2025,150.733,0.2,3.0
11/22/2025,150.733,0.2,3.0
11/23/2025,150.733,0.2,3.0
11/24/2025,150.733,0.2,3.0
11/25/2025,150.733,0.2,3.0
11/26/2025,150.733,0.2,3.0
11/27/2025,150.733,0.2,3.0
11/28/2025,150.733,0.2,3.0
11/29/2025,150.733,0.2,3.0
11/30/2025,150.733,0.2,3.0
12/01/2025,151.472,0.5,3.0
12/02/2025,151.472,0.5,3.0
12/03/2025,151.472,0.5,3.0
12/04/2025,151.472,0.5,3.0
12/05/2025,151.472,0.5,3.0
12/06/2025,151.472,0.5,3.0
12/07/2025,151.472,0.5,3.0
12/08/2025,151.472,0.5,3.0
12/09/2025,151.472,0.5,3.0
12/10/2025,151.472,0.5,3.0
12/11/2025,151.472,0.5,3.0
12/12/2025,151.472,0.5,3.0
12/13/2025,151.472,0.5,3.0
12/14/2025,151.472,0.5,3.0
12/15/2025,151.472,0.5,3.0
12/16/2025,151.472,0.5,3.0
12/17/2025,151.472,0.5,3.0
12/18/2025,151.472,0.5,3.0
12/19/2025,151.472,0.5,3.0
12/20/2025,151.472,0.5,3.0
12/21/2025,151.472,0.5,3.0
12/22/2025,151.472,0.5,3.0
12/23/2025,151.472,0.5,3.0
12/24/2025,151.472,0.5,3.0
12/25/2025,151.472,0.5,3.0
12/26/2025,151.472,0.5,3.0
12/27/2025,151.472,0.5,3.0
12/28/2025,151.472,0.5,3.0
12/29/2025,151.472,0.5,3.0
12/30/2025,151.472,0.5,3.0
12/31/2025,151.472,0.5,3.0
