,Date,RESPPNTEPPNWW
0,2002-12-18,632361
1,2002-12-19,632361
2,2002-12-20,632361
3,2002-12-21,632361
4,2002-12-22,632361
5,2002-12-23,632361
6,2002-12-24,632361
7,2002-12-25,638652
8,2002-12-26,638652
9,2002-12-27,638652
10,2002-12-28,638652
11,2002-12-29,638652
12,2002-12-30,638652
13,2002-12-31,638652
14,2003-01-01,641034
15,2003-01-02,641034
16,2003-01-03,641034
17,2003-01-04,641034
18,2003-01-05,641034
19,2003-01-06,641034
20,2003-01-07,641034
21,2003-01-08,633832
22,2003-01-09,633832
23,2003-01-10,633832
24,2003-01-11,633832
25,2003-01-12,633832
26,2003-01-13,633832
27,2003-01-14,633832
28,2003-01-15,629649
29,2003-01-16,629649
30,2003-01-17,629649
31,2003-01-18,629649
32,2003-01-19,629649
33,2003-01-20,629649
34,2003-01-21,629649
35,2003-01-22,630042
36,2003-01-23,630042
37,2003-01-24,630042
38,2003-01-25,630042
39,2003-01-26,630042
40,2003-01-27,630042
41,2003-01-28,630042
42,2003-01-29,629365
43,2003-01-30,629365
44,2003-01-31,629365
45,2003-02-01,629365
46,2003-02-02,629365
47,2003-02-03,629365
48,2003-02-04,629365
49,2003-02-05,631641
50,2003-02-06,631641
51,2003-02-07,631641
52,2003-02-08,631641
53,2003-02-09,631641
54,2003-02-10,631641
55,2003-02-11,631641
56,2003-02-12,634094
57,2003-02-13,634094
58,2003-02-14,634094
59,2003-02-15,634094
60,2003-02-16,634094
61,2003-02-17,634094
62,2003-02-18,634094
63,2003-02-19,637798
64,2003-02-20,637798
65,2003-02-21,637798
66,2003-02-22,637798
67,2003-02-23,637798
68,2003-02-24,637798
69,2003-02-25,637798
70,2003-02-26,636432
71,2003-02-27,636432
72,2003-02-28,636432
73,2003-03-01,636432
74,2003-03-02,636432
75,2003-03-03,636432
76,2003-03-04,636432
77,2003-03-05,637159
78,2003-03-06,637159
79,2003-03-07,637159
80,2003-03-08,637159
81,2003-03-09,637159
82,2003-03-10,637159
83,2003-03-11,637159
84,2003-03-12,637886
85,2003-03-13,637886
86,2003-03-14,637886
87,2003-03-15,637886
88,2003-03-16,637886
89,2003-03-17,637886
90,2003-03-18,637886
91,2003-03-19,638710
92,2003-03-20,638710
93,2003-03-21,638710
94,2003-03-22,638710
95,2003-03-23,638710
96,2003-03-24,638710
97,2003-03-25,638710
98,2003-03-26,639691
99,2003-03-27,639691
100,2003-03-28,639691
101,2003-03-29,639691
102,2003-03-30,639691
103,2003-03-31,639691
104,2003-04-01,639691
105,2003-04-02,641122
106,2003-04-03,641122
107,2003-04-04,641122
108,2003-04-05,641122
109,2003-04-06,641122
110,2003-04-07,641122
111,2003-04-08,641122
112,2003-04-09,641865
113,2003-04-10,641865
114,2003-04-11,641865
115,2003-04-12,641865
116,2003-04-13,641865
117,2003-04-14,641865
118,2003-04-15,641865
119,2003-04-16,642274
120,2003-04-17,642274
121,2003-04-18,642274
122,2003-04-19,642274
123,2003-04-20,642274
124,2003-04-21,642274
125,2003-04-22,642274
126,2003-04-23,641787
127,2003-04-24,641787
128,2003-04-25,641787
129,2003-04-26,641787
130,2003-04-27,641787
131,2003-04-28,641787
132,2003-04-29,641787
133,2003-04-30,646042
134,2003-05-01,646042
135,2003-05-02,646042
136,2003-05-03,646042
137,2003-05-04,646042
138,2003-05-05,646042
139,2003-05-06,646042
140,2003-05-07,647950
141,2003-05-08,647950
142,2003-05-09,647950
143,2003-05-10,647950
144,2003-05-11,647950
145,2003-05-12,647950
146,2003-05-13,647950
147,2003-05-14,648117
148,2003-05-15,648117
149,2003-05-16,648117
150,2003-05-17,648117
151,2003-05-18,648117
152,2003-05-19,648117
153,2003-05-20,648117
154,2003-05-21,649206
155,2003-05-22,649206
156,2003-05-23,649206
157,2003-05-24,649206
158,2003-05-25,649206
159,2003-05-26,649206
160,2003-05-27,649206
161,2003-05-28,652080
162,2003-05-29,652080
163,2003-05-30,652080
164,2003-05-31,652080
165,2003-06-01,652080
166,2003-06-02,652080
167,2003-06-03,652080
168,2003-06-04,648732
169,2003-06-05,648732
170,2003-06-06,648732
171,2003-06-07,648732
172,2003-06-08,648732
173,2003-06-09,648732
174,2003-06-10,648732
175,2003-06-11,650396
176,2003-06-12,650396
177,2003-06-13,650396
178,2003-06-14,650396
179,2003-06-15,650396
180,2003-06-16,650396
181,2003-06-17,650396
182,2003-06-18,649774
183,2003-06-19,649774
184,2003-06-20,649774
185,2003-06-21,649774
186,2003-06-22,649774
187,2003-06-23,649774
188,2003-06-24,649774
189,2003-06-25,650083
190,2003-06-26,650083
191,2003-06-27,650083
192,2003-06-28,650083
193,2003-06-29,650083
194,2003-06-30,650083
195,2003-07-01,650083
196,2003-07-02,655832
197,2003-07-03,655832
198,2003-07-04,655832
199,2003-07-05,655832
200,2003-07-06,655832
201,2003-07-07,655832
202,2003-07-08,655832
203,2003-07-09,654996
204,2003-07-10,654996
205,2003-07-11,654996
206,2003-07-12,654996
207,2003-07-13,654996
208,2003-07-14,654996
209,2003-07-15,654996
210,2003-07-16,652331
211,2003-07-17,652331
212,2003-07-18,652331
213,2003-07-19,652331
214,2003-07-20,652331
215,2003-07-21,652331
216,2003-07-22,652331
217,2003-07-23,651211
218,2003-07-24,651211
219,2003-07-25,651211
220,2003-07-26,651211
221,2003-07-27,651211
222,2003-07-28,651211
223,2003-07-29,651211
224,2003-07-30,652142
225,2003-07-31,652142
226,2003-08-01,652142
227,2003-08-02,652142
228,2003-08-03,652142
229,2003-08-04,652142
230,2003-08-05,652142
231,2003-08-06,652217
232,2003-08-07,652217
233,2003-08-08,652217
234,2003-08-09,652217
235,2003-08-10,652217
236,2003-08-11,652217
237,2003-08-12,652217
238,2003-08-13,653145
239,2003-08-14,653145
240,2003-08-15,653145
241,2003-08-16,653145
242,2003-08-17,653145
243,2003-08-18,653145
244,2003-08-19,653145
245,2003-08-20,653187
246,2003-08-21,653187
247,2003-08-22,653187
248,2003-08-23,653187
249,2003-08-24,653187
250,2003-08-25,653187
251,2003-08-26,653187
252,2003-08-27,654942
253,2003-08-28,654942
254,2003-08-29,654942
255,2003-08-30,654942
256,2003-08-31,654942
257,2003-09-01,654942
258,2003-09-02,654942
259,2003-09-03,658730
260,2003-09-04,658730
261,2003-09-05,658730
262,2003-09-06,658730
263,2003-09-07,658730
264,2003-09-08,658730
265,2003-09-09,658730
266,2003-09-10,655411
267,2003-09-11,655411
268,2003-09-12,655411
269,2003-09-13,655411
270,2003-09-14,655411
271,2003-09-15,655411
272,2003-09-16,655411
273,2003-09-17,654603
274,2003-09-18,654603
275,2003-09-19,654603
276,2003-09-20,654603
277,2003-09-21,654603
278,2003-09-22,654603
279,2003-09-23,654603
280,2003-09-24,654823
281,2003-09-25,654823
282,2003-09-26,654823
283,2003-09-27,654823
284,2003-09-28,654823
285,2003-09-29,654823
286,2003-09-30,654823
287,2003-10-01,656679
288,2003-10-02,656679
289,2003-10-03,656679
290,2003-10-04,656679
291,2003-10-05,656679
292,2003-10-06,656679
293,2003-10-07,656679
294,2003-10-08,657075
295,2003-10-09,657075
296,2003-10-10,657075
297,2003-10-11,657075
298,2003-10-12,657075
299,2003-10-13,657075
300,2003-10-14,657075
301,2003-10-15,661719
302,2003-10-16,661719
303,2003-10-17,661719
304,2003-10-18,661719
305,2003-10-19,661719
306,2003-10-20,661719
307,2003-10-21,661719
308,2003-10-22,660705
309,2003-10-23,660705
310,2003-10-24,660705
311,2003-10-25,660705
312,2003-10-26,660705
313,2003-10-27,660705
314,2003-10-28,660705
315,2003-10-29,656127
316,2003-10-30,656127
317,2003-10-31,656127
318,2003-11-01,656127
319,2003-11-02,656127
320,2003-11-03,656127
321,2003-11-04,656127
322,2003-11-05,656854
323,2003-11-06,656854
324,2003-11-07,656854
325,2003-11-08,656854
326,2003-11-09,656854
327,2003-11-10,656854
328,2003-11-11,656854
329,2003-11-12,661130
330,2003-11-13,661130
331,2003-11-14,661130
332,2003-11-15,661130
333,2003-11-16,661130
334,2003-11-17,661130
335,2003-11-18,661130
336,2003-11-19,660195
337,2003-11-20,660195
338,2003-11-21,660195
339,2003-11-22,660195
340,2003-11-23,660195
341,2003-11-24,660195
342,2003-11-25,660195
343,2003-11-26,665787
344,2003-11-27,665787
345,2003-11-28,665787
346,2003-11-29,665787
347,2003-11-30,665787
348,2003-12-01,665787
349,2003-12-02,665787
350,2003-12-03,666113
351,2003-12-04,666113
352,2003-12-05,666113
353,2003-12-06,666113
354,2003-12-07,666113
355,2003-12-08,666113
356,2003-12-09,666113
357,2003-12-10,665285
358,2003-12-11,665285
359,2003-12-12,665285
360,2003-12-13,665285
361,2003-12-14,665285
362,2003-12-15,665285
363,2003-12-16,665285
364,2003-12-17,668409
365,2003-12-18,668409
366,2003-12-19,668409
367,2003-12-20,668409
368,2003-12-21,668409
369,2003-12-22,668409
370,2003-12-23,668409
371,2003-12-24,675512
372,2003-12-25,675512
373,2003-12-26,675512
374,2003-12-27,675512
375,2003-12-28,675512
376,2003-12-29,675512
377,2003-12-30,675512
378,2003-12-31,676518
379,2004-01-01,676518
380,2004-01-02,676518
381,2004-01-03,676518
382,2004-01-04,676518
383,2004-01-05,676518
384,2004-01-06,676518
385,2004-01-07,670152
386,2004-01-08,670152
387,2004-01-09,670152
388,2004-01-10,670152
389,2004-01-11,670152
390,2004-01-12,670152
391,2004-01-13,670152
392,2004-01-14,664201
393,2004-01-15,664201
394,2004-01-16,664201
395,2004-01-17,664201
396,2004-01-18,664201
397,2004-01-19,664201
398,2004-01-20,664201
399,2004-01-21,663386
400,2004-01-22,663386
401,2004-01-23,663386
402,2004-01-24,663386
403,2004-01-25,663386
404,2004-01-26,663386
405,2004-01-27,663386
406,2004-01-28,663026
407,2004-01-29,663026
408,2004-01-30,663026
409,2004-01-31,663026
410,2004-02-01,663026
411,2004-02-02,663026
412,2004-02-03,663026
413,2004-02-04,665061
414,2004-02-05,665061
415,2004-02-06,665061
416,2004-02-07,665061
417,2004-02-08,665061
418,2004-02-09,665061
419,2004-02-10,665061
420,2004-02-11,667031
421,2004-02-12,667031
422,2004-02-13,667031
423,2004-02-14,667031
424,2004-02-15,667031
425,2004-02-16,667031
426,2004-02-17,667031
427,2004-02-18,669004
428,2004-02-19,669004
429,2004-02-20,669004
430,2004-02-21,669004
431,2004-02-22,669004
432,2004-02-23,669004
433,2004-02-24,669004
434,2004-02-25,666912
435,2004-02-26,666912
436,2004-02-27,666912
437,2004-02-28,666912
438,2004-02-29,666912
439,2004-03-01,666912
440,2004-03-02,666912
441,2004-03-03,666989
442,2004-03-04,666989
443,2004-03-05,666989
444,2004-03-06,666989
445,2004-03-07,666989
446,2004-03-08,666989
447,2004-03-09,666989
448,2004-03-10,667232
449,2004-03-11,667232
450,2004-03-12,667232
451,2004-03-13,667232
452,2004-03-14,667232
453,2004-03-15,667232
454,2004-03-16,667232
455,2004-03-17,667770
456,2004-03-18,667770
457,2004-03-19,667770
458,2004-03-20,667770
459,2004-03-21,667770
460,2004-03-22,667770
461,2004-03-23,667770
462,2004-03-24,667207
463,2004-03-25,667207
464,2004-03-26,667207
465,2004-03-27,667207
466,2004-03-28,667207
467,2004-03-29,667207
468,2004-03-30,667207
469,2004-03-31,668333
470,2004-04-01,668333
471,2004-04-02,668333
472,2004-04-03,668333
473,2004-04-04,668333
474,2004-04-05,668333
475,2004-04-06,668333
476,2004-04-07,670538
477,2004-04-08,670538
478,2004-04-09,670538
479,2004-04-10,670538
480,2004-04-11,670538
481,2004-04-12,670538
482,2004-04-13,670538
483,2004-04-14,671023
484,2004-04-15,671023
485,2004-04-16,671023
486,2004-04-17,671023
487,2004-04-18,671023
488,2004-04-19,671023
489,2004-04-20,671023
490,2004-04-21,669285
491,2004-04-22,669285
492,2004-04-23,669285
493,2004-04-24,669285
494,2004-04-25,669285
495,2004-04-26,669285
496,2004-04-27,669285
497,2004-04-28,670753
498,2004-04-29,670753
499,2004-04-30,670753
500,2004-05-01,670753
501,2004-05-02,670753
502,2004-05-03,670753
503,2004-05-04,670753
504,2004-05-05,672383
505,2004-05-06,672383
506,2004-05-07,672383
507,2004-05-08,672383
508,2004-05-09,672383
509,2004-05-10,672383
510,2004-05-11,672383
511,2004-05-12,672820
512,2004-05-13,672820
513,2004-05-14,672820
514,2004-05-15,672820
515,2004-05-16,672820
516,2004-05-17,672820
517,2004-05-18,672820
518,2004-05-19,673386
519,2004-05-20,673386
520,2004-05-21,673386
521,2004-05-22,673386
522,2004-05-23,673386
523,2004-05-24,673386
524,2004-05-25,673386
525,2004-05-26,675804
526,2004-05-27,675804
527,2004-05-28,675804
528,2004-05-29,675804
529,2004-05-30,675804
530,2004-05-31,675804
531,2004-06-01,675804
532,2004-06-02,680110
533,2004-06-03,680110
534,2004-06-04,680110
535,2004-06-05,680110
536,2004-06-06,680110
537,2004-06-07,680110
538,2004-06-08,680110
539,2004-06-09,678691
540,2004-06-10,678691
541,2004-06-11,678691
542,2004-06-12,678691
543,2004-06-13,678691
544,2004-06-14,678691
545,2004-06-15,678691
546,2004-06-16,677373
547,2004-06-17,677373
548,2004-06-18,677373
549,2004-06-19,677373
550,2004-06-20,677373
551,2004-06-21,677373
552,2004-06-22,677373
553,2004-06-23,679767
554,2004-06-24,679767
555,2004-06-25,679767
556,2004-06-26,679767
557,2004-06-27,679767
558,2004-06-28,679767
559,2004-06-29,679767
560,2004-06-30,684946
561,2004-07-01,684946
562,2004-07-02,684946
563,2004-07-03,684946
564,2004-07-04,684946
565,2004-07-05,684946
566,2004-07-06,684946
567,2004-07-07,689919
568,2004-07-08,689919
569,2004-07-09,689919
570,2004-07-10,689919
571,2004-07-11,689919
572,2004-07-12,689919
573,2004-07-13,689919
574,2004-07-14,687886
575,2004-07-15,687886
576,2004-07-16,687886
577,2004-07-17,687886
578,2004-07-18,687886
579,2004-07-19,687886
580,2004-07-20,687886
581,2004-07-21,685928
582,2004-07-22,685928
583,2004-07-23,685928
584,2004-07-24,685928
585,2004-07-25,685928
586,2004-07-26,685928
587,2004-07-27,685928
588,2004-07-28,686072
589,2004-07-29,686072
590,2004-07-30,686072
591,2004-07-31,686072
592,2004-08-01,686072
593,2004-08-02,686072
594,2004-08-03,686072
595,2004-08-04,687643
596,2004-08-05,687643
597,2004-08-06,687643
598,2004-08-07,687643
599,2004-08-08,687643
600,2004-08-09,687643
601,2004-08-10,687643
602,2004-08-11,687969
603,2004-08-12,687969
604,2004-08-13,687969
605,2004-08-14,687969
606,2004-08-15,687969
607,2004-08-16,687969
608,2004-08-17,687969
609,2004-08-18,687673
610,2004-08-19,687673
611,2004-08-20,687673
612,2004-08-21,687673
613,2004-08-22,687673
614,2004-08-23,687673
615,2004-08-24,687673
616,2004-08-25,687182
617,2004-08-26,687182
618,2004-08-27,687182
619,2004-08-28,687182
620,2004-08-29,687182
621,2004-08-30,687182
622,2004-08-31,687182
623,2004-09-01,689838
624,2004-09-02,689838
625,2004-09-03,689838
626,2004-09-04,689838
627,2004-09-05,689838
628,2004-09-06,689838
629,2004-09-07,689838
630,2004-09-08,694158
631,2004-09-09,694158
632,2004-09-10,694158
633,2004-09-11,694158
634,2004-09-12,694158
635,2004-09-13,694158
636,2004-09-14,694158
637,2004-09-15,691178
638,2004-09-16,691178
639,2004-09-17,691178
640,2004-09-18,691178
641,2004-09-19,691178
642,2004-09-20,691178
643,2004-09-21,691178
644,2004-09-22,689520
645,2004-09-23,689520
646,2004-09-24,689520
647,2004-09-25,689520
648,2004-09-26,689520
649,2004-09-27,689520
650,2004-09-28,689520
651,2004-09-29,690212
652,2004-09-30,690212
653,2004-10-01,690212
654,2004-10-02,690212
655,2004-10-03,690212
656,2004-10-04,690212
657,2004-10-05,690212
658,2004-10-06,692356
659,2004-10-07,692356
660,2004-10-08,692356
661,2004-10-09,692356
662,2004-10-10,692356
663,2004-10-11,692356
664,2004-10-12,692356
665,2004-10-13,694907
666,2004-10-14,694907
667,2004-10-15,694907
668,2004-10-16,694907
669,2004-10-17,694907
670,2004-10-18,694907
671,2004-10-19,694907
672,2004-10-20,693480
673,2004-10-21,693480
674,2004-10-22,693480
675,2004-10-23,693480
676,2004-10-24,693480
677,2004-10-25,693480
678,2004-10-26,693480
679,2004-10-27,693912
680,2004-10-28,693912
681,2004-10-29,693912
682,2004-10-30,693912
683,2004-10-31,693912
684,2004-11-01,693912
685,2004-11-02,693912
686,2004-11-03,696373
687,2004-11-04,696373
688,2004-11-05,696373
689,2004-11-06,696373
690,2004-11-07,696373
691,2004-11-08,696373
692,2004-11-09,696373
693,2004-11-10,700985
694,2004-11-11,700985
695,2004-11-12,700985
696,2004-11-13,700985
697,2004-11-14,700985
698,2004-11-15,700985
699,2004-11-16,700985
700,2004-11-17,700297
701,2004-11-18,700297
702,2004-11-19,700297
703,2004-11-20,700297
704,2004-11-21,700297
705,2004-11-22,700297
706,2004-11-23,700297
707,2004-11-24,705657
708,2004-11-25,705657
709,2004-11-26,705657
710,2004-11-27,705657
711,2004-11-28,705657
712,2004-11-29,705657
713,2004-11-30,705657
714,2004-12-01,704988
715,2004-12-02,704988
716,2004-12-03,704988
717,2004-12-04,704988
718,2004-12-05,704988
719,2004-12-06,704988
720,2004-12-07,704988
721,2004-12-08,703928
722,2004-12-09,703928
723,2004-12-10,703928
724,2004-12-11,703928
725,2004-12-12,703928
726,2004-12-13,703928
727,2004-12-14,703928
728,2004-12-15,704272
729,2004-12-16,704272
730,2004-12-17,704272
731,2004-12-18,704272
732,2004-12-19,704272
733,2004-12-20,704272
734,2004-12-21,704272
735,2004-12-22,708678
736,2004-12-23,708678
737,2004-12-24,708678
738,2004-12-25,708678
739,2004-12-26,708678
740,2004-12-27,708678
741,2004-12-28,708678
742,2004-12-29,709664
743,2004-12-30,709664
744,2004-12-31,709664
745,2005-01-01,709664
746,2005-01-02,709664
747,2005-01-03,709664
748,2005-01-04,709664
749,2005-01-05,705241
750,2005-01-06,705241
751,2005-01-07,705241
752,2005-01-08,705241
753,2005-01-09,705241
754,2005-01-10,705241
755,2005-01-11,705241
756,2005-01-12,700611
757,2005-01-13,700611
758,2005-01-14,700611
759,2005-01-15,700611
760,2005-01-16,700611
761,2005-01-17,700611
762,2005-01-18,700611
763,2005-01-19,700224
764,2005-01-20,700224
765,2005-01-21,700224
766,2005-01-22,700224
767,2005-01-23,700224
768,2005-01-24,700224
769,2005-01-25,700224
770,2005-01-26,698751
771,2005-01-27,698751
772,2005-01-28,698751
773,2005-01-29,698751
774,2005-01-30,698751
775,2005-01-31,698751
776,2005-02-01,698751
777,2005-02-02,701011
778,2005-02-03,701011
779,2005-02-04,701011
780,2005-02-05,701011
781,2005-02-06,701011
782,2005-02-07,701011
783,2005-02-08,701011
784,2005-02-09,703723
785,2005-02-10,703723
786,2005-02-11,703723
787,2005-02-12,703723
788,2005-02-13,703723
789,2005-02-14,703723
790,2005-02-15,703723
791,2005-02-16,704127
792,2005-02-17,704127
793,2005-02-18,704127
794,2005-02-19,704127
795,2005-02-20,704127
796,2005-02-21,704127
797,2005-02-22,704127
798,2005-02-23,705133
799,2005-02-24,705133
800,2005-02-25,705133
801,2005-02-26,705133
802,2005-02-27,705133
803,2005-02-28,705133
804,2005-03-01,705133
805,2005-03-02,703915
806,2005-03-03,703915
807,2005-03-04,703915
808,2005-03-05,703915
809,2005-03-06,703915
810,2005-03-07,703915
811,2005-03-08,703915
812,2005-03-09,704169
813,2005-03-10,704169
814,2005-03-11,704169
815,2005-03-12,704169
816,2005-03-13,704169
817,2005-03-14,704169
818,2005-03-15,704169
819,2005-03-16,704546
820,2005-03-17,704546
821,2005-03-18,704546
822,2005-03-19,704546
823,2005-03-20,704546
824,2005-03-21,704546
825,2005-03-22,704546
826,2005-03-23,704334
827,2005-03-24,704334
828,2005-03-25,704334
829,2005-03-26,704334
830,2005-03-27,704334
831,2005-03-28,704334
832,2005-03-29,704334
833,2005-03-30,706451
834,2005-03-31,706451
835,2005-04-01,706451
836,2005-04-02,706451
837,2005-04-03,706451
838,2005-04-04,706451
839,2005-04-05,706451
840,2005-04-06,707087
841,2005-04-07,707087
842,2005-04-08,707087
843,2005-04-09,707087
844,2005-04-10,707087
845,2005-04-11,707087
846,2005-04-12,707087
847,2005-04-13,706247
848,2005-04-14,706247
849,2005-04-15,706247
850,2005-04-16,706247
851,2005-04-17,706247
852,2005-04-18,706247
853,2005-04-19,706247
854,2005-04-20,705297
855,2005-04-21,705297
856,2005-04-22,705297
857,2005-04-23,705297
858,2005-04-24,705297
859,2005-04-25,705297
860,2005-04-26,705297
861,2005-04-27,705579
862,2005-04-28,705579
863,2005-04-29,705579
864,2005-04-30,705579
865,2005-05-01,705579
866,2005-05-02,705579
867,2005-05-03,705579
868,2005-05-04,706500
869,2005-05-05,706500
870,2005-05-06,706500
871,2005-05-07,706500
872,2005-05-08,706500
873,2005-05-09,706500
874,2005-05-10,706500
875,2005-05-11,707087
876,2005-05-12,707087
877,2005-05-13,707087
878,2005-05-14,707087
879,2005-05-15,707087
880,2005-05-16,707087
881,2005-05-17,707087
882,2005-05-18,706037
883,2005-05-19,706037
884,2005-05-20,706037
885,2005-05-21,706037
886,2005-05-22,706037
887,2005-05-23,706037
888,2005-05-24,706037
889,2005-05-25,708507
890,2005-05-26,708507
891,2005-05-27,708507
892,2005-05-28,708507
893,2005-05-29,708507
894,2005-05-30,708507
895,2005-05-31,708507
896,2005-06-01,713228
897,2005-06-02,713228
898,2005-06-03,713228
899,2005-06-04,713228
900,2005-06-05,713228
901,2005-06-06,713228
902,2005-06-07,713228
903,2005-06-08,712463
904,2005-06-09,712463
905,2005-06-10,712463
906,2005-06-11,712463
907,2005-06-12,712463
908,2005-06-13,712463
909,2005-06-14,712463
910,2005-06-15,711343
911,2005-06-16,711343
912,2005-06-17,711343
913,2005-06-18,711343
914,2005-06-19,711343
915,2005-06-20,711343
916,2005-06-21,711343
917,2005-06-22,711091
918,2005-06-23,711091
919,2005-06-24,711091
920,2005-06-25,711091
921,2005-06-26,711091
922,2005-06-27,711091
923,2005-06-28,711091
924,2005-06-29,714403
925,2005-06-30,714403
926,2005-07-01,714403
927,2005-07-02,714403
928,2005-07-03,714403
929,2005-07-04,714403
930,2005-07-05,714403
931,2005-07-06,719280
932,2005-07-07,719280
933,2005-07-08,719280
934,2005-07-09,719280
935,2005-07-10,719280
936,2005-07-11,719280
937,2005-07-12,719280
938,2005-07-13,716455
939,2005-07-14,716455
940,2005-07-15,716455
941,2005-07-16,716455
942,2005-07-17,716455
943,2005-07-18,716455
944,2005-07-19,716455
945,2005-07-20,713577
946,2005-07-21,713577
947,2005-07-22,713577
948,2005-07-23,713577
949,2005-07-24,713577
950,2005-07-25,713577
951,2005-07-26,713577
952,2005-07-27,714021
953,2005-07-28,714021
954,2005-07-29,714021
955,2005-07-30,714021
956,2005-07-31,714021
957,2005-08-01,714021
958,2005-08-02,714021
959,2005-08-03,716364
960,2005-08-04,716364
961,2005-08-05,716364
962,2005-08-06,716364
963,2005-08-07,716364
964,2005-08-08,716364
965,2005-08-09,716364
966,2005-08-10,716785
967,2005-08-11,716785
968,2005-08-12,716785
969,2005-08-13,716785
970,2005-08-14,716785
971,2005-08-15,716785
972,2005-08-16,716785
973,2005-08-17,715904
974,2005-08-18,715904
975,2005-08-19,715904
976,2005-08-20,715904
977,2005-08-21,715904
978,2005-08-22,715904
979,2005-08-23,715904
980,2005-08-24,714693
981,2005-08-25,714693
982,2005-08-26,714693
983,2005-08-27,714693
984,2005-08-28,714693
985,2005-08-29,714693
986,2005-08-30,714693
987,2005-08-31,716974
988,2005-09-01,716974
989,2005-09-02,716974
990,2005-09-03,716974
991,2005-09-04,716974
992,2005-09-05,716974
993,2005-09-06,716974
994,2005-09-07,721965
995,2005-09-08,721965
996,2005-09-09,721965
997,2005-09-10,721965
998,2005-09-11,721965
999,2005-09-12,721965
1000,2005-09-13,721965
1001,2005-09-14,720267
1002,2005-09-15,720267
1003,2005-09-16,720267
1004,2005-09-17,720267
1005,2005-09-18,720267
1006,2005-09-19,720267
1007,2005-09-20,720267
1008,2005-09-21,718657
1009,2005-09-22,718657
1010,2005-09-23,718657
1011,2005-09-24,718657
1012,2005-09-25,718657
1013,2005-09-26,718657
1014,2005-09-27,718657
1015,2005-09-28,719334
1016,2005-09-29,719334
1017,2005-09-30,719334
1018,2005-10-01,719334
1019,2005-10-02,719334
1020,2005-10-03,719334
1021,2005-10-04,719334
1022,2005-10-05,720595
1023,2005-10-06,720595
1024,2005-10-07,720595
1025,2005-10-08,720595
1026,2005-10-09,720595
1027,2005-10-10,720595
1028,2005-10-11,720595
1029,2005-10-12,722814
1030,2005-10-13,722814
1031,2005-10-14,722814
1032,2005-10-15,722814
1033,2005-10-16,722814
1034,2005-10-17,722814
1035,2005-10-18,722814
1036,2005-10-19,720434
1037,2005-10-20,720434
1038,2005-10-21,720434
1039,2005-10-22,720434
1040,2005-10-23,720434
1041,2005-10-24,720434
1042,2005-10-25,720434
1043,2005-10-26,720394
1044,2005-10-27,720394
1045,2005-10-28,720394
1046,2005-10-29,720394
1047,2005-10-30,720394
1048,2005-10-31,720394
1049,2005-11-01,720394
1050,2005-11-02,721286
1051,2005-11-03,721286
1052,2005-11-04,721286
1053,2005-11-05,721286
1054,2005-11-06,721286
1055,2005-11-07,721286
1056,2005-11-08,721286
1057,2005-11-09,726374
1058,2005-11-10,726374
1059,2005-11-11,726374
1060,2005-11-12,726374
1061,2005-11-13,726374
1062,2005-11-14,726374
1063,2005-11-15,726374
1064,2005-11-16,728054
1065,2005-11-17,728054
1066,2005-11-18,728054
1067,2005-11-19,728054
1068,2005-11-20,728054
1069,2005-11-21,728054
1070,2005-11-22,728054
1071,2005-11-23,732345
1072,2005-11-24,732345
1073,2005-11-25,732345
1074,2005-11-26,732345
1075,2005-11-27,732345
1076,2005-11-28,732345
1077,2005-11-29,732345
1078,2005-11-30,731330
1079,2005-12-01,731330
1080,2005-12-02,731330
1081,2005-12-03,731330
1082,2005-12-04,731330
1083,2005-12-05,731330
1084,2005-12-06,731330
1085,2005-12-07,730259
1086,2005-12-08,730259
1087,2005-12-09,730259
1088,2005-12-10,730259
1089,2005-12-11,730259
1090,2005-12-12,730259
1091,2005-12-13,730259
1092,2005-12-14,733334
1093,2005-12-15,733334
1094,2005-12-16,733334
1095,2005-12-17,733334
1096,2005-12-18,733334
1097,2005-12-19,733334
1098,2005-12-20,733334
1099,2005-12-21,739732
1100,2005-12-22,739732
1101,2005-12-23,739732
1102,2005-12-24,739732
1103,2005-12-25,739732
1104,2005-12-26,739732
1105,2005-12-27,739732
1106,2005-12-28,746009
1107,2005-12-29,746009
1108,2005-12-30,746009
1109,2005-12-31,746009
1110,2006-01-01,746009
1111,2006-01-02,746009
1112,2006-01-03,746009
1113,2006-01-04,743295
1114,2006-01-05,743295
1115,2006-01-06,743295
1116,2006-01-07,743295
1117,2006-01-08,743295
1118,2006-01-09,743295
1119,2006-01-10,743295
1120,2006-01-11,736180
1121,2006-01-12,736180
1122,2006-01-13,736180
1123,2006-01-14,736180
1124,2006-01-15,736180
1125,2006-01-16,736180
1126,2006-01-17,736180
1127,2006-01-18,735933
1128,2006-01-19,735933
1129,2006-01-20,735933
1130,2006-01-21,735933
1131,2006-01-22,735933
1132,2006-01-23,735933
1133,2006-01-24,735933
1134,2006-01-25,733214
1135,2006-01-26,733214
1136,2006-01-27,733214
1137,2006-01-28,733214
1138,2006-01-29,733214
1139,2006-01-30,733214
1140,2006-01-31,733214
1141,2006-02-01,734938
1142,2006-02-02,734938
1143,2006-02-03,734938
1144,2006-02-04,734938
1145,2006-02-05,734938
1146,2006-02-06,734938
1147,2006-02-07,734938
1148,2006-02-08,737768
1149,2006-02-09,737768
1150,2006-02-10,737768
1151,2006-02-11,737768
1152,2006-02-12,737768
1153,2006-02-13,737768
1154,2006-02-14,737768
1155,2006-02-15,739018
1156,2006-02-16,739018
1157,2006-02-17,739018
1158,2006-02-18,739018
1159,2006-02-19,739018
1160,2006-02-20,739018
1161,2006-02-21,739018
1162,2006-02-22,740085
1163,2006-02-23,740085
1164,2006-02-24,740085
1165,2006-02-25,740085
1166,2006-02-26,740085
1167,2006-02-27,740085
1168,2006-02-28,740085
1169,2006-03-01,739789
1170,2006-03-02,739789
1171,2006-03-03,739789
1172,2006-03-04,739789
1173,2006-03-05,739789
1174,2006-03-06,739789
1175,2006-03-07,739789
1176,2006-03-08,740548
1177,2006-03-09,740548
1178,2006-03-10,740548
1179,2006-03-11,740548
1180,2006-03-12,740548
1181,2006-03-13,740548
1182,2006-03-14,740548
1183,2006-03-15,740646
1184,2006-03-16,740646
1185,2006-03-17,740646
1186,2006-03-18,740646
1187,2006-03-19,740646
1188,2006-03-20,740646
1189,2006-03-21,740646
1190,2006-03-22,739665
1191,2006-03-23,739665
1192,2006-03-24,739665
1193,2006-03-25,739665
1194,2006-03-26,739665
1195,2006-03-27,739665
1196,2006-03-28,739665
1197,2006-03-29,739888
1198,2006-03-30,739888
1199,2006-03-31,739888
1200,2006-04-01,739888
1201,2006-04-02,739888
1202,2006-04-03,739888
1203,2006-04-04,739888
1204,2006-04-05,741328
1205,2006-04-06,741328
1206,2006-04-07,741328
1207,2006-04-08,741328
1208,2006-04-09,741328
1209,2006-04-10,741328
1210,2006-04-11,741328
1211,2006-04-12,742395
1212,2006-04-13,742395
1213,2006-04-14,742395
1214,2006-04-15,742395
1215,2006-04-16,742395
1216,2006-04-17,742395
1217,2006-04-18,742395
1218,2006-04-19,742037
1219,2006-04-20,742037
1220,2006-04-21,742037
1221,2006-04-22,742037
1222,2006-04-23,742037
1223,2006-04-24,742037
1224,2006-04-25,742037
1225,2006-04-26,741919
1226,2006-04-27,741919
1227,2006-04-28,741919
1228,2006-04-29,741919
1229,2006-04-30,741919
1230,2006-05-01,741919
1231,2006-05-02,741919
1232,2006-05-03,743978
1233,2006-05-04,743978
1234,2006-05-05,743978
1235,2006-05-06,743978
1236,2006-05-07,743978
1237,2006-05-08,743978
1238,2006-05-09,743978
1239,2006-05-10,745229
1240,2006-05-11,745229
1241,2006-05-12,745229
1242,2006-05-13,745229
1243,2006-05-14,745229
1244,2006-05-15,745229
1245,2006-05-16,745229
1246,2006-05-17,744732
1247,2006-05-18,744732
1248,2006-05-19,744732
1249,2006-05-20,744732
1250,2006-05-21,744732
1251,2006-05-22,744732
1252,2006-05-23,744732
1253,2006-05-24,746043
1254,2006-05-25,746043
1255,2006-05-26,746043
1256,2006-05-27,746043
1257,2006-05-28,746043
1258,2006-05-29,746043
1259,2006-05-30,746043
1260,2006-05-31,748793
1261,2006-06-01,748793
1262,2006-06-02,748793
1263,2006-06-03,748793
1264,2006-06-04,748793
1265,2006-06-05,748793
1266,2006-06-06,748793
1267,2006-06-07,746677
1268,2006-06-08,746677
1269,2006-06-09,746677
1270,2006-06-10,746677
1271,2006-06-11,746677
1272,2006-06-12,746677
1273,2006-06-13,746677
1274,2006-06-14,744866
1275,2006-06-15,744866
1276,2006-06-16,744866
1277,2006-06-17,744866
1278,2006-06-18,744866
1279,2006-06-19,744866
1280,2006-06-20,744866
1281,2006-06-21,743699
1282,2006-06-22,743699
1283,2006-06-23,743699
1284,2006-06-24,743699
1285,2006-06-25,743699
1286,2006-06-26,743699
1287,2006-06-27,743699
1288,2006-06-28,745084
1289,2006-06-29,745084
1290,2006-06-30,745084
1291,2006-07-01,745084
1292,2006-07-02,745084
1293,2006-07-03,745084
1294,2006-07-04,745084
1295,2006-07-05,750295
1296,2006-07-06,750295
1297,2006-07-07,750295
1298,2006-07-08,750295
1299,2006-07-09,750295
1300,2006-07-10,750295
1301,2006-07-11,750295
1302,2006-07-12,747415
1303,2006-07-13,747415
1304,2006-07-14,747415
1305,2006-07-15,747415
1306,2006-07-16,747415
1307,2006-07-17,747415
1308,2006-07-18,747415
1309,2006-07-19,744204
1310,2006-07-20,744204
1311,2006-07-21,744204
1312,2006-07-22,744204
1313,2006-07-23,744204
1314,2006-07-24,744204
1315,2006-07-25,744204
1316,2006-07-26,743402
1317,2006-07-27,743402
1318,2006-07-28,743402
1319,2006-07-29,743402
1320,2006-07-30,743402
1321,2006-07-31,743402
1322,2006-08-01,743402
1323,2006-08-02,744180
1324,2006-08-03,744180
1325,2006-08-04,744180
1326,2006-08-05,744180
1327,2006-08-06,744180
1328,2006-08-07,744180
1329,2006-08-08,744180
1330,2006-08-09,745486
1331,2006-08-10,745486
1332,2006-08-11,745486
1333,2006-08-12,745486
1334,2006-08-13,745486
1335,2006-08-14,745486
1336,2006-08-15,745486
1337,2006-08-16,745091
1338,2006-08-17,745091
1339,2006-08-18,745091
1340,2006-08-19,745091
1341,2006-08-20,745091
1342,2006-08-21,745091
1343,2006-08-22,745091
1344,2006-08-23,743532
1345,2006-08-24,743532
1346,2006-08-25,743532
1347,2006-08-26,743532
1348,2006-08-27,743532
1349,2006-08-28,743532
1350,2006-08-29,743532
1351,2006-08-30,746769
1352,2006-08-31,746769
1353,2006-09-01,746769
1354,2006-09-02,746769
1355,2006-09-03,746769
1356,2006-09-04,746769
1357,2006-09-05,746769
1358,2006-09-06,748960
1359,2006-09-07,748960
1360,2006-09-08,748960
1361,2006-09-09,748960
1362,2006-09-10,748960
1363,2006-09-11,748960
1364,2006-09-12,748960
1365,2006-09-13,745305
1366,2006-09-14,745305
1367,2006-09-15,745305
1368,2006-09-16,745305
1369,2006-09-17,745305
1370,2006-09-18,745305
1371,2006-09-19,745305
1372,2006-09-20,742433
1373,2006-09-21,742433
1374,2006-09-22,742433
1375,2006-09-23,742433
1376,2006-09-24,742433
1377,2006-09-25,742433
1378,2006-09-26,742433
1379,2006-09-27,741905
1380,2006-09-28,741905
1381,2006-09-29,741905
1382,2006-09-30,741905
1383,2006-10-01,741905
1384,2006-10-02,741905
1385,2006-10-03,741905
1386,2006-10-04,743856
1387,2006-10-05,743856
1388,2006-10-06,743856
1389,2006-10-07,743856
1390,2006-10-08,743856
1391,2006-10-09,743856
1392,2006-10-10,743856
1393,2006-10-11,746124
1394,2006-10-12,746124
1395,2006-10-13,746124
1396,2006-10-14,746124
1397,2006-10-15,746124
1398,2006-10-16,746124
1399,2006-10-17,746124
1400,2006-10-18,745508
1401,2006-10-19,745508
1402,2006-10-20,745508
1403,2006-10-21,745508
1404,2006-10-22,745508
1405,2006-10-23,745508
1406,2006-10-24,745508
1407,2006-10-25,745233
1408,2006-10-26,745233
1409,2006-10-27,745233
1410,2006-10-28,745233
1411,2006-10-29,745233
1412,2006-10-30,745233
1413,2006-10-31,745233
1414,2006-11-01,746852
1415,2006-11-02,746852
1416,2006-11-03,746852
1417,2006-11-04,746852
1418,2006-11-05,746852
1419,2006-11-06,746852
1420,2006-11-07,746852
1421,2006-11-08,749946
1422,2006-11-09,749946
1423,2006-11-10,749946
1424,2006-11-11,749946
1425,2006-11-12,749946
1426,2006-11-13,749946
1427,2006-11-14,749946
1428,2006-11-15,751719
1429,2006-11-16,751719
1430,2006-11-17,751719
1431,2006-11-18,751719
1432,2006-11-19,751719
1433,2006-11-20,751719
1434,2006-11-21,751719
1435,2006-11-22,757397
1436,2006-11-23,757397
1437,2006-11-24,757397
1438,2006-11-25,757397
1439,2006-11-26,757397
1440,2006-11-27,757397
1441,2006-11-28,757397
1442,2006-11-29,757830
1443,2006-11-30,757830
1444,2006-12-01,757830
1445,2006-12-02,757830
1446,2006-12-03,757830
1447,2006-12-04,757830
1448,2006-12-05,757830
1449,2006-12-06,756420
1450,2006-12-07,756420
1451,2006-12-08,756420
1452,2006-12-09,756420
1453,2006-12-10,756420
1454,2006-12-11,756420
1455,2006-12-12,756420
1456,2006-12-13,758058
1457,2006-12-14,758058
1458,2006-12-15,758058
1459,2006-12-16,758058
1460,2006-12-17,758058
1461,2006-12-18,758058
1462,2006-12-19,758058
1463,2006-12-20,762672
1464,2006-12-21,762672
1465,2006-12-22,762672
1466,2006-12-23,762672
1467,2006-12-24,762672
1468,2006-12-25,762672
1469,2006-12-26,762672
1470,2006-12-27,769496
1471,2006-12-28,769496
1472,2006-12-29,769496
1473,2006-12-30,769496
1474,2006-12-31,769496
1475,2007-01-01,769496
1476,2007-01-02,769496
1477,2007-01-03,768111
1478,2007-01-04,768111
1479,2007-01-05,768111
1480,2007-01-06,768111
1481,2007-01-07,768111
1482,2007-01-08,768111
1483,2007-01-09,768111
1484,2007-01-10,759709
1485,2007-01-11,759709
1486,2007-01-12,759709
1487,2007-01-13,759709
1488,2007-01-14,759709
1489,2007-01-15,759709
1490,2007-01-16,759709
1491,2007-01-17,756421
1492,2007-01-18,756421
1493,2007-01-19,756421
1494,2007-01-20,756421
1495,2007-01-21,756421
1496,2007-01-22,756421
1497,2007-01-23,756421
1498,2007-01-24,752601
1499,2007-01-25,752601
1500,2007-01-26,752601
1501,2007-01-27,752601
1502,2007-01-28,752601
1503,2007-01-29,752601
1504,2007-01-30,752601
1505,2007-01-31,752349
1506,2007-02-01,752349
1507,2007-02-02,752349
1508,2007-02-03,752349
1509,2007-02-04,752349
1510,2007-02-05,752349
1511,2007-02-06,752349
1512,2007-02-07,754680
1513,2007-02-08,754680
1514,2007-02-09,754680
1515,2007-02-10,754680
1516,2007-02-11,754680
1517,2007-02-12,754680
1518,2007-02-13,754680
1519,2007-02-14,756718
1520,2007-02-15,756718
1521,2007-02-16,756718
1522,2007-02-17,756718
1523,2007-02-18,756718
1524,2007-02-19,756718
1525,2007-02-20,756718
1526,2007-02-21,758001
1527,2007-02-22,758001
1528,2007-02-23,758001
1529,2007-02-24,758001
1530,2007-02-25,758001
1531,2007-02-26,758001
1532,2007-02-27,758001
1533,2007-02-28,757721
1534,2007-03-01,757721
1535,2007-03-02,757721
1536,2007-03-03,757721
1537,2007-03-04,757721
1538,2007-03-05,757721
1539,2007-03-06,757721
1540,2007-03-07,757618
1541,2007-03-08,757618
1542,2007-03-09,757618
1543,2007-03-10,757618
1544,2007-03-11,757618
1545,2007-03-12,757618
1546,2007-03-13,757618
1547,2007-03-14,757509
1548,2007-03-15,757509
1549,2007-03-16,757509
1550,2007-03-17,757509
1551,2007-03-18,757509
1552,2007-03-19,757509
1553,2007-03-20,757509
1554,2007-03-21,756815
1555,2007-03-22,756815
1556,2007-03-23,756815
1557,2007-03-24,756815
1558,2007-03-25,756815
1559,2007-03-26,756815
1560,2007-03-27,756815
1561,2007-03-28,757001
1562,2007-03-29,757001
1563,2007-03-30,757001
1564,2007-03-31,757001
1565,2007-04-01,757001
1566,2007-04-02,757001
1567,2007-04-03,757001
1568,2007-04-04,758543
1569,2007-04-05,758543
1570,2007-04-06,758543
1571,2007-04-07,758543
1572,2007-04-08,758543
1573,2007-04-09,758543
1574,2007-04-10,758543
1575,2007-04-11,759780
1576,2007-04-12,759780
1577,2007-04-13,759780
1578,2007-04-14,759780
1579,2007-04-15,759780
1580,2007-04-16,759780
1581,2007-04-17,759780
1582,2007-04-18,758658
1583,2007-04-19,758658
1584,2007-04-20,758658
1585,2007-04-21,758658
1586,2007-04-22,758658
1587,2007-04-23,758658
1588,2007-04-24,758658
1589,2007-04-25,758194
1590,2007-04-26,758194
1591,2007-04-27,758194
1592,2007-04-28,758194
1593,2007-04-29,758194
1594,2007-04-30,758194
1595,2007-05-01,758194
1596,2007-05-02,758926
1597,2007-05-03,758926
1598,2007-05-04,758926
1599,2007-05-05,758926
1600,2007-05-06,758926
1601,2007-05-07,758926
1602,2007-05-08,758926
1603,2007-05-09,760043
1604,2007-05-10,760043
1605,2007-05-11,760043
1606,2007-05-12,760043
1607,2007-05-13,760043
1608,2007-05-14,760043
1609,2007-05-15,760043
1610,2007-05-16,759686
1611,2007-05-17,759686
1612,2007-05-18,759686
1613,2007-05-19,759686
1614,2007-05-20,759686
1615,2007-05-21,759686
1616,2007-05-22,759686
1617,2007-05-23,760869
1618,2007-05-24,760869
1619,2007-05-25,760869
1620,2007-05-26,760869
1621,2007-05-27,760869
1622,2007-05-28,760869
1623,2007-05-29,760869
1624,2007-05-30,764618
1625,2007-05-31,764618
1626,2007-06-01,764618
1627,2007-06-02,764618
1628,2007-06-03,764618
1629,2007-06-04,764618
1630,2007-06-05,764618
1631,2007-06-06,762973
1632,2007-06-07,762973
1633,2007-06-08,762973
1634,2007-06-09,762973
1635,2007-06-10,762973
1636,2007-06-11,762973
1637,2007-06-12,762973
1638,2007-06-13,761733
1639,2007-06-14,761733
1640,2007-06-15,761733
1641,2007-06-16,761733
1642,2007-06-17,761733
1643,2007-06-18,761733
1644,2007-06-19,761733
1645,2007-06-20,760399
1646,2007-06-21,760399
1647,2007-06-22,760399
1648,2007-06-23,760399
1649,2007-06-24,760399
1650,2007-06-25,760399
1651,2007-06-26,760399
1652,2007-06-27,761815
1653,2007-06-28,761815
1654,2007-06-29,761815
1655,2007-06-30,761815
1656,2007-07-01,761815
1657,2007-07-02,761815
1658,2007-07-03,761815
1659,2007-07-04,768139
1660,2007-07-05,768139
1661,2007-07-06,768139
1662,2007-07-07,768139
1663,2007-07-08,768139
1664,2007-07-09,768139
1665,2007-07-10,768139
1666,2007-07-11,766654
1667,2007-07-12,766654
1668,2007-07-13,766654
1669,2007-07-14,766654
1670,2007-07-15,766654
1671,2007-07-16,766654
1672,2007-07-17,766654
1673,2007-07-18,763708
1674,2007-07-19,763708
1675,2007-07-20,763708
1676,2007-07-21,763708
1677,2007-07-22,763708
1678,2007-07-23,763708
1679,2007-07-24,763708
1680,2007-07-25,763246
1681,2007-07-26,763246
1682,2007-07-27,763246
1683,2007-07-28,763246
1684,2007-07-29,763246
1685,2007-07-30,763246
1686,2007-07-31,763246
1687,2007-08-01,763716
1688,2007-08-02,763716
1689,2007-08-03,763716
1690,2007-08-04,763716
1691,2007-08-05,763716
1692,2007-08-06,763716
1693,2007-08-07,763716
1694,2007-08-08,764113
1695,2007-08-09,764113
1696,2007-08-10,764113
1697,2007-08-11,764113
1698,2007-08-12,764113
1699,2007-08-13,764113
1700,2007-08-14,764113
1701,2007-08-15,762552
1702,2007-08-16,762552
1703,2007-08-17,762552
1704,2007-08-18,762552
1705,2007-08-19,762552
1706,2007-08-20,762552
1707,2007-08-21,762552
1708,2007-08-22,761303
1709,2007-08-23,761303
1710,2007-08-24,761303
1711,2007-08-25,761303
1712,2007-08-26,761303
1713,2007-08-27,761303
1714,2007-08-28,761303
1715,2007-08-29,761949
1716,2007-08-30,761949
1717,2007-08-31,761949
1718,2007-09-01,761949
1719,2007-09-02,761949
1720,2007-09-03,761949
1721,2007-09-04,761949
1722,2007-09-05,765425
1723,2007-09-06,765425
1724,2007-09-07,765425
1725,2007-09-08,765425
1726,2007-09-09,765425
1727,2007-09-10,765425
1728,2007-09-11,765425
1729,2007-09-12,762171
1730,2007-09-13,762171
1731,2007-09-14,762171
1732,2007-09-15,762171
1733,2007-09-16,762171
1734,2007-09-17,762171
1735,2007-09-18,762171
1736,2007-09-19,760130
1737,2007-09-20,760130
1738,2007-09-21,760130
1739,2007-09-22,760130
1740,2007-09-23,760130
1741,2007-09-24,760130
1742,2007-09-25,760130
1743,2007-09-26,761606
1744,2007-09-27,761606
1745,2007-09-28,761606
1746,2007-09-29,761606
1747,2007-09-30,761606
1748,2007-10-01,761606
1749,2007-10-02,761606
1750,2007-10-03,764168
1751,2007-10-04,764168
1752,2007-10-05,764168
1753,2007-10-06,764168
1754,2007-10-07,764168
1755,2007-10-08,764168
1756,2007-10-09,764168
1757,2007-10-10,766511
1758,2007-10-11,766511
1759,2007-10-12,766511
1760,2007-10-13,766511
1761,2007-10-14,766511
1762,2007-10-15,766511
1763,2007-10-16,766511
1764,2007-10-17,764449
1765,2007-10-18,764449
1766,2007-10-19,764449
1767,2007-10-20,764449
1768,2007-10-21,764449
1769,2007-10-22,764449
1770,2007-10-23,764449
1771,2007-10-24,763464
1772,2007-10-25,763464
1773,2007-10-26,763464
1774,2007-10-27,763464
1775,2007-10-28,763464
1776,2007-10-29,763464
1777,2007-10-30,763464
1778,2007-10-31,764919
1779,2007-11-01,764919
1780,2007-11-02,764919
1781,2007-11-03,764919
1782,2007-11-04,764919
1783,2007-11-05,764919
1784,2007-11-06,764919
1785,2007-11-07,768967
1786,2007-11-08,768967
1787,2007-11-09,768967
1788,2007-11-10,768967
1789,2007-11-11,768967
1790,2007-11-12,768967
1791,2007-11-13,768967
1792,2007-11-14,771178
1793,2007-11-15,771178
1794,2007-11-16,771178
1795,2007-11-17,771178
1796,2007-11-18,771178
1797,2007-11-19,771178
1798,2007-11-20,771178
1799,2007-11-21,773140
1800,2007-11-22,773140
1801,2007-11-23,773140
1802,2007-11-24,773140
1803,2007-11-25,773140
1804,2007-11-26,773140
1805,2007-11-27,773140
1806,2007-11-28,770439
1807,2007-11-29,770439
1808,2007-11-30,770439
1809,2007-12-01,770439
1810,2007-12-02,770439
1811,2007-12-03,770439
1812,2007-12-04,770439
1813,2007-12-05,768702
1814,2007-12-06,768702
1815,2007-12-07,768702
1816,2007-12-08,768702
1817,2007-12-09,768702
1818,2007-12-10,768702
1819,2007-12-11,768702
1820,2007-12-12,769277
1821,2007-12-13,769277
1822,2007-12-14,769277
1823,2007-12-15,769277
1824,2007-12-16,769277
1825,2007-12-17,769277
1826,2007-12-18,769277
1827,2007-12-19,772548
1828,2007-12-20,772548
1829,2007-12-21,772548
1830,2007-12-22,772548
1831,2007-12-23,772548
1832,2007-12-24,772548
1833,2007-12-25,772548
1834,2007-12-26,756516
1835,2007-12-27,756516
1836,2007-12-28,756516
1837,2007-12-29,756516
1838,2007-12-30,756516
1839,2007-12-31,756516
1840,2008-01-01,756516
1841,2008-01-02,756409
1842,2008-01-03,756409
1843,2008-01-04,756409
1844,2008-01-05,756409
1845,2008-01-06,756409
1846,2008-01-07,756409
1847,2008-01-08,756409
1848,2008-01-09,720876
1849,2008-01-10,720876
1850,2008-01-11,720876
1851,2008-01-12,720876
1852,2008-01-13,720876
1853,2008-01-14,720876
1854,2008-01-15,720876
1855,2008-01-16,726122
1856,2008-01-17,726122
1857,2008-01-18,726122
1858,2008-01-19,726122
1859,2008-01-20,726122
1860,2008-01-21,726122
1861,2008-01-22,726122
1862,2008-01-23,707795
1863,2008-01-24,707795
1864,2008-01-25,707795
1865,2008-01-26,707795
1866,2008-01-27,707795
1867,2008-01-28,707795
1868,2008-01-29,707795
1869,2008-01-30,728856
1870,2008-01-31,728856
1871,2008-02-01,728856
1872,2008-02-02,728856
1873,2008-02-03,728856
1874,2008-02-04,728856
1875,2008-02-05,728856
1876,2008-02-06,692295
1877,2008-02-07,692295
1878,2008-02-08,692295
1879,2008-02-09,692295
1880,2008-02-10,692295
1881,2008-02-11,692295
1882,2008-02-12,692295
1883,2008-02-13,702743
1884,2008-02-14,702743
1885,2008-02-15,702743
1886,2008-02-16,702743
1887,2008-02-17,702743
1888,2008-02-18,702743
1889,2008-02-19,702743
1890,2008-02-20,713467
1891,2008-02-21,713467
1892,2008-02-22,713467
1893,2008-02-23,713467
1894,2008-02-24,713467
1895,2008-02-25,713467
1896,2008-02-26,713467
1897,2008-02-27,725166
1898,2008-02-28,725166
1899,2008-02-29,725166
1900,2008-03-01,725166
1901,2008-03-02,725166
1902,2008-03-03,725166
1903,2008-03-04,725166
1904,2008-03-05,724785
1905,2008-03-06,724785
1906,2008-03-07,724785
1907,2008-03-08,724785
1908,2008-03-09,724785
1909,2008-03-10,724785
1910,2008-03-11,724785
1911,2008-03-12,740204
1912,2008-03-13,740204
1913,2008-03-14,740204
1914,2008-03-15,740204
1915,2008-03-16,740204
1916,2008-03-17,740204
1917,2008-03-18,740204
1918,2008-03-19,676329
1919,2008-03-20,676329
1920,2008-03-21,676329
1921,2008-03-22,676329
1922,2008-03-23,676329
1923,2008-03-24,676329
1924,2008-03-25,676329
1925,2008-03-26,678208
1926,2008-03-27,678208
1927,2008-03-28,678208
1928,2008-03-29,678208
1929,2008-03-30,678208
1930,2008-03-31,678208
1931,2008-04-01,678208
1932,2008-04-02,616138
1933,2008-04-03,616138
1934,2008-04-04,616138
1935,2008-04-05,616138
1936,2008-04-06,616138
1937,2008-04-07,616138
1938,2008-04-08,616138
1939,2008-04-09,641294
1940,2008-04-10,641294
1941,2008-04-11,641294
1942,2008-04-12,641294
1943,2008-04-13,641294
1944,2008-04-14,641294
1945,2008-04-15,641294
1946,2008-04-16,612170
1947,2008-04-17,612170
1948,2008-04-18,612170
1949,2008-04-19,612170
1950,2008-04-20,612170
1951,2008-04-21,612170
1952,2008-04-22,612170
1953,2008-04-23,618188
1954,2008-04-24,618188
1955,2008-04-25,618188
1956,2008-04-26,618188
1957,2008-04-27,618188
1958,2008-04-28,618188
1959,2008-04-29,618188
1960,2008-04-30,623410
1961,2008-05-01,623410
1962,2008-05-02,623410
1963,2008-05-03,623410
1964,2008-05-04,623410
1965,2008-05-05,623410
1966,2008-05-06,623410
1967,2008-05-07,628099
1968,2008-05-08,628099
1969,2008-05-09,628099
1970,2008-05-10,628099
1971,2008-05-11,628099
1972,2008-05-12,628099
1973,2008-05-13,628099
1974,2008-05-14,576601
1975,2008-05-15,576601
1976,2008-05-16,576601
1977,2008-05-17,576601
1978,2008-05-18,576601
1979,2008-05-19,576601
1980,2008-05-20,576601
1981,2008-05-21,599911
1982,2008-05-22,599911
1983,2008-05-23,599911
1984,2008-05-24,599911
1985,2008-05-25,599911
1986,2008-05-26,599911
1987,2008-05-27,599911
1988,2008-05-28,567483
1989,2008-05-29,567483
1990,2008-05-30,567483
1991,2008-05-31,567483
1992,2008-06-01,567483
1993,2008-06-02,567483
1994,2008-06-03,567483
1995,2008-06-04,565207
1996,2008-06-05,565207
1997,2008-06-06,565207
1998,2008-06-07,565207
1999,2008-06-08,565207
2000,2008-06-09,565207
2001,2008-06-10,565207
2002,2008-06-11,561152
2003,2008-06-12,561152
2004,2008-06-13,561152
2005,2008-06-14,561152
2006,2008-06-15,561152
2007,2008-06-16,561152
2008,2008-06-17,561152
2009,2008-06-18,570497
2010,2008-06-19,570497
2011,2008-06-20,570497
2012,2008-06-21,570497
2013,2008-06-22,570497
2014,2008-06-23,570497
2015,2008-06-24,570497
2016,2008-06-25,566482
2017,2008-06-26,566482
2018,2008-06-27,566482
2019,2008-06-28,566482
2020,2008-06-29,566482
2021,2008-06-30,566482
2022,2008-07-01,566482
2023,2008-07-02,551564
2024,2008-07-03,551564
2025,2008-07-04,551564
2026,2008-07-05,551564
2027,2008-07-06,551564
2028,2008-07-07,551564
2029,2008-07-08,551564
2030,2008-07-09,545270
2031,2008-07-10,545270
2032,2008-07-11,545270
2033,2008-07-12,545270
2034,2008-07-13,545270
2035,2008-07-14,545270
2036,2008-07-15,545270
2037,2008-07-16,553300
2038,2008-07-17,553300
2039,2008-07-18,553300
2040,2008-07-19,553300
2041,2008-07-20,553300
2042,2008-07-21,553300
2043,2008-07-22,553300
2044,2008-07-23,541419
2045,2008-07-24,541419
2046,2008-07-25,541419
2047,2008-07-26,541419
2048,2008-07-27,541419
2049,2008-07-28,541419
2050,2008-07-29,541419
2051,2008-07-30,558980
2052,2008-07-31,558980
2053,2008-08-01,558980
2054,2008-08-02,558980
2055,2008-08-03,558980
2056,2008-08-04,558980
2057,2008-08-05,558980
2058,2008-08-06,541515
2059,2008-08-07,541515
2060,2008-08-08,541515
2061,2008-08-09,541515
2062,2008-08-10,541515
2063,2008-08-11,541515
2064,2008-08-12,541515
2065,2008-08-13,554113
2066,2008-08-14,554113
2067,2008-08-15,554113
2068,2008-08-16,554113
2069,2008-08-17,554113
2070,2008-08-18,554113
2071,2008-08-19,554113
2072,2008-08-20,537703
2073,2008-08-21,537703
2074,2008-08-22,537703
2075,2008-08-23,537703
2076,2008-08-24,537703
2077,2008-08-25,537703
2078,2008-08-26,537703
2079,2008-08-27,547720
2080,2008-08-28,547720
2081,2008-08-29,547720
2082,2008-08-30,547720
2083,2008-08-31,547720
2084,2008-09-01,547720
2085,2008-09-02,547720
2086,2008-09-03,548031
2087,2008-09-04,548031
2088,2008-09-05,548031
2089,2008-09-06,548031
2090,2008-09-07,548031
2091,2008-09-08,548031
2092,2008-09-09,548031
2093,2008-09-10,563995
2094,2008-09-11,563995
2095,2008-09-12,563995
2096,2008-09-13,563995
2097,2008-09-14,563995
2098,2008-09-15,563995
2099,2008-09-16,563995
2100,2008-09-17,533638
2101,2008-09-18,533638
2102,2008-09-19,533638
2103,2008-09-20,533638
2104,2008-09-21,533638
2105,2008-09-22,533638
2106,2008-09-23,533638
2107,2008-09-24,487847
2108,2008-09-25,487847
2109,2008-09-26,487847
2110,2008-09-27,487847
2111,2008-09-28,487847
2112,2008-09-29,487847
2113,2008-09-30,487847
2114,2008-10-01,488172
2115,2008-10-02,488172
2116,2008-10-03,488172
2117,2008-10-04,488172
2118,2008-10-05,488172
2119,2008-10-06,488172
2120,2008-10-07,488172
2121,2008-10-08,516710
2122,2008-10-09,516710
2123,2008-10-10,516710
2124,2008-10-11,516710
2125,2008-10-12,516710
2126,2008-10-13,516710
2127,2008-10-14,516710
2128,2008-10-15,470257
2129,2008-10-16,470257
2130,2008-10-17,470257
2131,2008-10-18,470257
2132,2008-10-19,470257
2133,2008-10-20,470257
2134,2008-10-21,470257
2135,2008-10-22,563699
2136,2008-10-23,563699
2137,2008-10-24,563699
2138,2008-10-25,563699
2139,2008-10-26,563699
2140,2008-10-27,563699
2141,2008-10-28,563699
2142,2008-10-29,480457
2143,2008-10-30,480457
2144,2008-10-31,480457
2145,2008-11-01,480457
2146,2008-11-02,480457
2147,2008-11-03,480457
2148,2008-11-04,480457
2149,2008-11-05,478849
2150,2008-11-06,478849
2151,2008-11-07,478849
2152,2008-11-08,478849
2153,2008-11-09,478849
2154,2008-11-10,478849
2155,2008-11-11,478849
2156,2008-11-12,473458
2157,2008-11-13,473458
2158,2008-11-14,473458
2159,2008-11-15,473458
2160,2008-11-16,473458
2161,2008-11-17,473458
2162,2008-11-18,473458
2163,2008-11-19,472418
2164,2008-11-20,472418
2165,2008-11-21,472418
2166,2008-11-22,472418
2167,2008-11-23,472418
2168,2008-11-24,472418
2169,2008-11-25,472418
2170,2008-11-26,477052
2171,2008-11-27,477052
2172,2008-11-28,477052
2173,2008-11-29,477052
2174,2008-11-30,477052
2175,2008-12-01,477052
2176,2008-12-02,477052
2177,2008-12-03,486156
2178,2008-12-04,486156
2179,2008-12-05,486156
2180,2008-12-06,486156
2181,2008-12-07,486156
2182,2008-12-08,486156
2183,2008-12-09,486156
2184,2008-12-10,487945
2185,2008-12-11,487945
2186,2008-12-12,487945
2187,2008-12-13,487945
2188,2008-12-14,487945
2189,2008-12-15,487945
2190,2008-12-16,487945
2191,2008-12-17,509638
2192,2008-12-18,509638
2193,2008-12-19,509638
2194,2008-12-20,509638
2195,2008-12-21,509638
2196,2008-12-22,509638
2197,2008-12-23,509638
2198,2008-12-24,498178
2199,2008-12-25,498178
2200,2008-12-26,498178
2201,2008-12-27,498178
2202,2008-12-28,498178
2203,2008-12-29,498178
2204,2008-12-30,498178
2205,2008-12-31,496733
2206,2009-01-01,496733
2207,2009-01-02,496733
2208,2009-01-03,496733
2209,2009-01-04,496733
2210,2009-01-05,496733
2211,2009-01-06,496733
2212,2009-01-07,475259
2213,2009-01-08,475259
2214,2009-01-09,475259
2215,2009-01-10,475259
2216,2009-01-11,475259
2217,2009-01-12,475259
2218,2009-01-13,475259
2219,2009-01-14,475531
2220,2009-01-15,475531
2221,2009-01-16,475531
2222,2009-01-17,475531
2223,2009-01-18,475531
2224,2009-01-19,475531
2225,2009-01-20,475531
2226,2009-01-21,458187
2227,2009-01-22,458187
2228,2009-01-23,458187
2229,2009-01-24,458187
2230,2009-01-25,458187
2231,2009-01-26,458187
2232,2009-01-27,458187
2233,2009-01-28,445864
2234,2009-01-29,445864
2235,2009-01-30,445864
2236,2009-01-31,445864
2237,2009-02-01,445864
2238,2009-02-02,445864
2239,2009-02-03,445864
2240,2009-02-04,443424
2241,2009-02-05,443424
2242,2009-02-06,443424
2243,2009-02-07,443424
2244,2009-02-08,443424
2245,2009-02-09,443424
2246,2009-02-10,443424
2247,2009-02-11,447412
2248,2009-02-12,447412
2249,2009-02-13,447412
2250,2009-02-14,447412
2251,2009-02-15,447412
2252,2009-02-16,447412
2253,2009-02-17,447412
2254,2009-02-18,508813
2255,2009-02-19,508813
2256,2009-02-20,508813
2257,2009-02-21,508813
2258,2009-02-22,508813
2259,2009-02-23,508813
2260,2009-02-24,508813
2261,2009-02-25,519601
2262,2009-02-26,519601
2263,2009-02-27,519601
2264,2009-02-28,519601
2265,2009-03-01,519601
2266,2009-03-02,519601
2267,2009-03-03,519601
2268,2009-03-04,514939
2269,2009-03-05,514939
2270,2009-03-06,514939
2271,2009-03-07,514939
2272,2009-03-08,514939
2273,2009-03-09,514939
2274,2009-03-10,514939
2275,2009-03-11,526147
2276,2009-03-12,526147
2277,2009-03-13,526147
2278,2009-03-14,526147
2279,2009-03-15,526147
2280,2009-03-16,526147
2281,2009-03-17,526147
2282,2009-03-18,698663
2283,2009-03-19,698663
2284,2009-03-20,698663
2285,2009-03-21,698663
2286,2009-03-22,698663
2287,2009-03-23,698663
2288,2009-03-24,698663
2289,2009-03-25,700375
2290,2009-03-26,700375
2291,2009-03-27,700375
2292,2009-03-28,700375
2293,2009-03-29,700375
2294,2009-03-30,700375
2295,2009-03-31,700375
2296,2009-04-01,721161
2297,2009-04-02,721161
2298,2009-04-03,721161
2299,2009-04-04,721161
2300,2009-04-05,721161
2301,2009-04-06,721161
2302,2009-04-07,721161
2303,2009-04-08,738699
2304,2009-04-09,738699
2305,2009-04-10,738699
2306,2009-04-11,738699
2307,2009-04-12,738699
2308,2009-04-13,738699
2309,2009-04-14,738699
2310,2009-04-15,851989
2311,2009-04-16,851989
2312,2009-04-17,851989
2313,2009-04-18,851989
2314,2009-04-19,851989
2315,2009-04-20,851989
2316,2009-04-21,851989
2317,2009-04-22,849723
2318,2009-04-23,849723
2319,2009-04-24,849723
2320,2009-04-25,849723
2321,2009-04-26,849723
2322,2009-04-27,849723
2323,2009-04-28,849723
2324,2009-04-29,849850
2325,2009-04-30,849850
2326,2009-05-01,849850
2327,2009-05-02,849850
2328,2009-05-03,849850
2329,2009-05-04,849850
2330,2009-05-05,849850
2331,2009-05-06,852633
2332,2009-05-07,852633
2333,2009-05-08,852633
2334,2009-05-09,852633
2335,2009-05-10,852633
2336,2009-05-11,852633
2337,2009-05-12,852633
2338,2009-05-13,852275
2339,2009-05-14,852275
2340,2009-05-15,852275
2341,2009-05-16,852275
2342,2009-05-17,852275
2343,2009-05-18,852275
2344,2009-05-19,852275
2345,2009-05-20,853228
2346,2009-05-21,853228
2347,2009-05-22,853228
2348,2009-05-23,853228
2349,2009-05-24,853228
2350,2009-05-25,853228
2351,2009-05-26,853228
2352,2009-05-27,856780
2353,2009-05-28,856780
2354,2009-05-29,856780
2355,2009-05-30,856780
2356,2009-05-31,856780
2357,2009-06-01,856780
2358,2009-06-02,856780
2359,2009-06-03,855538
2360,2009-06-04,855538
2361,2009-06-05,855538
2362,2009-06-06,855538
2363,2009-06-07,855538
2364,2009-06-08,855538
2365,2009-06-09,855538
2366,2009-06-10,855194
2367,2009-06-11,855194
2368,2009-06-12,855194
2369,2009-06-13,855194
2370,2009-06-14,855194
2371,2009-06-15,855194
2372,2009-06-16,855194
2373,2009-06-17,854284
2374,2009-06-18,854284
2375,2009-06-19,854284
2376,2009-06-20,854284
2377,2009-06-21,854284
2378,2009-06-22,854284
2379,2009-06-23,854284
2380,2009-06-24,854036
2381,2009-06-25,854036
2382,2009-06-26,854036
2383,2009-06-27,854036
2384,2009-06-28,854036
2385,2009-06-29,854036
2386,2009-06-30,854036
2387,2009-07-01,858054
2388,2009-07-02,858054
2389,2009-07-03,858054
2390,2009-07-04,858054
2391,2009-07-05,858054
2392,2009-07-06,858054
2393,2009-07-07,858054
2394,2009-07-08,859520
2395,2009-07-09,859520
2396,2009-07-10,859520
2397,2009-07-11,859520
2398,2009-07-12,859520
2399,2009-07-13,859520
2400,2009-07-14,859520
2401,2009-07-15,857090
2402,2009-07-16,857090
2403,2009-07-17,857090
2404,2009-07-18,857090
2405,2009-07-19,857090
2406,2009-07-20,857090
2407,2009-07-21,857090
2408,2009-07-22,855991
2409,2009-07-23,855991
2410,2009-07-24,855991
2411,2009-07-25,855991
2412,2009-07-26,855991
2413,2009-07-27,855991
2414,2009-07-28,855991
2415,2009-07-29,857338
2416,2009-07-30,857338
2417,2009-07-31,857338
2418,2009-08-01,857338
2419,2009-08-02,857338
2420,2009-08-03,857338
2421,2009-08-04,857338
2422,2009-08-05,858913
2423,2009-08-06,858913
2424,2009-08-07,858913
2425,2009-08-08,858913
2426,2009-08-09,858913
2427,2009-08-10,858913
2428,2009-08-11,858913
2429,2009-08-12,859562
2430,2009-08-13,859562
2431,2009-08-14,859562
2432,2009-08-15,859562
2433,2009-08-16,859562
2434,2009-08-17,859562
2435,2009-08-18,859562
2436,2009-08-19,858252
2437,2009-08-20,858252
2438,2009-08-21,858252
2439,2009-08-22,858252
2440,2009-08-23,858252
2441,2009-08-24,858252
2442,2009-08-25,858252
2443,2009-08-26,857173
2444,2009-08-27,857173
2445,2009-08-28,857173
2446,2009-08-29,857173
2447,2009-08-30,857173
2448,2009-08-31,857173
2449,2009-09-01,857173
2450,2009-09-02,859576
2451,2009-09-03,859576
2452,2009-09-04,859576
2453,2009-09-05,859576
2454,2009-09-06,859576
2455,2009-09-07,859576
2456,2009-09-08,859576
2457,2009-09-09,863442
2458,2009-09-10,863442
2459,2009-09-11,863442
2460,2009-09-12,863442
2461,2009-09-13,863442
2462,2009-09-14,863442
2463,2009-09-15,863442
2464,2009-09-16,860703
2465,2009-09-17,860703
2466,2009-09-18,860703
2467,2009-09-19,860703
2468,2009-09-20,860703
2469,2009-09-21,860703
2470,2009-09-22,860703
2471,2009-09-23,856081
2472,2009-09-24,856081
2473,2009-09-25,856081
2474,2009-09-26,856081
2475,2009-09-27,856081
2476,2009-09-28,856081
2477,2009-09-29,856081
2478,2009-09-30,857260
2479,2009-10-01,857260
2480,2009-10-02,857260
2481,2009-10-03,857260
2482,2009-10-04,857260
2483,2009-10-05,857260
2484,2009-10-06,857260
2485,2009-10-07,859883
2486,2009-10-08,859883
2487,2009-10-09,859883
2488,2009-10-10,859883
2489,2009-10-11,859883
2490,2009-10-12,859883
2491,2009-10-13,859883
2492,2009-10-14,861556
2493,2009-10-15,861556
2494,2009-10-16,861556
2495,2009-10-17,861556
2496,2009-10-18,861556
2497,2009-10-19,861556
2498,2009-10-20,861556
2499,2009-10-21,859086
2500,2009-10-22,859086
2501,2009-10-23,859086
2502,2009-10-24,859086
2503,2009-10-25,859086
2504,2009-10-26,859086
2505,2009-10-27,859086
2506,2009-10-28,858601
2507,2009-10-29,858601
2508,2009-10-30,858601
2509,2009-10-31,858601
2510,2009-11-01,858601
2511,2009-11-02,858601
2512,2009-11-03,858601
2513,2009-11-04,861253
2514,2009-11-05,861253
2515,2009-11-06,861253
2516,2009-11-07,861253
2517,2009-11-08,861253
2518,2009-11-09,861253
2519,2009-11-10,861253
2520,2009-11-11,864643
2521,2009-11-12,864643
2522,2009-11-13,864643
2523,2009-11-14,864643
2524,2009-11-15,864643
2525,2009-11-16,864643
2526,2009-11-17,864643
2527,2009-11-18,863120
2528,2009-11-19,863120
2529,2009-11-20,863120
2530,2009-11-21,863120
2531,2009-11-22,863120
2532,2009-11-23,863120
2533,2009-11-24,863120
2534,2009-11-25,866797
2535,2009-11-26,866797
2536,2009-11-27,866797
2537,2009-11-28,866797
2538,2009-11-29,866797
2539,2009-11-30,866797
2540,2009-12-01,866797
2541,2009-12-02,866181
2542,2009-12-03,866181
2543,2009-12-04,866181
2544,2009-12-05,866181
2545,2009-12-06,866181
2546,2009-12-07,866181
2547,2009-12-08,866181
2548,2009-12-09,866958
2549,2009-12-10,866958
2550,2009-12-11,866958
2551,2009-12-12,866958
2552,2009-12-13,866958
2553,2009-12-14,866958
2554,2009-12-15,866958
2555,2009-12-16,867150
2556,2009-12-17,867150
2557,2009-12-18,867150
2558,2009-12-19,867150
2559,2009-12-20,867150
2560,2009-12-21,867150
2561,2009-12-22,867150
2562,2009-12-23,872548
2563,2009-12-24,872548
2564,2009-12-25,872548
2565,2009-12-26,872548
2566,2009-12-27,872548
2567,2009-12-28,872548
2568,2009-12-29,872548
2569,2009-12-30,873441
2570,2009-12-31,873441
2571,2010-01-01,873441
2572,2010-01-02,873441
2573,2010-01-03,873441
2574,2010-01-04,873441
2575,2010-01-05,873441
2576,2010-01-06,868212
2577,2010-01-07,868212
2578,2010-01-08,868212
2579,2010-01-09,868212
2580,2010-01-10,868212
2581,2010-01-11,868212
2582,2010-01-12,868212
2583,2010-01-13,862983
2584,2010-01-14,862983
2585,2010-01-15,862983
2586,2010-01-16,862983
2587,2010-01-17,862983
2588,2010-01-18,862983
2589,2010-01-19,862983
2590,2010-01-20,863085
2591,2010-01-21,863085
2592,2010-01-22,863085
2593,2010-01-23,863085
2594,2010-01-24,863085
2595,2010-01-25,863085
2596,2010-01-26,863085
2597,2010-01-27,862139
2598,2010-01-28,862139
2599,2010-01-29,862139
2600,2010-01-30,862139
2601,2010-01-31,862139
2602,2010-02-01,862139
2603,2010-02-02,862139
2604,2010-02-03,867228
2605,2010-02-04,867228
2606,2010-02-05,867228
2607,2010-02-06,867228
2608,2010-02-07,867228
2609,2010-02-08,867228
2610,2010-02-09,867228
2611,2010-02-10,872856
2612,2010-02-11,872856
2613,2010-02-12,872856
2614,2010-02-13,872856
2615,2010-02-14,872856
2616,2010-02-15,872856
2617,2010-02-16,872856
2618,2010-02-17,876748
2619,2010-02-18,876748
2620,2010-02-19,876748
2621,2010-02-20,876748
2622,2010-02-21,876748
2623,2010-02-22,876748
2624,2010-02-23,876748
2625,2010-02-24,875825
2626,2010-02-25,875825
2627,2010-02-26,875825
2628,2010-02-27,875825
2629,2010-02-28,875825
2630,2010-03-01,875825
2631,2010-03-02,875825
2632,2010-03-03,876547
2633,2010-03-04,876547
2634,2010-03-05,876547
2635,2010-03-06,876547
2636,2010-03-07,876547
2637,2010-03-08,876547
2638,2010-03-09,876547
2639,2010-03-10,877386
2640,2010-03-11,877386
2641,2010-03-12,877386
2642,2010-03-13,877386
2643,2010-03-14,877386
2644,2010-03-15,877386
2645,2010-03-16,877386
2646,2010-03-17,877028
2647,2010-03-18,877028
2648,2010-03-19,877028
2649,2010-03-20,877028
2650,2010-03-21,877028
2651,2010-03-22,877028
2652,2010-03-23,877028
2653,2010-03-24,876798
2654,2010-03-25,876798
2655,2010-03-26,876798
2656,2010-03-27,876798
2657,2010-03-28,876798
2658,2010-03-29,876798
2659,2010-03-30,876798
2660,2010-03-31,877909
2661,2010-04-01,877909
2662,2010-04-02,877909
2663,2010-04-03,877909
2664,2010-04-04,877909
2665,2010-04-05,877909
2666,2010-04-06,877909
2667,2010-04-07,880058
2668,2010-04-08,880058
2669,2010-04-09,880058
2670,2010-04-10,880058
2671,2010-04-11,880058
2672,2010-04-12,880058
2673,2010-04-13,880058
2674,2010-04-14,879213
2675,2010-04-15,879213
2676,2010-04-16,879213
2677,2010-04-17,879213
2678,2010-04-18,879213
2679,2010-04-19,879213
2680,2010-04-20,879213
2681,2010-04-21,878523
2682,2010-04-22,878523
2683,2010-04-23,878523
2684,2010-04-24,878523
2685,2010-04-25,878523
2686,2010-04-26,878523
2687,2010-04-27,878523
2688,2010-04-28,879102
2689,2010-04-29,879102
2690,2010-04-30,879102
2691,2010-05-01,879102
2692,2010-05-02,879102
2693,2010-05-03,879102
2694,2010-05-04,879102
2695,2010-05-05,881279
2696,2010-05-06,881279
2697,2010-05-07,881279
2698,2010-05-08,881279
2699,2010-05-09,881279
2700,2010-05-10,881279
2701,2010-05-11,881279
2702,2010-05-12,882444
2703,2010-05-13,882444
2704,2010-05-14,882444
2705,2010-05-15,882444
2706,2010-05-16,882444
2707,2010-05-17,882444
2708,2010-05-18,882444
2709,2010-05-19,881331
2710,2010-05-20,881331
2711,2010-05-21,881331
2712,2010-05-22,881331
2713,2010-05-23,881331
2714,2010-05-24,881331
2715,2010-05-25,881331
2716,2010-05-26,883545
2717,2010-05-27,883545
2718,2010-05-28,883545
2719,2010-05-29,883545
2720,2010-05-30,883545
2721,2010-05-31,883545
2722,2010-06-01,883545
2723,2010-06-02,887490
2724,2010-06-03,887490
2725,2010-06-04,887490
2726,2010-06-05,887490
2727,2010-06-06,887490
2728,2010-06-07,887490
2729,2010-06-08,887490
2730,2010-06-09,885158
2731,2010-06-10,885158
2732,2010-06-11,885158
2733,2010-06-12,885158
2734,2010-06-13,885158
2735,2010-06-14,885158
2736,2010-06-15,885158
2737,2010-06-16,883621
2738,2010-06-17,883621
2739,2010-06-18,883621
2740,2010-06-19,883621
2741,2010-06-20,883621
2742,2010-06-21,883621
2743,2010-06-22,883621
2744,2010-06-23,883498
2745,2010-06-24,883498
2746,2010-06-25,883498
2747,2010-06-26,883498
2748,2010-06-27,883498
2749,2010-06-28,883498
2750,2010-06-29,883498
2751,2010-06-30,887893
2752,2010-07-01,887893
2753,2010-07-02,887893
2754,2010-07-03,887893
2755,2010-07-04,887893
2756,2010-07-05,887893
2757,2010-07-06,887893
2758,2010-07-07,891461
2759,2010-07-08,891461
2760,2010-07-09,891461
2761,2010-07-10,891461
2762,2010-07-11,891461
2763,2010-07-12,891461
2764,2010-07-13,891461
2765,2010-07-14,888303
2766,2010-07-15,888303
2767,2010-07-16,888303
2768,2010-07-17,888303
2769,2010-07-18,888303
2770,2010-07-19,888303
2771,2010-07-20,888303
2772,2010-07-21,886022
2773,2010-07-22,886022
2774,2010-07-23,886022
2775,2010-07-24,886022
2776,2010-07-25,886022
2777,2010-07-26,886022
2778,2010-07-27,886022
2779,2010-07-28,887097
2780,2010-07-29,887097
2781,2010-07-30,887097
2782,2010-07-31,887097
2783,2010-08-01,887097
2784,2010-08-02,887097
2785,2010-08-03,887097
2786,2010-08-04,889538
2787,2010-08-05,889538
2788,2010-08-06,889538
2789,2010-08-07,889538
2790,2010-08-08,889538
2791,2010-08-09,889538
2792,2010-08-10,889538
2793,2010-08-11,890681
2794,2010-08-12,890681
2795,2010-08-13,890681
2796,2010-08-14,890681
2797,2010-08-15,890681
2798,2010-08-16,890681
2799,2010-08-17,890681
2800,2010-08-18,890519
2801,2010-08-19,890519
2802,2010-08-20,890519
2803,2010-08-21,890519
2804,2010-08-22,890519
2805,2010-08-23,890519
2806,2010-08-24,890519
2807,2010-08-25,890040
2808,2010-08-26,890040
2809,2010-08-27,890040
2810,2010-08-28,890040
2811,2010-08-29,890040
2812,2010-08-30,890040
2813,2010-08-31,890040
2814,2010-09-01,893636
2815,2010-09-02,893636
2816,2010-09-03,893636
2817,2010-09-04,893636
2818,2010-09-05,893636
2819,2010-09-06,893636
2820,2010-09-07,893636
2821,2010-09-08,897450
2822,2010-09-09,897450
2823,2010-09-10,897450
2824,2010-09-11,897450
2825,2010-09-12,897450
2826,2010-09-13,897450
2827,2010-09-14,897450
2828,2010-09-15,895020
2829,2010-09-16,895020
2830,2010-09-17,895020
2831,2010-09-18,895020
2832,2010-09-19,895020
2833,2010-09-20,895020
2834,2010-09-21,895020
2835,2010-09-22,894386
2836,2010-09-23,894386
2837,2010-09-24,894386
2838,2010-09-25,894386
2839,2010-09-26,894386
2840,2010-09-27,894386
2841,2010-09-28,894386
2842,2010-09-29,897523
2843,2010-09-30,897523
2844,2010-10-01,897523
2845,2010-10-02,897523
2846,2010-10-03,897523
2847,2010-10-04,897523
2848,2010-10-05,897523
2849,2010-10-06,902372
2850,2010-10-07,902372
2851,2010-10-08,902372
2852,2010-10-09,902372
2853,2010-10-10,902372
2854,2010-10-11,902372
2855,2010-10-12,902372
2856,2010-10-13,906343
2857,2010-10-14,906343
2858,2010-10-15,906343
2859,2010-10-16,906343
2860,2010-10-17,906343
2861,2010-10-18,906343
2862,2010-10-19,906343
2863,2010-10-20,905141
2864,2010-10-21,905141
2865,2010-10-22,905141
2866,2010-10-23,905141
2867,2010-10-24,905141
2868,2010-10-25,905141
2869,2010-10-26,905141
2870,2010-10-27,906088
2871,2010-10-28,906088
2872,2010-10-29,906088
2873,2010-10-30,906088
2874,2010-10-31,906088
2875,2010-11-01,906088
2876,2010-11-02,906088
2877,2010-11-03,911495
2878,2010-11-04,911495
2879,2010-11-05,911495
2880,2010-11-06,911495
2881,2010-11-07,911495
2882,2010-11-08,911495
2883,2010-11-09,911495
2884,2010-11-10,917514
2885,2010-11-11,917514
2886,2010-11-12,917514
2887,2010-11-13,917514
2888,2010-11-14,917514
2889,2010-11-15,917514
2890,2010-11-16,917514
2891,2010-11-17,916140
2892,2010-11-18,916140
2893,2010-11-19,916140
2894,2010-11-20,916140
2895,2010-11-21,916140
2896,2010-11-22,916140
2897,2010-11-23,916140
2898,2010-11-24,921099
2899,2010-11-25,921099
2900,2010-11-26,921099
2901,2010-11-27,921099
2902,2010-11-28,921099
2903,2010-11-29,921099
2904,2010-11-30,921099
2905,2010-12-01,920154
2906,2010-12-02,920154
2907,2010-12-03,920154
2908,2010-12-04,920154
2909,2010-12-05,920154
2910,2010-12-06,920154
2911,2010-12-07,920154
2912,2010-12-08,921292
2913,2010-12-09,921292
2914,2010-12-10,921292
2915,2010-12-11,921292
2916,2010-12-12,921292
2917,2010-12-13,921292
2918,2010-12-14,921292
2919,2010-12-15,922199
2920,2010-12-16,922199
2921,2010-12-17,922199
2922,2010-12-18,922199
2923,2010-12-19,922199
2924,2010-12-20,922199
2925,2010-12-21,922199
2926,2010-12-22,926186
2927,2010-12-23,926186
2928,2010-12-24,926186
2929,2010-12-25,926186
2930,2010-12-26,926186
2931,2010-12-27,926186
2932,2010-12-28,926186
2933,2010-12-29,927512
2934,2010-12-30,927512
2935,2010-12-31,927512
2936,2011-01-01,927512
2937,2011-01-02,927512
2938,2011-01-03,927512
2939,2011-01-04,927512
2940,2011-01-05,924068
2941,2011-01-06,924068
2942,2011-01-07,924068
2943,2011-01-08,924068
2944,2011-01-09,924068
2945,2011-01-10,924068
2946,2011-01-11,924068
2947,2011-01-12,920725
2948,2011-01-13,920725
2949,2011-01-14,920725
2950,2011-01-15,920725
2951,2011-01-16,920725
2952,2011-01-17,920725
2953,2011-01-18,920725
2954,2011-01-19,921167
2955,2011-01-20,921167
2956,2011-01-21,921167
2957,2011-01-22,921167
2958,2011-01-23,921167
2959,2011-01-24,921167
2960,2011-01-25,921167
2961,2011-01-26,919105
2962,2011-01-27,919105
2963,2011-01-28,919105
2964,2011-01-29,919105
2965,2011-01-30,919105
2966,2011-01-31,919105
2967,2011-02-01,919105
2968,2011-02-02,925385
2969,2011-02-03,925385
2970,2011-02-04,925385
2971,2011-02-05,925385
2972,2011-02-06,925385
2973,2011-02-07,925385
2974,2011-02-08,925385
2975,2011-02-09,931023
2976,2011-02-10,931023
2977,2011-02-11,931023
2978,2011-02-12,931023
2979,2011-02-13,931023
2980,2011-02-14,931023
2981,2011-02-15,931023
2982,2011-02-16,935192
2983,2011-02-17,935192
2984,2011-02-18,935192
2985,2011-02-19,935192
2986,2011-02-20,935192
2987,2011-02-21,935192
2988,2011-02-22,935192
2989,2011-02-23,939776
2990,2011-02-24,939776
2991,2011-02-25,939776
2992,2011-02-26,939776
2993,2011-02-27,939776
2994,2011-02-28,939776
2995,2011-03-01,939776
2996,2011-03-02,941476
2997,2011-03-03,941476
2998,2011-03-04,941476
2999,2011-03-05,941476
3000,2011-03-06,941476
3001,2011-03-07,941476
3002,2011-03-08,941476
3003,2011-03-09,943718
3004,2011-03-10,943718
3005,2011-03-11,943718
3006,2011-03-12,943718
3007,2011-03-13,943718
3008,2011-03-14,943718
3009,2011-03-15,943718
3010,2011-03-16,945630
3011,2011-03-17,945630
3012,2011-03-18,945630
3013,2011-03-19,945630
3014,2011-03-20,945630
3015,2011-03-21,945630
3016,2011-03-22,945630
3017,2011-03-23,946284
3018,2011-03-24,946284
3019,2011-03-25,946284
3020,2011-03-26,946284
3021,2011-03-27,946284
3022,2011-03-28,946284
3023,2011-03-29,946284
3024,2011-03-30,947754
3025,2011-03-31,947754
3026,2011-04-01,947754
3027,2011-04-02,947754
3028,2011-04-03,947754
3029,2011-04-04,947754
3030,2011-04-05,947754
3031,2011-04-06,951811
3032,2011-04-07,951811
3033,2011-04-08,951811
3034,2011-04-09,951811
3035,2011-04-10,951811
3036,2011-04-11,951811
3037,2011-04-12,951811
3038,2011-04-13,953547
3039,2011-04-14,953547
3040,2011-04-15,953547
3041,2011-04-16,953547
3042,2011-04-17,953547
3043,2011-04-18,953547
3044,2011-04-19,953547
3045,2011-04-20,954344
3046,2011-04-21,954344
3047,2011-04-22,954344
3048,2011-04-23,954344
3049,2011-04-24,954344
3050,2011-04-25,954344
3051,2011-04-26,954344
3052,2011-04-27,956115
3053,2011-04-28,956115
3054,2011-04-29,956115
3055,2011-04-30,956115
3056,2011-05-01,956115
3057,2011-05-02,956115
3058,2011-05-03,956115
3059,2011-05-04,959487
3060,2011-05-05,959487
3061,2011-05-06,959487
3062,2011-05-07,959487
3063,2011-05-08,959487
3064,2011-05-09,959487
3065,2011-05-10,959487
3066,2011-05-11,960549
3067,2011-05-12,960549
3068,2011-05-13,960549
3069,2011-05-14,960549
3070,2011-05-15,960549
3071,2011-05-16,960549
3072,2011-05-17,960549
3073,2011-05-18,960097
3074,2011-05-19,960097
3075,2011-05-20,960097
3076,2011-05-21,960097
3077,2011-05-22,960097
3078,2011-05-23,960097
3079,2011-05-24,960097
3080,2011-05-25,962923
3081,2011-05-26,962923
3082,2011-05-27,962923
3083,2011-05-28,962923
3084,2011-05-29,962923
3085,2011-05-30,962923
3086,2011-05-31,962923
3087,2011-06-01,967964
3088,2011-06-02,967964
3089,2011-06-03,967964
3090,2011-06-04,967964
3091,2011-06-05,967964
3092,2011-06-06,967964
3093,2011-06-07,967964
3094,2011-06-08,966856
3095,2011-06-09,966856
3096,2011-06-10,966856
3097,2011-06-11,966856
3098,2011-06-12,966856
3099,2011-06-13,966856
3100,2011-06-14,966856
3101,2011-06-15,966126
3102,2011-06-16,966126
3103,2011-06-17,966126
3104,2011-06-18,966126
3105,2011-06-19,966126
3106,2011-06-20,966126
3107,2011-06-21,966126
3108,2011-06-22,965510
3109,2011-06-23,965510
3110,2011-06-24,965510
3111,2011-06-25,965510
3112,2011-06-26,965510
3113,2011-06-27,965510
3114,2011-06-28,965510
3115,2011-06-29,969551
3116,2011-06-30,969551
3117,2011-07-01,969551
3118,2011-07-02,969551
3119,2011-07-03,969551
3120,2011-07-04,969551
3121,2011-07-05,969551
3122,2011-07-06,974624
3123,2011-07-07,974624
3124,2011-07-08,974624
3125,2011-07-09,974624
3126,2011-07-10,974624
3127,2011-07-11,974624
3128,2011-07-12,974624
3129,2011-07-13,972048
3130,2011-07-14,972048
3131,2011-07-15,972048
3132,2011-07-16,972048
3133,2011-07-17,972048
3134,2011-07-18,972048
3135,2011-07-19,972048
3136,2011-07-20,971387
3137,2011-07-21,971387
3138,2011-07-22,971387
3139,2011-07-23,971387
3140,2011-07-24,971387
3141,2011-07-25,971387
3142,2011-07-26,971387
3143,2011-07-27,972782
3144,2011-07-28,972782
3145,2011-07-29,972782
3146,2011-07-30,972782
3147,2011-07-31,972782
3148,2011-08-01,972782
3149,2011-08-02,972782
3150,2011-08-03,976826
3151,2011-08-04,976826
3152,2011-08-05,976826
3153,2011-08-06,976826
3154,2011-08-07,976826
3155,2011-08-08,976826
3156,2011-08-09,976826
3157,2011-08-10,976554
3158,2011-08-11,976554
3159,2011-08-12,976554
3160,2011-08-13,976554
3161,2011-08-14,976554
3162,2011-08-15,976554
3163,2011-08-16,976554
3164,2011-08-17,976145
3165,2011-08-18,976145
3166,2011-08-19,976145
3167,2011-08-20,976145
3168,2011-08-21,976145
3169,2011-08-22,976145
3170,2011-08-23,976145
3171,2011-08-24,975374
3172,2011-08-25,975374
3173,2011-08-26,975374
3174,2011-08-27,975374
3175,2011-08-28,975374
3176,2011-08-29,975374
3177,2011-08-30,975374
3178,2011-08-31,979819
3179,2011-09-01,979819
3180,2011-09-02,979819
3181,2011-09-03,979819
3182,2011-09-04,979819
3183,2011-09-05,979819
3184,2011-09-06,979819
3185,2011-09-07,985288
3186,2011-09-08,985288
3187,2011-09-09,985288
3188,2011-09-10,985288
3189,2011-09-11,985288
3190,2011-09-12,985288
3191,2011-09-13,985288
3192,2011-09-14,981916
3193,2011-09-15,981916
3194,2011-09-16,981916
3195,2011-09-17,981916
3196,2011-09-18,981916
3197,2011-09-19,981916
3198,2011-09-20,981916
3199,2011-09-21,978822
3200,2011-09-22,978822
3201,2011-09-23,978822
3202,2011-09-24,978822
3203,2011-09-25,978822
3204,2011-09-26,978822
3205,2011-09-27,978822
3206,2011-09-28,980083
3207,2011-09-29,980083
3208,2011-09-30,980083
3209,2011-10-01,980083
3210,2011-10-02,980083
3211,2011-10-03,980083
3212,2011-10-04,980083
3213,2011-10-05,984431
3214,2011-10-06,984431
3215,2011-10-07,984431
3216,2011-10-08,984431
3217,2011-10-09,984431
3218,2011-10-10,984431
3219,2011-10-11,984431
3220,2011-10-12,987085
3221,2011-10-13,987085
3222,2011-10-14,987085
3223,2011-10-15,987085
3224,2011-10-16,987085
3225,2011-10-17,987085
3226,2011-10-18,987085
3227,2011-10-19,984916
3228,2011-10-20,984916
3229,2011-10-21,984916
3230,2011-10-22,984916
3231,2011-10-23,984916
3232,2011-10-24,984916
3233,2011-10-25,984916
3234,2011-10-26,985337
3235,2011-10-27,985337
3236,2011-10-28,985337
3237,2011-10-29,985337
3238,2011-10-30,985337
3239,2011-10-31,985337
3240,2011-11-01,985337
3241,2011-11-02,992206
3242,2011-11-03,992206
3243,2011-11-04,992206
3244,2011-11-05,992206
3245,2011-11-06,992206
3246,2011-11-07,992206
3247,2011-11-08,992206
3248,2011-11-09,998955
3249,2011-11-10,998955
3250,2011-11-11,998955
3251,2011-11-12,998955
3252,2011-11-13,998955
3253,2011-11-14,998955
3254,2011-11-15,998955
3255,2011-11-16,1000136
3256,2011-11-17,1000136
3257,2011-11-18,1000136
3258,2011-11-19,1000136
3259,2011-11-20,1000136
3260,2011-11-21,1000136
3261,2011-11-22,1000136
3262,2011-11-23,1004515
3263,2011-11-24,1004515
3264,2011-11-25,1004515
3265,2011-11-26,1004515
3266,2011-11-27,1004515
3267,2011-11-28,1004515
3268,2011-11-29,1004515
3269,2011-11-30,1004210
3270,2011-12-01,1004210
3271,2011-12-02,1004210
3272,2011-12-03,1004210
3273,2011-12-04,1004210
3274,2011-12-05,1004210
3275,2011-12-06,1004210
3276,2011-12-07,1005854
3277,2011-12-08,1005854
3278,2011-12-09,1005854
3279,2011-12-10,1005854
3280,2011-12-11,1005854
3281,2011-12-12,1005854
3282,2011-12-13,1005854
3283,2011-12-14,1008392
3284,2011-12-15,1008392
3285,2011-12-16,1008392
3286,2011-12-17,1008392
3287,2011-12-18,1008392
3288,2011-12-19,1008392
3289,2011-12-20,1008392
3290,2011-12-21,1012279
3291,2011-12-22,1012279
3292,2011-12-23,1012279
3293,2011-12-24,1012279
3294,2011-12-25,1012279
3295,2011-12-26,1012279
3296,2011-12-27,1012279
3297,2011-12-28,1018283
3298,2011-12-29,1018283
3299,2011-12-30,1018283
3300,2011-12-31,1018283
3301,2012-01-01,1018283
3302,2012-01-02,1018283
3303,2012-01-03,1018283
3304,2012-01-04,1016297
3305,2012-01-05,1016297
3306,2012-01-06,1016297
3307,2012-01-07,1016297
3308,2012-01-08,1016297
3309,2012-01-09,1016297
3310,2012-01-10,1016297
3311,2012-01-11,1010351
3312,2012-01-12,1010351
3313,2012-01-13,1010351
3314,2012-01-14,1010351
3315,2012-01-15,1010351
3316,2012-01-16,1010351
3317,2012-01-17,1010351
3318,2012-01-18,1009885
3319,2012-01-19,1009885
3320,2012-01-20,1009885
3321,2012-01-21,1009885
3322,2012-01-22,1009885
3323,2012-01-23,1009885
3324,2012-01-24,1009885
3325,2012-01-25,1008439
3326,2012-01-26,1008439
3327,2012-01-27,1008439
3328,2012-01-28,1008439
3329,2012-01-29,1008439
3330,2012-01-30,1008439
3331,2012-01-31,1008439
3332,2012-02-01,1012675
3333,2012-02-02,1012675
3334,2012-02-03,1012675
3335,2012-02-04,1012675
3336,2012-02-05,1012675
3337,2012-02-06,1012675
3338,2012-02-07,1012675
3339,2012-02-08,1020731
3340,2012-02-09,1020731
3341,2012-02-10,1020731
3342,2012-02-11,1020731
3343,2012-02-12,1020731
3344,2012-02-13,1020731
3345,2012-02-14,1020731
3346,2012-02-15,1028023
3347,2012-02-16,1028023
3348,2012-02-17,1028023
3349,2012-02-18,1028023
3350,2012-02-19,1028023
3351,2012-02-20,1028023
3352,2012-02-21,1028023
3353,2012-02-22,1031767
3354,2012-02-23,1031767
3355,2012-02-24,1031767
3356,2012-02-25,1031767
3357,2012-02-26,1031767
3358,2012-02-27,1031767
3359,2012-02-28,1031767
3360,2012-02-29,1033639
3361,2012-03-01,1033639
3362,2012-03-02,1033639
3363,2012-03-03,1033639
3364,2012-03-04,1033639
3365,2012-03-05,1033639
3366,2012-03-06,1033639
3367,2012-03-07,1037023
3368,2012-03-08,1037023
3369,2012-03-09,1037023
3370,2012-03-10,1037023
3371,2012-03-11,1037023
3372,2012-03-12,1037023
3373,2012-03-13,1037023
3374,2012-03-14,1038913
3375,2012-03-15,1038913
3376,2012-03-16,1038913
3377,2012-03-17,1038913
3378,2012-03-18,1038913
3379,2012-03-19,1038913
3380,2012-03-20,1038913
3381,2012-03-21,1039237
3382,2012-03-22,1039237
3383,2012-03-23,1039237
3384,2012-03-24,1039237
3385,2012-03-25,1039237
3386,2012-03-26,1039237
3387,2012-03-27,1039237
3388,2012-03-28,1040182
3389,2012-03-29,1040182
3390,2012-03-30,1040182
3391,2012-03-31,1040182
3392,2012-04-01,1040182
3393,2012-04-02,1040182
3394,2012-04-03,1040182
3395,2012-04-04,1043283
3396,2012-04-05,1043283
3397,2012-04-06,1043283
3398,2012-04-07,1043283
3399,2012-04-08,1043283
3400,2012-04-09,1043283
3401,2012-04-10,1043283
3402,2012-04-11,1043605
3403,2012-04-12,1043605
3404,2012-04-13,1043605
3405,2012-04-14,1043605
3406,2012-04-15,1043605
3407,2012-04-16,1043605
3408,2012-04-17,1043605
3409,2012-04-18,1042313
3410,2012-04-19,1042313
3411,2012-04-20,1042313
3412,2012-04-21,1042313
3413,2012-04-22,1042313
3414,2012-04-23,1042313
3415,2012-04-24,1042313
3416,2012-04-25,1042071
3417,2012-04-26,1042071
3418,2012-04-27,1042071
3419,2012-04-28,1042071
3420,2012-04-29,1042071
3421,2012-04-30,1042071
3422,2012-05-01,1042071
3423,2012-05-02,1044396
3424,2012-05-03,1044396
3425,2012-05-04,1044396
3426,2012-05-05,1044396
3427,2012-05-06,1044396
3428,2012-05-07,1044396
3429,2012-05-08,1044396
3430,2012-05-09,1045912
3431,2012-05-10,1045912
3432,2012-05-11,1045912
3433,2012-05-12,1045912
3434,2012-05-13,1045912
3435,2012-05-14,1045912
3436,2012-05-15,1045912
3437,2012-05-16,1045406
3438,2012-05-17,1045406
3439,2012-05-18,1045406
3440,2012-05-19,1045406
3441,2012-05-20,1045406
3442,2012-05-21,1045406
3443,2012-05-22,1045406
3444,2012-05-23,1047530
3445,2012-05-24,1047530
3446,2012-05-25,1047530
3447,2012-05-26,1047530
3448,2012-05-27,1047530
3449,2012-05-28,1047530
3450,2012-05-29,1047530
3451,2012-05-30,1051913
3452,2012-05-31,1051913
3453,2012-06-01,1051913
3454,2012-06-02,1051913
3455,2012-06-03,1051913
3456,2012-06-04,1051913
3457,2012-06-05,1051913
3458,2012-06-06,1051588
3459,2012-06-07,1051588
3460,2012-06-08,1051588
3461,2012-06-09,1051588
3462,2012-06-10,1051588
3463,2012-06-11,1051588
3464,2012-06-12,1051588
3465,2012-06-13,1050984
3466,2012-06-14,1050984
3467,2012-06-15,1050984
3468,2012-06-16,1050984
3469,2012-06-17,1050984
3470,2012-06-18,1050984
3471,2012-06-19,1050984
3472,2012-06-20,1050522
3473,2012-06-21,1050522
3474,2012-06-22,1050522
3475,2012-06-23,1050522
3476,2012-06-24,1050522
3477,2012-06-25,1050522
3478,2012-06-26,1050522
3479,2012-06-27,1051680
3480,2012-06-28,1051680
3481,2012-06-29,1051680
3482,2012-06-30,1051680
3483,2012-07-01,1051680
3484,2012-07-02,1051680
3485,2012-07-03,1051680
3486,2012-07-04,1059675
3487,2012-07-05,1059675
3488,2012-07-06,1059675
3489,2012-07-07,1059675
3490,2012-07-08,1059675
3491,2012-07-09,1059675
3492,2012-07-10,1059675
3493,2012-07-11,1057495
3494,2012-07-12,1057495
3495,2012-07-13,1057495
3496,2012-07-14,1057495
3497,2012-07-15,1057495
3498,2012-07-16,1057495
3499,2012-07-17,1057495
3500,2012-07-18,1053981
3501,2012-07-19,1053981
3502,2012-07-20,1053981
3503,2012-07-21,1053981
3504,2012-07-22,1053981
3505,2012-07-23,1053981
3506,2012-07-24,1053981
3507,2012-07-25,1053476
3508,2012-07-26,1053476
3509,2012-07-27,1053476
3510,2012-07-28,1053476
3511,2012-07-29,1053476
3512,2012-07-30,1053476
3513,2012-07-31,1053476
3514,2012-08-01,1056354
3515,2012-08-02,1056354
3516,2012-08-03,1056354
3517,2012-08-04,1056354
3518,2012-08-05,1056354
3519,2012-08-06,1056354
3520,2012-08-07,1056354
3521,2012-08-08,1058287
3522,2012-08-09,1058287
3523,2012-08-10,1058287
3524,2012-08-11,1058287
3525,2012-08-12,1058287
3526,2012-08-13,1058287
3527,2012-08-14,1058287
3528,2012-08-15,1058980
3529,2012-08-16,1058980
3530,2012-08-17,1058980
3531,2012-08-18,1058980
3532,2012-08-19,1058980
3533,2012-08-20,1058980
3534,2012-08-21,1058980
3535,2012-08-22,1059518
3536,2012-08-23,1059518
3537,2012-08-24,1059518
3538,2012-08-25,1059518
3539,2012-08-26,1059518
3540,2012-08-27,1059518
3541,2012-08-28,1059518
3542,2012-08-29,1064932
3543,2012-08-30,1064932
3544,2012-08-31,1064932
3545,2012-09-01,1064932
3546,2012-09-02,1064932
3547,2012-09-03,1064932
3548,2012-09-04,1064932
3549,2012-09-05,1070369
3550,2012-09-06,1070369
3551,2012-09-07,1070369
3552,2012-09-08,1070369
3553,2012-09-09,1070369
3554,2012-09-10,1070369
3555,2012-09-11,1070369
3556,2012-09-12,1067598
3557,2012-09-13,1067598
3558,2012-09-14,1067598
3559,2012-09-15,1067598
3560,2012-09-16,1067598
3561,2012-09-17,1067598
3562,2012-09-18,1067598
3563,2012-09-19,1067071
3564,2012-09-20,1067071
3565,2012-09-21,1067071
3566,2012-09-22,1067071
3567,2012-09-23,1067071
3568,2012-09-24,1067071
3569,2012-09-25,1067071
3570,2012-09-26,1069571
3571,2012-09-27,1069571
3572,2012-09-28,1069571
3573,2012-09-29,1069571
3574,2012-09-30,1069571
3575,2012-10-01,1069571
3576,2012-10-02,1069571
3577,2012-10-03,1075039
3578,2012-10-04,1075039
3579,2012-10-05,1075039
3580,2012-10-06,1075039
3581,2012-10-07,1075039
3582,2012-10-08,1075039
3583,2012-10-09,1075039
3584,2012-10-10,1078551
3585,2012-10-11,1078551
3586,2012-10-12,1078551
3587,2012-10-13,1078551
3588,2012-10-14,1078551
3589,2012-10-15,1078551
3590,2012-10-16,1078551
3591,2012-10-17,1077604
3592,2012-10-18,1077604
3593,2012-10-19,1077604
3594,2012-10-20,1077604
3595,2012-10-21,1077604
3596,2012-10-22,1077604
3597,2012-10-23,1077604
3598,2012-10-24,1076608
3599,2012-10-25,1076608
3600,2012-10-26,1076608
3601,2012-10-27,1076608
3602,2012-10-28,1076608
3603,2012-10-29,1076608
3604,2012-10-30,1076608
3605,2012-10-31,1083338
3606,2012-11-01,1083338
3607,2012-11-02,1083338
3608,2012-11-03,1083338
3609,2012-11-04,1083338
3610,2012-11-05,1083338
3611,2012-11-06,1083338
3612,2012-11-07,1088529
3613,2012-11-08,1088529
3614,2012-11-09,1088529
3615,2012-11-10,1088529
3616,2012-11-11,1088529
3617,2012-11-12,1088529
3618,2012-11-13,1088529
3619,2012-11-14,1090679
3620,2012-11-15,1090679
3621,2012-11-16,1090679
3622,2012-11-17,1090679
3623,2012-11-18,1090679
3624,2012-11-19,1090679
3625,2012-11-20,1090679
3626,2012-11-21,1094955
3627,2012-11-22,1094955
3628,2012-11-23,1094955
3629,2012-11-24,1094955
3630,2012-11-25,1094955
3631,2012-11-26,1094955
3632,2012-11-27,1094955
3633,2012-11-28,1094217
3634,2012-11-29,1094217
3635,2012-11-30,1094217
3636,2012-12-01,1094217
3637,2012-12-02,1094217
3638,2012-12-03,1094217
3639,2012-12-04,1094217
3640,2012-12-05,1096086
3641,2012-12-06,1096086
3642,2012-12-07,1096086
3643,2012-12-08,1096086
3644,2012-12-09,1096086
3645,2012-12-10,1096086
3646,2012-12-11,1096086
3647,2012-12-12,1097290
3648,2012-12-13,1097290
3649,2012-12-14,1097290
3650,2012-12-15,1097290
3651,2012-12-16,1097290
3652,2012-12-17,1097290
3653,2012-12-18,1097290
3654,2012-12-19,1101226
3655,2012-12-20,1101226
3656,2012-12-21,1101226
3657,2012-12-22,1101226
3658,2012-12-23,1101226
3659,2012-12-24,1101226
3660,2012-12-25,1101226
3661,2012-12-26,1108341
3662,2012-12-27,1108341
3663,2012-12-28,1108341
3664,2012-12-29,1108341
3665,2012-12-30,1108341
3666,2012-12-31,1108341
3667,2013-01-01,1108341
3668,2013-01-02,1110624
3669,2013-01-03,1110624
3670,2013-01-04,1110624
3671,2013-01-05,1110624
3672,2013-01-06,1110624
3673,2013-01-07,1110624
3674,2013-01-08,1110624
3675,2013-01-09,1102108
3676,2013-01-10,1102108
3677,2013-01-11,1102108
3678,2013-01-12,1102108
3679,2013-01-13,1102108
3680,2013-01-14,1102108
3681,2013-01-15,1102108
3682,2013-01-16,1096581
3683,2013-01-17,1096581
3684,2013-01-18,1096581
3685,2013-01-19,1096581
3686,2013-01-20,1096581
3687,2013-01-21,1096581
3688,2013-01-22,1096581
3689,2013-01-23,1097642
3690,2013-01-24,1097642
3691,2013-01-25,1097642
3692,2013-01-26,1097642
3693,2013-01-27,1097642
3694,2013-01-28,1097642
3695,2013-01-29,1097642
3696,2013-01-30,1097622
3697,2013-01-31,1097622
3698,2013-02-01,1097622
3699,2013-02-02,1097622
3700,2013-02-03,1097622
3701,2013-02-04,1097622
3702,2013-02-05,1097622
3703,2013-02-06,1102357
3704,2013-02-07,1102357
3705,2013-02-08,1102357
3706,2013-02-09,1102357
3707,2013-02-10,1102357
3708,2013-02-11,1102357
3709,2013-02-12,1102357
3710,2013-02-13,1106762
3711,2013-02-14,1106762
3712,2013-02-15,1106762
3713,2013-02-16,1106762
3714,2013-02-17,1106762
3715,2013-02-18,1106762
3716,2013-02-19,1106762
3717,2013-02-20,1111486
3718,2013-02-21,1111486
3719,2013-02-22,1111486
3720,2013-02-23,1111486
3721,2013-02-24,1111486
3722,2013-02-25,1111486
3723,2013-02-26,1111486
3724,2013-02-27,1112625
3725,2013-02-28,1112625
3726,2013-03-01,1112625
3727,2013-03-02,1112625
3728,2013-03-03,1112625
3729,2013-03-04,1112625
3730,2013-03-05,1112625
3731,2013-03-06,1116415
3732,2013-03-07,1116415
3733,2013-03-08,1116415
3734,2013-03-09,1116415
3735,2013-03-10,1116415
3736,2013-03-11,1116415
3737,2013-03-12,1116415
3738,2013-03-13,1117058
3739,2013-03-14,1117058
3740,2013-03-15,1117058
3741,2013-03-16,1117058
3742,2013-03-17,1117058
3743,2013-03-18,1117058
3744,2013-03-19,1117058
3745,2013-03-20,1116320
3746,2013-03-21,1116320
3747,2013-03-22,1116320
3748,2013-03-23,1116320
3749,2013-03-24,1116320
3750,2013-03-25,1116320
3751,2013-03-26,1116320
3752,2013-03-27,1118858
3753,2013-03-28,1118858
3754,2013-03-29,1118858
3755,2013-03-30,1118858
3756,2013-03-31,1118858
3757,2013-04-01,1118858
3758,2013-04-02,1118858
3759,2013-04-03,1120706
3760,2013-04-04,1120706
3761,2013-04-05,1120706
3762,2013-04-06,1120706
3763,2013-04-07,1120706
3764,2013-04-08,1120706
3765,2013-04-09,1120706
3766,2013-04-10,1120850
3767,2013-04-11,1120850
3768,2013-04-12,1120850
3769,2013-04-13,1120850
3770,2013-04-14,1120850
3771,2013-04-15,1120850
3772,2013-04-16,1120850
3773,2013-04-17,1120109
3774,2013-04-18,1120109
3775,2013-04-19,1120109
3776,2013-04-20,1120109
3777,2013-04-21,1120109
3778,2013-04-22,1120109
3779,2013-04-23,1120109
3780,2013-04-24,1121368
3781,2013-04-25,1121368
3782,2013-04-26,1121368
3783,2013-04-27,1121368
3784,2013-04-28,1121368
3785,2013-04-29,1121368
3786,2013-04-30,1121368
3787,2013-05-01,1123738
3788,2013-05-02,1123738
3789,2013-05-03,1123738
3790,2013-05-04,1123738
3791,2013-05-05,1123738
3792,2013-05-06,1123738
3793,2013-05-07,1123738
3794,2013-05-08,1126294
3795,2013-05-09,1126294
3796,2013-05-10,1126294
3797,2013-05-11,1126294
3798,2013-05-12,1126294
3799,2013-05-13,1126294
3800,2013-05-14,1126294
3801,2013-05-15,1127085
3802,2013-05-16,1127085
3803,2013-05-17,1127085
3804,2013-05-18,1127085
3805,2013-05-19,1127085
3806,2013-05-20,1127085
3807,2013-05-21,1127085
3808,2013-05-22,1129019
3809,2013-05-23,1129019
3810,2013-05-24,1129019
3811,2013-05-25,1129019
3812,2013-05-26,1129019
3813,2013-05-27,1129019
3814,2013-05-28,1129019
3815,2013-05-29,1133098
3816,2013-05-30,1133098
3817,2013-05-31,1133098
3818,2013-06-01,1133098
3819,2013-06-02,1133098
3820,2013-06-03,1133098
3821,2013-06-04,1133098
3822,2013-06-05,1131283
3823,2013-06-06,1131283
3824,2013-06-07,1131283
3825,2013-06-08,1131283
3826,2013-06-09,1131283
3827,2013-06-10,1131283
3828,2013-06-11,1131283
3829,2013-06-12,1130361
3830,2013-06-13,1130361
3831,2013-06-14,1130361
3832,2013-06-15,1130361
3833,2013-06-16,1130361
3834,2013-06-17,1130361
3835,2013-06-18,1130361
3836,2013-06-19,1130640
3837,2013-06-20,1130640
3838,2013-06-21,1130640
3839,2013-06-22,1130640
3840,2013-06-23,1130640
3841,2013-06-24,1130640
3842,2013-06-25,1130640
3843,2013-06-26,1134098
3844,2013-06-27,1134098
3845,2013-06-28,1134098
3846,2013-06-29,1134098
3847,2013-06-30,1134098
3848,2013-07-01,1134098
3849,2013-07-02,1134098
3850,2013-07-03,1142823
3851,2013-07-04,1142823
3852,2013-07-05,1142823
3853,2013-07-06,1142823
3854,2013-07-07,1142823
3855,2013-07-08,1142823
3856,2013-07-09,1142823
3857,2013-07-10,1140619
3858,2013-07-11,1140619
3859,2013-07-12,1140619
3860,2013-07-13,1140619
3861,2013-07-14,1140619
3862,2013-07-15,1140619
3863,2013-07-16,1140619
3864,2013-07-17,1136354
3865,2013-07-18,1136354
3866,2013-07-19,1136354
3867,2013-07-20,1136354
3868,2013-07-21,1136354
3869,2013-07-22,1136354
3870,2013-07-23,1136354
3871,2013-07-24,1135749
3872,2013-07-25,1135749
3873,2013-07-26,1135749
3874,2013-07-27,1135749
3875,2013-07-28,1135749
3876,2013-07-29,1135749
3877,2013-07-30,1135749
3878,2013-07-31,1138085
3879,2013-08-01,1138085
3880,2013-08-02,1138085
3881,2013-08-03,1138085
3882,2013-08-04,1138085
3883,2013-08-05,1138085
3884,2013-08-06,1138085
3885,2013-08-07,1140681
3886,2013-08-08,1140681
3887,2013-08-09,1140681
3888,2013-08-10,1140681
3889,2013-08-11,1140681
3890,2013-08-12,1140681
3891,2013-08-13,1140681
3892,2013-08-14,1140128
3893,2013-08-15,1140128
3894,2013-08-16,1140128
3895,2013-08-17,1140128
3896,2013-08-18,1140128
3897,2013-08-19,1140128
3898,2013-08-20,1140128
3899,2013-08-21,1140140
3900,2013-08-22,1140140
3901,2013-08-23,1140140
3902,2013-08-24,1140140
3903,2013-08-25,1140140
3904,2013-08-26,1140140
3905,2013-08-27,1140140
3906,2013-08-28,1144273
3907,2013-08-29,1144273
3908,2013-08-30,1144273
3909,2013-08-31,1144273
3910,2013-09-01,1144273
3911,2013-09-02,1144273
3912,2013-09-03,1144273
3913,2013-09-04,1150462
3914,2013-09-05,1150462
3915,2013-09-06,1150462
3916,2013-09-07,1150462
3917,2013-09-08,1150462
3918,2013-09-09,1150462
3919,2013-09-10,1150462
3920,2013-09-11,1147233
3921,2013-09-12,1147233
3922,2013-09-13,1147233
3923,2013-09-14,1147233
3924,2013-09-15,1147233
3925,2013-09-16,1147233
3926,2013-09-17,1147233
3927,2013-09-18,1145608
3928,2013-09-19,1145608
3929,2013-09-20,1145608
3930,2013-09-21,1145608
3931,2013-09-22,1145608
3932,2013-09-23,1145608
3933,2013-09-24,1145608
3934,2013-09-25,1146565
3935,2013-09-26,1146565
3936,2013-09-27,1146565
3937,2013-09-28,1146565
3938,2013-09-29,1146565
3939,2013-09-30,1146565
3940,2013-10-01,1146565
3941,2013-10-02,1150243
3942,2013-10-03,1150243
3943,2013-10-04,1150243
3944,2013-10-05,1150243
3945,2013-10-06,1150243
3946,2013-10-07,1150243
3947,2013-10-08,1150243
3948,2013-10-09,1154675
3949,2013-10-10,1154675
3950,2013-10-11,1154675
3951,2013-10-12,1154675
3952,2013-10-13,1154675
3953,2013-10-14,1154675
3954,2013-10-15,1154675
3955,2013-10-16,1156891
3956,2013-10-17,1156891
3957,2013-10-18,1156891
3958,2013-10-19,1156891
3959,2013-10-20,1156891
3960,2013-10-21,1156891
3961,2013-10-22,1156891
3962,2013-10-23,1157735
3963,2013-10-24,1157735
3964,2013-10-25,1157735
3965,2013-10-26,1157735
3966,2013-10-27,1157735
3967,2013-10-28,1157735
3968,2013-10-29,1157735
3969,2013-10-30,1159313
3970,2013-10-31,1159313
3971,2013-11-01,1159313
3972,2013-11-02,1159313
3973,2013-11-03,1159313
3974,2013-11-04,1159313
3975,2013-11-05,1159313
3976,2013-11-06,1161245
3977,2013-11-07,1161245
3978,2013-11-08,1161245
3979,2013-11-09,1161245
3980,2013-11-10,1161245
3981,2013-11-11,1161245
3982,2013-11-12,1161245
3983,2013-11-13,1162506
3984,2013-11-14,1162506
3985,2013-11-15,1162506
3986,2013-11-16,1162506
3987,2013-11-17,1162506
3988,2013-11-18,1162506
3989,2013-11-19,1162506
3990,2013-11-20,1160705
3991,2013-11-21,1160705
3992,2013-11-22,1160705
3993,2013-11-23,1160705
3994,2013-11-24,1160705
3995,2013-11-25,1160705
3996,2013-11-26,1160705
3997,2013-11-27,1167756
3998,2013-11-28,1167756
3999,2013-11-29,1167756
4000,2013-11-30,1167756
4001,2013-12-01,1167756
4002,2013-12-02,1167756
4003,2013-12-03,1167756
4004,2013-12-04,1169023
4005,2013-12-05,1169023
4006,2013-12-06,1169023
4007,2013-12-07,1169023
4008,2013-12-08,1169023
4009,2013-12-09,1169023
4010,2013-12-10,1169023
4011,2013-12-11,1170203
4012,2013-12-12,1170203
4013,2013-12-13,1170203
4014,2013-12-14,1170203
4015,2013-12-15,1170203
4016,2013-12-16,1170203
4017,2013-12-17,1170203
4018,2013-12-18,1172940
4019,2013-12-19,1172940
4020,2013-12-20,1172940
4021,2013-12-21,1172940
4022,2013-12-22,1172940
4023,2013-12-23,1172940
4024,2013-12-24,1172940
4025,2013-12-25,1178964
4026,2013-12-26,1178964
4027,2013-12-27,1178964
4028,2013-12-28,1178964
4029,2013-12-29,1178964
4030,2013-12-30,1178964
4031,2013-12-31,1178964
4032,2014-01-01,1181684
4033,2014-01-02,1181684
4034,2014-01-03,1181684
4035,2014-01-04,1181684
4036,2014-01-05,1181684
4037,2014-01-06,1181684
4038,2014-01-07,1181684
4039,2014-01-08,1174523
4040,2014-01-09,1174523
4041,2014-01-10,1174523
4042,2014-01-11,1174523
4043,2014-01-12,1174523
4044,2014-01-13,1174523
4045,2014-01-14,1174523
4046,2014-01-15,1167302
4047,2014-01-16,1167302
4048,2014-01-17,1167302
4049,2014-01-18,1167302
4050,2014-01-19,1167302
4051,2014-01-20,1167302
4052,2014-01-21,1167302
4053,2014-01-22,1166436
4054,2014-01-23,1166436
4055,2014-01-24,1166436
4056,2014-01-25,1166436
4057,2014-01-26,1166436
4058,2014-01-27,1166436
4059,2014-01-28,1166436
4060,2014-01-29,1166904
4061,2014-01-30,1166904
4062,2014-01-31,1166904
4063,2014-02-01,1166904
4064,2014-02-02,1166904
4065,2014-02-03,1166904
4066,2014-02-04,1166904
4067,2014-02-05,1170914
4068,2014-02-06,1170914
4069,2014-02-07,1170914
4070,2014-02-08,1170914
4071,2014-02-09,1170914
4072,2014-02-10,1170914
4073,2014-02-11,1170914
4074,2014-02-12,1175456
4075,2014-02-13,1175456
4076,2014-02-14,1175456
4077,2014-02-15,1175456
4078,2014-02-16,1175456
4079,2014-02-17,1175456
4080,2014-02-18,1175456
4081,2014-02-19,1186325
4082,2014-02-20,1186325
4083,2014-02-21,1186325
4084,2014-02-22,1186325
4085,2014-02-23,1186325
4086,2014-02-24,1186325
4087,2014-02-25,1186325
4088,2014-02-26,1191332
4089,2014-02-27,1191332
4090,2014-02-28,1191332
4091,2014-03-01,1191332
4092,2014-03-02,1191332
4093,2014-03-03,1191332
4094,2014-03-04,1191332
4095,2014-03-05,1198837
4096,2014-03-06,1198837
4097,2014-03-07,1198837
4098,2014-03-08,1198837
4099,2014-03-09,1198837
4100,2014-03-10,1198837
4101,2014-03-11,1198837
4102,2014-03-12,1202332
4103,2014-03-13,1202332
4104,2014-03-14,1202332
4105,2014-03-15,1202332
4106,2014-03-16,1202332
4107,2014-03-17,1202332
4108,2014-03-18,1202332
4109,2014-03-19,1206946
4110,2014-03-20,1206946
4111,2014-03-21,1206946
4112,2014-03-22,1206946
4113,2014-03-23,1206946
4114,2014-03-24,1206946
4115,2014-03-25,1206946
4116,2014-03-26,1208560
4117,2014-03-27,1208560
4118,2014-03-28,1208560
4119,2014-03-29,1208560
4120,2014-03-30,1208560
4121,2014-03-31,1208560
4122,2014-04-01,1208560
4123,2014-04-02,1210713
4124,2014-04-03,1210713
4125,2014-04-04,1210713
4126,2014-04-05,1210713
4127,2014-04-06,1210713
4128,2014-04-07,1210713
4129,2014-04-08,1210713
4130,2014-04-09,1211530
4131,2014-04-10,1211530
4132,2014-04-11,1211530
4133,2014-04-12,1211530
4134,2014-04-13,1211530
4135,2014-04-14,1211530
4136,2014-04-15,1211530
4137,2014-04-16,1211253
4138,2014-04-17,1211253
4139,2014-04-18,1211253
4140,2014-04-19,1211253
4141,2014-04-20,1211253
4142,2014-04-21,1211253
4143,2014-04-22,1211253
4144,2014-04-23,1210881
4145,2014-04-24,1210881
4146,2014-04-25,1210881
4147,2014-04-26,1210881
4148,2014-04-27,1210881
4149,2014-04-28,1210881
4150,2014-04-29,1210881
4151,2014-04-30,1212471
4152,2014-05-01,1212471
4153,2014-05-02,1212471
4154,2014-05-03,1212471
4155,2014-05-04,1212471
4156,2014-05-05,1212471
4157,2014-05-06,1212471
4158,2014-05-07,1215123
4159,2014-05-08,1215123
4160,2014-05-09,1215123
4161,2014-05-10,1215123
4162,2014-05-11,1215123
4163,2014-05-12,1215123
4164,2014-05-13,1215123
4165,2014-05-14,1215820
4166,2014-05-15,1215820
4167,2014-05-16,1215820
4168,2014-05-17,1215820
4169,2014-05-18,1215820
4170,2014-05-19,1215820
4171,2014-05-20,1215820
4172,2014-05-21,1217354
4173,2014-05-22,1217354
4174,2014-05-23,1217354
4175,2014-05-24,1217354
4176,2014-05-25,1217354
4177,2014-05-26,1217354
4178,2014-05-27,1217354
4179,2014-05-28,1221741
4180,2014-05-29,1221741
4181,2014-05-30,1221741
4182,2014-05-31,1221741
4183,2014-06-01,1221741
4184,2014-06-02,1221741
4185,2014-06-03,1221741
4186,2014-06-04,1220821
4187,2014-06-05,1220821
4188,2014-06-06,1220821
4189,2014-06-07,1220821
4190,2014-06-08,1220821
4191,2014-06-09,1220821
4192,2014-06-10,1220821
4193,2014-06-11,1219824
4194,2014-06-12,1219824
4195,2014-06-13,1219824
4196,2014-06-14,1219824
4197,2014-06-15,1219824
4198,2014-06-16,1219824
4199,2014-06-17,1219824
4200,2014-06-18,1219535
4201,2014-06-19,1219535
4202,2014-06-20,1219535
4203,2014-06-21,1219535
4204,2014-06-22,1219535
4205,2014-06-23,1219535
4206,2014-06-24,1219535
4207,2014-06-25,1219968
4208,2014-06-26,1219968
4209,2014-06-27,1219968
4210,2014-06-28,1219968
4211,2014-06-29,1219968
4212,2014-06-30,1219968
4213,2014-07-01,1219968
4214,2014-07-02,1227430
4215,2014-07-03,1227430
4216,2014-07-04,1227430
4217,2014-07-05,1227430
4218,2014-07-06,1227430
4219,2014-07-07,1227430
4220,2014-07-08,1227430
4221,2014-07-09,1227968
4222,2014-07-10,1227968
4223,2014-07-11,1227968
4224,2014-07-12,1227968
4225,2014-07-13,1227968
4226,2014-07-14,1227968
4227,2014-07-15,1227968
4228,2014-07-16,1225050
4229,2014-07-17,1225050
4230,2014-07-18,1225050
4231,2014-07-19,1225050
4232,2014-07-20,1225050
4233,2014-07-21,1225050
4234,2014-07-22,1225050
4235,2014-07-23,1223990
4236,2014-07-24,1223990
4237,2014-07-25,1223990
4238,2014-07-26,1223990
4239,2014-07-27,1223990
4240,2014-07-28,1223990
4241,2014-07-29,1223990
4242,2014-07-30,1225737
4243,2014-07-31,1225737
4244,2014-08-01,1225737
4245,2014-08-02,1225737
4246,2014-08-03,1225737
4247,2014-08-04,1225737
4248,2014-08-05,1225737
4249,2014-08-06,1228231
4250,2014-08-07,1228231
4251,2014-08-08,1228231
4252,2014-08-09,1228231
4253,2014-08-10,1228231
4254,2014-08-11,1228231
4255,2014-08-12,1228231
4256,2014-08-13,1228636
4257,2014-08-14,1228636
4258,2014-08-15,1228636
4259,2014-08-16,1228636
4260,2014-08-17,1228636
4261,2014-08-18,1228636
4262,2014-08-19,1228636
4263,2014-08-20,1227512
4264,2014-08-21,1227512
4265,2014-08-22,1227512
4266,2014-08-23,1227512
4267,2014-08-24,1227512
4268,2014-08-25,1227512
4269,2014-08-26,1227512
4270,2014-08-27,1229985
4271,2014-08-28,1229985
4272,2014-08-29,1229985
4273,2014-08-30,1229985
4274,2014-08-31,1229985
4275,2014-09-01,1229985
4276,2014-09-02,1229985
4277,2014-09-03,1233829
4278,2014-09-04,1233829
4279,2014-09-05,1233829
4280,2014-09-06,1233829
4281,2014-09-07,1233829
4282,2014-09-08,1233829
4283,2014-09-09,1233829
4284,2014-09-10,1231743
4285,2014-09-11,1231743
4286,2014-09-12,1231743
4287,2014-09-13,1231743
4288,2014-09-14,1231743
4289,2014-09-15,1231743
4290,2014-09-16,1231743
4291,2014-09-17,1228722
4292,2014-09-18,1228722
4293,2014-09-19,1228722
4294,2014-09-20,1228722
4295,2014-09-21,1228722
4296,2014-09-22,1228722
4297,2014-09-23,1228722
4298,2014-09-24,1228881
4299,2014-09-25,1228881
4300,2014-09-26,1228881
4301,2014-09-27,1228881
4302,2014-09-28,1228881
4303,2014-09-29,1228881
4304,2014-09-30,1228881
4305,2014-10-01,1230604
4306,2014-10-02,1230604
4307,2014-10-03,1230604
4308,2014-10-04,1230604
4309,2014-10-05,1230604
4310,2014-10-06,1230604
4311,2014-10-07,1230604
4312,2014-10-08,1233408
4313,2014-10-09,1233408
4314,2014-10-10,1233408
4315,2014-10-11,1233408
4316,2014-10-12,1233408
4317,2014-10-13,1233408
4318,2014-10-14,1233408
4319,2014-10-15,1235979
4320,2014-10-16,1235979
4321,2014-10-17,1235979
4322,2014-10-18,1235979
4323,2014-10-19,1235979
4324,2014-10-20,1235979
4325,2014-10-21,1235979
4326,2014-10-22,1236684
4327,2014-10-23,1236684
4328,2014-10-24,1236684
4329,2014-10-25,1236684
4330,2014-10-26,1236684
4331,2014-10-27,1236684
4332,2014-10-28,1236684
4333,2014-10-29,1238833
4334,2014-10-30,1238833
4335,2014-10-31,1238833
4336,2014-11-01,1238833
4337,2014-11-02,1238833
4338,2014-11-03,1238833
4339,2014-11-04,1238833
4340,2014-11-05,1246749
4341,2014-11-06,1246749
4342,2014-11-07,1246749
4343,2014-11-08,1246749
4344,2014-11-09,1246749
4345,2014-11-10,1246749
4346,2014-11-11,1246749
4347,2014-11-12,1252708
4348,2014-11-13,1252708
4349,2014-11-14,1252708
4350,2014-11-15,1252708
4351,2014-11-16,1252708
4352,2014-11-17,1252708
4353,2014-11-18,1252708
4354,2014-11-19,1251475
4355,2014-11-20,1251475
4356,2014-11-21,1251475
4357,2014-11-22,1251475
4358,2014-11-23,1251475
4359,2014-11-24,1251475
4360,2014-11-25,1251475
4361,2014-11-26,1256957
4362,2014-11-27,1256957
4363,2014-11-28,1256957
4364,2014-11-29,1256957
4365,2014-11-30,1256957
4366,2014-12-01,1256957
4367,2014-12-02,1256957
4368,2014-12-03,1258249
4369,2014-12-04,1258249
4370,2014-12-05,1258249
4371,2014-12-06,1258249
4372,2014-12-07,1258249
4373,2014-12-08,1258249
4374,2014-12-09,1258249
4375,2014-12-10,1261179
4376,2014-12-11,1261179
4377,2014-12-12,1261179
4378,2014-12-13,1261179
4379,2014-12-14,1261179
4380,2014-12-15,1261179
4381,2014-12-16,1261179
4382,2014-12-17,1266325
4383,2014-12-18,1266325
4384,2014-12-19,1266325
4385,2014-12-20,1266325
4386,2014-12-21,1266325
4387,2014-12-22,1266325
4388,2014-12-23,1266325
4389,2014-12-24,1278010
4390,2014-12-25,1278010
4391,2014-12-26,1278010
4392,2014-12-27,1278010
4393,2014-12-28,1278010
4394,2014-12-29,1278010
4395,2014-12-30,1278010
4396,2014-12-31,1282489
4397,2015-01-01,1282489
4398,2015-01-02,1282489
4399,2015-01-03,1282489
4400,2015-01-04,1282489
4401,2015-01-05,1282489
4402,2015-01-06,1282489
4403,2015-01-07,1277464
4404,2015-01-08,1277464
4405,2015-01-09,1277464
4406,2015-01-10,1277464
4407,2015-01-11,1277464
4408,2015-01-12,1277464
4409,2015-01-13,1277464
4410,2015-01-14,1270343
4411,2015-01-15,1270343
4412,2015-01-16,1270343
4413,2015-01-17,1270343
4414,2015-01-18,1270343
4415,2015-01-19,1270343
4416,2015-01-20,1270343
4417,2015-01-21,1270335
4418,2015-01-22,1270335
4419,2015-01-23,1270335
4420,2015-01-24,1270335
4421,2015-01-25,1270335
4422,2015-01-26,1270335
4423,2015-01-27,1270335
4424,2015-01-28,1269580
4425,2015-01-29,1269580
4426,2015-01-30,1269580
4427,2015-01-31,1269580
4428,2015-02-01,1269580
4429,2015-02-02,1269580
4430,2015-02-03,1269580
4431,2015-02-04,1274535
4432,2015-02-05,1274535
4433,2015-02-06,1274535
4434,2015-02-07,1274535
4435,2015-02-08,1274535
4436,2015-02-09,1274535
4437,2015-02-10,1274535
4438,2015-02-11,1281870
4439,2015-02-12,1281870
4440,2015-02-13,1281870
4441,2015-02-14,1281870
4442,2015-02-15,1281870
4443,2015-02-16,1281870
4444,2015-02-17,1281870
4445,2015-02-18,1287949
4446,2015-02-19,1287949
4447,2015-02-20,1287949
4448,2015-02-21,1287949
4449,2015-02-22,1287949
4450,2015-02-23,1287949
4451,2015-02-24,1287949
4452,2015-02-25,1290612
4453,2015-02-26,1290612
4454,2015-02-27,1290612
4455,2015-02-28,1290612
4456,2015-03-01,1290612
4457,2015-03-02,1290612
4458,2015-03-03,1290612
4459,2015-03-04,1294186
4460,2015-03-05,1294186
4461,2015-03-06,1294186
4462,2015-03-07,1294186
4463,2015-03-08,1294186
4464,2015-03-09,1294186
4465,2015-03-10,1294186
4466,2015-03-11,1295437
4467,2015-03-12,1295437
4468,2015-03-13,1295437
4469,2015-03-14,1295437
4470,2015-03-15,1295437
4471,2015-03-16,1295437
4472,2015-03-17,1295437
4473,2015-03-18,1295609
4474,2015-03-19,1295609
4475,2015-03-20,1295609
4476,2015-03-21,1295609
4477,2015-03-22,1295609
4478,2015-03-23,1295609
4479,2015-03-24,1295609
4480,2015-03-25,1296677
4481,2015-03-26,1296677
4482,2015-03-27,1296677
4483,2015-03-28,1296677
4484,2015-03-29,1296677
4485,2015-03-30,1296677
4486,2015-03-31,1296677
4487,2015-04-01,1299022
4488,2015-04-02,1299022
4489,2015-04-03,1299022
4490,2015-04-04,1299022
4491,2015-04-05,1299022
4492,2015-04-06,1299022
4493,2015-04-07,1299022
4494,2015-04-08,1302471
4495,2015-04-09,1302471
4496,2015-04-10,1302471
4497,2015-04-11,1302471
4498,2015-04-12,1302471
4499,2015-04-13,1302471
4500,2015-04-14,1302471
4501,2015-04-15,1300841
4502,2015-04-16,1300841
4503,2015-04-17,1300841
4504,2015-04-18,1300841
4505,2015-04-19,1300841
4506,2015-04-20,1300841
4507,2015-04-21,1300841
4508,2015-04-22,1298801
4509,2015-04-23,1298801
4510,2015-04-24,1298801
4511,2015-04-25,1298801
4512,2015-04-26,1298801
4513,2015-04-27,1298801
4514,2015-04-28,1298801
4515,2015-04-29,1299746
4516,2015-04-30,1299746
4517,2015-05-01,1299746
4518,2015-05-02,1299746
4519,2015-05-03,1299746
4520,2015-05-04,1299746
4521,2015-05-05,1299746
4522,2015-05-06,1303391
4523,2015-05-07,1303391
4524,2015-05-08,1303391
4525,2015-05-09,1303391
4526,2015-05-10,1303391
4527,2015-05-11,1303391
4528,2015-05-12,1303391
4529,2015-05-13,1303784
4530,2015-05-14,1303784
4531,2015-05-15,1303784
4532,2015-05-16,1303784
4533,2015-05-17,1303784
4534,2015-05-18,1303784
4535,2015-05-19,1303784
4536,2015-05-20,1305199
4537,2015-05-21,1305199
4538,2015-05-22,1305199
4539,2015-05-23,1305199
4540,2015-05-24,1305199
4541,2015-05-25,1305199
4542,2015-05-26,1305199
4543,2015-05-27,1308643
4544,2015-05-28,1308643
4545,2015-05-29,1308643
4546,2015-05-30,1308643
4547,2015-05-31,1308643
4548,2015-06-01,1308643
4549,2015-06-02,1308643
4550,2015-06-03,1307546
4551,2015-06-04,1307546
4552,2015-06-05,1307546
4553,2015-06-06,1307546
4554,2015-06-07,1307546
4555,2015-06-08,1307546
4556,2015-06-09,1307546
4557,2015-06-10,1305816
4558,2015-06-11,1305816
4559,2015-06-12,1305816
4560,2015-06-13,1305816
4561,2015-06-14,1305816
4562,2015-06-15,1305816
4563,2015-06-16,1305816
4564,2015-06-17,1304127
4565,2015-06-18,1304127
4566,2015-06-19,1304127
4567,2015-06-20,1304127
4568,2015-06-21,1304127
4569,2015-06-22,1304127
4570,2015-06-23,1304127
4571,2015-06-24,1304238
4572,2015-06-25,1304238
4573,2015-06-26,1304238
4574,2015-06-27,1304238
4575,2015-06-28,1304238
4576,2015-06-29,1304238
4577,2015-06-30,1304238
4578,2015-07-01,1308910
4579,2015-07-02,1308910
4580,2015-07-03,1308910
4581,2015-07-04,1308910
4582,2015-07-05,1308910
4583,2015-07-06,1308910
4584,2015-07-07,1308910
4585,2015-07-08,1310554
4586,2015-07-09,1310554
4587,2015-07-10,1310554
4588,2015-07-11,1310554
4589,2015-07-12,1310554
4590,2015-07-13,1310554
4591,2015-07-14,1310554
4592,2015-07-15,1309462
4593,2015-07-16,1309462
4594,2015-07-17,1309462
4595,2015-07-18,1309462
4596,2015-07-19,1309462
4597,2015-07-20,1309462
4598,2015-07-21,1309462
4599,2015-07-22,1309477
4600,2015-07-23,1309477
4601,2015-07-24,1309477
4602,2015-07-25,1309477
4603,2015-07-26,1309477
4604,2015-07-27,1309477
4605,2015-07-28,1309477
4606,2015-07-29,1311472
4607,2015-07-30,1311472
4608,2015-07-31,1311472
4609,2015-08-01,1311472
4610,2015-08-02,1311472
4611,2015-08-03,1311472
4612,2015-08-04,1311472
4613,2015-08-05,1313834
4614,2015-08-06,1313834
4615,2015-08-07,1313834
4616,2015-08-08,1313834
4617,2015-08-09,1313834
4618,2015-08-10,1313834
4619,2015-08-11,1313834
4620,2015-08-12,1315549
4621,2015-08-13,1315549
4622,2015-08-14,1315549
4623,2015-08-15,1315549
4624,2015-08-16,1315549
4625,2015-08-17,1315549
4626,2015-08-18,1315549
4627,2015-08-19,1315165
4628,2015-08-20,1315165
4629,2015-08-21,1315165
4630,2015-08-22,1315165
4631,2015-08-23,1315165
4632,2015-08-24,1315165
4633,2015-08-25,1315165
4634,2015-08-26,1316970
4635,2015-08-27,1316970
4636,2015-08-28,1316970
4637,2015-08-29,1316970
4638,2015-08-30,1316970
4639,2015-08-31,1316970
4640,2015-09-01,1316970
4641,2015-09-02,1321065
4642,2015-09-03,1321065
4643,2015-09-04,1321065
4644,2015-09-05,1321065
4645,2015-09-06,1321065
4646,2015-09-07,1321065
4647,2015-09-08,1321065
4648,2015-09-09,1325902
4649,2015-09-10,1325902
4650,2015-09-11,1325902
4651,2015-09-12,1325902
4652,2015-09-13,1325902
4653,2015-09-14,1325902
4654,2015-09-15,1325902
4655,2015-09-16,1323484
4656,2015-09-17,1323484
4657,2015-09-18,1323484
4658,2015-09-19,1323484
4659,2015-09-20,1323484
4660,2015-09-21,1323484
4661,2015-09-22,1323484
4662,2015-09-23,1323606
4663,2015-09-24,1323606
4664,2015-09-25,1323606
4665,2015-09-26,1323606
4666,2015-09-27,1323606
4667,2015-09-28,1323606
4668,2015-09-29,1323606
4669,2015-09-30,1326153
4670,2015-10-01,1326153
4671,2015-10-02,1326153
4672,2015-10-03,1326153
4673,2015-10-04,1326153
4674,2015-10-05,1326153
4675,2015-10-06,1326153
4676,2015-10-07,1329603
4677,2015-10-08,1329603
4678,2015-10-09,1329603
4679,2015-10-10,1329603
4680,2015-10-11,1329603
4681,2015-10-12,1329603
4682,2015-10-13,1329603
4683,2015-10-14,1331513
4684,2015-10-15,1331513
4685,2015-10-16,1331513
4686,2015-10-17,1331513
4687,2015-10-18,1331513
4688,2015-10-19,1331513
4689,2015-10-20,1331513
4690,2015-10-21,1330773
4691,2015-10-22,1330773
4692,2015-10-23,1330773
4693,2015-10-24,1330773
4694,2015-10-25,1330773
4695,2015-10-26,1330773
4696,2015-10-27,1330773
4697,2015-10-28,1333502
4698,2015-10-29,1333502
4699,2015-10-30,1333502
4700,2015-10-31,1333502
4701,2015-11-01,1333502
4702,2015-11-02,1333502
4703,2015-11-03,1333502
4704,2015-11-04,1339613
4705,2015-11-05,1339613
4706,2015-11-06,1339613
4707,2015-11-07,1339613
4708,2015-11-08,1339613
4709,2015-11-09,1339613
4710,2015-11-10,1339613
4711,2015-11-11,1344094
4712,2015-11-12,1344094
4713,2015-11-13,1344094
4714,2015-11-14,1344094
4715,2015-11-15,1344094
4716,2015-11-16,1344094
4717,2015-11-17,1344094
4718,2015-11-18,1343711
4719,2015-11-19,1343711
4720,2015-11-20,1343711
4721,2015-11-21,1343711
4722,2015-11-22,1343711
4723,2015-11-23,1343711
4724,2015-11-24,1343711
4725,2015-11-25,1349071
4726,2015-11-26,1349071
4727,2015-11-27,1349071
4728,2015-11-28,1349071
4729,2015-11-29,1349071
4730,2015-11-30,1349071
4731,2015-12-01,1349071
4732,2015-12-02,1350365
4733,2015-12-03,1350365
4734,2015-12-04,1350365
4735,2015-12-05,1350365
4736,2015-12-06,1350365
4737,2015-12-07,1350365
4738,2015-12-08,1350365
4739,2015-12-09,1351105
4740,2015-12-10,1351105
4741,2015-12-11,1351105
4742,2015-12-12,1351105
4743,2015-12-13,1351105
4744,2015-12-14,1351105
4745,2015-12-15,1351105
4746,2015-12-16,1352748
4747,2015-12-17,1352748
4748,2015-12-18,1352748
4749,2015-12-19,1352748
4750,2015-12-20,1352748
4751,2015-12-21,1352748
4752,2015-12-22,1352748
4753,2015-12-23,1360116
4754,2015-12-24,1360116
4755,2015-12-25,1360116
4756,2015-12-26,1360116
4757,2015-12-27,1360116
4758,2015-12-28,1360116
4759,2015-12-29,1360116
4760,2015-12-30,1364522
4761,2015-12-31,1364522
4762,2016-01-01,1364522
4763,2016-01-02,1364522
4764,2016-01-03,1364522
4765,2016-01-04,1364522
4766,2016-01-05,1364522
4767,2016-01-06,1360264
4768,2016-01-07,1360264
4769,2016-01-08,1360264
4770,2016-01-09,1360264
4771,2016-01-10,1360264
4772,2016-01-11,1360264
4773,2016-01-12,1360264
4774,2016-01-13,1353987
4775,2016-01-14,1353987
4776,2016-01-15,1353987
4777,2016-01-16,1353987
4778,2016-01-17,1353987
4779,2016-01-18,1353987
4780,2016-01-19,1353987
4781,2016-01-20,1352814
4782,2016-01-21,1352814
4783,2016-01-22,1352814
4784,2016-01-23,1352814
4785,2016-01-24,1352814
4786,2016-01-25,1352814
4787,2016-01-26,1352814
4788,2016-01-27,1351950
4789,2016-01-28,1351950
4790,2016-01-29,1351950
4791,2016-01-30,1351950
4792,2016-01-31,1351950
4793,2016-02-01,1351950
4794,2016-02-02,1351950
4795,2016-02-03,1354018
4796,2016-02-04,1354018
4797,2016-02-05,1354018
4798,2016-02-06,1354018
4799,2016-02-07,1354018
4800,2016-02-08,1354018
4801,2016-02-09,1354018
4802,2016-02-10,1357690
4803,2016-02-11,1357690
4804,2016-02-12,1357690
4805,2016-02-13,1357690
4806,2016-02-14,1357690
4807,2016-02-15,1357690
4808,2016-02-16,1357690
4809,2016-02-17,1366408
4810,2016-02-18,1366408
4811,2016-02-19,1366408
4812,2016-02-20,1366408
4813,2016-02-21,1366408
4814,2016-02-22,1366408
4815,2016-02-23,1366408
4816,2016-02-24,1368846
4817,2016-02-25,1368846
4818,2016-02-26,1368846
4819,2016-02-27,1368846
4820,2016-02-28,1368846
4821,2016-02-29,1368846
4822,2016-03-01,1368846
4823,2016-03-02,1371735
4824,2016-03-03,1371735
4825,2016-03-04,1371735
4826,2016-03-05,1371735
4827,2016-03-06,1371735
4828,2016-03-07,1371735
4829,2016-03-08,1371735
4830,2016-03-09,1375637
4831,2016-03-10,1375637
4832,2016-03-11,1375637
4833,2016-03-12,1375637
4834,2016-03-13,1375637
4835,2016-03-14,1375637
4836,2016-03-15,1375637
4837,2016-03-16,1377718
4838,2016-03-17,1377718
4839,2016-03-18,1377718
4840,2016-03-19,1377718
4841,2016-03-20,1377718
4842,2016-03-21,1377718
4843,2016-03-22,1377718
4844,2016-03-23,1379559
4845,2016-03-24,1379559
4846,2016-03-25,1379559
4847,2016-03-26,1379559
4848,2016-03-27,1379559
4849,2016-03-28,1379559
4850,2016-03-29,1379559
4851,2016-03-30,1381405
4852,2016-03-31,1381405
4853,2016-04-01,1381405
4854,2016-04-02,1381405
4855,2016-04-03,1381405
4856,2016-04-04,1381405
4857,2016-04-05,1381405
4858,2016-04-06,1383804
4859,2016-04-07,1383804
4860,2016-04-08,1383804
4861,2016-04-09,1383804
4862,2016-04-10,1383804
4863,2016-04-11,1383804
4864,2016-04-12,1383804
4865,2016-04-13,1383041
4866,2016-04-14,1383041
4867,2016-04-15,1383041
4868,2016-04-16,1383041
4869,2016-04-17,1383041
4870,2016-04-18,1383041
4871,2016-04-19,1383041
4872,2016-04-20,1383632
4873,2016-04-21,1383632
4874,2016-04-22,1383632
4875,2016-04-23,1383632
4876,2016-04-24,1383632
4877,2016-04-25,1383632
4878,2016-04-26,1383632
4879,2016-04-27,1386365
4880,2016-04-28,1386365
4881,2016-04-29,1386365
4882,2016-04-30,1386365
4883,2016-05-01,1386365
4884,2016-05-02,1386365
4885,2016-05-03,1386365
4886,2016-05-04,1389278
4887,2016-05-05,1389278
4888,2016-05-06,1389278
4889,2016-05-07,1389278
4890,2016-05-08,1389278
4891,2016-05-09,1389278
4892,2016-05-10,1389278
4893,2016-05-11,1390581
4894,2016-05-12,1390581
4895,2016-05-13,1390581
4896,2016-05-14,1390581
4897,2016-05-15,1390581
4898,2016-05-16,1390581
4899,2016-05-17,1390581
4900,2016-05-18,1390346
4901,2016-05-19,1390346
4902,2016-05-20,1390346
4903,2016-05-21,1390346
4904,2016-05-22,1390346
4905,2016-05-23,1390346
4906,2016-05-24,1390346
4907,2016-05-25,1392252
4908,2016-05-26,1392252
4909,2016-05-27,1392252
4910,2016-05-28,1392252
4911,2016-05-29,1392252
4912,2016-05-30,1392252
4913,2016-05-31,1392252
4914,2016-06-01,1397320
4915,2016-06-02,1397320
4916,2016-06-03,1397320
4917,2016-06-04,1397320
4918,2016-06-05,1397320
4919,2016-06-06,1397320
4920,2016-06-07,1397320
4921,2016-06-08,1396222
4922,2016-06-09,1396222
4923,2016-06-10,1396222
4924,2016-06-11,1396222
4925,2016-06-12,1396222
4926,2016-06-13,1396222
4927,2016-06-14,1396222
4928,2016-06-15,1395047
4929,2016-06-16,1395047
4930,2016-06-17,1395047
4931,2016-06-18,1395047
4932,2016-06-19,1395047
4933,2016-06-20,1395047
4934,2016-06-21,1395047
4935,2016-06-22,1394936
4936,2016-06-23,1394936
4937,2016-06-24,1394936
4938,2016-06-25,1394936
4939,2016-06-26,1394936
4940,2016-06-27,1394936
4941,2016-06-28,1394936
4942,2016-06-29,1400511
4943,2016-06-30,1400511
4944,2016-07-01,1400511
4945,2016-07-02,1400511
4946,2016-07-03,1400511
4947,2016-07-04,1400511
4948,2016-07-05,1400511
4949,2016-07-06,1404624
4950,2016-07-07,1404624
4951,2016-07-08,1404624
4952,2016-07-09,1404624
4953,2016-07-10,1404624
4954,2016-07-11,1404624
4955,2016-07-12,1404624
4956,2016-07-13,1402358
4957,2016-07-14,1402358
4958,2016-07-15,1402358
4959,2016-07-16,1402358
4960,2016-07-17,1402358
4961,2016-07-18,1402358
4962,2016-07-19,1402358
4963,2016-07-20,1400368
4964,2016-07-21,1400368
4965,2016-07-22,1400368
4966,2016-07-23,1400368
4967,2016-07-24,1400368
4968,2016-07-25,1400368
4969,2016-07-26,1400368
4970,2016-07-27,1400341
4971,2016-07-28,1400341
4972,2016-07-29,1400341
4973,2016-07-30,1400341
4974,2016-07-31,1400341
4975,2016-08-01,1400341
4976,2016-08-02,1400341
4977,2016-08-03,1402697
4978,2016-08-04,1402697
4979,2016-08-05,1402697
4980,2016-08-06,1402697
4981,2016-08-07,1402697
4982,2016-08-08,1402697
4983,2016-08-09,1402697
4984,2016-08-10,1403140
4985,2016-08-11,1403140
4986,2016-08-12,1403140
4987,2016-08-13,1403140
4988,2016-08-14,1403140
4989,2016-08-15,1403140
4990,2016-08-16,1403140
4991,2016-08-17,1402362
4992,2016-08-18,1402362
4993,2016-08-19,1402362
4994,2016-08-20,1402362
4995,2016-08-21,1402362
4996,2016-08-22,1402362
4997,2016-08-23,1402362
4998,2016-08-24,1402832
4999,2016-08-25,1402832
5000,2016-08-26,1402832
5001,2016-08-27,1402832
5002,2016-08-28,1402832
5003,2016-08-29,1402832
5004,2016-08-30,1402832
5005,2016-08-31,1406381
5006,2016-09-01,1406381
5007,2016-09-02,1406381
5008,2016-09-03,1406381
5009,2016-09-04,1406381
5010,2016-09-05,1406381
5011,2016-09-06,1406381
5012,2016-09-07,1411201
5013,2016-09-08,1411201
5014,2016-09-09,1411201
5015,2016-09-10,1411201
5016,2016-09-11,1411201
5017,2016-09-12,1411201
5018,2016-09-13,1411201
5019,2016-09-14,1408185
5020,2016-09-15,1408185
5021,2016-09-16,1408185
5022,2016-09-17,1408185
5023,2016-09-18,1408185
5024,2016-09-19,1408185
5025,2016-09-20,1408185
5026,2016-09-21,1406249
5027,2016-09-22,1406249
5028,2016-09-23,1406249
5029,2016-09-24,1406249
5030,2016-09-25,1406249
5031,2016-09-26,1406249
5032,2016-09-27,1406249
5033,2016-09-28,1407687
5034,2016-09-29,1407687
5035,2016-09-30,1407687
5036,2016-10-01,1407687
5037,2016-10-02,1407687
5038,2016-10-03,1407687
5039,2016-10-04,1407687
5040,2016-10-05,1412779
5041,2016-10-06,1412779
5042,2016-10-07,1412779
5043,2016-10-08,1412779
5044,2016-10-09,1412779
5045,2016-10-10,1412779
5046,2016-10-11,1412779
5047,2016-10-12,1416429
5048,2016-10-13,1416429
5049,2016-10-14,1416429
5050,2016-10-15,1416429
5051,2016-10-16,1416429
5052,2016-10-17,1416429
5053,2016-10-18,1416429
5054,2016-10-19,1414452
5055,2016-10-20,1414452
5056,2016-10-21,1414452
5057,2016-10-22,1414452
5058,2016-10-23,1414452
5059,2016-10-24,1414452
5060,2016-10-25,1414452
5061,2016-10-26,1415145
5062,2016-10-27,1415145
5063,2016-10-28,1415145
5064,2016-10-29,1415145
5065,2016-10-30,1415145
5066,2016-10-31,1415145
5067,2016-11-01,1415145
5068,2016-11-02,1422098
5069,2016-11-03,1422098
5070,2016-11-04,1422098
5071,2016-11-05,1422098
5072,2016-11-06,1422098
5073,2016-11-07,1422098
5074,2016-11-08,1422098
5075,2016-11-09,1427147
5076,2016-11-10,1427147
5077,2016-11-11,1427147
5078,2016-11-12,1427147
5079,2016-11-13,1427147
5080,2016-11-14,1427147
5081,2016-11-15,1427147
5082,2016-11-16,1428316
5083,2016-11-17,1428316
5084,2016-11-18,1428316
5085,2016-11-19,1428316
5086,2016-11-20,1428316
5087,2016-11-21,1428316
5088,2016-11-22,1428316
5089,2016-11-23,1432119
5090,2016-11-24,1432119
5091,2016-11-25,1432119
5092,2016-11-26,1432119
5093,2016-11-27,1432119
5094,2016-11-28,1432119
5095,2016-11-29,1432119
5096,2016-11-30,1432394
5097,2016-12-01,1432394
5098,2016-12-02,1432394
5099,2016-12-03,1432394
5100,2016-12-04,1432394
5101,2016-12-05,1432394
5102,2016-12-06,1432394
5103,2016-12-07,1434670
5104,2016-12-08,1434670
5105,2016-12-09,1434670
5106,2016-12-10,1434670
5107,2016-12-11,1434670
5108,2016-12-12,1434670
5109,2016-12-13,1434670
5110,2016-12-14,1435863
5111,2016-12-15,1435863
5112,2016-12-16,1435863
5113,2016-12-17,1435863
5114,2016-12-18,1435863
5115,2016-12-19,1435863
5116,2016-12-20,1435863
5117,2016-12-21,1440264
5118,2016-12-22,1440264
5119,2016-12-23,1440264
5120,2016-12-24,1440264
5121,2016-12-25,1440264
5122,2016-12-26,1440264
5123,2016-12-27,1440264
5124,2016-12-28,1446337
5125,2016-12-29,1446337
5126,2016-12-30,1446337
5127,2016-12-31,1446337
5128,2017-01-01,1446337
5129,2017-01-02,1446337
5130,2017-01-03,1446337
5131,2017-01-04,1446326
5132,2017-01-05,1446326
5133,2017-01-06,1446326
5134,2017-01-07,1446326
5135,2017-01-08,1446326
5136,2017-01-09,1446326
5137,2017-01-10,1446326
5138,2017-01-11,1441364
5139,2017-01-12,1441364
5140,2017-01-13,1441364
5141,2017-01-14,1441364
5142,2017-01-15,1441364
5143,2017-01-16,1441364
5144,2017-01-17,1441364
5145,2017-01-18,1440541
5146,2017-01-19,1440541
5147,2017-01-20,1440541
5148,2017-01-21,1440541
5149,2017-01-22,1440541
5150,2017-01-23,1440541
5151,2017-01-24,1440541
5152,2017-01-25,1436643
5153,2017-01-26,1436643
5154,2017-01-27,1436643
5155,2017-01-28,1436643
5156,2017-01-29,1436643
5157,2017-01-30,1436643
5158,2017-01-31,1436643
5159,2017-02-01,1437485
5160,2017-02-02,1437485
5161,2017-02-03,1437485
5162,2017-02-04,1437485
5163,2017-02-05,1437485
5164,2017-02-06,1437485
5165,2017-02-07,1437485
5166,2017-02-08,1442663
5167,2017-02-09,1442663
5168,2017-02-10,1442663
5169,2017-02-11,1442663
5170,2017-02-12,1442663
5171,2017-02-13,1442663
5172,2017-02-14,1442663
5173,2017-02-15,1446192
5174,2017-02-16,1446192
5175,2017-02-17,1446192
5176,2017-02-18,1446192
5177,2017-02-19,1446192
5178,2017-02-20,1446192
5179,2017-02-21,1446192
5180,2017-02-22,1449852
5181,2017-02-23,1449852
5182,2017-02-24,1449852
5183,2017-02-25,1449852
5184,2017-02-26,1449852
5185,2017-02-27,1449852
5186,2017-02-28,1449852
5187,2017-03-01,1458875
5188,2017-03-02,1458875
5189,2017-03-03,1458875
5190,2017-03-04,1458875
5191,2017-03-05,1458875
5192,2017-03-06,1458875
5193,2017-03-07,1458875
5194,2017-03-08,1466255
5195,2017-03-09,1466255
5196,2017-03-10,1466255
5197,2017-03-11,1466255
5198,2017-03-12,1466255
5199,2017-03-13,1466255
5200,2017-03-14,1466255
5201,2017-03-15,1468258
5202,2017-03-16,1468258
5203,2017-03-17,1468258
5204,2017-03-18,1468258
5205,2017-03-19,1468258
5206,2017-03-20,1468258
5207,2017-03-21,1468258
5208,2017-03-22,1471068
5209,2017-03-23,1471068
5210,2017-03-24,1471068
5211,2017-03-25,1471068
5212,2017-03-26,1471068
5213,2017-03-27,1471068
5214,2017-03-28,1471068
5215,2017-03-29,1473546
5216,2017-03-30,1473546
5217,2017-03-31,1473546
5218,2017-04-01,1473546
5219,2017-04-02,1473546
5220,2017-04-03,1473546
5221,2017-04-04,1473546
5222,2017-04-05,1477241
5223,2017-04-06,1477241
5224,2017-04-07,1477241
5225,2017-04-08,1477241
5226,2017-04-09,1477241
5227,2017-04-10,1477241
5228,2017-04-11,1477241
5229,2017-04-12,1478101
5230,2017-04-13,1478101
5231,2017-04-14,1478101
5232,2017-04-15,1478101
5233,2017-04-16,1478101
5234,2017-04-17,1478101
5235,2017-04-18,1478101
5236,2017-04-19,1478455
5237,2017-04-20,1478455
5238,2017-04-21,1478455
5239,2017-04-22,1478455
5240,2017-04-23,1478455
5241,2017-04-24,1478455
5242,2017-04-25,1478455
5243,2017-04-26,1479842
5244,2017-04-27,1479842
5245,2017-04-28,1479842
5246,2017-04-29,1479842
5247,2017-04-30,1479842
5248,2017-05-01,1479842
5249,2017-05-02,1479842
5250,2017-05-03,1483297
5251,2017-05-04,1483297
5252,2017-05-05,1483297
5253,2017-05-06,1483297
5254,2017-05-07,1483297
5255,2017-05-08,1483297
5256,2017-05-09,1483297
5257,2017-05-10,1485435
5258,2017-05-11,1485435
5259,2017-05-12,1485435
5260,2017-05-13,1485435
5261,2017-05-14,1485435
5262,2017-05-15,1485435
5263,2017-05-16,1485435
5264,2017-05-17,1485455
5265,2017-05-18,1485455
5266,2017-05-19,1485455
5267,2017-05-20,1485455
5268,2017-05-21,1485455
5269,2017-05-22,1485455
5270,2017-05-23,1485455
5271,2017-05-24,1488537
5272,2017-05-25,1488537
5273,2017-05-26,1488537
5274,2017-05-27,1488537
5275,2017-05-28,1488537
5276,2017-05-29,1488537
5277,2017-05-30,1488537
5278,2017-05-31,1493388
5279,2017-06-01,1493388
5280,2017-06-02,1493388
5281,2017-06-03,1493388
5282,2017-06-04,1493388
5283,2017-06-05,1493388
5284,2017-06-06,1493388
5285,2017-06-07,1493218
5286,2017-06-08,1493218
5287,2017-06-09,1493218
5288,2017-06-10,1493218
5289,2017-06-11,1493218
5290,2017-06-12,1493218
5291,2017-06-13,1493218
5292,2017-06-14,1492324
5293,2017-06-15,1492324
5294,2017-06-16,1492324
5295,2017-06-17,1492324
5296,2017-06-18,1492324
5297,2017-06-19,1492324
5298,2017-06-20,1492324
5299,2017-06-21,1492536
5300,2017-06-22,1492536
5301,2017-06-23,1492536
5302,2017-06-24,1492536
5303,2017-06-25,1492536
5304,2017-06-26,1492536
5305,2017-06-27,1492536
5306,2017-06-28,1495949
5307,2017-06-29,1495949
5308,2017-06-30,1495949
5309,2017-07-01,1495949
5310,2017-07-02,1495949
5311,2017-07-03,1495949
5312,2017-07-04,1495949
5313,2017-07-05,1502729
5314,2017-07-06,1502729
5315,2017-07-07,1502729
5316,2017-07-08,1502729
5317,2017-07-09,1502729
5318,2017-07-10,1502729
5319,2017-07-11,1502729
5320,2017-07-12,1501572
5321,2017-07-13,1501572
5322,2017-07-14,1501572
5323,2017-07-15,1501572
5324,2017-07-16,1501572
5325,2017-07-17,1501572
5326,2017-07-18,1501572
5327,2017-07-19,1498623
5328,2017-07-20,1498623
5329,2017-07-21,1498623
5330,2017-07-22,1498623
5331,2017-07-23,1498623
5332,2017-07-24,1498623
5333,2017-07-25,1498623
5334,2017-07-26,1498714
5335,2017-07-27,1498714
5336,2017-07-28,1498714
5337,2017-07-29,1498714
5338,2017-07-30,1498714
5339,2017-07-31,1498714
5340,2017-08-01,1498714
5341,2017-08-02,1502159
5342,2017-08-03,1502159
5343,2017-08-04,1502159
5344,2017-08-05,1502159
5345,2017-08-06,1502159
5346,2017-08-07,1502159
5347,2017-08-08,1502159
5348,2017-08-09,1503814
5349,2017-08-10,1503814
5350,2017-08-11,1503814
5351,2017-08-12,1503814
5352,2017-08-13,1503814
5353,2017-08-14,1503814
5354,2017-08-15,1503814
5355,2017-08-16,1503238
5356,2017-08-17,1503238
5357,2017-08-18,1503238
5358,2017-08-19,1503238
5359,2017-08-20,1503238
5360,2017-08-21,1503238
5361,2017-08-22,1503238
5362,2017-08-23,1503364
5363,2017-08-24,1503364
5364,2017-08-25,1503364
5365,2017-08-26,1503364
5366,2017-08-27,1503364
5367,2017-08-28,1503364
5368,2017-08-29,1503364
5369,2017-08-30,1507238
5370,2017-08-31,1507238
5371,2017-09-01,1507238
5372,2017-09-02,1507238
5373,2017-09-03,1507238
5374,2017-09-04,1507238
5375,2017-09-05,1507238
5376,2017-09-06,1515128
5377,2017-09-07,1515128
5378,2017-09-08,1515128
5379,2017-09-09,1515128
5380,2017-09-10,1515128
5381,2017-09-11,1515128
5382,2017-09-12,1515128
5383,2017-09-13,1517347
5384,2017-09-14,1517347
5385,2017-09-15,1517347
5386,2017-09-16,1517347
5387,2017-09-17,1517347
5388,2017-09-18,1517347
5389,2017-09-19,1517347
5390,2017-09-20,1517346
5391,2017-09-21,1517346
5392,2017-09-22,1517346
5393,2017-09-23,1517346
5394,2017-09-24,1517346
5395,2017-09-25,1517346
5396,2017-09-26,1517346
5397,2017-09-27,1516887
5398,2017-09-28,1516887
5399,2017-09-29,1516887
5400,2017-09-30,1516887
5401,2017-10-01,1516887
5402,2017-10-02,1516887
5403,2017-10-03,1516887
5404,2017-10-04,1519512
5405,2017-10-05,1519512
5406,2017-10-06,1519512
5407,2017-10-07,1519512
5408,2017-10-08,1519512
5409,2017-10-09,1519512
5410,2017-10-10,1519512
5411,2017-10-11,1522149
5412,2017-10-12,1522149
5413,2017-10-13,1522149
5414,2017-10-14,1522149
5415,2017-10-15,1522149
5416,2017-10-16,1522149
5417,2017-10-17,1522149
5418,2017-10-18,1521819
5419,2017-10-19,1521819
5420,2017-10-20,1521819
5421,2017-10-21,1521819
5422,2017-10-22,1521819
5423,2017-10-23,1521819
5424,2017-10-24,1521819
5425,2017-10-25,1520640
5426,2017-10-26,1520640
5427,2017-10-27,1520640
5428,2017-10-28,1520640
5429,2017-10-29,1520640
5430,2017-10-30,1520640
5431,2017-10-31,1520640
5432,2017-11-01,1525857
5433,2017-11-02,1525857
5434,2017-11-03,1525857
5435,2017-11-04,1525857
5436,2017-11-05,1525857
5437,2017-11-06,1525857
5438,2017-11-07,1525857
5439,2017-11-08,1528319
5440,2017-11-09,1528319
5441,2017-11-10,1528319
5442,2017-11-11,1528319
5443,2017-11-12,1528319
5444,2017-11-13,1528319
5445,2017-11-14,1528319
5446,2017-11-15,1529603
5447,2017-11-16,1529603
5448,2017-11-17,1529603
5449,2017-11-18,1529603
5450,2017-11-19,1529603
5451,2017-11-20,1529603
5452,2017-11-21,1529603
5453,2017-11-22,1535408
5454,2017-11-23,1535408
5455,2017-11-24,1535408
5456,2017-11-25,1535408
5457,2017-11-26,1535408
5458,2017-11-27,1535408
5459,2017-11-28,1535408
5460,2017-11-29,1536469
5461,2017-11-30,1536469
5462,2017-12-01,1536469
5463,2017-12-02,1536469
5464,2017-12-03,1536469
5465,2017-12-04,1536469
5466,2017-12-05,1536469
5467,2017-12-06,1539430
5468,2017-12-07,1539430
5469,2017-12-08,1539430
5470,2017-12-09,1539430
5471,2017-12-10,1539430
5472,2017-12-11,1539430
5473,2017-12-12,1539430
5474,2017-12-13,1540540
5475,2017-12-14,1540540
5476,2017-12-15,1540540
5477,2017-12-16,1540540
5478,2017-12-17,1540540
5479,2017-12-18,1540540
5480,2017-12-19,1540540
5481,2017-12-20,1544428
5482,2017-12-21,1544428
5483,2017-12-22,1544428
5484,2017-12-23,1544428
5485,2017-12-24,1544428
5486,2017-12-25,1544428
5487,2017-12-26,1544428
5488,2017-12-27,1552821
5489,2017-12-28,1552821
5490,2017-12-29,1552821
5491,2017-12-30,1552821
5492,2017-12-31,1552821
5493,2018-01-01,1552821
5494,2018-01-02,1552821
5495,2018-01-03,1555035
5496,2018-01-04,1555035
5497,2018-01-05,1555035
5498,2018-01-06,1555035
5499,2018-01-07,1555035
5500,2018-01-08,1555035
5501,2018-01-09,1555035
5502,2018-01-10,1549140
5503,2018-01-11,1549140
5504,2018-01-12,1549140
5505,2018-01-13,1549140
5506,2018-01-14,1549140
5507,2018-01-15,1549140
5508,2018-01-16,1549140
5509,2018-01-17,1546770
5510,2018-01-18,1546770
5511,2018-01-19,1546770
5512,2018-01-20,1546770
5513,2018-01-21,1546770
5514,2018-01-22,1546770
5515,2018-01-23,1546770
5516,2018-01-24,1543188
5517,2018-01-25,1543188
5518,2018-01-26,1543188
5519,2018-01-27,1543188
5520,2018-01-28,1543188
5521,2018-01-29,1543188
5522,2018-01-30,1543188
5523,2018-01-31,1544065
5524,2018-02-01,1544065
5525,2018-02-02,1544065
5526,2018-02-03,1544065
5527,2018-02-04,1544065
5528,2018-02-05,1544065
5529,2018-02-06,1544065
5530,2018-02-07,1549096
5531,2018-02-08,1549096
5532,2018-02-09,1549096
5533,2018-02-10,1549096
5534,2018-02-11,1549096
5535,2018-02-12,1549096
5536,2018-02-13,1549096
5537,2018-02-14,1552800
5538,2018-02-15,1552800
5539,2018-02-16,1552800
5540,2018-02-17,1552800
5541,2018-02-18,1552800
5542,2018-02-19,1552800
5543,2018-02-20,1552800
5544,2018-02-21,1558159
5545,2018-02-22,1558159
5546,2018-02-23,1558159
5547,2018-02-24,1558159
5548,2018-02-25,1558159
5549,2018-02-26,1558159
5550,2018-02-27,1558159
5551,2018-02-28,1563748
5552,2018-03-01,1563748
5553,2018-03-02,1563748
5554,2018-03-03,1563748
5555,2018-03-04,1563748
5556,2018-03-05,1563748
5557,2018-03-06,1563748
5558,2018-03-07,1569552
5559,2018-03-08,1569552
5560,2018-03-09,1569552
5561,2018-03-10,1569552
5562,2018-03-11,1569552
5563,2018-03-12,1569552
5564,2018-03-13,1569552
5565,2018-03-14,1571423
5566,2018-03-15,1571423
5567,2018-03-16,1571423
5568,2018-03-17,1571423
5569,2018-03-18,1571423
5570,2018-03-19,1571423
5571,2018-03-20,1571423
5572,2018-03-21,1571154
5573,2018-03-22,1571154
5574,2018-03-23,1571154
5575,2018-03-24,1571154
5576,2018-03-25,1571154
5577,2018-03-26,1571154
5578,2018-03-27,1571154
5579,2018-03-28,1573298
5580,2018-03-29,1573298
5581,2018-03-30,1573298
5582,2018-03-31,1573298
5583,2018-04-01,1573298
5584,2018-04-02,1573298
5585,2018-04-03,1573298
5586,2018-04-04,1576932
5587,2018-04-05,1576932
5588,2018-04-06,1576932
5589,2018-04-07,1576932
5590,2018-04-08,1576932
5591,2018-04-09,1576932
5592,2018-04-10,1576932
5593,2018-04-11,1577128
5594,2018-04-12,1577128
5595,2018-04-13,1577128
5596,2018-04-14,1577128
5597,2018-04-15,1577128
5598,2018-04-16,1577128
5599,2018-04-17,1577128
5600,2018-04-18,1578579
5601,2018-04-19,1578579
5602,2018-04-20,1578579
5603,2018-04-21,1578579
5604,2018-04-22,1578579
5605,2018-04-23,1578579
5606,2018-04-24,1578579
5607,2018-04-25,1579591
5608,2018-04-26,1579591
5609,2018-04-27,1579591
5610,2018-04-28,1579591
5611,2018-04-29,1579591
5612,2018-04-30,1579591
5613,2018-05-01,1579591
5614,2018-05-02,1582362
5615,2018-05-03,1582362
5616,2018-05-04,1582362
5617,2018-05-05,1582362
5618,2018-05-06,1582362
5619,2018-05-07,1582362
5620,2018-05-08,1582362
5621,2018-05-09,1585373
5622,2018-05-10,1585373
5623,2018-05-11,1585373
5624,2018-05-12,1585373
5625,2018-05-13,1585373
5626,2018-05-14,1585373
5627,2018-05-15,1585373
5628,2018-05-16,1589906
5629,2018-05-17,1589906
5630,2018-05-18,1589906
5631,2018-05-19,1589906
5632,2018-05-20,1589906
5633,2018-05-21,1589906
5634,2018-05-22,1589906
5635,2018-05-23,1592894
5636,2018-05-24,1592894
5637,2018-05-25,1592894
5638,2018-05-26,1592894
5639,2018-05-27,1592894
5640,2018-05-28,1592894
5641,2018-05-29,1592894
5642,2018-05-30,1597442
5643,2018-05-31,1597442
5644,2018-06-01,1597442
5645,2018-06-02,1597442
5646,2018-06-03,1597442
5647,2018-06-04,1597442
5648,2018-06-05,1597442
5649,2018-06-06,1598531
5650,2018-06-07,1598531
5651,2018-06-08,1598531
5652,2018-06-09,1598531
5653,2018-06-10,1598531
5654,2018-06-11,1598531
5655,2018-06-12,1598531
5656,2018-06-13,1597879
5657,2018-06-14,1597879
5658,2018-06-15,1597879
5659,2018-06-16,1597879
5660,2018-06-17,1597879
5661,2018-06-18,1597879
5662,2018-06-19,1597879
5663,2018-06-20,1597793
5664,2018-06-21,1597793
5665,2018-06-22,1597793
5666,2018-06-23,1597793
5667,2018-06-24,1597793
5668,2018-06-25,1597793
5669,2018-06-26,1597793
5670,2018-06-27,1601352
5671,2018-06-28,1601352
5672,2018-06-29,1601352
5673,2018-06-30,1601352
5674,2018-07-01,1601352
5675,2018-07-02,1601352
5676,2018-07-03,1601352
5677,2018-07-04,1608181
5678,2018-07-05,1608181
5679,2018-07-06,1608181
5680,2018-07-07,1608181
5681,2018-07-08,1608181
5682,2018-07-09,1608181
5683,2018-07-10,1608181
5684,2018-07-11,1608148
5685,2018-07-12,1608148
5686,2018-07-13,1608148
5687,2018-07-14,1608148
5688,2018-07-15,1608148
5689,2018-07-16,1608148
5690,2018-07-17,1608148
5691,2018-07-18,1604427
5692,2018-07-19,1604427
5693,2018-07-20,1604427
5694,2018-07-21,1604427
5695,2018-07-22,1604427
5696,2018-07-23,1604427
5697,2018-07-24,1604427
5698,2018-07-25,1604310
5699,2018-07-26,1604310
5700,2018-07-27,1604310
5701,2018-07-28,1604310
5702,2018-07-29,1604310
5703,2018-07-30,1604310
5704,2018-07-31,1604310
5705,2018-08-01,1605721
5706,2018-08-02,1605721
5707,2018-08-03,1605721
5708,2018-08-04,1605721
5709,2018-08-05,1605721
5710,2018-08-06,1605721
5711,2018-08-07,1605721
5712,2018-08-08,1607682
5713,2018-08-09,1607682
5714,2018-08-10,1607682
5715,2018-08-11,1607682
5716,2018-08-12,1607682
5717,2018-08-13,1607682
5718,2018-08-14,1607682
5719,2018-08-15,1609678
5720,2018-08-16,1609678
5721,2018-08-17,1609678
5722,2018-08-18,1609678
5723,2018-08-19,1609678
5724,2018-08-20,1609678
5725,2018-08-21,1609678
5726,2018-08-22,1611153
5727,2018-08-23,1611153
5728,2018-08-24,1611153
5729,2018-08-25,1611153
5730,2018-08-26,1611153
5731,2018-08-27,1611153
5732,2018-08-28,1611153
5733,2018-08-29,1617032
5734,2018-08-30,1617032
5735,2018-08-31,1617032
5736,2018-09-01,1617032
5737,2018-09-02,1617032
5738,2018-09-03,1617032
5739,2018-09-04,1617032
5740,2018-09-05,1624608
5741,2018-09-06,1624608
5742,2018-09-07,1624608
5743,2018-09-08,1624608
5744,2018-09-09,1624608
5745,2018-09-10,1624608
5746,2018-09-11,1624608
5747,2018-09-12,1622939
5748,2018-09-13,1622939
5749,2018-09-14,1622939
5750,2018-09-15,1622939
5751,2018-09-16,1622939
5752,2018-09-17,1622939
5753,2018-09-18,1622939
5754,2018-09-19,1621723
5755,2018-09-20,1621723
5756,2018-09-21,1621723
5757,2018-09-22,1621723
5758,2018-09-23,1621723
5759,2018-09-24,1621723
5760,2018-09-25,1621723
5761,2018-09-26,1621978
5762,2018-09-27,1621978
5763,2018-09-28,1621978
5764,2018-09-29,1621978
5765,2018-09-30,1621978
5766,2018-10-01,1621978
5767,2018-10-02,1621978
5768,2018-10-03,1625865
5769,2018-10-04,1625865
5770,2018-10-05,1625865
5771,2018-10-06,1625865
5772,2018-10-07,1625865
5773,2018-10-08,1625865
5774,2018-10-09,1625865
5775,2018-10-10,1628928
5776,2018-10-11,1628928
5777,2018-10-12,1628928
5778,2018-10-13,1628928
5779,2018-10-14,1628928
5780,2018-10-15,1628928
5781,2018-10-16,1628928
5782,2018-10-17,1627414
5783,2018-10-18,1627414
5784,2018-10-19,1627414
5785,2018-10-20,1627414
5786,2018-10-21,1627414
5787,2018-10-22,1627414
5788,2018-10-23,1627414
5789,2018-10-24,1626429
5790,2018-10-25,1626429
5791,2018-10-26,1626429
5792,2018-10-27,1626429
5793,2018-10-28,1626429
5794,2018-10-29,1626429
5795,2018-10-30,1626429
5796,2018-10-31,1631929
5797,2018-11-01,1631929
5798,2018-11-02,1631929
5799,2018-11-03,1631929
5800,2018-11-04,1631929
5801,2018-11-05,1631929
5802,2018-11-06,1631929
5803,2018-11-07,1635013
5804,2018-11-08,1635013
5805,2018-11-09,1635013
5806,2018-11-10,1635013
5807,2018-11-11,1635013
5808,2018-11-12,1635013
5809,2018-11-13,1635013
5810,2018-11-14,1638634
5811,2018-11-15,1638634
5812,2018-11-16,1638634
5813,2018-11-17,1638634
5814,2018-11-18,1638634
5815,2018-11-19,1638634
5816,2018-11-20,1638634
5817,2018-11-21,1641840
5818,2018-11-22,1641840
5819,2018-11-23,1641840
5820,2018-11-24,1641840
5821,2018-11-25,1641840
5822,2018-11-26,1641840
5823,2018-11-27,1641840
5824,2018-11-28,1642268
5825,2018-11-29,1642268
5826,2018-11-30,1642268
5827,2018-12-01,1642268
5828,2018-12-02,1642268
5829,2018-12-03,1642268
5830,2018-12-04,1642268
5831,2018-12-05,1642001
5832,2018-12-06,1642001
5833,2018-12-07,1642001
5834,2018-12-08,1642001
5835,2018-12-09,1642001
5836,2018-12-10,1642001
5837,2018-12-11,1642001
5838,2018-12-12,1641620
5839,2018-12-13,1641620
5840,2018-12-14,1641620
5841,2018-12-15,1641620
5842,2018-12-16,1641620
5843,2018-12-17,1641620
5844,2018-12-18,1641620
5845,2018-12-19,1644902
5846,2018-12-20,1644902
5847,2018-12-21,1644902
5848,2018-12-22,1644902
5849,2018-12-23,1644902
5850,2018-12-24,1644902
5851,2018-12-25,1644902
5852,2018-12-26,1651969
5853,2018-12-27,1651969
5854,2018-12-28,1651969
5855,2018-12-29,1651969
5856,2018-12-30,1651969
5857,2018-12-31,1651969
5858,2019-01-01,1651969
5859,2019-01-02,1655873
5860,2019-01-03,1655873
5861,2019-01-04,1655873
5862,2019-01-05,1655873
5863,2019-01-06,1655873
5864,2019-01-07,1655873
5865,2019-01-08,1655873
5866,2019-01-09,1647783
5867,2019-01-10,1647783
5868,2019-01-11,1647783
5869,2019-01-12,1647783
5870,2019-01-13,1647783
5871,2019-01-14,1647783
5872,2019-01-15,1647783
5873,2019-01-16,1641492
5874,2019-01-17,1641492
5875,2019-01-18,1641492
5876,2019-01-19,1641492
5877,2019-01-20,1641492
5878,2019-01-21,1641492
5879,2019-01-22,1641492
5880,2019-01-23,1640844
5881,2019-01-24,1640844
5882,2019-01-25,1640844
5883,2019-01-26,1640844
5884,2019-01-27,1640844
5885,2019-01-28,1640844
5886,2019-01-29,1640844
5887,2019-01-30,1639340
5888,2019-01-31,1639340
5889,2019-02-01,1639340
5890,2019-02-02,1639340
5891,2019-02-03,1639340
5892,2019-02-04,1639340
5893,2019-02-05,1639340
5894,2019-02-06,1641374
5895,2019-02-07,1641374
5896,2019-02-08,1641374
5897,2019-02-09,1641374
5898,2019-02-10,1641374
5899,2019-02-11,1641374
5900,2019-02-12,1641374
5901,2019-02-13,1645649
5902,2019-02-14,1645649
5903,2019-02-15,1645649
5904,2019-02-16,1645649
5905,2019-02-17,1645649
5906,2019-02-18,1645649
5907,2019-02-19,1645649
5908,2019-02-20,1648033
5909,2019-02-21,1648033
5910,2019-02-22,1648033
5911,2019-02-23,1648033
5912,2019-02-24,1648033
5913,2019-02-25,1648033
5914,2019-02-26,1648033
5915,2019-02-27,1648335
5916,2019-02-28,1648335
5917,2019-03-01,1648335
5918,2019-03-02,1648335
5919,2019-03-03,1648335
5920,2019-03-04,1648335
5921,2019-03-05,1648335
5922,2019-03-06,1655417
5923,2019-03-07,1655417
5924,2019-03-08,1655417
5925,2019-03-09,1655417
5926,2019-03-10,1655417
5927,2019-03-11,1655417
5928,2019-03-12,1655417
5929,2019-03-13,1657344
5930,2019-03-14,1657344
5931,2019-03-15,1657344
5932,2019-03-16,1657344
5933,2019-03-17,1657344
5934,2019-03-18,1657344
5935,2019-03-19,1657344
5936,2019-03-20,1658260
5937,2019-03-21,1658260
5938,2019-03-22,1658260
5939,2019-03-23,1658260
5940,2019-03-24,1658260
5941,2019-03-25,1658260
5942,2019-03-26,1658260
5943,2019-03-27,1659682
5944,2019-03-28,1659682
5945,2019-03-29,1659682
5946,2019-03-30,1659682
5947,2019-03-31,1659682
5948,2019-04-01,1659682
5949,2019-04-02,1659682
5950,2019-04-03,1663395
5951,2019-04-04,1663395
5952,2019-04-05,1663395
5953,2019-04-06,1663395
5954,2019-04-07,1663395
5955,2019-04-08,1663395
5956,2019-04-09,1663395
5957,2019-04-10,1664253
5958,2019-04-11,1664253
5959,2019-04-12,1664253
5960,2019-04-13,1664253
5961,2019-04-14,1664253
5962,2019-04-15,1664253
5963,2019-04-16,1664253
5964,2019-04-17,1663932
5965,2019-04-18,1663932
5966,2019-04-19,1663932
5967,2019-04-20,1663932
5968,2019-04-21,1663932
5969,2019-04-22,1663932
5970,2019-04-23,1663932
5971,2019-04-24,1664464
5972,2019-04-25,1664464
5973,2019-04-26,1664464
5974,2019-04-27,1664464
5975,2019-04-28,1664464
5976,2019-04-29,1664464
5977,2019-04-30,1664464
5978,2019-05-01,1666577
5979,2019-05-02,1666577
5980,2019-05-03,1666577
5981,2019-05-04,1666577
5982,2019-05-05,1666577
5983,2019-05-06,1666577
5984,2019-05-07,1666577
5985,2019-05-08,1668924
5986,2019-05-09,1668924
5987,2019-05-10,1668924
5988,2019-05-11,1668924
5989,2019-05-12,1668924
5990,2019-05-13,1668924
5991,2019-05-14,1668924
5992,2019-05-15,1668104
5993,2019-05-16,1668104
5994,2019-05-17,1668104
5995,2019-05-18,1668104
5996,2019-05-19,1668104
5997,2019-05-20,1668104
5998,2019-05-21,1668104
5999,2019-05-22,1670657
6000,2019-05-23,1670657
6001,2019-05-24,1670657
6002,2019-05-25,1670657
6003,2019-05-26,1670657
6004,2019-05-27,1670657
6005,2019-05-28,1670657
6006,2019-05-29,1675343
6007,2019-05-30,1675343
6008,2019-05-31,1675343
6009,2019-06-01,1675343
6010,2019-06-02,1675343
6011,2019-06-03,1675343
6012,2019-06-04,1675343
6013,2019-06-05,1674543
6014,2019-06-06,1674543
6015,2019-06-07,1674543
6016,2019-06-08,1674543
6017,2019-06-09,1674543
6018,2019-06-10,1674543
6019,2019-06-11,1674543
6020,2019-06-12,1674024
6021,2019-06-13,1674024
6022,2019-06-14,1674024
6023,2019-06-15,1674024
6024,2019-06-16,1674024
6025,2019-06-17,1674024
6026,2019-06-18,1674024
6027,2019-06-19,1673419
6028,2019-06-20,1673419
6029,2019-06-21,1673419
6030,2019-06-22,1673419
6031,2019-06-23,1673419
6032,2019-06-24,1673419
6033,2019-06-25,1673419
6034,2019-06-26,1677767
6035,2019-06-27,1677767
6036,2019-06-28,1677767
6037,2019-06-29,1677767
6038,2019-06-30,1677767
6039,2019-07-01,1677767
6040,2019-07-02,1677767
6041,2019-07-03,1686534
6042,2019-07-04,1686534
6043,2019-07-05,1686534
6044,2019-07-06,1686534
6045,2019-07-07,1686534
6046,2019-07-08,1686534
6047,2019-07-09,1686534
6048,2019-07-10,1685941
6049,2019-07-11,1685941
6050,2019-07-12,1685941
6051,2019-07-13,1685941
6052,2019-07-14,1685941
6053,2019-07-15,1685941
6054,2019-07-16,1685941
6055,2019-07-17,1682761
6056,2019-07-18,1682761
6057,2019-07-19,1682761
6058,2019-07-20,1682761
6059,2019-07-21,1682761
6060,2019-07-22,1682761
6061,2019-07-23,1682761
6062,2019-07-24,1681726
6063,2019-07-25,1681726
6064,2019-07-26,1681726
6065,2019-07-27,1681726
6066,2019-07-28,1681726
6067,2019-07-29,1681726
6068,2019-07-30,1681726
6069,2019-07-31,1683374
6070,2019-08-01,1683374
6071,2019-08-02,1683374
6072,2019-08-03,1683374
6073,2019-08-04,1683374
6074,2019-08-05,1683374
6075,2019-08-06,1683374
6076,2019-08-07,1684898
6077,2019-08-08,1684898
6078,2019-08-09,1684898
6079,2019-08-10,1684898
6080,2019-08-11,1684898
6081,2019-08-12,1684898
6082,2019-08-13,1684898
6083,2019-08-14,1685123
6084,2019-08-15,1685123
6085,2019-08-16,1685123
6086,2019-08-17,1685123
6087,2019-08-18,1685123
6088,2019-08-19,1685123
6089,2019-08-20,1685123
6090,2019-08-21,1686880
6091,2019-08-22,1686880
6092,2019-08-23,1686880
6093,2019-08-24,1686880
6094,2019-08-25,1686880
6095,2019-08-26,1686880
6096,2019-08-27,1686880
6097,2019-08-28,1690558
6098,2019-08-29,1690558
6099,2019-08-30,1690558
6100,2019-08-31,1690558
6101,2019-09-01,1690558
6102,2019-09-02,1690558
6103,2019-09-03,1690558
6104,2019-09-04,1701344
6105,2019-09-05,1701344
6106,2019-09-06,1701344
6107,2019-09-07,1701344
6108,2019-09-08,1701344
6109,2019-09-09,1701344
6110,2019-09-10,1701344
6111,2019-09-11,1700935
6112,2019-09-12,1700935
6113,2019-09-13,1700935
6114,2019-09-14,1700935
6115,2019-09-15,1700935
6116,2019-09-16,1700935
6117,2019-09-17,1700935
6118,2019-09-18,1698331
6119,2019-09-19,1698331
6120,2019-09-20,1698331
6121,2019-09-21,1698331
6122,2019-09-22,1698331
6123,2019-09-23,1698331
6124,2019-09-24,1698331
6125,2019-09-25,1698496
6126,2019-09-26,1698496
6127,2019-09-27,1698496
6128,2019-09-28,1698496
6129,2019-09-29,1698496
6130,2019-09-30,1698496
6131,2019-10-01,1698496
6132,2019-10-02,1701236
6133,2019-10-03,1701236
6134,2019-10-04,1701236
6135,2019-10-05,1701236
6136,2019-10-06,1701236
6137,2019-10-07,1701236
6138,2019-10-08,1701236
6139,2019-10-09,1704753
6140,2019-10-10,1704753
6141,2019-10-11,1704753
6142,2019-10-12,1704753
6143,2019-10-13,1704753
6144,2019-10-14,1704753
6145,2019-10-15,1704753
6146,2019-10-16,1708153
6147,2019-10-17,1708153
6148,2019-10-18,1708153
6149,2019-10-19,1708153
6150,2019-10-20,1708153
6151,2019-10-21,1708153
6152,2019-10-22,1708153
6153,2019-10-23,1708783
6154,2019-10-24,1708783
6155,2019-10-25,1708783
6156,2019-10-26,1708783
6157,2019-10-27,1708783
6158,2019-10-28,1708783
6159,2019-10-29,1708783
6160,2019-10-30,1716631
6161,2019-10-31,1716631
6162,2019-11-01,1716631
6163,2019-11-02,1716631
6164,2019-11-03,1716631
6165,2019-11-04,1716631
6166,2019-11-05,1716631
6167,2019-11-06,1720499
6168,2019-11-07,1720499
6169,2019-11-08,1720499
6170,2019-11-09,1720499
6171,2019-11-10,1720499
6172,2019-11-11,1720499
6173,2019-11-12,1720499
6174,2019-11-13,1723465
6175,2019-11-14,1723465
6176,2019-11-15,1723465
6177,2019-11-16,1723465
6178,2019-11-17,1723465
6179,2019-11-18,1723465
6180,2019-11-19,1723465
6181,2019-11-20,1721436
6182,2019-11-21,1721436
6183,2019-11-22,1721436
6184,2019-11-23,1721436
6185,2019-11-24,1721436
6186,2019-11-25,1721436
6187,2019-11-26,1721436
6188,2019-11-27,1727781
6189,2019-11-28,1727781
6190,2019-11-29,1727781
6191,2019-11-30,1727781
6192,2019-12-01,1727781
6193,2019-12-02,1727781
6194,2019-12-03,1727781
6195,2019-12-04,1729210
6196,2019-12-05,1729210
6197,2019-12-06,1729210
6198,2019-12-07,1729210
6199,2019-12-08,1729210
6200,2019-12-09,1729210
6201,2019-12-10,1729210
6202,2019-12-11,1728413
6203,2019-12-12,1728413
6204,2019-12-13,1728413
6205,2019-12-14,1728413
6206,2019-12-15,1728413
6207,2019-12-16,1728413
6208,2019-12-17,1728413
6209,2019-12-18,1731497
6210,2019-12-19,1731497
6211,2019-12-20,1731497
6212,2019-12-21,1731497
6213,2019-12-22,1731497
6214,2019-12-23,1731497
6215,2019-12-24,1731497
6216,2019-12-25,1737829
6217,2019-12-26,1737829
6218,2019-12-27,1737829
6219,2019-12-28,1737829
6220,2019-12-29,1737829
6221,2019-12-30,1737829
6222,2019-12-31,1737829
6223,2020-01-01,1743190
6224,2020-01-02,1743190
6225,2020-01-03,1743190
6226,2020-01-04,1743190
6227,2020-01-05,1743190
6228,2020-01-06,1743190
6229,2020-01-07,1743190
6230,2020-01-08,1737873
6231,2020-01-09,1737873
6232,2020-01-10,1737873
6233,2020-01-11,1737873
6234,2020-01-12,1737873
6235,2020-01-13,1737873
6236,2020-01-14,1737873
6237,2020-01-15,1731251
6238,2020-01-16,1731251
6239,2020-01-17,1731251
6240,2020-01-18,1731251
6241,2020-01-19,1731251
6242,2020-01-20,1731251
6243,2020-01-21,1731251
6244,2020-01-22,1730313
6245,2020-01-23,1730313
6246,2020-01-24,1730313
6247,2020-01-25,1730313
6248,2020-01-26,1730313
6249,2020-01-27,1730313
6250,2020-01-28,1730313
6251,2020-01-29,1728360
6252,2020-01-30,1728360
6253,2020-01-31,1728360
6254,2020-02-01,1728360
6255,2020-02-02,1728360
6256,2020-02-03,1728360
6257,2020-02-04,1728360
6258,2020-02-05,1730257
6259,2020-02-06,1730257
6260,2020-02-07,1730257
6261,2020-02-08,1730257
6262,2020-02-09,1730257
6263,2020-02-10,1730257
6264,2020-02-11,1730257
6265,2020-02-12,1732024
6266,2020-02-13,1732024
6267,2020-02-14,1732024
6268,2020-02-15,1732024
6269,2020-02-16,1732024
6270,2020-02-17,1732024
6271,2020-02-18,1732024
6272,2020-02-19,1735353
6273,2020-02-20,1735353
6274,2020-02-21,1735353
6275,2020-02-22,1735353
6276,2020-02-23,1735353
6277,2020-02-24,1735353
6278,2020-02-25,1735353
6279,2020-02-26,1735672
6280,2020-02-27,1735672
6281,2020-02-28,1735672
6282,2020-02-29,1735672
6283,2020-03-01,1735672
6284,2020-03-02,1735672
6285,2020-03-03,1735672
6286,2020-03-04,1745888
6287,2020-03-05,1745888
6288,2020-03-06,1745888
6289,2020-03-07,1745888
6290,2020-03-08,1745888
6291,2020-03-09,1745888
6292,2020-03-10,1745888
6293,2020-03-11,1754550
6294,2020-03-12,1754550
6295,2020-03-13,1754550
6296,2020-03-14,1754550
6297,2020-03-15,1754550
6298,2020-03-16,1754550
6299,2020-03-17,1754550
6300,2020-03-18,1778788
6301,2020-03-19,1778788
6302,2020-03-20,1778788
6303,2020-03-21,1778788
6304,2020-03-22,1778788
6305,2020-03-23,1778788
6306,2020-03-24,1778788
6307,2020-03-25,1807731
6308,2020-03-26,1807731
6309,2020-03-27,1807731
6310,2020-03-28,1807731
6311,2020-03-29,1807731
6312,2020-03-30,1807731
6313,2020-03-31,1807731
6314,2020-04-01,1814748
6315,2020-04-02,1814748
6316,2020-04-03,1814748
6317,2020-04-04,1814748
6318,2020-04-05,1814748
6319,2020-04-06,1814748
6320,2020-04-07,1814748
6321,2020-04-08,1818988
6322,2020-04-09,1818988
6323,2020-04-10,1818988
6324,2020-04-11,1818988
6325,2020-04-12,1818988
6326,2020-04-13,1818988
6327,2020-04-14,1818988
6328,2020-04-15,1823063
6329,2020-04-16,1823063
6330,2020-04-17,1823063
6331,2020-04-18,1823063
6332,2020-04-19,1823063
6333,2020-04-20,1823063
6334,2020-04-21,1823063
6335,2020-04-22,1831425
6336,2020-04-23,1831425
6337,2020-04-24,1831425
6338,2020-04-25,1831425
6339,2020-04-26,1831425
6340,2020-04-27,1831425
6341,2020-04-28,1831425
6342,2020-04-29,1845894
6343,2020-04-30,1845894
6344,2020-05-01,1845894
6345,2020-05-02,1845894
6346,2020-05-03,1845894
6347,2020-05-04,1845894
6348,2020-05-05,1845894
6349,2020-05-06,1857088
6350,2020-05-07,1857088
6351,2020-05-08,1857088
6352,2020-05-09,1857088
6353,2020-05-10,1857088
6354,2020-05-11,1857088
6355,2020-05-12,1857088
6356,2020-05-13,1865082
6357,2020-05-14,1865082
6358,2020-05-15,1865082
6359,2020-05-16,1865082
6360,2020-05-17,1865082
6361,2020-05-18,1865082
6362,2020-05-19,1865082
6363,2020-05-20,1873763
6364,2020-05-21,1873763
6365,2020-05-22,1873763
6366,2020-05-23,1873763
6367,2020-05-24,1873763
6368,2020-05-25,1873763
6369,2020-05-26,1873763
6370,2020-05-27,1883277
6371,2020-05-28,1883277
6372,2020-05-29,1883277
6373,2020-05-30,1883277
6374,2020-05-31,1883277
6375,2020-06-01,1883277
6376,2020-06-02,1883277
6377,2020-06-03,1887423
6378,2020-06-04,1887423
6379,2020-06-05,1887423
6380,2020-06-06,1887423
6381,2020-06-07,1887423
6382,2020-06-08,1887423
6383,2020-06-09,1887423
6384,2020-06-10,1890790
6385,2020-06-11,1890790
6386,2020-06-12,1890790
6387,2020-06-13,1890790
6388,2020-06-14,1890790
6389,2020-06-15,1890790
6390,2020-06-16,1890790
6391,2020-06-17,1894649
6392,2020-06-18,1894649
6393,2020-06-19,1894649
6394,2020-06-20,1894649
6395,2020-06-21,1894649
6396,2020-06-22,1894649
6397,2020-06-23,1894649
6398,2020-06-24,1898871
6399,2020-06-25,1898871
6400,2020-06-26,1898871
6401,2020-06-27,1898871
6402,2020-06-28,1898871
6403,2020-06-29,1898871
6404,2020-06-30,1898871
6405,2020-07-01,1906750
6406,2020-07-02,1906750
6407,2020-07-03,1906750
6408,2020-07-04,1906750
6409,2020-07-05,1906750
6410,2020-07-06,1906750
6411,2020-07-07,1906750
6412,2020-07-08,1912238
6413,2020-07-09,1912238
6414,2020-07-10,1912238
6415,2020-07-11,1912238
6416,2020-07-12,1912238
6417,2020-07-13,1912238
6418,2020-07-14,1912238
6419,2020-07-15,1916542
6420,2020-07-16,1916542
6421,2020-07-17,1916542
6422,2020-07-18,1916542
6423,2020-07-19,1916542
6424,2020-07-20,1916542
6425,2020-07-21,1916542
6426,2020-07-22,1920778
6427,2020-07-23,1920778
6428,2020-07-24,1920778
6429,2020-07-25,1920778
6430,2020-07-26,1920778
6431,2020-07-27,1920778
6432,2020-07-28,1920778
6433,2020-07-29,1927742
6434,2020-07-30,1927742
6435,2020-07-31,1927742
6436,2020-08-01,1927742
6437,2020-08-02,1927742
6438,2020-08-03,1927742
6439,2020-08-04,1927742
6440,2020-08-05,1935758
6441,2020-08-06,1935758
6442,2020-08-07,1935758
6443,2020-08-08,1935758
6444,2020-08-09,1935758
6445,2020-08-10,1935758
6446,2020-08-11,1935758
6447,2020-08-12,1941147
6448,2020-08-13,1941147
6449,2020-08-14,1941147
6450,2020-08-15,1941147
6451,2020-08-16,1941147
6452,2020-08-17,1941147
6453,2020-08-18,1941147
6454,2020-08-19,1944571
6455,2020-08-20,1944571
6456,2020-08-21,1944571
6457,2020-08-22,1944571
6458,2020-08-23,1944571
6459,2020-08-24,1944571
6460,2020-08-25,1944571
6461,2020-08-26,1948876
6462,2020-08-27,1948876
6463,2020-08-28,1948876
6464,2020-08-29,1948876
6465,2020-08-30,1948876
6466,2020-08-31,1948876
6467,2020-09-01,1948876
6468,2020-09-02,1956715
6469,2020-09-03,1956715
6470,2020-09-04,1956715
6471,2020-09-05,1956715
6472,2020-09-06,1956715
6473,2020-09-07,1956715
6474,2020-09-08,1956715
6475,2020-09-09,1965034
6476,2020-09-10,1965034
6477,2020-09-11,1965034
6478,2020-09-12,1965034
6479,2020-09-13,1965034
6480,2020-09-14,1965034
6481,2020-09-15,1965034
6482,2020-09-16,1964068
6483,2020-09-17,1964068
6484,2020-09-18,1964068
6485,2020-09-19,1964068
6486,2020-09-20,1964068
6487,2020-09-21,1964068
6488,2020-09-22,1964068
6489,2020-09-23,1963970
6490,2020-09-24,1963970
6491,2020-09-25,1963970
6492,2020-09-26,1963970
6493,2020-09-27,1963970
6494,2020-09-28,1963970
6495,2020-09-29,1963970
6496,2020-09-30,1967393
6497,2020-10-01,1967393
6498,2020-10-02,1967393
6499,2020-10-03,1967393
6500,2020-10-04,1967393
6501,2020-10-05,1967393
6502,2020-10-06,1967393
6503,2020-10-07,1973204
6504,2020-10-08,1973204
6505,2020-10-09,1973204
6506,2020-10-10,1973204
6507,2020-10-11,1973204
6508,2020-10-12,1973204
6509,2020-10-13,1973204
6510,2020-10-14,1977615
6511,2020-10-15,1977615
6512,2020-10-16,1977615
6513,2020-10-17,1977615
6514,2020-10-18,1977615
6515,2020-10-19,1977615
6516,2020-10-20,1977615
6517,2020-10-21,1977560
6518,2020-10-22,1977560
6519,2020-10-23,1977560
6520,2020-10-24,1977560
6521,2020-10-25,1977560
6522,2020-10-26,1977560
6523,2020-10-27,1977560
6524,2020-10-28,1979810
6525,2020-10-29,1979810
6526,2020-10-30,1979810
6527,2020-10-31,1979810
6528,2020-11-01,1979810
6529,2020-11-02,1979810
6530,2020-11-03,1979810
6531,2020-11-04,1984897
6532,2020-11-05,1984897
6533,2020-11-06,1984897
6534,2020-11-07,1984897
6535,2020-11-08,1984897
6536,2020-11-09,1984897
6537,2020-11-10,1984897
6538,2020-11-11,1992931
6539,2020-11-12,1992931
6540,2020-11-13,1992931
6541,2020-11-14,1992931
6542,2020-11-15,1992931
6543,2020-11-16,1992931
6544,2020-11-17,1992931
6545,2020-11-18,1995152
6546,2020-11-19,1995152
6547,2020-11-20,1995152
6548,2020-11-21,1995152
6549,2020-11-22,1995152
6550,2020-11-23,1995152
6551,2020-11-24,1995152
6552,2020-11-25,2000841
6553,2020-11-26,2000841
6554,2020-11-27,2000841
6555,2020-11-28,2000841
6556,2020-11-29,2000841
6557,2020-11-30,2000841
6558,2020-12-01,2000841
6559,2020-12-02,2002587
6560,2020-12-03,2002587
6561,2020-12-04,2002587
6562,2020-12-05,2002587
6563,2020-12-06,2002587
6564,2020-12-07,2002587
6565,2020-12-08,2002587
6566,2020-12-09,2001585
6567,2020-12-10,2001585
6568,2020-12-11,2001585
6569,2020-12-12,2001585
6570,2020-12-13,2001585
6571,2020-12-14,2001585
6572,2020-12-15,2001585
6573,2020-12-16,2002912
6574,2020-12-17,2002912
6575,2020-12-18,2002912
6576,2020-12-19,2002912
6577,2020-12-20,2002912
6578,2020-12-21,2002912
6579,2020-12-22,2002912
6580,2020-12-23,2011982
6581,2020-12-24,2011982
6582,2020-12-25,2011982
6583,2020-12-26,2011982
6584,2020-12-27,2011982
6585,2020-12-28,2011982
6586,2020-12-29,2011982
6587,2020-12-30,2021737
6588,2020-12-31,2021737
6589,2021-01-01,2021737
6590,2021-01-02,2021737
6591,2021-01-03,2021737
6592,2021-01-04,2021737
6593,2021-01-05,2021737
6594,2021-01-06,2027205
6595,2021-01-07,2027205
6596,2021-01-08,2027205
6597,2021-01-09,2027205
6598,2021-01-10,2027205
6599,2021-01-11,2027205
6600,2021-01-12,2027205
6601,2021-01-13,2027151
6602,2021-01-14,2027151
6603,2021-01-15,2027151
6604,2021-01-16,2027151
6605,2021-01-17,2027151
6606,2021-01-18,2027151
6607,2021-01-19,2027151
6608,2021-01-20,2032413
6609,2021-01-21,2032413
6610,2021-01-22,2032413
6611,2021-01-23,2032413
6612,2021-01-24,2032413
6613,2021-01-25,2032413
6614,2021-01-26,2032413
6615,2021-01-27,2032280
6616,2021-01-28,2032280
6617,2021-01-29,2032280
6618,2021-01-30,2032280
6619,2021-01-31,2032280
6620,2021-02-01,2032280
6621,2021-02-02,2032280
6622,2021-02-03,2034069
6623,2021-02-04,2034069
6624,2021-02-05,2034069
6625,2021-02-06,2034069
6626,2021-02-07,2034069
6627,2021-02-08,2034069
6628,2021-02-09,2034069
6629,2021-02-10,2035538
6630,2021-02-11,2035538
6631,2021-02-12,2035538
6632,2021-02-13,2035538
6633,2021-02-14,2035538
6634,2021-02-15,2035538
6635,2021-02-16,2035538
6636,2021-02-17,2037102
6637,2021-02-18,2037102
6638,2021-02-19,2037102
6639,2021-02-20,2037102
6640,2021-02-21,2037102
6641,2021-02-22,2037102
6642,2021-02-23,2037102
6643,2021-02-24,2037474
6644,2021-02-25,2037474
6645,2021-02-26,2037474
6646,2021-02-27,2037474
6647,2021-02-28,2037474
6648,2021-03-01,2037474
6649,2021-03-02,2037474
6650,2021-03-03,2038178
6651,2021-03-04,2038178
6652,2021-03-05,2038178
6653,2021-03-06,2038178
6654,2021-03-07,2038178
6655,2021-03-08,2038178
6656,2021-03-09,2038178
6657,2021-03-10,2041383
6658,2021-03-11,2041383
6659,2021-03-12,2041383
6660,2021-03-13,2041383
6661,2021-03-14,2041383
6662,2021-03-15,2041383
6663,2021-03-16,2041383
6664,2021-03-17,2049133
6665,2021-03-18,2049133
6666,2021-03-19,2049133
6667,2021-03-20,2049133
6668,2021-03-21,2049133
6669,2021-03-22,2049133
6670,2021-03-23,2049133
6671,2021-03-24,2066748
6672,2021-03-25,2066748
6673,2021-03-26,2066748
6674,2021-03-27,2066748
6675,2021-03-28,2066748
6676,2021-03-29,2066748
6677,2021-03-30,2066748
6678,2021-03-31,2078868
6679,2021-04-01,2078868
6680,2021-04-02,2078868
6681,2021-04-03,2078868
6682,2021-04-04,2078868
6683,2021-04-05,2078868
6684,2021-04-06,2078868
6685,2021-04-07,2084957
6686,2021-04-08,2084957
6687,2021-04-09,2084957
6688,2021-04-10,2084957
6689,2021-04-11,2084957
6690,2021-04-12,2084957
6691,2021-04-13,2084957
6692,2021-04-14,2091014
6693,2021-04-15,2091014
6694,2021-04-16,2091014
6695,2021-04-17,2091014
6696,2021-04-18,2091014
6697,2021-04-19,2091014
6698,2021-04-20,2091014
6699,2021-04-21,2094941
6700,2021-04-22,2094941
6701,2021-04-23,2094941
6702,2021-04-24,2094941
6703,2021-04-25,2094941
6704,2021-04-26,2094941
6705,2021-04-27,2094941
6706,2021-04-28,2098040
6707,2021-04-29,2098040
6708,2021-04-30,2098040
6709,2021-05-01,2098040
6710,2021-05-02,2098040
6711,2021-05-03,2098040
6712,2021-05-04,2098040
6713,2021-05-05,2102139
6714,2021-05-06,2102139
6715,2021-05-07,2102139
6716,2021-05-08,2102139
6717,2021-05-09,2102139
6718,2021-05-10,2102139
6719,2021-05-11,2102139
6720,2021-05-12,2103857
6721,2021-05-13,2103857
6722,2021-05-14,2103857
6723,2021-05-15,2103857
6724,2021-05-16,2103857
6725,2021-05-17,2103857
6726,2021-05-18,2103857
6727,2021-05-19,2103607
6728,2021-05-20,2103607
6729,2021-05-21,2103607
6730,2021-05-22,2103607
6731,2021-05-23,2103607
6732,2021-05-24,2103607
6733,2021-05-25,2103607
6734,2021-05-26,2107338
6735,2021-05-27,2107338
6736,2021-05-28,2107338
6737,2021-05-29,2107338
6738,2021-05-30,2107338
6739,2021-05-31,2107338
6740,2021-06-01,2107338
6741,2021-06-02,2113502
6742,2021-06-03,2113502
6743,2021-06-04,2113502
6744,2021-06-05,2113502
6745,2021-06-06,2113502
6746,2021-06-07,2113502
6747,2021-06-08,2113502
6748,2021-06-09,2114542
6749,2021-06-10,2114542
6750,2021-06-11,2114542
6751,2021-06-12,2114542
6752,2021-06-13,2114542
6753,2021-06-14,2114542
6754,2021-06-15,2114542
6755,2021-06-16,2113308
6756,2021-06-17,2113308
6757,2021-06-18,2113308
6758,2021-06-19,2113308
6759,2021-06-20,2113308
6760,2021-06-21,2113308
6761,2021-06-22,2113308
6762,2021-06-23,2113896
6763,2021-06-24,2113896
6764,2021-06-25,2113896
6765,2021-06-26,2113896
6766,2021-06-27,2113896
6767,2021-06-28,2113896
6768,2021-06-29,2113896
6769,2021-06-30,2117903
6770,2021-07-01,2117903
6771,2021-07-02,2117903
6772,2021-07-03,2117903
6773,2021-07-04,2117903
6774,2021-07-05,2117903
6775,2021-07-06,2117903
6776,2021-07-07,2123165
6777,2021-07-08,2123165
6778,2021-07-09,2123165
6779,2021-07-10,2123165
6780,2021-07-11,2123165
6781,2021-07-12,2123165
6782,2021-07-13,2123165
6783,2021-07-14,2121282
6784,2021-07-15,2121282
6785,2021-07-16,2121282
6786,2021-07-17,2121282
6787,2021-07-18,2121282
6788,2021-07-19,2121282
6789,2021-07-20,2121282
6790,2021-07-21,2119520
6791,2021-07-22,2119520
6792,2021-07-23,2119520
6793,2021-07-24,2119520
6794,2021-07-25,2119520
6795,2021-07-26,2119520
6796,2021-07-27,2119520
6797,2021-07-28,2120646
6798,2021-07-29,2120646
6799,2021-07-30,2120646
6800,2021-07-31,2120646
6801,2021-08-01,2120646
6802,2021-08-02,2120646
6803,2021-08-03,2120646
6804,2021-08-04,2122880
6805,2021-08-05,2122880
6806,2021-08-06,2122880
6807,2021-08-07,2122880
6808,2021-08-08,2122880
6809,2021-08-09,2122880
6810,2021-08-10,2122880
6811,2021-08-11,2123579
6812,2021-08-12,2123579
6813,2021-08-13,2123579
6814,2021-08-14,2123579
6815,2021-08-15,2123579
6816,2021-08-16,2123579
6817,2021-08-17,2123579
6818,2021-08-18,2122331
6819,2021-08-19,2122331
6820,2021-08-20,2122331
6821,2021-08-21,2122331
6822,2021-08-22,2122331
6823,2021-08-23,2122331
6824,2021-08-24,2122331
6825,2021-08-25,2122918
6826,2021-08-26,2122918
6827,2021-08-27,2122918
6828,2021-08-28,2122918
6829,2021-08-29,2122918
6830,2021-08-30,2122918
6831,2021-08-31,2122918
6832,2021-09-01,2126611
6833,2021-09-02,2126611
6834,2021-09-03,2126611
6835,2021-09-04,2126611
6836,2021-09-05,2126611
6837,2021-09-06,2126611
6838,2021-09-07,2126611
6839,2021-09-08,2132728
6840,2021-09-09,2132728
6841,2021-09-10,2132728
6842,2021-09-11,2132728
6843,2021-09-12,2132728
6844,2021-09-13,2132728
6845,2021-09-14,2132728
6846,2021-09-15,2131306
6847,2021-09-16,2131306
6848,2021-09-17,2131306
6849,2021-09-18,2131306
6850,2021-09-19,2131306
6851,2021-09-20,2131306
6852,2021-09-21,2131306
6853,2021-09-22,2130539
6854,2021-09-23,2130539
6855,2021-09-24,2130539
6856,2021-09-25,2130539
6857,2021-09-26,2130539
6858,2021-09-27,2130539
6859,2021-09-28,2130539
6860,2021-09-29,2131560
6861,2021-09-30,2131560
6862,2021-10-01,2131560
6863,2021-10-02,2131560
6864,2021-10-03,2131560
6865,2021-10-04,2131560
6866,2021-10-05,2131560
6867,2021-10-06,2135262
6868,2021-10-07,2135262
6869,2021-10-08,2135262
6870,2021-10-09,2135262
6871,2021-10-10,2135262
6872,2021-10-11,2135262
6873,2021-10-12,2135262
6874,2021-10-13,2138996
6875,2021-10-14,2138996
6876,2021-10-15,2138996
6877,2021-10-16,2138996
6878,2021-10-17,2138996
6879,2021-10-18,2138996
6880,2021-10-19,2138996
6881,2021-10-20,2138543
6882,2021-10-21,2138543
6883,2021-10-22,2138543
6884,2021-10-23,2138543
6885,2021-10-24,2138543
6886,2021-10-25,2138543
6887,2021-10-26,2138543
6888,2021-10-27,2139679
6889,2021-10-28,2139679
6890,2021-10-29,2139679
6891,2021-10-30,2139679
6892,2021-10-31,2139679
6893,2021-11-01,2139679
6894,2021-11-02,2139679
6895,2021-11-03,2141852
6896,2021-11-04,2141852
6897,2021-11-05,2141852
6898,2021-11-06,2141852
6899,2021-11-07,2141852
6900,2021-11-08,2141852
6901,2021-11-09,2141852
6902,2021-11-10,2148044
6903,2021-11-11,2148044
6904,2021-11-12,2148044
6905,2021-11-13,2148044
6906,2021-11-14,2148044
6907,2021-11-15,2148044
6908,2021-11-16,2148044
6909,2021-11-17,2149519
6910,2021-11-18,2149519
6911,2021-11-19,2149519
6912,2021-11-20,2149519
6913,2021-11-21,2149519
6914,2021-11-22,2149519
6915,2021-11-23,2149519
6916,2021-11-24,2153669
6917,2021-11-25,2153669
6918,2021-11-26,2153669
6919,2021-11-27,2153669
6920,2021-11-28,2153669
6921,2021-11-29,2153669
6922,2021-11-30,2153669
6923,2021-12-01,2155910
6924,2021-12-02,2155910
6925,2021-12-03,2155910
6926,2021-12-04,2155910
6927,2021-12-05,2155910
6928,2021-12-06,2155910
6929,2021-12-07,2155910
6930,2021-12-08,2154491
6931,2021-12-09,2154491
6932,2021-12-10,2154491
6933,2021-12-11,2154491
6934,2021-12-12,2154491
6935,2021-12-13,2154491
6936,2021-12-14,2154491
6937,2021-12-15,2155502
6938,2021-12-16,2155502
6939,2021-12-17,2155502
6940,2021-12-18,2155502
6941,2021-12-19,2155502
6942,2021-12-20,2155502
6943,2021-12-21,2155502
6944,2021-12-22,2164946
6945,2021-12-23,2164946
6946,2021-12-24,2164946
6947,2021-12-25,2164946
6948,2021-12-26,2164946
6949,2021-12-27,2164946
6950,2021-12-28,2164946
6951,2021-12-29,2170640
6952,2021-12-30,2170640
6953,2021-12-31,2170640
6954,2022-01-01,2170640
6955,2022-01-02,2170640
6956,2022-01-03,2170640
6957,2022-01-04,2170640
6958,2022-01-05,2171302
6959,2022-01-06,2171302
6960,2022-01-07,2171302
6961,2022-01-08,2171302
6962,2022-01-09,2171302
6963,2022-01-10,2171302
6964,2022-01-11,2171302
6965,2022-01-12,2167063
6966,2022-01-13,2167063
6967,2022-01-14,2167063
6968,2022-01-15,2167063
6969,2022-01-16,2167063
6970,2022-01-17,2167063
6971,2022-01-18,2167063
6972,2022-01-19,2167044
6973,2022-01-20,2167044
6974,2022-01-21,2167044
6975,2022-01-22,2167044
6976,2022-01-23,2167044
6977,2022-01-24,2167044
6978,2022-01-25,2167044
6979,2022-01-26,2164034
6980,2022-01-27,2164034
6981,2022-01-28,2164034
6982,2022-01-29,2164034
6983,2022-01-30,2164034
6984,2022-01-31,2164034
6985,2022-02-01,2164034
6986,2022-02-02,2164126
6987,2022-02-03,2164126
6988,2022-02-04,2164126
6989,2022-02-05,2164126
6990,2022-02-06,2164126
6991,2022-02-07,2164126
6992,2022-02-08,2164126
6993,2022-02-09,2165518
6994,2022-02-10,2165518
6995,2022-02-11,2165518
6996,2022-02-12,2165518
6997,2022-02-13,2165518
6998,2022-02-14,2165518
6999,2022-02-15,2165518
7000,2022-02-16,2168472
7001,2022-02-17,2168472
7002,2022-02-18,2168472
7003,2022-02-19,2168472
7004,2022-02-20,2168472
7005,2022-02-21,2168472
7006,2022-02-22,2168472
7007,2022-02-23,2174633
7008,2022-02-24,2174633
7009,2022-02-25,2174633
7010,2022-02-26,2174633
7011,2022-02-27,2174633
7012,2022-02-28,2174633
7013,2022-03-01,2174633
7014,2022-03-02,2182699
7015,2022-03-03,2182699
7016,2022-03-04,2182699
7017,2022-03-05,2182699
7018,2022-03-06,2182699
7019,2022-03-07,2182699
7020,2022-03-08,2182699
7021,2022-03-09,2193170
7022,2022-03-10,2193170
7023,2022-03-11,2193170
7024,2022-03-12,2193170
7025,2022-03-13,2193170
7026,2022-03-14,2193170
7027,2022-03-15,2193170
7028,2022-03-16,2197984
7029,2022-03-17,2197984
7030,2022-03-18,2197984
7031,2022-03-19,2197984
7032,2022-03-20,2197984
7033,2022-03-21,2197984
7034,2022-03-22,2197984
7035,2022-03-23,2199897
7036,2022-03-24,2199897
7037,2022-03-25,2199897
7038,2022-03-26,2199897
7039,2022-03-27,2199897
7040,2022-03-28,2199897
7041,2022-03-29,2199897
7042,2022-03-30,2202424
7043,2022-03-31,2202424
7044,2022-04-01,2202424
7045,2022-04-02,2202424
7046,2022-04-03,2202424
7047,2022-04-04,2202424
7048,2022-04-05,2202424
7049,2022-04-06,2205101
7050,2022-04-07,2205101
7051,2022-04-08,2205101
7052,2022-04-09,2205101
7053,2022-04-10,2205101
7054,2022-04-11,2205101
7055,2022-04-12,2205101
7056,2022-04-13,2205400
7057,2022-04-14,2205400
7058,2022-04-15,2205400
7059,2022-04-16,2205400
7060,2022-04-17,2205400
7061,2022-04-18,2205400
7062,2022-04-19,2205400
7063,2022-04-20,2204580
7064,2022-04-21,2204580
7065,2022-04-22,2204580
7066,2022-04-23,2204580
7067,2022-04-24,2204580
7068,2022-04-25,2204580
7069,2022-04-26,2204580
7070,2022-04-27,2204731
7071,2022-04-28,2204731
7072,2022-04-29,2204731
7073,2022-04-30,2204731
7074,2022-05-01,2204731
7075,2022-05-02,2204731
7076,2022-05-03,2204731
7077,2022-05-04,2206754
7078,2022-05-05,2206754
7079,2022-05-06,2206754
7080,2022-05-07,2206754
7081,2022-05-08,2206754
7082,2022-05-09,2206754
7083,2022-05-10,2206754
7084,2022-05-11,2207796
7085,2022-05-12,2207796
7086,2022-05-13,2207796
7087,2022-05-14,2207796
7088,2022-05-15,2207796
7089,2022-05-16,2207796
7090,2022-05-17,2207796
7091,2022-05-18,2207057
7092,2022-05-19,2207057
7093,2022-05-20,2207057
7094,2022-05-21,2207057
7095,2022-05-22,2207057
7096,2022-05-23,2207057
7097,2022-05-24,2207057
7098,2022-05-25,2209937
7099,2022-05-26,2209937
7100,2022-05-27,2209937
7101,2022-05-28,2209937
7102,2022-05-29,2209937
7103,2022-05-30,2209937
7104,2022-05-31,2209937
7105,2022-06-01,2214211
7106,2022-06-02,2214211
7107,2022-06-03,2214211
7108,2022-06-04,2214211
7109,2022-06-05,2214211
7110,2022-06-06,2214211
7111,2022-06-07,2214211
7112,2022-06-08,2212850
7113,2022-06-09,2212850
7114,2022-06-10,2212850
7115,2022-06-11,2212850
7116,2022-06-12,2212850
7117,2022-06-13,2212850
7118,2022-06-14,2212850
7119,2022-06-15,2210864
7120,2022-06-16,2210864
7121,2022-06-17,2210864
7122,2022-06-18,2210864
7123,2022-06-19,2210864
7124,2022-06-20,2210864
7125,2022-06-21,2210864
7126,2022-06-22,2212575
7127,2022-06-23,2212575
7128,2022-06-24,2212575
7129,2022-06-25,2212575
7130,2022-06-26,2212575
7131,2022-06-27,2212575
7132,2022-06-28,2212575
7133,2022-06-29,2215085
7134,2022-06-30,2215085
7135,2022-07-01,2215085
7136,2022-07-02,2215085
7137,2022-07-03,2215085
7138,2022-07-04,2215085
7139,2022-07-05,2215085
7140,2022-07-06,2218844
7141,2022-07-07,2218844
7142,2022-07-08,2218844
7143,2022-07-09,2218844
7144,2022-07-10,2218844
7145,2022-07-11,2218844
7146,2022-07-12,2218844
7147,2022-07-13,2213744
7148,2022-07-14,2213744
7149,2022-07-15,2213744
7150,2022-07-16,2213744
7151,2022-07-17,2213744
7152,2022-07-18,2213744
7153,2022-07-19,2213744
7154,2022-07-20,2209828
7155,2022-07-21,2209828
7156,2022-07-22,2209828
7157,2022-07-23,2209828
7158,2022-07-24,2209828
7159,2022-07-25,2209828
7160,2022-07-26,2209828
7161,2022-07-27,2208736
7162,2022-07-28,2208736
7163,2022-07-29,2208736
7164,2022-07-30,2208736
7165,2022-07-31,2208736
7166,2022-08-01,2208736
7167,2022-08-02,2208736
7168,2022-08-03,2209713
7169,2022-08-04,2209713
7170,2022-08-05,2209713
7171,2022-08-06,2209713
7172,2022-08-07,2209713
7173,2022-08-08,2209713
7174,2022-08-09,2209713
7175,2022-08-10,2210391
7176,2022-08-11,2210391
7177,2022-08-12,2210391
7178,2022-08-13,2210391
7179,2022-08-14,2210391
7180,2022-08-15,2210391
7181,2022-08-16,2210391
7182,2022-08-17,2210290
7183,2022-08-18,2210290
7184,2022-08-19,2210290
7185,2022-08-20,2210290
7186,2022-08-21,2210290
7187,2022-08-22,2210290
7188,2022-08-23,2210290
7189,2022-08-24,2210084
7190,2022-08-25,2210084
7191,2022-08-26,2210084
7192,2022-08-27,2210084
7193,2022-08-28,2210084
7194,2022-08-29,2210084
7195,2022-08-30,2210084
7196,2022-08-31,2212595
7197,2022-09-01,2212595
7198,2022-09-02,2212595
7199,2022-09-03,2212595
7200,2022-09-04,2212595
7201,2022-09-05,2212595
7202,2022-09-06,2212595
7203,2022-09-07,2218107
7204,2022-09-08,2218107
7205,2022-09-09,2218107
7206,2022-09-10,2218107
7207,2022-09-11,2218107
7208,2022-09-12,2218107
7209,2022-09-13,2218107
7210,2022-09-14,2214594
7211,2022-09-15,2214594
7212,2022-09-16,2214594
7213,2022-09-17,2214594
7214,2022-09-18,2214594
7215,2022-09-19,2214594
7216,2022-09-20,2214594
7217,2022-09-21,2211255
7218,2022-09-22,2211255
7219,2022-09-23,2211255
7220,2022-09-24,2211255
7221,2022-09-25,2211255
7222,2022-09-26,2211255
7223,2022-09-27,2211255
7224,2022-09-28,2212412
7225,2022-09-29,2212412
7226,2022-09-30,2212412
7227,2022-10-01,2212412
7228,2022-10-02,2212412
7229,2022-10-03,2212412
7230,2022-10-04,2212412
7231,2022-10-05,2217107
7232,2022-10-06,2217107
7233,2022-10-07,2217107
7234,2022-10-08,2217107
7235,2022-10-09,2217107
7236,2022-10-10,2217107
7237,2022-10-11,2217107
7238,2022-10-12,2221541
7239,2022-10-13,2221541
7240,2022-10-14,2221541
7241,2022-10-15,2221541
7242,2022-10-16,2221541
7243,2022-10-17,2221541
7244,2022-10-18,2221541
7245,2022-10-19,2217966
7246,2022-10-20,2217966
7247,2022-10-21,2217966
7248,2022-10-22,2217966
7249,2022-10-23,2217966
7250,2022-10-24,2217966
7251,2022-10-25,2217966
7252,2022-10-26,2218220
7253,2022-10-27,2218220
7254,2022-10-28,2218220
7255,2022-10-29,2218220
7256,2022-10-30,2218220
7257,2022-10-31,2218220
7258,2022-11-01,2218220
7259,2022-11-02,2220336
7260,2022-11-03,2220336
7261,2022-11-04,2220336
7262,2022-11-05,2220336
7263,2022-11-06,2220336
7264,2022-11-07,2220336
7265,2022-11-08,2220336
7266,2022-11-09,2225904
7267,2022-11-10,2225904
7268,2022-11-11,2225904
7269,2022-11-12,2225904
7270,2022-11-13,2225904
7271,2022-11-14,2225904
7272,2022-11-15,2225904
7273,2022-11-16,2227054
7274,2022-11-17,2227054
7275,2022-11-18,2227054
7276,2022-11-19,2227054
7277,2022-11-20,2227054
7278,2022-11-21,2227054
7279,2022-11-22,2227054
7280,2022-11-23,2230182
7281,2022-11-24,2230182
7282,2022-11-25,2230182
7283,2022-11-26,2230182
7284,2022-11-27,2230182
7285,2022-11-28,2230182
7286,2022-11-29,2230182
7287,2022-11-30,2231419
7288,2022-12-01,2231419
7289,2022-12-02,2231419
7290,2022-12-03,2231419
7291,2022-12-04,2231419
7292,2022-12-05,2231419
7293,2022-12-06,2231419
7294,2022-12-07,2229642
7295,2022-12-08,2229642
7296,2022-12-09,2229642
7297,2022-12-10,2229642
7298,2022-12-11,2229642
7299,2022-12-12,2229642
7300,2022-12-13,2229642
7301,2022-12-14,2228280
7302,2022-12-15,2228280
7303,2022-12-16,2228280
7304,2022-12-17,2228280
7305,2022-12-18,2228280
7306,2022-12-19,2228280
7307,2022-12-20,2228280
7308,2022-12-21,2232908
7309,2022-12-22,2232908
7310,2022-12-23,2232908
7311,2022-12-24,2232908
7312,2022-12-25,2232908
7313,2022-12-26,2232908
7314,2022-12-27,2232908
7315,2022-12-28,2240934
7316,2022-12-29,2240934
7317,2022-12-30,2240934
7318,2022-12-31,2240934
7319,2023-01-01,2240934
7320,2023-01-02,2240934
7321,2023-01-03,2240934
7322,2023-01-04,2241396
7323,2023-01-05,2241396
7324,2023-01-06,2241396
7325,2023-01-07,2241396
7326,2023-01-08,2241396
7327,2023-01-09,2241396
7328,2023-01-10,2241396
7329,2023-01-11,2232637
7330,2023-01-12,2232637
7331,2023-01-13,2232637
7332,2023-01-14,2232637
7333,2023-01-15,2232637
7334,2023-01-16,2232637
7335,2023-01-17,2232637
7336,2023-01-18,2228632
7337,2023-01-19,2228632
7338,2023-01-20,2228632
7339,2023-01-21,2228632
7340,2023-01-22,2228632
7341,2023-01-23,2228632
7342,2023-01-24,2228632
7343,2023-01-25,2224838
7344,2023-01-26,2224838
7345,2023-01-27,2224838
7346,2023-01-28,2224838
7347,2023-01-29,2224838
7348,2023-01-30,2224838
7349,2023-01-31,2224838
7350,2023-02-01,2230370
7351,2023-02-02,2230370
7352,2023-02-03,2230370
7353,2023-02-04,2230370
7354,2023-02-05,2230370
7355,2023-02-06,2230370
7356,2023-02-07,2230370
7357,2023-02-08,2232072
7358,2023-02-09,2232072
7359,2023-02-10,2232072
7360,2023-02-11,2232072
7361,2023-02-12,2232072
7362,2023-02-13,2232072
7363,2023-02-14,2232072
7364,2023-02-15,2232490
7365,2023-02-16,2232490
7366,2023-02-17,2232490
7367,2023-02-18,2232490
7368,2023-02-19,2232490
7369,2023-02-20,2232490
7370,2023-02-21,2232490
7371,2023-02-22,2235661
7372,2023-02-23,2235661
7373,2023-02-24,2235661
7374,2023-02-25,2235661
7375,2023-02-26,2235661
7376,2023-02-27,2235661
7377,2023-02-28,2235661
7378,2023-03-01,2237944
7379,2023-03-02,2237944
7380,2023-03-03,2237944
7381,2023-03-04,2237944
7382,2023-03-05,2237944
7383,2023-03-06,2237944
7384,2023-03-07,2237944
7385,2023-03-08,2241564
7386,2023-03-09,2241564
7387,2023-03-10,2241564
7388,2023-03-11,2241564
7389,2023-03-12,2241564
7390,2023-03-13,2241564
7391,2023-03-14,2241564
7392,2023-03-15,2244130
7393,2023-03-16,2244130
7394,2023-03-17,2244130
7395,2023-03-18,2244130
7396,2023-03-19,2244130
7397,2023-03-20,2244130
7398,2023-03-21,2244130
7399,2023-03-22,2252484
7400,2023-03-23,2252484
7401,2023-03-24,2252484
7402,2023-03-25,2252484
7403,2023-03-26,2252484
7404,2023-03-27,2252484
7405,2023-03-28,2252484
7406,2023-03-29,2257155
7407,2023-03-30,2257155
7408,2023-03-31,2257155
7409,2023-04-01,2257155
7410,2023-04-02,2257155
7411,2023-04-03,2257155
7412,2023-04-04,2257155
7413,2023-04-05,2257923
7414,2023-04-06,2257923
7415,2023-04-07,2257923
7416,2023-04-08,2257923
7417,2023-04-09,2257923
7418,2023-04-10,2257923
7419,2023-04-11,2257923
7420,2023-04-12,2257845
7421,2023-04-13,2257845
7422,2023-04-14,2257845
7423,2023-04-15,2257845
7424,2023-04-16,2257845
7425,2023-04-17,2257845
7426,2023-04-18,2257845
7427,2023-04-19,2256610
7428,2023-04-20,2256610
7429,2023-04-21,2256610
7430,2023-04-22,2256610
7431,2023-04-23,2256610
7432,2023-04-24,2256610
7433,2023-04-25,2256610
7434,2023-04-26,2257295
7435,2023-04-27,2257295
7436,2023-04-28,2257295
7437,2023-04-29,2257295
7438,2023-04-30,2257295
7439,2023-05-01,2257295
7440,2023-05-02,2257295
7441,2023-05-03,2262129
7442,2023-05-04,2262129
7443,2023-05-05,2262129
7444,2023-05-06,2262129
7445,2023-05-07,2262129
7446,2023-05-08,2262129
7447,2023-05-09,2262129
7448,2023-05-10,2266449
7449,2023-05-11,2266449
7450,2023-05-12,2266449
7451,2023-05-13,2266449
7452,2023-05-14,2266449
7453,2023-05-15,2266449
7454,2023-05-16,2266449
7455,2023-05-17,2267092
7456,2023-05-18,2267092
7457,2023-05-19,2267092
7458,2023-05-20,2267092
7459,2023-05-21,2267092
7460,2023-05-22,2267092
7461,2023-05-23,2267092
7462,2023-05-24,2270996
7463,2023-05-25,2270996
7464,2023-05-26,2270996
7465,2023-05-27,2270996
7466,2023-05-28,2270996
7467,2023-05-29,2270996
7468,2023-05-30,2270996
7469,2023-05-31,2277697
7470,2023-06-01,2277697
7471,2023-06-02,2277697
7472,2023-06-03,2277697
7473,2023-06-04,2277697
7474,2023-06-05,2277697
7475,2023-06-06,2277697
7476,2023-06-07,2277231
7477,2023-06-08,2277231
7478,2023-06-09,2277231
7479,2023-06-10,2277231
7480,2023-06-11,2277231
7481,2023-06-12,2277231
7482,2023-06-13,2277231
7483,2023-06-14,2275998
7484,2023-06-15,2275998
7485,2023-06-16,2275998
7486,2023-06-17,2275998
7487,2023-06-18,2275998
7488,2023-06-19,2275998
7489,2023-06-20,2275998
7490,2023-06-21,2276206
7491,2023-06-22,2276206
7492,2023-06-23,2276206
7493,2023-06-24,2276206
7494,2023-06-25,2276206
7495,2023-06-26,2276206
7496,2023-06-27,2276206
7497,2023-06-28,2277079
7498,2023-06-29,2277079
7499,2023-06-30,2277079
7500,2023-07-01,2277079
7501,2023-07-02,2277079
7502,2023-07-03,2277079
7503,2023-07-04,2277079
7504,2023-07-05,2280761
7505,2023-07-06,2280761
7506,2023-07-07,2280761
7507,2023-07-08,2280761
7508,2023-07-09,2280761
7509,2023-07-10,2280761
7510,2023-07-11,2280761
7511,2023-07-12,2275418
7512,2023-07-13,2275418
7513,2023-07-14,2275418
7514,2023-07-15,2275418
7515,2023-07-16,2275418
7516,2023-07-17,2275418
7517,2023-07-18,2275418
7518,2023-07-19,2268990
7519,2023-07-20,2268990
7520,2023-07-21,2268990
7521,2023-07-22,2268990
7522,2023-07-23,2268990
7523,2023-07-24,2268990
7524,2023-07-25,2268990
7525,2023-07-26,2266592
7526,2023-07-27,2266592
7527,2023-07-28,2266592
7528,2023-07-29,2266592
7529,2023-07-30,2266592
7530,2023-07-31,2266592
7531,2023-08-01,2266592
7532,2023-08-02,2266832
7533,2023-08-03,2266832
7534,2023-08-04,2266832
7535,2023-08-05,2266832
7536,2023-08-06,2266832
7537,2023-08-07,2266832
7538,2023-08-08,2266832
7539,2023-08-09,2266383
7540,2023-08-10,2266383
7541,2023-08-11,2266383
7542,2023-08-12,2266383
7543,2023-08-13,2266383
7544,2023-08-14,2266383
7545,2023-08-15,2266383
7546,2023-08-16,2263530
7547,2023-08-17,2263530
7548,2023-08-18,2263530
7549,2023-08-19,2263530
7550,2023-08-20,2263530
7551,2023-08-21,2263530
7552,2023-08-22,2263530
7553,2023-08-23,2261285
7554,2023-08-24,2261285
7555,2023-08-25,2261285
7556,2023-08-26,2261285
7557,2023-08-27,2261285
7558,2023-08-28,2261285
7559,2023-08-29,2261285
7560,2023-08-30,2264644
7561,2023-08-31,2264644
7562,2023-09-01,2264644
7563,2023-09-02,2264644
7564,2023-09-03,2264644
7565,2023-09-04,2264644
7566,2023-09-05,2264644
7567,2023-09-06,2268186
7568,2023-09-07,2268186
7569,2023-09-08,2268186
7570,2023-09-09,2268186
7571,2023-09-10,2268186
7572,2023-09-11,2268186
7573,2023-09-12,2268186
7574,2023-09-13,2262965
7575,2023-09-14,2262965
7576,2023-09-15,2262965
7577,2023-09-16,2262965
7578,2023-09-17,2262965
7579,2023-09-18,2262965
7580,2023-09-19,2262965
7581,2023-09-20,2258337
7582,2023-09-21,2258337
7583,2023-09-22,2258337
7584,2023-09-23,2258337
7585,2023-09-24,2258337
7586,2023-09-25,2258337
7587,2023-09-26,2258337
7588,2023-09-27,2257169
7589,2023-09-28,2257169
7590,2023-09-29,2257169
7591,2023-09-30,2257169
7592,2023-10-01,2257169
7593,2023-10-02,2257169
7594,2023-10-03,2257169
7595,2023-10-04,2259567
7596,2023-10-05,2259567
7597,2023-10-06,2259567
7598,2023-10-07,2259567
7599,2023-10-08,2259567
7600,2023-10-09,2259567
7601,2023-10-10,2259567
7602,2023-10-11,2261148
7603,2023-10-12,2261148
7604,2023-10-13,2261148
7605,2023-10-14,2261148
7606,2023-10-15,2261148
7607,2023-10-16,2261148
7608,2023-10-17,2261148
7609,2023-10-18,2257586
7610,2023-10-19,2257586
7611,2023-10-20,2257586
7612,2023-10-21,2257586
7613,2023-10-22,2257586
7614,2023-10-23,2257586
7615,2023-10-24,2257586
7616,2023-10-25,2256137
7617,2023-10-26,2256137
7618,2023-10-27,2256137
7619,2023-10-28,2256137
7620,2023-10-29,2256137
7621,2023-10-30,2256137
7622,2023-10-31,2256137
7623,2023-11-01,2258397
7624,2023-11-02,2258397
7625,2023-11-03,2258397
7626,2023-11-04,2258397
7627,2023-11-05,2258397
7628,2023-11-06,2258397
7629,2023-11-07,2258397
7630,2023-11-08,2259375
7631,2023-11-09,2259375
7632,2023-11-10,2259375
7633,2023-11-11,2259375
7634,2023-11-12,2259375
7635,2023-11-13,2259375
7636,2023-11-14,2259375
7637,2023-11-15,2260173
7638,2023-11-16,2260173
7639,2023-11-17,2260173
7640,2023-11-18,2260173
7641,2023-11-19,2260173
7642,2023-11-20,2260173
7643,2023-11-21,2260173
7644,2023-11-22,2264411
7645,2023-11-23,2264411
7646,2023-11-24,2264411
7647,2023-11-25,2264411
7648,2023-11-26,2264411
7649,2023-11-27,2264411
7650,2023-11-28,2264411
7651,2023-11-29,2265637
7652,2023-11-30,2265637
7653,2023-12-01,2265637
7654,2023-12-02,2265637
7655,2023-12-03,2265637
7656,2023-12-04,2265637
7657,2023-12-05,2265637
7658,2023-12-06,2265070
7659,2023-12-07,2265070
7660,2023-12-08,2265070
7661,2023-12-09,2265070
7662,2023-12-10,2265070
7663,2023-12-11,2265070
7664,2023-12-12,2265070
7665,2023-12-13,2264451
7666,2023-12-14,2264451
7667,2023-12-15,2264451
7668,2023-12-16,2264451
7669,2023-12-17,2264451
7670,2023-12-18,2264451
7671,2023-12-19,2264451
7672,2023-12-20,2268925
7673,2023-12-21,2268925
7674,2023-12-22,2268925
7675,2023-12-23,2268925
7676,2023-12-24,2268925
7677,2023-12-25,2268925
7678,2023-12-26,2268925
7679,2023-12-27,2277584
7680,2023-12-28,2277584
7681,2023-12-29,2277584
7682,2023-12-30,2277584
7683,2023-12-31,2277584
7684,2024-01-01,2277584
7685,2024-01-02,2277584
7686,2024-01-03,2281196
7687,2024-01-04,2281196
7688,2024-01-05,2281196
7689,2024-01-06,2281196
7690,2024-01-07,2281196
7691,2024-01-08,2281196
7692,2024-01-09,2281196
7693,2024-01-10,2273473
7694,2024-01-11,2273473
7695,2024-01-12,2273473
7696,2024-01-13,2273473
7697,2024-01-14,2273473
7698,2024-01-15,2273473
7699,2024-01-16,2273473
7700,2024-01-17,2268954
7701,2024-01-18,2268954
7702,2024-01-19,2268954
7703,2024-01-20,2268954
7704,2024-01-21,2268954
7705,2024-01-22,2268954
7706,2024-01-23,2268954
7707,2024-01-24,2262471
7708,2024-01-25,2262471
7709,2024-01-26,2262471
7710,2024-01-27,2262471
7711,2024-01-28,2262471
7712,2024-01-29,2262471
7713,2024-01-30,2262471
7714,2024-01-31,2259950
7715,2024-02-01,2259950
7716,2024-02-02,2259950
7717,2024-02-03,2259950
7718,2024-02-04,2259950
7719,2024-02-05,2259950
7720,2024-02-06,2259950
7721,2024-02-07,2260391
7722,2024-02-08,2260391
7723,2024-02-09,2260391
7724,2024-02-10,2260391
7725,2024-02-11,2260391
7726,2024-02-12,2260391
7727,2024-02-13,2260391
7728,2024-02-14,2261180
7729,2024-02-15,2261180
7730,2024-02-16,2261180
7731,2024-02-17,2261180
7732,2024-02-18,2261180
7733,2024-02-19,2261180
7734,2024-02-20,2261180
7735,2024-02-21,2263817
7736,2024-02-22,2263817
7737,2024-02-23,2263817
7738,2024-02-24,2263817
7739,2024-02-25,2263817
7740,2024-02-26,2263817
7741,2024-02-27,2263817
7742,2024-02-28,2266124
7743,2024-02-29,2266124
7744,2024-03-01,2266124
7745,2024-03-02,2266124
7746,2024-03-03,2266124
7747,2024-03-04,2266124
7748,2024-03-05,2266124
7749,2024-03-06,2272047
7750,2024-03-07,2272047
7751,2024-03-08,2272047
7752,2024-03-09,2272047
7753,2024-03-10,2272047
7754,2024-03-11,2272047
7755,2024-03-12,2272047
7756,2024-03-13,2274508
7757,2024-03-14,2274508
7758,2024-03-15,2274508
7759,2024-03-16,2274508
7760,2024-03-17,2274508
7761,2024-03-18,2274508
7762,2024-03-19,2274508
7763,2024-03-20,2275287
7764,2024-03-21,2275287
7765,2024-03-22,2275287
7766,2024-03-23,2275287
7767,2024-03-24,2275287
7768,2024-03-25,2275287
7769,2024-03-26,2275287
7770,2024-03-27,2276995
7771,2024-03-28,2276995
7772,2024-03-29,2276995
7773,2024-03-30,2276995
7774,2024-03-31,2276995
7775,2024-04-01,2276995
7776,2024-04-02,2276995
7777,2024-04-03,2280097
7778,2024-04-04,2280097
7779,2024-04-05,2280097
7780,2024-04-06,2280097
7781,2024-04-07,2280097
7782,2024-04-08,2280097
7783,2024-04-09,2280097
7784,2024-04-10,2280658
7785,2024-04-11,2280658
7786,2024-04-12,2280658
7787,2024-04-13,2280658
7788,2024-04-14,2280658
7789,2024-04-15,2280658
7790,2024-04-16,2280658
7791,2024-04-17,2279612
7792,2024-04-18,2279612
7793,2024-04-19,2279612
7794,2024-04-20,2279612
7795,2024-04-21,2279612
7796,2024-04-22,2279612
7797,2024-04-23,2279612
7798,2024-04-24,2277671
7799,2024-04-25,2277671
7800,2024-04-26,2277671
7801,2024-04-27,2277671
7802,2024-04-28,2277671
7803,2024-04-29,2277671
7804,2024-04-30,2277671
7805,2024-05-01,2279680
7806,2024-05-02,2279680
7807,2024-05-03,2279680
7808,2024-05-04,2279680
7809,2024-05-05,2279680
7810,2024-05-06,2279680
7811,2024-05-07,2279680
7812,2024-05-08,2281815
7813,2024-05-09,2281815
7814,2024-05-10,2281815
7815,2024-05-11,2281815
7816,2024-05-12,2281815
7817,2024-05-13,2281815
7818,2024-05-14,2281815
7819,2024-05-15,2281198
7820,2024-05-16,2281198
7821,2024-05-17,2281198
7822,2024-05-18,2281198
7823,2024-05-19,2281198
7824,2024-05-20,2281198
7825,2024-05-21,2281198
7826,2024-05-22,2282554
7827,2024-05-23,2282554
7828,2024-05-24,2282554
7829,2024-05-25,2282554
7830,2024-05-26,2282554
7831,2024-05-27,2282554
7832,2024-05-28,2282554
7833,2024-05-29,2286753
7834,2024-05-30,2286753
7835,2024-05-31,2286753
7836,2024-06-01,2286753
7837,2024-06-02,2286753
7838,2024-06-03,2286753
7839,2024-06-04,2286753
7840,2024-06-05,2285875
7841,2024-06-06,2285875
7842,2024-06-07,2285875
7843,2024-06-08,2285875
7844,2024-06-09,2285875
7845,2024-06-10,2285875
7846,2024-06-11,2285875
7847,2024-06-12,2283306
7848,2024-06-13,2283306
7849,2024-06-14,2283306
7850,2024-06-15,2283306
7851,2024-06-16,2283306
7852,2024-06-17,2283306
7853,2024-06-18,2283306
7854,2024-06-19,2284578
7855,2024-06-20,2284578
7856,2024-06-21,2284578
7857,2024-06-22,2284578
7858,2024-06-23,2284578
7859,2024-06-24,2284578
7860,2024-06-25,2284578
7861,2024-06-26,2285295
7862,2024-06-27,2285295
7863,2024-06-28,2285295
7864,2024-06-29,2285295
7865,2024-06-30,2285295
7866,2024-07-01,2285295
7867,2024-07-02,2285295
7868,2024-07-03,2285900
7869,2024-07-04,2285900
7870,2024-07-05,2285900
7871,2024-07-06,2285900
7872,2024-07-07,2285900
7873,2024-07-08,2285900
7874,2024-07-09,2285900
7875,2024-07-10,2283646
7876,2024-07-11,2283646
7877,2024-07-12,2283646
7878,2024-07-13,2283646
7879,2024-07-14,2283646
7880,2024-07-15,2283646
7881,2024-07-16,2283646
7882,2024-07-17,2277987
7883,2024-07-18,2277987
7884,2024-07-19,2277987
7885,2024-07-20,2277987
7886,2024-07-21,2277987
7887,2024-07-22,2277987
7888,2024-07-23,2277987
7889,2024-07-24,2275245
7890,2024-07-25,2275245
7891,2024-07-26,2275245
7892,2024-07-27,2275245
7893,2024-07-28,2275245
7894,2024-07-29,2275245
7895,2024-07-30,2275245
7896,2024-07-31,2276224
7897,2024-08-01,2276224
7898,2024-08-02,2276224
7899,2024-08-03,2276224
7900,2024-08-04,2276224
7901,2024-08-05,2276224
7902,2024-08-06,2276224
7903,2024-08-07,2277765
7904,2024-08-08,2277765
7905,2024-08-09,2277765
7906,2024-08-10,2277765
7907,2024-08-11,2277765
7908,2024-08-12,2277765
7909,2024-08-13,2277765
7910,2024-08-14,2276507
7911,2024-08-15,2276507
7912,2024-08-16,2276507
7913,2024-08-17,2276507
7914,2024-08-18,2276507
7915,2024-08-19,2276507
7916,2024-08-20,2276507
7917,2024-08-21,2274754
7918,2024-08-22,2274754
7919,2024-08-23,2274754
7920,2024-08-24,2274754
7921,2024-08-25,2274754
7922,2024-08-26,2274754
7923,2024-08-27,2274754
7924,2024-08-28,2278169
7925,2024-08-29,2278169
7926,2024-08-30,2278169
7927,2024-08-31,2278169
7928,2024-09-01,2278169
7929,2024-09-02,2278169
7930,2024-09-03,2278169
7931,2024-09-04,2283650
7932,2024-09-05,2283650
7933,2024-09-06,2283650
7934,2024-09-07,2283650
7935,2024-09-08,2283650
7936,2024-09-09,2283650
7937,2024-09-10,2283650
7938,2024-09-11,2280714
7939,2024-09-12,2280714
7940,2024-09-13,2280714
7941,2024-09-14,2280714
7942,2024-09-15,2280714
7943,2024-09-16,2280714
7944,2024-09-17,2280714
7945,2024-09-18,2278128
7946,2024-09-19,2278128
7947,2024-09-20,2278128
7948,2024-09-21,2278128
7949,2024-09-22,2278128
7950,2024-09-23,2278128
7951,2024-09-24,2278128
7952,2024-09-25,2278119
7953,2024-09-26,2278119
7954,2024-09-27,2278119
7955,2024-09-28,2278119
7956,2024-09-29,2278119
7957,2024-09-30,2278119
7958,2024-10-01,2278119
7959,2024-10-02,2280444
7960,2024-10-03,2280444
7961,2024-10-04,2280444
7962,2024-10-05,2280444
7963,2024-10-06,2280444
7964,2024-10-07,2280444
7965,2024-10-08,2280444
7966,2024-10-09,2284033
7967,2024-10-10,2284033
7968,2024-10-11,2284033
7969,2024-10-12,2284033
7970,2024-10-13,2284033
7971,2024-10-14,2284033
7972,2024-10-15,2284033
7973,2024-10-16,2286271
7974,2024-10-17,2286271
7975,2024-10-18,2286271
7976,2024-10-19,2286271
7977,2024-10-20,2286271
7978,2024-10-21,2286271
7979,2024-10-22,2286271
7980,2024-10-23,2282961
7981,2024-10-24,2282961
7982,2024-10-25,2282961
7983,2024-10-26,2282961
7984,2024-10-27,2282961
7985,2024-10-28,2282961
7986,2024-10-29,2282961
7987,2024-10-30,2283960
7988,2024-10-31,2283960
7989,2024-11-01,2283960
7990,2024-11-02,2283960
7991,2024-11-03,2283960
7992,2024-11-04,2283960
7993,2024-11-05,2283960
7994,2024-11-06,2287241
7995,2024-11-07,2287241
7996,2024-11-08,2287241
7997,2024-11-09,2287241
7998,2024-11-10,2287241
7999,2024-11-11,2287241
8000,2024-11-12,2287241
8001,2024-11-13,2288918
8002,2024-11-14,2288918
8003,2024-11-15,2288918
8004,2024-11-16,2288918
8005,2024-11-17,2288918
8006,2024-11-18,2288918
8007,2024-11-19,2288918
8008,2024-11-20,2285746
8009,2024-11-21,2285746
8010,2024-11-22,2285746
8011,2024-11-23,2285746
8012,2024-11-24,2285746
8013,2024-11-25,2285746
8014,2024-11-26,2285746
8015,2024-11-27,2290392
8016,2024-11-28,2290392
8017,2024-11-29,2290392
8018,2024-11-30,2290392
8019,2024-12-01,2290392
8020,2024-12-02,2290392
8021,2024-12-03,2290392
8022,2024-12-04,2291078
8023,2024-12-05,2291078
8024,2024-12-06,2291078
8025,2024-12-07,2291078
8026,2024-12-08,2291078
8027,2024-12-09,2291078
8028,2024-12-10,2291078
8029,2024-12-11,2286912
8030,2024-12-12,2286912
8031,2024-12-13,2286912
8032,2024-12-14,2286912
8033,2024-12-15,2286912
8034,2024-12-16,2286912
8035,2024-12-17,2286912
8036,2024-12-18,2287508
8037,2024-12-19,2287508
8038,2024-12-20,2287508
8039,2024-12-21,2287508
8040,2024-12-22,2287508
8041,2024-12-23,2287508
8042,2024-12-24,2287508
8043,2024-12-25,2290025
8044,2024-12-26,2290025
8045,2024-12-27,2290025
8046,2024-12-28,2290025
8047,2024-12-29,2290025
8048,2024-12-30,2290025
8049,2024-12-31,2290025
8050,2025-01-01,2296295
8051,2025-01-02,2296295
8052,2025-01-03,2296295
8053,2025-01-04,2296295
8054,2025-01-05,2296295
8055,2025-01-06,2296295
8056,2025-01-07,2296295
8057,2025-01-08,2288624
8058,2025-01-09,2288624
8059,2025-01-10,2288624
8060,2025-01-11,2288624
8061,2025-01-12,2288624
8062,2025-01-13,2288624
8063,2025-01-14,2288624
8064,2025-01-15,2278500
8065,2025-01-16,2278500
8066,2025-01-17,2278500
8067,2025-01-18,2278500
8068,2025-01-19,2278500
8069,2025-01-20,2278500
8070,2025-01-21,2278500
8071,2025-01-22,2274929
8072,2025-01-23,2274929
8073,2025-01-24,2274929
8074,2025-01-25,2274929
8075,2025-01-26,2274929
8076,2025-01-27,2274929
8077,2025-01-28,2274929
8078,2025-01-29,2271605
8079,2025-01-30,2271605
8080,2025-01-31,2271605
8081,2025-02-01,2271605
8082,2025-02-02,2271605
8083,2025-02-03,2271605
8084,2025-02-04,2271605
8085,2025-02-05,2272459
8086,2025-02-06,2272459
8087,2025-02-07,2272459
8088,2025-02-08,2272459
8089,2025-02-09,2272459
8090,2025-02-10,2272459
8091,2025-02-11,2272459
8092,2025-02-12,2273047
8093,2025-02-13,2273047
8094,2025-02-14,2273047
8095,2025-02-15,2273047
8096,2025-02-16,2273047
8097,2025-02-17,2273047
8098,2025-02-18,2273047
8099,2025-02-19,2276532
8100,2025-02-20,2276532
8101,2025-02-21,2276532
8102,2025-02-22,2276532
8103,2025-02-23,2276532
8104,2025-02-24,2276532
8105,2025-02-25,2276532
8106,2025-02-26,2278525
8107,2025-02-27,2278525
8108,2025-02-28,2278525
8109,2025-03-01,2278525
8110,2025-03-02,2278525
8111,2025-03-03,2278525
8112,2025-03-04,2278525
8113,2025-03-05,2285586
8114,2025-03-06,2285586
8115,2025-03-07,2285586
8116,2025-03-08,2285586
8117,2025-03-09,2285586
8118,2025-03-10,2285586
8119,2025-03-11,2285586
8120,2025-03-12,2288939
8121,2025-03-13,2288939
8122,2025-03-14,2288939
8123,2025-03-15,2288939
8124,2025-03-16,2288939
8125,2025-03-17,2288939
8126,2025-03-18,2288939
8127,2025-03-19,2291166
8128,2025-03-20,2291166
8129,2025-03-21,2291166
8130,2025-03-22,2291166
8131,2025-03-23,2291166
8132,2025-03-24,2291166
8133,2025-03-25,2291166
8134,2025-03-26,2295845
8135,2025-03-27,2295845
8136,2025-03-28,2295845
8137,2025-03-29,2295845
8138,2025-03-30,2295845
8139,2025-03-31,2295845
8140,2025-04-01,2295845
8141,2025-04-02,2299430
8142,2025-04-03,2299430
8143,2025-04-04,2299430
8144,2025-04-05,2299430
8145,2025-04-06,2299430
8146,2025-04-07,2299430
8147,2025-04-08,2299430
8148,2025-04-09,2301032
8149,2025-04-10,2301032
8150,2025-04-11,2301032
8151,2025-04-12,2301032
8152,2025-04-13,2301032
8153,2025-04-14,2301032
8154,2025-04-15,2301032
8155,2025-04-16,2300706
8156,2025-04-17,2300706
8157,2025-04-18,2300706
8158,2025-04-19,2300706
8159,2025-04-20,2300706
8160,2025-04-21,2300706
8161,2025-04-22,2300706
8162,2025-04-23,2302527
8163,2025-04-24,2302527
8164,2025-04-25,2302527
8165,2025-04-26,2302527
8166,2025-04-27,2302527
8167,2025-04-28,2302527
8168,2025-04-29,2302527
8169,2025-04-30,2304592
8170,2025-05-01,2304592
8171,2025-05-02,2304592
8172,2025-05-03,2304592
8173,2025-05-04,2304592
8174,2025-05-05,2304592
8175,2025-05-06,2304592
8176,2025-05-07,2307489
8177,2025-05-08,2307489
8178,2025-05-09,2307489
8179,2025-05-10,2307489
8180,2025-05-11,2307489
8181,2025-05-12,2307489
8182,2025-05-13,2307489
8183,2025-05-14,2306518
8184,2025-05-15,2306518
8185,2025-05-16,2306518
8186,2025-05-17,2306518
8187,2025-05-18,2306518
8188,2025-05-19,2306518
8189,2025-05-20,2306518
8190,2025-05-21,2309165
8191,2025-05-22,2309165
8192,2025-05-23,2309165
8193,2025-05-24,2309165
8194,2025-05-25,2309165
8195,2025-05-26,2309165
8196,2025-05-27,2309165
8197,2025-05-28,2314039
8198,2025-05-29,2314039
8199,2025-05-30,2314039
8200,2025-05-31,2314039
8201,2025-06-01,2314039
8202,2025-06-02,2314039
8203,2025-06-03,2314039
8204,2025-06-04,2313559
8205,2025-06-05,2313559
8206,2025-06-06,2313559
8207,2025-06-07,2313559
8208,2025-06-08,2313559
8209,2025-06-09,2313559
8210,2025-06-10,2313559
8211,2025-06-11,2312351
8212,2025-06-12,2312351
8213,2025-06-13,2312351
8214,2025-06-14,2312351
8215,2025-06-15,2312351
8216,2025-06-16,2312351
8217,2025-06-17,2312351
8218,2025-06-18,2316514
8219,2025-06-19,2316514
8220,2025-06-20,2316514
8221,2025-06-21,2316514
8222,2025-06-22,2316514
8223,2025-06-23,2316514
8224,2025-06-24,2316514
8225,2025-06-25,2317672
8226,2025-06-26,2317672
8227,2025-06-27,2317672
8228,2025-06-28,2317672
8229,2025-06-29,2317672
8230,2025-06-30,2317672
8231,2025-07-01,2317672
8232,2025-07-02,2323866
8233,2025-07-03,2323866
8234,2025-07-04,2323866
8235,2025-07-05,2323866
8236,2025-07-06,2323866
8237,2025-07-07,2323866
8238,2025-07-08,2323866
8239,2025-07-09,2325759
8240,2025-07-10,2325759
8241,2025-07-11,2325759
8242,2025-07-12,2325759
8243,2025-07-13,2325759
8244,2025-07-14,2325759
8245,2025-07-15,2325759
8246,2025-07-16,2322272
8247,2025-07-17,2322272
8248,2025-07-18,2322272
8249,2025-07-19,2322272
8250,2025-07-20,2322272
8251,2025-07-21,2322272
8252,2025-07-22,2322272
8253,2025-07-23,2321533
8254,2025-07-24,2321533
8255,2025-07-25,2321533
8256,2025-07-26,2321533
8257,2025-07-27,2321533
8258,2025-07-28,2321533
8259,2025-07-29,2321533
8260,2025-07-30,2324414
8261,2025-07-31,2324414
8262,2025-08-01,2324414
8263,2025-08-02,2324414
8264,2025-08-03,2324414
8265,2025-08-04,2324414
8266,2025-08-05,2324414
8267,2025-08-06,2327313
8268,2025-08-07,2327313
8269,2025-08-08,2327313
8270,2025-08-09,2327313
8271,2025-08-10,2327313
8272,2025-08-11,2327313
8273,2025-08-12,2327313
8274,2025-08-13,2326117
8275,2025-08-14,2326117
8276,2025-08-15,2326117
8277,2025-08-16,2326117
8278,2025-08-17,2326117
8279,2025-08-18,2326117
8280,2025-08-19,2326117
8281,2025-08-20,2326570
8282,2025-08-21,2326570
8283,2025-08-22,2326570
8284,2025-08-23,2326570
8285,2025-08-24,2326570
8286,2025-08-25,2326570
8287,2025-08-26,2326570
8288,2025-08-27,2330141
8289,2025-08-28,2330141
8290,2025-08-29,2330141
8291,2025-08-30,2330141
8292,2025-08-31,2330141
8293,2025-09-01,2330141
8294,2025-09-02,2330141
8295,2025-09-03,2335418
8296,2025-09-04,2335418
8297,2025-09-05,2335418
8298,2025-09-06,2335418
8299,2025-09-07,2335418
8300,2025-09-08,2335418
8301,2025-09-09,2335418
8302,2025-09-10,2333877
8303,2025-09-11,2333877
8304,2025-09-12,2333877
8305,2025-09-13,2333877
8306,2025-09-14,2333877
8307,2025-09-15,2333877
8308,2025-09-16,2333877
8309,2025-09-17,2332211
8310,2025-09-18,2332211
8311,2025-09-19,2332211
8312,2025-09-20,2332211
8313,2025-09-21,2332211
8314,2025-09-22,2332211
8315,2025-09-23,2332211
8316,2025-09-24,2333117
8317,2025-09-25,2333117
8318,2025-09-26,2333117
8319,2025-09-27,2333117
8320,2025-09-28,2333117
8321,2025-09-29,2333117
8322,2025-09-30,2333117
8323,2025-10-01,2335384
8324,2025-10-02,2335384
8325,2025-10-03,2335384
8326,2025-10-04,2335384
8327,2025-10-05,2335384
8328,2025-10-06,2335384
8329,2025-10-07,2335384
8330,2025-10-08,2339431
8331,2025-10-09,2339431
8332,2025-10-10,2339431
8333,2025-10-11,2339431
8334,2025-10-12,2339431
8335,2025-10-13,2339431
8336,2025-10-14,2339431
8337,2025-10-15,2342215
8338,2025-10-16,2342215
8339,2025-10-17,2342215
8340,2025-10-18,2342215
8341,2025-10-19,2342215
8342,2025-10-20,2342215
8343,2025-10-21,2342215
8344,2025-10-22,2340411
8345,2025-10-23,2340411
8346,2025-10-24,2340411
8347,2025-10-25,2340411
8348,2025-10-26,2340411
8349,2025-10-27,2340411
8350,2025-10-28,2340411
8351,2025-10-29,2340975
8352,2025-10-30,2340975
8353,2025-10-31,2340975
8354,2025-11-01,2340975
8355,2025-11-02,2340975
8356,2025-11-03,2340975
8357,2025-11-04,2340975
8358,2025-11-05,2344724
8359,2025-11-06,2344724
8360,2025-11-07,2344724
8361,2025-11-08,2344724
8362,2025-11-09,2344724
8363,2025-11-10,2344724
8364,2025-11-11,2344724
8365,2025-11-12,2346290
8366,2025-11-13,2346290
8367,2025-11-14,2346290
8368,2025-11-15,2346290
8369,2025-11-16,2346290
8370,2025-11-17,2346290
8371,2025-11-18,2346290
8372,2025-11-19,2343951
8373,2025-11-20,2343951
8374,2025-11-21,2343951
8375,2025-11-22,2343951
8376,2025-11-23,2343951
8377,2025-11-24,2343951
8378,2025-11-25,2343951
8379,2025-11-26,2349526
8380,2025-11-27,2349526
8381,2025-11-28,2349526
8382,2025-11-29,2349526
8383,2025-11-30,2349526
8384,2025-12-01,2349526
8385,2025-12-02,2349526
8386,2025-12-03,2351283
8387,2025-12-04,2351283
8388,2025-12-05,2351283
8389,2025-12-06,2351283
8390,2025-12-07,2351283
8391,2025-12-08,2351283
8392,2025-12-09,2351283
8393,2025-12-10,2348379
8394,2025-12-11,2348379
8395,2025-12-12,2348379
8396,2025-12-13,2348379
8397,2025-12-14,2348379
8398,2025-12-15,2348379
8399,2025-12-16,2348379
8400,2025-12-17,2350795
8401,2025-12-18,2350795
8402,2025-12-19,2350795
8403,2025-12-20,2350795
8404,2025-12-21,2350795
8405,2025-12-22,2350795
8406,2025-12-23,2350795
8407,2025-12-24,2361234
8408,2025-12-25,2361234
8409,2025-12-26,2361234
8410,2025-12-27,2361234
8411,2025-12-28,2361234
8412,2025-12-29,2361234
8413,2025-12-30,2361234
8414,2025-12-31,2368228
