,Date,RESPPNNWW
0,2002-12-18,645599
1,2002-12-19,645599
2,2002-12-20,645599
3,2002-12-21,645599
4,2002-12-22,645599
5,2002-12-23,645599
6,2002-12-24,645599
7,2002-12-25,651891
8,2002-12-26,651891
9,2002-12-27,651891
10,2002-12-28,651891
11,2002-12-29,651891
12,2002-12-30,651891
13,2002-12-31,651891
14,2003-01-01,654272
15,2003-01-02,654272
16,2003-01-03,654272
17,2003-01-04,654272
18,2003-01-05,654272
19,2003-01-06,654272
20,2003-01-07,654272
21,2003-01-08,647070
22,2003-01-09,647070
23,2003-01-10,647070
24,2003-01-11,647070
25,2003-01-12,647070
26,2003-01-13,647070
27,2003-01-14,647070
28,2003-01-15,642887
29,2003-01-16,642887
30,2003-01-17,642887
31,2003-01-18,642887
32,2003-01-19,642887
33,2003-01-20,642887
34,2003-01-21,642887
35,2003-01-22,643281
36,2003-01-23,643281
37,2003-01-24,643281
38,2003-01-25,643281
39,2003-01-26,643281
40,2003-01-27,643281
41,2003-01-28,643281
42,2003-01-29,642604
43,2003-01-30,642604
44,2003-01-31,642604
45,2003-02-01,642604
46,2003-02-02,642604
47,2003-02-03,642604
48,2003-02-04,642604
49,2003-02-05,644880
50,2003-02-06,644880
51,2003-02-07,644880
52,2003-02-08,644880
53,2003-02-09,644880
54,2003-02-10,644880
55,2003-02-11,644880
56,2003-02-12,648083
57,2003-02-13,648083
58,2003-02-14,648083
59,2003-02-15,648083
60,2003-02-16,648083
61,2003-02-17,648083
62,2003-02-18,648083
63,2003-02-19,651036
64,2003-02-20,651036
65,2003-02-21,651036
66,2003-02-22,651036
67,2003-02-23,651036
68,2003-02-24,651036
69,2003-02-25,651036
70,2003-02-26,649670
71,2003-02-27,649670
72,2003-02-28,649670
73,2003-03-01,649670
74,2003-03-02,649670
75,2003-03-03,649670
76,2003-03-04,649670
77,2003-03-05,650398
78,2003-03-06,650398
79,2003-03-07,650398
80,2003-03-08,650398
81,2003-03-09,650398
82,2003-03-10,650398
83,2003-03-11,650398
84,2003-03-12,651124
85,2003-03-13,651124
86,2003-03-14,651124
87,2003-03-15,651124
88,2003-03-16,651124
89,2003-03-17,651124
90,2003-03-18,651124
91,2003-03-19,651949
92,2003-03-20,651949
93,2003-03-21,651949
94,2003-03-22,651949
95,2003-03-23,651949
96,2003-03-24,651949
97,2003-03-25,651949
98,2003-03-26,652930
99,2003-03-27,652930
100,2003-03-28,652930
101,2003-03-29,652930
102,2003-03-30,652930
103,2003-03-31,652930
104,2003-04-01,652930
105,2003-04-02,654360
106,2003-04-03,654360
107,2003-04-04,654360
108,2003-04-05,654360
109,2003-04-06,654360
110,2003-04-07,654360
111,2003-04-08,654360
112,2003-04-09,655104
113,2003-04-10,655104
114,2003-04-11,655104
115,2003-04-12,655104
116,2003-04-13,655104
117,2003-04-14,655104
118,2003-04-15,655104
119,2003-04-16,655512
120,2003-04-17,655512
121,2003-04-18,655512
122,2003-04-19,655512
123,2003-04-20,655512
124,2003-04-21,655512
125,2003-04-22,655512
126,2003-04-23,655025
127,2003-04-24,655025
128,2003-04-25,655025
129,2003-04-26,655025
130,2003-04-27,655025
131,2003-04-28,655025
132,2003-04-29,655025
133,2003-04-30,659280
134,2003-05-01,659280
135,2003-05-02,659280
136,2003-05-03,659280
137,2003-05-04,659280
138,2003-05-05,659280
139,2003-05-06,659280
140,2003-05-07,661189
141,2003-05-08,661189
142,2003-05-09,661189
143,2003-05-10,661189
144,2003-05-11,661189
145,2003-05-12,661189
146,2003-05-13,661189
147,2003-05-14,661356
148,2003-05-15,661356
149,2003-05-16,661356
150,2003-05-17,661356
151,2003-05-18,661356
152,2003-05-19,661356
153,2003-05-20,661356
154,2003-05-21,662445
155,2003-05-22,662445
156,2003-05-23,662445
157,2003-05-24,662445
158,2003-05-25,662445
159,2003-05-26,662445
160,2003-05-27,662445
161,2003-05-28,665319
162,2003-05-29,665319
163,2003-05-30,665319
164,2003-05-31,665319
165,2003-06-01,665319
166,2003-06-02,665319
167,2003-06-03,665319
168,2003-06-04,664099
169,2003-06-05,664099
170,2003-06-06,664099
171,2003-06-07,664099
172,2003-06-08,664099
173,2003-06-09,664099
174,2003-06-10,664099
175,2003-06-11,663636
176,2003-06-12,663636
177,2003-06-13,663636
178,2003-06-14,663636
179,2003-06-15,663636
180,2003-06-16,663636
181,2003-06-17,663636
182,2003-06-18,663014
183,2003-06-19,663014
184,2003-06-20,663014
185,2003-06-21,663014
186,2003-06-22,663014
187,2003-06-23,663014
188,2003-06-24,663014
189,2003-06-25,663323
190,2003-06-26,663323
191,2003-06-27,663323
192,2003-06-28,663323
193,2003-06-29,663323
194,2003-06-30,663323
195,2003-07-01,663323
196,2003-07-02,669071
197,2003-07-03,669071
198,2003-07-04,669071
199,2003-07-05,669071
200,2003-07-06,669071
201,2003-07-07,669071
202,2003-07-08,669071
203,2003-07-09,668236
204,2003-07-10,668236
205,2003-07-11,668236
206,2003-07-12,668236
207,2003-07-13,668236
208,2003-07-14,668236
209,2003-07-15,668236
210,2003-07-16,665571
211,2003-07-17,665571
212,2003-07-18,665571
213,2003-07-19,665571
214,2003-07-20,665571
215,2003-07-21,665571
216,2003-07-22,665571
217,2003-07-23,664451
218,2003-07-24,664451
219,2003-07-25,664451
220,2003-07-26,664451
221,2003-07-27,664451
222,2003-07-28,664451
223,2003-07-29,664451
224,2003-07-30,665381
225,2003-07-31,665381
226,2003-08-01,665381
227,2003-08-02,665381
228,2003-08-03,665381
229,2003-08-04,665381
230,2003-08-05,665381
231,2003-08-06,666991
232,2003-08-07,666991
233,2003-08-08,666991
234,2003-08-09,666991
235,2003-08-10,666991
236,2003-08-11,666991
237,2003-08-12,666991
238,2003-08-13,666805
239,2003-08-14,666805
240,2003-08-15,666805
241,2003-08-16,666805
242,2003-08-17,666805
243,2003-08-18,666805
244,2003-08-19,666805
245,2003-08-20,666426
246,2003-08-21,666426
247,2003-08-22,666426
248,2003-08-23,666426
249,2003-08-24,666426
250,2003-08-25,666426
251,2003-08-26,666426
252,2003-08-27,668181
253,2003-08-28,668181
254,2003-08-29,668181
255,2003-08-30,668181
256,2003-08-31,668181
257,2003-09-01,668181
258,2003-09-02,668181
259,2003-09-03,671969
260,2003-09-04,671969
261,2003-09-05,671969
262,2003-09-06,671969
263,2003-09-07,671969
264,2003-09-08,671969
265,2003-09-09,671969
266,2003-09-10,668649
267,2003-09-11,668649
268,2003-09-12,668649
269,2003-09-13,668649
270,2003-09-14,668649
271,2003-09-15,668649
272,2003-09-16,668649
273,2003-09-17,667842
274,2003-09-18,667842
275,2003-09-19,667842
276,2003-09-20,667842
277,2003-09-21,667842
278,2003-09-22,667842
279,2003-09-23,667842
280,2003-09-24,668062
281,2003-09-25,668062
282,2003-09-26,668062
283,2003-09-27,668062
284,2003-09-28,668062
285,2003-09-29,668062
286,2003-09-30,668062
287,2003-10-01,669918
288,2003-10-02,669918
289,2003-10-03,669918
290,2003-10-04,669918
291,2003-10-05,669918
292,2003-10-06,669918
293,2003-10-07,669918
294,2003-10-08,671685
295,2003-10-09,671685
296,2003-10-10,671685
297,2003-10-11,671685
298,2003-10-12,671685
299,2003-10-13,671685
300,2003-10-14,671685
301,2003-10-15,674958
302,2003-10-16,674958
303,2003-10-17,674958
304,2003-10-18,674958
305,2003-10-19,674958
306,2003-10-20,674958
307,2003-10-21,674958
308,2003-10-22,673944
309,2003-10-23,673944
310,2003-10-24,673944
311,2003-10-25,673944
312,2003-10-26,673944
313,2003-10-27,673944
314,2003-10-28,673944
315,2003-10-29,669367
316,2003-10-30,669367
317,2003-10-31,669367
318,2003-11-01,669367
319,2003-11-02,669367
320,2003-11-03,669367
321,2003-11-04,669367
322,2003-11-05,670849
323,2003-11-06,670849
324,2003-11-07,670849
325,2003-11-08,670849
326,2003-11-09,670849
327,2003-11-10,670849
328,2003-11-11,670849
329,2003-11-12,674369
330,2003-11-13,674369
331,2003-11-14,674369
332,2003-11-15,674369
333,2003-11-16,674369
334,2003-11-17,674369
335,2003-11-18,674369
336,2003-11-19,673434
337,2003-11-20,673434
338,2003-11-21,673434
339,2003-11-22,673434
340,2003-11-23,673434
341,2003-11-24,673434
342,2003-11-25,673434
343,2003-11-26,679026
344,2003-11-27,679026
345,2003-11-28,679026
346,2003-11-29,679026
347,2003-11-30,679026
348,2003-12-01,679026
349,2003-12-02,679026
350,2003-12-03,679352
351,2003-12-04,679352
352,2003-12-05,679352
353,2003-12-06,679352
354,2003-12-07,679352
355,2003-12-08,679352
356,2003-12-09,679352
357,2003-12-10,678524
358,2003-12-11,678524
359,2003-12-12,678524
360,2003-12-13,678524
361,2003-12-14,678524
362,2003-12-15,678524
363,2003-12-16,678524
364,2003-12-17,681648
365,2003-12-18,681648
366,2003-12-19,681648
367,2003-12-20,681648
368,2003-12-21,681648
369,2003-12-22,681648
370,2003-12-23,681648
371,2003-12-24,688750
372,2003-12-25,688750
373,2003-12-26,688750
374,2003-12-27,688750
375,2003-12-28,688750
376,2003-12-29,688750
377,2003-12-30,688750
378,2003-12-31,689757
379,2004-01-01,689757
380,2004-01-02,689757
381,2004-01-03,689757
382,2004-01-04,689757
383,2004-01-05,689757
384,2004-01-06,689757
385,2004-01-07,683391
386,2004-01-08,683391
387,2004-01-09,683391
388,2004-01-10,683391
389,2004-01-11,683391
390,2004-01-12,683391
391,2004-01-13,683391
392,2004-01-14,677440
393,2004-01-15,677440
394,2004-01-16,677440
395,2004-01-17,677440
396,2004-01-18,677440
397,2004-01-19,677440
398,2004-01-20,677440
399,2004-01-21,676625
400,2004-01-22,676625
401,2004-01-23,676625
402,2004-01-24,676625
403,2004-01-25,676625
404,2004-01-26,676625
405,2004-01-27,676625
406,2004-01-28,676265
407,2004-01-29,676265
408,2004-01-30,676265
409,2004-01-31,676265
410,2004-02-01,676265
411,2004-02-02,676265
412,2004-02-03,676265
413,2004-02-04,678300
414,2004-02-05,678300
415,2004-02-06,678300
416,2004-02-07,678300
417,2004-02-08,678300
418,2004-02-09,678300
419,2004-02-10,678300
420,2004-02-11,680270
421,2004-02-12,680270
422,2004-02-13,680270
423,2004-02-14,680270
424,2004-02-15,680270
425,2004-02-16,680270
426,2004-02-17,680270
427,2004-02-18,682243
428,2004-02-19,682243
429,2004-02-20,682243
430,2004-02-21,682243
431,2004-02-22,682243
432,2004-02-23,682243
433,2004-02-24,682243
434,2004-02-25,680151
435,2004-02-26,680151
436,2004-02-27,680151
437,2004-02-28,680151
438,2004-02-29,680151
439,2004-03-01,680151
440,2004-03-02,680151
441,2004-03-03,680230
442,2004-03-04,680230
443,2004-03-05,680230
444,2004-03-06,680230
445,2004-03-07,680230
446,2004-03-08,680230
447,2004-03-09,680230
448,2004-03-10,680472
449,2004-03-11,680472
450,2004-03-12,680472
451,2004-03-13,680472
452,2004-03-14,680472
453,2004-03-15,680472
454,2004-03-16,680472
455,2004-03-17,681010
456,2004-03-18,681010
457,2004-03-19,681010
458,2004-03-20,681010
459,2004-03-21,681010
460,2004-03-22,681010
461,2004-03-23,681010
462,2004-03-24,680447
463,2004-03-25,680447
464,2004-03-26,680447
465,2004-03-27,680447
466,2004-03-28,680447
467,2004-03-29,680447
468,2004-03-30,680447
469,2004-03-31,681574
470,2004-04-01,681574
471,2004-04-02,681574
472,2004-04-03,681574
473,2004-04-04,681574
474,2004-04-05,681574
475,2004-04-06,681574
476,2004-04-07,683778
477,2004-04-08,683778
478,2004-04-09,683778
479,2004-04-10,683778
480,2004-04-11,683778
481,2004-04-12,683778
482,2004-04-13,683778
483,2004-04-14,684264
484,2004-04-15,684264
485,2004-04-16,684264
486,2004-04-17,684264
487,2004-04-18,684264
488,2004-04-19,684264
489,2004-04-20,684264
490,2004-04-21,682526
491,2004-04-22,682526
492,2004-04-23,682526
493,2004-04-24,682526
494,2004-04-25,682526
495,2004-04-26,682526
496,2004-04-27,682526
497,2004-04-28,683994
498,2004-04-29,683994
499,2004-04-30,683994
500,2004-05-01,683994
501,2004-05-02,683994
502,2004-05-03,683994
503,2004-05-04,683994
504,2004-05-05,685624
505,2004-05-06,685624
506,2004-05-07,685624
507,2004-05-08,685624
508,2004-05-09,685624
509,2004-05-10,685624
510,2004-05-11,685624
511,2004-05-12,686061
512,2004-05-13,686061
513,2004-05-14,686061
514,2004-05-15,686061
515,2004-05-16,686061
516,2004-05-17,686061
517,2004-05-18,686061
518,2004-05-19,686626
519,2004-05-20,686626
520,2004-05-21,686626
521,2004-05-22,686626
522,2004-05-23,686626
523,2004-05-24,686626
524,2004-05-25,686626
525,2004-05-26,689044
526,2004-05-27,689044
527,2004-05-28,689044
528,2004-05-29,689044
529,2004-05-30,689044
530,2004-05-31,689044
531,2004-06-01,689044
532,2004-06-02,693351
533,2004-06-03,693351
534,2004-06-04,693351
535,2004-06-05,693351
536,2004-06-06,693351
537,2004-06-07,693351
538,2004-06-08,693351
539,2004-06-09,691932
540,2004-06-10,691932
541,2004-06-11,691932
542,2004-06-12,691932
543,2004-06-13,691932
544,2004-06-14,691932
545,2004-06-15,691932
546,2004-06-16,690614
547,2004-06-17,690614
548,2004-06-18,690614
549,2004-06-19,690614
550,2004-06-20,690614
551,2004-06-21,690614
552,2004-06-22,690614
553,2004-06-23,693007
554,2004-06-24,693007
555,2004-06-25,693007
556,2004-06-26,693007
557,2004-06-27,693007
558,2004-06-28,693007
559,2004-06-29,693007
560,2004-06-30,698186
561,2004-07-01,698186
562,2004-07-02,698186
563,2004-07-03,698186
564,2004-07-04,698186
565,2004-07-05,698186
566,2004-07-06,698186
567,2004-07-07,703159
568,2004-07-08,703159
569,2004-07-09,703159
570,2004-07-10,703159
571,2004-07-11,703159
572,2004-07-12,703159
573,2004-07-13,703159
574,2004-07-14,701127
575,2004-07-15,701127
576,2004-07-16,701127
577,2004-07-17,701127
578,2004-07-18,701127
579,2004-07-19,701127
580,2004-07-20,701127
581,2004-07-21,699168
582,2004-07-22,699168
583,2004-07-23,699168
584,2004-07-24,699168
585,2004-07-25,699168
586,2004-07-26,699168
587,2004-07-27,699168
588,2004-07-28,699312
589,2004-07-29,699312
590,2004-07-30,699312
591,2004-07-31,699312
592,2004-08-01,699312
593,2004-08-02,699312
594,2004-08-03,699312
595,2004-08-04,700882
596,2004-08-05,700882
597,2004-08-06,700882
598,2004-08-07,700882
599,2004-08-08,700882
600,2004-08-09,700882
601,2004-08-10,700882
602,2004-08-11,701208
603,2004-08-12,701208
604,2004-08-13,701208
605,2004-08-14,701208
606,2004-08-15,701208
607,2004-08-16,701208
608,2004-08-17,701208
609,2004-08-18,700913
610,2004-08-19,700913
611,2004-08-20,700913
612,2004-08-21,700913
613,2004-08-22,700913
614,2004-08-23,700913
615,2004-08-24,700913
616,2004-08-25,700422
617,2004-08-26,700422
618,2004-08-27,700422
619,2004-08-28,700422
620,2004-08-29,700422
621,2004-08-30,700422
622,2004-08-31,700422
623,2004-09-01,703077
624,2004-09-02,703077
625,2004-09-03,703077
626,2004-09-04,703077
627,2004-09-05,703077
628,2004-09-06,703077
629,2004-09-07,703077
630,2004-09-08,707397
631,2004-09-09,707397
632,2004-09-10,707397
633,2004-09-11,707397
634,2004-09-12,707397
635,2004-09-13,707397
636,2004-09-14,707397
637,2004-09-15,704417
638,2004-09-16,704417
639,2004-09-17,704417
640,2004-09-18,704417
641,2004-09-19,704417
642,2004-09-20,704417
643,2004-09-21,704417
644,2004-09-22,702759
645,2004-09-23,702759
646,2004-09-24,702759
647,2004-09-25,702759
648,2004-09-26,702759
649,2004-09-27,702759
650,2004-09-28,702759
651,2004-09-29,703451
652,2004-09-30,703451
653,2004-10-01,703451
654,2004-10-02,703451
655,2004-10-03,703451
656,2004-10-04,703451
657,2004-10-05,703451
658,2004-10-06,705595
659,2004-10-07,705595
660,2004-10-08,705595
661,2004-10-09,705595
662,2004-10-10,705595
663,2004-10-11,705595
664,2004-10-12,705595
665,2004-10-13,708146
666,2004-10-14,708146
667,2004-10-15,708146
668,2004-10-16,708146
669,2004-10-17,708146
670,2004-10-18,708146
671,2004-10-19,708146
672,2004-10-20,706719
673,2004-10-21,706719
674,2004-10-22,706719
675,2004-10-23,706719
676,2004-10-24,706719
677,2004-10-25,706719
678,2004-10-26,706719
679,2004-10-27,707151
680,2004-10-28,707151
681,2004-10-29,707151
682,2004-10-30,707151
683,2004-10-31,707151
684,2004-11-01,707151
685,2004-11-02,707151
686,2004-11-03,709612
687,2004-11-04,709612
688,2004-11-05,709612
689,2004-11-06,709612
690,2004-11-07,709612
691,2004-11-08,709612
692,2004-11-09,709612
693,2004-11-10,714224
694,2004-11-11,714224
695,2004-11-12,714224
696,2004-11-13,714224
697,2004-11-14,714224
698,2004-11-15,714224
699,2004-11-16,714224
700,2004-11-17,713536
701,2004-11-18,713536
702,2004-11-19,713536
703,2004-11-20,713536
704,2004-11-21,713536
705,2004-11-22,713536
706,2004-11-23,713536
707,2004-11-24,718896
708,2004-11-25,718896
709,2004-11-26,718896
710,2004-11-27,718896
711,2004-11-28,718896
712,2004-11-29,718896
713,2004-11-30,718896
714,2004-12-01,718227
715,2004-12-02,718227
716,2004-12-03,718227
717,2004-12-04,718227
718,2004-12-05,718227
719,2004-12-06,718227
720,2004-12-07,718227
721,2004-12-08,717167
722,2004-12-09,717167
723,2004-12-10,717167
724,2004-12-11,717167
725,2004-12-12,717167
726,2004-12-13,717167
727,2004-12-14,717167
728,2004-12-15,717511
729,2004-12-16,717511
730,2004-12-17,717511
731,2004-12-18,717511
732,2004-12-19,717511
733,2004-12-20,717511
734,2004-12-21,717511
735,2004-12-22,721917
736,2004-12-23,721917
737,2004-12-24,721917
738,2004-12-25,721917
739,2004-12-26,721917
740,2004-12-27,721917
741,2004-12-28,721917
742,2004-12-29,722904
743,2004-12-30,722904
744,2004-12-31,722904
745,2005-01-01,722904
746,2005-01-02,722904
747,2005-01-03,722904
748,2005-01-04,722904
749,2005-01-05,718481
750,2005-01-06,718481
751,2005-01-07,718481
752,2005-01-08,718481
753,2005-01-09,718481
754,2005-01-10,718481
755,2005-01-11,718481
756,2005-01-12,713851
757,2005-01-13,713851
758,2005-01-14,713851
759,2005-01-15,713851
760,2005-01-16,713851
761,2005-01-17,713851
762,2005-01-18,713851
763,2005-01-19,713464
764,2005-01-20,713464
765,2005-01-21,713464
766,2005-01-22,713464
767,2005-01-23,713464
768,2005-01-24,713464
769,2005-01-25,713464
770,2005-01-26,711992
771,2005-01-27,711992
772,2005-01-28,711992
773,2005-01-29,711992
774,2005-01-30,711992
775,2005-01-31,711992
776,2005-02-01,711992
777,2005-02-02,714249
778,2005-02-03,714249
779,2005-02-04,714249
780,2005-02-05,714249
781,2005-02-06,714249
782,2005-02-07,714249
783,2005-02-08,714249
784,2005-02-09,716961
785,2005-02-10,716961
786,2005-02-11,716961
787,2005-02-12,716961
788,2005-02-13,716961
789,2005-02-14,716961
790,2005-02-15,716961
791,2005-02-16,717365
792,2005-02-17,717365
793,2005-02-18,717365
794,2005-02-19,717365
795,2005-02-20,717365
796,2005-02-21,717365
797,2005-02-22,717365
798,2005-02-23,718371
799,2005-02-24,718371
800,2005-02-25,718371
801,2005-02-26,718371
802,2005-02-27,718371
803,2005-02-28,718371
804,2005-03-01,718371
805,2005-03-02,717152
806,2005-03-03,717152
807,2005-03-04,717152
808,2005-03-05,717152
809,2005-03-06,717152
810,2005-03-07,717152
811,2005-03-08,717152
812,2005-03-09,717406
813,2005-03-10,717406
814,2005-03-11,717406
815,2005-03-12,717406
816,2005-03-13,717406
817,2005-03-14,717406
818,2005-03-15,717406
819,2005-03-16,717783
820,2005-03-17,717783
821,2005-03-18,717783
822,2005-03-19,717783
823,2005-03-20,717783
824,2005-03-21,717783
825,2005-03-22,717783
826,2005-03-23,717572
827,2005-03-24,717572
828,2005-03-25,717572
829,2005-03-26,717572
830,2005-03-27,717572
831,2005-03-28,717572
832,2005-03-29,717572
833,2005-03-30,719688
834,2005-03-31,719688
835,2005-04-01,719688
836,2005-04-02,719688
837,2005-04-03,719688
838,2005-04-04,719688
839,2005-04-05,719688
840,2005-04-06,720324
841,2005-04-07,720324
842,2005-04-08,720324
843,2005-04-09,720324
844,2005-04-10,720324
845,2005-04-11,720324
846,2005-04-12,720324
847,2005-04-13,719483
848,2005-04-14,719483
849,2005-04-15,719483
850,2005-04-16,719483
851,2005-04-17,719483
852,2005-04-18,719483
853,2005-04-19,719483
854,2005-04-20,718534
855,2005-04-21,718534
856,2005-04-22,718534
857,2005-04-23,718534
858,2005-04-24,718534
859,2005-04-25,718534
860,2005-04-26,718534
861,2005-04-27,718816
862,2005-04-28,718816
863,2005-04-29,718816
864,2005-04-30,718816
865,2005-05-01,718816
866,2005-05-02,718816
867,2005-05-03,718816
868,2005-05-04,719737
869,2005-05-05,719737
870,2005-05-06,719737
871,2005-05-07,719737
872,2005-05-08,719737
873,2005-05-09,719737
874,2005-05-10,719737
875,2005-05-11,720324
876,2005-05-12,720324
877,2005-05-13,720324
878,2005-05-14,720324
879,2005-05-15,720324
880,2005-05-16,720324
881,2005-05-17,720324
882,2005-05-18,719274
883,2005-05-19,719274
884,2005-05-20,719274
885,2005-05-21,719274
886,2005-05-22,719274
887,2005-05-23,719274
888,2005-05-24,719274
889,2005-05-25,721744
890,2005-05-26,721744
891,2005-05-27,721744
892,2005-05-28,721744
893,2005-05-29,721744
894,2005-05-30,721744
895,2005-05-31,721744
896,2005-06-01,726465
897,2005-06-02,726465
898,2005-06-03,726465
899,2005-06-04,726465
900,2005-06-05,726465
901,2005-06-06,726465
902,2005-06-07,726465
903,2005-06-08,725701
904,2005-06-09,725701
905,2005-06-10,725701
906,2005-06-11,725701
907,2005-06-12,725701
908,2005-06-13,725701
909,2005-06-14,725701
910,2005-06-15,724579
911,2005-06-16,724579
912,2005-06-17,724579
913,2005-06-18,724579
914,2005-06-19,724579
915,2005-06-20,724579
916,2005-06-21,724579
917,2005-06-22,724328
918,2005-06-23,724328
919,2005-06-24,724328
920,2005-06-25,724328
921,2005-06-26,724328
922,2005-06-27,724328
923,2005-06-28,724328
924,2005-06-29,727640
925,2005-06-30,727640
926,2005-07-01,727640
927,2005-07-02,727640
928,2005-07-03,727640
929,2005-07-04,727640
930,2005-07-05,727640
931,2005-07-06,732517
932,2005-07-07,732517
933,2005-07-08,732517
934,2005-07-09,732517
935,2005-07-10,732517
936,2005-07-11,732517
937,2005-07-12,732517
938,2005-07-13,729691
939,2005-07-14,729691
940,2005-07-15,729691
941,2005-07-16,729691
942,2005-07-17,729691
943,2005-07-18,729691
944,2005-07-19,729691
945,2005-07-20,726814
946,2005-07-21,726814
947,2005-07-22,726814
948,2005-07-23,726814
949,2005-07-24,726814
950,2005-07-25,726814
951,2005-07-26,726814
952,2005-07-27,727258
953,2005-07-28,727258
954,2005-07-29,727258
955,2005-07-30,727258
956,2005-07-31,727258
957,2005-08-01,727258
958,2005-08-02,727258
959,2005-08-03,729601
960,2005-08-04,729601
961,2005-08-05,729601
962,2005-08-06,729601
963,2005-08-07,729601
964,2005-08-08,729601
965,2005-08-09,729601
966,2005-08-10,730022
967,2005-08-11,730022
968,2005-08-12,730022
969,2005-08-13,730022
970,2005-08-14,730022
971,2005-08-15,730022
972,2005-08-16,730022
973,2005-08-17,729141
974,2005-08-18,729141
975,2005-08-19,729141
976,2005-08-20,729141
977,2005-08-21,729141
978,2005-08-22,729141
979,2005-08-23,729141
980,2005-08-24,727930
981,2005-08-25,727930
982,2005-08-26,727930
983,2005-08-27,727930
984,2005-08-28,727930
985,2005-08-29,727930
986,2005-08-30,727930
987,2005-08-31,730211
988,2005-09-01,730211
989,2005-09-02,730211
990,2005-09-03,730211
991,2005-09-04,730211
992,2005-09-05,730211
993,2005-09-06,730211
994,2005-09-07,735201
995,2005-09-08,735201
996,2005-09-09,735201
997,2005-09-10,735201
998,2005-09-11,735201
999,2005-09-12,735201
1000,2005-09-13,735201
1001,2005-09-14,733504
1002,2005-09-15,733504
1003,2005-09-16,733504
1004,2005-09-17,733504
1005,2005-09-18,733504
1006,2005-09-19,733504
1007,2005-09-20,733504
1008,2005-09-21,731894
1009,2005-09-22,731894
1010,2005-09-23,731894
1011,2005-09-24,731894
1012,2005-09-25,731894
1013,2005-09-26,731894
1014,2005-09-27,731894
1015,2005-09-28,732570
1016,2005-09-29,732570
1017,2005-09-30,732570
1018,2005-10-01,732570
1019,2005-10-02,732570
1020,2005-10-03,732570
1021,2005-10-04,732570
1022,2005-10-05,733832
1023,2005-10-06,733832
1024,2005-10-07,733832
1025,2005-10-08,733832
1026,2005-10-09,733832
1027,2005-10-10,733832
1028,2005-10-11,733832
1029,2005-10-12,736051
1030,2005-10-13,736051
1031,2005-10-14,736051
1032,2005-10-15,736051
1033,2005-10-16,736051
1034,2005-10-17,736051
1035,2005-10-18,736051
1036,2005-10-19,733671
1037,2005-10-20,733671
1038,2005-10-21,733671
1039,2005-10-22,733671
1040,2005-10-23,733671
1041,2005-10-24,733671
1042,2005-10-25,733671
1043,2005-10-26,733631
1044,2005-10-27,733631
1045,2005-10-28,733631
1046,2005-10-29,733631
1047,2005-10-30,733631
1048,2005-10-31,733631
1049,2005-11-01,733631
1050,2005-11-02,734523
1051,2005-11-03,734523
1052,2005-11-04,734523
1053,2005-11-05,734523
1054,2005-11-06,734523
1055,2005-11-07,734523
1056,2005-11-08,734523
1057,2005-11-09,739610
1058,2005-11-10,739610
1059,2005-11-11,739610
1060,2005-11-12,739610
1061,2005-11-13,739610
1062,2005-11-14,739610
1063,2005-11-15,739610
1064,2005-11-16,741291
1065,2005-11-17,741291
1066,2005-11-18,741291
1067,2005-11-19,741291
1068,2005-11-20,741291
1069,2005-11-21,741291
1070,2005-11-22,741291
1071,2005-11-23,745582
1072,2005-11-24,745582
1073,2005-11-25,745582
1074,2005-11-26,745582
1075,2005-11-27,745582
1076,2005-11-28,745582
1077,2005-11-29,745582
1078,2005-11-30,744567
1079,2005-12-01,744567
1080,2005-12-02,744567
1081,2005-12-03,744567
1082,2005-12-04,744567
1083,2005-12-05,744567
1084,2005-12-06,744567
1085,2005-12-07,743496
1086,2005-12-08,743496
1087,2005-12-09,743496
1088,2005-12-10,743496
1089,2005-12-11,743496
1090,2005-12-12,743496
1091,2005-12-13,743496
1092,2005-12-14,746571
1093,2005-12-15,746571
1094,2005-12-16,746571
1095,2005-12-17,746571
1096,2005-12-18,746571
1097,2005-12-19,746571
1098,2005-12-20,746571
1099,2005-12-21,752969
1100,2005-12-22,752969
1101,2005-12-23,752969
1102,2005-12-24,752969
1103,2005-12-25,752969
1104,2005-12-26,752969
1105,2005-12-27,752969
1106,2005-12-28,759246
1107,2005-12-29,759246
1108,2005-12-30,759246
1109,2005-12-31,759246
1110,2006-01-01,759246
1111,2006-01-02,759246
1112,2006-01-03,759246
1113,2006-01-04,756534
1114,2006-01-05,756534
1115,2006-01-06,756534
1116,2006-01-07,756534
1117,2006-01-08,756534
1118,2006-01-09,756534
1119,2006-01-10,756534
1120,2006-01-11,749419
1121,2006-01-12,749419
1122,2006-01-13,749419
1123,2006-01-14,749419
1124,2006-01-15,749419
1125,2006-01-16,749419
1126,2006-01-17,749419
1127,2006-01-18,749172
1128,2006-01-19,749172
1129,2006-01-20,749172
1130,2006-01-21,749172
1131,2006-01-22,749172
1132,2006-01-23,749172
1133,2006-01-24,749172
1134,2006-01-25,746453
1135,2006-01-26,746453
1136,2006-01-27,746453
1137,2006-01-28,746453
1138,2006-01-29,746453
1139,2006-01-30,746453
1140,2006-01-31,746453
1141,2006-02-01,748178
1142,2006-02-02,748178
1143,2006-02-03,748178
1144,2006-02-04,748178
1145,2006-02-05,748178
1146,2006-02-06,748178
1147,2006-02-07,748178
1148,2006-02-08,751007
1149,2006-02-09,751007
1150,2006-02-10,751007
1151,2006-02-11,751007
1152,2006-02-12,751007
1153,2006-02-13,751007
1154,2006-02-14,751007
1155,2006-02-15,752258
1156,2006-02-16,752258
1157,2006-02-17,752258
1158,2006-02-18,752258
1159,2006-02-19,752258
1160,2006-02-20,752258
1161,2006-02-21,752258
1162,2006-02-22,753325
1163,2006-02-23,753325
1164,2006-02-24,753325
1165,2006-02-25,753325
1166,2006-02-26,753325
1167,2006-02-27,753325
1168,2006-02-28,753325
1169,2006-03-01,753028
1170,2006-03-02,753028
1171,2006-03-03,753028
1172,2006-03-04,753028
1173,2006-03-05,753028
1174,2006-03-06,753028
1175,2006-03-07,753028
1176,2006-03-08,753788
1177,2006-03-09,753788
1178,2006-03-10,753788
1179,2006-03-11,753788
1180,2006-03-12,753788
1181,2006-03-13,753788
1182,2006-03-14,753788
1183,2006-03-15,753886
1184,2006-03-16,753886
1185,2006-03-17,753886
1186,2006-03-18,753886
1187,2006-03-19,753886
1188,2006-03-20,753886
1189,2006-03-21,753886
1190,2006-03-22,752905
1191,2006-03-23,752905
1192,2006-03-24,752905
1193,2006-03-25,752905
1194,2006-03-26,752905
1195,2006-03-27,752905
1196,2006-03-28,752905
1197,2006-03-29,753127
1198,2006-03-30,753127
1199,2006-03-31,753127
1200,2006-04-01,753127
1201,2006-04-02,753127
1202,2006-04-03,753127
1203,2006-04-04,753127
1204,2006-04-05,754567
1205,2006-04-06,754567
1206,2006-04-07,754567
1207,2006-04-08,754567
1208,2006-04-09,754567
1209,2006-04-10,754567
1210,2006-04-11,754567
1211,2006-04-12,755634
1212,2006-04-13,755634
1213,2006-04-14,755634
1214,2006-04-15,755634
1215,2006-04-16,755634
1216,2006-04-17,755634
1217,2006-04-18,755634
1218,2006-04-19,755276
1219,2006-04-20,755276
1220,2006-04-21,755276
1221,2006-04-22,755276
1222,2006-04-23,755276
1223,2006-04-24,755276
1224,2006-04-25,755276
1225,2006-04-26,755158
1226,2006-04-27,755158
1227,2006-04-28,755158
1228,2006-04-29,755158
1229,2006-04-30,755158
1230,2006-05-01,755158
1231,2006-05-02,755158
1232,2006-05-03,757215
1233,2006-05-04,757215
1234,2006-05-05,757215
1235,2006-05-06,757215
1236,2006-05-07,757215
1237,2006-05-08,757215
1238,2006-05-09,757215
1239,2006-05-10,758466
1240,2006-05-11,758466
1241,2006-05-12,758466
1242,2006-05-13,758466
1243,2006-05-14,758466
1244,2006-05-15,758466
1245,2006-05-16,758466
1246,2006-05-17,757969
1247,2006-05-18,757969
1248,2006-05-19,757969
1249,2006-05-20,757969
1250,2006-05-21,757969
1251,2006-05-22,757969
1252,2006-05-23,757969
1253,2006-05-24,759280
1254,2006-05-25,759280
1255,2006-05-26,759280
1256,2006-05-27,759280
1257,2006-05-28,759280
1258,2006-05-29,759280
1259,2006-05-30,759280
1260,2006-05-31,762030
1261,2006-06-01,762030
1262,2006-06-02,762030
1263,2006-06-03,762030
1264,2006-06-04,762030
1265,2006-06-05,762030
1266,2006-06-06,762030
1267,2006-06-07,759914
1268,2006-06-08,759914
1269,2006-06-09,759914
1270,2006-06-10,759914
1271,2006-06-11,759914
1272,2006-06-12,759914
1273,2006-06-13,759914
1274,2006-06-14,758103
1275,2006-06-15,758103
1276,2006-06-16,758103
1277,2006-06-17,758103
1278,2006-06-18,758103
1279,2006-06-19,758103
1280,2006-06-20,758103
1281,2006-06-21,756935
1282,2006-06-22,756935
1283,2006-06-23,756935
1284,2006-06-24,756935
1285,2006-06-25,756935
1286,2006-06-26,756935
1287,2006-06-27,756935
1288,2006-06-28,758321
1289,2006-06-29,758321
1290,2006-06-30,758321
1291,2006-07-01,758321
1292,2006-07-02,758321
1293,2006-07-03,758321
1294,2006-07-04,758321
1295,2006-07-05,763532
1296,2006-07-06,763532
1297,2006-07-07,763532
1298,2006-07-08,763532
1299,2006-07-09,763532
1300,2006-07-10,763532
1301,2006-07-11,763532
1302,2006-07-12,760652
1303,2006-07-13,760652
1304,2006-07-14,760652
1305,2006-07-15,760652
1306,2006-07-16,760652
1307,2006-07-17,760652
1308,2006-07-18,760652
1309,2006-07-19,757441
1310,2006-07-20,757441
1311,2006-07-21,757441
1312,2006-07-22,757441
1313,2006-07-23,757441
1314,2006-07-24,757441
1315,2006-07-25,757441
1316,2006-07-26,756639
1317,2006-07-27,756639
1318,2006-07-28,756639
1319,2006-07-29,756639
1320,2006-07-30,756639
1321,2006-07-31,756639
1322,2006-08-01,756639
1323,2006-08-02,757416
1324,2006-08-03,757416
1325,2006-08-04,757416
1326,2006-08-05,757416
1327,2006-08-06,757416
1328,2006-08-07,757416
1329,2006-08-08,757416
1330,2006-08-09,758723
1331,2006-08-10,758723
1332,2006-08-11,758723
1333,2006-08-12,758723
1334,2006-08-13,758723
1335,2006-08-14,758723
1336,2006-08-15,758723
1337,2006-08-16,758327
1338,2006-08-17,758327
1339,2006-08-18,758327
1340,2006-08-19,758327
1341,2006-08-20,758327
1342,2006-08-21,758327
1343,2006-08-22,758327
1344,2006-08-23,756769
1345,2006-08-24,756769
1346,2006-08-25,756769
1347,2006-08-26,756769
1348,2006-08-27,756769
1349,2006-08-28,756769
1350,2006-08-29,756769
1351,2006-08-30,760006
1352,2006-08-31,760006
1353,2006-09-01,760006
1354,2006-09-02,760006
1355,2006-09-03,760006
1356,2006-09-04,760006
1357,2006-09-05,760006
1358,2006-09-06,762197
1359,2006-09-07,762197
1360,2006-09-08,762197
1361,2006-09-09,762197
1362,2006-09-10,762197
1363,2006-09-11,762197
1364,2006-09-12,762197
1365,2006-09-13,758542
1366,2006-09-14,758542
1367,2006-09-15,758542
1368,2006-09-16,758542
1369,2006-09-17,758542
1370,2006-09-18,758542
1371,2006-09-19,758542
1372,2006-09-20,755670
1373,2006-09-21,755670
1374,2006-09-22,755670
1375,2006-09-23,755670
1376,2006-09-24,755670
1377,2006-09-25,755670
1378,2006-09-26,755670
1379,2006-09-27,755142
1380,2006-09-28,755142
1381,2006-09-29,755142
1382,2006-09-30,755142
1383,2006-10-01,755142
1384,2006-10-02,755142
1385,2006-10-03,755142
1386,2006-10-04,757093
1387,2006-10-05,757093
1388,2006-10-06,757093
1389,2006-10-07,757093
1390,2006-10-08,757093
1391,2006-10-09,757093
1392,2006-10-10,757093
1393,2006-10-11,759361
1394,2006-10-12,759361
1395,2006-10-13,759361
1396,2006-10-14,759361
1397,2006-10-15,759361
1398,2006-10-16,759361
1399,2006-10-17,759361
1400,2006-10-18,758745
1401,2006-10-19,758745
1402,2006-10-20,758745
1403,2006-10-21,758745
1404,2006-10-22,758745
1405,2006-10-23,758745
1406,2006-10-24,758745
1407,2006-10-25,758469
1408,2006-10-26,758469
1409,2006-10-27,758469
1410,2006-10-28,758469
1411,2006-10-29,758469
1412,2006-10-30,758469
1413,2006-10-31,758469
1414,2006-11-01,760089
1415,2006-11-02,760089
1416,2006-11-03,760089
1417,2006-11-04,760089
1418,2006-11-05,760089
1419,2006-11-06,760089
1420,2006-11-07,760089
1421,2006-11-08,763183
1422,2006-11-09,763183
1423,2006-11-10,763183
1424,2006-11-11,763183
1425,2006-11-12,763183
1426,2006-11-13,763183
1427,2006-11-14,763183
1428,2006-11-15,764955
1429,2006-11-16,764955
1430,2006-11-17,764955
1431,2006-11-18,764955
1432,2006-11-19,764955
1433,2006-11-20,764955
1434,2006-11-21,764955
1435,2006-11-22,770633
1436,2006-11-23,770633
1437,2006-11-24,770633
1438,2006-11-25,770633
1439,2006-11-26,770633
1440,2006-11-27,770633
1441,2006-11-28,770633
1442,2006-11-29,771067
1443,2006-11-30,771067
1444,2006-12-01,771067
1445,2006-12-02,771067
1446,2006-12-03,771067
1447,2006-12-04,771067
1448,2006-12-05,771067
1449,2006-12-06,769657
1450,2006-12-07,769657
1451,2006-12-08,769657
1452,2006-12-09,769657
1453,2006-12-10,769657
1454,2006-12-11,769657
1455,2006-12-12,769657
1456,2006-12-13,771295
1457,2006-12-14,771295
1458,2006-12-15,771295
1459,2006-12-16,771295
1460,2006-12-17,771295
1461,2006-12-18,771295
1462,2006-12-19,771295
1463,2006-12-20,775909
1464,2006-12-21,775909
1465,2006-12-22,775909
1466,2006-12-23,775909
1467,2006-12-24,775909
1468,2006-12-25,775909
1469,2006-12-26,775909
1470,2006-12-27,782733
1471,2006-12-28,782733
1472,2006-12-29,782733
1473,2006-12-30,782733
1474,2006-12-31,782733
1475,2007-01-01,782733
1476,2007-01-02,782733
1477,2007-01-03,781347
1478,2007-01-04,781347
1479,2007-01-05,781347
1480,2007-01-06,781347
1481,2007-01-07,781347
1482,2007-01-08,781347
1483,2007-01-09,781347
1484,2007-01-10,772946
1485,2007-01-11,772946
1486,2007-01-12,772946
1487,2007-01-13,772946
1488,2007-01-14,772946
1489,2007-01-15,772946
1490,2007-01-16,772946
1491,2007-01-17,769658
1492,2007-01-18,769658
1493,2007-01-19,769658
1494,2007-01-20,769658
1495,2007-01-21,769658
1496,2007-01-22,769658
1497,2007-01-23,769658
1498,2007-01-24,765838
1499,2007-01-25,765838
1500,2007-01-26,765838
1501,2007-01-27,765838
1502,2007-01-28,765838
1503,2007-01-29,765838
1504,2007-01-30,765838
1505,2007-01-31,765586
1506,2007-02-01,765586
1507,2007-02-02,765586
1508,2007-02-03,765586
1509,2007-02-04,765586
1510,2007-02-05,765586
1511,2007-02-06,765586
1512,2007-02-07,767917
1513,2007-02-08,767917
1514,2007-02-09,767917
1515,2007-02-10,767917
1516,2007-02-11,767917
1517,2007-02-12,767917
1518,2007-02-13,767917
1519,2007-02-14,769955
1520,2007-02-15,769955
1521,2007-02-16,769955
1522,2007-02-17,769955
1523,2007-02-18,769955
1524,2007-02-19,769955
1525,2007-02-20,769955
1526,2007-02-21,771238
1527,2007-02-22,771238
1528,2007-02-23,771238
1529,2007-02-24,771238
1530,2007-02-25,771238
1531,2007-02-26,771238
1532,2007-02-27,771238
1533,2007-02-28,770958
1534,2007-03-01,770958
1535,2007-03-02,770958
1536,2007-03-03,770958
1537,2007-03-04,770958
1538,2007-03-05,770958
1539,2007-03-06,770958
1540,2007-03-07,770855
1541,2007-03-08,770855
1542,2007-03-09,770855
1543,2007-03-10,770855
1544,2007-03-11,770855
1545,2007-03-12,770855
1546,2007-03-13,770855
1547,2007-03-14,770745
1548,2007-03-15,770745
1549,2007-03-16,770745
1550,2007-03-17,770745
1551,2007-03-18,770745
1552,2007-03-19,770745
1553,2007-03-20,770745
1554,2007-03-21,770052
1555,2007-03-22,770052
1556,2007-03-23,770052
1557,2007-03-24,770052
1558,2007-03-25,770052
1559,2007-03-26,770052
1560,2007-03-27,770052
1561,2007-03-28,770238
1562,2007-03-29,770238
1563,2007-03-30,770238
1564,2007-03-31,770238
1565,2007-04-01,770238
1566,2007-04-02,770238
1567,2007-04-03,770238
1568,2007-04-04,771780
1569,2007-04-05,771780
1570,2007-04-06,771780
1571,2007-04-07,771780
1572,2007-04-08,771780
1573,2007-04-09,771780
1574,2007-04-10,771780
1575,2007-04-11,773017
1576,2007-04-12,773017
1577,2007-04-13,773017
1578,2007-04-14,773017
1579,2007-04-15,773017
1580,2007-04-16,773017
1581,2007-04-17,773017
1582,2007-04-18,771894
1583,2007-04-19,771894
1584,2007-04-20,771894
1585,2007-04-21,771894
1586,2007-04-22,771894
1587,2007-04-23,771894
1588,2007-04-24,771894
1589,2007-04-25,771431
1590,2007-04-26,771431
1591,2007-04-27,771431
1592,2007-04-28,771431
1593,2007-04-29,771431
1594,2007-04-30,771431
1595,2007-05-01,771431
1596,2007-05-02,772163
1597,2007-05-03,772163
1598,2007-05-04,772163
1599,2007-05-05,772163
1600,2007-05-06,772163
1601,2007-05-07,772163
1602,2007-05-08,772163
1603,2007-05-09,773279
1604,2007-05-10,773279
1605,2007-05-11,773279
1606,2007-05-12,773279
1607,2007-05-13,773279
1608,2007-05-14,773279
1609,2007-05-15,773279
1610,2007-05-16,772923
1611,2007-05-17,772923
1612,2007-05-18,772923
1613,2007-05-19,772923
1614,2007-05-20,772923
1615,2007-05-21,772923
1616,2007-05-22,772923
1617,2007-05-23,774106
1618,2007-05-24,774106
1619,2007-05-25,774106
1620,2007-05-26,774106
1621,2007-05-27,774106
1622,2007-05-28,774106
1623,2007-05-29,774106
1624,2007-05-30,777855
1625,2007-05-31,777855
1626,2007-06-01,777855
1627,2007-06-02,777855
1628,2007-06-03,777855
1629,2007-06-04,777855
1630,2007-06-05,777855
1631,2007-06-06,776210
1632,2007-06-07,776210
1633,2007-06-08,776210
1634,2007-06-09,776210
1635,2007-06-10,776210
1636,2007-06-11,776210
1637,2007-06-12,776210
1638,2007-06-13,774970
1639,2007-06-14,774970
1640,2007-06-15,774970
1641,2007-06-16,774970
1642,2007-06-17,774970
1643,2007-06-18,774970
1644,2007-06-19,774970
1645,2007-06-20,773636
1646,2007-06-21,773636
1647,2007-06-22,773636
1648,2007-06-23,773636
1649,2007-06-24,773636
1650,2007-06-25,773636
1651,2007-06-26,773636
1652,2007-06-27,775052
1653,2007-06-28,775052
1654,2007-06-29,775052
1655,2007-06-30,775052
1656,2007-07-01,775052
1657,2007-07-02,775052
1658,2007-07-03,775052
1659,2007-07-04,781376
1660,2007-07-05,781376
1661,2007-07-06,781376
1662,2007-07-07,781376
1663,2007-07-08,781376
1664,2007-07-09,781376
1665,2007-07-10,781376
1666,2007-07-11,779891
1667,2007-07-12,779891
1668,2007-07-13,779891
1669,2007-07-14,779891
1670,2007-07-15,779891
1671,2007-07-16,779891
1672,2007-07-17,779891
1673,2007-07-18,776944
1674,2007-07-19,776944
1675,2007-07-20,776944
1676,2007-07-21,776944
1677,2007-07-22,776944
1678,2007-07-23,776944
1679,2007-07-24,776944
1680,2007-07-25,776483
1681,2007-07-26,776483
1682,2007-07-27,776483
1683,2007-07-28,776483
1684,2007-07-29,776483
1685,2007-07-30,776483
1686,2007-07-31,776483
1687,2007-08-01,776953
1688,2007-08-02,776953
1689,2007-08-03,776953
1690,2007-08-04,776953
1691,2007-08-05,776953
1692,2007-08-06,776953
1693,2007-08-07,776953
1694,2007-08-08,777350
1695,2007-08-09,777350
1696,2007-08-10,777350
1697,2007-08-11,777350
1698,2007-08-12,777350
1699,2007-08-13,777350
1700,2007-08-14,777350
1701,2007-08-15,775789
1702,2007-08-16,775789
1703,2007-08-17,775789
1704,2007-08-18,775789
1705,2007-08-19,775789
1706,2007-08-20,775789
1707,2007-08-21,775789
1708,2007-08-22,774540
1709,2007-08-23,774540
1710,2007-08-24,774540
1711,2007-08-25,774540
1712,2007-08-26,774540
1713,2007-08-27,774540
1714,2007-08-28,774540
1715,2007-08-29,775186
1716,2007-08-30,775186
1717,2007-08-31,775186
1718,2007-09-01,775186
1719,2007-09-02,775186
1720,2007-09-03,775186
1721,2007-09-04,775186
1722,2007-09-05,778661
1723,2007-09-06,778661
1724,2007-09-07,778661
1725,2007-09-08,778661
1726,2007-09-09,778661
1727,2007-09-10,778661
1728,2007-09-11,778661
1729,2007-09-12,775407
1730,2007-09-13,775407
1731,2007-09-14,775407
1732,2007-09-15,775407
1733,2007-09-16,775407
1734,2007-09-17,775407
1735,2007-09-18,775407
1736,2007-09-19,773367
1737,2007-09-20,773367
1738,2007-09-21,773367
1739,2007-09-22,773367
1740,2007-09-23,773367
1741,2007-09-24,773367
1742,2007-09-25,773367
1743,2007-09-26,774843
1744,2007-09-27,774843
1745,2007-09-28,774843
1746,2007-09-29,774843
1747,2007-09-30,774843
1748,2007-10-01,774843
1749,2007-10-02,774843
1750,2007-10-03,777405
1751,2007-10-04,777405
1752,2007-10-05,777405
1753,2007-10-06,777405
1754,2007-10-07,777405
1755,2007-10-08,777405
1756,2007-10-09,777405
1757,2007-10-10,779748
1758,2007-10-11,779748
1759,2007-10-12,779748
1760,2007-10-13,779748
1761,2007-10-14,779748
1762,2007-10-15,779748
1763,2007-10-16,779748
1764,2007-10-17,777686
1765,2007-10-18,777686
1766,2007-10-19,777686
1767,2007-10-20,777686
1768,2007-10-21,777686
1769,2007-10-22,777686
1770,2007-10-23,777686
1771,2007-10-24,776701
1772,2007-10-25,776701
1773,2007-10-26,776701
1774,2007-10-27,776701
1775,2007-10-28,776701
1776,2007-10-29,776701
1777,2007-10-30,776701
1778,2007-10-31,778155
1779,2007-11-01,778155
1780,2007-11-02,778155
1781,2007-11-03,778155
1782,2007-11-04,778155
1783,2007-11-05,778155
1784,2007-11-06,778155
1785,2007-11-07,782204
1786,2007-11-08,782204
1787,2007-11-09,782204
1788,2007-11-10,782204
1789,2007-11-11,782204
1790,2007-11-12,782204
1791,2007-11-13,782204
1792,2007-11-14,784415
1793,2007-11-15,784415
1794,2007-11-16,784415
1795,2007-11-17,784415
1796,2007-11-18,784415
1797,2007-11-19,784415
1798,2007-11-20,784415
1799,2007-11-21,786377
1800,2007-11-22,786377
1801,2007-11-23,786377
1802,2007-11-24,786377
1803,2007-11-25,786377
1804,2007-11-26,786377
1805,2007-11-27,786377
1806,2007-11-28,783675
1807,2007-11-29,783675
1808,2007-11-30,783675
1809,2007-12-01,783675
1810,2007-12-02,783675
1811,2007-12-03,783675
1812,2007-12-04,783675
1813,2007-12-05,781939
1814,2007-12-06,781939
1815,2007-12-07,781939
1816,2007-12-08,781939
1817,2007-12-09,781939
1818,2007-12-10,781939
1819,2007-12-11,781939
1820,2007-12-12,782513
1821,2007-12-13,782513
1822,2007-12-14,782513
1823,2007-12-15,782513
1824,2007-12-16,782513
1825,2007-12-17,782513
1826,2007-12-18,782513
1827,2007-12-19,785785
1828,2007-12-20,785785
1829,2007-12-21,785785
1830,2007-12-22,785785
1831,2007-12-23,785785
1832,2007-12-24,785785
1833,2007-12-25,785785
1834,2007-12-26,791801
1835,2007-12-27,791801
1836,2007-12-28,791801
1837,2007-12-29,791801
1838,2007-12-30,791801
1839,2007-12-31,791801
1840,2008-01-01,791801
1841,2008-01-02,791684
1842,2008-01-03,791684
1843,2008-01-04,791684
1844,2008-01-05,791684
1845,2008-01-06,791684
1846,2008-01-07,791684
1847,2008-01-08,791684
1848,2008-01-09,781803
1849,2008-01-10,781803
1850,2008-01-11,781803
1851,2008-01-12,781803
1852,2008-01-13,781803
1853,2008-01-14,781803
1854,2008-01-15,781803
1855,2008-01-16,775503
1856,2008-01-17,775503
1857,2008-01-18,775503
1858,2008-01-19,775503
1859,2008-01-20,775503
1860,2008-01-21,775503
1861,2008-01-22,775503
1862,2008-01-23,774712
1863,2008-01-24,774712
1864,2008-01-25,774712
1865,2008-01-26,774712
1866,2008-01-27,774712
1867,2008-01-28,774712
1868,2008-01-29,774712
1869,2008-01-30,774282
1870,2008-01-31,774282
1871,2008-02-01,774282
1872,2008-02-02,774282
1873,2008-02-03,774282
1874,2008-02-04,774282
1875,2008-02-05,774282
1876,2008-02-06,777108
1877,2008-02-07,777108
1878,2008-02-08,777108
1879,2008-02-09,777108
1880,2008-02-10,777108
1881,2008-02-11,777108
1882,2008-02-12,777108
1883,2008-02-13,778937
1884,2008-02-14,778937
1885,2008-02-15,778937
1886,2008-02-16,778937
1887,2008-02-17,778937
1888,2008-02-18,778937
1889,2008-02-19,778937
1890,2008-02-20,780503
1891,2008-02-21,780503
1892,2008-02-22,780503
1893,2008-02-23,780503
1894,2008-02-24,780503
1895,2008-02-25,780503
1896,2008-02-26,780503
1897,2008-02-27,779452
1898,2008-02-28,779452
1899,2008-02-29,779452
1900,2008-03-01,779452
1901,2008-03-02,779452
1902,2008-03-03,779452
1903,2008-03-04,779452
1904,2008-03-05,780769
1905,2008-03-06,780769
1906,2008-03-07,780769
1907,2008-03-08,780769
1908,2008-03-09,780769
1909,2008-03-10,780769
1910,2008-03-11,780769
1911,2008-03-12,781254
1912,2008-03-13,781254
1913,2008-03-14,781254
1914,2008-03-15,781254
1915,2008-03-16,781254
1916,2008-03-17,781254
1917,2008-03-18,781254
1918,2008-03-19,781201
1919,2008-03-20,781201
1920,2008-03-21,781201
1921,2008-03-22,781201
1922,2008-03-23,781201
1923,2008-03-24,781201
1924,2008-03-25,781201
1925,2008-03-26,780632
1926,2008-03-27,780632
1927,2008-03-28,780632
1928,2008-03-29,780632
1929,2008-03-30,780632
1930,2008-03-31,780632
1931,2008-04-01,780632
1932,2008-04-02,779560
1933,2008-04-03,779560
1934,2008-04-04,779560
1935,2008-04-05,779560
1936,2008-04-06,779560
1937,2008-04-07,779560
1938,2008-04-08,779560
1939,2008-04-09,778902
1940,2008-04-10,778902
1941,2008-04-11,778902
1942,2008-04-12,778902
1943,2008-04-13,778902
1944,2008-04-14,778902
1945,2008-04-15,778902
1946,2008-04-16,777511
1947,2008-04-17,777511
1948,2008-04-18,777511
1949,2008-04-19,777511
1950,2008-04-20,777511
1951,2008-04-21,777511
1952,2008-04-22,777511
1953,2008-04-23,776641
1954,2008-04-24,776641
1955,2008-04-25,776641
1956,2008-04-26,776641
1957,2008-04-27,776641
1958,2008-04-28,776641
1959,2008-04-29,776641
1960,2008-04-30,777090
1961,2008-05-01,777090
1962,2008-05-02,777090
1963,2008-05-03,777090
1964,2008-05-04,777090
1965,2008-05-05,777090
1966,2008-05-06,777090
1967,2008-05-07,779432
1968,2008-05-08,779432
1969,2008-05-09,779432
1970,2008-05-10,779432
1971,2008-05-11,779432
1972,2008-05-12,779432
1973,2008-05-13,779432
1974,2008-05-14,780789
1975,2008-05-15,780789
1976,2008-05-16,780789
1977,2008-05-17,780789
1978,2008-05-18,780789
1979,2008-05-19,780789
1980,2008-05-20,780789
1981,2008-05-21,783345
1982,2008-05-22,783345
1983,2008-05-23,783345
1984,2008-05-24,783345
1985,2008-05-25,783345
1986,2008-05-26,783345
1987,2008-05-27,783345
1988,2008-05-28,787696
1989,2008-05-29,787696
1990,2008-05-30,787696
1991,2008-05-31,787696
1992,2008-06-01,787696
1993,2008-06-02,787696
1994,2008-06-03,787696
1995,2008-06-04,787103
1996,2008-06-05,787103
1997,2008-06-06,787103
1998,2008-06-07,787103
1999,2008-06-08,787103
2000,2008-06-09,787103
2001,2008-06-10,787103
2002,2008-06-11,786398
2003,2008-06-12,786398
2004,2008-06-13,786398
2005,2008-06-14,786398
2006,2008-06-15,786398
2007,2008-06-16,786398
2008,2008-06-17,786398
2009,2008-06-18,786534
2010,2008-06-19,786534
2011,2008-06-20,786534
2012,2008-06-21,786534
2013,2008-06-22,786534
2014,2008-06-23,786534
2015,2008-06-24,786534
2016,2008-06-25,787963
2017,2008-06-26,787963
2018,2008-06-27,787963
2019,2008-06-28,787963
2020,2008-06-29,787963
2021,2008-06-30,787963
2022,2008-07-01,787963
2023,2008-07-02,795095
2024,2008-07-03,795095
2025,2008-07-04,795095
2026,2008-07-05,795095
2027,2008-07-06,795095
2028,2008-07-07,795095
2029,2008-07-08,795095
2030,2008-07-09,795659
2031,2008-07-10,795659
2032,2008-07-11,795659
2033,2008-07-12,795659
2034,2008-07-13,795659
2035,2008-07-14,795659
2036,2008-07-15,795659
2037,2008-07-16,793421
2038,2008-07-17,793421
2039,2008-07-18,793421
2040,2008-07-19,793421
2041,2008-07-20,793421
2042,2008-07-21,793421
2043,2008-07-22,793421
2044,2008-07-23,794244
2045,2008-07-24,794244
2046,2008-07-25,794244
2047,2008-07-26,794244
2048,2008-07-27,794244
2049,2008-07-28,794244
2050,2008-07-29,794244
2051,2008-07-30,795563
2052,2008-07-31,795563
2053,2008-08-01,795563
2054,2008-08-02,795563
2055,2008-08-03,795563
2056,2008-08-04,795563
2057,2008-08-05,795563
2058,2008-08-06,795848
2059,2008-08-07,795848
2060,2008-08-08,795848
2061,2008-08-09,795848
2062,2008-08-10,795848
2063,2008-08-11,795848
2064,2008-08-12,795848
2065,2008-08-13,795101
2066,2008-08-14,795101
2067,2008-08-15,795101
2068,2008-08-16,795101
2069,2008-08-17,795101
2070,2008-08-18,795101
2071,2008-08-19,795101
2072,2008-08-20,793703
2073,2008-08-21,793703
2074,2008-08-22,793703
2075,2008-08-23,793703
2076,2008-08-24,793703
2077,2008-08-25,793703
2078,2008-08-26,793703
2079,2008-08-27,795694
2080,2008-08-28,795694
2081,2008-08-29,795694
2082,2008-08-30,795694
2083,2008-08-31,795694
2084,2008-09-01,795694
2085,2008-09-02,795694
2086,2008-09-03,799719
2087,2008-09-04,799719
2088,2008-09-05,799719
2089,2008-09-06,799719
2090,2008-09-07,799719
2091,2008-09-08,799719
2092,2008-09-09,799719
2093,2008-09-10,797602
2094,2008-09-11,797602
2095,2008-09-12,797602
2096,2008-09-13,797602
2097,2008-09-14,797602
2098,2008-09-15,797602
2099,2008-09-16,797602
2100,2008-09-17,796094
2101,2008-09-18,796094
2102,2008-09-19,796094
2103,2008-09-20,796094
2104,2008-09-21,796094
2105,2008-09-22,796094
2106,2008-09-23,796094
2107,2008-09-24,799422
2108,2008-09-25,799422
2109,2008-09-26,799422
2110,2008-09-27,799422
2111,2008-09-28,799422
2112,2008-09-29,799422
2113,2008-09-30,799422
2114,2008-10-01,803979
2115,2008-10-02,803979
2116,2008-10-03,803979
2117,2008-10-04,803979
2118,2008-10-05,803979
2119,2008-10-06,803979
2120,2008-10-07,803979
2121,2008-10-08,811692
2122,2008-10-09,811692
2123,2008-10-10,811692
2124,2008-10-11,811692
2125,2008-10-12,811692
2126,2008-10-13,811692
2127,2008-10-14,811692
2128,2008-10-15,818498
2129,2008-10-16,818498
2130,2008-10-17,818498
2131,2008-10-18,818498
2132,2008-10-19,818498
2133,2008-10-20,818498
2134,2008-10-21,818498
2135,2008-10-22,819896
2136,2008-10-23,819896
2137,2008-10-24,819896
2138,2008-10-25,819896
2139,2008-10-26,819896
2140,2008-10-27,819896
2141,2008-10-28,819896
2142,2008-10-29,823713
2143,2008-10-30,823713
2144,2008-10-31,823713
2145,2008-11-01,823713
2146,2008-11-02,823713
2147,2008-11-03,823713
2148,2008-11-04,823713
2149,2008-11-05,826880
2150,2008-11-06,826880
2151,2008-11-07,826880
2152,2008-11-08,826880
2153,2008-11-09,826880
2154,2008-11-10,826880
2155,2008-11-11,826880
2156,2008-11-12,828448
2157,2008-11-13,828448
2158,2008-11-14,828448
2159,2008-11-15,828448
2160,2008-11-16,828448
2161,2008-11-17,828448
2162,2008-11-18,828448
2163,2008-11-19,828617
2164,2008-11-20,828617
2165,2008-11-21,828617
2166,2008-11-22,828617
2167,2008-11-23,828617
2168,2008-11-24,828617
2169,2008-11-25,828617
2170,2008-11-26,835083
2171,2008-11-27,835083
2172,2008-11-28,835083
2173,2008-11-29,835083
2174,2008-11-30,835083
2175,2008-12-01,835083
2176,2008-12-02,835083
2177,2008-12-03,835829
2178,2008-12-04,835829
2179,2008-12-05,835829
2180,2008-12-06,835829
2181,2008-12-07,835829
2182,2008-12-08,835829
2183,2008-12-09,835829
2184,2008-12-10,837563
2185,2008-12-11,837563
2186,2008-12-12,837563
2187,2008-12-13,837563
2188,2008-12-14,837563
2189,2008-12-15,837563
2190,2008-12-16,837563
2191,2008-12-17,840741
2192,2008-12-18,840741
2193,2008-12-19,840741
2194,2008-12-20,840741
2195,2008-12-21,840741
2196,2008-12-22,840741
2197,2008-12-23,840741
2198,2008-12-24,849716
2199,2008-12-25,849716
2200,2008-12-26,849716
2201,2008-12-27,849716
2202,2008-12-28,849716
2203,2008-12-29,849716
2204,2008-12-30,849716
2205,2008-12-31,853168
2206,2009-01-01,853168
2207,2009-01-02,853168
2208,2009-01-03,853168
2209,2009-01-04,853168
2210,2009-01-05,853168
2211,2009-01-06,853168
2212,2009-01-07,847956
2213,2009-01-08,847956
2214,2009-01-09,847956
2215,2009-01-10,847956
2216,2009-01-11,847956
2217,2009-01-12,847956
2218,2009-01-13,847956
2219,2009-01-14,844072
2220,2009-01-15,844072
2221,2009-01-16,844072
2222,2009-01-17,844072
2223,2009-01-18,844072
2224,2009-01-19,844072
2225,2009-01-20,844072
2226,2009-01-21,848198
2227,2009-01-22,848198
2228,2009-01-23,848198
2229,2009-01-24,848198
2230,2009-01-25,848198
2231,2009-01-26,848198
2232,2009-01-27,848198
2233,2009-01-28,848795
2234,2009-01-29,848795
2235,2009-01-30,848795
2236,2009-01-31,848795
2237,2009-02-01,848795
2238,2009-02-02,848795
2239,2009-02-03,848795
2240,2009-02-04,852298
2241,2009-02-05,852298
2242,2009-02-06,852298
2243,2009-02-07,852298
2244,2009-02-08,852298
2245,2009-02-09,852298
2246,2009-02-10,852298
2247,2009-02-11,856001
2248,2009-02-12,856001
2249,2009-02-13,856001
2250,2009-02-14,856001
2251,2009-02-15,856001
2252,2009-02-16,856001
2253,2009-02-17,856001
2254,2009-02-18,858488
2255,2009-02-19,858488
2256,2009-02-20,858488
2257,2009-02-21,858488
2258,2009-02-22,858488
2259,2009-02-23,858488
2260,2009-02-24,858488
2261,2009-02-25,858738
2262,2009-02-26,858738
2263,2009-02-27,858738
2264,2009-02-28,858738
2265,2009-03-01,858738
2266,2009-03-02,858738
2267,2009-03-03,858738
2268,2009-03-04,860470
2269,2009-03-05,860470
2270,2009-03-06,860470
2271,2009-03-07,860470
2272,2009-03-08,860470
2273,2009-03-09,860470
2274,2009-03-10,860470
2275,2009-03-11,862265
2276,2009-03-12,862265
2277,2009-03-13,862265
2278,2009-03-14,862265
2279,2009-03-15,862265
2280,2009-03-16,862265
2281,2009-03-17,862265
2282,2009-03-18,862732
2283,2009-03-19,862732
2284,2009-03-20,862732
2285,2009-03-21,862732
2286,2009-03-22,862732
2287,2009-03-23,862732
2288,2009-03-24,862732
2289,2009-03-25,863094
2290,2009-03-26,863094
2291,2009-03-27,863094
2292,2009-03-28,863094
2293,2009-03-29,863094
2294,2009-03-30,863094
2295,2009-03-31,863094
2296,2009-04-01,864517
2297,2009-04-02,864517
2298,2009-04-03,864517
2299,2009-04-04,864517
2300,2009-04-05,864517
2301,2009-04-06,864517
2302,2009-04-07,864517
2303,2009-04-08,866075
2304,2009-04-09,866075
2305,2009-04-10,866075
2306,2009-04-11,866075
2307,2009-04-12,866075
2308,2009-04-13,866075
2309,2009-04-14,866075
2310,2009-04-15,865226
2311,2009-04-16,865226
2312,2009-04-17,865226
2313,2009-04-18,865226
2314,2009-04-19,865226
2315,2009-04-20,865226
2316,2009-04-21,865226
2317,2009-04-22,862960
2318,2009-04-23,862960
2319,2009-04-24,862960
2320,2009-04-25,862960
2321,2009-04-26,862960
2322,2009-04-27,862960
2323,2009-04-28,862960
2324,2009-04-29,863086
2325,2009-04-30,863086
2326,2009-05-01,863086
2327,2009-05-02,863086
2328,2009-05-03,863086
2329,2009-05-04,863086
2330,2009-05-05,863086
2331,2009-05-06,865869
2332,2009-05-07,865869
2333,2009-05-08,865869
2334,2009-05-09,865869
2335,2009-05-10,865869
2336,2009-05-11,865869
2337,2009-05-12,865869
2338,2009-05-13,865511
2339,2009-05-14,865511
2340,2009-05-15,865511
2341,2009-05-16,865511
2342,2009-05-17,865511
2343,2009-05-18,865511
2344,2009-05-19,865511
2345,2009-05-20,866465
2346,2009-05-21,866465
2347,2009-05-22,866465
2348,2009-05-23,866465
2349,2009-05-24,866465
2350,2009-05-25,866465
2351,2009-05-26,866465
2352,2009-05-27,870017
2353,2009-05-28,870017
2354,2009-05-29,870017
2355,2009-05-30,870017
2356,2009-05-31,870017
2357,2009-06-01,870017
2358,2009-06-02,870017
2359,2009-06-03,868774
2360,2009-06-04,868774
2361,2009-06-05,868774
2362,2009-06-06,868774
2363,2009-06-07,868774
2364,2009-06-08,868774
2365,2009-06-09,868774
2366,2009-06-10,868431
2367,2009-06-11,868431
2368,2009-06-12,868431
2369,2009-06-13,868431
2370,2009-06-14,868431
2371,2009-06-15,868431
2372,2009-06-16,868431
2373,2009-06-17,867521
2374,2009-06-18,867521
2375,2009-06-19,867521
2376,2009-06-20,867521
2377,2009-06-21,867521
2378,2009-06-22,867521
2379,2009-06-23,867521
2380,2009-06-24,867273
2381,2009-06-25,867273
2382,2009-06-26,867273
2383,2009-06-27,867273
2384,2009-06-28,867273
2385,2009-06-29,867273
2386,2009-06-30,867273
2387,2009-07-01,871291
2388,2009-07-02,871291
2389,2009-07-03,871291
2390,2009-07-04,871291
2391,2009-07-05,871291
2392,2009-07-06,871291
2393,2009-07-07,871291
2394,2009-07-08,872756
2395,2009-07-09,872756
2396,2009-07-10,872756
2397,2009-07-11,872756
2398,2009-07-12,872756
2399,2009-07-13,872756
2400,2009-07-14,872756
2401,2009-07-15,870327
2402,2009-07-16,870327
2403,2009-07-17,870327
2404,2009-07-18,870327
2405,2009-07-19,870327
2406,2009-07-20,870327
2407,2009-07-21,870327
2408,2009-07-22,869228
2409,2009-07-23,869228
2410,2009-07-24,869228
2411,2009-07-25,869228
2412,2009-07-26,869228
2413,2009-07-27,869228
2414,2009-07-28,869228
2415,2009-07-29,870575
2416,2009-07-30,870575
2417,2009-07-31,870575
2418,2009-08-01,870575
2419,2009-08-02,870575
2420,2009-08-03,870575
2421,2009-08-04,870575
2422,2009-08-05,872150
2423,2009-08-06,872150
2424,2009-08-07,872150
2425,2009-08-08,872150
2426,2009-08-09,872150
2427,2009-08-10,872150
2428,2009-08-11,872150
2429,2009-08-12,872799
2430,2009-08-13,872799
2431,2009-08-14,872799
2432,2009-08-15,872799
2433,2009-08-16,872799
2434,2009-08-17,872799
2435,2009-08-18,872799
2436,2009-08-19,871488
2437,2009-08-20,871488
2438,2009-08-21,871488
2439,2009-08-22,871488
2440,2009-08-23,871488
2441,2009-08-24,871488
2442,2009-08-25,871488
2443,2009-08-26,870409
2444,2009-08-27,870409
2445,2009-08-28,870409
2446,2009-08-29,870409
2447,2009-08-30,870409
2448,2009-08-31,870409
2449,2009-09-01,870409
2450,2009-09-02,872813
2451,2009-09-03,872813
2452,2009-09-04,872813
2453,2009-09-05,872813
2454,2009-09-06,872813
2455,2009-09-07,872813
2456,2009-09-08,872813
2457,2009-09-09,876679
2458,2009-09-10,876679
2459,2009-09-11,876679
2460,2009-09-12,876679
2461,2009-09-13,876679
2462,2009-09-14,876679
2463,2009-09-15,876679
2464,2009-09-16,873940
2465,2009-09-17,873940
2466,2009-09-18,873940
2467,2009-09-19,873940
2468,2009-09-20,873940
2469,2009-09-21,873940
2470,2009-09-22,873940
2471,2009-09-23,872318
2472,2009-09-24,872318
2473,2009-09-25,872318
2474,2009-09-26,872318
2475,2009-09-27,872318
2476,2009-09-28,872318
2477,2009-09-29,872318
2478,2009-09-30,873497
2479,2009-10-01,873497
2480,2009-10-02,873497
2481,2009-10-03,873497
2482,2009-10-04,873497
2483,2009-10-05,873497
2484,2009-10-06,873497
2485,2009-10-07,876120
2486,2009-10-08,876120
2487,2009-10-09,876120
2488,2009-10-10,876120
2489,2009-10-11,876120
2490,2009-10-12,876120
2491,2009-10-13,876120
2492,2009-10-14,877792
2493,2009-10-15,877792
2494,2009-10-16,877792
2495,2009-10-17,877792
2496,2009-10-18,877792
2497,2009-10-19,877792
2498,2009-10-20,877792
2499,2009-10-21,875323
2500,2009-10-22,875323
2501,2009-10-23,875323
2502,2009-10-24,875323
2503,2009-10-25,875323
2504,2009-10-26,875323
2505,2009-10-27,875323
2506,2009-10-28,874838
2507,2009-10-29,874838
2508,2009-10-30,874838
2509,2009-10-31,874838
2510,2009-11-01,874838
2511,2009-11-02,874838
2512,2009-11-03,874838
2513,2009-11-04,877490
2514,2009-11-05,877490
2515,2009-11-06,877490
2516,2009-11-07,877490
2517,2009-11-08,877490
2518,2009-11-09,877490
2519,2009-11-10,877490
2520,2009-11-11,880880
2521,2009-11-12,880880
2522,2009-11-13,880880
2523,2009-11-14,880880
2524,2009-11-15,880880
2525,2009-11-16,880880
2526,2009-11-17,880880
2527,2009-11-18,879357
2528,2009-11-19,879357
2529,2009-11-20,879357
2530,2009-11-21,879357
2531,2009-11-22,879357
2532,2009-11-23,879357
2533,2009-11-24,879357
2534,2009-11-25,883034
2535,2009-11-26,883034
2536,2009-11-27,883034
2537,2009-11-28,883034
2538,2009-11-29,883034
2539,2009-11-30,883034
2540,2009-12-01,883034
2541,2009-12-02,882417
2542,2009-12-03,882417
2543,2009-12-04,882417
2544,2009-12-05,882417
2545,2009-12-06,882417
2546,2009-12-07,882417
2547,2009-12-08,882417
2548,2009-12-09,883195
2549,2009-12-10,883195
2550,2009-12-11,883195
2551,2009-12-12,883195
2552,2009-12-13,883195
2553,2009-12-14,883195
2554,2009-12-15,883195
2555,2009-12-16,883387
2556,2009-12-17,883387
2557,2009-12-18,883387
2558,2009-12-19,883387
2559,2009-12-20,883387
2560,2009-12-21,883387
2561,2009-12-22,883387
2562,2009-12-23,888785
2563,2009-12-24,888785
2564,2009-12-25,888785
2565,2009-12-26,888785
2566,2009-12-27,888785
2567,2009-12-28,888785
2568,2009-12-29,888785
2569,2009-12-30,889678
2570,2009-12-31,889678
2571,2010-01-01,889678
2572,2010-01-02,889678
2573,2010-01-03,889678
2574,2010-01-04,889678
2575,2010-01-05,889678
2576,2010-01-06,884449
2577,2010-01-07,884449
2578,2010-01-08,884449
2579,2010-01-09,884449
2580,2010-01-10,884449
2581,2010-01-11,884449
2582,2010-01-12,884449
2583,2010-01-13,879220
2584,2010-01-14,879220
2585,2010-01-15,879220
2586,2010-01-16,879220
2587,2010-01-17,879220
2588,2010-01-18,879220
2589,2010-01-19,879220
2590,2010-01-20,879322
2591,2010-01-21,879322
2592,2010-01-22,879322
2593,2010-01-23,879322
2594,2010-01-24,879322
2595,2010-01-25,879322
2596,2010-01-26,879322
2597,2010-01-27,878375
2598,2010-01-28,878375
2599,2010-01-29,878375
2600,2010-01-30,878375
2601,2010-01-31,878375
2602,2010-02-01,878375
2603,2010-02-02,878375
2604,2010-02-03,883465
2605,2010-02-04,883465
2606,2010-02-05,883465
2607,2010-02-06,883465
2608,2010-02-07,883465
2609,2010-02-08,883465
2610,2010-02-09,883465
2611,2010-02-10,889092
2612,2010-02-11,889092
2613,2010-02-12,889092
2614,2010-02-13,889092
2615,2010-02-14,889092
2616,2010-02-15,889092
2617,2010-02-16,889092
2618,2010-02-17,892985
2619,2010-02-18,892985
2620,2010-02-19,892985
2621,2010-02-20,892985
2622,2010-02-21,892985
2623,2010-02-22,892985
2624,2010-02-23,892985
2625,2010-02-24,892062
2626,2010-02-25,892062
2627,2010-02-26,892062
2628,2010-02-27,892062
2629,2010-02-28,892062
2630,2010-03-01,892062
2631,2010-03-02,892062
2632,2010-03-03,892784
2633,2010-03-04,892784
2634,2010-03-05,892784
2635,2010-03-06,892784
2636,2010-03-07,892784
2637,2010-03-08,892784
2638,2010-03-09,892784
2639,2010-03-10,893623
2640,2010-03-11,893623
2641,2010-03-12,893623
2642,2010-03-13,893623
2643,2010-03-14,893623
2644,2010-03-15,893623
2645,2010-03-16,893623
2646,2010-03-17,893265
2647,2010-03-18,893265
2648,2010-03-19,893265
2649,2010-03-20,893265
2650,2010-03-21,893265
2651,2010-03-22,893265
2652,2010-03-23,893265
2653,2010-03-24,893035
2654,2010-03-25,893035
2655,2010-03-26,893035
2656,2010-03-27,893035
2657,2010-03-28,893035
2658,2010-03-29,893035
2659,2010-03-30,893035
2660,2010-03-31,894146
2661,2010-04-01,894146
2662,2010-04-02,894146
2663,2010-04-03,894146
2664,2010-04-04,894146
2665,2010-04-05,894146
2666,2010-04-06,894146
2667,2010-04-07,896295
2668,2010-04-08,896295
2669,2010-04-09,896295
2670,2010-04-10,896295
2671,2010-04-11,896295
2672,2010-04-12,896295
2673,2010-04-13,896295
2674,2010-04-14,895450
2675,2010-04-15,895450
2676,2010-04-16,895450
2677,2010-04-17,895450
2678,2010-04-18,895450
2679,2010-04-19,895450
2680,2010-04-20,895450
2681,2010-04-21,894760
2682,2010-04-22,894760
2683,2010-04-23,894760
2684,2010-04-24,894760
2685,2010-04-25,894760
2686,2010-04-26,894760
2687,2010-04-27,894760
2688,2010-04-28,895339
2689,2010-04-29,895339
2690,2010-04-30,895339
2691,2010-05-01,895339
2692,2010-05-02,895339
2693,2010-05-03,895339
2694,2010-05-04,895339
2695,2010-05-05,897515
2696,2010-05-06,897515
2697,2010-05-07,897515
2698,2010-05-08,897515
2699,2010-05-09,897515
2700,2010-05-10,897515
2701,2010-05-11,897515
2702,2010-05-12,898681
2703,2010-05-13,898681
2704,2010-05-14,898681
2705,2010-05-15,898681
2706,2010-05-16,898681
2707,2010-05-17,898681
2708,2010-05-18,898681
2709,2010-05-19,897568
2710,2010-05-20,897568
2711,2010-05-21,897568
2712,2010-05-22,897568
2713,2010-05-23,897568
2714,2010-05-24,897568
2715,2010-05-25,897568
2716,2010-05-26,899782
2717,2010-05-27,899782
2718,2010-05-28,899782
2719,2010-05-29,899782
2720,2010-05-30,899782
2721,2010-05-31,899782
2722,2010-06-01,899782
2723,2010-06-02,903727
2724,2010-06-03,903727
2725,2010-06-04,903727
2726,2010-06-05,903727
2727,2010-06-06,903727
2728,2010-06-07,903727
2729,2010-06-08,903727
2730,2010-06-09,901394
2731,2010-06-10,901394
2732,2010-06-11,901394
2733,2010-06-12,901394
2734,2010-06-13,901394
2735,2010-06-14,901394
2736,2010-06-15,901394
2737,2010-06-16,899858
2738,2010-06-17,899858
2739,2010-06-18,899858
2740,2010-06-19,899858
2741,2010-06-20,899858
2742,2010-06-21,899858
2743,2010-06-22,899858
2744,2010-06-23,899735
2745,2010-06-24,899735
2746,2010-06-25,899735
2747,2010-06-26,899735
2748,2010-06-27,899735
2749,2010-06-28,899735
2750,2010-06-29,899735
2751,2010-06-30,904130
2752,2010-07-01,904130
2753,2010-07-02,904130
2754,2010-07-03,904130
2755,2010-07-04,904130
2756,2010-07-05,904130
2757,2010-07-06,904130
2758,2010-07-07,907698
2759,2010-07-08,907698
2760,2010-07-09,907698
2761,2010-07-10,907698
2762,2010-07-11,907698
2763,2010-07-12,907698
2764,2010-07-13,907698
2765,2010-07-14,904540
2766,2010-07-15,904540
2767,2010-07-16,904540
2768,2010-07-17,904540
2769,2010-07-18,904540
2770,2010-07-19,904540
2771,2010-07-20,904540
2772,2010-07-21,902259
2773,2010-07-22,902259
2774,2010-07-23,902259
2775,2010-07-24,902259
2776,2010-07-25,902259
2777,2010-07-26,902259
2778,2010-07-27,902259
2779,2010-07-28,903334
2780,2010-07-29,903334
2781,2010-07-30,903334
2782,2010-07-31,903334
2783,2010-08-01,903334
2784,2010-08-02,903334
2785,2010-08-03,903334
2786,2010-08-04,905775
2787,2010-08-05,905775
2788,2010-08-06,905775
2789,2010-08-07,905775
2790,2010-08-08,905775
2791,2010-08-09,905775
2792,2010-08-10,905775
2793,2010-08-11,906918
2794,2010-08-12,906918
2795,2010-08-13,906918
2796,2010-08-14,906918
2797,2010-08-15,906918
2798,2010-08-16,906918
2799,2010-08-17,906918
2800,2010-08-18,906756
2801,2010-08-19,906756
2802,2010-08-20,906756
2803,2010-08-21,906756
2804,2010-08-22,906756
2805,2010-08-23,906756
2806,2010-08-24,906756
2807,2010-08-25,906277
2808,2010-08-26,906277
2809,2010-08-27,906277
2810,2010-08-28,906277
2811,2010-08-29,906277
2812,2010-08-30,906277
2813,2010-08-31,906277
2814,2010-09-01,909873
2815,2010-09-02,909873
2816,2010-09-03,909873
2817,2010-09-04,909873
2818,2010-09-05,909873
2819,2010-09-06,909873
2820,2010-09-07,909873
2821,2010-09-08,913687
2822,2010-09-09,913687
2823,2010-09-10,913687
2824,2010-09-11,913687
2825,2010-09-12,913687
2826,2010-09-13,913687
2827,2010-09-14,913687
2828,2010-09-15,911257
2829,2010-09-16,911257
2830,2010-09-17,911257
2831,2010-09-18,911257
2832,2010-09-19,911257
2833,2010-09-20,911257
2834,2010-09-21,911257
2835,2010-09-22,910623
2836,2010-09-23,910623
2837,2010-09-24,910623
2838,2010-09-25,910623
2839,2010-09-26,910623
2840,2010-09-27,910623
2841,2010-09-28,910623
2842,2010-09-29,913760
2843,2010-09-30,913760
2844,2010-10-01,913760
2845,2010-10-02,913760
2846,2010-10-03,913760
2847,2010-10-04,913760
2848,2010-10-05,913760
2849,2010-10-06,918609
2850,2010-10-07,918609
2851,2010-10-08,918609
2852,2010-10-09,918609
2853,2010-10-10,918609
2854,2010-10-11,918609
2855,2010-10-12,918609
2856,2010-10-13,922580
2857,2010-10-14,922580
2858,2010-10-15,922580
2859,2010-10-16,922580
2860,2010-10-17,922580
2861,2010-10-18,922580
2862,2010-10-19,922580
2863,2010-10-20,921378
2864,2010-10-21,921378
2865,2010-10-22,921378
2866,2010-10-23,921378
2867,2010-10-24,921378
2868,2010-10-25,921378
2869,2010-10-26,921378
2870,2010-10-27,922325
2871,2010-10-28,922325
2872,2010-10-29,922325
2873,2010-10-30,922325
2874,2010-10-31,922325
2875,2010-11-01,922325
2876,2010-11-02,922325
2877,2010-11-03,927731
2878,2010-11-04,927731
2879,2010-11-05,927731
2880,2010-11-06,927731
2881,2010-11-07,927731
2882,2010-11-08,927731
2883,2010-11-09,927731
2884,2010-11-10,933751
2885,2010-11-11,933751
2886,2010-11-12,933751
2887,2010-11-13,933751
2888,2010-11-14,933751
2889,2010-11-15,933751
2890,2010-11-16,933751
2891,2010-11-17,932377
2892,2010-11-18,932377
2893,2010-11-19,932377
2894,2010-11-20,932377
2895,2010-11-21,932377
2896,2010-11-22,932377
2897,2010-11-23,932377
2898,2010-11-24,937336
2899,2010-11-25,937336
2900,2010-11-26,937336
2901,2010-11-27,937336
2902,2010-11-28,937336
2903,2010-11-29,937336
2904,2010-11-30,937336
2905,2010-12-01,936391
2906,2010-12-02,936391
2907,2010-12-03,936391
2908,2010-12-04,936391
2909,2010-12-05,936391
2910,2010-12-06,936391
2911,2010-12-07,936391
2912,2010-12-08,937528
2913,2010-12-09,937528
2914,2010-12-10,937528
2915,2010-12-11,937528
2916,2010-12-12,937528
2917,2010-12-13,937528
2918,2010-12-14,937528
2919,2010-12-15,938436
2920,2010-12-16,938436
2921,2010-12-17,938436
2922,2010-12-18,938436
2923,2010-12-19,938436
2924,2010-12-20,938436
2925,2010-12-21,938436
2926,2010-12-22,942422
2927,2010-12-23,942422
2928,2010-12-24,942422
2929,2010-12-25,942422
2930,2010-12-26,942422
2931,2010-12-27,942422
2932,2010-12-28,942422
2933,2010-12-29,943749
2934,2010-12-30,943749
2935,2010-12-31,943749
2936,2011-01-01,943749
2937,2011-01-02,943749
2938,2011-01-03,943749
2939,2011-01-04,943749
2940,2011-01-05,940305
2941,2011-01-06,940305
2942,2011-01-07,940305
2943,2011-01-08,940305
2944,2011-01-09,940305
2945,2011-01-10,940305
2946,2011-01-11,940305
2947,2011-01-12,936962
2948,2011-01-13,936962
2949,2011-01-14,936962
2950,2011-01-15,936962
2951,2011-01-16,936962
2952,2011-01-17,936962
2953,2011-01-18,936962
2954,2011-01-19,937404
2955,2011-01-20,937404
2956,2011-01-21,937404
2957,2011-01-22,937404
2958,2011-01-23,937404
2959,2011-01-24,937404
2960,2011-01-25,937404
2961,2011-01-26,935342
2962,2011-01-27,935342
2963,2011-01-28,935342
2964,2011-01-29,935342
2965,2011-01-30,935342
2966,2011-01-31,935342
2967,2011-02-01,935342
2968,2011-02-02,941621
2969,2011-02-03,941621
2970,2011-02-04,941621
2971,2011-02-05,941621
2972,2011-02-06,941621
2973,2011-02-07,941621
2974,2011-02-08,941621
2975,2011-02-09,947260
2976,2011-02-10,947260
2977,2011-02-11,947260
2978,2011-02-12,947260
2979,2011-02-13,947260
2980,2011-02-14,947260
2981,2011-02-15,947260
2982,2011-02-16,951429
2983,2011-02-17,951429
2984,2011-02-18,951429
2985,2011-02-19,951429
2986,2011-02-20,951429
2987,2011-02-21,951429
2988,2011-02-22,951429
2989,2011-02-23,956012
2990,2011-02-24,956012
2991,2011-02-25,956012
2992,2011-02-26,956012
2993,2011-02-27,956012
2994,2011-02-28,956012
2995,2011-03-01,956012
2996,2011-03-02,957713
2997,2011-03-03,957713
2998,2011-03-04,957713
2999,2011-03-05,957713
3000,2011-03-06,957713
3001,2011-03-07,957713
3002,2011-03-08,957713
3003,2011-03-09,959955
3004,2011-03-10,959955
3005,2011-03-11,959955
3006,2011-03-12,959955
3007,2011-03-13,959955
3008,2011-03-14,959955
3009,2011-03-15,959955
3010,2011-03-16,961867
3011,2011-03-17,961867
3012,2011-03-18,961867
3013,2011-03-19,961867
3014,2011-03-20,961867
3015,2011-03-21,961867
3016,2011-03-22,961867
3017,2011-03-23,962521
3018,2011-03-24,962521
3019,2011-03-25,962521
3020,2011-03-26,962521
3021,2011-03-27,962521
3022,2011-03-28,962521
3023,2011-03-29,962521
3024,2011-03-30,963991
3025,2011-03-31,963991
3026,2011-04-01,963991
3027,2011-04-02,963991
3028,2011-04-03,963991
3029,2011-04-04,963991
3030,2011-04-05,963991
3031,2011-04-06,968048
3032,2011-04-07,968048
3033,2011-04-08,968048
3034,2011-04-09,968048
3035,2011-04-10,968048
3036,2011-04-11,968048
3037,2011-04-12,968048
3038,2011-04-13,969784
3039,2011-04-14,969784
3040,2011-04-15,969784
3041,2011-04-16,969784
3042,2011-04-17,969784
3043,2011-04-18,969784
3044,2011-04-19,969784
3045,2011-04-20,970580
3046,2011-04-21,970580
3047,2011-04-22,970580
3048,2011-04-23,970580
3049,2011-04-24,970580
3050,2011-04-25,970580
3051,2011-04-26,970580
3052,2011-04-27,972352
3053,2011-04-28,972352
3054,2011-04-29,972352
3055,2011-04-30,972352
3056,2011-05-01,972352
3057,2011-05-02,972352
3058,2011-05-03,972352
3059,2011-05-04,975724
3060,2011-05-05,975724
3061,2011-05-06,975724
3062,2011-05-07,975724
3063,2011-05-08,975724
3064,2011-05-09,975724
3065,2011-05-10,975724
3066,2011-05-11,976785
3067,2011-05-12,976785
3068,2011-05-13,976785
3069,2011-05-14,976785
3070,2011-05-15,976785
3071,2011-05-16,976785
3072,2011-05-17,976785
3073,2011-05-18,976334
3074,2011-05-19,976334
3075,2011-05-20,976334
3076,2011-05-21,976334
3077,2011-05-22,976334
3078,2011-05-23,976334
3079,2011-05-24,976334
3080,2011-05-25,979160
3081,2011-05-26,979160
3082,2011-05-27,979160
3083,2011-05-28,979160
3084,2011-05-29,979160
3085,2011-05-30,979160
3086,2011-05-31,979160
3087,2011-06-01,984201
3088,2011-06-02,984201
3089,2011-06-03,984201
3090,2011-06-04,984201
3091,2011-06-05,984201
3092,2011-06-06,984201
3093,2011-06-07,984201
3094,2011-06-08,983093
3095,2011-06-09,983093
3096,2011-06-10,983093
3097,2011-06-11,983093
3098,2011-06-12,983093
3099,2011-06-13,983093
3100,2011-06-14,983093
3101,2011-06-15,982363
3102,2011-06-16,982363
3103,2011-06-17,982363
3104,2011-06-18,982363
3105,2011-06-19,982363
3106,2011-06-20,982363
3107,2011-06-21,982363
3108,2011-06-22,981747
3109,2011-06-23,981747
3110,2011-06-24,981747
3111,2011-06-25,981747
3112,2011-06-26,981747
3113,2011-06-27,981747
3114,2011-06-28,981747
3115,2011-06-29,985788
3116,2011-06-30,985788
3117,2011-07-01,985788
3118,2011-07-02,985788
3119,2011-07-03,985788
3120,2011-07-04,985788
3121,2011-07-05,985788
3122,2011-07-06,990861
3123,2011-07-07,990861
3124,2011-07-08,990861
3125,2011-07-09,990861
3126,2011-07-10,990861
3127,2011-07-11,990861
3128,2011-07-12,990861
3129,2011-07-13,988285
3130,2011-07-14,988285
3131,2011-07-15,988285
3132,2011-07-16,988285
3133,2011-07-17,988285
3134,2011-07-18,988285
3135,2011-07-19,988285
3136,2011-07-20,987624
3137,2011-07-21,987624
3138,2011-07-22,987624
3139,2011-07-23,987624
3140,2011-07-24,987624
3141,2011-07-25,987624
3142,2011-07-26,987624
3143,2011-07-27,989019
3144,2011-07-28,989019
3145,2011-07-29,989019
3146,2011-07-30,989019
3147,2011-07-31,989019
3148,2011-08-01,989019
3149,2011-08-02,989019
3150,2011-08-03,993062
3151,2011-08-04,993062
3152,2011-08-05,993062
3153,2011-08-06,993062
3154,2011-08-07,993062
3155,2011-08-08,993062
3156,2011-08-09,993062
3157,2011-08-10,992791
3158,2011-08-11,992791
3159,2011-08-12,992791
3160,2011-08-13,992791
3161,2011-08-14,992791
3162,2011-08-15,992791
3163,2011-08-16,992791
3164,2011-08-17,992382
3165,2011-08-18,992382
3166,2011-08-19,992382
3167,2011-08-20,992382
3168,2011-08-21,992382
3169,2011-08-22,992382
3170,2011-08-23,992382
3171,2011-08-24,991611
3172,2011-08-25,991611
3173,2011-08-26,991611
3174,2011-08-27,991611
3175,2011-08-28,991611
3176,2011-08-29,991611
3177,2011-08-30,991611
3178,2011-08-31,996056
3179,2011-09-01,996056
3180,2011-09-02,996056
3181,2011-09-03,996056
3182,2011-09-04,996056
3183,2011-09-05,996056
3184,2011-09-06,996056
3185,2011-09-07,1001525
3186,2011-09-08,1001525
3187,2011-09-09,1001525
3188,2011-09-10,1001525
3189,2011-09-11,1001525
3190,2011-09-12,1001525
3191,2011-09-13,1001525
3192,2011-09-14,998153
3193,2011-09-15,998153
3194,2011-09-16,998153
3195,2011-09-17,998153
3196,2011-09-18,998153
3197,2011-09-19,998153
3198,2011-09-20,998153
3199,2011-09-21,995059
3200,2011-09-22,995059
3201,2011-09-23,995059
3202,2011-09-24,995059
3203,2011-09-25,995059
3204,2011-09-26,995059
3205,2011-09-27,995059
3206,2011-09-28,996320
3207,2011-09-29,996320
3208,2011-09-30,996320
3209,2011-10-01,996320
3210,2011-10-02,996320
3211,2011-10-03,996320
3212,2011-10-04,996320
3213,2011-10-05,1000668
3214,2011-10-06,1000668
3215,2011-10-07,1000668
3216,2011-10-08,1000668
3217,2011-10-09,1000668
3218,2011-10-10,1000668
3219,2011-10-11,1000668
3220,2011-10-12,1003322
3221,2011-10-13,1003322
3222,2011-10-14,1003322
3223,2011-10-15,1003322
3224,2011-10-16,1003322
3225,2011-10-17,1003322
3226,2011-10-18,1003322
3227,2011-10-19,1001153
3228,2011-10-20,1001153
3229,2011-10-21,1001153
3230,2011-10-22,1001153
3231,2011-10-23,1001153
3232,2011-10-24,1001153
3233,2011-10-25,1001153
3234,2011-10-26,1001574
3235,2011-10-27,1001574
3236,2011-10-28,1001574
3237,2011-10-29,1001574
3238,2011-10-30,1001574
3239,2011-10-31,1001574
3240,2011-11-01,1001574
3241,2011-11-02,1008443
3242,2011-11-03,1008443
3243,2011-11-04,1008443
3244,2011-11-05,1008443
3245,2011-11-06,1008443
3246,2011-11-07,1008443
3247,2011-11-08,1008443
3248,2011-11-09,1015192
3249,2011-11-10,1015192
3250,2011-11-11,1015192
3251,2011-11-12,1015192
3252,2011-11-13,1015192
3253,2011-11-14,1015192
3254,2011-11-15,1015192
3255,2011-11-16,1016372
3256,2011-11-17,1016372
3257,2011-11-18,1016372
3258,2011-11-19,1016372
3259,2011-11-20,1016372
3260,2011-11-21,1016372
3261,2011-11-22,1016372
3262,2011-11-23,1020751
3263,2011-11-24,1020751
3264,2011-11-25,1020751
3265,2011-11-26,1020751
3266,2011-11-27,1020751
3267,2011-11-28,1020751
3268,2011-11-29,1020751
3269,2011-11-30,1020447
3270,2011-12-01,1020447
3271,2011-12-02,1020447
3272,2011-12-03,1020447
3273,2011-12-04,1020447
3274,2011-12-05,1020447
3275,2011-12-06,1020447
3276,2011-12-07,1022091
3277,2011-12-08,1022091
3278,2011-12-09,1022091
3279,2011-12-10,1022091
3280,2011-12-11,1022091
3281,2011-12-12,1022091
3282,2011-12-13,1022091
3283,2011-12-14,1024629
3284,2011-12-15,1024629
3285,2011-12-16,1024629
3286,2011-12-17,1024629
3287,2011-12-18,1024629
3288,2011-12-19,1024629
3289,2011-12-20,1024629
3290,2011-12-21,1028516
3291,2011-12-22,1028516
3292,2011-12-23,1028516
3293,2011-12-24,1028516
3294,2011-12-25,1028516
3295,2011-12-26,1028516
3296,2011-12-27,1028516
3297,2011-12-28,1034520
3298,2011-12-29,1034520
3299,2011-12-30,1034520
3300,2011-12-31,1034520
3301,2012-01-01,1034520
3302,2012-01-02,1034520
3303,2012-01-03,1034520
3304,2012-01-04,1032534
3305,2012-01-05,1032534
3306,2012-01-06,1032534
3307,2012-01-07,1032534
3308,2012-01-08,1032534
3309,2012-01-09,1032534
3310,2012-01-10,1032534
3311,2012-01-11,1026588
3312,2012-01-12,1026588
3313,2012-01-13,1026588
3314,2012-01-14,1026588
3315,2012-01-15,1026588
3316,2012-01-16,1026588
3317,2012-01-17,1026588
3318,2012-01-18,1026122
3319,2012-01-19,1026122
3320,2012-01-20,1026122
3321,2012-01-21,1026122
3322,2012-01-22,1026122
3323,2012-01-23,1026122
3324,2012-01-24,1026122
3325,2012-01-25,1024676
3326,2012-01-26,1024676
3327,2012-01-27,1024676
3328,2012-01-28,1024676
3329,2012-01-29,1024676
3330,2012-01-30,1024676
3331,2012-01-31,1024676
3332,2012-02-01,1028912
3333,2012-02-02,1028912
3334,2012-02-03,1028912
3335,2012-02-04,1028912
3336,2012-02-05,1028912
3337,2012-02-06,1028912
3338,2012-02-07,1028912
3339,2012-02-08,1036968
3340,2012-02-09,1036968
3341,2012-02-10,1036968
3342,2012-02-11,1036968
3343,2012-02-12,1036968
3344,2012-02-13,1036968
3345,2012-02-14,1036968
3346,2012-02-15,1044259
3347,2012-02-16,1044259
3348,2012-02-17,1044259
3349,2012-02-18,1044259
3350,2012-02-19,1044259
3351,2012-02-20,1044259
3352,2012-02-21,1044259
3353,2012-02-22,1048004
3354,2012-02-23,1048004
3355,2012-02-24,1048004
3356,2012-02-25,1048004
3357,2012-02-26,1048004
3358,2012-02-27,1048004
3359,2012-02-28,1048004
3360,2012-02-29,1049876
3361,2012-03-01,1049876
3362,2012-03-02,1049876
3363,2012-03-03,1049876
3364,2012-03-04,1049876
3365,2012-03-05,1049876
3366,2012-03-06,1049876
3367,2012-03-07,1053260
3368,2012-03-08,1053260
3369,2012-03-09,1053260
3370,2012-03-10,1053260
3371,2012-03-11,1053260
3372,2012-03-12,1053260
3373,2012-03-13,1053260
3374,2012-03-14,1055150
3375,2012-03-15,1055150
3376,2012-03-16,1055150
3377,2012-03-17,1055150
3378,2012-03-18,1055150
3379,2012-03-19,1055150
3380,2012-03-20,1055150
3381,2012-03-21,1055474
3382,2012-03-22,1055474
3383,2012-03-23,1055474
3384,2012-03-24,1055474
3385,2012-03-25,1055474
3386,2012-03-26,1055474
3387,2012-03-27,1055474
3388,2012-03-28,1056418
3389,2012-03-29,1056418
3390,2012-03-30,1056418
3391,2012-03-31,1056418
3392,2012-04-01,1056418
3393,2012-04-02,1056418
3394,2012-04-03,1056418
3395,2012-04-04,1059520
3396,2012-04-05,1059520
3397,2012-04-06,1059520
3398,2012-04-07,1059520
3399,2012-04-08,1059520
3400,2012-04-09,1059520
3401,2012-04-10,1059520
3402,2012-04-11,1059842
3403,2012-04-12,1059842
3404,2012-04-13,1059842
3405,2012-04-14,1059842
3406,2012-04-15,1059842
3407,2012-04-16,1059842
3408,2012-04-17,1059842
3409,2012-04-18,1058550
3410,2012-04-19,1058550
3411,2012-04-20,1058550
3412,2012-04-21,1058550
3413,2012-04-22,1058550
3414,2012-04-23,1058550
3415,2012-04-24,1058550
3416,2012-04-25,1058308
3417,2012-04-26,1058308
3418,2012-04-27,1058308
3419,2012-04-28,1058308
3420,2012-04-29,1058308
3421,2012-04-30,1058308
3422,2012-05-01,1058308
3423,2012-05-02,1060633
3424,2012-05-03,1060633
3425,2012-05-04,1060633
3426,2012-05-05,1060633
3427,2012-05-06,1060633
3428,2012-05-07,1060633
3429,2012-05-08,1060633
3430,2012-05-09,1062148
3431,2012-05-10,1062148
3432,2012-05-11,1062148
3433,2012-05-12,1062148
3434,2012-05-13,1062148
3435,2012-05-14,1062148
3436,2012-05-15,1062148
3437,2012-05-16,1061643
3438,2012-05-17,1061643
3439,2012-05-18,1061643
3440,2012-05-19,1061643
3441,2012-05-20,1061643
3442,2012-05-21,1061643
3443,2012-05-22,1061643
3444,2012-05-23,1063767
3445,2012-05-24,1063767
3446,2012-05-25,1063767
3447,2012-05-26,1063767
3448,2012-05-27,1063767
3449,2012-05-28,1063767
3450,2012-05-29,1063767
3451,2012-05-30,1068150
3452,2012-05-31,1068150
3453,2012-06-01,1068150
3454,2012-06-02,1068150
3455,2012-06-03,1068150
3456,2012-06-04,1068150
3457,2012-06-05,1068150
3458,2012-06-06,1067825
3459,2012-06-07,1067825
3460,2012-06-08,1067825
3461,2012-06-09,1067825
3462,2012-06-10,1067825
3463,2012-06-11,1067825
3464,2012-06-12,1067825
3465,2012-06-13,1067221
3466,2012-06-14,1067221
3467,2012-06-15,1067221
3468,2012-06-16,1067221
3469,2012-06-17,1067221
3470,2012-06-18,1067221
3471,2012-06-19,1067221
3472,2012-06-20,1066758
3473,2012-06-21,1066758
3474,2012-06-22,1066758
3475,2012-06-23,1066758
3476,2012-06-24,1066758
3477,2012-06-25,1066758
3478,2012-06-26,1066758
3479,2012-06-27,1067917
3480,2012-06-28,1067917
3481,2012-06-29,1067917
3482,2012-06-30,1067917
3483,2012-07-01,1067917
3484,2012-07-02,1067917
3485,2012-07-03,1067917
3486,2012-07-04,1075912
3487,2012-07-05,1075912
3488,2012-07-06,1075912
3489,2012-07-07,1075912
3490,2012-07-08,1075912
3491,2012-07-09,1075912
3492,2012-07-10,1075912
3493,2012-07-11,1073732
3494,2012-07-12,1073732
3495,2012-07-13,1073732
3496,2012-07-14,1073732
3497,2012-07-15,1073732
3498,2012-07-16,1073732
3499,2012-07-17,1073732
3500,2012-07-18,1070218
3501,2012-07-19,1070218
3502,2012-07-20,1070218
3503,2012-07-21,1070218
3504,2012-07-22,1070218
3505,2012-07-23,1070218
3506,2012-07-24,1070218
3507,2012-07-25,1069713
3508,2012-07-26,1069713
3509,2012-07-27,1069713
3510,2012-07-28,1069713
3511,2012-07-29,1069713
3512,2012-07-30,1069713
3513,2012-07-31,1069713
3514,2012-08-01,1072591
3515,2012-08-02,1072591
3516,2012-08-03,1072591
3517,2012-08-04,1072591
3518,2012-08-05,1072591
3519,2012-08-06,1072591
3520,2012-08-07,1072591
3521,2012-08-08,1074524
3522,2012-08-09,1074524
3523,2012-08-10,1074524
3524,2012-08-11,1074524
3525,2012-08-12,1074524
3526,2012-08-13,1074524
3527,2012-08-14,1074524
3528,2012-08-15,1075217
3529,2012-08-16,1075217
3530,2012-08-17,1075217
3531,2012-08-18,1075217
3532,2012-08-19,1075217
3533,2012-08-20,1075217
3534,2012-08-21,1075217
3535,2012-08-22,1075754
3536,2012-08-23,1075754
3537,2012-08-24,1075754
3538,2012-08-25,1075754
3539,2012-08-26,1075754
3540,2012-08-27,1075754
3541,2012-08-28,1075754
3542,2012-08-29,1081169
3543,2012-08-30,1081169
3544,2012-08-31,1081169
3545,2012-09-01,1081169
3546,2012-09-02,1081169
3547,2012-09-03,1081169
3548,2012-09-04,1081169
3549,2012-09-05,1086606
3550,2012-09-06,1086606
3551,2012-09-07,1086606
3552,2012-09-08,1086606
3553,2012-09-09,1086606
3554,2012-09-10,1086606
3555,2012-09-11,1086606
3556,2012-09-12,1083835
3557,2012-09-13,1083835
3558,2012-09-14,1083835
3559,2012-09-15,1083835
3560,2012-09-16,1083835
3561,2012-09-17,1083835
3562,2012-09-18,1083835
3563,2012-09-19,1083307
3564,2012-09-20,1083307
3565,2012-09-21,1083307
3566,2012-09-22,1083307
3567,2012-09-23,1083307
3568,2012-09-24,1083307
3569,2012-09-25,1083307
3570,2012-09-26,1085808
3571,2012-09-27,1085808
3572,2012-09-28,1085808
3573,2012-09-29,1085808
3574,2012-09-30,1085808
3575,2012-10-01,1085808
3576,2012-10-02,1085808
3577,2012-10-03,1091276
3578,2012-10-04,1091276
3579,2012-10-05,1091276
3580,2012-10-06,1091276
3581,2012-10-07,1091276
3582,2012-10-08,1091276
3583,2012-10-09,1091276
3584,2012-10-10,1094788
3585,2012-10-11,1094788
3586,2012-10-12,1094788
3587,2012-10-13,1094788
3588,2012-10-14,1094788
3589,2012-10-15,1094788
3590,2012-10-16,1094788
3591,2012-10-17,1093841
3592,2012-10-18,1093841
3593,2012-10-19,1093841
3594,2012-10-20,1093841
3595,2012-10-21,1093841
3596,2012-10-22,1093841
3597,2012-10-23,1093841
3598,2012-10-24,1092845
3599,2012-10-25,1092845
3600,2012-10-26,1092845
3601,2012-10-27,1092845
3602,2012-10-28,1092845
3603,2012-10-29,1092845
3604,2012-10-30,1092845
3605,2012-10-31,1099575
3606,2012-11-01,1099575
3607,2012-11-02,1099575
3608,2012-11-03,1099575
3609,2012-11-04,1099575
3610,2012-11-05,1099575
3611,2012-11-06,1099575
3612,2012-11-07,1104765
3613,2012-11-08,1104765
3614,2012-11-09,1104765
3615,2012-11-10,1104765
3616,2012-11-11,1104765
3617,2012-11-12,1104765
3618,2012-11-13,1104765
3619,2012-11-14,1106915
3620,2012-11-15,1106915
3621,2012-11-16,1106915
3622,2012-11-17,1106915
3623,2012-11-18,1106915
3624,2012-11-19,1106915
3625,2012-11-20,1106915
3626,2012-11-21,1111192
3627,2012-11-22,1111192
3628,2012-11-23,1111192
3629,2012-11-24,1111192
3630,2012-11-25,1111192
3631,2012-11-26,1111192
3632,2012-11-27,1111192
3633,2012-11-28,1110454
3634,2012-11-29,1110454
3635,2012-11-30,1110454
3636,2012-12-01,1110454
3637,2012-12-02,1110454
3638,2012-12-03,1110454
3639,2012-12-04,1110454
3640,2012-12-05,1112322
3641,2012-12-06,1112322
3642,2012-12-07,1112322
3643,2012-12-08,1112322
3644,2012-12-09,1112322
3645,2012-12-10,1112322
3646,2012-12-11,1112322
3647,2012-12-12,1113527
3648,2012-12-13,1113527
3649,2012-12-14,1113527
3650,2012-12-15,1113527
3651,2012-12-16,1113527
3652,2012-12-17,1113527
3653,2012-12-18,1113527
3654,2012-12-19,1117463
3655,2012-12-20,1117463
3656,2012-12-21,1117463
3657,2012-12-22,1117463
3658,2012-12-23,1117463
3659,2012-12-24,1117463
3660,2012-12-25,1117463
3661,2012-12-26,1124578
3662,2012-12-27,1124578
3663,2012-12-28,1124578
3664,2012-12-29,1124578
3665,2012-12-30,1124578
3666,2012-12-31,1124578
3667,2013-01-01,1124578
3668,2013-01-02,1126861
3669,2013-01-03,1126861
3670,2013-01-04,1126861
3671,2013-01-05,1126861
3672,2013-01-06,1126861
3673,2013-01-07,1126861
3674,2013-01-08,1126861
3675,2013-01-09,1118345
3676,2013-01-10,1118345
3677,2013-01-11,1118345
3678,2013-01-12,1118345
3679,2013-01-13,1118345
3680,2013-01-14,1118345
3681,2013-01-15,1118345
3682,2013-01-16,1112818
3683,2013-01-17,1112818
3684,2013-01-18,1112818
3685,2013-01-19,1112818
3686,2013-01-20,1112818
3687,2013-01-21,1112818
3688,2013-01-22,1112818
3689,2013-01-23,1113879
3690,2013-01-24,1113879
3691,2013-01-25,1113879
3692,2013-01-26,1113879
3693,2013-01-27,1113879
3694,2013-01-28,1113879
3695,2013-01-29,1113879
3696,2013-01-30,1113859
3697,2013-01-31,1113859
3698,2013-02-01,1113859
3699,2013-02-02,1113859
3700,2013-02-03,1113859
3701,2013-02-04,1113859
3702,2013-02-05,1113859
3703,2013-02-06,1118594
3704,2013-02-07,1118594
3705,2013-02-08,1118594
3706,2013-02-09,1118594
3707,2013-02-10,1118594
3708,2013-02-11,1118594
3709,2013-02-12,1118594
3710,2013-02-13,1122999
3711,2013-02-14,1122999
3712,2013-02-15,1122999
3713,2013-02-16,1122999
3714,2013-02-17,1122999
3715,2013-02-18,1122999
3716,2013-02-19,1122999
3717,2013-02-20,1127723
3718,2013-02-21,1127723
3719,2013-02-22,1127723
3720,2013-02-23,1127723
3721,2013-02-24,1127723
3722,2013-02-25,1127723
3723,2013-02-26,1127723
3724,2013-02-27,1128862
3725,2013-02-28,1128862
3726,2013-03-01,1128862
3727,2013-03-02,1128862
3728,2013-03-03,1128862
3729,2013-03-04,1128862
3730,2013-03-05,1128862
3731,2013-03-06,1132652
3732,2013-03-07,1132652
3733,2013-03-08,1132652
3734,2013-03-09,1132652
3735,2013-03-10,1132652
3736,2013-03-11,1132652
3737,2013-03-12,1132652
3738,2013-03-13,1133295
3739,2013-03-14,1133295
3740,2013-03-15,1133295
3741,2013-03-16,1133295
3742,2013-03-17,1133295
3743,2013-03-18,1133295
3744,2013-03-19,1133295
3745,2013-03-20,1132556
3746,2013-03-21,1132556
3747,2013-03-22,1132556
3748,2013-03-23,1132556
3749,2013-03-24,1132556
3750,2013-03-25,1132556
3751,2013-03-26,1132556
3752,2013-03-27,1135095
3753,2013-03-28,1135095
3754,2013-03-29,1135095
3755,2013-03-30,1135095
3756,2013-03-31,1135095
3757,2013-04-01,1135095
3758,2013-04-02,1135095
3759,2013-04-03,1136943
3760,2013-04-04,1136943
3761,2013-04-05,1136943
3762,2013-04-06,1136943
3763,2013-04-07,1136943
3764,2013-04-08,1136943
3765,2013-04-09,1136943
3766,2013-04-10,1137087
3767,2013-04-11,1137087
3768,2013-04-12,1137087
3769,2013-04-13,1137087
3770,2013-04-14,1137087
3771,2013-04-15,1137087
3772,2013-04-16,1137087
3773,2013-04-17,1136345
3774,2013-04-18,1136345
3775,2013-04-19,1136345
3776,2013-04-20,1136345
3777,2013-04-21,1136345
3778,2013-04-22,1136345
3779,2013-04-23,1136345
3780,2013-04-24,1137605
3781,2013-04-25,1137605
3782,2013-04-26,1137605
3783,2013-04-27,1137605
3784,2013-04-28,1137605
3785,2013-04-29,1137605
3786,2013-04-30,1137605
3787,2013-05-01,1139975
3788,2013-05-02,1139975
3789,2013-05-03,1139975
3790,2013-05-04,1139975
3791,2013-05-05,1139975
3792,2013-05-06,1139975
3793,2013-05-07,1139975
3794,2013-05-08,1142531
3795,2013-05-09,1142531
3796,2013-05-10,1142531
3797,2013-05-11,1142531
3798,2013-05-12,1142531
3799,2013-05-13,1142531
3800,2013-05-14,1142531
3801,2013-05-15,1143322
3802,2013-05-16,1143322
3803,2013-05-17,1143322
3804,2013-05-18,1143322
3805,2013-05-19,1143322
3806,2013-05-20,1143322
3807,2013-05-21,1143322
3808,2013-05-22,1145256
3809,2013-05-23,1145256
3810,2013-05-24,1145256
3811,2013-05-25,1145256
3812,2013-05-26,1145256
3813,2013-05-27,1145256
3814,2013-05-28,1145256
3815,2013-05-29,1149335
3816,2013-05-30,1149335
3817,2013-05-31,1149335
3818,2013-06-01,1149335
3819,2013-06-02,1149335
3820,2013-06-03,1149335
3821,2013-06-04,1149335
3822,2013-06-05,1147520
3823,2013-06-06,1147520
3824,2013-06-07,1147520
3825,2013-06-08,1147520
3826,2013-06-09,1147520
3827,2013-06-10,1147520
3828,2013-06-11,1147520
3829,2013-06-12,1146598
3830,2013-06-13,1146598
3831,2013-06-14,1146598
3832,2013-06-15,1146598
3833,2013-06-16,1146598
3834,2013-06-17,1146598
3835,2013-06-18,1146598
3836,2013-06-19,1146877
3837,2013-06-20,1146877
3838,2013-06-21,1146877
3839,2013-06-22,1146877
3840,2013-06-23,1146877
3841,2013-06-24,1146877
3842,2013-06-25,1146877
3843,2013-06-26,1150335
3844,2013-06-27,1150335
3845,2013-06-28,1150335
3846,2013-06-29,1150335
3847,2013-06-30,1150335
3848,2013-07-01,1150335
3849,2013-07-02,1150335
3850,2013-07-03,1159060
3851,2013-07-04,1159060
3852,2013-07-05,1159060
3853,2013-07-06,1159060
3854,2013-07-07,1159060
3855,2013-07-08,1159060
3856,2013-07-09,1159060
3857,2013-07-10,1156856
3858,2013-07-11,1156856
3859,2013-07-12,1156856
3860,2013-07-13,1156856
3861,2013-07-14,1156856
3862,2013-07-15,1156856
3863,2013-07-16,1156856
3864,2013-07-17,1152591
3865,2013-07-18,1152591
3866,2013-07-19,1152591
3867,2013-07-20,1152591
3868,2013-07-21,1152591
3869,2013-07-22,1152591
3870,2013-07-23,1152591
3871,2013-07-24,1151986
3872,2013-07-25,1151986
3873,2013-07-26,1151986
3874,2013-07-27,1151986
3875,2013-07-28,1151986
3876,2013-07-29,1151986
3877,2013-07-30,1151986
3878,2013-07-31,1154322
3879,2013-08-01,1154322
3880,2013-08-02,1154322
3881,2013-08-03,1154322
3882,2013-08-04,1154322
3883,2013-08-05,1154322
3884,2013-08-06,1154322
3885,2013-08-07,1156918
3886,2013-08-08,1156918
3887,2013-08-09,1156918
3888,2013-08-10,1156918
3889,2013-08-11,1156918
3890,2013-08-12,1156918
3891,2013-08-13,1156918
3892,2013-08-14,1156364
3893,2013-08-15,1156364
3894,2013-08-16,1156364
3895,2013-08-17,1156364
3896,2013-08-18,1156364
3897,2013-08-19,1156364
3898,2013-08-20,1156364
3899,2013-08-21,1156377
3900,2013-08-22,1156377
3901,2013-08-23,1156377
3902,2013-08-24,1156377
3903,2013-08-25,1156377
3904,2013-08-26,1156377
3905,2013-08-27,1156377
3906,2013-08-28,1160510
3907,2013-08-29,1160510
3908,2013-08-30,1160510
3909,2013-08-31,1160510
3910,2013-09-01,1160510
3911,2013-09-02,1160510
3912,2013-09-03,1160510
3913,2013-09-04,1166699
3914,2013-09-05,1166699
3915,2013-09-06,1166699
3916,2013-09-07,1166699
3917,2013-09-08,1166699
3918,2013-09-09,1166699
3919,2013-09-10,1166699
3920,2013-09-11,1163470
3921,2013-09-12,1163470
3922,2013-09-13,1163470
3923,2013-09-14,1163470
3924,2013-09-15,1163470
3925,2013-09-16,1163470
3926,2013-09-17,1163470
3927,2013-09-18,1161845
3928,2013-09-19,1161845
3929,2013-09-20,1161845
3930,2013-09-21,1161845
3931,2013-09-22,1161845
3932,2013-09-23,1161845
3933,2013-09-24,1161845
3934,2013-09-25,1162802
3935,2013-09-26,1162802
3936,2013-09-27,1162802
3937,2013-09-28,1162802
3938,2013-09-29,1162802
3939,2013-09-30,1162802
3940,2013-10-01,1162802
3941,2013-10-02,1166479
3942,2013-10-03,1166479
3943,2013-10-04,1166479
3944,2013-10-05,1166479
3945,2013-10-06,1166479
3946,2013-10-07,1166479
3947,2013-10-08,1166479
3948,2013-10-09,1170912
3949,2013-10-10,1170912
3950,2013-10-11,1170912
3951,2013-10-12,1170912
3952,2013-10-13,1170912
3953,2013-10-14,1170912
3954,2013-10-15,1170912
3955,2013-10-16,1173127
3956,2013-10-17,1173127
3957,2013-10-18,1173127
3958,2013-10-19,1173127
3959,2013-10-20,1173127
3960,2013-10-21,1173127
3961,2013-10-22,1173127
3962,2013-10-23,1173971
3963,2013-10-24,1173971
3964,2013-10-25,1173971
3965,2013-10-26,1173971
3966,2013-10-27,1173971
3967,2013-10-28,1173971
3968,2013-10-29,1173971
3969,2013-10-30,1175550
3970,2013-10-31,1175550
3971,2013-11-01,1175550
3972,2013-11-02,1175550
3973,2013-11-03,1175550
3974,2013-11-04,1175550
3975,2013-11-05,1175550
3976,2013-11-06,1177482
3977,2013-11-07,1177482
3978,2013-11-08,1177482
3979,2013-11-09,1177482
3980,2013-11-10,1177482
3981,2013-11-11,1177482
3982,2013-11-12,1177482
3983,2013-11-13,1178742
3984,2013-11-14,1178742
3985,2013-11-15,1178742
3986,2013-11-16,1178742
3987,2013-11-17,1178742
3988,2013-11-18,1178742
3989,2013-11-19,1178742
3990,2013-11-20,1176942
3991,2013-11-21,1176942
3992,2013-11-22,1176942
3993,2013-11-23,1176942
3994,2013-11-24,1176942
3995,2013-11-25,1176942
3996,2013-11-26,1176942
3997,2013-11-27,1183993
3998,2013-11-28,1183993
3999,2013-11-29,1183993
4000,2013-11-30,1183993
4001,2013-12-01,1183993
4002,2013-12-02,1183993
4003,2013-12-03,1183993
4004,2013-12-04,1185260
4005,2013-12-05,1185260
4006,2013-12-06,1185260
4007,2013-12-07,1185260
4008,2013-12-08,1185260
4009,2013-12-09,1185260
4010,2013-12-10,1185260
4011,2013-12-11,1186440
4012,2013-12-12,1186440
4013,2013-12-13,1186440
4014,2013-12-14,1186440
4015,2013-12-15,1186440
4016,2013-12-16,1186440
4017,2013-12-17,1186440
4018,2013-12-18,1189176
4019,2013-12-19,1189176
4020,2013-12-20,1189176
4021,2013-12-21,1189176
4022,2013-12-22,1189176
4023,2013-12-23,1189176
4024,2013-12-24,1189176
4025,2013-12-25,1195201
4026,2013-12-26,1195201
4027,2013-12-27,1195201
4028,2013-12-28,1195201
4029,2013-12-29,1195201
4030,2013-12-30,1195201
4031,2013-12-31,1195201
4032,2014-01-01,1197920
4033,2014-01-02,1197920
4034,2014-01-03,1197920
4035,2014-01-04,1197920
4036,2014-01-05,1197920
4037,2014-01-06,1197920
4038,2014-01-07,1197920
4039,2014-01-08,1190760
4040,2014-01-09,1190760
4041,2014-01-10,1190760
4042,2014-01-11,1190760
4043,2014-01-12,1190760
4044,2014-01-13,1190760
4045,2014-01-14,1190760
4046,2014-01-15,1183539
4047,2014-01-16,1183539
4048,2014-01-17,1183539
4049,2014-01-18,1183539
4050,2014-01-19,1183539
4051,2014-01-20,1183539
4052,2014-01-21,1183539
4053,2014-01-22,1182672
4054,2014-01-23,1182672
4055,2014-01-24,1182672
4056,2014-01-25,1182672
4057,2014-01-26,1182672
4058,2014-01-27,1182672
4059,2014-01-28,1182672
4060,2014-01-29,1183141
4061,2014-01-30,1183141
4062,2014-01-31,1183141
4063,2014-02-01,1183141
4064,2014-02-02,1183141
4065,2014-02-03,1183141
4066,2014-02-04,1183141
4067,2014-02-05,1187151
4068,2014-02-06,1187151
4069,2014-02-07,1187151
4070,2014-02-08,1187151
4071,2014-02-09,1187151
4072,2014-02-10,1187151
4073,2014-02-11,1187151
4074,2014-02-12,1191693
4075,2014-02-13,1191693
4076,2014-02-14,1191693
4077,2014-02-15,1191693
4078,2014-02-16,1191693
4079,2014-02-17,1191693
4080,2014-02-18,1191693
4081,2014-02-19,1202562
4082,2014-02-20,1202562
4083,2014-02-21,1202562
4084,2014-02-22,1202562
4085,2014-02-23,1202562
4086,2014-02-24,1202562
4087,2014-02-25,1202562
4088,2014-02-26,1207569
4089,2014-02-27,1207569
4090,2014-02-28,1207569
4091,2014-03-01,1207569
4092,2014-03-02,1207569
4093,2014-03-03,1207569
4094,2014-03-04,1207569
4095,2014-03-05,1215074
4096,2014-03-06,1215074
4097,2014-03-07,1215074
4098,2014-03-08,1215074
4099,2014-03-09,1215074
4100,2014-03-10,1215074
4101,2014-03-11,1215074
4102,2014-03-12,1218569
4103,2014-03-13,1218569
4104,2014-03-14,1218569
4105,2014-03-15,1218569
4106,2014-03-16,1218569
4107,2014-03-17,1218569
4108,2014-03-18,1218569
4109,2014-03-19,1223183
4110,2014-03-20,1223183
4111,2014-03-21,1223183
4112,2014-03-22,1223183
4113,2014-03-23,1223183
4114,2014-03-24,1223183
4115,2014-03-25,1223183
4116,2014-03-26,1224796
4117,2014-03-27,1224796
4118,2014-03-28,1224796
4119,2014-03-29,1224796
4120,2014-03-30,1224796
4121,2014-03-31,1224796
4122,2014-04-01,1224796
4123,2014-04-02,1226950
4124,2014-04-03,1226950
4125,2014-04-04,1226950
4126,2014-04-05,1226950
4127,2014-04-06,1226950
4128,2014-04-07,1226950
4129,2014-04-08,1226950
4130,2014-04-09,1227767
4131,2014-04-10,1227767
4132,2014-04-11,1227767
4133,2014-04-12,1227767
4134,2014-04-13,1227767
4135,2014-04-14,1227767
4136,2014-04-15,1227767
4137,2014-04-16,1227489
4138,2014-04-17,1227489
4139,2014-04-18,1227489
4140,2014-04-19,1227489
4141,2014-04-20,1227489
4142,2014-04-21,1227489
4143,2014-04-22,1227489
4144,2014-04-23,1227118
4145,2014-04-24,1227118
4146,2014-04-25,1227118
4147,2014-04-26,1227118
4148,2014-04-27,1227118
4149,2014-04-28,1227118
4150,2014-04-29,1227118
4151,2014-04-30,1228708
4152,2014-05-01,1228708
4153,2014-05-02,1228708
4154,2014-05-03,1228708
4155,2014-05-04,1228708
4156,2014-05-05,1228708
4157,2014-05-06,1228708
4158,2014-05-07,1231360
4159,2014-05-08,1231360
4160,2014-05-09,1231360
4161,2014-05-10,1231360
4162,2014-05-11,1231360
4163,2014-05-12,1231360
4164,2014-05-13,1231360
4165,2014-05-14,1232057
4166,2014-05-15,1232057
4167,2014-05-16,1232057
4168,2014-05-17,1232057
4169,2014-05-18,1232057
4170,2014-05-19,1232057
4171,2014-05-20,1232057
4172,2014-05-21,1233591
4173,2014-05-22,1233591
4174,2014-05-23,1233591
4175,2014-05-24,1233591
4176,2014-05-25,1233591
4177,2014-05-26,1233591
4178,2014-05-27,1233591
4179,2014-05-28,1237978
4180,2014-05-29,1237978
4181,2014-05-30,1237978
4182,2014-05-31,1237978
4183,2014-06-01,1237978
4184,2014-06-02,1237978
4185,2014-06-03,1237978
4186,2014-06-04,1237058
4187,2014-06-05,1237058
4188,2014-06-06,1237058
4189,2014-06-07,1237058
4190,2014-06-08,1237058
4191,2014-06-09,1237058
4192,2014-06-10,1237058
4193,2014-06-11,1236061
4194,2014-06-12,1236061
4195,2014-06-13,1236061
4196,2014-06-14,1236061
4197,2014-06-15,1236061
4198,2014-06-16,1236061
4199,2014-06-17,1236061
4200,2014-06-18,1235772
4201,2014-06-19,1235772
4202,2014-06-20,1235772
4203,2014-06-21,1235772
4204,2014-06-22,1235772
4205,2014-06-23,1235772
4206,2014-06-24,1235772
4207,2014-06-25,1236205
4208,2014-06-26,1236205
4209,2014-06-27,1236205
4210,2014-06-28,1236205
4211,2014-06-29,1236205
4212,2014-06-30,1236205
4213,2014-07-01,1236205
4214,2014-07-02,1243667
4215,2014-07-03,1243667
4216,2014-07-04,1243667
4217,2014-07-05,1243667
4218,2014-07-06,1243667
4219,2014-07-07,1243667
4220,2014-07-08,1243667
4221,2014-07-09,1244205
4222,2014-07-10,1244205
4223,2014-07-11,1244205
4224,2014-07-12,1244205
4225,2014-07-13,1244205
4226,2014-07-14,1244205
4227,2014-07-15,1244205
4228,2014-07-16,1241287
4229,2014-07-17,1241287
4230,2014-07-18,1241287
4231,2014-07-19,1241287
4232,2014-07-20,1241287
4233,2014-07-21,1241287
4234,2014-07-22,1241287
4235,2014-07-23,1240227
4236,2014-07-24,1240227
4237,2014-07-25,1240227
4238,2014-07-26,1240227
4239,2014-07-27,1240227
4240,2014-07-28,1240227
4241,2014-07-29,1240227
4242,2014-07-30,1241974
4243,2014-07-31,1241974
4244,2014-08-01,1241974
4245,2014-08-02,1241974
4246,2014-08-03,1241974
4247,2014-08-04,1241974
4248,2014-08-05,1241974
4249,2014-08-06,1244467
4250,2014-08-07,1244467
4251,2014-08-08,1244467
4252,2014-08-09,1244467
4253,2014-08-10,1244467
4254,2014-08-11,1244467
4255,2014-08-12,1244467
4256,2014-08-13,1244873
4257,2014-08-14,1244873
4258,2014-08-15,1244873
4259,2014-08-16,1244873
4260,2014-08-17,1244873
4261,2014-08-18,1244873
4262,2014-08-19,1244873
4263,2014-08-20,1243749
4264,2014-08-21,1243749
4265,2014-08-22,1243749
4266,2014-08-23,1243749
4267,2014-08-24,1243749
4268,2014-08-25,1243749
4269,2014-08-26,1243749
4270,2014-08-27,1246222
4271,2014-08-28,1246222
4272,2014-08-29,1246222
4273,2014-08-30,1246222
4274,2014-08-31,1246222
4275,2014-09-01,1246222
4276,2014-09-02,1246222
4277,2014-09-03,1250066
4278,2014-09-04,1250066
4279,2014-09-05,1250066
4280,2014-09-06,1250066
4281,2014-09-07,1250066
4282,2014-09-08,1250066
4283,2014-09-09,1250066
4284,2014-09-10,1247980
4285,2014-09-11,1247980
4286,2014-09-12,1247980
4287,2014-09-13,1247980
4288,2014-09-14,1247980
4289,2014-09-15,1247980
4290,2014-09-16,1247980
4291,2014-09-17,1244959
4292,2014-09-18,1244959
4293,2014-09-19,1244959
4294,2014-09-20,1244959
4295,2014-09-21,1244959
4296,2014-09-22,1244959
4297,2014-09-23,1244959
4298,2014-09-24,1245118
4299,2014-09-25,1245118
4300,2014-09-26,1245118
4301,2014-09-27,1245118
4302,2014-09-28,1245118
4303,2014-09-29,1245118
4304,2014-09-30,1245118
4305,2014-10-01,1246841
4306,2014-10-02,1246841
4307,2014-10-03,1246841
4308,2014-10-04,1246841
4309,2014-10-05,1246841
4310,2014-10-06,1246841
4311,2014-10-07,1246841
4312,2014-10-08,1249645
4313,2014-10-09,1249645
4314,2014-10-10,1249645
4315,2014-10-11,1249645
4316,2014-10-12,1249645
4317,2014-10-13,1249645
4318,2014-10-14,1249645
4319,2014-10-15,1252216
4320,2014-10-16,1252216
4321,2014-10-17,1252216
4322,2014-10-18,1252216
4323,2014-10-19,1252216
4324,2014-10-20,1252216
4325,2014-10-21,1252216
4326,2014-10-22,1252921
4327,2014-10-23,1252921
4328,2014-10-24,1252921
4329,2014-10-25,1252921
4330,2014-10-26,1252921
4331,2014-10-27,1252921
4332,2014-10-28,1252921
4333,2014-10-29,1255070
4334,2014-10-30,1255070
4335,2014-10-31,1255070
4336,2014-11-01,1255070
4337,2014-11-02,1255070
4338,2014-11-03,1255070
4339,2014-11-04,1255070
4340,2014-11-05,1262986
4341,2014-11-06,1262986
4342,2014-11-07,1262986
4343,2014-11-08,1262986
4344,2014-11-09,1262986
4345,2014-11-10,1262986
4346,2014-11-11,1262986
4347,2014-11-12,1268945
4348,2014-11-13,1268945
4349,2014-11-14,1268945
4350,2014-11-15,1268945
4351,2014-11-16,1268945
4352,2014-11-17,1268945
4353,2014-11-18,1268945
4354,2014-11-19,1267712
4355,2014-11-20,1267712
4356,2014-11-21,1267712
4357,2014-11-22,1267712
4358,2014-11-23,1267712
4359,2014-11-24,1267712
4360,2014-11-25,1267712
4361,2014-11-26,1273194
4362,2014-11-27,1273194
4363,2014-11-28,1273194
4364,2014-11-29,1273194
4365,2014-11-30,1273194
4366,2014-12-01,1273194
4367,2014-12-02,1273194
4368,2014-12-03,1274486
4369,2014-12-04,1274486
4370,2014-12-05,1274486
4371,2014-12-06,1274486
4372,2014-12-07,1274486
4373,2014-12-08,1274486
4374,2014-12-09,1274486
4375,2014-12-10,1277416
4376,2014-12-11,1277416
4377,2014-12-12,1277416
4378,2014-12-13,1277416
4379,2014-12-14,1277416
4380,2014-12-15,1277416
4381,2014-12-16,1277416
4382,2014-12-17,1282562
4383,2014-12-18,1282562
4384,2014-12-19,1282562
4385,2014-12-20,1282562
4386,2014-12-21,1282562
4387,2014-12-22,1282562
4388,2014-12-23,1282562
4389,2014-12-24,1294247
4390,2014-12-25,1294247
4391,2014-12-26,1294247
4392,2014-12-27,1294247
4393,2014-12-28,1294247
4394,2014-12-29,1294247
4395,2014-12-30,1294247
4396,2014-12-31,1298725
4397,2015-01-01,1298725
4398,2015-01-02,1298725
4399,2015-01-03,1298725
4400,2015-01-04,1298725
4401,2015-01-05,1298725
4402,2015-01-06,1298725
4403,2015-01-07,1293701
4404,2015-01-08,1293701
4405,2015-01-09,1293701
4406,2015-01-10,1293701
4407,2015-01-11,1293701
4408,2015-01-12,1293701
4409,2015-01-13,1293701
4410,2015-01-14,1286580
4411,2015-01-15,1286580
4412,2015-01-16,1286580
4413,2015-01-17,1286580
4414,2015-01-18,1286580
4415,2015-01-19,1286580
4416,2015-01-20,1286580
4417,2015-01-21,1286572
4418,2015-01-22,1286572
4419,2015-01-23,1286572
4420,2015-01-24,1286572
4421,2015-01-25,1286572
4422,2015-01-26,1286572
4423,2015-01-27,1286572
4424,2015-01-28,1285817
4425,2015-01-29,1285817
4426,2015-01-30,1285817
4427,2015-01-31,1285817
4428,2015-02-01,1285817
4429,2015-02-02,1285817
4430,2015-02-03,1285817
4431,2015-02-04,1290772
4432,2015-02-05,1290772
4433,2015-02-06,1290772
4434,2015-02-07,1290772
4435,2015-02-08,1290772
4436,2015-02-09,1290772
4437,2015-02-10,1290772
4438,2015-02-11,1298107
4439,2015-02-12,1298107
4440,2015-02-13,1298107
4441,2015-02-14,1298107
4442,2015-02-15,1298107
4443,2015-02-16,1298107
4444,2015-02-17,1298107
4445,2015-02-18,1304186
4446,2015-02-19,1304186
4447,2015-02-20,1304186
4448,2015-02-21,1304186
4449,2015-02-22,1304186
4450,2015-02-23,1304186
4451,2015-02-24,1304186
4452,2015-02-25,1306848
4453,2015-02-26,1306848
4454,2015-02-27,1306848
4455,2015-02-28,1306848
4456,2015-03-01,1306848
4457,2015-03-02,1306848
4458,2015-03-03,1306848
4459,2015-03-04,1310423
4460,2015-03-05,1310423
4461,2015-03-06,1310423
4462,2015-03-07,1310423
4463,2015-03-08,1310423
4464,2015-03-09,1310423
4465,2015-03-10,1310423
4466,2015-03-11,1311673
4467,2015-03-12,1311673
4468,2015-03-13,1311673
4469,2015-03-14,1311673
4470,2015-03-15,1311673
4471,2015-03-16,1311673
4472,2015-03-17,1311673
4473,2015-03-18,1311845
4474,2015-03-19,1311845
4475,2015-03-20,1311845
4476,2015-03-21,1311845
4477,2015-03-22,1311845
4478,2015-03-23,1311845
4479,2015-03-24,1311845
4480,2015-03-25,1312914
4481,2015-03-26,1312914
4482,2015-03-27,1312914
4483,2015-03-28,1312914
4484,2015-03-29,1312914
4485,2015-03-30,1312914
4486,2015-03-31,1312914
4487,2015-04-01,1315259
4488,2015-04-02,1315259
4489,2015-04-03,1315259
4490,2015-04-04,1315259
4491,2015-04-05,1315259
4492,2015-04-06,1315259
4493,2015-04-07,1315259
4494,2015-04-08,1318707
4495,2015-04-09,1318707
4496,2015-04-10,1318707
4497,2015-04-11,1318707
4498,2015-04-12,1318707
4499,2015-04-13,1318707
4500,2015-04-14,1318707
4501,2015-04-15,1317078
4502,2015-04-16,1317078
4503,2015-04-17,1317078
4504,2015-04-18,1317078
4505,2015-04-19,1317078
4506,2015-04-20,1317078
4507,2015-04-21,1317078
4508,2015-04-22,1315038
4509,2015-04-23,1315038
4510,2015-04-24,1315038
4511,2015-04-25,1315038
4512,2015-04-26,1315038
4513,2015-04-27,1315038
4514,2015-04-28,1315038
4515,2015-04-29,1315983
4516,2015-04-30,1315983
4517,2015-05-01,1315983
4518,2015-05-02,1315983
4519,2015-05-03,1315983
4520,2015-05-04,1315983
4521,2015-05-05,1315983
4522,2015-05-06,1319628
4523,2015-05-07,1319628
4524,2015-05-08,1319628
4525,2015-05-09,1319628
4526,2015-05-10,1319628
4527,2015-05-11,1319628
4528,2015-05-12,1319628
4529,2015-05-13,1320021
4530,2015-05-14,1320021
4531,2015-05-15,1320021
4532,2015-05-16,1320021
4533,2015-05-17,1320021
4534,2015-05-18,1320021
4535,2015-05-19,1320021
4536,2015-05-20,1321436
4537,2015-05-21,1321436
4538,2015-05-22,1321436
4539,2015-05-23,1321436
4540,2015-05-24,1321436
4541,2015-05-25,1321436
4542,2015-05-26,1321436
4543,2015-05-27,1324879
4544,2015-05-28,1324879
4545,2015-05-29,1324879
4546,2015-05-30,1324879
4547,2015-05-31,1324879
4548,2015-06-01,1324879
4549,2015-06-02,1324879
4550,2015-06-03,1323783
4551,2015-06-04,1323783
4552,2015-06-05,1323783
4553,2015-06-06,1323783
4554,2015-06-07,1323783
4555,2015-06-08,1323783
4556,2015-06-09,1323783
4557,2015-06-10,1322053
4558,2015-06-11,1322053
4559,2015-06-12,1322053
4560,2015-06-13,1322053
4561,2015-06-14,1322053
4562,2015-06-15,1322053
4563,2015-06-16,1322053
4564,2015-06-17,1320363
4565,2015-06-18,1320363
4566,2015-06-19,1320363
4567,2015-06-20,1320363
4568,2015-06-21,1320363
4569,2015-06-22,1320363
4570,2015-06-23,1320363
4571,2015-06-24,1320475
4572,2015-06-25,1320475
4573,2015-06-26,1320475
4574,2015-06-27,1320475
4575,2015-06-28,1320475
4576,2015-06-29,1320475
4577,2015-06-30,1320475
4578,2015-07-01,1325147
4579,2015-07-02,1325147
4580,2015-07-03,1325147
4581,2015-07-04,1325147
4582,2015-07-05,1325147
4583,2015-07-06,1325147
4584,2015-07-07,1325147
4585,2015-07-08,1326791
4586,2015-07-09,1326791
4587,2015-07-10,1326791
4588,2015-07-11,1326791
4589,2015-07-12,1326791
4590,2015-07-13,1326791
4591,2015-07-14,1326791
4592,2015-07-15,1325699
4593,2015-07-16,1325699
4594,2015-07-17,1325699
4595,2015-07-18,1325699
4596,2015-07-19,1325699
4597,2015-07-20,1325699
4598,2015-07-21,1325699
4599,2015-07-22,1325714
4600,2015-07-23,1325714
4601,2015-07-24,1325714
4602,2015-07-25,1325714
4603,2015-07-26,1325714
4604,2015-07-27,1325714
4605,2015-07-28,1325714
4606,2015-07-29,1327709
4607,2015-07-30,1327709
4608,2015-07-31,1327709
4609,2015-08-01,1327709
4610,2015-08-02,1327709
4611,2015-08-03,1327709
4612,2015-08-04,1327709
4613,2015-08-05,1330071
4614,2015-08-06,1330071
4615,2015-08-07,1330071
4616,2015-08-08,1330071
4617,2015-08-09,1330071
4618,2015-08-10,1330071
4619,2015-08-11,1330071
4620,2015-08-12,1331786
4621,2015-08-13,1331786
4622,2015-08-14,1331786
4623,2015-08-15,1331786
4624,2015-08-16,1331786
4625,2015-08-17,1331786
4626,2015-08-18,1331786
4627,2015-08-19,1331402
4628,2015-08-20,1331402
4629,2015-08-21,1331402
4630,2015-08-22,1331402
4631,2015-08-23,1331402
4632,2015-08-24,1331402
4633,2015-08-25,1331402
4634,2015-08-26,1333207
4635,2015-08-27,1333207
4636,2015-08-28,1333207
4637,2015-08-29,1333207
4638,2015-08-30,1333207
4639,2015-08-31,1333207
4640,2015-09-01,1333207
4641,2015-09-02,1337302
4642,2015-09-03,1337302
4643,2015-09-04,1337302
4644,2015-09-05,1337302
4645,2015-09-06,1337302
4646,2015-09-07,1337302
4647,2015-09-08,1337302
4648,2015-09-09,1342139
4649,2015-09-10,1342139
4650,2015-09-11,1342139
4651,2015-09-12,1342139
4652,2015-09-13,1342139
4653,2015-09-14,1342139
4654,2015-09-15,1342139
4655,2015-09-16,1339721
4656,2015-09-17,1339721
4657,2015-09-18,1339721
4658,2015-09-19,1339721
4659,2015-09-20,1339721
4660,2015-09-21,1339721
4661,2015-09-22,1339721
4662,2015-09-23,1339843
4663,2015-09-24,1339843
4664,2015-09-25,1339843
4665,2015-09-26,1339843
4666,2015-09-27,1339843
4667,2015-09-28,1339843
4668,2015-09-29,1339843
4669,2015-09-30,1342390
4670,2015-10-01,1342390
4671,2015-10-02,1342390
4672,2015-10-03,1342390
4673,2015-10-04,1342390
4674,2015-10-05,1342390
4675,2015-10-06,1342390
4676,2015-10-07,1345839
4677,2015-10-08,1345839
4678,2015-10-09,1345839
4679,2015-10-10,1345839
4680,2015-10-11,1345839
4681,2015-10-12,1345839
4682,2015-10-13,1345839
4683,2015-10-14,1347750
4684,2015-10-15,1347750
4685,2015-10-16,1347750
4686,2015-10-17,1347750
4687,2015-10-18,1347750
4688,2015-10-19,1347750
4689,2015-10-20,1347750
4690,2015-10-21,1347010
4691,2015-10-22,1347010
4692,2015-10-23,1347010
4693,2015-10-24,1347010
4694,2015-10-25,1347010
4695,2015-10-26,1347010
4696,2015-10-27,1347010
4697,2015-10-28,1349738
4698,2015-10-29,1349738
4699,2015-10-30,1349738
4700,2015-10-31,1349738
4701,2015-11-01,1349738
4702,2015-11-02,1349738
4703,2015-11-03,1349738
4704,2015-11-04,1355849
4705,2015-11-05,1355849
4706,2015-11-06,1355849
4707,2015-11-07,1355849
4708,2015-11-08,1355849
4709,2015-11-09,1355849
4710,2015-11-10,1355849
4711,2015-11-11,1360331
4712,2015-11-12,1360331
4713,2015-11-13,1360331
4714,2015-11-14,1360331
4715,2015-11-15,1360331
4716,2015-11-16,1360331
4717,2015-11-17,1360331
4718,2015-11-18,1359948
4719,2015-11-19,1359948
4720,2015-11-20,1359948
4721,2015-11-21,1359948
4722,2015-11-22,1359948
4723,2015-11-23,1359948
4724,2015-11-24,1359948
4725,2015-11-25,1365308
4726,2015-11-26,1365308
4727,2015-11-27,1365308
4728,2015-11-28,1365308
4729,2015-11-29,1365308
4730,2015-11-30,1365308
4731,2015-12-01,1365308
4732,2015-12-02,1366602
4733,2015-12-03,1366602
4734,2015-12-04,1366602
4735,2015-12-05,1366602
4736,2015-12-06,1366602
4737,2015-12-07,1366602
4738,2015-12-08,1366602
4739,2015-12-09,1367342
4740,2015-12-10,1367342
4741,2015-12-11,1367342
4742,2015-12-12,1367342
4743,2015-12-13,1367342
4744,2015-12-14,1367342
4745,2015-12-15,1367342
4746,2015-12-16,1368985
4747,2015-12-17,1368985
4748,2015-12-18,1368985
4749,2015-12-19,1368985
4750,2015-12-20,1368985
4751,2015-12-21,1368985
4752,2015-12-22,1368985
4753,2015-12-23,1376353
4754,2015-12-24,1376353
4755,2015-12-25,1376353
4756,2015-12-26,1376353
4757,2015-12-27,1376353
4758,2015-12-28,1376353
4759,2015-12-29,1376353
4760,2015-12-30,1380759
4761,2015-12-31,1380759
4762,2016-01-01,1380759
4763,2016-01-02,1380759
4764,2016-01-03,1380759
4765,2016-01-04,1380759
4766,2016-01-05,1380759
4767,2016-01-06,1376501
4768,2016-01-07,1376501
4769,2016-01-08,1376501
4770,2016-01-09,1376501
4771,2016-01-10,1376501
4772,2016-01-11,1376501
4773,2016-01-12,1376501
4774,2016-01-13,1370224
4775,2016-01-14,1370224
4776,2016-01-15,1370224
4777,2016-01-16,1370224
4778,2016-01-17,1370224
4779,2016-01-18,1370224
4780,2016-01-19,1370224
4781,2016-01-20,1369051
4782,2016-01-21,1369051
4783,2016-01-22,1369051
4784,2016-01-23,1369051
4785,2016-01-24,1369051
4786,2016-01-25,1369051
4787,2016-01-26,1369051
4788,2016-01-27,1368187
4789,2016-01-28,1368187
4790,2016-01-29,1368187
4791,2016-01-30,1368187
4792,2016-01-31,1368187
4793,2016-02-01,1368187
4794,2016-02-02,1368187
4795,2016-02-03,1370254
4796,2016-02-04,1370254
4797,2016-02-05,1370254
4798,2016-02-06,1370254
4799,2016-02-07,1370254
4800,2016-02-08,1370254
4801,2016-02-09,1370254
4802,2016-02-10,1373926
4803,2016-02-11,1373926
4804,2016-02-12,1373926
4805,2016-02-13,1373926
4806,2016-02-14,1373926
4807,2016-02-15,1373926
4808,2016-02-16,1373926
4809,2016-02-17,1382645
4810,2016-02-18,1382645
4811,2016-02-19,1382645
4812,2016-02-20,1382645
4813,2016-02-21,1382645
4814,2016-02-22,1382645
4815,2016-02-23,1382645
4816,2016-02-24,1385083
4817,2016-02-25,1385083
4818,2016-02-26,1385083
4819,2016-02-27,1385083
4820,2016-02-28,1385083
4821,2016-02-29,1385083
4822,2016-03-01,1385083
4823,2016-03-02,1387972
4824,2016-03-03,1387972
4825,2016-03-04,1387972
4826,2016-03-05,1387972
4827,2016-03-06,1387972
4828,2016-03-07,1387972
4829,2016-03-08,1387972
4830,2016-03-09,1391874
4831,2016-03-10,1391874
4832,2016-03-11,1391874
4833,2016-03-12,1391874
4834,2016-03-13,1391874
4835,2016-03-14,1391874
4836,2016-03-15,1391874
4837,2016-03-16,1393955
4838,2016-03-17,1393955
4839,2016-03-18,1393955
4840,2016-03-19,1393955
4841,2016-03-20,1393955
4842,2016-03-21,1393955
4843,2016-03-22,1393955
4844,2016-03-23,1395796
4845,2016-03-24,1395796
4846,2016-03-25,1395796
4847,2016-03-26,1395796
4848,2016-03-27,1395796
4849,2016-03-28,1395796
4850,2016-03-29,1395796
4851,2016-03-30,1397642
4852,2016-03-31,1397642
4853,2016-04-01,1397642
4854,2016-04-02,1397642
4855,2016-04-03,1397642
4856,2016-04-04,1397642
4857,2016-04-05,1397642
4858,2016-04-06,1400041
4859,2016-04-07,1400041
4860,2016-04-08,1400041
4861,2016-04-09,1400041
4862,2016-04-10,1400041
4863,2016-04-11,1400041
4864,2016-04-12,1400041
4865,2016-04-13,1399277
4866,2016-04-14,1399277
4867,2016-04-15,1399277
4868,2016-04-16,1399277
4869,2016-04-17,1399277
4870,2016-04-18,1399277
4871,2016-04-19,1399277
4872,2016-04-20,1399868
4873,2016-04-21,1399868
4874,2016-04-22,1399868
4875,2016-04-23,1399868
4876,2016-04-24,1399868
4877,2016-04-25,1399868
4878,2016-04-26,1399868
4879,2016-04-27,1402602
4880,2016-04-28,1402602
4881,2016-04-29,1402602
4882,2016-04-30,1402602
4883,2016-05-01,1402602
4884,2016-05-02,1402602
4885,2016-05-03,1402602
4886,2016-05-04,1405515
4887,2016-05-05,1405515
4888,2016-05-06,1405515
4889,2016-05-07,1405515
4890,2016-05-08,1405515
4891,2016-05-09,1405515
4892,2016-05-10,1405515
4893,2016-05-11,1406817
4894,2016-05-12,1406817
4895,2016-05-13,1406817
4896,2016-05-14,1406817
4897,2016-05-15,1406817
4898,2016-05-16,1406817
4899,2016-05-17,1406817
4900,2016-05-18,1406583
4901,2016-05-19,1406583
4902,2016-05-20,1406583
4903,2016-05-21,1406583
4904,2016-05-22,1406583
4905,2016-05-23,1406583
4906,2016-05-24,1406583
4907,2016-05-25,1408488
4908,2016-05-26,1408488
4909,2016-05-27,1408488
4910,2016-05-28,1408488
4911,2016-05-29,1408488
4912,2016-05-30,1408488
4913,2016-05-31,1408488
4914,2016-06-01,1413557
4915,2016-06-02,1413557
4916,2016-06-03,1413557
4917,2016-06-04,1413557
4918,2016-06-05,1413557
4919,2016-06-06,1413557
4920,2016-06-07,1413557
4921,2016-06-08,1412459
4922,2016-06-09,1412459
4923,2016-06-10,1412459
4924,2016-06-11,1412459
4925,2016-06-12,1412459
4926,2016-06-13,1412459
4927,2016-06-14,1412459
4928,2016-06-15,1411284
4929,2016-06-16,1411284
4930,2016-06-17,1411284
4931,2016-06-18,1411284
4932,2016-06-19,1411284
4933,2016-06-20,1411284
4934,2016-06-21,1411284
4935,2016-06-22,1411173
4936,2016-06-23,1411173
4937,2016-06-24,1411173
4938,2016-06-25,1411173
4939,2016-06-26,1411173
4940,2016-06-27,1411173
4941,2016-06-28,1411173
4942,2016-06-29,1416748
4943,2016-06-30,1416748
4944,2016-07-01,1416748
4945,2016-07-02,1416748
4946,2016-07-03,1416748
4947,2016-07-04,1416748
4948,2016-07-05,1416748
4949,2016-07-06,1420861
4950,2016-07-07,1420861
4951,2016-07-08,1420861
4952,2016-07-09,1420861
4953,2016-07-10,1420861
4954,2016-07-11,1420861
4955,2016-07-12,1420861
4956,2016-07-13,1418595
4957,2016-07-14,1418595
4958,2016-07-15,1418595
4959,2016-07-16,1418595
4960,2016-07-17,1418595
4961,2016-07-18,1418595
4962,2016-07-19,1418595
4963,2016-07-20,1416605
4964,2016-07-21,1416605
4965,2016-07-22,1416605
4966,2016-07-23,1416605
4967,2016-07-24,1416605
4968,2016-07-25,1416605
4969,2016-07-26,1416605
4970,2016-07-27,1416578
4971,2016-07-28,1416578
4972,2016-07-29,1416578
4973,2016-07-30,1416578
4974,2016-07-31,1416578
4975,2016-08-01,1416578
4976,2016-08-02,1416578
4977,2016-08-03,1418934
4978,2016-08-04,1418934
4979,2016-08-05,1418934
4980,2016-08-06,1418934
4981,2016-08-07,1418934
4982,2016-08-08,1418934
4983,2016-08-09,1418934
4984,2016-08-10,1419376
4985,2016-08-11,1419376
4986,2016-08-12,1419376
4987,2016-08-13,1419376
4988,2016-08-14,1419376
4989,2016-08-15,1419376
4990,2016-08-16,1419376
4991,2016-08-17,1418599
4992,2016-08-18,1418599
4993,2016-08-19,1418599
4994,2016-08-20,1418599
4995,2016-08-21,1418599
4996,2016-08-22,1418599
4997,2016-08-23,1418599
4998,2016-08-24,1419069
4999,2016-08-25,1419069
5000,2016-08-26,1419069
5001,2016-08-27,1419069
5002,2016-08-28,1419069
5003,2016-08-29,1419069
5004,2016-08-30,1419069
5005,2016-08-31,1422618
5006,2016-09-01,1422618
5007,2016-09-02,1422618
5008,2016-09-03,1422618
5009,2016-09-04,1422618
5010,2016-09-05,1422618
5011,2016-09-06,1422618
5012,2016-09-07,1427438
5013,2016-09-08,1427438
5014,2016-09-09,1427438
5015,2016-09-10,1427438
5016,2016-09-11,1427438
5017,2016-09-12,1427438
5018,2016-09-13,1427438
5019,2016-09-14,1424422
5020,2016-09-15,1424422
5021,2016-09-16,1424422
5022,2016-09-17,1424422
5023,2016-09-18,1424422
5024,2016-09-19,1424422
5025,2016-09-20,1424422
5026,2016-09-21,1422486
5027,2016-09-22,1422486
5028,2016-09-23,1422486
5029,2016-09-24,1422486
5030,2016-09-25,1422486
5031,2016-09-26,1422486
5032,2016-09-27,1422486
5033,2016-09-28,1423924
5034,2016-09-29,1423924
5035,2016-09-30,1423924
5036,2016-10-01,1423924
5037,2016-10-02,1423924
5038,2016-10-03,1423924
5039,2016-10-04,1423924
5040,2016-10-05,1429016
5041,2016-10-06,1429016
5042,2016-10-07,1429016
5043,2016-10-08,1429016
5044,2016-10-09,1429016
5045,2016-10-10,1429016
5046,2016-10-11,1429016
5047,2016-10-12,1432666
5048,2016-10-13,1432666
5049,2016-10-14,1432666
5050,2016-10-15,1432666
5051,2016-10-16,1432666
5052,2016-10-17,1432666
5053,2016-10-18,1432666
5054,2016-10-19,1430689
5055,2016-10-20,1430689
5056,2016-10-21,1430689
5057,2016-10-22,1430689
5058,2016-10-23,1430689
5059,2016-10-24,1430689
5060,2016-10-25,1430689
5061,2016-10-26,1431381
5062,2016-10-27,1431381
5063,2016-10-28,1431381
5064,2016-10-29,1431381
5065,2016-10-30,1431381
5066,2016-10-31,1431381
5067,2016-11-01,1431381
5068,2016-11-02,1438335
5069,2016-11-03,1438335
5070,2016-11-04,1438335
5071,2016-11-05,1438335
5072,2016-11-06,1438335
5073,2016-11-07,1438335
5074,2016-11-08,1438335
5075,2016-11-09,1443384
5076,2016-11-10,1443384
5077,2016-11-11,1443384
5078,2016-11-12,1443384
5079,2016-11-13,1443384
5080,2016-11-14,1443384
5081,2016-11-15,1443384
5082,2016-11-16,1444552
5083,2016-11-17,1444552
5084,2016-11-18,1444552
5085,2016-11-19,1444552
5086,2016-11-20,1444552
5087,2016-11-21,1444552
5088,2016-11-22,1444552
5089,2016-11-23,1448356
5090,2016-11-24,1448356
5091,2016-11-25,1448356
5092,2016-11-26,1448356
5093,2016-11-27,1448356
5094,2016-11-28,1448356
5095,2016-11-29,1448356
5096,2016-11-30,1448631
5097,2016-12-01,1448631
5098,2016-12-02,1448631
5099,2016-12-03,1448631
5100,2016-12-04,1448631
5101,2016-12-05,1448631
5102,2016-12-06,1448631
5103,2016-12-07,1450907
5104,2016-12-08,1450907
5105,2016-12-09,1450907
5106,2016-12-10,1450907
5107,2016-12-11,1450907
5108,2016-12-12,1450907
5109,2016-12-13,1450907
5110,2016-12-14,1452100
5111,2016-12-15,1452100
5112,2016-12-16,1452100
5113,2016-12-17,1452100
5114,2016-12-18,1452100
5115,2016-12-19,1452100
5116,2016-12-20,1452100
5117,2016-12-21,1456501
5118,2016-12-22,1456501
5119,2016-12-23,1456501
5120,2016-12-24,1456501
5121,2016-12-25,1456501
5122,2016-12-26,1456501
5123,2016-12-27,1456501
5124,2016-12-28,1462574
5125,2016-12-29,1462574
5126,2016-12-30,1462574
5127,2016-12-31,1462574
5128,2017-01-01,1462574
5129,2017-01-02,1462574
5130,2017-01-03,1462574
5131,2017-01-04,1462563
5132,2017-01-05,1462563
5133,2017-01-06,1462563
5134,2017-01-07,1462563
5135,2017-01-08,1462563
5136,2017-01-09,1462563
5137,2017-01-10,1462563
5138,2017-01-11,1457601
5139,2017-01-12,1457601
5140,2017-01-13,1457601
5141,2017-01-14,1457601
5142,2017-01-15,1457601
5143,2017-01-16,1457601
5144,2017-01-17,1457601
5145,2017-01-18,1456778
5146,2017-01-19,1456778
5147,2017-01-20,1456778
5148,2017-01-21,1456778
5149,2017-01-22,1456778
5150,2017-01-23,1456778
5151,2017-01-24,1456778
5152,2017-01-25,1452880
5153,2017-01-26,1452880
5154,2017-01-27,1452880
5155,2017-01-28,1452880
5156,2017-01-29,1452880
5157,2017-01-30,1452880
5158,2017-01-31,1452880
5159,2017-02-01,1453722
5160,2017-02-02,1453722
5161,2017-02-03,1453722
5162,2017-02-04,1453722
5163,2017-02-05,1453722
5164,2017-02-06,1453722
5165,2017-02-07,1453722
5166,2017-02-08,1458900
5167,2017-02-09,1458900
5168,2017-02-10,1458900
5169,2017-02-11,1458900
5170,2017-02-12,1458900
5171,2017-02-13,1458900
5172,2017-02-14,1458900
5173,2017-02-15,1462429
5174,2017-02-16,1462429
5175,2017-02-17,1462429
5176,2017-02-18,1462429
5177,2017-02-19,1462429
5178,2017-02-20,1462429
5179,2017-02-21,1462429
5180,2017-02-22,1466089
5181,2017-02-23,1466089
5182,2017-02-24,1466089
5183,2017-02-25,1466089
5184,2017-02-26,1466089
5185,2017-02-27,1466089
5186,2017-02-28,1466089
5187,2017-03-01,1475112
5188,2017-03-02,1475112
5189,2017-03-03,1475112
5190,2017-03-04,1475112
5191,2017-03-05,1475112
5192,2017-03-06,1475112
5193,2017-03-07,1475112
5194,2017-03-08,1482492
5195,2017-03-09,1482492
5196,2017-03-10,1482492
5197,2017-03-11,1482492
5198,2017-03-12,1482492
5199,2017-03-13,1482492
5200,2017-03-14,1482492
5201,2017-03-15,1484495
5202,2017-03-16,1484495
5203,2017-03-17,1484495
5204,2017-03-18,1484495
5205,2017-03-19,1484495
5206,2017-03-20,1484495
5207,2017-03-21,1484495
5208,2017-03-22,1487305
5209,2017-03-23,1487305
5210,2017-03-24,1487305
5211,2017-03-25,1487305
5212,2017-03-26,1487305
5213,2017-03-27,1487305
5214,2017-03-28,1487305
5215,2017-03-29,1489783
5216,2017-03-30,1489783
5217,2017-03-31,1489783
5218,2017-04-01,1489783
5219,2017-04-02,1489783
5220,2017-04-03,1489783
5221,2017-04-04,1489783
5222,2017-04-05,1493478
5223,2017-04-06,1493478
5224,2017-04-07,1493478
5225,2017-04-08,1493478
5226,2017-04-09,1493478
5227,2017-04-10,1493478
5228,2017-04-11,1493478
5229,2017-04-12,1494338
5230,2017-04-13,1494338
5231,2017-04-14,1494338
5232,2017-04-15,1494338
5233,2017-04-16,1494338
5234,2017-04-17,1494338
5235,2017-04-18,1494338
5236,2017-04-19,1494691
5237,2017-04-20,1494691
5238,2017-04-21,1494691
5239,2017-04-22,1494691
5240,2017-04-23,1494691
5241,2017-04-24,1494691
5242,2017-04-25,1494691
5243,2017-04-26,1496078
5244,2017-04-27,1496078
5245,2017-04-28,1496078
5246,2017-04-29,1496078
5247,2017-04-30,1496078
5248,2017-05-01,1496078
5249,2017-05-02,1496078
5250,2017-05-03,1499533
5251,2017-05-04,1499533
5252,2017-05-05,1499533
5253,2017-05-06,1499533
5254,2017-05-07,1499533
5255,2017-05-08,1499533
5256,2017-05-09,1499533
5257,2017-05-10,1501672
5258,2017-05-11,1501672
5259,2017-05-12,1501672
5260,2017-05-13,1501672
5261,2017-05-14,1501672
5262,2017-05-15,1501672
5263,2017-05-16,1501672
5264,2017-05-17,1501692
5265,2017-05-18,1501692
5266,2017-05-19,1501692
5267,2017-05-20,1501692
5268,2017-05-21,1501692
5269,2017-05-22,1501692
5270,2017-05-23,1501692
5271,2017-05-24,1504774
5272,2017-05-25,1504774
5273,2017-05-26,1504774
5274,2017-05-27,1504774
5275,2017-05-28,1504774
5276,2017-05-29,1504774
5277,2017-05-30,1504774
5278,2017-05-31,1509625
5279,2017-06-01,1509625
5280,2017-06-02,1509625
5281,2017-06-03,1509625
5282,2017-06-04,1509625
5283,2017-06-05,1509625
5284,2017-06-06,1509625
5285,2017-06-07,1509455
5286,2017-06-08,1509455
5287,2017-06-09,1509455
5288,2017-06-10,1509455
5289,2017-06-11,1509455
5290,2017-06-12,1509455
5291,2017-06-13,1509455
5292,2017-06-14,1508561
5293,2017-06-15,1508561
5294,2017-06-16,1508561
5295,2017-06-17,1508561
5296,2017-06-18,1508561
5297,2017-06-19,1508561
5298,2017-06-20,1508561
5299,2017-06-21,1508773
5300,2017-06-22,1508773
5301,2017-06-23,1508773
5302,2017-06-24,1508773
5303,2017-06-25,1508773
5304,2017-06-26,1508773
5305,2017-06-27,1508773
5306,2017-06-28,1512186
5307,2017-06-29,1512186
5308,2017-06-30,1512186
5309,2017-07-01,1512186
5310,2017-07-02,1512186
5311,2017-07-03,1512186
5312,2017-07-04,1512186
5313,2017-07-05,1518965
5314,2017-07-06,1518965
5315,2017-07-07,1518965
5316,2017-07-08,1518965
5317,2017-07-09,1518965
5318,2017-07-10,1518965
5319,2017-07-11,1518965
5320,2017-07-12,1517809
5321,2017-07-13,1517809
5322,2017-07-14,1517809
5323,2017-07-15,1517809
5324,2017-07-16,1517809
5325,2017-07-17,1517809
5326,2017-07-18,1517809
5327,2017-07-19,1514860
5328,2017-07-20,1514860
5329,2017-07-21,1514860
5330,2017-07-22,1514860
5331,2017-07-23,1514860
5332,2017-07-24,1514860
5333,2017-07-25,1514860
5334,2017-07-26,1514951
5335,2017-07-27,1514951
5336,2017-07-28,1514951
5337,2017-07-29,1514951
5338,2017-07-30,1514951
5339,2017-07-31,1514951
5340,2017-08-01,1514951
5341,2017-08-02,1518395
5342,2017-08-03,1518395
5343,2017-08-04,1518395
5344,2017-08-05,1518395
5345,2017-08-06,1518395
5346,2017-08-07,1518395
5347,2017-08-08,1518395
5348,2017-08-09,1520051
5349,2017-08-10,1520051
5350,2017-08-11,1520051
5351,2017-08-12,1520051
5352,2017-08-13,1520051
5353,2017-08-14,1520051
5354,2017-08-15,1520051
5355,2017-08-16,1519475
5356,2017-08-17,1519475
5357,2017-08-18,1519475
5358,2017-08-19,1519475
5359,2017-08-20,1519475
5360,2017-08-21,1519475
5361,2017-08-22,1519475
5362,2017-08-23,1519600
5363,2017-08-24,1519600
5364,2017-08-25,1519600
5365,2017-08-26,1519600
5366,2017-08-27,1519600
5367,2017-08-28,1519600
5368,2017-08-29,1519600
5369,2017-08-30,1523475
5370,2017-08-31,1523475
5371,2017-09-01,1523475
5372,2017-09-02,1523475
5373,2017-09-03,1523475
5374,2017-09-04,1523475
5375,2017-09-05,1523475
5376,2017-09-06,1531365
5377,2017-09-07,1531365
5378,2017-09-08,1531365
5379,2017-09-09,1531365
5380,2017-09-10,1531365
5381,2017-09-11,1531365
5382,2017-09-12,1531365
5383,2017-09-13,1533584
5384,2017-09-14,1533584
5385,2017-09-15,1533584
5386,2017-09-16,1533584
5387,2017-09-17,1533584
5388,2017-09-18,1533584
5389,2017-09-19,1533584
5390,2017-09-20,1533583
5391,2017-09-21,1533583
5392,2017-09-22,1533583
5393,2017-09-23,1533583
5394,2017-09-24,1533583
5395,2017-09-25,1533583
5396,2017-09-26,1533583
5397,2017-09-27,1533124
5398,2017-09-28,1533124
5399,2017-09-29,1533124
5400,2017-09-30,1533124
5401,2017-10-01,1533124
5402,2017-10-02,1533124
5403,2017-10-03,1533124
5404,2017-10-04,1535748
5405,2017-10-05,1535748
5406,2017-10-06,1535748
5407,2017-10-07,1535748
5408,2017-10-08,1535748
5409,2017-10-09,1535748
5410,2017-10-10,1535748
5411,2017-10-11,1538386
5412,2017-10-12,1538386
5413,2017-10-13,1538386
5414,2017-10-14,1538386
5415,2017-10-15,1538386
5416,2017-10-16,1538386
5417,2017-10-17,1538386
5418,2017-10-18,1538055
5419,2017-10-19,1538055
5420,2017-10-20,1538055
5421,2017-10-21,1538055
5422,2017-10-22,1538055
5423,2017-10-23,1538055
5424,2017-10-24,1538055
5425,2017-10-25,1536876
5426,2017-10-26,1536876
5427,2017-10-27,1536876
5428,2017-10-28,1536876
5429,2017-10-29,1536876
5430,2017-10-30,1536876
5431,2017-10-31,1536876
5432,2017-11-01,1542094
5433,2017-11-02,1542094
5434,2017-11-03,1542094
5435,2017-11-04,1542094
5436,2017-11-05,1542094
5437,2017-11-06,1542094
5438,2017-11-07,1542094
5439,2017-11-08,1544556
5440,2017-11-09,1544556
5441,2017-11-10,1544556
5442,2017-11-11,1544556
5443,2017-11-12,1544556
5444,2017-11-13,1544556
5445,2017-11-14,1544556
5446,2017-11-15,1545840
5447,2017-11-16,1545840
5448,2017-11-17,1545840
5449,2017-11-18,1545840
5450,2017-11-19,1545840
5451,2017-11-20,1545840
5452,2017-11-21,1545840
5453,2017-11-22,1551645
5454,2017-11-23,1551645
5455,2017-11-24,1551645
5456,2017-11-25,1551645
5457,2017-11-26,1551645
5458,2017-11-27,1551645
5459,2017-11-28,1551645
5460,2017-11-29,1552706
5461,2017-11-30,1552706
5462,2017-12-01,1552706
5463,2017-12-02,1552706
5464,2017-12-03,1552706
5465,2017-12-04,1552706
5466,2017-12-05,1552706
5467,2017-12-06,1555667
5468,2017-12-07,1555667
5469,2017-12-08,1555667
5470,2017-12-09,1555667
5471,2017-12-10,1555667
5472,2017-12-11,1555667
5473,2017-12-12,1555667
5474,2017-12-13,1556777
5475,2017-12-14,1556777
5476,2017-12-15,1556777
5477,2017-12-16,1556777
5478,2017-12-17,1556777
5479,2017-12-18,1556777
5480,2017-12-19,1556777
5481,2017-12-20,1560665
5482,2017-12-21,1560665
5483,2017-12-22,1560665
5484,2017-12-23,1560665
5485,2017-12-24,1560665
5486,2017-12-25,1560665
5487,2017-12-26,1560665
5488,2017-12-27,1569058
5489,2017-12-28,1569058
5490,2017-12-29,1569058
5491,2017-12-30,1569058
5492,2017-12-31,1569058
5493,2018-01-01,1569058
5494,2018-01-02,1569058
5495,2018-01-03,1571272
5496,2018-01-04,1571272
5497,2018-01-05,1571272
5498,2018-01-06,1571272
5499,2018-01-07,1571272
5500,2018-01-08,1571272
5501,2018-01-09,1571272
5502,2018-01-10,1565377
5503,2018-01-11,1565377
5504,2018-01-12,1565377
5505,2018-01-13,1565377
5506,2018-01-14,1565377
5507,2018-01-15,1565377
5508,2018-01-16,1565377
5509,2018-01-17,1563007
5510,2018-01-18,1563007
5511,2018-01-19,1563007
5512,2018-01-20,1563007
5513,2018-01-21,1563007
5514,2018-01-22,1563007
5515,2018-01-23,1563007
5516,2018-01-24,1559425
5517,2018-01-25,1559425
5518,2018-01-26,1559425
5519,2018-01-27,1559425
5520,2018-01-28,1559425
5521,2018-01-29,1559425
5522,2018-01-30,1559425
5523,2018-01-31,1560302
5524,2018-02-01,1560302
5525,2018-02-02,1560302
5526,2018-02-03,1560302
5527,2018-02-04,1560302
5528,2018-02-05,1560302
5529,2018-02-06,1560302
5530,2018-02-07,1565333
5531,2018-02-08,1565333
5532,2018-02-09,1565333
5533,2018-02-10,1565333
5534,2018-02-11,1565333
5535,2018-02-12,1565333
5536,2018-02-13,1565333
5537,2018-02-14,1569037
5538,2018-02-15,1569037
5539,2018-02-16,1569037
5540,2018-02-17,1569037
5541,2018-02-18,1569037
5542,2018-02-19,1569037
5543,2018-02-20,1569037
5544,2018-02-21,1574396
5545,2018-02-22,1574396
5546,2018-02-23,1574396
5547,2018-02-24,1574396
5548,2018-02-25,1574396
5549,2018-02-26,1574396
5550,2018-02-27,1574396
5551,2018-02-28,1579985
5552,2018-03-01,1579985
5553,2018-03-02,1579985
5554,2018-03-03,1579985
5555,2018-03-04,1579985
5556,2018-03-05,1579985
5557,2018-03-06,1579985
5558,2018-03-07,1585789
5559,2018-03-08,1585789
5560,2018-03-09,1585789
5561,2018-03-10,1585789
5562,2018-03-11,1585789
5563,2018-03-12,1585789
5564,2018-03-13,1585789
5565,2018-03-14,1587660
5566,2018-03-15,1587660
5567,2018-03-16,1587660
5568,2018-03-17,1587660
5569,2018-03-18,1587660
5570,2018-03-19,1587660
5571,2018-03-20,1587660
5572,2018-03-21,1587391
5573,2018-03-22,1587391
5574,2018-03-23,1587391
5575,2018-03-24,1587391
5576,2018-03-25,1587391
5577,2018-03-26,1587391
5578,2018-03-27,1587391
5579,2018-03-28,1589535
5580,2018-03-29,1589535
5581,2018-03-30,1589535
5582,2018-03-31,1589535
5583,2018-04-01,1589535
5584,2018-04-02,1589535
5585,2018-04-03,1589535
5586,2018-04-04,1593169
5587,2018-04-05,1593169
5588,2018-04-06,1593169
5589,2018-04-07,1593169
5590,2018-04-08,1593169
5591,2018-04-09,1593169
5592,2018-04-10,1593169
5593,2018-04-11,1593365
5594,2018-04-12,1593365
5595,2018-04-13,1593365
5596,2018-04-14,1593365
5597,2018-04-15,1593365
5598,2018-04-16,1593365
5599,2018-04-17,1593365
5600,2018-04-18,1594816
5601,2018-04-19,1594816
5602,2018-04-20,1594816
5603,2018-04-21,1594816
5604,2018-04-22,1594816
5605,2018-04-23,1594816
5606,2018-04-24,1594816
5607,2018-04-25,1595828
5608,2018-04-26,1595828
5609,2018-04-27,1595828
5610,2018-04-28,1595828
5611,2018-04-29,1595828
5612,2018-04-30,1595828
5613,2018-05-01,1595828
5614,2018-05-02,1598599
5615,2018-05-03,1598599
5616,2018-05-04,1598599
5617,2018-05-05,1598599
5618,2018-05-06,1598599
5619,2018-05-07,1598599
5620,2018-05-08,1598599
5621,2018-05-09,1601610
5622,2018-05-10,1601610
5623,2018-05-11,1601610
5624,2018-05-12,1601610
5625,2018-05-13,1601610
5626,2018-05-14,1601610
5627,2018-05-15,1601610
5628,2018-05-16,1606143
5629,2018-05-17,1606143
5630,2018-05-18,1606143
5631,2018-05-19,1606143
5632,2018-05-20,1606143
5633,2018-05-21,1606143
5634,2018-05-22,1606143
5635,2018-05-23,1609131
5636,2018-05-24,1609131
5637,2018-05-25,1609131
5638,2018-05-26,1609131
5639,2018-05-27,1609131
5640,2018-05-28,1609131
5641,2018-05-29,1609131
5642,2018-05-30,1613679
5643,2018-05-31,1613679
5644,2018-06-01,1613679
5645,2018-06-02,1613679
5646,2018-06-03,1613679
5647,2018-06-04,1613679
5648,2018-06-05,1613679
5649,2018-06-06,1614767
5650,2018-06-07,1614767
5651,2018-06-08,1614767
5652,2018-06-09,1614767
5653,2018-06-10,1614767
5654,2018-06-11,1614767
5655,2018-06-12,1614767
5656,2018-06-13,1614115
5657,2018-06-14,1614115
5658,2018-06-15,1614115
5659,2018-06-16,1614115
5660,2018-06-17,1614115
5661,2018-06-18,1614115
5662,2018-06-19,1614115
5663,2018-06-20,1614030
5664,2018-06-21,1614030
5665,2018-06-22,1614030
5666,2018-06-23,1614030
5667,2018-06-24,1614030
5668,2018-06-25,1614030
5669,2018-06-26,1614030
5670,2018-06-27,1617589
5671,2018-06-28,1617589
5672,2018-06-29,1617589
5673,2018-06-30,1617589
5674,2018-07-01,1617589
5675,2018-07-02,1617589
5676,2018-07-03,1617589
5677,2018-07-04,1624417
5678,2018-07-05,1624417
5679,2018-07-06,1624417
5680,2018-07-07,1624417
5681,2018-07-08,1624417
5682,2018-07-09,1624417
5683,2018-07-10,1624417
5684,2018-07-11,1624385
5685,2018-07-12,1624385
5686,2018-07-13,1624385
5687,2018-07-14,1624385
5688,2018-07-15,1624385
5689,2018-07-16,1624385
5690,2018-07-17,1624385
5691,2018-07-18,1620664
5692,2018-07-19,1620664
5693,2018-07-20,1620664
5694,2018-07-21,1620664
5695,2018-07-22,1620664
5696,2018-07-23,1620664
5697,2018-07-24,1620664
5698,2018-07-25,1620547
5699,2018-07-26,1620547
5700,2018-07-27,1620547
5701,2018-07-28,1620547
5702,2018-07-29,1620547
5703,2018-07-30,1620547
5704,2018-07-31,1620547
5705,2018-08-01,1621958
5706,2018-08-02,1621958
5707,2018-08-03,1621958
5708,2018-08-04,1621958
5709,2018-08-05,1621958
5710,2018-08-06,1621958
5711,2018-08-07,1621958
5712,2018-08-08,1623919
5713,2018-08-09,1623919
5714,2018-08-10,1623919
5715,2018-08-11,1623919
5716,2018-08-12,1623919
5717,2018-08-13,1623919
5718,2018-08-14,1623919
5719,2018-08-15,1625914
5720,2018-08-16,1625914
5721,2018-08-17,1625914
5722,2018-08-18,1625914
5723,2018-08-19,1625914
5724,2018-08-20,1625914
5725,2018-08-21,1625914
5726,2018-08-22,1627390
5727,2018-08-23,1627390
5728,2018-08-24,1627390
5729,2018-08-25,1627390
5730,2018-08-26,1627390
5731,2018-08-27,1627390
5732,2018-08-28,1627390
5733,2018-08-29,1633269
5734,2018-08-30,1633269
5735,2018-08-31,1633269
5736,2018-09-01,1633269
5737,2018-09-02,1633269
5738,2018-09-03,1633269
5739,2018-09-04,1633269
5740,2018-09-05,1640845
5741,2018-09-06,1640845
5742,2018-09-07,1640845
5743,2018-09-08,1640845
5744,2018-09-09,1640845
5745,2018-09-10,1640845
5746,2018-09-11,1640845
5747,2018-09-12,1639176
5748,2018-09-13,1639176
5749,2018-09-14,1639176
5750,2018-09-15,1639176
5751,2018-09-16,1639176
5752,2018-09-17,1639176
5753,2018-09-18,1639176
5754,2018-09-19,1637959
5755,2018-09-20,1637959
5756,2018-09-21,1637959
5757,2018-09-22,1637959
5758,2018-09-23,1637959
5759,2018-09-24,1637959
5760,2018-09-25,1637959
5761,2018-09-26,1638215
5762,2018-09-27,1638215
5763,2018-09-28,1638215
5764,2018-09-29,1638215
5765,2018-09-30,1638215
5766,2018-10-01,1638215
5767,2018-10-02,1638215
5768,2018-10-03,1642102
5769,2018-10-04,1642102
5770,2018-10-05,1642102
5771,2018-10-06,1642102
5772,2018-10-07,1642102
5773,2018-10-08,1642102
5774,2018-10-09,1642102
5775,2018-10-10,1645165
5776,2018-10-11,1645165
5777,2018-10-12,1645165
5778,2018-10-13,1645165
5779,2018-10-14,1645165
5780,2018-10-15,1645165
5781,2018-10-16,1645165
5782,2018-10-17,1643651
5783,2018-10-18,1643651
5784,2018-10-19,1643651
5785,2018-10-20,1643651
5786,2018-10-21,1643651
5787,2018-10-22,1643651
5788,2018-10-23,1643651
5789,2018-10-24,1642665
5790,2018-10-25,1642665
5791,2018-10-26,1642665
5792,2018-10-27,1642665
5793,2018-10-28,1642665
5794,2018-10-29,1642665
5795,2018-10-30,1642665
5796,2018-10-31,1648166
5797,2018-11-01,1648166
5798,2018-11-02,1648166
5799,2018-11-03,1648166
5800,2018-11-04,1648166
5801,2018-11-05,1648166
5802,2018-11-06,1648166
5803,2018-11-07,1651250
5804,2018-11-08,1651250
5805,2018-11-09,1651250
5806,2018-11-10,1651250
5807,2018-11-11,1651250
5808,2018-11-12,1651250
5809,2018-11-13,1651250
5810,2018-11-14,1654871
5811,2018-11-15,1654871
5812,2018-11-16,1654871
5813,2018-11-17,1654871
5814,2018-11-18,1654871
5815,2018-11-19,1654871
5816,2018-11-20,1654871
5817,2018-11-21,1658077
5818,2018-11-22,1658077
5819,2018-11-23,1658077
5820,2018-11-24,1658077
5821,2018-11-25,1658077
5822,2018-11-26,1658077
5823,2018-11-27,1658077
5824,2018-11-28,1658505
5825,2018-11-29,1658505
5826,2018-11-30,1658505
5827,2018-12-01,1658505
5828,2018-12-02,1658505
5829,2018-12-03,1658505
5830,2018-12-04,1658505
5831,2018-12-05,1658238
5832,2018-12-06,1658238
5833,2018-12-07,1658238
5834,2018-12-08,1658238
5835,2018-12-09,1658238
5836,2018-12-10,1658238
5837,2018-12-11,1658238
5838,2018-12-12,1657857
5839,2018-12-13,1657857
5840,2018-12-14,1657857
5841,2018-12-15,1657857
5842,2018-12-16,1657857
5843,2018-12-17,1657857
5844,2018-12-18,1657857
5845,2018-12-19,1661139
5846,2018-12-20,1661139
5847,2018-12-21,1661139
5848,2018-12-22,1661139
5849,2018-12-23,1661139
5850,2018-12-24,1661139
5851,2018-12-25,1661139
5852,2018-12-26,1668206
5853,2018-12-27,1668206
5854,2018-12-28,1668206
5855,2018-12-29,1668206
5856,2018-12-30,1668206
5857,2018-12-31,1668206
5858,2019-01-01,1668206
5859,2019-01-02,1672109
5860,2019-01-03,1672109
5861,2019-01-04,1672109
5862,2019-01-05,1672109
5863,2019-01-06,1672109
5864,2019-01-07,1672109
5865,2019-01-08,1672109
5866,2019-01-09,1664020
5867,2019-01-10,1664020
5868,2019-01-11,1664020
5869,2019-01-12,1664020
5870,2019-01-13,1664020
5871,2019-01-14,1664020
5872,2019-01-15,1664020
5873,2019-01-16,1657729
5874,2019-01-17,1657729
5875,2019-01-18,1657729
5876,2019-01-19,1657729
5877,2019-01-20,1657729
5878,2019-01-21,1657729
5879,2019-01-22,1657729
5880,2019-01-23,1657081
5881,2019-01-24,1657081
5882,2019-01-25,1657081
5883,2019-01-26,1657081
5884,2019-01-27,1657081
5885,2019-01-28,1657081
5886,2019-01-29,1657081
5887,2019-01-30,1655577
5888,2019-01-31,1655577
5889,2019-02-01,1655577
5890,2019-02-02,1655577
5891,2019-02-03,1655577
5892,2019-02-04,1655577
5893,2019-02-05,1655577
5894,2019-02-06,1657611
5895,2019-02-07,1657611
5896,2019-02-08,1657611
5897,2019-02-09,1657611
5898,2019-02-10,1657611
5899,2019-02-11,1657611
5900,2019-02-12,1657611
5901,2019-02-13,1661886
5902,2019-02-14,1661886
5903,2019-02-15,1661886
5904,2019-02-16,1661886
5905,2019-02-17,1661886
5906,2019-02-18,1661886
5907,2019-02-19,1661886
5908,2019-02-20,1664269
5909,2019-02-21,1664269
5910,2019-02-22,1664269
5911,2019-02-23,1664269
5912,2019-02-24,1664269
5913,2019-02-25,1664269
5914,2019-02-26,1664269
5915,2019-02-27,1664572
5916,2019-02-28,1664572
5917,2019-03-01,1664572
5918,2019-03-02,1664572
5919,2019-03-03,1664572
5920,2019-03-04,1664572
5921,2019-03-05,1664572
5922,2019-03-06,1671653
5923,2019-03-07,1671653
5924,2019-03-08,1671653
5925,2019-03-09,1671653
5926,2019-03-10,1671653
5927,2019-03-11,1671653
5928,2019-03-12,1671653
5929,2019-03-13,1673581
5930,2019-03-14,1673581
5931,2019-03-15,1673581
5932,2019-03-16,1673581
5933,2019-03-17,1673581
5934,2019-03-18,1673581
5935,2019-03-19,1673581
5936,2019-03-20,1674497
5937,2019-03-21,1674497
5938,2019-03-22,1674497
5939,2019-03-23,1674497
5940,2019-03-24,1674497
5941,2019-03-25,1674497
5942,2019-03-26,1674497
5943,2019-03-27,1675919
5944,2019-03-28,1675919
5945,2019-03-29,1675919
5946,2019-03-30,1675919
5947,2019-03-31,1675919
5948,2019-04-01,1675919
5949,2019-04-02,1675919
5950,2019-04-03,1679632
5951,2019-04-04,1679632
5952,2019-04-05,1679632
5953,2019-04-06,1679632
5954,2019-04-07,1679632
5955,2019-04-08,1679632
5956,2019-04-09,1679632
5957,2019-04-10,1680490
5958,2019-04-11,1680490
5959,2019-04-12,1680490
5960,2019-04-13,1680490
5961,2019-04-14,1680490
5962,2019-04-15,1680490
5963,2019-04-16,1680490
5964,2019-04-17,1680169
5965,2019-04-18,1680169
5966,2019-04-19,1680169
5967,2019-04-20,1680169
5968,2019-04-21,1680169
5969,2019-04-22,1680169
5970,2019-04-23,1680169
5971,2019-04-24,1680701
5972,2019-04-25,1680701
5973,2019-04-26,1680701
5974,2019-04-27,1680701
5975,2019-04-28,1680701
5976,2019-04-29,1680701
5977,2019-04-30,1680701
5978,2019-05-01,1682814
5979,2019-05-02,1682814
5980,2019-05-03,1682814
5981,2019-05-04,1682814
5982,2019-05-05,1682814
5983,2019-05-06,1682814
5984,2019-05-07,1682814
5985,2019-05-08,1685161
5986,2019-05-09,1685161
5987,2019-05-10,1685161
5988,2019-05-11,1685161
5989,2019-05-12,1685161
5990,2019-05-13,1685161
5991,2019-05-14,1685161
5992,2019-05-15,1684341
5993,2019-05-16,1684341
5994,2019-05-17,1684341
5995,2019-05-18,1684341
5996,2019-05-19,1684341
5997,2019-05-20,1684341
5998,2019-05-21,1684341
5999,2019-05-22,1686894
6000,2019-05-23,1686894
6001,2019-05-24,1686894
6002,2019-05-25,1686894
6003,2019-05-26,1686894
6004,2019-05-27,1686894
6005,2019-05-28,1686894
6006,2019-05-29,1691580
6007,2019-05-30,1691580
6008,2019-05-31,1691580
6009,2019-06-01,1691580
6010,2019-06-02,1691580
6011,2019-06-03,1691580
6012,2019-06-04,1691580
6013,2019-06-05,1690780
6014,2019-06-06,1690780
6015,2019-06-07,1690780
6016,2019-06-08,1690780
6017,2019-06-09,1690780
6018,2019-06-10,1690780
6019,2019-06-11,1690780
6020,2019-06-12,1690261
6021,2019-06-13,1690261
6022,2019-06-14,1690261
6023,2019-06-15,1690261
6024,2019-06-16,1690261
6025,2019-06-17,1690261
6026,2019-06-18,1690261
6027,2019-06-19,1689656
6028,2019-06-20,1689656
6029,2019-06-21,1689656
6030,2019-06-22,1689656
6031,2019-06-23,1689656
6032,2019-06-24,1689656
6033,2019-06-25,1689656
6034,2019-06-26,1694004
6035,2019-06-27,1694004
6036,2019-06-28,1694004
6037,2019-06-29,1694004
6038,2019-06-30,1694004
6039,2019-07-01,1694004
6040,2019-07-02,1694004
6041,2019-07-03,1702771
6042,2019-07-04,1702771
6043,2019-07-05,1702771
6044,2019-07-06,1702771
6045,2019-07-07,1702771
6046,2019-07-08,1702771
6047,2019-07-09,1702771
6048,2019-07-10,1702178
6049,2019-07-11,1702178
6050,2019-07-12,1702178
6051,2019-07-13,1702178
6052,2019-07-14,1702178
6053,2019-07-15,1702178
6054,2019-07-16,1702178
6055,2019-07-17,1698998
6056,2019-07-18,1698998
6057,2019-07-19,1698998
6058,2019-07-20,1698998
6059,2019-07-21,1698998
6060,2019-07-22,1698998
6061,2019-07-23,1698998
6062,2019-07-24,1697963
6063,2019-07-25,1697963
6064,2019-07-26,1697963
6065,2019-07-27,1697963
6066,2019-07-28,1697963
6067,2019-07-29,1697963
6068,2019-07-30,1697963
6069,2019-07-31,1699610
6070,2019-08-01,1699610
6071,2019-08-02,1699610
6072,2019-08-03,1699610
6073,2019-08-04,1699610
6074,2019-08-05,1699610
6075,2019-08-06,1699610
6076,2019-08-07,1701134
6077,2019-08-08,1701134
6078,2019-08-09,1701134
6079,2019-08-10,1701134
6080,2019-08-11,1701134
6081,2019-08-12,1701134
6082,2019-08-13,1701134
6083,2019-08-14,1701360
6084,2019-08-15,1701360
6085,2019-08-16,1701360
6086,2019-08-17,1701360
6087,2019-08-18,1701360
6088,2019-08-19,1701360
6089,2019-08-20,1701360
6090,2019-08-21,1703116
6091,2019-08-22,1703116
6092,2019-08-23,1703116
6093,2019-08-24,1703116
6094,2019-08-25,1703116
6095,2019-08-26,1703116
6096,2019-08-27,1703116
6097,2019-08-28,1706795
6098,2019-08-29,1706795
6099,2019-08-30,1706795
6100,2019-08-31,1706795
6101,2019-09-01,1706795
6102,2019-09-02,1706795
6103,2019-09-03,1706795
6104,2019-09-04,1717581
6105,2019-09-05,1717581
6106,2019-09-06,1717581
6107,2019-09-07,1717581
6108,2019-09-08,1717581
6109,2019-09-09,1717581
6110,2019-09-10,1717581
6111,2019-09-11,1717172
6112,2019-09-12,1717172
6113,2019-09-13,1717172
6114,2019-09-14,1717172
6115,2019-09-15,1717172
6116,2019-09-16,1717172
6117,2019-09-17,1717172
6118,2019-09-18,1714568
6119,2019-09-19,1714568
6120,2019-09-20,1714568
6121,2019-09-21,1714568
6122,2019-09-22,1714568
6123,2019-09-23,1714568
6124,2019-09-24,1714568
6125,2019-09-25,1714733
6126,2019-09-26,1714733
6127,2019-09-27,1714733
6128,2019-09-28,1714733
6129,2019-09-29,1714733
6130,2019-09-30,1714733
6131,2019-10-01,1714733
6132,2019-10-02,1717473
6133,2019-10-03,1717473
6134,2019-10-04,1717473
6135,2019-10-05,1717473
6136,2019-10-06,1717473
6137,2019-10-07,1717473
6138,2019-10-08,1717473
6139,2019-10-09,1720990
6140,2019-10-10,1720990
6141,2019-10-11,1720990
6142,2019-10-12,1720990
6143,2019-10-13,1720990
6144,2019-10-14,1720990
6145,2019-10-15,1720990
6146,2019-10-16,1724390
6147,2019-10-17,1724390
6148,2019-10-18,1724390
6149,2019-10-19,1724390
6150,2019-10-20,1724390
6151,2019-10-21,1724390
6152,2019-10-22,1724390
6153,2019-10-23,1725020
6154,2019-10-24,1725020
6155,2019-10-25,1725020
6156,2019-10-26,1725020
6157,2019-10-27,1725020
6158,2019-10-28,1725020
6159,2019-10-29,1725020
6160,2019-10-30,1732868
6161,2019-10-31,1732868
6162,2019-11-01,1732868
6163,2019-11-02,1732868
6164,2019-11-03,1732868
6165,2019-11-04,1732868
6166,2019-11-05,1732868
6167,2019-11-06,1736735
6168,2019-11-07,1736735
6169,2019-11-08,1736735
6170,2019-11-09,1736735
6171,2019-11-10,1736735
6172,2019-11-11,1736735
6173,2019-11-12,1736735
6174,2019-11-13,1739702
6175,2019-11-14,1739702
6176,2019-11-15,1739702
6177,2019-11-16,1739702
6178,2019-11-17,1739702
6179,2019-11-18,1739702
6180,2019-11-19,1739702
6181,2019-11-20,1737673
6182,2019-11-21,1737673
6183,2019-11-22,1737673
6184,2019-11-23,1737673
6185,2019-11-24,1737673
6186,2019-11-25,1737673
6187,2019-11-26,1737673
6188,2019-11-27,1744018
6189,2019-11-28,1744018
6190,2019-11-29,1744018
6191,2019-11-30,1744018
6192,2019-12-01,1744018
6193,2019-12-02,1744018
6194,2019-12-03,1744018
6195,2019-12-04,1745447
6196,2019-12-05,1745447
6197,2019-12-06,1745447
6198,2019-12-07,1745447
6199,2019-12-08,1745447
6200,2019-12-09,1745447
6201,2019-12-10,1745447
6202,2019-12-11,1744649
6203,2019-12-12,1744649
6204,2019-12-13,1744649
6205,2019-12-14,1744649
6206,2019-12-15,1744649
6207,2019-12-16,1744649
6208,2019-12-17,1744649
6209,2019-12-18,1747734
6210,2019-12-19,1747734
6211,2019-12-20,1747734
6212,2019-12-21,1747734
6213,2019-12-22,1747734
6214,2019-12-23,1747734
6215,2019-12-24,1747734
6216,2019-12-25,1754066
6217,2019-12-26,1754066
6218,2019-12-27,1754066
6219,2019-12-28,1754066
6220,2019-12-29,1754066
6221,2019-12-30,1754066
6222,2019-12-31,1754066
6223,2020-01-01,1759427
6224,2020-01-02,1759427
6225,2020-01-03,1759427
6226,2020-01-04,1759427
6227,2020-01-05,1759427
6228,2020-01-06,1759427
6229,2020-01-07,1759427
6230,2020-01-08,1754110
6231,2020-01-09,1754110
6232,2020-01-10,1754110
6233,2020-01-11,1754110
6234,2020-01-12,1754110
6235,2020-01-13,1754110
6236,2020-01-14,1754110
6237,2020-01-15,1747488
6238,2020-01-16,1747488
6239,2020-01-17,1747488
6240,2020-01-18,1747488
6241,2020-01-19,1747488
6242,2020-01-20,1747488
6243,2020-01-21,1747488
6244,2020-01-22,1746549
6245,2020-01-23,1746549
6246,2020-01-24,1746549
6247,2020-01-25,1746549
6248,2020-01-26,1746549
6249,2020-01-27,1746549
6250,2020-01-28,1746549
6251,2020-01-29,1744597
6252,2020-01-30,1744597
6253,2020-01-31,1744597
6254,2020-02-01,1744597
6255,2020-02-02,1744597
6256,2020-02-03,1744597
6257,2020-02-04,1744597
6258,2020-02-05,1746494
6259,2020-02-06,1746494
6260,2020-02-07,1746494
6261,2020-02-08,1746494
6262,2020-02-09,1746494
6263,2020-02-10,1746494
6264,2020-02-11,1746494
6265,2020-02-12,1748261
6266,2020-02-13,1748261
6267,2020-02-14,1748261
6268,2020-02-15,1748261
6269,2020-02-16,1748261
6270,2020-02-17,1748261
6271,2020-02-18,1748261
6272,2020-02-19,1751590
6273,2020-02-20,1751590
6274,2020-02-21,1751590
6275,2020-02-22,1751590
6276,2020-02-23,1751590
6277,2020-02-24,1751590
6278,2020-02-25,1751590
6279,2020-02-26,1751909
6280,2020-02-27,1751909
6281,2020-02-28,1751909
6282,2020-02-29,1751909
6283,2020-03-01,1751909
6284,2020-03-02,1751909
6285,2020-03-03,1751909
6286,2020-03-04,1762125
6287,2020-03-05,1762125
6288,2020-03-06,1762125
6289,2020-03-07,1762125
6290,2020-03-08,1762125
6291,2020-03-09,1762125
6292,2020-03-10,1762125
6293,2020-03-11,1770786
6294,2020-03-12,1770786
6295,2020-03-13,1770786
6296,2020-03-14,1770786
6297,2020-03-15,1770786
6298,2020-03-16,1770786
6299,2020-03-17,1770786
6300,2020-03-18,1795024
6301,2020-03-19,1795024
6302,2020-03-20,1795024
6303,2020-03-21,1795024
6304,2020-03-22,1795024
6305,2020-03-23,1795024
6306,2020-03-24,1795024
6307,2020-03-25,1823968
6308,2020-03-26,1823968
6309,2020-03-27,1823968
6310,2020-03-28,1823968
6311,2020-03-29,1823968
6312,2020-03-30,1823968
6313,2020-03-31,1823968
6314,2020-04-01,1830985
6315,2020-04-02,1830985
6316,2020-04-03,1830985
6317,2020-04-04,1830985
6318,2020-04-05,1830985
6319,2020-04-06,1830985
6320,2020-04-07,1830985
6321,2020-04-08,1835225
6322,2020-04-09,1835225
6323,2020-04-10,1835225
6324,2020-04-11,1835225
6325,2020-04-12,1835225
6326,2020-04-13,1835225
6327,2020-04-14,1835225
6328,2020-04-15,1839299
6329,2020-04-16,1839299
6330,2020-04-17,1839299
6331,2020-04-18,1839299
6332,2020-04-19,1839299
6333,2020-04-20,1839299
6334,2020-04-21,1839299
6335,2020-04-22,1847662
6336,2020-04-23,1847662
6337,2020-04-24,1847662
6338,2020-04-25,1847662
6339,2020-04-26,1847662
6340,2020-04-27,1847662
6341,2020-04-28,1847662
6342,2020-04-29,1862131
6343,2020-04-30,1862131
6344,2020-05-01,1862131
6345,2020-05-02,1862131
6346,2020-05-03,1862131
6347,2020-05-04,1862131
6348,2020-05-05,1862131
6349,2020-05-06,1873325
6350,2020-05-07,1873325
6351,2020-05-08,1873325
6352,2020-05-09,1873325
6353,2020-05-10,1873325
6354,2020-05-11,1873325
6355,2020-05-12,1873325
6356,2020-05-13,1881319
6357,2020-05-14,1881319
6358,2020-05-15,1881319
6359,2020-05-16,1881319
6360,2020-05-17,1881319
6361,2020-05-18,1881319
6362,2020-05-19,1881319
6363,2020-05-20,1890000
6364,2020-05-21,1890000
6365,2020-05-22,1890000
6366,2020-05-23,1890000
6367,2020-05-24,1890000
6368,2020-05-25,1890000
6369,2020-05-26,1890000
6370,2020-05-27,1899514
6371,2020-05-28,1899514
6372,2020-05-29,1899514
6373,2020-05-30,1899514
6374,2020-05-31,1899514
6375,2020-06-01,1899514
6376,2020-06-02,1899514
6377,2020-06-03,1903660
6378,2020-06-04,1903660
6379,2020-06-05,1903660
6380,2020-06-06,1903660
6381,2020-06-07,1903660
6382,2020-06-08,1903660
6383,2020-06-09,1903660
6384,2020-06-10,1907027
6385,2020-06-11,1907027
6386,2020-06-12,1907027
6387,2020-06-13,1907027
6388,2020-06-14,1907027
6389,2020-06-15,1907027
6390,2020-06-16,1907027
6391,2020-06-17,1910886
6392,2020-06-18,1910886
6393,2020-06-19,1910886
6394,2020-06-20,1910886
6395,2020-06-21,1910886
6396,2020-06-22,1910886
6397,2020-06-23,1910886
6398,2020-06-24,1915107
6399,2020-06-25,1915107
6400,2020-06-26,1915107
6401,2020-06-27,1915107
6402,2020-06-28,1915107
6403,2020-06-29,1915107
6404,2020-06-30,1915107
6405,2020-07-01,1922987
6406,2020-07-02,1922987
6407,2020-07-03,1922987
6408,2020-07-04,1922987
6409,2020-07-05,1922987
6410,2020-07-06,1922987
6411,2020-07-07,1922987
6412,2020-07-08,1928475
6413,2020-07-09,1928475
6414,2020-07-10,1928475
6415,2020-07-11,1928475
6416,2020-07-12,1928475
6417,2020-07-13,1928475
6418,2020-07-14,1928475
6419,2020-07-15,1932779
6420,2020-07-16,1932779
6421,2020-07-17,1932779
6422,2020-07-18,1932779
6423,2020-07-19,1932779
6424,2020-07-20,1932779
6425,2020-07-21,1932779
6426,2020-07-22,1937015
6427,2020-07-23,1937015
6428,2020-07-24,1937015
6429,2020-07-25,1937015
6430,2020-07-26,1937015
6431,2020-07-27,1937015
6432,2020-07-28,1937015
6433,2020-07-29,1943979
6434,2020-07-30,1943979
6435,2020-07-31,1943979
6436,2020-08-01,1943979
6437,2020-08-02,1943979
6438,2020-08-03,1943979
6439,2020-08-04,1943979
6440,2020-08-05,1951995
6441,2020-08-06,1951995
6442,2020-08-07,1951995
6443,2020-08-08,1951995
6444,2020-08-09,1951995
6445,2020-08-10,1951995
6446,2020-08-11,1951995
6447,2020-08-12,1957384
6448,2020-08-13,1957384
6449,2020-08-14,1957384
6450,2020-08-15,1957384
6451,2020-08-16,1957384
6452,2020-08-17,1957384
6453,2020-08-18,1957384
6454,2020-08-19,1960808
6455,2020-08-20,1960808
6456,2020-08-21,1960808
6457,2020-08-22,1960808
6458,2020-08-23,1960808
6459,2020-08-24,1960808
6460,2020-08-25,1960808
6461,2020-08-26,1965113
6462,2020-08-27,1965113
6463,2020-08-28,1965113
6464,2020-08-29,1965113
6465,2020-08-30,1965113
6466,2020-08-31,1965113
6467,2020-09-01,1965113
6468,2020-09-02,1972952
6469,2020-09-03,1972952
6470,2020-09-04,1972952
6471,2020-09-05,1972952
6472,2020-09-06,1972952
6473,2020-09-07,1972952
6474,2020-09-08,1972952
6475,2020-09-09,1981271
6476,2020-09-10,1981271
6477,2020-09-11,1981271
6478,2020-09-12,1981271
6479,2020-09-13,1981271
6480,2020-09-14,1981271
6481,2020-09-15,1981271
6482,2020-09-16,1980305
6483,2020-09-17,1980305
6484,2020-09-18,1980305
6485,2020-09-19,1980305
6486,2020-09-20,1980305
6487,2020-09-21,1980305
6488,2020-09-22,1980305
6489,2020-09-23,1980207
6490,2020-09-24,1980207
6491,2020-09-25,1980207
6492,2020-09-26,1980207
6493,2020-09-27,1980207
6494,2020-09-28,1980207
6495,2020-09-29,1980207
6496,2020-09-30,1983630
6497,2020-10-01,1983630
6498,2020-10-02,1983630
6499,2020-10-03,1983630
6500,2020-10-04,1983630
6501,2020-10-05,1983630
6502,2020-10-06,1983630
6503,2020-10-07,1989441
6504,2020-10-08,1989441
6505,2020-10-09,1989441
6506,2020-10-10,1989441
6507,2020-10-11,1989441
6508,2020-10-12,1989441
6509,2020-10-13,1989441
6510,2020-10-14,1993852
6511,2020-10-15,1993852
6512,2020-10-16,1993852
6513,2020-10-17,1993852
6514,2020-10-18,1993852
6515,2020-10-19,1993852
6516,2020-10-20,1993852
6517,2020-10-21,1993797
6518,2020-10-22,1993797
6519,2020-10-23,1993797
6520,2020-10-24,1993797
6521,2020-10-25,1993797
6522,2020-10-26,1993797
6523,2020-10-27,1993797
6524,2020-10-28,1996047
6525,2020-10-29,1996047
6526,2020-10-30,1996047
6527,2020-10-31,1996047
6528,2020-11-01,1996047
6529,2020-11-02,1996047
6530,2020-11-03,1996047
6531,2020-11-04,2001134
6532,2020-11-05,2001134
6533,2020-11-06,2001134
6534,2020-11-07,2001134
6535,2020-11-08,2001134
6536,2020-11-09,2001134
6537,2020-11-10,2001134
6538,2020-11-11,2009168
6539,2020-11-12,2009168
6540,2020-11-13,2009168
6541,2020-11-14,2009168
6542,2020-11-15,2009168
6543,2020-11-16,2009168
6544,2020-11-17,2009168
6545,2020-11-18,2011389
6546,2020-11-19,2011389
6547,2020-11-20,2011389
6548,2020-11-21,2011389
6549,2020-11-22,2011389
6550,2020-11-23,2011389
6551,2020-11-24,2011389
6552,2020-11-25,2017078
6553,2020-11-26,2017078
6554,2020-11-27,2017078
6555,2020-11-28,2017078
6556,2020-11-29,2017078
6557,2020-11-30,2017078
6558,2020-12-01,2017078
6559,2020-12-02,2018824
6560,2020-12-03,2018824
6561,2020-12-04,2018824
6562,2020-12-05,2018824
6563,2020-12-06,2018824
6564,2020-12-07,2018824
6565,2020-12-08,2018824
6566,2020-12-09,2017822
6567,2020-12-10,2017822
6568,2020-12-11,2017822
6569,2020-12-12,2017822
6570,2020-12-13,2017822
6571,2020-12-14,2017822
6572,2020-12-15,2017822
6573,2020-12-16,2019149
6574,2020-12-17,2019149
6575,2020-12-18,2019149
6576,2020-12-19,2019149
6577,2020-12-20,2019149
6578,2020-12-21,2019149
6579,2020-12-22,2019149
6580,2020-12-23,2028219
6581,2020-12-24,2028219
6582,2020-12-25,2028219
6583,2020-12-26,2028219
6584,2020-12-27,2028219
6585,2020-12-28,2028219
6586,2020-12-29,2028219
6587,2020-12-30,2037973
6588,2020-12-31,2037973
6589,2021-01-01,2037973
6590,2021-01-02,2037973
6591,2021-01-03,2037973
6592,2021-01-04,2037973
6593,2021-01-05,2037973
6594,2021-01-06,2043442
6595,2021-01-07,2043442
6596,2021-01-08,2043442
6597,2021-01-09,2043442
6598,2021-01-10,2043442
6599,2021-01-11,2043442
6600,2021-01-12,2043442
6601,2021-01-13,2043387
6602,2021-01-14,2043387
6603,2021-01-15,2043387
6604,2021-01-16,2043387
6605,2021-01-17,2043387
6606,2021-01-18,2043387
6607,2021-01-19,2043387
6608,2021-01-20,2048650
6609,2021-01-21,2048650
6610,2021-01-22,2048650
6611,2021-01-23,2048650
6612,2021-01-24,2048650
6613,2021-01-25,2048650
6614,2021-01-26,2048650
6615,2021-01-27,2048517
6616,2021-01-28,2048517
6617,2021-01-29,2048517
6618,2021-01-30,2048517
6619,2021-01-31,2048517
6620,2021-02-01,2048517
6621,2021-02-02,2048517
6622,2021-02-03,2050306
6623,2021-02-04,2050306
6624,2021-02-05,2050306
6625,2021-02-06,2050306
6626,2021-02-07,2050306
6627,2021-02-08,2050306
6628,2021-02-09,2050306
6629,2021-02-10,2051775
6630,2021-02-11,2051775
6631,2021-02-12,2051775
6632,2021-02-13,2051775
6633,2021-02-14,2051775
6634,2021-02-15,2051775
6635,2021-02-16,2051775
6636,2021-02-17,2053339
6637,2021-02-18,2053339
6638,2021-02-19,2053339
6639,2021-02-20,2053339
6640,2021-02-21,2053339
6641,2021-02-22,2053339
6642,2021-02-23,2053339
6643,2021-02-24,2053711
6644,2021-02-25,2053711
6645,2021-02-26,2053711
6646,2021-02-27,2053711
6647,2021-02-28,2053711
6648,2021-03-01,2053711
6649,2021-03-02,2053711
6650,2021-03-03,2054415
6651,2021-03-04,2054415
6652,2021-03-05,2054415
6653,2021-03-06,2054415
6654,2021-03-07,2054415
6655,2021-03-08,2054415
6656,2021-03-09,2054415
6657,2021-03-10,2057619
6658,2021-03-11,2057619
6659,2021-03-12,2057619
6660,2021-03-13,2057619
6661,2021-03-14,2057619
6662,2021-03-15,2057619
6663,2021-03-16,2057619
6664,2021-03-17,2065369
6665,2021-03-18,2065369
6666,2021-03-19,2065369
6667,2021-03-20,2065369
6668,2021-03-21,2065369
6669,2021-03-22,2065369
6670,2021-03-23,2065369
6671,2021-03-24,2082985
6672,2021-03-25,2082985
6673,2021-03-26,2082985
6674,2021-03-27,2082985
6675,2021-03-28,2082985
6676,2021-03-29,2082985
6677,2021-03-30,2082985
6678,2021-03-31,2095105
6679,2021-04-01,2095105
6680,2021-04-02,2095105
6681,2021-04-03,2095105
6682,2021-04-04,2095105
6683,2021-04-05,2095105
6684,2021-04-06,2095105
6685,2021-04-07,2101194
6686,2021-04-08,2101194
6687,2021-04-09,2101194
6688,2021-04-10,2101194
6689,2021-04-11,2101194
6690,2021-04-12,2101194
6691,2021-04-13,2101194
6692,2021-04-14,2107251
6693,2021-04-15,2107251
6694,2021-04-16,2107251
6695,2021-04-17,2107251
6696,2021-04-18,2107251
6697,2021-04-19,2107251
6698,2021-04-20,2107251
6699,2021-04-21,2111178
6700,2021-04-22,2111178
6701,2021-04-23,2111178
6702,2021-04-24,2111178
6703,2021-04-25,2111178
6704,2021-04-26,2111178
6705,2021-04-27,2111178
6706,2021-04-28,2114276
6707,2021-04-29,2114276
6708,2021-04-30,2114276
6709,2021-05-01,2114276
6710,2021-05-02,2114276
6711,2021-05-03,2114276
6712,2021-05-04,2114276
6713,2021-05-05,2118376
6714,2021-05-06,2118376
6715,2021-05-07,2118376
6716,2021-05-08,2118376
6717,2021-05-09,2118376
6718,2021-05-10,2118376
6719,2021-05-11,2118376
6720,2021-05-12,2120094
6721,2021-05-13,2120094
6722,2021-05-14,2120094
6723,2021-05-15,2120094
6724,2021-05-16,2120094
6725,2021-05-17,2120094
6726,2021-05-18,2120094
6727,2021-05-19,2119844
6728,2021-05-20,2119844
6729,2021-05-21,2119844
6730,2021-05-22,2119844
6731,2021-05-23,2119844
6732,2021-05-24,2119844
6733,2021-05-25,2119844
6734,2021-05-26,2123575
6735,2021-05-27,2123575
6736,2021-05-28,2123575
6737,2021-05-29,2123575
6738,2021-05-30,2123575
6739,2021-05-31,2123575
6740,2021-06-01,2123575
6741,2021-06-02,2129739
6742,2021-06-03,2129739
6743,2021-06-04,2129739
6744,2021-06-05,2129739
6745,2021-06-06,2129739
6746,2021-06-07,2129739
6747,2021-06-08,2129739
6748,2021-06-09,2130778
6749,2021-06-10,2130778
6750,2021-06-11,2130778
6751,2021-06-12,2130778
6752,2021-06-13,2130778
6753,2021-06-14,2130778
6754,2021-06-15,2130778
6755,2021-06-16,2129545
6756,2021-06-17,2129545
6757,2021-06-18,2129545
6758,2021-06-19,2129545
6759,2021-06-20,2129545
6760,2021-06-21,2129545
6761,2021-06-22,2129545
6762,2021-06-23,2130133
6763,2021-06-24,2130133
6764,2021-06-25,2130133
6765,2021-06-26,2130133
6766,2021-06-27,2130133
6767,2021-06-28,2130133
6768,2021-06-29,2130133
6769,2021-06-30,2134139
6770,2021-07-01,2134139
6771,2021-07-02,2134139
6772,2021-07-03,2134139
6773,2021-07-04,2134139
6774,2021-07-05,2134139
6775,2021-07-06,2134139
6776,2021-07-07,2139402
6777,2021-07-08,2139402
6778,2021-07-09,2139402
6779,2021-07-10,2139402
6780,2021-07-11,2139402
6781,2021-07-12,2139402
6782,2021-07-13,2139402
6783,2021-07-14,2137519
6784,2021-07-15,2137519
6785,2021-07-16,2137519
6786,2021-07-17,2137519
6787,2021-07-18,2137519
6788,2021-07-19,2137519
6789,2021-07-20,2137519
6790,2021-07-21,2135757
6791,2021-07-22,2135757
6792,2021-07-23,2135757
6793,2021-07-24,2135757
6794,2021-07-25,2135757
6795,2021-07-26,2135757
6796,2021-07-27,2135757
6797,2021-07-28,2136883
6798,2021-07-29,2136883
6799,2021-07-30,2136883
6800,2021-07-31,2136883
6801,2021-08-01,2136883
6802,2021-08-02,2136883
6803,2021-08-03,2136883
6804,2021-08-04,2139117
6805,2021-08-05,2139117
6806,2021-08-06,2139117
6807,2021-08-07,2139117
6808,2021-08-08,2139117
6809,2021-08-09,2139117
6810,2021-08-10,2139117
6811,2021-08-11,2139815
6812,2021-08-12,2139815
6813,2021-08-13,2139815
6814,2021-08-14,2139815
6815,2021-08-15,2139815
6816,2021-08-16,2139815
6817,2021-08-17,2139815
6818,2021-08-18,2138568
6819,2021-08-19,2138568
6820,2021-08-20,2138568
6821,2021-08-21,2138568
6822,2021-08-22,2138568
6823,2021-08-23,2138568
6824,2021-08-24,2138568
6825,2021-08-25,2139155
6826,2021-08-26,2139155
6827,2021-08-27,2139155
6828,2021-08-28,2139155
6829,2021-08-29,2139155
6830,2021-08-30,2139155
6831,2021-08-31,2139155
6832,2021-09-01,2142848
6833,2021-09-02,2142848
6834,2021-09-03,2142848
6835,2021-09-04,2142848
6836,2021-09-05,2142848
6837,2021-09-06,2142848
6838,2021-09-07,2142848
6839,2021-09-08,2148965
6840,2021-09-09,2148965
6841,2021-09-10,2148965
6842,2021-09-11,2148965
6843,2021-09-12,2148965
6844,2021-09-13,2148965
6845,2021-09-14,2148965
6846,2021-09-15,2147543
6847,2021-09-16,2147543
6848,2021-09-17,2147543
6849,2021-09-18,2147543
6850,2021-09-19,2147543
6851,2021-09-20,2147543
6852,2021-09-21,2147543
6853,2021-09-22,2146776
6854,2021-09-23,2146776
6855,2021-09-24,2146776
6856,2021-09-25,2146776
6857,2021-09-26,2146776
6858,2021-09-27,2146776
6859,2021-09-28,2146776
6860,2021-09-29,2147797
6861,2021-09-30,2147797
6862,2021-10-01,2147797
6863,2021-10-02,2147797
6864,2021-10-03,2147797
6865,2021-10-04,2147797
6866,2021-10-05,2147797
6867,2021-10-06,2151498
6868,2021-10-07,2151498
6869,2021-10-08,2151498
6870,2021-10-09,2151498
6871,2021-10-10,2151498
6872,2021-10-11,2151498
6873,2021-10-12,2151498
6874,2021-10-13,2155233
6875,2021-10-14,2155233
6876,2021-10-15,2155233
6877,2021-10-16,2155233
6878,2021-10-17,2155233
6879,2021-10-18,2155233
6880,2021-10-19,2155233
6881,2021-10-20,2154780
6882,2021-10-21,2154780
6883,2021-10-22,2154780
6884,2021-10-23,2154780
6885,2021-10-24,2154780
6886,2021-10-25,2154780
6887,2021-10-26,2154780
6888,2021-10-27,2155915
6889,2021-10-28,2155915
6890,2021-10-29,2155915
6891,2021-10-30,2155915
6892,2021-10-31,2155915
6893,2021-11-01,2155915
6894,2021-11-02,2155915
6895,2021-11-03,2158089
6896,2021-11-04,2158089
6897,2021-11-05,2158089
6898,2021-11-06,2158089
6899,2021-11-07,2158089
6900,2021-11-08,2158089
6901,2021-11-09,2158089
6902,2021-11-10,2164281
6903,2021-11-11,2164281
6904,2021-11-12,2164281
6905,2021-11-13,2164281
6906,2021-11-14,2164281
6907,2021-11-15,2164281
6908,2021-11-16,2164281
6909,2021-11-17,2165755
6910,2021-11-18,2165755
6911,2021-11-19,2165755
6912,2021-11-20,2165755
6913,2021-11-21,2165755
6914,2021-11-22,2165755
6915,2021-11-23,2165755
6916,2021-11-24,2169906
6917,2021-11-25,2169906
6918,2021-11-26,2169906
6919,2021-11-27,2169906
6920,2021-11-28,2169906
6921,2021-11-29,2169906
6922,2021-11-30,2169906
6923,2021-12-01,2172147
6924,2021-12-02,2172147
6925,2021-12-03,2172147
6926,2021-12-04,2172147
6927,2021-12-05,2172147
6928,2021-12-06,2172147
6929,2021-12-07,2172147
6930,2021-12-08,2170728
6931,2021-12-09,2170728
6932,2021-12-10,2170728
6933,2021-12-11,2170728
6934,2021-12-12,2170728
6935,2021-12-13,2170728
6936,2021-12-14,2170728
6937,2021-12-15,2171739
6938,2021-12-16,2171739
6939,2021-12-17,2171739
6940,2021-12-18,2171739
6941,2021-12-19,2171739
6942,2021-12-20,2171739
6943,2021-12-21,2171739
6944,2021-12-22,2181183
6945,2021-12-23,2181183
6946,2021-12-24,2181183
6947,2021-12-25,2181183
6948,2021-12-26,2181183
6949,2021-12-27,2181183
6950,2021-12-28,2181183
6951,2021-12-29,2186877
6952,2021-12-30,2186877
6953,2021-12-31,2186877
6954,2022-01-01,2186877
6955,2022-01-02,2186877
6956,2022-01-03,2186877
6957,2022-01-04,2186877
6958,2022-01-05,2187539
6959,2022-01-06,2187539
6960,2022-01-07,2187539
6961,2022-01-08,2187539
6962,2022-01-09,2187539
6963,2022-01-10,2187539
6964,2022-01-11,2187539
6965,2022-01-12,2183300
6966,2022-01-13,2183300
6967,2022-01-14,2183300
6968,2022-01-15,2183300
6969,2022-01-16,2183300
6970,2022-01-17,2183300
6971,2022-01-18,2183300
6972,2022-01-19,2183281
6973,2022-01-20,2183281
6974,2022-01-21,2183281
6975,2022-01-22,2183281
6976,2022-01-23,2183281
6977,2022-01-24,2183281
6978,2022-01-25,2183281
6979,2022-01-26,2180271
6980,2022-01-27,2180271
6981,2022-01-28,2180271
6982,2022-01-29,2180271
6983,2022-01-30,2180271
6984,2022-01-31,2180271
6985,2022-02-01,2180271
6986,2022-02-02,2180362
6987,2022-02-03,2180362
6988,2022-02-04,2180362
6989,2022-02-05,2180362
6990,2022-02-06,2180362
6991,2022-02-07,2180362
6992,2022-02-08,2180362
6993,2022-02-09,2181755
6994,2022-02-10,2181755
6995,2022-02-11,2181755
6996,2022-02-12,2181755
6997,2022-02-13,2181755
6998,2022-02-14,2181755
6999,2022-02-15,2181755
7000,2022-02-16,2184708
7001,2022-02-17,2184708
7002,2022-02-18,2184708
7003,2022-02-19,2184708
7004,2022-02-20,2184708
7005,2022-02-21,2184708
7006,2022-02-22,2184708
7007,2022-02-23,2190870
7008,2022-02-24,2190870
7009,2022-02-25,2190870
7010,2022-02-26,2190870
7011,2022-02-27,2190870
7012,2022-02-28,2190870
7013,2022-03-01,2190870
7014,2022-03-02,2198936
7015,2022-03-03,2198936
7016,2022-03-04,2198936
7017,2022-03-05,2198936
7018,2022-03-06,2198936
7019,2022-03-07,2198936
7020,2022-03-08,2198936
7021,2022-03-09,2209407
7022,2022-03-10,2209407
7023,2022-03-11,2209407
7024,2022-03-12,2209407
7025,2022-03-13,2209407
7026,2022-03-14,2209407
7027,2022-03-15,2209407
7028,2022-03-16,2214221
7029,2022-03-17,2214221
7030,2022-03-18,2214221
7031,2022-03-19,2214221
7032,2022-03-20,2214221
7033,2022-03-21,2214221
7034,2022-03-22,2214221
7035,2022-03-23,2216134
7036,2022-03-24,2216134
7037,2022-03-25,2216134
7038,2022-03-26,2216134
7039,2022-03-27,2216134
7040,2022-03-28,2216134
7041,2022-03-29,2216134
7042,2022-03-30,2218660
7043,2022-03-31,2218660
7044,2022-04-01,2218660
7045,2022-04-02,2218660
7046,2022-04-03,2218660
7047,2022-04-04,2218660
7048,2022-04-05,2218660
7049,2022-04-06,2221338
7050,2022-04-07,2221338
7051,2022-04-08,2221338
7052,2022-04-09,2221338
7053,2022-04-10,2221338
7054,2022-04-11,2221338
7055,2022-04-12,2221338
7056,2022-04-13,2221637
7057,2022-04-14,2221637
7058,2022-04-15,2221637
7059,2022-04-16,2221637
7060,2022-04-17,2221637
7061,2022-04-18,2221637
7062,2022-04-19,2221637
7063,2022-04-20,2220817
7064,2022-04-21,2220817
7065,2022-04-22,2220817
7066,2022-04-23,2220817
7067,2022-04-24,2220817
7068,2022-04-25,2220817
7069,2022-04-26,2220817
7070,2022-04-27,2220968
7071,2022-04-28,2220968
7072,2022-04-29,2220968
7073,2022-04-30,2220968
7074,2022-05-01,2220968
7075,2022-05-02,2220968
7076,2022-05-03,2220968
7077,2022-05-04,2222991
7078,2022-05-05,2222991
7079,2022-05-06,2222991
7080,2022-05-07,2222991
7081,2022-05-08,2222991
7082,2022-05-09,2222991
7083,2022-05-10,2222991
7084,2022-05-11,2224033
7085,2022-05-12,2224033
7086,2022-05-13,2224033
7087,2022-05-14,2224033
7088,2022-05-15,2224033
7089,2022-05-16,2224033
7090,2022-05-17,2224033
7091,2022-05-18,2223294
7092,2022-05-19,2223294
7093,2022-05-20,2223294
7094,2022-05-21,2223294
7095,2022-05-22,2223294
7096,2022-05-23,2223294
7097,2022-05-24,2223294
7098,2022-05-25,2226174
7099,2022-05-26,2226174
7100,2022-05-27,2226174
7101,2022-05-28,2226174
7102,2022-05-29,2226174
7103,2022-05-30,2226174
7104,2022-05-31,2226174
7105,2022-06-01,2230448
7106,2022-06-02,2230448
7107,2022-06-03,2230448
7108,2022-06-04,2230448
7109,2022-06-05,2230448
7110,2022-06-06,2230448
7111,2022-06-07,2230448
7112,2022-06-08,2229086
7113,2022-06-09,2229086
7114,2022-06-10,2229086
7115,2022-06-11,2229086
7116,2022-06-12,2229086
7117,2022-06-13,2229086
7118,2022-06-14,2229086
7119,2022-06-15,2227101
7120,2022-06-16,2227101
7121,2022-06-17,2227101
7122,2022-06-18,2227101
7123,2022-06-19,2227101
7124,2022-06-20,2227101
7125,2022-06-21,2227101
7126,2022-06-22,2228812
7127,2022-06-23,2228812
7128,2022-06-24,2228812
7129,2022-06-25,2228812
7130,2022-06-26,2228812
7131,2022-06-27,2228812
7132,2022-06-28,2228812
7133,2022-06-29,2231322
7134,2022-06-30,2231322
7135,2022-07-01,2231322
7136,2022-07-02,2231322
7137,2022-07-03,2231322
7138,2022-07-04,2231322
7139,2022-07-05,2231322
7140,2022-07-06,2235081
7141,2022-07-07,2235081
7142,2022-07-08,2235081
7143,2022-07-09,2235081
7144,2022-07-10,2235081
7145,2022-07-11,2235081
7146,2022-07-12,2235081
7147,2022-07-13,2229980
7148,2022-07-14,2229980
7149,2022-07-15,2229980
7150,2022-07-16,2229980
7151,2022-07-17,2229980
7152,2022-07-18,2229980
7153,2022-07-19,2229980
7154,2022-07-20,2226065
7155,2022-07-21,2226065
7156,2022-07-22,2226065
7157,2022-07-23,2226065
7158,2022-07-24,2226065
7159,2022-07-25,2226065
7160,2022-07-26,2226065
7161,2022-07-27,2224973
7162,2022-07-28,2224973
7163,2022-07-29,2224973
7164,2022-07-30,2224973
7165,2022-07-31,2224973
7166,2022-08-01,2224973
7167,2022-08-02,2224973
7168,2022-08-03,2225950
7169,2022-08-04,2225950
7170,2022-08-05,2225950
7171,2022-08-06,2225950
7172,2022-08-07,2225950
7173,2022-08-08,2225950
7174,2022-08-09,2225950
7175,2022-08-10,2226628
7176,2022-08-11,2226628
7177,2022-08-12,2226628
7178,2022-08-13,2226628
7179,2022-08-14,2226628
7180,2022-08-15,2226628
7181,2022-08-16,2226628
7182,2022-08-17,2226527
7183,2022-08-18,2226527
7184,2022-08-19,2226527
7185,2022-08-20,2226527
7186,2022-08-21,2226527
7187,2022-08-22,2226527
7188,2022-08-23,2226527
7189,2022-08-24,2226320
7190,2022-08-25,2226320
7191,2022-08-26,2226320
7192,2022-08-27,2226320
7193,2022-08-28,2226320
7194,2022-08-29,2226320
7195,2022-08-30,2226320
7196,2022-08-31,2228832
7197,2022-09-01,2228832
7198,2022-09-02,2228832
7199,2022-09-03,2228832
7200,2022-09-04,2228832
7201,2022-09-05,2228832
7202,2022-09-06,2228832
7203,2022-09-07,2234344
7204,2022-09-08,2234344
7205,2022-09-09,2234344
7206,2022-09-10,2234344
7207,2022-09-11,2234344
7208,2022-09-12,2234344
7209,2022-09-13,2234344
7210,2022-09-14,2230831
7211,2022-09-15,2230831
7212,2022-09-16,2230831
7213,2022-09-17,2230831
7214,2022-09-18,2230831
7215,2022-09-19,2230831
7216,2022-09-20,2230831
7217,2022-09-21,2227492
7218,2022-09-22,2227492
7219,2022-09-23,2227492
7220,2022-09-24,2227492
7221,2022-09-25,2227492
7222,2022-09-26,2227492
7223,2022-09-27,2227492
7224,2022-09-28,2228649
7225,2022-09-29,2228649
7226,2022-09-30,2228649
7227,2022-10-01,2228649
7228,2022-10-02,2228649
7229,2022-10-03,2228649
7230,2022-10-04,2228649
7231,2022-10-05,2233344
7232,2022-10-06,2233344
7233,2022-10-07,2233344
7234,2022-10-08,2233344
7235,2022-10-09,2233344
7236,2022-10-10,2233344
7237,2022-10-11,2233344
7238,2022-10-12,2237778
7239,2022-10-13,2237778
7240,2022-10-14,2237778
7241,2022-10-15,2237778
7242,2022-10-16,2237778
7243,2022-10-17,2237778
7244,2022-10-18,2237778
7245,2022-10-19,2234202
7246,2022-10-20,2234202
7247,2022-10-21,2234202
7248,2022-10-22,2234202
7249,2022-10-23,2234202
7250,2022-10-24,2234202
7251,2022-10-25,2234202
7252,2022-10-26,2234457
7253,2022-10-27,2234457
7254,2022-10-28,2234457
7255,2022-10-29,2234457
7256,2022-10-30,2234457
7257,2022-10-31,2234457
7258,2022-11-01,2234457
7259,2022-11-02,2236573
7260,2022-11-03,2236573
7261,2022-11-04,2236573
7262,2022-11-05,2236573
7263,2022-11-06,2236573
7264,2022-11-07,2236573
7265,2022-11-08,2236573
7266,2022-11-09,2242141
7267,2022-11-10,2242141
7268,2022-11-11,2242141
7269,2022-11-12,2242141
7270,2022-11-13,2242141
7271,2022-11-14,2242141
7272,2022-11-15,2242141
7273,2022-11-16,2243291
7274,2022-11-17,2243291
7275,2022-11-18,2243291
7276,2022-11-19,2243291
7277,2022-11-20,2243291
7278,2022-11-21,2243291
7279,2022-11-22,2243291
7280,2022-11-23,2246419
7281,2022-11-24,2246419
7282,2022-11-25,2246419
7283,2022-11-26,2246419
7284,2022-11-27,2246419
7285,2022-11-28,2246419
7286,2022-11-29,2246419
7287,2022-11-30,2247656
7288,2022-12-01,2247656
7289,2022-12-02,2247656
7290,2022-12-03,2247656
7291,2022-12-04,2247656
7292,2022-12-05,2247656
7293,2022-12-06,2247656
7294,2022-12-07,2245879
7295,2022-12-08,2245879
7296,2022-12-09,2245879
7297,2022-12-10,2245879
7298,2022-12-11,2245879
7299,2022-12-12,2245879
7300,2022-12-13,2245879
7301,2022-12-14,2244517
7302,2022-12-15,2244517
7303,2022-12-16,2244517
7304,2022-12-17,2244517
7305,2022-12-18,2244517
7306,2022-12-19,2244517
7307,2022-12-20,2244517
7308,2022-12-21,2249145
7309,2022-12-22,2249145
7310,2022-12-23,2249145
7311,2022-12-24,2249145
7312,2022-12-25,2249145
7313,2022-12-26,2249145
7314,2022-12-27,2249145
7315,2022-12-28,2257171
7316,2022-12-29,2257171
7317,2022-12-30,2257171
7318,2022-12-31,2257171
7319,2023-01-01,2257171
7320,2023-01-02,2257171
7321,2023-01-03,2257171
7322,2023-01-04,2257632
7323,2023-01-05,2257632
7324,2023-01-06,2257632
7325,2023-01-07,2257632
7326,2023-01-08,2257632
7327,2023-01-09,2257632
7328,2023-01-10,2257632
7329,2023-01-11,2248874
7330,2023-01-12,2248874
7331,2023-01-13,2248874
7332,2023-01-14,2248874
7333,2023-01-15,2248874
7334,2023-01-16,2248874
7335,2023-01-17,2248874
7336,2023-01-18,2244869
7337,2023-01-19,2244869
7338,2023-01-20,2244869
7339,2023-01-21,2244869
7340,2023-01-22,2244869
7341,2023-01-23,2244869
7342,2023-01-24,2244869
7343,2023-01-25,2241074
7344,2023-01-26,2241074
7345,2023-01-27,2241074
7346,2023-01-28,2241074
7347,2023-01-29,2241074
7348,2023-01-30,2241074
7349,2023-01-31,2241074
7350,2023-02-01,2246607
7351,2023-02-02,2246607
7352,2023-02-03,2246607
7353,2023-02-04,2246607
7354,2023-02-05,2246607
7355,2023-02-06,2246607
7356,2023-02-07,2246607
7357,2023-02-08,2248309
7358,2023-02-09,2248309
7359,2023-02-10,2248309
7360,2023-02-11,2248309
7361,2023-02-12,2248309
7362,2023-02-13,2248309
7363,2023-02-14,2248309
7364,2023-02-15,2248727
7365,2023-02-16,2248727
7366,2023-02-17,2248727
7367,2023-02-18,2248727
7368,2023-02-19,2248727
7369,2023-02-20,2248727
7370,2023-02-21,2248727
7371,2023-02-22,2251897
7372,2023-02-23,2251897
7373,2023-02-24,2251897
7374,2023-02-25,2251897
7375,2023-02-26,2251897
7376,2023-02-27,2251897
7377,2023-02-28,2251897
7378,2023-03-01,2254181
7379,2023-03-02,2254181
7380,2023-03-03,2254181
7381,2023-03-04,2254181
7382,2023-03-05,2254181
7383,2023-03-06,2254181
7384,2023-03-07,2254181
7385,2023-03-08,2257801
7386,2023-03-09,2257801
7387,2023-03-10,2257801
7388,2023-03-11,2257801
7389,2023-03-12,2257801
7390,2023-03-13,2257801
7391,2023-03-14,2257801
7392,2023-03-15,2260367
7393,2023-03-16,2260367
7394,2023-03-17,2260367
7395,2023-03-18,2260367
7396,2023-03-19,2260367
7397,2023-03-20,2260367
7398,2023-03-21,2260367
7399,2023-03-22,2268721
7400,2023-03-23,2268721
7401,2023-03-24,2268721
7402,2023-03-25,2268721
7403,2023-03-26,2268721
7404,2023-03-27,2268721
7405,2023-03-28,2268721
7406,2023-03-29,2273392
7407,2023-03-30,2273392
7408,2023-03-31,2273392
7409,2023-04-01,2273392
7410,2023-04-02,2273392
7411,2023-04-03,2273392
7412,2023-04-04,2273392
7413,2023-04-05,2274160
7414,2023-04-06,2274160
7415,2023-04-07,2274160
7416,2023-04-08,2274160
7417,2023-04-09,2274160
7418,2023-04-10,2274160
7419,2023-04-11,2274160
7420,2023-04-12,2274081
7421,2023-04-13,2274081
7422,2023-04-14,2274081
7423,2023-04-15,2274081
7424,2023-04-16,2274081
7425,2023-04-17,2274081
7426,2023-04-18,2274081
7427,2023-04-19,2272847
7428,2023-04-20,2272847
7429,2023-04-21,2272847
7430,2023-04-22,2272847
7431,2023-04-23,2272847
7432,2023-04-24,2272847
7433,2023-04-25,2272847
7434,2023-04-26,2273532
7435,2023-04-27,2273532
7436,2023-04-28,2273532
7437,2023-04-29,2273532
7438,2023-04-30,2273532
7439,2023-05-01,2273532
7440,2023-05-02,2273532
7441,2023-05-03,2278366
7442,2023-05-04,2278366
7443,2023-05-05,2278366
7444,2023-05-06,2278366
7445,2023-05-07,2278366
7446,2023-05-08,2278366
7447,2023-05-09,2278366
7448,2023-05-10,2282686
7449,2023-05-11,2282686
7450,2023-05-12,2282686
7451,2023-05-13,2282686
7452,2023-05-14,2282686
7453,2023-05-15,2282686
7454,2023-05-16,2282686
7455,2023-05-17,2283328
7456,2023-05-18,2283328
7457,2023-05-19,2283328
7458,2023-05-20,2283328
7459,2023-05-21,2283328
7460,2023-05-22,2283328
7461,2023-05-23,2283328
7462,2023-05-24,2287233
7463,2023-05-25,2287233
7464,2023-05-26,2287233
7465,2023-05-27,2287233
7466,2023-05-28,2287233
7467,2023-05-29,2287233
7468,2023-05-30,2287233
7469,2023-05-31,2293934
7470,2023-06-01,2293934
7471,2023-06-02,2293934
7472,2023-06-03,2293934
7473,2023-06-04,2293934
7474,2023-06-05,2293934
7475,2023-06-06,2293934
7476,2023-06-07,2293468
7477,2023-06-08,2293468
7478,2023-06-09,2293468
7479,2023-06-10,2293468
7480,2023-06-11,2293468
7481,2023-06-12,2293468
7482,2023-06-13,2293468
7483,2023-06-14,2292235
7484,2023-06-15,2292235
7485,2023-06-16,2292235
7486,2023-06-17,2292235
7487,2023-06-18,2292235
7488,2023-06-19,2292235
7489,2023-06-20,2292235
7490,2023-06-21,2292443
7491,2023-06-22,2292443
7492,2023-06-23,2292443
7493,2023-06-24,2292443
7494,2023-06-25,2292443
7495,2023-06-26,2292443
7496,2023-06-27,2292443
7497,2023-06-28,2293316
7498,2023-06-29,2293316
7499,2023-06-30,2293316
7500,2023-07-01,2293316
7501,2023-07-02,2293316
7502,2023-07-03,2293316
7503,2023-07-04,2293316
7504,2023-07-05,2296997
7505,2023-07-06,2296997
7506,2023-07-07,2296997
7507,2023-07-08,2296997
7508,2023-07-09,2296997
7509,2023-07-10,2296997
7510,2023-07-11,2296997
7511,2023-07-12,2291655
7512,2023-07-13,2291655
7513,2023-07-14,2291655
7514,2023-07-15,2291655
7515,2023-07-16,2291655
7516,2023-07-17,2291655
7517,2023-07-18,2291655
7518,2023-07-19,2285227
7519,2023-07-20,2285227
7520,2023-07-21,2285227
7521,2023-07-22,2285227
7522,2023-07-23,2285227
7523,2023-07-24,2285227
7524,2023-07-25,2285227
7525,2023-07-26,2282829
7526,2023-07-27,2282829
7527,2023-07-28,2282829
7528,2023-07-29,2282829
7529,2023-07-30,2282829
7530,2023-07-31,2282829
7531,2023-08-01,2282829
7532,2023-08-02,2283068
7533,2023-08-03,2283068
7534,2023-08-04,2283068
7535,2023-08-05,2283068
7536,2023-08-06,2283068
7537,2023-08-07,2283068
7538,2023-08-08,2283068
7539,2023-08-09,2282620
7540,2023-08-10,2282620
7541,2023-08-11,2282620
7542,2023-08-12,2282620
7543,2023-08-13,2282620
7544,2023-08-14,2282620
7545,2023-08-15,2282620
7546,2023-08-16,2279767
7547,2023-08-17,2279767
7548,2023-08-18,2279767
7549,2023-08-19,2279767
7550,2023-08-20,2279767
7551,2023-08-21,2279767
7552,2023-08-22,2279767
7553,2023-08-23,2277521
7554,2023-08-24,2277521
7555,2023-08-25,2277521
7556,2023-08-26,2277521
7557,2023-08-27,2277521
7558,2023-08-28,2277521
7559,2023-08-29,2277521
7560,2023-08-30,2280881
7561,2023-08-31,2280881
7562,2023-09-01,2280881
7563,2023-09-02,2280881
7564,2023-09-03,2280881
7565,2023-09-04,2280881
7566,2023-09-05,2280881
7567,2023-09-06,2284423
7568,2023-09-07,2284423
7569,2023-09-08,2284423
7570,2023-09-09,2284423
7571,2023-09-10,2284423
7572,2023-09-11,2284423
7573,2023-09-12,2284423
7574,2023-09-13,2279202
7575,2023-09-14,2279202
7576,2023-09-15,2279202
7577,2023-09-16,2279202
7578,2023-09-17,2279202
7579,2023-09-18,2279202
7580,2023-09-19,2279202
7581,2023-09-20,2274574
7582,2023-09-21,2274574
7583,2023-09-22,2274574
7584,2023-09-23,2274574
7585,2023-09-24,2274574
7586,2023-09-25,2274574
7587,2023-09-26,2274574
7588,2023-09-27,2273406
7589,2023-09-28,2273406
7590,2023-09-29,2273406
7591,2023-09-30,2273406
7592,2023-10-01,2273406
7593,2023-10-02,2273406
7594,2023-10-03,2273406
7595,2023-10-04,2275803
7596,2023-10-05,2275803
7597,2023-10-06,2275803
7598,2023-10-07,2275803
7599,2023-10-08,2275803
7600,2023-10-09,2275803
7601,2023-10-10,2275803
7602,2023-10-11,2277385
7603,2023-10-12,2277385
7604,2023-10-13,2277385
7605,2023-10-14,2277385
7606,2023-10-15,2277385
7607,2023-10-16,2277385
7608,2023-10-17,2277385
7609,2023-10-18,2273823
7610,2023-10-19,2273823
7611,2023-10-20,2273823
7612,2023-10-21,2273823
7613,2023-10-22,2273823
7614,2023-10-23,2273823
7615,2023-10-24,2273823
7616,2023-10-25,2272374
7617,2023-10-26,2272374
7618,2023-10-27,2272374
7619,2023-10-28,2272374
7620,2023-10-29,2272374
7621,2023-10-30,2272374
7622,2023-10-31,2272374
7623,2023-11-01,2274633
7624,2023-11-02,2274633
7625,2023-11-03,2274633
7626,2023-11-04,2274633
7627,2023-11-05,2274633
7628,2023-11-06,2274633
7629,2023-11-07,2274633
7630,2023-11-08,2275611
7631,2023-11-09,2275611
7632,2023-11-10,2275611
7633,2023-11-11,2275611
7634,2023-11-12,2275611
7635,2023-11-13,2275611
7636,2023-11-14,2275611
7637,2023-11-15,2276410
7638,2023-11-16,2276410
7639,2023-11-17,2276410
7640,2023-11-18,2276410
7641,2023-11-19,2276410
7642,2023-11-20,2276410
7643,2023-11-21,2276410
7644,2023-11-22,2280648
7645,2023-11-23,2280648
7646,2023-11-24,2280648
7647,2023-11-25,2280648
7648,2023-11-26,2280648
7649,2023-11-27,2280648
7650,2023-11-28,2280648
7651,2023-11-29,2281874
7652,2023-11-30,2281874
7653,2023-12-01,2281874
7654,2023-12-02,2281874
7655,2023-12-03,2281874
7656,2023-12-04,2281874
7657,2023-12-05,2281874
7658,2023-12-06,2281307
7659,2023-12-07,2281307
7660,2023-12-08,2281307
7661,2023-12-09,2281307
7662,2023-12-10,2281307
7663,2023-12-11,2281307
7664,2023-12-12,2281307
7665,2023-12-13,2280688
7666,2023-12-14,2280688
7667,2023-12-15,2280688
7668,2023-12-16,2280688
7669,2023-12-17,2280688
7670,2023-12-18,2280688
7671,2023-12-19,2280688
7672,2023-12-20,2285162
7673,2023-12-21,2285162
7674,2023-12-22,2285162
7675,2023-12-23,2285162
7676,2023-12-24,2285162
7677,2023-12-25,2285162
7678,2023-12-26,2285162
7679,2023-12-27,2293821
7680,2023-12-28,2293821
7681,2023-12-29,2293821
7682,2023-12-30,2293821
7683,2023-12-31,2293821
7684,2024-01-01,2293821
7685,2024-01-02,2293821
7686,2024-01-03,2297432
7687,2024-01-04,2297432
7688,2024-01-05,2297432
7689,2024-01-06,2297432
7690,2024-01-07,2297432
7691,2024-01-08,2297432
7692,2024-01-09,2297432
7693,2024-01-10,2289710
7694,2024-01-11,2289710
7695,2024-01-12,2289710
7696,2024-01-13,2289710
7697,2024-01-14,2289710
7698,2024-01-15,2289710
7699,2024-01-16,2289710
7700,2024-01-17,2285191
7701,2024-01-18,2285191
7702,2024-01-19,2285191
7703,2024-01-20,2285191
7704,2024-01-21,2285191
7705,2024-01-22,2285191
7706,2024-01-23,2285191
7707,2024-01-24,2278707
7708,2024-01-25,2278707
7709,2024-01-26,2278707
7710,2024-01-27,2278707
7711,2024-01-28,2278707
7712,2024-01-29,2278707
7713,2024-01-30,2278707
7714,2024-01-31,2276187
7715,2024-02-01,2276187
7716,2024-02-02,2276187
7717,2024-02-03,2276187
7718,2024-02-04,2276187
7719,2024-02-05,2276187
7720,2024-02-06,2276187
7721,2024-02-07,2276628
7722,2024-02-08,2276628
7723,2024-02-09,2276628
7724,2024-02-10,2276628
7725,2024-02-11,2276628
7726,2024-02-12,2276628
7727,2024-02-13,2276628
7728,2024-02-14,2277417
7729,2024-02-15,2277417
7730,2024-02-16,2277417
7731,2024-02-17,2277417
7732,2024-02-18,2277417
7733,2024-02-19,2277417
7734,2024-02-20,2277417
7735,2024-02-21,2280054
7736,2024-02-22,2280054
7737,2024-02-23,2280054
7738,2024-02-24,2280054
7739,2024-02-25,2280054
7740,2024-02-26,2280054
7741,2024-02-27,2280054
7742,2024-02-28,2282361
7743,2024-02-29,2282361
7744,2024-03-01,2282361
7745,2024-03-02,2282361
7746,2024-03-03,2282361
7747,2024-03-04,2282361
7748,2024-03-05,2282361
7749,2024-03-06,2288283
7750,2024-03-07,2288283
7751,2024-03-08,2288283
7752,2024-03-09,2288283
7753,2024-03-10,2288283
7754,2024-03-11,2288283
7755,2024-03-12,2288283
7756,2024-03-13,2290745
7757,2024-03-14,2290745
7758,2024-03-15,2290745
7759,2024-03-16,2290745
7760,2024-03-17,2290745
7761,2024-03-18,2290745
7762,2024-03-19,2290745
7763,2024-03-20,2291524
7764,2024-03-21,2291524
7765,2024-03-22,2291524
7766,2024-03-23,2291524
7767,2024-03-24,2291524
7768,2024-03-25,2291524
7769,2024-03-26,2291524
7770,2024-03-27,2293232
7771,2024-03-28,2293232
7772,2024-03-29,2293232
7773,2024-03-30,2293232
7774,2024-03-31,2293232
7775,2024-04-01,2293232
7776,2024-04-02,2293232
7777,2024-04-03,2296334
7778,2024-04-04,2296334
7779,2024-04-05,2296334
7780,2024-04-06,2296334
7781,2024-04-07,2296334
7782,2024-04-08,2296334
7783,2024-04-09,2296334
7784,2024-04-10,2296895
7785,2024-04-11,2296895
7786,2024-04-12,2296895
7787,2024-04-13,2296895
7788,2024-04-14,2296895
7789,2024-04-15,2296895
7790,2024-04-16,2296895
7791,2024-04-17,2295848
7792,2024-04-18,2295848
7793,2024-04-19,2295848
7794,2024-04-20,2295848
7795,2024-04-21,2295848
7796,2024-04-22,2295848
7797,2024-04-23,2295848
7798,2024-04-24,2293908
7799,2024-04-25,2293908
7800,2024-04-26,2293908
7801,2024-04-27,2293908
7802,2024-04-28,2293908
7803,2024-04-29,2293908
7804,2024-04-30,2293908
7805,2024-05-01,2295917
7806,2024-05-02,2295917
7807,2024-05-03,2295917
7808,2024-05-04,2295917
7809,2024-05-05,2295917
7810,2024-05-06,2295917
7811,2024-05-07,2295917
7812,2024-05-08,2298052
7813,2024-05-09,2298052
7814,2024-05-10,2298052
7815,2024-05-11,2298052
7816,2024-05-12,2298052
7817,2024-05-13,2298052
7818,2024-05-14,2298052
7819,2024-05-15,2297435
7820,2024-05-16,2297435
7821,2024-05-17,2297435
7822,2024-05-18,2297435
7823,2024-05-19,2297435
7824,2024-05-20,2297435
7825,2024-05-21,2297435
7826,2024-05-22,2298791
7827,2024-05-23,2298791
7828,2024-05-24,2298791
7829,2024-05-25,2298791
7830,2024-05-26,2298791
7831,2024-05-27,2298791
7832,2024-05-28,2298791
7833,2024-05-29,2302990
7834,2024-05-30,2302990
7835,2024-05-31,2302990
7836,2024-06-01,2302990
7837,2024-06-02,2302990
7838,2024-06-03,2302990
7839,2024-06-04,2302990
7840,2024-06-05,2302112
7841,2024-06-06,2302112
7842,2024-06-07,2302112
7843,2024-06-08,2302112
7844,2024-06-09,2302112
7845,2024-06-10,2302112
7846,2024-06-11,2302112
7847,2024-06-12,2299543
7848,2024-06-13,2299543
7849,2024-06-14,2299543
7850,2024-06-15,2299543
7851,2024-06-16,2299543
7852,2024-06-17,2299543
7853,2024-06-18,2299543
7854,2024-06-19,2300815
7855,2024-06-20,2300815
7856,2024-06-21,2300815
7857,2024-06-22,2300815
7858,2024-06-23,2300815
7859,2024-06-24,2300815
7860,2024-06-25,2300815
7861,2024-06-26,2301532
7862,2024-06-27,2301532
7863,2024-06-28,2301532
7864,2024-06-29,2301532
7865,2024-06-30,2301532
7866,2024-07-01,2301532
7867,2024-07-02,2301532
7868,2024-07-03,2307137
7869,2024-07-04,2307137
7870,2024-07-05,2307137
7871,2024-07-06,2307137
7872,2024-07-07,2307137
7873,2024-07-08,2307137
7874,2024-07-09,2307137
7875,2024-07-10,2304883
7876,2024-07-11,2304883
7877,2024-07-12,2304883
7878,2024-07-13,2304883
7879,2024-07-14,2304883
7880,2024-07-15,2304883
7881,2024-07-16,2304883
7882,2024-07-17,2299224
7883,2024-07-18,2299224
7884,2024-07-19,2299224
7885,2024-07-20,2299224
7886,2024-07-21,2299224
7887,2024-07-22,2299224
7888,2024-07-23,2299224
7889,2024-07-24,2296481
7890,2024-07-25,2296481
7891,2024-07-26,2296481
7892,2024-07-27,2296481
7893,2024-07-28,2296481
7894,2024-07-29,2296481
7895,2024-07-30,2296481
7896,2024-07-31,2297461
7897,2024-08-01,2297461
7898,2024-08-02,2297461
7899,2024-08-03,2297461
7900,2024-08-04,2297461
7901,2024-08-05,2297461
7902,2024-08-06,2297461
7903,2024-08-07,2299002
7904,2024-08-08,2299002
7905,2024-08-09,2299002
7906,2024-08-10,2299002
7907,2024-08-11,2299002
7908,2024-08-12,2299002
7909,2024-08-13,2299002
7910,2024-08-14,2297744
7911,2024-08-15,2297744
7912,2024-08-16,2297744
7913,2024-08-17,2297744
7914,2024-08-18,2297744
7915,2024-08-19,2297744
7916,2024-08-20,2297744
7917,2024-08-21,2295991
7918,2024-08-22,2295991
7919,2024-08-23,2295991
7920,2024-08-24,2295991
7921,2024-08-25,2295991
7922,2024-08-26,2295991
7923,2024-08-27,2295991
7924,2024-08-28,2299406
7925,2024-08-29,2299406
7926,2024-08-30,2299406
7927,2024-08-31,2299406
7928,2024-09-01,2299406
7929,2024-09-02,2299406
7930,2024-09-03,2299406
7931,2024-09-04,2304887
7932,2024-09-05,2304887
7933,2024-09-06,2304887
7934,2024-09-07,2304887
7935,2024-09-08,2304887
7936,2024-09-09,2304887
7937,2024-09-10,2304887
7938,2024-09-11,2301951
7939,2024-09-12,2301951
7940,2024-09-13,2301951
7941,2024-09-14,2301951
7942,2024-09-15,2301951
7943,2024-09-16,2301951
7944,2024-09-17,2301951
7945,2024-09-18,2299365
7946,2024-09-19,2299365
7947,2024-09-20,2299365
7948,2024-09-21,2299365
7949,2024-09-22,2299365
7950,2024-09-23,2299365
7951,2024-09-24,2299365
7952,2024-09-25,2299356
7953,2024-09-26,2299356
7954,2024-09-27,2299356
7955,2024-09-28,2299356
7956,2024-09-29,2299356
7957,2024-09-30,2299356
7958,2024-10-01,2299356
7959,2024-10-02,2301681
7960,2024-10-03,2301681
7961,2024-10-04,2301681
7962,2024-10-05,2301681
7963,2024-10-06,2301681
7964,2024-10-07,2301681
7965,2024-10-08,2301681
7966,2024-10-09,2305270
7967,2024-10-10,2305270
7968,2024-10-11,2305270
7969,2024-10-12,2305270
7970,2024-10-13,2305270
7971,2024-10-14,2305270
7972,2024-10-15,2305270
7973,2024-10-16,2307508
7974,2024-10-17,2307508
7975,2024-10-18,2307508
7976,2024-10-19,2307508
7977,2024-10-20,2307508
7978,2024-10-21,2307508
7979,2024-10-22,2307508
7980,2024-10-23,2304198
7981,2024-10-24,2304198
7982,2024-10-25,2304198
7983,2024-10-26,2304198
7984,2024-10-27,2304198
7985,2024-10-28,2304198
7986,2024-10-29,2304198
7987,2024-10-30,2305197
7988,2024-10-31,2305197
7989,2024-11-01,2305197
7990,2024-11-02,2305197
7991,2024-11-03,2305197
7992,2024-11-04,2305197
7993,2024-11-05,2305197
7994,2024-11-06,2308478
7995,2024-11-07,2308478
7996,2024-11-08,2308478
7997,2024-11-09,2308478
7998,2024-11-10,2308478
7999,2024-11-11,2308478
8000,2024-11-12,2308478
8001,2024-11-13,2310155
8002,2024-11-14,2310155
8003,2024-11-15,2310155
8004,2024-11-16,2310155
8005,2024-11-17,2310155
8006,2024-11-18,2310155
8007,2024-11-19,2310155
8008,2024-11-20,2306983
8009,2024-11-21,2306983
8010,2024-11-22,2306983
8011,2024-11-23,2306983
8012,2024-11-24,2306983
8013,2024-11-25,2306983
8014,2024-11-26,2306983
8015,2024-11-27,2311629
8016,2024-11-28,2311629
8017,2024-11-29,2311629
8018,2024-11-30,2311629
8019,2024-12-01,2311629
8020,2024-12-02,2311629
8021,2024-12-03,2311629
8022,2024-12-04,2312315
8023,2024-12-05,2312315
8024,2024-12-06,2312315
8025,2024-12-07,2312315
8026,2024-12-08,2312315
8027,2024-12-09,2312315
8028,2024-12-10,2312315
8029,2024-12-11,2308148
8030,2024-12-12,2308148
8031,2024-12-13,2308148
8032,2024-12-14,2308148
8033,2024-12-15,2308148
8034,2024-12-16,2308148
8035,2024-12-17,2308148
8036,2024-12-18,2308745
8037,2024-12-19,2308745
8038,2024-12-20,2308745
8039,2024-12-21,2308745
8040,2024-12-22,2308745
8041,2024-12-23,2308745
8042,2024-12-24,2308745
8043,2024-12-25,2316262
8044,2024-12-26,2316262
8045,2024-12-27,2316262
8046,2024-12-28,2316262
8047,2024-12-29,2316262
8048,2024-12-30,2316262
8049,2024-12-31,2316262
8050,2025-01-01,2322532
8051,2025-01-02,2322532
8052,2025-01-03,2322532
8053,2025-01-04,2322532
8054,2025-01-05,2322532
8055,2025-01-06,2322532
8056,2025-01-07,2322532
8057,2025-01-08,2314861
8058,2025-01-09,2314861
8059,2025-01-10,2314861
8060,2025-01-11,2314861
8061,2025-01-12,2314861
8062,2025-01-13,2314861
8063,2025-01-14,2314861
8064,2025-01-15,2304737
8065,2025-01-16,2304737
8066,2025-01-17,2304737
8067,2025-01-18,2304737
8068,2025-01-19,2304737
8069,2025-01-20,2304737
8070,2025-01-21,2304737
8071,2025-01-22,2301166
8072,2025-01-23,2301166
8073,2025-01-24,2301166
8074,2025-01-25,2301166
8075,2025-01-26,2301166
8076,2025-01-27,2301166
8077,2025-01-28,2301166
8078,2025-01-29,2297842
8079,2025-01-30,2297842
8080,2025-01-31,2297842
8081,2025-02-01,2297842
8082,2025-02-02,2297842
8083,2025-02-03,2297842
8084,2025-02-04,2297842
8085,2025-02-05,2298695
8086,2025-02-06,2298695
8087,2025-02-07,2298695
8088,2025-02-08,2298695
8089,2025-02-09,2298695
8090,2025-02-10,2298695
8091,2025-02-11,2298695
8092,2025-02-12,2299284
8093,2025-02-13,2299284
8094,2025-02-14,2299284
8095,2025-02-15,2299284
8096,2025-02-16,2299284
8097,2025-02-17,2299284
8098,2025-02-18,2299284
8099,2025-02-19,2302768
8100,2025-02-20,2302768
8101,2025-02-21,2302768
8102,2025-02-22,2302768
8103,2025-02-23,2302768
8104,2025-02-24,2302768
8105,2025-02-25,2302768
8106,2025-02-26,2304762
8107,2025-02-27,2304762
8108,2025-02-28,2304762
8109,2025-03-01,2304762
8110,2025-03-02,2304762
8111,2025-03-03,2304762
8112,2025-03-04,2304762
8113,2025-03-05,2311823
8114,2025-03-06,2311823
8115,2025-03-07,2311823
8116,2025-03-08,2311823
8117,2025-03-09,2311823
8118,2025-03-10,2311823
8119,2025-03-11,2311823
8120,2025-03-12,2315176
8121,2025-03-13,2315176
8122,2025-03-14,2315176
8123,2025-03-15,2315176
8124,2025-03-16,2315176
8125,2025-03-17,2315176
8126,2025-03-18,2315176
8127,2025-03-19,2317402
8128,2025-03-20,2317402
8129,2025-03-21,2317402
8130,2025-03-22,2317402
8131,2025-03-23,2317402
8132,2025-03-24,2317402
8133,2025-03-25,2317402
8134,2025-03-26,2322082
8135,2025-03-27,2322082
8136,2025-03-28,2322082
8137,2025-03-29,2322082
8138,2025-03-30,2322082
8139,2025-03-31,2322082
8140,2025-04-01,2322082
8141,2025-04-02,2325666
8142,2025-04-03,2325666
8143,2025-04-04,2325666
8144,2025-04-05,2325666
8145,2025-04-06,2325666
8146,2025-04-07,2325666
8147,2025-04-08,2325666
8148,2025-04-09,2327269
8149,2025-04-10,2327269
8150,2025-04-11,2327269
8151,2025-04-12,2327269
8152,2025-04-13,2327269
8153,2025-04-14,2327269
8154,2025-04-15,2327269
8155,2025-04-16,2326942
8156,2025-04-17,2326942
8157,2025-04-18,2326942
8158,2025-04-19,2326942
8159,2025-04-20,2326942
8160,2025-04-21,2326942
8161,2025-04-22,2326942
8162,2025-04-23,2328764
8163,2025-04-24,2328764
8164,2025-04-25,2328764
8165,2025-04-26,2328764
8166,2025-04-27,2328764
8167,2025-04-28,2328764
8168,2025-04-29,2328764
8169,2025-04-30,2330829
8170,2025-05-01,2330829
8171,2025-05-02,2330829
8172,2025-05-03,2330829
8173,2025-05-04,2330829
8174,2025-05-05,2330829
8175,2025-05-06,2330829
8176,2025-05-07,2333726
8177,2025-05-08,2333726
8178,2025-05-09,2333726
8179,2025-05-10,2333726
8180,2025-05-11,2333726
8181,2025-05-12,2333726
8182,2025-05-13,2333726
8183,2025-05-14,2332755
8184,2025-05-15,2332755
8185,2025-05-16,2332755
8186,2025-05-17,2332755
8187,2025-05-18,2332755
8188,2025-05-19,2332755
8189,2025-05-20,2332755
8190,2025-05-21,2335402
8191,2025-05-22,2335402
8192,2025-05-23,2335402
8193,2025-05-24,2335402
8194,2025-05-25,2335402
8195,2025-05-26,2335402
8196,2025-05-27,2335402
8197,2025-05-28,2340276
8198,2025-05-29,2340276
8199,2025-05-30,2340276
8200,2025-05-31,2340276
8201,2025-06-01,2340276
8202,2025-06-02,2340276
8203,2025-06-03,2340276
8204,2025-06-04,2339796
8205,2025-06-05,2339796
8206,2025-06-06,2339796
8207,2025-06-07,2339796
8208,2025-06-08,2339796
8209,2025-06-09,2339796
8210,2025-06-10,2339796
8211,2025-06-11,2338587
8212,2025-06-12,2338587
8213,2025-06-13,2338587
8214,2025-06-14,2338587
8215,2025-06-15,2338587
8216,2025-06-16,2338587
8217,2025-06-17,2338587
8218,2025-06-18,2342751
8219,2025-06-19,2342751
8220,2025-06-20,2342751
8221,2025-06-21,2342751
8222,2025-06-22,2342751
8223,2025-06-23,2342751
8224,2025-06-24,2342751
8225,2025-06-25,2343909
8226,2025-06-26,2343909
8227,2025-06-27,2343909
8228,2025-06-28,2343909
8229,2025-06-29,2343909
8230,2025-06-30,2343909
8231,2025-07-01,2343909
8232,2025-07-02,2350103
8233,2025-07-03,2350103
8234,2025-07-04,2350103
8235,2025-07-05,2350103
8236,2025-07-06,2350103
8237,2025-07-07,2350103
8238,2025-07-08,2350103
8239,2025-07-09,2351996
8240,2025-07-10,2351996
8241,2025-07-11,2351996
8242,2025-07-12,2351996
8243,2025-07-13,2351996
8244,2025-07-14,2351996
8245,2025-07-15,2351996
8246,2025-07-16,2348509
8247,2025-07-17,2348509
8248,2025-07-18,2348509
8249,2025-07-19,2348509
8250,2025-07-20,2348509
8251,2025-07-21,2348509
8252,2025-07-22,2348509
8253,2025-07-23,2347770
8254,2025-07-24,2347770
8255,2025-07-25,2347770
8256,2025-07-26,2347770
8257,2025-07-27,2347770
8258,2025-07-28,2347770
8259,2025-07-29,2347770
8260,2025-07-30,2350651
8261,2025-07-31,2350651
8262,2025-08-01,2350651
8263,2025-08-02,2350651
8264,2025-08-03,2350651
8265,2025-08-04,2350651
8266,2025-08-05,2350651
8267,2025-08-06,2353549
8268,2025-08-07,2353549
8269,2025-08-08,2353549
8270,2025-08-09,2353549
8271,2025-08-10,2353549
8272,2025-08-11,2353549
8273,2025-08-12,2353549
8274,2025-08-13,2352354
8275,2025-08-14,2352354
8276,2025-08-15,2352354
8277,2025-08-16,2352354
8278,2025-08-17,2352354
8279,2025-08-18,2352354
8280,2025-08-19,2352354
8281,2025-08-20,2352807
8282,2025-08-21,2352807
8283,2025-08-22,2352807
8284,2025-08-23,2352807
8285,2025-08-24,2352807
8286,2025-08-25,2352807
8287,2025-08-26,2352807
8288,2025-08-27,2356378
8289,2025-08-28,2356378
8290,2025-08-29,2356378
8291,2025-08-30,2356378
8292,2025-08-31,2356378
8293,2025-09-01,2356378
8294,2025-09-02,2356378
8295,2025-09-03,2361655
8296,2025-09-04,2361655
8297,2025-09-05,2361655
8298,2025-09-06,2361655
8299,2025-09-07,2361655
8300,2025-09-08,2361655
8301,2025-09-09,2361655
8302,2025-09-10,2360114
8303,2025-09-11,2360114
8304,2025-09-12,2360114
8305,2025-09-13,2360114
8306,2025-09-14,2360114
8307,2025-09-15,2360114
8308,2025-09-16,2360114
8309,2025-09-17,2358448
8310,2025-09-18,2358448
8311,2025-09-19,2358448
8312,2025-09-20,2358448
8313,2025-09-21,2358448
8314,2025-09-22,2358448
8315,2025-09-23,2358448
8316,2025-09-24,2359354
8317,2025-09-25,2359354
8318,2025-09-26,2359354
8319,2025-09-27,2359354
8320,2025-09-28,2359354
8321,2025-09-29,2359354
8322,2025-09-30,2359354
8323,2025-10-01,2361620
8324,2025-10-02,2361620
8325,2025-10-03,2361620
8326,2025-10-04,2361620
8327,2025-10-05,2361620
8328,2025-10-06,2361620
8329,2025-10-07,2361620
8330,2025-10-08,2365668
8331,2025-10-09,2365668
8332,2025-10-10,2365668
8333,2025-10-11,2365668
8334,2025-10-12,2365668
8335,2025-10-13,2365668
8336,2025-10-14,2365668
8337,2025-10-15,2368452
8338,2025-10-16,2368452
8339,2025-10-17,2368452
8340,2025-10-18,2368452
8341,2025-10-19,2368452
8342,2025-10-20,2368452
8343,2025-10-21,2368452
8344,2025-10-22,2366648
8345,2025-10-23,2366648
8346,2025-10-24,2366648
8347,2025-10-25,2366648
8348,2025-10-26,2366648
8349,2025-10-27,2366648
8350,2025-10-28,2366648
8351,2025-10-29,2367211
8352,2025-10-30,2367211
8353,2025-10-31,2367211
8354,2025-11-01,2367211
8355,2025-11-02,2367211
8356,2025-11-03,2367211
8357,2025-11-04,2367211
8358,2025-11-05,2370961
8359,2025-11-06,2370961
8360,2025-11-07,2370961
8361,2025-11-08,2370961
8362,2025-11-09,2370961
8363,2025-11-10,2370961
8364,2025-11-11,2370961
8365,2025-11-12,2372526
8366,2025-11-13,2372526
8367,2025-11-14,2372526
8368,2025-11-15,2372526
8369,2025-11-16,2372526
8370,2025-11-17,2372526
8371,2025-11-18,2372526
8372,2025-11-19,2370188
8373,2025-11-20,2370188
8374,2025-11-21,2370188
8375,2025-11-22,2370188
8376,2025-11-23,2370188
8377,2025-11-24,2370188
8378,2025-11-25,2370188
8379,2025-11-26,2375763
8380,2025-11-27,2375763
8381,2025-11-28,2375763
8382,2025-11-29,2375763
8383,2025-11-30,2375763
8384,2025-12-01,2375763
8385,2025-12-02,2375763
8386,2025-12-03,2377520
8387,2025-12-04,2377520
8388,2025-12-05,2377520
8389,2025-12-06,2377520
8390,2025-12-07,2377520
8391,2025-12-08,2377520
8392,2025-12-09,2377520
8393,2025-12-10,2374616
8394,2025-12-11,2374616
8395,2025-12-12,2374616
8396,2025-12-13,2374616
8397,2025-12-14,2374616
8398,2025-12-15,2374616
8399,2025-12-16,2374616
8400,2025-12-17,2377032
8401,2025-12-18,2377032
8402,2025-12-19,2377032
8403,2025-12-20,2377032
8404,2025-12-21,2377032
8405,2025-12-22,2377032
8406,2025-12-23,2377032
8407,2025-12-24,2387471
8408,2025-12-25,2387471
8409,2025-12-26,2387471
8410,2025-12-27,2387471
8411,2025-12-28,2387471
8412,2025-12-29,2387471
8413,2025-12-30,2387471
8414,2025-12-31,2394465
