Date,WEI
01/05/2008,1.95
01/06/2008,1.95
01/07/2008,1.95
01/08/2008,1.95
01/09/2008,1.95
01/10/2008,1.95
01/11/2008,1.95
01/12/2008,1.94
01/13/2008,1.94
01/14/2008,1.94
01/15/2008,1.94
01/16/2008,1.94
01/17/2008,1.94
01/18/2008,1.94
01/19/2008,1.91
01/20/2008,1.91
01/21/2008,1.91
01/22/2008,1.91
01/23/2008,1.91
01/24/2008,1.91
01/25/2008,1.91
01/26/2008,1.42
01/27/2008,1.42
01/28/2008,1.42
01/29/2008,1.42
01/30/2008,1.42
01/31/2008,1.42
02/01/2008,1.42
02/02/2008,1.15
02/03/2008,1.15
02/04/2008,1.15
02/05/2008,1.15
02/06/2008,1.15
02/07/2008,1.15
02/08/2008,1.15
02/09/2008,1.12
02/10/2008,1.12
02/11/2008,1.12
02/12/2008,1.12
02/13/2008,1.12
02/14/2008,1.12
02/15/2008,1.12
02/16/2008,1.62
02/17/2008,1.62
02/18/2008,1.62
02/19/2008,1.62
02/20/2008,1.62
02/21/2008,1.62
02/22/2008,1.62
02/23/2008,1.42
02/24/2008,1.42
02/25/2008,1.42
02/26/2008,1.42
02/27/2008,1.42
02/28/2008,1.42
02/29/2008,1.42
03/01/2008,1.44
03/02/2008,1.44
03/03/2008,1.44
03/04/2008,1.44
03/05/2008,1.44
03/06/2008,1.44
03/07/2008,1.44
03/08/2008,0.97
03/09/2008,0.97
03/10/2008,0.97
03/11/2008,0.97
03/12/2008,0.97
03/13/2008,0.97
03/14/2008,0.97
03/15/2008,1.2
03/16/2008,1.2
03/17/2008,1.2
03/18/2008,1.2
03/19/2008,1.2
03/20/2008,1.2
03/21/2008,1.2
03/22/2008,1.26
03/23/2008,1.26
03/24/2008,1.26
03/25/2008,1.26
03/26/2008,1.26
03/27/2008,1.26
03/28/2008,1.26
03/29/2008,1.67
03/30/2008,1.67
03/31/2008,1.67
04/01/2008,1.67
04/02/2008,1.67
04/03/2008,1.67
04/04/2008,1.67
04/05/2008,1.62
04/06/2008,1.62
04/07/2008,1.62
04/08/2008,1.62
04/09/2008,1.62
04/10/2008,1.62
04/11/2008,1.62
04/12/2008,1.38
04/13/2008,1.38
04/14/2008,1.38
04/15/2008,1.38
04/16/2008,1.38
04/17/2008,1.38
04/18/2008,1.38
04/19/2008,1.49
04/20/2008,1.49
04/21/2008,1.49
04/22/2008,1.49
04/23/2008,1.49
04/24/2008,1.49
04/25/2008,1.49
04/26/2008,1.07
04/27/2008,1.07
04/28/2008,1.07
04/29/2008,1.07
04/30/2008,1.07
05/01/2008,1.07
05/02/2008,1.07
05/03/2008,1.05
05/04/2008,1.05
05/05/2008,1.05
05/06/2008,1.05
05/07/2008,1.05
05/08/2008,1.05
05/09/2008,1.05
05/10/2008,1.07
05/11/2008,1.07
05/12/2008,1.07
05/13/2008,1.07
05/14/2008,1.07
05/15/2008,1.07
05/16/2008,1.07
05/17/2008,0.96
05/18/2008,0.96
05/19/2008,0.96
05/20/2008,0.96
05/21/2008,0.96
05/22/2008,0.96
05/23/2008,0.96
05/24/2008,0.9
05/25/2008,0.9
05/26/2008,0.9
05/27/2008,0.9
05/28/2008,0.9
05/29/2008,0.9
05/30/2008,0.9
05/31/2008,0.86
06/01/2008,0.86
06/02/2008,0.86
06/03/2008,0.86
06/04/2008,0.86
06/05/2008,0.86
06/06/2008,0.86
06/07/2008,1.07
06/08/2008,1.07
06/09/2008,1.07
06/10/2008,1.07
06/11/2008,1.07
06/12/2008,1.07
06/13/2008,1.07
06/14/2008,0.91
06/15/2008,0.91
06/16/2008,0.91
06/17/2008,0.91
06/18/2008,0.91
06/19/2008,0.91
06/20/2008,0.91
06/21/2008,0.57
06/22/2008,0.57
06/23/2008,0.57
06/24/2008,0.57
06/25/2008,0.57
06/26/2008,0.57
06/27/2008,0.57
06/28/2008,1.02
06/29/2008,1.02
06/30/2008,1.02
07/01/2008,1.02
07/02/2008,1.02
07/03/2008,1.02
07/04/2008,1.02
07/05/2008,1.2
07/06/2008,1.2
07/07/2008,1.2
07/08/2008,1.2
07/09/2008,1.2
07/10/2008,1.2
07/11/2008,1.2
07/12/2008,0.81
07/13/2008,0.81
07/14/2008,0.81
07/15/2008,0.81
07/16/2008,0.81
07/17/2008,0.81
07/18/2008,0.81
07/19/2008,0.75
07/20/2008,0.75
07/21/2008,0.75
07/22/2008,0.75
07/23/2008,0.75
07/24/2008,0.75
07/25/2008,0.75
07/26/2008,0.87
07/27/2008,0.87
07/28/2008,0.87
07/29/2008,0.87
07/30/2008,0.87
07/31/2008,0.87
08/01/2008,0.87
08/02/2008,0.9
08/03/2008,0.9
08/04/2008,0.9
08/05/2008,0.9
08/06/2008,0.9
08/07/2008,0.9
08/08/2008,0.9
08/09/2008,0.74
08/10/2008,0.74
08/11/2008,0.74
08/12/2008,0.74
08/13/2008,0.74
08/14/2008,0.74
08/15/2008,0.74
08/16/2008,0.49
08/17/2008,0.49
08/18/2008,0.49
08/19/2008,0.49
08/20/2008,0.49
08/21/2008,0.49
08/22/2008,0.49
08/23/2008,0.53
08/24/2008,0.53
08/25/2008,0.53
08/26/2008,0.53
08/27/2008,0.53
08/28/2008,0.53
08/29/2008,0.53
08/30/2008,0.72
08/31/2008,0.72
09/01/2008,0.72
09/02/2008,0.72
09/03/2008,0.72
09/04/2008,0.72
09/05/2008,0.72
09/06/2008,0.58
09/07/2008,0.58
09/08/2008,0.58
09/09/2008,0.58
09/10/2008,0.58
09/11/2008,0.58
09/12/2008,0.58
09/13/2008,0.24
09/14/2008,0.24
09/15/2008,0.24
09/16/2008,0.24
09/17/2008,0.24
09/18/2008,0.24
09/19/2008,0.24
09/20/2008,-0.05
09/21/2008,-0.05
09/22/2008,-0.05
09/23/2008,-0.05
09/24/2008,-0.05
09/25/2008,-0.05
09/26/2008,-0.05
09/27/2008,-0.2
09/28/2008,-0.2
09/29/2008,-0.2
09/30/2008,-0.2
10/01/2008,-0.2
10/02/2008,-0.2
10/03/2008,-0.2
10/04/2008,-0.27
10/05/2008,-0.27
10/06/2008,-0.27
10/07/2008,-0.27
10/08/2008,-0.27
10/09/2008,-0.27
10/10/2008,-0.27
10/11/2008,-0.34
10/12/2008,-0.34
10/13/2008,-0.34
10/14/2008,-0.34
10/15/2008,-0.34
10/16/2008,-0.34
10/17/2008,-0.34
10/18/2008,-0.4
10/19/2008,-0.4
10/20/2008,-0.4
10/21/2008,-0.4
10/22/2008,-0.4
10/23/2008,-0.4
10/24/2008,-0.4
10/25/2008,-0.4
10/26/2008,-0.4
10/27/2008,-0.4
10/28/2008,-0.4
10/29/2008,-0.4
10/30/2008,-0.4
10/31/2008,-0.4
11/01/2008,-0.48
11/02/2008,-0.48
11/03/2008,-0.48
11/04/2008,-0.48
11/05/2008,-0.48
11/06/2008,-0.48
11/07/2008,-0.48
11/08/2008,-1.1
11/09/2008,-1.1
11/10/2008,-1.1
11/11/2008,-1.1
11/12/2008,-1.1
11/13/2008,-1.1
11/14/2008,-1.1
11/15/2008,-1.44
11/16/2008,-1.44
11/17/2008,-1.44
11/18/2008,-1.44
11/19/2008,-1.44
11/20/2008,-1.44
11/21/2008,-1.44
11/22/2008,-0.46
11/23/2008,-0.46
11/24/2008,-0.46
11/25/2008,-0.46
11/26/2008,-0.46
11/27/2008,-0.46
11/28/2008,-0.46
11/29/2008,-2.32
11/30/2008,-2.32
12/01/2008,-2.32
12/02/2008,-2.32
12/03/2008,-2.32
12/04/2008,-2.32
12/05/2008,-2.32
12/06/2008,-1.92
12/07/2008,-1.92
12/08/2008,-1.92
12/09/2008,-1.92
12/10/2008,-1.92
12/11/2008,-1.92
12/12/2008,-1.92
12/13/2008,-1.85
12/14/2008,-1.85
12/15/2008,-1.85
12/16/2008,-1.85
12/17/2008,-1.85
12/18/2008,-1.85
12/19/2008,-1.85
12/20/2008,-2.59
12/21/2008,-2.59
12/22/2008,-2.59
12/23/2008,-2.59
12/24/2008,-2.59
12/25/2008,-2.59
12/26/2008,-2.59
12/27/2008,-2.66
12/28/2008,-2.66
12/29/2008,-2.66
12/30/2008,-2.66
12/31/2008,-2.66
01/01/2009,-2.66
01/02/2009,-2.66
01/03/2009,-3.0
01/04/2009,-3.0
01/05/2009,-3.0
01/06/2009,-3.0
01/07/2009,-3.0
01/08/2009,-3.0
01/09/2009,-3.0
01/10/2009,-2.77
01/11/2009,-2.77
01/12/2009,-2.77
01/13/2009,-2.77
01/14/2009,-2.77
01/15/2009,-2.77
01/16/2009,-2.77
01/17/2009,-2.72
01/18/2009,-2.72
01/19/2009,-2.72
01/20/2009,-2.72
01/21/2009,-2.72
01/22/2009,-2.72
01/23/2009,-2.72
01/24/2009,-2.48
01/25/2009,-2.48
01/26/2009,-2.48
01/27/2009,-2.48
01/28/2009,-2.48
01/29/2009,-2.48
01/30/2009,-2.48
01/31/2009,-2.74
02/01/2009,-2.74
02/02/2009,-2.74
02/03/2009,-2.74
02/04/2009,-2.74
02/05/2009,-2.74
02/06/2009,-2.74
02/07/2009,-2.65
02/08/2009,-2.65
02/09/2009,-2.65
02/10/2009,-2.65
02/11/2009,-2.65
02/12/2009,-2.65
02/13/2009,-2.65
02/14/2009,-3.12
02/15/2009,-3.12
02/16/2009,-3.12
02/17/2009,-3.12
02/18/2009,-3.12
02/19/2009,-3.12
02/20/2009,-3.12
02/21/2009,-3.27
02/22/2009,-3.27
02/23/2009,-3.27
02/24/2009,-3.27
02/25/2009,-3.27
02/26/2009,-3.27
02/27/2009,-3.27
02/28/2009,-3.48
03/01/2009,-3.48
03/02/2009,-3.48
03/03/2009,-3.48
03/04/2009,-3.48
03/05/2009,-3.48
03/06/2009,-3.48
03/07/2009,-3.0
03/08/2009,-3.0
03/09/2009,-3.0
03/10/2009,-3.0
03/11/2009,-3.0
03/12/2009,-3.0
03/13/2009,-3.0
03/14/2009,-3.01
03/15/2009,-3.01
03/16/2009,-3.01
03/17/2009,-3.01
03/18/2009,-3.01
03/19/2009,-3.01
03/20/2009,-3.01
03/21/2009,-2.67
03/22/2009,-2.67
03/23/2009,-2.67
03/24/2009,-2.67
03/25/2009,-2.67
03/26/2009,-2.67
03/27/2009,-2.67
03/28/2009,-3.22
03/29/2009,-3.22
03/30/2009,-3.22
03/31/2009,-3.22
04/01/2009,-3.22
04/02/2009,-3.22
04/03/2009,-3.22
04/04/2009,-3.0
04/05/2009,-3.0
04/06/2009,-3.0
04/07/2009,-3.0
04/08/2009,-3.0
04/09/2009,-3.0
04/10/2009,-3.0
04/11/2009,-3.08
04/12/2009,-3.08
04/13/2009,-3.08
04/14/2009,-3.08
04/15/2009,-3.08
04/16/2009,-3.08
04/17/2009,-3.08
04/18/2009,-3.3
04/19/2009,-3.3
04/20/2009,-3.3
04/21/2009,-3.3
04/22/2009,-3.3
04/23/2009,-3.3
04/24/2009,-3.3
04/25/2009,-3.02
04/26/2009,-3.02
04/27/2009,-3.02
04/28/2009,-3.02
04/29/2009,-3.02
04/30/2009,-3.02
05/01/2009,-3.02
05/02/2009,-2.97
05/03/2009,-2.97
05/04/2009,-2.97
05/05/2009,-2.97
05/06/2009,-2.97
05/07/2009,-2.97
05/08/2009,-2.97
05/09/2009,-3.11
05/10/2009,-3.11
05/11/2009,-3.11
05/12/2009,-3.11
05/13/2009,-3.11
05/14/2009,-3.11
05/15/2009,-3.11
05/16/2009,-3.02
05/17/2009,-3.02
05/18/2009,-3.02
05/19/2009,-3.02
05/20/2009,-3.02
05/21/2009,-3.02
05/22/2009,-3.02
05/23/2009,-2.93
05/24/2009,-2.93
05/25/2009,-2.93
05/26/2009,-2.93
05/27/2009,-2.93
05/28/2009,-2.93
05/29/2009,-2.93
05/30/2009,-3.09
05/31/2009,-3.09
06/01/2009,-3.09
06/02/2009,-3.09
06/03/2009,-3.09
06/04/2009,-3.09
06/05/2009,-3.09
06/06/2009,-3.37
06/07/2009,-3.37
06/08/2009,-3.37
06/09/2009,-3.37
06/10/2009,-3.37
06/11/2009,-3.37
06/12/2009,-3.37
06/13/2009,-3.28
06/14/2009,-3.28
06/15/2009,-3.28
06/16/2009,-3.28
06/17/2009,-3.28
06/18/2009,-3.28
06/19/2009,-3.28
06/20/2009,-3.01
06/21/2009,-3.01
06/22/2009,-3.01
06/23/2009,-3.01
06/24/2009,-3.01
06/25/2009,-3.01
06/26/2009,-3.01
06/27/2009,-3.23
06/28/2009,-3.23
06/29/2009,-3.23
06/30/2009,-3.23
07/01/2009,-3.23
07/02/2009,-3.23
07/03/2009,-3.23
07/04/2009,-2.89
07/05/2009,-2.89
07/06/2009,-2.89
07/07/2009,-2.89
07/08/2009,-2.89
07/09/2009,-2.89
07/10/2009,-2.89
07/11/2009,-3.22
07/12/2009,-3.22
07/13/2009,-3.22
07/14/2009,-3.22
07/15/2009,-3.22
07/16/2009,-3.22
07/17/2009,-3.22
07/18/2009,-2.99
07/19/2009,-2.99
07/20/2009,-2.99
07/21/2009,-2.99
07/22/2009,-2.99
07/23/2009,-2.99
07/24/2009,-2.99
07/25/2009,-3.12
07/26/2009,-3.12
07/27/2009,-3.12
07/28/2009,-3.12
07/29/2009,-3.12
07/30/2009,-3.12
07/31/2009,-3.12
08/01/2009,-2.89
08/02/2009,-2.89
08/03/2009,-2.89
08/04/2009,-2.89
08/05/2009,-2.89
08/06/2009,-2.89
08/07/2009,-2.89
08/08/2009,-2.8
08/09/2009,-2.8
08/10/2009,-2.8
08/11/2009,-2.8
08/12/2009,-2.8
08/13/2009,-2.8
08/14/2009,-2.8
08/15/2009,-2.34
08/16/2009,-2.34
08/17/2009,-2.34
08/18/2009,-2.34
08/19/2009,-2.34
08/20/2009,-2.34
08/21/2009,-2.34
08/22/2009,-2.28
08/23/2009,-2.28
08/24/2009,-2.28
08/25/2009,-2.28
08/26/2009,-2.28
08/27/2009,-2.28
08/28/2009,-2.28
08/29/2009,-2.27
08/30/2009,-2.27
08/31/2009,-2.27
09/01/2009,-2.27
09/02/2009,-2.27
09/03/2009,-2.27
09/04/2009,-2.27
09/05/2009,-1.68
09/06/2009,-1.68
09/07/2009,-1.68
09/08/2009,-1.68
09/09/2009,-1.68
09/10/2009,-1.68
09/11/2009,-1.68
09/12/2009,-2.15
09/13/2009,-2.15
09/14/2009,-2.15
09/15/2009,-2.15
09/16/2009,-2.15
09/17/2009,-2.15
09/18/2009,-2.15
09/19/2009,-1.44
09/20/2009,-1.44
09/21/2009,-1.44
09/22/2009,-1.44
09/23/2009,-1.44
09/24/2009,-1.44
09/25/2009,-1.44
09/26/2009,-1.36
09/27/2009,-1.36
09/28/2009,-1.36
09/29/2009,-1.36
09/30/2009,-1.36
10/01/2009,-1.36
10/02/2009,-1.36
10/03/2009,-1.17
10/04/2009,-1.17
10/05/2009,-1.17
10/06/2009,-1.17
10/07/2009,-1.17
10/08/2009,-1.17
10/09/2009,-1.17
10/10/2009,-0.88
10/11/2009,-0.88
10/12/2009,-0.88
10/13/2009,-0.88
10/14/2009,-0.88
10/15/2009,-0.88
10/16/2009,-0.88
10/17/2009,-0.75
10/18/2009,-0.75
10/19/2009,-0.75
10/20/2009,-0.75
10/21/2009,-0.75
10/22/2009,-0.75
10/23/2009,-0.75
10/24/2009,-0.51
10/25/2009,-0.51
10/26/2009,-0.51
10/27/2009,-0.51
10/28/2009,-0.51
10/29/2009,-0.51
10/30/2009,-0.51
10/31/2009,-0.22
11/01/2009,-0.22
11/02/2009,-0.22
11/03/2009,-0.22
11/04/2009,-0.22
11/05/2009,-0.22
11/06/2009,-0.22
11/07/2009,0.13
11/08/2009,0.13
11/09/2009,0.13
11/10/2009,0.13
11/11/2009,0.13
11/12/2009,0.13
11/13/2009,0.13
11/14/2009,0.58
11/15/2009,0.58
11/16/2009,0.58
11/17/2009,0.58
11/18/2009,0.58
11/19/2009,0.58
11/20/2009,0.58
11/21/2009,0.87
11/22/2009,0.87
11/23/2009,0.87
11/24/2009,0.87
11/25/2009,0.87
11/26/2009,0.87
11/27/2009,0.87
11/28/2009,1.37
11/29/2009,1.37
11/30/2009,1.37
12/01/2009,1.37
12/02/2009,1.37
12/03/2009,1.37
12/04/2009,1.37
12/05/2009,1.19
12/06/2009,1.19
12/07/2009,1.19
12/08/2009,1.19
12/09/2009,1.19
12/10/2009,1.19
12/11/2009,1.19
12/12/2009,1.39
12/13/2009,1.39
12/14/2009,1.39
12/15/2009,1.39
12/16/2009,1.39
12/17/2009,1.39
12/18/2009,1.39
12/19/2009,2.29
12/20/2009,2.29
12/21/2009,2.29
12/22/2009,2.29
12/23/2009,2.29
12/24/2009,2.29
12/25/2009,2.29
12/26/2009,2.52
12/27/2009,2.52
12/28/2009,2.52
12/29/2009,2.52
12/30/2009,2.52
12/31/2009,2.52
01/01/2010,2.52
01/02/2010,2.12
01/03/2010,2.12
01/04/2010,2.12
01/05/2010,2.12
01/06/2010,2.12
01/07/2010,2.12
01/08/2010,2.12
01/09/2010,2.04
01/10/2010,2.04
01/11/2010,2.04
01/12/2010,2.04
01/13/2010,2.04
01/14/2010,2.04
01/15/2010,2.04
01/16/2010,2.1
01/17/2010,2.1
01/18/2010,2.1
01/19/2010,2.1
01/20/2010,2.1
01/21/2010,2.1
01/22/2010,2.1
01/23/2010,1.93
01/24/2010,1.93
01/25/2010,1.93
01/26/2010,1.93
01/27/2010,1.93
01/28/2010,1.93
01/29/2010,1.93
01/30/2010,2.37
01/31/2010,2.37
02/01/2010,2.37
02/02/2010,2.37
02/03/2010,2.37
02/04/2010,2.37
02/05/2010,2.37
02/06/2010,2.63
02/07/2010,2.63
02/08/2010,2.63
02/09/2010,2.63
02/10/2010,2.63
02/11/2010,2.63
02/12/2010,2.63
02/13/2010,2.77
02/14/2010,2.77
02/15/2010,2.77
02/16/2010,2.77
02/17/2010,2.77
02/18/2010,2.77
02/19/2010,2.77
02/20/2010,3.37
02/21/2010,3.37
02/22/2010,3.37
02/23/2010,3.37
02/24/2010,3.37
02/25/2010,3.37
02/26/2010,3.37
02/27/2010,3.63
02/28/2010,3.63
03/01/2010,3.63
03/02/2010,3.63
03/03/2010,3.63
03/04/2010,3.63
03/05/2010,3.63
03/06/2010,3.65
03/07/2010,3.65
03/08/2010,3.65
03/09/2010,3.65
03/10/2010,3.65
03/11/2010,3.65
03/12/2010,3.65
03/13/2010,3.62
03/14/2010,3.62
03/15/2010,3.62
03/16/2010,3.62
03/17/2010,3.62
03/18/2010,3.62
03/19/2010,3.62
03/20/2010,3.5
03/21/2010,3.5
03/22/2010,3.5
03/23/2010,3.5
03/24/2010,3.5
03/25/2010,3.5
03/26/2010,3.5
03/27/2010,4.05
03/28/2010,4.05
03/29/2010,4.05
03/30/2010,4.05
03/31/2010,4.05
04/01/2010,4.05
04/02/2010,4.05
04/03/2010,3.7
04/04/2010,3.7
04/05/2010,3.7
04/06/2010,3.7
04/07/2010,3.7
04/08/2010,3.7
04/09/2010,3.7
04/10/2010,3.96
04/11/2010,3.96
04/12/2010,3.96
04/13/2010,3.96
04/14/2010,3.96
04/15/2010,3.96
04/16/2010,3.96
04/17/2010,4.05
04/18/2010,4.05
04/19/2010,4.05
04/20/2010,4.05
04/21/2010,4.05
04/22/2010,4.05
04/23/2010,4.05
04/24/2010,4.09
04/25/2010,4.09
04/26/2010,4.09
04/27/2010,4.09
04/28/2010,4.09
04/29/2010,4.09
04/30/2010,4.09
05/01/2010,4.36
05/02/2010,4.36
05/03/2010,4.36
05/04/2010,4.36
05/05/2010,4.36
05/06/2010,4.36
05/07/2010,4.36
05/08/2010,4.51
05/09/2010,4.51
05/10/2010,4.51
05/11/2010,4.51
05/12/2010,4.51
05/13/2010,4.51
05/14/2010,4.51
05/15/2010,4.4
05/16/2010,4.4
05/17/2010,4.4
05/18/2010,4.4
05/19/2010,4.4
05/20/2010,4.4
05/21/2010,4.4
05/22/2010,4.08
05/23/2010,4.08
05/24/2010,4.08
05/25/2010,4.08
05/26/2010,4.08
05/27/2010,4.08
05/28/2010,4.08
05/29/2010,5.02
05/30/2010,5.02
05/31/2010,5.02
06/01/2010,5.02
06/02/2010,5.02
06/03/2010,5.02
06/04/2010,5.02
06/05/2010,4.25
06/06/2010,4.25
06/07/2010,4.25
06/08/2010,4.25
06/09/2010,4.25
06/10/2010,4.25
06/11/2010,4.25
06/12/2010,4.29
06/13/2010,4.29
06/14/2010,4.29
06/15/2010,4.29
06/16/2010,4.29
06/17/2010,4.29
06/18/2010,4.29
06/19/2010,4.41
06/20/2010,4.41
06/21/2010,4.41
06/22/2010,4.41
06/23/2010,4.41
06/24/2010,4.41
06/25/2010,4.41
06/26/2010,4.33
06/27/2010,4.33
06/28/2010,4.33
06/29/2010,4.33
06/30/2010,4.33
07/01/2010,4.33
07/02/2010,4.33
07/03/2010,4.74
07/04/2010,4.74
07/05/2010,4.74
07/06/2010,4.74
07/07/2010,4.74
07/08/2010,4.74
07/09/2010,4.74
07/10/2010,3.75
07/11/2010,3.75
07/12/2010,3.75
07/13/2010,3.75
07/14/2010,3.75
07/15/2010,3.75
07/16/2010,3.75
07/17/2010,3.99
07/18/2010,3.99
07/19/2010,3.99
07/20/2010,3.99
07/21/2010,3.99
07/22/2010,3.99
07/23/2010,3.99
07/24/2010,4.37
07/25/2010,4.37
07/26/2010,4.37
07/27/2010,4.37
07/28/2010,4.37
07/29/2010,4.37
07/30/2010,4.37
07/31/2010,4.05
08/01/2010,4.05
08/02/2010,4.05
08/03/2010,4.05
08/04/2010,4.05
08/05/2010,4.05
08/06/2010,4.05
08/07/2010,3.97
08/08/2010,3.97
08/09/2010,3.97
08/10/2010,3.97
08/11/2010,3.97
08/12/2010,3.97
08/13/2010,3.97
08/14/2010,3.91
08/15/2010,3.91
08/16/2010,3.91
08/17/2010,3.91
08/18/2010,3.91
08/19/2010,3.91
08/20/2010,3.91
08/21/2010,3.95
08/22/2010,3.95
08/23/2010,3.95
08/24/2010,3.95
08/25/2010,3.95
08/26/2010,3.95
08/27/2010,3.95
08/28/2010,3.81
08/29/2010,3.81
08/30/2010,3.81
08/31/2010,3.81
09/01/2010,3.81
09/02/2010,3.81
09/03/2010,3.81
09/04/2010,4.07
09/05/2010,4.07
09/06/2010,4.07
09/07/2010,4.07
09/08/2010,4.07
09/09/2010,4.07
09/10/2010,4.07
09/11/2010,3.78
09/12/2010,3.78
09/13/2010,3.78
09/14/2010,3.78
09/15/2010,3.78
09/16/2010,3.78
09/17/2010,3.78
09/18/2010,3.62
09/19/2010,3.62
09/20/2010,3.62
09/21/2010,3.62
09/22/2010,3.62
09/23/2010,3.62
09/24/2010,3.62
09/25/2010,3.82
09/26/2010,3.82
09/27/2010,3.82
09/28/2010,3.82
09/29/2010,3.82
09/30/2010,3.82
10/01/2010,3.82
10/02/2010,3.47
10/03/2010,3.47
10/04/2010,3.47
10/05/2010,3.47
10/06/2010,3.47
10/07/2010,3.47
10/08/2010,3.47
10/09/2010,3.17
10/10/2010,3.17
10/11/2010,3.17
10/12/2010,3.17
10/13/2010,3.17
10/14/2010,3.17
10/15/2010,3.17
10/16/2010,3.41
10/17/2010,3.41
10/18/2010,3.41
10/19/2010,3.41
10/20/2010,3.41
10/21/2010,3.41
10/22/2010,3.41
10/23/2010,3.63
10/24/2010,3.63
10/25/2010,3.63
10/26/2010,3.63
10/27/2010,3.63
10/28/2010,3.63
10/29/2010,3.63
10/30/2010,3.45
10/31/2010,3.45
11/01/2010,3.45
11/02/2010,3.45
11/03/2010,3.45
11/04/2010,3.45
11/05/2010,3.45
11/06/2010,3.44
11/07/2010,3.44
11/08/2010,3.44
11/09/2010,3.44
11/10/2010,3.44
11/11/2010,3.44
11/12/2010,3.44
11/13/2010,3.32
11/14/2010,3.32
11/15/2010,3.32
11/16/2010,3.32
11/17/2010,3.32
11/18/2010,3.32
11/19/2010,3.32
11/20/2010,3.21
11/21/2010,3.21
11/22/2010,3.21
11/23/2010,3.21
11/24/2010,3.21
11/25/2010,3.21
11/26/2010,3.21
11/27/2010,3.42
11/28/2010,3.42
11/29/2010,3.42
11/30/2010,3.42
12/01/2010,3.42
12/02/2010,3.42
12/03/2010,3.42
12/04/2010,3.64
12/05/2010,3.64
12/06/2010,3.64
12/07/2010,3.64
12/08/2010,3.64
12/09/2010,3.64
12/10/2010,3.64
12/11/2010,3.37
12/12/2010,3.37
12/13/2010,3.37
12/14/2010,3.37
12/15/2010,3.37
12/16/2010,3.37
12/17/2010,3.37
12/18/2010,3.23
12/19/2010,3.23
12/20/2010,3.23
12/21/2010,3.23
12/22/2010,3.23
12/23/2010,3.23
12/24/2010,3.23
12/25/2010,4.26
12/26/2010,4.26
12/27/2010,4.26
12/28/2010,4.26
12/29/2010,4.26
12/30/2010,4.26
12/31/2010,4.26
01/01/2011,3.6
01/02/2011,3.6
01/03/2011,3.6
01/04/2011,3.6
01/05/2011,3.6
01/06/2011,3.6
01/07/2011,3.6
01/08/2011,3.26
01/09/2011,3.26
01/10/2011,3.26
01/11/2011,3.26
01/12/2011,3.26
01/13/2011,3.26
01/14/2011,3.26
01/15/2011,3.21
01/16/2011,3.21
01/17/2011,3.21
01/18/2011,3.21
01/19/2011,3.21
01/20/2011,3.21
01/21/2011,3.21
01/22/2011,3.29
01/23/2011,3.29
01/24/2011,3.29
01/25/2011,3.29
01/26/2011,3.29
01/27/2011,3.29
01/28/2011,3.29
01/29/2011,3.28
01/30/2011,3.28
01/31/2011,3.28
02/01/2011,3.28
02/02/2011,3.28
02/03/2011,3.28
02/04/2011,3.28
02/05/2011,2.9
02/06/2011,2.9
02/07/2011,2.9
02/08/2011,2.9
02/09/2011,2.9
02/10/2011,2.9
02/11/2011,2.9
02/12/2011,3.36
02/13/2011,3.36
02/14/2011,3.36
02/15/2011,3.36
02/16/2011,3.36
02/17/2011,3.36
02/18/2011,3.36
02/19/2011,3.01
02/20/2011,3.01
02/21/2011,3.01
02/22/2011,3.01
02/23/2011,3.01
02/24/2011,3.01
02/25/2011,3.01
02/26/2011,2.8
02/27/2011,2.8
02/28/2011,2.8
03/01/2011,2.8
03/02/2011,2.8
03/03/2011,2.8
03/04/2011,2.8
03/05/2011,2.9
03/06/2011,2.9
03/07/2011,2.9
03/08/2011,2.9
03/09/2011,2.9
03/10/2011,2.9
03/11/2011,2.9
03/12/2011,2.99
03/13/2011,2.99
03/14/2011,2.99
03/15/2011,2.99
03/16/2011,2.99
03/17/2011,2.99
03/18/2011,2.99
03/19/2011,3.01
03/20/2011,3.01
03/21/2011,3.01
03/22/2011,3.01
03/23/2011,3.01
03/24/2011,3.01
03/25/2011,3.01
03/26/2011,2.74
03/27/2011,2.74
03/28/2011,2.74
03/29/2011,2.74
03/30/2011,2.74
03/31/2011,2.74
04/01/2011,2.74
04/02/2011,2.98
04/03/2011,2.98
04/04/2011,2.98
04/05/2011,2.98
04/06/2011,2.98
04/07/2011,2.98
04/08/2011,2.98
04/09/2011,3.0
04/10/2011,3.0
04/11/2011,3.0
04/12/2011,3.0
04/13/2011,3.0
04/14/2011,3.0
04/15/2011,3.0
04/16/2011,2.9
04/17/2011,2.9
04/18/2011,2.9
04/19/2011,2.9
04/20/2011,2.9
04/21/2011,2.9
04/22/2011,2.9
04/23/2011,2.83
04/24/2011,2.83
04/25/2011,2.83
04/26/2011,2.83
04/27/2011,2.83
04/28/2011,2.83
04/29/2011,2.83
04/30/2011,2.45
05/01/2011,2.45
05/02/2011,2.45
05/03/2011,2.45
05/04/2011,2.45
05/05/2011,2.45
05/06/2011,2.45
05/07/2011,2.12
05/08/2011,2.12
05/09/2011,2.12
05/10/2011,2.12
05/11/2011,2.12
05/12/2011,2.12
05/13/2011,2.12
05/14/2011,2.52
05/15/2011,2.52
05/16/2011,2.52
05/17/2011,2.52
05/18/2011,2.52
05/19/2011,2.52
05/20/2011,2.52
05/21/2011,2.43
05/22/2011,2.43
05/23/2011,2.43
05/24/2011,2.43
05/25/2011,2.43
05/26/2011,2.43
05/27/2011,2.43
05/28/2011,2.25
05/29/2011,2.25
05/30/2011,2.25
05/31/2011,2.25
06/01/2011,2.25
06/02/2011,2.25
06/03/2011,2.25
06/04/2011,2.45
06/05/2011,2.45
06/06/2011,2.45
06/07/2011,2.45
06/08/2011,2.45
06/09/2011,2.45
06/10/2011,2.45
06/11/2011,2.4
06/12/2011,2.4
06/13/2011,2.4
06/14/2011,2.4
06/15/2011,2.4
06/16/2011,2.4
06/17/2011,2.4
06/18/2011,2.34
06/19/2011,2.34
06/20/2011,2.34
06/21/2011,2.34
06/22/2011,2.34
06/23/2011,2.34
06/24/2011,2.34
06/25/2011,2.07
06/26/2011,2.07
06/27/2011,2.07
06/28/2011,2.07
06/29/2011,2.07
06/30/2011,2.07
07/01/2011,2.07
07/02/2011,2.48
07/03/2011,2.48
07/04/2011,2.48
07/05/2011,2.48
07/06/2011,2.48
07/07/2011,2.48
07/08/2011,2.48
07/09/2011,2.28
07/10/2011,2.28
07/11/2011,2.28
07/12/2011,2.28
07/13/2011,2.28
07/14/2011,2.28
07/15/2011,2.28
07/16/2011,2.24
07/17/2011,2.24
07/18/2011,2.24
07/19/2011,2.24
07/20/2011,2.24
07/21/2011,2.24
07/22/2011,2.24
07/23/2011,2.23
07/24/2011,2.23
07/25/2011,2.23
07/26/2011,2.23
07/27/2011,2.23
07/28/2011,2.23
07/29/2011,2.23
07/30/2011,2.57
07/31/2011,2.57
08/01/2011,2.57
08/02/2011,2.57
08/03/2011,2.57
08/04/2011,2.57
08/05/2011,2.57
08/06/2011,2.6
08/07/2011,2.6
08/08/2011,2.6
08/09/2011,2.6
08/10/2011,2.6
08/11/2011,2.6
08/12/2011,2.6
08/13/2011,2.05
08/14/2011,2.05
08/15/2011,2.05
08/16/2011,2.05
08/17/2011,2.05
08/18/2011,2.05
08/19/2011,2.05
08/20/2011,2.04
08/21/2011,2.04
08/22/2011,2.04
08/23/2011,2.04
08/24/2011,2.04
08/25/2011,2.04
08/26/2011,2.04
08/27/2011,2.29
08/28/2011,2.29
08/29/2011,2.29
08/30/2011,2.29
08/31/2011,2.29
09/01/2011,2.29
09/02/2011,2.29
09/03/2011,2.14
09/04/2011,2.14
09/05/2011,2.14
09/06/2011,2.14
09/07/2011,2.14
09/08/2011,2.14
09/09/2011,2.14
09/10/2011,2.11
09/11/2011,2.11
09/12/2011,2.11
09/13/2011,2.11
09/14/2011,2.11
09/15/2011,2.11
09/16/2011,2.11
09/17/2011,2.14
09/18/2011,2.14
09/19/2011,2.14
09/20/2011,2.14
09/21/2011,2.14
09/22/2011,2.14
09/23/2011,2.14
09/24/2011,1.97
09/25/2011,1.97
09/26/2011,1.97
09/27/2011,1.97
09/28/2011,1.97
09/29/2011,1.97
09/30/2011,1.97
10/01/2011,2.39
10/02/2011,2.39
10/03/2011,2.39
10/04/2011,2.39
10/05/2011,2.39
10/06/2011,2.39
10/07/2011,2.39
10/08/2011,2.45
10/09/2011,2.45
10/10/2011,2.45
10/11/2011,2.45
10/12/2011,2.45
10/13/2011,2.45
10/14/2011,2.45
10/15/2011,2.28
10/16/2011,2.28
10/17/2011,2.28
10/18/2011,2.28
10/19/2011,2.28
10/20/2011,2.28
10/21/2011,2.28
10/22/2011,1.95
10/23/2011,1.95
10/24/2011,1.95
10/25/2011,1.95
10/26/2011,1.95
10/27/2011,1.95
10/28/2011,1.95
10/29/2011,2.32
10/30/2011,2.32
10/31/2011,2.32
11/01/2011,2.32
11/02/2011,2.32
11/03/2011,2.32
11/04/2011,2.32
11/05/2011,2.23
11/06/2011,2.23
11/07/2011,2.23
11/08/2011,2.23
11/09/2011,2.23
11/10/2011,2.23
11/11/2011,2.23
11/12/2011,2.32
11/13/2011,2.32
11/14/2011,2.32
11/15/2011,2.32
11/16/2011,2.32
11/17/2011,2.32
11/18/2011,2.32
11/19/2011,2.23
11/20/2011,2.23
11/21/2011,2.23
11/22/2011,2.23
11/23/2011,2.23
11/24/2011,2.23
11/25/2011,2.23
11/26/2011,2.15
11/27/2011,2.15
11/28/2011,2.15
11/29/2011,2.15
11/30/2011,2.15
12/01/2011,2.15
12/02/2011,2.15
12/03/2011,2.01
12/04/2011,2.01
12/05/2011,2.01
12/06/2011,2.01
12/07/2011,2.01
12/08/2011,2.01
12/09/2011,2.01
12/10/2011,1.76
12/11/2011,1.76
12/12/2011,1.76
12/13/2011,1.76
12/14/2011,1.76
12/15/2011,1.76
12/16/2011,1.76
12/17/2011,2.34
12/18/2011,2.34
12/19/2011,2.34
12/20/2011,2.34
12/21/2011,2.34
12/22/2011,2.34
12/23/2011,2.34
12/24/2011,2.43
12/25/2011,2.43
12/26/2011,2.43
12/27/2011,2.43
12/28/2011,2.43
12/29/2011,2.43
12/30/2011,2.43
12/31/2011,1.86
01/01/2012,1.86
01/02/2012,1.86
01/03/2012,1.86
01/04/2012,1.86
01/05/2012,1.86
01/06/2012,1.86
01/07/2012,1.56
01/08/2012,1.56
01/09/2012,1.56
01/10/2012,1.56
01/11/2012,1.56
01/12/2012,1.56
01/13/2012,1.56
01/14/2012,1.7
01/15/2012,1.7
01/16/2012,1.7
01/17/2012,1.7
01/18/2012,1.7
01/19/2012,1.7
01/20/2012,1.7
01/21/2012,2.05
01/22/2012,2.05
01/23/2012,2.05
01/24/2012,2.05
01/25/2012,2.05
01/26/2012,2.05
01/27/2012,2.05
01/28/2012,1.5
01/29/2012,1.5
01/30/2012,1.5
01/31/2012,1.5
02/01/2012,1.5
02/02/2012,1.5
02/03/2012,1.5
02/04/2012,1.71
02/05/2012,1.71
02/06/2012,1.71
02/07/2012,1.71
02/08/2012,1.71
02/09/2012,1.71
02/10/2012,1.71
02/11/2012,1.75
02/12/2012,1.75
02/13/2012,1.75
02/14/2012,1.75
02/15/2012,1.75
02/16/2012,1.75
02/17/2012,1.75
02/18/2012,1.77
02/19/2012,1.77
02/20/2012,1.77
02/21/2012,1.77
02/22/2012,1.77
02/23/2012,1.77
02/24/2012,1.77
02/25/2012,1.96
02/26/2012,1.96
02/27/2012,1.96
02/28/2012,1.96
02/29/2012,1.96
03/01/2012,1.96
03/02/2012,1.96
03/03/2012,1.92
03/04/2012,1.92
03/05/2012,1.92
03/06/2012,1.92
03/07/2012,1.92
03/08/2012,1.92
03/09/2012,1.92
03/10/2012,2.02
03/11/2012,2.02
03/12/2012,2.02
03/13/2012,2.02
03/14/2012,2.02
03/15/2012,2.02
03/16/2012,2.02
03/17/2012,1.66
03/18/2012,1.66
03/19/2012,1.66
03/20/2012,1.66
03/21/2012,1.66
03/22/2012,1.66
03/23/2012,1.66
03/24/2012,2.09
03/25/2012,2.09
03/26/2012,2.09
03/27/2012,2.09
03/28/2012,2.09
03/29/2012,2.09
03/30/2012,2.09
03/31/2012,2.24
04/01/2012,2.24
04/02/2012,2.24
04/03/2012,2.24
04/04/2012,2.24
04/05/2012,2.24
04/06/2012,2.24
04/07/2012,2.3
04/08/2012,2.3
04/09/2012,2.3
04/10/2012,2.3
04/11/2012,2.3
04/12/2012,2.3
04/13/2012,2.3
04/14/2012,2.26
04/15/2012,2.26
04/16/2012,2.26
04/17/2012,2.26
04/18/2012,2.26
04/19/2012,2.26
04/20/2012,2.26
04/21/2012,2.2
04/22/2012,2.2
04/23/2012,2.2
04/24/2012,2.2
04/25/2012,2.2
04/26/2012,2.2
04/27/2012,2.2
04/28/2012,2.5
04/29/2012,2.5
04/30/2012,2.5
05/01/2012,2.5
05/02/2012,2.5
05/03/2012,2.5
05/04/2012,2.5
05/05/2012,2.8
05/06/2012,2.8
05/07/2012,2.8
05/08/2012,2.8
05/09/2012,2.8
05/10/2012,2.8
05/11/2012,2.8
05/12/2012,2.31
05/13/2012,2.31
05/14/2012,2.31
05/15/2012,2.31
05/16/2012,2.31
05/17/2012,2.31
05/18/2012,2.31
05/19/2012,2.28
05/20/2012,2.28
05/21/2012,2.28
05/22/2012,2.28
05/23/2012,2.28
05/24/2012,2.28
05/25/2012,2.28
05/26/2012,2.55
05/27/2012,2.55
05/28/2012,2.55
05/29/2012,2.55
05/30/2012,2.55
05/31/2012,2.55
06/01/2012,2.55
06/02/2012,2.16
06/03/2012,2.16
06/04/2012,2.16
06/05/2012,2.16
06/06/2012,2.16
06/07/2012,2.16
06/08/2012,2.16
06/09/2012,2.15
06/10/2012,2.15
06/11/2012,2.15
06/12/2012,2.15
06/13/2012,2.15
06/14/2012,2.15
06/15/2012,2.15
06/16/2012,2.15
06/17/2012,2.15
06/18/2012,2.15
06/19/2012,2.15
06/20/2012,2.15
06/21/2012,2.15
06/22/2012,2.15
06/23/2012,2.32
06/24/2012,2.32
06/25/2012,2.32
06/26/2012,2.32
06/27/2012,2.32
06/28/2012,2.32
06/29/2012,2.32
06/30/2012,2.41
07/01/2012,2.41
07/02/2012,2.41
07/03/2012,2.41
07/04/2012,2.41
07/05/2012,2.41
07/06/2012,2.41
07/07/2012,2.41
07/08/2012,2.41
07/09/2012,2.41
07/10/2012,2.41
07/11/2012,2.41
07/12/2012,2.41
07/13/2012,2.41
07/14/2012,2.13
07/15/2012,2.13
07/16/2012,2.13
07/17/2012,2.13
07/18/2012,2.13
07/19/2012,2.13
07/20/2012,2.13
07/21/2012,1.93
07/22/2012,1.93
07/23/2012,1.93
07/24/2012,1.93
07/25/2012,1.93
07/26/2012,1.93
07/27/2012,1.93
07/28/2012,2.05
07/29/2012,2.05
07/30/2012,2.05
07/31/2012,2.05
08/01/2012,2.05
08/02/2012,2.05
08/03/2012,2.05
08/04/2012,2.25
08/05/2012,2.25
08/06/2012,2.25
08/07/2012,2.25
08/08/2012,2.25
08/09/2012,2.25
08/10/2012,2.25
08/11/2012,2.42
08/12/2012,2.42
08/13/2012,2.42
08/14/2012,2.42
08/15/2012,2.42
08/16/2012,2.42
08/17/2012,2.42
08/18/2012,2.11
08/19/2012,2.11
08/20/2012,2.11
08/21/2012,2.11
08/22/2012,2.11
08/23/2012,2.11
08/24/2012,2.11
08/25/2012,1.91
08/26/2012,1.91
08/27/2012,1.91
08/28/2012,1.91
08/29/2012,1.91
08/30/2012,1.91
08/31/2012,1.91
09/01/2012,2.38
09/02/2012,2.38
09/03/2012,2.38
09/04/2012,2.38
09/05/2012,2.38
09/06/2012,2.38
09/07/2012,2.38
09/08/2012,2.53
09/09/2012,2.53
09/10/2012,2.53
09/11/2012,2.53
09/12/2012,2.53
09/13/2012,2.53
09/14/2012,2.53
09/15/2012,2.24
09/16/2012,2.24
09/17/2012,2.24
09/18/2012,2.24
09/19/2012,2.24
09/20/2012,2.24
09/21/2012,2.24
09/22/2012,2.17
09/23/2012,2.17
09/24/2012,2.17
09/25/2012,2.17
09/26/2012,2.17
09/27/2012,2.17
09/28/2012,2.17
09/29/2012,2.28
09/30/2012,2.28
10/01/2012,2.28
10/02/2012,2.28
10/03/2012,2.28
10/04/2012,2.28
10/05/2012,2.28
10/06/2012,2.2
10/07/2012,2.2
10/08/2012,2.2
10/09/2012,2.2
10/10/2012,2.2
10/11/2012,2.2
10/12/2012,2.2
10/13/2012,2.32
10/14/2012,2.32
10/15/2012,2.32
10/16/2012,2.32
10/17/2012,2.32
10/18/2012,2.32
10/19/2012,2.32
10/20/2012,2.16
10/21/2012,2.16
10/22/2012,2.16
10/23/2012,2.16
10/24/2012,2.16
10/25/2012,2.16
10/26/2012,2.16
10/27/2012,2.05
10/28/2012,2.05
10/29/2012,2.05
10/30/2012,2.05
10/31/2012,2.05
11/01/2012,2.05
11/02/2012,2.05
11/03/2012,1.52
11/04/2012,1.52
11/05/2012,1.52
11/06/2012,1.52
11/07/2012,1.52
11/08/2012,1.52
11/09/2012,1.52
11/10/2012,1.93
11/11/2012,1.93
11/12/2012,1.93
11/13/2012,1.93
11/14/2012,1.93
11/15/2012,1.93
11/16/2012,1.93
11/17/2012,2.15
11/18/2012,2.15
11/19/2012,2.15
11/20/2012,2.15
11/21/2012,2.15
11/22/2012,2.15
11/23/2012,2.15
11/24/2012,2.44
11/25/2012,2.44
11/26/2012,2.44
11/27/2012,2.44
11/28/2012,2.44
11/29/2012,2.44
11/30/2012,2.44
12/01/2012,2.19
12/02/2012,2.19
12/03/2012,2.19
12/04/2012,2.19
12/05/2012,2.19
12/06/2012,2.19
12/07/2012,2.19
12/08/2012,1.75
12/09/2012,1.75
12/10/2012,1.75
12/11/2012,1.75
12/12/2012,1.75
12/13/2012,1.75
12/14/2012,1.75
12/15/2012,2.19
12/16/2012,2.19
12/17/2012,2.19
12/18/2012,2.19
12/19/2012,2.19
12/20/2012,2.19
12/21/2012,2.19
12/22/2012,2.42
12/23/2012,2.42
12/24/2012,2.42
12/25/2012,2.42
12/26/2012,2.42
12/27/2012,2.42
12/28/2012,2.42
12/29/2012,2.3
12/30/2012,2.3
12/31/2012,2.3
01/01/2013,2.3
01/02/2013,2.3
01/03/2013,2.3
01/04/2013,2.3
01/05/2013,2.51
01/06/2013,2.51
01/07/2013,2.51
01/08/2013,2.51
01/09/2013,2.51
01/10/2013,2.51
01/11/2013,2.51
01/12/2013,2.8
01/13/2013,2.8
01/14/2013,2.8
01/15/2013,2.8
01/16/2013,2.8
01/17/2013,2.8
01/18/2013,2.8
01/19/2013,2.59
01/20/2013,2.59
01/21/2013,2.59
01/22/2013,2.59
01/23/2013,2.59
01/24/2013,2.59
01/25/2013,2.59
01/26/2013,2.65
01/27/2013,2.65
01/28/2013,2.65
01/29/2013,2.65
01/30/2013,2.65
01/31/2013,2.65
02/01/2013,2.65
02/02/2013,2.52
02/03/2013,2.52
02/04/2013,2.52
02/05/2013,2.52
02/06/2013,2.52
02/07/2013,2.52
02/08/2013,2.52
02/09/2013,2.16
02/10/2013,2.16
02/11/2013,2.16
02/12/2013,2.16
02/13/2013,2.16
02/14/2013,2.16
02/15/2013,2.16
02/16/2013,2.31
02/17/2013,2.31
02/18/2013,2.31
02/19/2013,2.31
02/20/2013,2.31
02/21/2013,2.31
02/22/2013,2.31
02/23/2013,2.2
02/24/2013,2.2
02/25/2013,2.2
02/26/2013,2.2
02/27/2013,2.2
02/28/2013,2.2
03/01/2013,2.2
03/02/2013,2.2
03/03/2013,2.2
03/04/2013,2.2
03/05/2013,2.2
03/06/2013,2.2
03/07/2013,2.2
03/08/2013,2.2
03/09/2013,1.96
03/10/2013,1.96
03/11/2013,1.96
03/12/2013,1.96
03/13/2013,1.96
03/14/2013,1.96
03/15/2013,1.96
03/16/2013,2.06
03/17/2013,2.06
03/18/2013,2.06
03/19/2013,2.06
03/20/2013,2.06
03/21/2013,2.06
03/22/2013,2.06
03/23/2013,2.08
03/24/2013,2.08
03/25/2013,2.08
03/26/2013,2.08
03/27/2013,2.08
03/28/2013,2.08
03/29/2013,2.08
03/30/2013,1.83
03/31/2013,1.83
04/01/2013,1.83
04/02/2013,1.83
04/03/2013,1.83
04/04/2013,1.83
04/05/2013,1.83
04/06/2013,1.83
04/07/2013,1.83
04/08/2013,1.83
04/09/2013,1.83
04/10/2013,1.83
04/11/2013,1.83
04/12/2013,1.83
04/13/2013,1.7
04/14/2013,1.7
04/15/2013,1.7
04/16/2013,1.7
04/17/2013,1.7
04/18/2013,1.7
04/19/2013,1.7
04/20/2013,1.95
04/21/2013,1.95
04/22/2013,1.95
04/23/2013,1.95
04/24/2013,1.95
04/25/2013,1.95
04/26/2013,1.95
04/27/2013,1.66
04/28/2013,1.66
04/29/2013,1.66
04/30/2013,1.66
05/01/2013,1.66
05/02/2013,1.66
05/03/2013,1.66
05/04/2013,1.49
05/05/2013,1.49
05/06/2013,1.49
05/07/2013,1.49
05/08/2013,1.49
05/09/2013,1.49
05/10/2013,1.49
05/11/2013,1.73
05/12/2013,1.73
05/13/2013,1.73
05/14/2013,1.73
05/15/2013,1.73
05/16/2013,1.73
05/17/2013,1.73
05/18/2013,2.07
05/19/2013,2.07
05/20/2013,2.07
05/21/2013,2.07
05/22/2013,2.07
05/23/2013,2.07
05/24/2013,2.07
05/25/2013,1.69
05/26/2013,1.69
05/27/2013,1.69
05/28/2013,1.69
05/29/2013,1.69
05/30/2013,1.69
05/31/2013,1.69
06/01/2013,2.12
06/02/2013,2.12
06/03/2013,2.12
06/04/2013,2.12
06/05/2013,2.12
06/06/2013,2.12
06/07/2013,2.12
06/08/2013,1.8
06/09/2013,1.8
06/10/2013,1.8
06/11/2013,1.8
06/12/2013,1.8
06/13/2013,1.8
06/14/2013,1.8
06/15/2013,2.28
06/16/2013,2.28
06/17/2013,2.28
06/18/2013,2.28
06/19/2013,2.28
06/20/2013,2.28
06/21/2013,2.28
06/22/2013,2.16
06/23/2013,2.16
06/24/2013,2.16
06/25/2013,2.16
06/26/2013,2.16
06/27/2013,2.16
06/28/2013,2.16
06/29/2013,2.38
06/30/2013,2.38
07/01/2013,2.38
07/02/2013,2.38
07/03/2013,2.38
07/04/2013,2.38
07/05/2013,2.38
07/06/2013,2.22
07/07/2013,2.22
07/08/2013,2.22
07/09/2013,2.22
07/10/2013,2.22
07/11/2013,2.22
07/12/2013,2.22
07/13/2013,2.23
07/14/2013,2.23
07/15/2013,2.23
07/16/2013,2.23
07/17/2013,2.23
07/18/2013,2.23
07/19/2013,2.23
07/20/2013,2.52
07/21/2013,2.52
07/22/2013,2.52
07/23/2013,2.52
07/24/2013,2.52
07/25/2013,2.52
07/26/2013,2.52
07/27/2013,2.12
07/28/2013,2.12
07/29/2013,2.12
07/30/2013,2.12
07/31/2013,2.12
08/01/2013,2.12
08/02/2013,2.12
08/03/2013,2.08
08/04/2013,2.08
08/05/2013,2.08
08/06/2013,2.08
08/07/2013,2.08
08/08/2013,2.08
08/09/2013,2.08
08/10/2013,2.07
08/11/2013,2.07
08/12/2013,2.07
08/13/2013,2.07
08/14/2013,2.07
08/15/2013,2.07
08/16/2013,2.07
08/17/2013,2.17
08/18/2013,2.17
08/19/2013,2.17
08/20/2013,2.17
08/21/2013,2.17
08/22/2013,2.17
08/23/2013,2.17
08/24/2013,2.44
08/25/2013,2.44
08/26/2013,2.44
08/27/2013,2.44
08/28/2013,2.44
08/29/2013,2.44
08/30/2013,2.44
08/31/2013,2.64
09/01/2013,2.64
09/02/2013,2.64
09/03/2013,2.64
09/04/2013,2.64
09/05/2013,2.64
09/06/2013,2.64
09/07/2013,2.57
09/08/2013,2.57
09/09/2013,2.57
09/10/2013,2.57
09/11/2013,2.57
09/12/2013,2.57
09/13/2013,2.57
09/14/2013,2.76
09/15/2013,2.76
09/16/2013,2.76
09/17/2013,2.76
09/18/2013,2.76
09/19/2013,2.76
09/20/2013,2.76
09/21/2013,2.37
09/22/2013,2.37
09/23/2013,2.37
09/24/2013,2.37
09/25/2013,2.37
09/26/2013,2.37
09/27/2013,2.37
09/28/2013,2.26
09/29/2013,2.26
09/30/2013,2.26
10/01/2013,2.26
10/02/2013,2.26
10/03/2013,2.26
10/04/2013,2.26
10/05/2013,2.43
10/06/2013,2.43
10/07/2013,2.43
10/08/2013,2.43
10/09/2013,2.43
10/10/2013,2.43
10/11/2013,2.43
10/12/2013,2.19
10/13/2013,2.19
10/14/2013,2.19
10/15/2013,2.19
10/16/2013,2.19
10/17/2013,2.19
10/18/2013,2.19
10/19/2013,2.14
10/20/2013,2.14
10/21/2013,2.14
10/22/2013,2.14
10/23/2013,2.14
10/24/2013,2.14
10/25/2013,2.14
10/26/2013,2.63
10/27/2013,2.63
10/28/2013,2.63
10/29/2013,2.63
10/30/2013,2.63
10/31/2013,2.63
11/01/2013,2.63
11/02/2013,3.15
11/03/2013,3.15
11/04/2013,3.15
11/05/2013,3.15
11/06/2013,3.15
11/07/2013,3.15
11/08/2013,3.15
11/09/2013,2.36
11/10/2013,2.36
11/11/2013,2.36
11/12/2013,2.36
11/13/2013,2.36
11/14/2013,2.36
11/15/2013,2.36
11/16/2013,2.47
11/17/2013,2.47
11/18/2013,2.47
11/19/2013,2.47
11/20/2013,2.47
11/21/2013,2.47
11/22/2013,2.47
11/23/2013,3.55
11/24/2013,3.55
11/25/2013,3.55
11/26/2013,3.55
11/27/2013,3.55
11/28/2013,3.55
11/29/2013,3.55
11/30/2013,2.15
12/01/2013,2.15
12/02/2013,2.15
12/03/2013,2.15
12/04/2013,2.15
12/05/2013,2.15
12/06/2013,2.15
12/07/2013,2.12
12/08/2013,2.12
12/09/2013,2.12
12/10/2013,2.12
12/11/2013,2.12
12/12/2013,2.12
12/13/2013,2.12
12/14/2013,2.37
12/15/2013,2.37
12/16/2013,2.37
12/17/2013,2.37
12/18/2013,2.37
12/19/2013,2.37
12/20/2013,2.37
12/21/2013,2.74
12/22/2013,2.74
12/23/2013,2.74
12/24/2013,2.74
12/25/2013,2.74
12/26/2013,2.74
12/27/2013,2.74
12/28/2013,2.54
12/29/2013,2.54
12/30/2013,2.54
12/31/2013,2.54
01/01/2014,2.54
01/02/2014,2.54
01/03/2014,2.54
01/04/2014,2.1
01/05/2014,2.1
01/06/2014,2.1
01/07/2014,2.1
01/08/2014,2.1
01/09/2014,2.1
01/10/2014,2.1
01/11/2014,1.6
01/12/2014,1.6
01/13/2014,1.6
01/14/2014,1.6
01/15/2014,1.6
01/16/2014,1.6
01/17/2014,1.6
01/18/2014,1.7
01/19/2014,1.7
01/20/2014,1.7
01/21/2014,1.7
01/22/2014,1.7
01/23/2014,1.7
01/24/2014,1.7
01/25/2014,2.21
01/26/2014,2.21
01/27/2014,2.21
01/28/2014,2.21
01/29/2014,2.21
01/30/2014,2.21
01/31/2014,2.21
02/01/2014,2.1
02/02/2014,2.1
02/03/2014,2.1
02/04/2014,2.1
02/05/2014,2.1
02/06/2014,2.1
02/07/2014,2.1
02/08/2014,1.95
02/09/2014,1.95
02/10/2014,1.95
02/11/2014,1.95
02/12/2014,1.95
02/13/2014,1.95
02/14/2014,1.95
02/15/2014,2.05
02/16/2014,2.05
02/17/2014,2.05
02/18/2014,2.05
02/19/2014,2.05
02/20/2014,2.05
02/21/2014,2.05
02/22/2014,2.19
02/23/2014,2.19
02/24/2014,2.19
02/25/2014,2.19
02/26/2014,2.19
02/27/2014,2.19
02/28/2014,2.19
03/01/2014,2.37
03/02/2014,2.37
03/03/2014,2.37
03/04/2014,2.37
03/05/2014,2.37
03/06/2014,2.37
03/07/2014,2.37
03/08/2014,2.7
03/09/2014,2.7
03/10/2014,2.7
03/11/2014,2.7
03/12/2014,2.7
03/13/2014,2.7
03/14/2014,2.7
03/15/2014,2.86
03/16/2014,2.86
03/17/2014,2.86
03/18/2014,2.86
03/19/2014,2.86
03/20/2014,2.86
03/21/2014,2.86
03/22/2014,2.72
03/23/2014,2.72
03/24/2014,2.72
03/25/2014,2.72
03/26/2014,2.72
03/27/2014,2.72
03/28/2014,2.72
03/29/2014,2.86
03/30/2014,2.86
03/31/2014,2.86
04/01/2014,2.86
04/02/2014,2.86
04/03/2014,2.86
04/04/2014,2.86
04/05/2014,2.83
04/06/2014,2.83
04/07/2014,2.83
04/08/2014,2.83
04/09/2014,2.83
04/10/2014,2.83
04/11/2014,2.83
04/12/2014,2.7
04/13/2014,2.7
04/14/2014,2.7
04/15/2014,2.7
04/16/2014,2.7
04/17/2014,2.7
04/18/2014,2.7
04/19/2014,2.35
04/20/2014,2.35
04/21/2014,2.35
04/22/2014,2.35
04/23/2014,2.35
04/24/2014,2.35
04/25/2014,2.35
04/26/2014,2.7
04/27/2014,2.7
04/28/2014,2.7
04/29/2014,2.7
04/30/2014,2.7
05/01/2014,2.7
05/02/2014,2.7
05/03/2014,2.8
05/04/2014,2.8
05/05/2014,2.8
05/06/2014,2.8
05/07/2014,2.8
05/08/2014,2.8
05/09/2014,2.8
05/10/2014,2.9
05/11/2014,2.9
05/12/2014,2.9
05/13/2014,2.9
05/14/2014,2.9
05/15/2014,2.9
05/16/2014,2.9
05/17/2014,2.43
05/18/2014,2.43
05/19/2014,2.43
05/20/2014,2.43
05/21/2014,2.43
05/22/2014,2.43
05/23/2014,2.43
05/24/2014,2.74
05/25/2014,2.74
05/26/2014,2.74
05/27/2014,2.74
05/28/2014,2.74
05/29/2014,2.74
05/30/2014,2.74
05/31/2014,2.69
06/01/2014,2.69
06/02/2014,2.69
06/03/2014,2.69
06/04/2014,2.69
06/05/2014,2.69
06/06/2014,2.69
06/07/2014,2.58
06/08/2014,2.58
06/09/2014,2.58
06/10/2014,2.58
06/11/2014,2.58
06/12/2014,2.58
06/13/2014,2.58
06/14/2014,2.49
06/15/2014,2.49
06/16/2014,2.49
06/17/2014,2.49
06/18/2014,2.49
06/19/2014,2.49
06/20/2014,2.49
06/21/2014,2.46
06/22/2014,2.46
06/23/2014,2.46
06/24/2014,2.46
06/25/2014,2.46
06/26/2014,2.46
06/27/2014,2.46
06/28/2014,2.16
06/29/2014,2.16
06/30/2014,2.16
07/01/2014,2.16
07/02/2014,2.16
07/03/2014,2.16
07/04/2014,2.16
07/05/2014,2.89
07/06/2014,2.89
07/07/2014,2.89
07/08/2014,2.89
07/09/2014,2.89
07/10/2014,2.89
07/11/2014,2.89
07/12/2014,2.52
07/13/2014,2.52
07/14/2014,2.52
07/15/2014,2.52
07/16/2014,2.52
07/17/2014,2.52
07/18/2014,2.52
07/19/2014,2.13
07/20/2014,2.13
07/21/2014,2.13
07/22/2014,2.13
07/23/2014,2.13
07/24/2014,2.13
07/25/2014,2.13
07/26/2014,2.53
07/27/2014,2.53
07/28/2014,2.53
07/29/2014,2.53
07/30/2014,2.53
07/31/2014,2.53
08/01/2014,2.53
08/02/2014,2.87
08/03/2014,2.87
08/04/2014,2.87
08/05/2014,2.87
08/06/2014,2.87
08/07/2014,2.87
08/08/2014,2.87
08/09/2014,2.63
08/10/2014,2.63
08/11/2014,2.63
08/12/2014,2.63
08/13/2014,2.63
08/14/2014,2.63
08/15/2014,2.63
08/16/2014,2.54
08/17/2014,2.54
08/18/2014,2.54
08/19/2014,2.54
08/20/2014,2.54
08/21/2014,2.54
08/22/2014,2.54
08/23/2014,2.63
08/24/2014,2.63
08/25/2014,2.63
08/26/2014,2.63
08/27/2014,2.63
08/28/2014,2.63
08/29/2014,2.63
08/30/2014,2.75
08/31/2014,2.75
09/01/2014,2.75
09/02/2014,2.75
09/03/2014,2.75
09/04/2014,2.75
09/05/2014,2.75
09/06/2014,2.56
09/07/2014,2.56
09/08/2014,2.56
09/09/2014,2.56
09/10/2014,2.56
09/11/2014,2.56
09/12/2014,2.56
09/13/2014,2.45
09/14/2014,2.45
09/15/2014,2.45
09/16/2014,2.45
09/17/2014,2.45
09/18/2014,2.45
09/19/2014,2.45
09/20/2014,2.64
09/21/2014,2.64
09/22/2014,2.64
09/23/2014,2.64
09/24/2014,2.64
09/25/2014,2.64
09/26/2014,2.64
09/27/2014,2.62
09/28/2014,2.62
09/29/2014,2.62
09/30/2014,2.62
10/01/2014,2.62
10/02/2014,2.62
10/03/2014,2.62
10/04/2014,2.6
10/05/2014,2.6
10/06/2014,2.6
10/07/2014,2.6
10/08/2014,2.6
10/09/2014,2.6
10/10/2014,2.6
10/11/2014,2.82
10/12/2014,2.82
10/13/2014,2.82
10/14/2014,2.82
10/15/2014,2.82
10/16/2014,2.82
10/17/2014,2.82
10/18/2014,2.72
10/19/2014,2.72
10/20/2014,2.72
10/21/2014,2.72
10/22/2014,2.72
10/23/2014,2.72
10/24/2014,2.72
10/25/2014,2.64
10/26/2014,2.64
10/27/2014,2.64
10/28/2014,2.64
10/29/2014,2.64
10/30/2014,2.64
10/31/2014,2.64
11/01/2014,2.49
11/02/2014,2.49
11/03/2014,2.49
11/04/2014,2.49
11/05/2014,2.49
11/06/2014,2.49
11/07/2014,2.49
11/08/2014,2.65
11/09/2014,2.65
11/10/2014,2.65
11/11/2014,2.65
11/12/2014,2.65
11/13/2014,2.65
11/14/2014,2.65
11/15/2014,2.6
11/16/2014,2.6
11/17/2014,2.6
11/18/2014,2.6
11/19/2014,2.6
11/20/2014,2.6
11/21/2014,2.6
11/22/2014,2.84
11/23/2014,2.84
11/24/2014,2.84
11/25/2014,2.84
11/26/2014,2.84
11/27/2014,2.84
11/28/2014,2.84
11/29/2014,2.87
11/30/2014,2.87
12/01/2014,2.87
12/02/2014,2.87
12/03/2014,2.87
12/04/2014,2.87
12/05/2014,2.87
12/06/2014,3.05
12/07/2014,3.05
12/08/2014,3.05
12/09/2014,3.05
12/10/2014,3.05
12/11/2014,3.05
12/12/2014,3.05
12/13/2014,2.96
12/14/2014,2.96
12/15/2014,2.96
12/16/2014,2.96
12/17/2014,2.96
12/18/2014,2.96
12/19/2014,2.96
12/20/2014,3.19
12/21/2014,3.19
12/22/2014,3.19
12/23/2014,3.19
12/24/2014,3.19
12/25/2014,3.19
12/26/2014,3.19
12/27/2014,3.29
12/28/2014,3.29
12/29/2014,3.29
12/30/2014,3.29
12/31/2014,3.29
01/01/2015,3.29
01/02/2015,3.29
01/03/2015,2.49
01/04/2015,2.49
01/05/2015,2.49
01/06/2015,2.49
01/07/2015,2.49
01/08/2015,2.49
01/09/2015,2.49
01/10/2015,3.06
01/11/2015,3.06
01/12/2015,3.06
01/13/2015,3.06
01/14/2015,3.06
01/15/2015,3.06
01/16/2015,3.06
01/17/2015,2.96
01/18/2015,2.96
01/19/2015,2.96
01/20/2015,2.96
01/21/2015,2.96
01/22/2015,2.96
01/23/2015,2.96
01/24/2015,2.49
01/25/2015,2.49
01/26/2015,2.49
01/27/2015,2.49
01/28/2015,2.49
01/29/2015,2.49
01/30/2015,2.49
01/31/2015,2.58
02/01/2015,2.58
02/02/2015,2.58
02/03/2015,2.58
02/04/2015,2.58
02/05/2015,2.58
02/06/2015,2.58
02/07/2015,2.59
02/08/2015,2.59
02/09/2015,2.59
02/10/2015,2.59
02/11/2015,2.59
02/12/2015,2.59
02/13/2015,2.59
02/14/2015,3.02
02/15/2015,3.02
02/16/2015,3.02
02/17/2015,3.02
02/18/2015,3.02
02/19/2015,3.02
02/20/2015,3.02
02/21/2015,2.72
02/22/2015,2.72
02/23/2015,2.72
02/24/2015,2.72
02/25/2015,2.72
02/26/2015,2.72
02/27/2015,2.72
02/28/2015,2.32
03/01/2015,2.32
03/02/2015,2.32
03/03/2015,2.32
03/04/2015,2.32
03/05/2015,2.32
03/06/2015,2.32
03/07/2015,2.16
03/08/2015,2.16
03/09/2015,2.16
03/10/2015,2.16
03/11/2015,2.16
03/12/2015,2.16
03/13/2015,2.16
03/14/2015,2.32
03/15/2015,2.32
03/16/2015,2.32
03/17/2015,2.32
03/18/2015,2.32
03/19/2015,2.32
03/20/2015,2.32
03/21/2015,2.23
03/22/2015,2.23
03/23/2015,2.23
03/24/2015,2.23
03/25/2015,2.23
03/26/2015,2.23
03/27/2015,2.23
03/28/2015,2.39
03/29/2015,2.39
03/30/2015,2.39
03/31/2015,2.39
04/01/2015,2.39
04/02/2015,2.39
04/03/2015,2.39
04/04/2015,2.27
04/05/2015,2.27
04/06/2015,2.27
04/07/2015,2.27
04/08/2015,2.27
04/09/2015,2.27
04/10/2015,2.27
04/11/2015,2.1
04/12/2015,2.1
04/13/2015,2.1
04/14/2015,2.1
04/15/2015,2.1
04/16/2015,2.1
04/17/2015,2.1
04/18/2015,2.36
04/19/2015,2.36
04/20/2015,2.36
04/21/2015,2.36
04/22/2015,2.36
04/23/2015,2.36
04/24/2015,2.36
04/25/2015,2.31
04/26/2015,2.31
04/27/2015,2.31
04/28/2015,2.31
04/29/2015,2.31
04/30/2015,2.31
05/01/2015,2.31
05/02/2015,2.2
05/03/2015,2.2
05/04/2015,2.2
05/05/2015,2.2
05/06/2015,2.2
05/07/2015,2.2
05/08/2015,2.2
05/09/2015,2.11
05/10/2015,2.11
05/11/2015,2.11
05/12/2015,2.11
05/13/2015,2.11
05/14/2015,2.11
05/15/2015,2.11
05/16/2015,2.16
05/17/2015,2.16
05/18/2015,2.16
05/19/2015,2.16
05/20/2015,2.16
05/21/2015,2.16
05/22/2015,2.16
05/23/2015,1.95
05/24/2015,1.95
05/25/2015,1.95
05/26/2015,1.95
05/27/2015,1.95
05/28/2015,1.95
05/29/2015,1.95
05/30/2015,1.66
05/31/2015,1.66
06/01/2015,1.66
06/02/2015,1.66
06/03/2015,1.66
06/04/2015,1.66
06/05/2015,1.66
06/06/2015,2.13
06/07/2015,2.13
06/08/2015,2.13
06/09/2015,2.13
06/10/2015,2.13
06/11/2015,2.13
06/12/2015,2.13
06/13/2015,2.13
06/14/2015,2.13
06/15/2015,2.13
06/16/2015,2.13
06/17/2015,2.13
06/18/2015,2.13
06/19/2015,2.13
06/20/2015,2.06
06/21/2015,2.06
06/22/2015,2.06
06/23/2015,2.06
06/24/2015,2.06
06/25/2015,2.06
06/26/2015,2.06
06/27/2015,1.98
06/28/2015,1.98
06/29/2015,1.98
06/30/2015,1.98
07/01/2015,1.98
07/02/2015,1.98
07/03/2015,1.98
07/04/2015,1.89
07/05/2015,1.89
07/06/2015,1.89
07/07/2015,1.89
07/08/2015,1.89
07/09/2015,1.89
07/10/2015,1.89
07/11/2015,1.75
07/12/2015,1.75
07/13/2015,1.75
07/14/2015,1.75
07/15/2015,1.75
07/16/2015,1.75
07/17/2015,1.75
07/18/2015,2.24
07/19/2015,2.24
07/20/2015,2.24
07/21/2015,2.24
07/22/2015,2.24
07/23/2015,2.24
07/24/2015,2.24
07/25/2015,1.86
07/26/2015,1.86
07/27/2015,1.86
07/28/2015,1.86
07/29/2015,1.86
07/30/2015,1.86
07/31/2015,1.86
08/01/2015,1.98
08/02/2015,1.98
08/03/2015,1.98
08/04/2015,1.98
08/05/2015,1.98
08/06/2015,1.98
08/07/2015,1.98
08/08/2015,1.99
08/09/2015,1.99
08/10/2015,1.99
08/11/2015,1.99
08/12/2015,1.99
08/13/2015,1.99
08/14/2015,1.99
08/15/2015,2.35
08/16/2015,2.35
08/17/2015,2.35
08/18/2015,2.35
08/19/2015,2.35
08/20/2015,2.35
08/21/2015,2.35
08/22/2015,1.89
08/23/2015,1.89
08/24/2015,1.89
08/25/2015,1.89
08/26/2015,1.89
08/27/2015,1.89
08/28/2015,1.89
08/29/2015,1.55
08/30/2015,1.55
08/31/2015,1.55
09/01/2015,1.55
09/02/2015,1.55
09/03/2015,1.55
09/04/2015,1.55
09/05/2015,2.28
09/06/2015,2.28
09/07/2015,2.28
09/08/2015,2.28
09/09/2015,2.28
09/10/2015,2.28
09/11/2015,2.28
09/12/2015,1.52
09/13/2015,1.52
09/14/2015,1.52
09/15/2015,1.52
09/16/2015,1.52
09/17/2015,1.52
09/18/2015,1.52
09/19/2015,1.98
09/20/2015,1.98
09/21/2015,1.98
09/22/2015,1.98
09/23/2015,1.98
09/24/2015,1.98
09/25/2015,1.98
09/26/2015,1.81
09/27/2015,1.81
09/28/2015,1.81
09/29/2015,1.81
09/30/2015,1.81
10/01/2015,1.81
10/02/2015,1.81
10/03/2015,1.99
10/04/2015,1.99
10/05/2015,1.99
10/06/2015,1.99
10/07/2015,1.99
10/08/2015,1.99
10/09/2015,1.99
10/10/2015,1.61
10/11/2015,1.61
10/12/2015,1.61
10/13/2015,1.61
10/14/2015,1.61
10/15/2015,1.61
10/16/2015,1.61
10/17/2015,1.89
10/18/2015,1.89
10/19/2015,1.89
10/20/2015,1.89
10/21/2015,1.89
10/22/2015,1.89
10/23/2015,1.89
10/24/2015,1.72
10/25/2015,1.72
10/26/2015,1.72
10/27/2015,1.72
10/28/2015,1.72
10/29/2015,1.72
10/30/2015,1.72
10/31/2015,1.58
11/01/2015,1.58
11/02/2015,1.58
11/03/2015,1.58
11/04/2015,1.58
11/05/2015,1.58
11/06/2015,1.58
11/07/2015,1.45
11/08/2015,1.45
11/09/2015,1.45
11/10/2015,1.45
11/11/2015,1.45
11/12/2015,1.45
11/13/2015,1.45
11/14/2015,1.24
11/15/2015,1.24
11/16/2015,1.24
11/17/2015,1.24
11/18/2015,1.24
11/19/2015,1.24
11/20/2015,1.24
11/21/2015,0.8
11/22/2015,0.8
11/23/2015,0.8
11/24/2015,0.8
11/25/2015,0.8
11/26/2015,0.8
11/27/2015,0.8
11/28/2015,1.33
11/29/2015,1.33
11/30/2015,1.33
12/01/2015,1.33
12/02/2015,1.33
12/03/2015,1.33
12/04/2015,1.33
12/05/2015,1.48
12/06/2015,1.48
12/07/2015,1.48
12/08/2015,1.48
12/09/2015,1.48
12/10/2015,1.48
12/11/2015,1.48
12/12/2015,0.71
12/13/2015,0.71
12/14/2015,0.71
12/15/2015,0.71
12/16/2015,0.71
12/17/2015,0.71
12/18/2015,0.71
12/19/2015,0.86
12/20/2015,0.86
12/21/2015,0.86
12/22/2015,0.86
12/23/2015,0.86
12/24/2015,0.86
12/25/2015,0.86
12/26/2015,1.0
12/27/2015,1.0
12/28/2015,1.0
12/29/2015,1.0
12/30/2015,1.0
12/31/2015,1.0
01/01/2016,1.0
01/02/2016,0.79
01/03/2016,0.79
01/04/2016,0.79
01/05/2016,0.79
01/06/2016,0.79
01/07/2016,0.79
01/08/2016,0.79
01/09/2016,0.64
01/10/2016,0.64
01/11/2016,0.64
01/12/2016,0.64
01/13/2016,0.64
01/14/2016,0.64
01/15/2016,0.64
01/16/2016,0.84
01/17/2016,0.84
01/18/2016,0.84
01/19/2016,0.84
01/20/2016,0.84
01/21/2016,0.84
01/22/2016,0.84
01/23/2016,1.01
01/24/2016,1.01
01/25/2016,1.01
01/26/2016,1.01
01/27/2016,1.01
01/28/2016,1.01
01/29/2016,1.01
01/30/2016,1.16
01/31/2016,1.16
02/01/2016,1.16
02/02/2016,1.16
02/03/2016,1.16
02/04/2016,1.16
02/05/2016,1.16
02/06/2016,1.32
02/07/2016,1.32
02/08/2016,1.32
02/09/2016,1.32
02/10/2016,1.32
02/11/2016,1.32
02/12/2016,1.32
02/13/2016,1.41
02/14/2016,1.41
02/15/2016,1.41
02/16/2016,1.41
02/17/2016,1.41
02/18/2016,1.41
02/19/2016,1.41
02/20/2016,1.52
02/21/2016,1.52
02/22/2016,1.52
02/23/2016,1.52
02/24/2016,1.52
02/25/2016,1.52
02/26/2016,1.52
02/27/2016,1.27
02/28/2016,1.27
02/29/2016,1.27
03/01/2016,1.27
03/02/2016,1.27
03/03/2016,1.27
03/04/2016,1.27
03/05/2016,1.53
03/06/2016,1.53
03/07/2016,1.53
03/08/2016,1.53
03/09/2016,1.53
03/10/2016,1.53
03/11/2016,1.53
03/12/2016,1.13
03/13/2016,1.13
03/14/2016,1.13
03/15/2016,1.13
03/16/2016,1.13
03/17/2016,1.13
03/18/2016,1.13
03/19/2016,1.1
03/20/2016,1.1
03/21/2016,1.1
03/22/2016,1.1
03/23/2016,1.1
03/24/2016,1.1
03/25/2016,1.1
03/26/2016,0.93
03/27/2016,0.93
03/28/2016,0.93
03/29/2016,0.93
03/30/2016,0.93
03/31/2016,0.93
04/01/2016,0.93
04/02/2016,1.14
04/03/2016,1.14
04/04/2016,1.14
04/05/2016,1.14
04/06/2016,1.14
04/07/2016,1.14
04/08/2016,1.14
04/09/2016,1.53
04/10/2016,1.53
04/11/2016,1.53
04/12/2016,1.53
04/13/2016,1.53
04/14/2016,1.53
04/15/2016,1.53
04/16/2016,1.46
04/17/2016,1.46
04/18/2016,1.46
04/19/2016,1.46
04/20/2016,1.46
04/21/2016,1.46
04/22/2016,1.46
04/23/2016,1.28
04/24/2016,1.28
04/25/2016,1.28
04/26/2016,1.28
04/27/2016,1.28
04/28/2016,1.28
04/29/2016,1.28
04/30/2016,1.61
05/01/2016,1.61
05/02/2016,1.61
05/03/2016,1.61
05/04/2016,1.61
05/05/2016,1.61
05/06/2016,1.61
05/07/2016,1.31
05/08/2016,1.31
05/09/2016,1.31
05/10/2016,1.31
05/11/2016,1.31
05/12/2016,1.31
05/13/2016,1.31
05/14/2016,1.67
05/15/2016,1.67
05/16/2016,1.67
05/17/2016,1.67
05/18/2016,1.67
05/19/2016,1.67
05/20/2016,1.67
05/21/2016,1.43
05/22/2016,1.43
05/23/2016,1.43
05/24/2016,1.43
05/25/2016,1.43
05/26/2016,1.43
05/27/2016,1.43
05/28/2016,2.42
05/29/2016,2.42
05/30/2016,2.42
05/31/2016,2.42
06/01/2016,2.42
06/02/2016,2.42
06/03/2016,2.42
06/04/2016,1.34
06/05/2016,1.34
06/06/2016,1.34
06/07/2016,1.34
06/08/2016,1.34
06/09/2016,1.34
06/10/2016,1.34
06/11/2016,1.62
06/12/2016,1.62
06/13/2016,1.62
06/14/2016,1.62
06/15/2016,1.62
06/16/2016,1.62
06/17/2016,1.62
06/18/2016,1.7
06/19/2016,1.7
06/20/2016,1.7
06/21/2016,1.7
06/22/2016,1.7
06/23/2016,1.7
06/24/2016,1.7
06/25/2016,1.74
06/26/2016,1.74
06/27/2016,1.74
06/28/2016,1.74
06/29/2016,1.74
06/30/2016,1.74
07/01/2016,1.74
07/02/2016,2.34
07/03/2016,2.34
07/04/2016,2.34
07/05/2016,2.34
07/06/2016,2.34
07/07/2016,2.34
07/08/2016,2.34
07/09/2016,1.26
07/10/2016,1.26
07/11/2016,1.26
07/12/2016,1.26
07/13/2016,1.26
07/14/2016,1.26
07/15/2016,1.26
07/16/2016,1.62
07/17/2016,1.62
07/18/2016,1.62
07/19/2016,1.62
07/20/2016,1.62
07/21/2016,1.62
07/22/2016,1.62
07/23/2016,1.95
07/24/2016,1.95
07/25/2016,1.95
07/26/2016,1.95
07/27/2016,1.95
07/28/2016,1.95
07/29/2016,1.95
07/30/2016,1.83
07/31/2016,1.83
08/01/2016,1.83
08/02/2016,1.83
08/03/2016,1.83
08/04/2016,1.83
08/05/2016,1.83
08/06/2016,1.97
08/07/2016,1.97
08/08/2016,1.97
08/09/2016,1.97
08/10/2016,1.97
08/11/2016,1.97
08/12/2016,1.97
08/13/2016,1.63
08/14/2016,1.63
08/15/2016,1.63
08/16/2016,1.63
08/17/2016,1.63
08/18/2016,1.63
08/19/2016,1.63
08/20/2016,1.76
08/21/2016,1.76
08/22/2016,1.76
08/23/2016,1.76
08/24/2016,1.76
08/25/2016,1.76
08/26/2016,1.76
08/27/2016,1.81
08/28/2016,1.81
08/29/2016,1.81
08/30/2016,1.81
08/31/2016,1.81
09/01/2016,1.81
09/02/2016,1.81
09/03/2016,1.72
09/04/2016,1.72
09/05/2016,1.72
09/06/2016,1.72
09/07/2016,1.72
09/08/2016,1.72
09/09/2016,1.72
09/10/2016,1.63
09/11/2016,1.63
09/12/2016,1.63
09/13/2016,1.63
09/14/2016,1.63
09/15/2016,1.63
09/16/2016,1.63
09/17/2016,1.65
09/18/2016,1.65
09/19/2016,1.65
09/20/2016,1.65
09/21/2016,1.65
09/22/2016,1.65
09/23/2016,1.65
09/24/2016,1.62
09/25/2016,1.62
09/26/2016,1.62
09/27/2016,1.62
09/28/2016,1.62
09/29/2016,1.62
09/30/2016,1.62
10/01/2016,1.89
10/02/2016,1.89
10/03/2016,1.89
10/04/2016,1.89
10/05/2016,1.89
10/06/2016,1.89
10/07/2016,1.89
10/08/2016,1.91
10/09/2016,1.91
10/10/2016,1.91
10/11/2016,1.91
10/12/2016,1.91
10/13/2016,1.91
10/14/2016,1.91
10/15/2016,1.68
10/16/2016,1.68
10/17/2016,1.68
10/18/2016,1.68
10/19/2016,1.68
10/20/2016,1.68
10/21/2016,1.68
10/22/2016,1.73
10/23/2016,1.73
10/24/2016,1.73
10/25/2016,1.73
10/26/2016,1.73
10/27/2016,1.73
10/28/2016,1.73
10/29/2016,1.96
10/30/2016,1.96
10/31/2016,1.96
11/01/2016,1.96
11/02/2016,1.96
11/03/2016,1.96
11/04/2016,1.96
11/05/2016,2.12
11/06/2016,2.12
11/07/2016,2.12
11/08/2016,2.12
11/09/2016,2.12
11/10/2016,2.12
11/11/2016,2.12
11/12/2016,1.97
11/13/2016,1.97
11/14/2016,1.97
11/15/2016,1.97
11/16/2016,1.97
11/17/2016,1.97
11/18/2016,1.97
11/19/2016,2.33
11/20/2016,2.33
11/21/2016,2.33
11/22/2016,2.33
11/23/2016,2.33
11/24/2016,2.33
11/25/2016,2.33
11/26/2016,2.19
11/27/2016,2.19
11/28/2016,2.19
11/29/2016,2.19
11/30/2016,2.19
12/01/2016,2.19
12/02/2016,2.19
12/03/2016,2.03
12/04/2016,2.03
12/05/2016,2.03
12/06/2016,2.03
12/07/2016,2.03
12/08/2016,2.03
12/09/2016,2.03
12/10/2016,2.23
12/11/2016,2.23
12/12/2016,2.23
12/13/2016,2.23
12/14/2016,2.23
12/15/2016,2.23
12/16/2016,2.23
12/17/2016,2.52
12/18/2016,2.52
12/19/2016,2.52
12/20/2016,2.52
12/21/2016,2.52
12/22/2016,2.52
12/23/2016,2.52
12/24/2016,3.34
12/25/2016,3.34
12/26/2016,3.34
12/27/2016,3.34
12/28/2016,3.34
12/29/2016,3.34
12/30/2016,3.34
12/31/2016,2.28
01/01/2017,2.28
01/02/2017,2.28
01/03/2017,2.28
01/04/2017,2.28
01/05/2017,2.28
01/06/2017,2.28
01/07/2017,1.88
01/08/2017,1.88
01/09/2017,1.88
01/10/2017,1.88
01/11/2017,1.88
01/12/2017,1.88
01/13/2017,1.88
01/14/2017,2.12
01/15/2017,2.12
01/16/2017,2.12
01/17/2017,2.12
01/18/2017,2.12
01/19/2017,2.12
01/20/2017,2.12
01/21/2017,1.48
01/22/2017,1.48
01/23/2017,1.48
01/24/2017,1.48
01/25/2017,1.48
01/26/2017,1.48
01/27/2017,1.48
01/28/2017,2.45
01/29/2017,2.45
01/30/2017,2.45
01/31/2017,2.45
02/01/2017,2.45
02/02/2017,2.45
02/03/2017,2.45
02/04/2017,2.77
02/05/2017,2.77
02/06/2017,2.77
02/07/2017,2.77
02/08/2017,2.77
02/09/2017,2.77
02/10/2017,2.77
02/11/2017,1.87
02/12/2017,1.87
02/13/2017,1.87
02/14/2017,1.87
02/15/2017,1.87
02/16/2017,1.87
02/17/2017,1.87
02/18/2017,2.28
02/19/2017,2.28
02/20/2017,2.28
02/21/2017,2.28
02/22/2017,2.28
02/23/2017,2.28
02/24/2017,2.28
02/25/2017,2.36
02/26/2017,2.36
02/27/2017,2.36
02/28/2017,2.36
03/01/2017,2.36
03/02/2017,2.36
03/03/2017,2.36
03/04/2017,2.52
03/05/2017,2.52
03/06/2017,2.52
03/07/2017,2.52
03/08/2017,2.52
03/09/2017,2.52
03/10/2017,2.52
03/11/2017,2.9
03/12/2017,2.9
03/13/2017,2.9
03/14/2017,2.9
03/15/2017,2.9
03/16/2017,2.9
03/17/2017,2.9
03/18/2017,2.71
03/19/2017,2.71
03/20/2017,2.71
03/21/2017,2.71
03/22/2017,2.71
03/23/2017,2.71
03/24/2017,2.71
03/25/2017,2.92
03/26/2017,2.92
03/27/2017,2.92
03/28/2017,2.92
03/29/2017,2.92
03/30/2017,2.92
03/31/2017,2.92
04/01/2017,2.82
04/02/2017,2.82
04/03/2017,2.82
04/04/2017,2.82
04/05/2017,2.82
04/06/2017,2.82
04/07/2017,2.82
04/08/2017,2.59
04/09/2017,2.59
04/10/2017,2.59
04/11/2017,2.59
04/12/2017,2.59
04/13/2017,2.59
04/14/2017,2.59
04/15/2017,2.54
04/16/2017,2.54
04/17/2017,2.54
04/18/2017,2.54
04/19/2017,2.54
04/20/2017,2.54
04/21/2017,2.54
04/22/2017,2.4
04/23/2017,2.4
04/24/2017,2.4
04/25/2017,2.4
04/26/2017,2.4
04/27/2017,2.4
04/28/2017,2.4
04/29/2017,2.74
04/30/2017,2.74
05/01/2017,2.74
05/02/2017,2.74
05/03/2017,2.74
05/04/2017,2.74
05/05/2017,2.74
05/06/2017,2.67
05/07/2017,2.67
05/08/2017,2.67
05/09/2017,2.67
05/10/2017,2.67
05/11/2017,2.67
05/12/2017,2.67
05/13/2017,2.49
05/14/2017,2.49
05/15/2017,2.49
05/16/2017,2.49
05/17/2017,2.49
05/18/2017,2.49
05/19/2017,2.49
05/20/2017,2.84
05/21/2017,2.84
05/22/2017,2.84
05/23/2017,2.84
05/24/2017,2.84
05/25/2017,2.84
05/26/2017,2.84
05/27/2017,2.2
05/28/2017,2.2
05/29/2017,2.2
05/30/2017,2.2
05/31/2017,2.2
06/01/2017,2.2
06/02/2017,2.2
06/03/2017,2.29
06/04/2017,2.29
06/05/2017,2.29
06/06/2017,2.29
06/07/2017,2.29
06/08/2017,2.29
06/09/2017,2.29
06/10/2017,2.24
06/11/2017,2.24
06/12/2017,2.24
06/13/2017,2.24
06/14/2017,2.24
06/15/2017,2.24
06/16/2017,2.24
06/17/2017,2.74
06/18/2017,2.74
06/19/2017,2.74
06/20/2017,2.74
06/21/2017,2.74
06/22/2017,2.74
06/23/2017,2.74
06/24/2017,2.29
06/25/2017,2.29
06/26/2017,2.29
06/27/2017,2.29
06/28/2017,2.29
06/29/2017,2.29
06/30/2017,2.29
07/01/2017,2.49
07/02/2017,2.49
07/03/2017,2.49
07/04/2017,2.49
07/05/2017,2.49
07/06/2017,2.49
07/07/2017,2.49
07/08/2017,2.63
07/09/2017,2.63
07/10/2017,2.63
07/11/2017,2.63
07/12/2017,2.63
07/13/2017,2.63
07/14/2017,2.63
07/15/2017,2.49
07/16/2017,2.49
07/17/2017,2.49
07/18/2017,2.49
07/19/2017,2.49
07/20/2017,2.49
07/21/2017,2.49
07/22/2017,2.39
07/23/2017,2.39
07/24/2017,2.39
07/25/2017,2.39
07/26/2017,2.39
07/27/2017,2.39
07/28/2017,2.39
07/29/2017,2.51
07/30/2017,2.51
07/31/2017,2.51
08/01/2017,2.51
08/02/2017,2.51
08/03/2017,2.51
08/04/2017,2.51
08/05/2017,2.51
08/06/2017,2.51
08/07/2017,2.51
08/08/2017,2.51
08/09/2017,2.51
08/10/2017,2.51
08/11/2017,2.51
08/12/2017,2.27
08/13/2017,2.27
08/14/2017,2.27
08/15/2017,2.27
08/16/2017,2.27
08/17/2017,2.27
08/18/2017,2.27
08/19/2017,2.6
08/20/2017,2.6
08/21/2017,2.6
08/22/2017,2.6
08/23/2017,2.6
08/24/2017,2.6
08/25/2017,2.6
08/26/2017,2.65
08/27/2017,2.65
08/28/2017,2.65
08/29/2017,2.65
08/30/2017,2.65
08/31/2017,2.65
09/01/2017,2.65
09/02/2017,2.13
09/03/2017,2.13
09/04/2017,2.13
09/05/2017,2.13
09/06/2017,2.13
09/07/2017,2.13
09/08/2017,2.13
09/09/2017,2.35
09/10/2017,2.35
09/11/2017,2.35
09/12/2017,2.35
09/13/2017,2.35
09/14/2017,2.35
09/15/2017,2.35
09/16/2017,2.39
09/17/2017,2.39
09/18/2017,2.39
09/19/2017,2.39
09/20/2017,2.39
09/21/2017,2.39
09/22/2017,2.39
09/23/2017,2.79
09/24/2017,2.79
09/25/2017,2.79
09/26/2017,2.79
09/27/2017,2.79
09/28/2017,2.79
09/29/2017,2.79
09/30/2017,2.65
10/01/2017,2.65
10/02/2017,2.65
10/03/2017,2.65
10/04/2017,2.65
10/05/2017,2.65
10/06/2017,2.65
10/07/2017,2.67
10/08/2017,2.67
10/09/2017,2.67
10/10/2017,2.67
10/11/2017,2.67
10/12/2017,2.67
10/13/2017,2.67
10/14/2017,2.81
10/15/2017,2.81
10/16/2017,2.81
10/17/2017,2.81
10/18/2017,2.81
10/19/2017,2.81
10/20/2017,2.81
10/21/2017,2.66
10/22/2017,2.66
10/23/2017,2.66
10/24/2017,2.66
10/25/2017,2.66
10/26/2017,2.66
10/27/2017,2.66
10/28/2017,2.51
10/29/2017,2.51
10/30/2017,2.51
10/31/2017,2.51
11/01/2017,2.51
11/02/2017,2.51
11/03/2017,2.51
11/04/2017,2.58
11/05/2017,2.58
11/06/2017,2.58
11/07/2017,2.58
11/08/2017,2.58
11/09/2017,2.58
11/10/2017,2.58
11/11/2017,2.65
11/12/2017,2.65
11/13/2017,2.65
11/14/2017,2.65
11/15/2017,2.65
11/16/2017,2.65
11/17/2017,2.65
11/18/2017,2.74
11/19/2017,2.74
11/20/2017,2.74
11/21/2017,2.74
11/22/2017,2.74
11/23/2017,2.74
11/24/2017,2.74
11/25/2017,2.5
11/26/2017,2.5
11/27/2017,2.5
11/28/2017,2.5
11/29/2017,2.5
11/30/2017,2.5
12/01/2017,2.5
12/02/2017,2.61
12/03/2017,2.61
12/04/2017,2.61
12/05/2017,2.61
12/06/2017,2.61
12/07/2017,2.61
12/08/2017,2.61
12/09/2017,2.47
12/10/2017,2.47
12/11/2017,2.47
12/12/2017,2.47
12/13/2017,2.47
12/14/2017,2.47
12/15/2017,2.47
12/16/2017,2.49
12/17/2017,2.49
12/18/2017,2.49
12/19/2017,2.49
12/20/2017,2.49
12/21/2017,2.49
12/22/2017,2.49
12/23/2017,2.98
12/24/2017,2.98
12/25/2017,2.98
12/26/2017,2.98
12/27/2017,2.98
12/28/2017,2.98
12/29/2017,2.98
12/30/2017,2.86
12/31/2017,2.86
01/01/2018,2.86
01/02/2018,2.86
01/03/2018,2.86
01/04/2018,2.86
01/05/2018,2.86
01/06/2018,2.62
01/07/2018,2.62
01/08/2018,2.62
01/09/2018,2.62
01/10/2018,2.62
01/11/2018,2.62
01/12/2018,2.62
01/13/2018,2.88
01/14/2018,2.88
01/15/2018,2.88
01/16/2018,2.88
01/17/2018,2.88
01/18/2018,2.88
01/19/2018,2.88
01/20/2018,3.07
01/21/2018,3.07
01/22/2018,3.07
01/23/2018,3.07
01/24/2018,3.07
01/25/2018,3.07
01/26/2018,3.07
01/27/2018,2.72
01/28/2018,2.72
01/29/2018,2.72
01/30/2018,2.72
01/31/2018,2.72
02/01/2018,2.72
02/02/2018,2.72
02/03/2018,2.33
02/04/2018,2.33
02/05/2018,2.33
02/06/2018,2.33
02/07/2018,2.33
02/08/2018,2.33
02/09/2018,2.33
02/10/2018,2.69
02/11/2018,2.69
02/12/2018,2.69
02/13/2018,2.69
02/14/2018,2.69
02/15/2018,2.69
02/16/2018,2.69
02/17/2018,2.57
02/18/2018,2.57
02/19/2018,2.57
02/20/2018,2.57
02/21/2018,2.57
02/22/2018,2.57
02/23/2018,2.57
02/24/2018,2.58
02/25/2018,2.58
02/26/2018,2.58
02/27/2018,2.58
02/28/2018,2.58
03/01/2018,2.58
03/02/2018,2.58
03/03/2018,2.59
03/04/2018,2.59
03/05/2018,2.59
03/06/2018,2.59
03/07/2018,2.59
03/08/2018,2.59
03/09/2018,2.59
03/10/2018,2.34
03/11/2018,2.34
03/12/2018,2.34
03/13/2018,2.34
03/14/2018,2.34
03/15/2018,2.34
03/16/2018,2.34
03/17/2018,2.54
03/18/2018,2.54
03/19/2018,2.54
03/20/2018,2.54
03/21/2018,2.54
03/22/2018,2.54
03/23/2018,2.54
03/24/2018,2.47
03/25/2018,2.47
03/26/2018,2.47
03/27/2018,2.47
03/28/2018,2.47
03/29/2018,2.47
03/30/2018,2.47
03/31/2018,2.47
04/01/2018,2.47
04/02/2018,2.47
04/03/2018,2.47
04/04/2018,2.47
04/05/2018,2.47
04/06/2018,2.47
04/07/2018,2.39
04/08/2018,2.39
04/09/2018,2.39
04/10/2018,2.39
04/11/2018,2.39
04/12/2018,2.39
04/13/2018,2.39
04/14/2018,2.72
04/15/2018,2.72
04/16/2018,2.72
04/17/2018,2.72
04/18/2018,2.72
04/19/2018,2.72
04/20/2018,2.72
04/21/2018,2.53
04/22/2018,2.53
04/23/2018,2.53
04/24/2018,2.53
04/25/2018,2.53
04/26/2018,2.53
04/27/2018,2.53
04/28/2018,2.22
04/29/2018,2.22
04/30/2018,2.22
05/01/2018,2.22
05/02/2018,2.22
05/03/2018,2.22
05/04/2018,2.22
05/05/2018,2.64
05/06/2018,2.64
05/07/2018,2.64
05/08/2018,2.64
05/09/2018,2.64
05/10/2018,2.64
05/11/2018,2.64
05/12/2018,2.58
05/13/2018,2.58
05/14/2018,2.58
05/15/2018,2.58
05/16/2018,2.58
05/17/2018,2.58
05/18/2018,2.58
05/19/2018,2.16
05/20/2018,2.16
05/21/2018,2.16
05/22/2018,2.16
05/23/2018,2.16
05/24/2018,2.16
05/25/2018,2.16
05/26/2018,2.8
05/27/2018,2.8
05/28/2018,2.8
05/29/2018,2.8
05/30/2018,2.8
05/31/2018,2.8
06/01/2018,2.8
06/02/2018,2.63
06/03/2018,2.63
06/04/2018,2.63
06/05/2018,2.63
06/06/2018,2.63
06/07/2018,2.63
06/08/2018,2.63
06/09/2018,2.74
06/10/2018,2.74
06/11/2018,2.74
06/12/2018,2.74
06/13/2018,2.74
06/14/2018,2.74
06/15/2018,2.74
06/16/2018,2.16
06/17/2018,2.16
06/18/2018,2.16
06/19/2018,2.16
06/20/2018,2.16
06/21/2018,2.16
06/22/2018,2.16
06/23/2018,2.32
06/24/2018,2.32
06/25/2018,2.32
06/26/2018,2.32
06/27/2018,2.32
06/28/2018,2.32
06/29/2018,2.32
06/30/2018,2.74
07/01/2018,2.74
07/02/2018,2.74
07/03/2018,2.74
07/04/2018,2.74
07/05/2018,2.74
07/06/2018,2.74
07/07/2018,2.62
07/08/2018,2.62
07/09/2018,2.62
07/10/2018,2.62
07/11/2018,2.62
07/12/2018,2.62
07/13/2018,2.62
07/14/2018,2.5
07/15/2018,2.5
07/16/2018,2.5
07/17/2018,2.5
07/18/2018,2.5
07/19/2018,2.5
07/20/2018,2.5
07/21/2018,2.49
07/22/2018,2.49
07/23/2018,2.49
07/24/2018,2.49
07/25/2018,2.49
07/26/2018,2.49
07/27/2018,2.49
07/28/2018,2.37
07/29/2018,2.37
07/30/2018,2.37
07/31/2018,2.37
08/01/2018,2.37
08/02/2018,2.37
08/03/2018,2.37
08/04/2018,2.51
08/05/2018,2.51
08/06/2018,2.51
08/07/2018,2.51
08/08/2018,2.51
08/09/2018,2.51
08/10/2018,2.51
08/11/2018,2.72
08/12/2018,2.72
08/13/2018,2.72
08/14/2018,2.72
08/15/2018,2.72
08/16/2018,2.72
08/17/2018,2.72
08/18/2018,2.64
08/19/2018,2.64
08/20/2018,2.64
08/21/2018,2.64
08/22/2018,2.64
08/23/2018,2.64
08/24/2018,2.64
08/25/2018,2.83
08/26/2018,2.83
08/27/2018,2.83
08/28/2018,2.83
08/29/2018,2.83
08/30/2018,2.83
08/31/2018,2.83
09/01/2018,3.67
09/02/2018,3.67
09/03/2018,3.67
09/04/2018,3.67
09/05/2018,3.67
09/06/2018,3.67
09/07/2018,3.67
09/08/2018,3.07
09/09/2018,3.07
09/10/2018,3.07
09/11/2018,3.07
09/12/2018,3.07
09/13/2018,3.07
09/14/2018,3.07
09/15/2018,2.93
09/16/2018,2.93
09/17/2018,2.93
09/18/2018,2.93
09/19/2018,2.93
09/20/2018,2.93
09/21/2018,2.93
09/22/2018,2.93
09/23/2018,2.93
09/24/2018,2.93
09/25/2018,2.93
09/26/2018,2.93
09/27/2018,2.93
09/28/2018,2.93
09/29/2018,2.82
09/30/2018,2.82
10/01/2018,2.82
10/02/2018,2.82
10/03/2018,2.82
10/04/2018,2.82
10/05/2018,2.82
10/06/2018,3.05
10/07/2018,3.05
10/08/2018,3.05
10/09/2018,3.05
10/10/2018,3.05
10/11/2018,3.05
10/12/2018,3.05
10/13/2018,2.74
10/14/2018,2.74
10/15/2018,2.74
10/16/2018,2.74
10/17/2018,2.74
10/18/2018,2.74
10/19/2018,2.74
10/20/2018,2.51
10/21/2018,2.51
10/22/2018,2.51
10/23/2018,2.51
10/24/2018,2.51
10/25/2018,2.51
10/26/2018,2.51
10/27/2018,2.92
10/28/2018,2.92
10/29/2018,2.92
10/30/2018,2.92
10/31/2018,2.92
11/01/2018,2.92
11/02/2018,2.92
11/03/2018,2.7
11/04/2018,2.7
11/05/2018,2.7
11/06/2018,2.7
11/07/2018,2.7
11/08/2018,2.7
11/09/2018,2.7
11/10/2018,2.75
11/11/2018,2.75
11/12/2018,2.75
11/13/2018,2.75
11/14/2018,2.75
11/15/2018,2.75
11/16/2018,2.75
11/17/2018,2.56
11/18/2018,2.56
11/19/2018,2.56
11/20/2018,2.56
11/21/2018,2.56
11/22/2018,2.56
11/23/2018,2.56
11/24/2018,2.95
11/25/2018,2.95
11/26/2018,2.95
11/27/2018,2.95
11/28/2018,2.95
11/29/2018,2.95
11/30/2018,2.95
12/01/2018,2.76
12/02/2018,2.76
12/03/2018,2.76
12/04/2018,2.76
12/05/2018,2.76
12/06/2018,2.76
12/07/2018,2.76
12/08/2018,2.77
12/09/2018,2.77
12/10/2018,2.77
12/11/2018,2.77
12/12/2018,2.77
12/13/2018,2.77
12/14/2018,2.77
12/15/2018,2.86
12/16/2018,2.86
12/17/2018,2.86
12/18/2018,2.86
12/19/2018,2.86
12/20/2018,2.86
12/21/2018,2.86
12/22/2018,2.65
12/23/2018,2.65
12/24/2018,2.65
12/25/2018,2.65
12/26/2018,2.65
12/27/2018,2.65
12/28/2018,2.65
12/29/2018,2.32
12/30/2018,2.32
12/31/2018,2.32
01/01/2019,2.32
01/02/2019,2.32
01/03/2019,2.32
01/04/2019,2.32
01/05/2019,2.09
01/06/2019,2.09
01/07/2019,2.09
01/08/2019,2.09
01/09/2019,2.09
01/10/2019,2.09
01/11/2019,2.09
01/12/2019,2.17
01/13/2019,2.17
01/14/2019,2.17
01/15/2019,2.17
01/16/2019,2.17
01/17/2019,2.17
01/18/2019,2.17
01/19/2019,2.57
01/20/2019,2.57
01/21/2019,2.57
01/22/2019,2.57
01/23/2019,2.57
01/24/2019,2.57
01/25/2019,2.57
01/26/2019,2.44
01/27/2019,2.44
01/28/2019,2.44
01/29/2019,2.44
01/30/2019,2.44
01/31/2019,2.44
02/01/2019,2.44
02/02/2019,2.2
02/03/2019,2.2
02/04/2019,2.2
02/05/2019,2.2
02/06/2019,2.2
02/07/2019,2.2
02/08/2019,2.2
02/09/2019,1.8
02/10/2019,1.8
02/11/2019,1.8
02/12/2019,1.8
02/13/2019,1.8
02/14/2019,1.8
02/15/2019,1.8
02/16/2019,1.98
02/17/2019,1.98
02/18/2019,1.98
02/19/2019,1.98
02/20/2019,1.98
02/21/2019,1.98
02/22/2019,1.98
02/23/2019,2.41
02/24/2019,2.41
02/25/2019,2.41
02/26/2019,2.41
02/27/2019,2.41
02/28/2019,2.41
03/01/2019,2.41
03/02/2019,2.16
03/03/2019,2.16
03/04/2019,2.16
03/05/2019,2.16
03/06/2019,2.16
03/07/2019,2.16
03/08/2019,2.16
03/09/2019,2.17
03/10/2019,2.17
03/11/2019,2.17
03/12/2019,2.17
03/13/2019,2.17
03/14/2019,2.17
03/15/2019,2.17
03/16/2019,2.13
03/17/2019,2.13
03/18/2019,2.13
03/19/2019,2.13
03/20/2019,2.13
03/21/2019,2.13
03/22/2019,2.13
03/23/2019,1.94
03/24/2019,1.94
03/25/2019,1.94
03/26/2019,1.94
03/27/2019,1.94
03/28/2019,1.94
03/29/2019,1.94
03/30/2019,2.21
03/31/2019,2.21
04/01/2019,2.21
04/02/2019,2.21
04/03/2019,2.21
04/04/2019,2.21
04/05/2019,2.21
04/06/2019,2.31
04/07/2019,2.31
04/08/2019,2.31
04/09/2019,2.31
04/10/2019,2.31
04/11/2019,2.31
04/12/2019,2.31
04/13/2019,2.1
04/14/2019,2.1
04/15/2019,2.1
04/16/2019,2.1
04/17/2019,2.1
04/18/2019,2.1
04/19/2019,2.1
04/20/2019,2.48
04/21/2019,2.48
04/22/2019,2.48
04/23/2019,2.48
04/24/2019,2.48
04/25/2019,2.48
04/26/2019,2.48
04/27/2019,2.2
04/28/2019,2.2
04/29/2019,2.2
04/30/2019,2.2
05/01/2019,2.2
05/02/2019,2.2
05/03/2019,2.2
05/04/2019,2.2
05/05/2019,2.2
05/06/2019,2.2
05/07/2019,2.2
05/08/2019,2.2
05/09/2019,2.2
05/10/2019,2.2
05/11/2019,2.06
05/12/2019,2.06
05/13/2019,2.06
05/14/2019,2.06
05/15/2019,2.06
05/16/2019,2.06
05/17/2019,2.06
05/18/2019,1.89
05/19/2019,1.89
05/20/2019,1.89
05/21/2019,1.89
05/22/2019,1.89
05/23/2019,1.89
05/24/2019,1.89
05/25/2019,1.94
05/26/2019,1.94
05/27/2019,1.94
05/28/2019,1.94
05/29/2019,1.94
05/30/2019,1.94
05/31/2019,1.94
06/01/2019,2.07
06/02/2019,2.07
06/03/2019,2.07
06/04/2019,2.07
06/05/2019,2.07
06/06/2019,2.07
06/07/2019,2.07
06/08/2019,1.97
06/09/2019,1.97
06/10/2019,1.97
06/11/2019,1.97
06/12/2019,1.97
06/13/2019,1.97
06/14/2019,1.97
06/15/2019,2.03
06/16/2019,2.03
06/17/2019,2.03
06/18/2019,2.03
06/19/2019,2.03
06/20/2019,2.03
06/21/2019,2.03
06/22/2019,2.14
06/23/2019,2.14
06/24/2019,2.14
06/25/2019,2.14
06/26/2019,2.14
06/27/2019,2.14
06/28/2019,2.14
06/29/2019,1.98
06/30/2019,1.98
07/01/2019,1.98
07/02/2019,1.98
07/03/2019,1.98
07/04/2019,1.98
07/05/2019,1.98
07/06/2019,2.23
07/07/2019,2.23
07/08/2019,2.23
07/09/2019,2.23
07/10/2019,2.23
07/11/2019,2.23
07/12/2019,2.23
07/13/2019,1.8
07/14/2019,1.8
07/15/2019,1.8
07/16/2019,1.8
07/17/2019,1.8
07/18/2019,1.8
07/19/2019,1.8
07/20/2019,2.07
07/21/2019,2.07
07/22/2019,2.07
07/23/2019,2.07
07/24/2019,2.07
07/25/2019,2.07
07/26/2019,2.07
07/27/2019,1.88
07/28/2019,1.88
07/29/2019,1.88
07/30/2019,1.88
07/31/2019,1.88
08/01/2019,1.88
08/02/2019,1.88
08/03/2019,2.07
08/04/2019,2.07
08/05/2019,2.07
08/06/2019,2.07
08/07/2019,2.07
08/08/2019,2.07
08/09/2019,2.07
08/10/2019,1.84
08/11/2019,1.84
08/12/2019,1.84
08/13/2019,1.84
08/14/2019,1.84
08/15/2019,1.84
08/16/2019,1.84
08/17/2019,1.78
08/18/2019,1.78
08/19/2019,1.78
08/20/2019,1.78
08/21/2019,1.78
08/22/2019,1.78
08/23/2019,1.78
08/24/2019,1.84
08/25/2019,1.84
08/26/2019,1.84
08/27/2019,1.84
08/28/2019,1.84
08/29/2019,1.84
08/30/2019,1.84
08/31/2019,1.62
09/01/2019,1.62
09/02/2019,1.62
09/03/2019,1.62
09/04/2019,1.62
09/05/2019,1.62
09/06/2019,1.62
09/07/2019,1.88
09/08/2019,1.88
09/09/2019,1.88
09/10/2019,1.88
09/11/2019,1.88
09/12/2019,1.88
09/13/2019,1.88
09/14/2019,1.76
09/15/2019,1.76
09/16/2019,1.76
09/17/2019,1.76
09/18/2019,1.76
09/19/2019,1.76
09/20/2019,1.76
09/21/2019,1.54
09/22/2019,1.54
09/23/2019,1.54
09/24/2019,1.54
09/25/2019,1.54
09/26/2019,1.54
09/27/2019,1.54
09/28/2019,1.78
09/29/2019,1.78
09/30/2019,1.78
10/01/2019,1.78
10/02/2019,1.78
10/03/2019,1.78
10/04/2019,1.78
10/05/2019,1.71
10/06/2019,1.71
10/07/2019,1.71
10/08/2019,1.71
10/09/2019,1.71
10/10/2019,1.71
10/11/2019,1.71
10/12/2019,1.63
10/13/2019,1.63
10/14/2019,1.63
10/15/2019,1.63
10/16/2019,1.63
10/17/2019,1.63
10/18/2019,1.63
10/19/2019,1.71
10/20/2019,1.71
10/21/2019,1.71
10/22/2019,1.71
10/23/2019,1.71
10/24/2019,1.71
10/25/2019,1.71
10/26/2019,1.68
10/27/2019,1.68
10/28/2019,1.68
10/29/2019,1.68
10/30/2019,1.68
10/31/2019,1.68
11/01/2019,1.68
11/02/2019,1.76
11/03/2019,1.76
11/04/2019,1.76
11/05/2019,1.76
11/06/2019,1.76
11/07/2019,1.76
11/08/2019,1.76
11/09/2019,1.71
11/10/2019,1.71
11/11/2019,1.71
11/12/2019,1.71
11/13/2019,1.71
11/14/2019,1.71
11/15/2019,1.71
11/16/2019,1.58
11/17/2019,1.58
11/18/2019,1.58
11/19/2019,1.58
11/20/2019,1.58
11/21/2019,1.58
11/22/2019,1.58
11/23/2019,2.62
11/24/2019,2.62
11/25/2019,2.62
11/26/2019,2.62
11/27/2019,2.62
11/28/2019,2.62
11/29/2019,2.62
11/30/2019,1.21
12/01/2019,1.21
12/02/2019,1.21
12/03/2019,1.21
12/04/2019,1.21
12/05/2019,1.21
12/06/2019,1.21
12/07/2019,1.23
12/08/2019,1.23
12/09/2019,1.23
12/10/2019,1.23
12/11/2019,1.23
12/12/2019,1.23
12/13/2019,1.23
12/14/2019,1.61
12/15/2019,1.61
12/16/2019,1.61
12/17/2019,1.61
12/18/2019,1.61
12/19/2019,1.61
12/20/2019,1.61
12/21/2019,2.05
12/22/2019,2.05
12/23/2019,2.05
12/24/2019,2.05
12/25/2019,2.05
12/26/2019,2.05
12/27/2019,2.05
12/28/2019,2.06
12/29/2019,2.06
12/30/2019,2.06
12/31/2019,2.06
01/01/2020,2.06
01/02/2020,2.06
01/03/2020,2.06
01/04/2020,1.76
01/05/2020,1.76
01/06/2020,1.76
01/07/2020,1.76
01/08/2020,1.76
01/09/2020,1.76
01/10/2020,1.76
01/11/2020,1.32
01/12/2020,1.32
01/13/2020,1.32
01/14/2020,1.32
01/15/2020,1.32
01/16/2020,1.32
01/17/2020,1.32
01/18/2020,1.61
01/19/2020,1.61
01/20/2020,1.61
01/21/2020,1.61
01/22/2020,1.61
01/23/2020,1.61
01/24/2020,1.61
01/25/2020,1.68
01/26/2020,1.68
01/27/2020,1.68
01/28/2020,1.68
01/29/2020,1.68
01/30/2020,1.68
01/31/2020,1.68
02/01/2020,2.02
02/02/2020,2.02
02/03/2020,2.02
02/04/2020,2.02
02/05/2020,2.02
02/06/2020,2.02
02/07/2020,2.02
02/08/2020,1.94
02/09/2020,1.94
02/10/2020,1.94
02/11/2020,1.94
02/12/2020,1.94
02/13/2020,1.94
02/14/2020,1.94
02/15/2020,1.67
02/16/2020,1.67
02/17/2020,1.67
02/18/2020,1.67
02/19/2020,1.67
02/20/2020,1.67
02/21/2020,1.67
02/22/2020,1.6
02/23/2020,1.6
02/24/2020,1.6
02/25/2020,1.6
02/26/2020,1.6
02/27/2020,1.6
02/28/2020,1.6
02/29/2020,1.61
03/01/2020,1.61
03/02/2020,1.61
03/03/2020,1.61
03/04/2020,1.61
03/05/2020,1.61
03/06/2020,1.61
03/07/2020,1.37
03/08/2020,1.37
03/09/2020,1.37
03/10/2020,1.37
03/11/2020,1.37
03/12/2020,1.37
03/13/2020,1.37
03/14/2020,1.27
03/15/2020,1.27
03/16/2020,1.27
03/17/2020,1.27
03/18/2020,1.27
03/19/2020,1.27
03/20/2020,1.27
03/21/2020,-0.9
03/22/2020,-0.9
03/23/2020,-0.9
03/24/2020,-0.9
03/25/2020,-0.9
03/26/2020,-0.9
03/27/2020,-0.9
03/28/2020,-3.64
03/29/2020,-3.64
03/30/2020,-3.64
03/31/2020,-3.64
04/01/2020,-3.64
04/02/2020,-3.64
04/03/2020,-3.64
04/04/2020,-5.52
04/05/2020,-5.52
04/06/2020,-5.52
04/07/2020,-5.52
04/08/2020,-5.52
04/09/2020,-5.52
04/10/2020,-5.52
04/11/2020,-7.52
04/12/2020,-7.52
04/13/2020,-7.52
04/14/2020,-7.52
04/15/2020,-7.52
04/16/2020,-7.52
04/17/2020,-7.52
04/18/2020,-7.95
04/19/2020,-7.95
04/20/2020,-7.95
04/21/2020,-7.95
04/22/2020,-7.95
04/23/2020,-7.95
04/24/2020,-7.95
04/25/2020,-8.09
04/26/2020,-8.09
04/27/2020,-8.09
04/28/2020,-8.09
04/29/2020,-8.09
04/30/2020,-8.09
05/01/2020,-8.09
05/02/2020,-8.11
05/03/2020,-8.11
05/04/2020,-8.11
05/05/2020,-8.11
05/06/2020,-8.11
05/07/2020,-8.11
05/08/2020,-8.11
05/09/2020,-7.29
05/10/2020,-7.29
05/11/2020,-7.29
05/12/2020,-7.29
05/13/2020,-7.29
05/14/2020,-7.29
05/15/2020,-7.29
05/16/2020,-7.31
05/17/2020,-7.31
05/18/2020,-7.31
05/19/2020,-7.31
05/20/2020,-7.31
05/21/2020,-7.31
05/22/2020,-7.31
05/23/2020,-6.87
05/24/2020,-6.87
05/25/2020,-6.87
05/26/2020,-6.87
05/27/2020,-6.87
05/28/2020,-6.87
05/29/2020,-6.87
05/30/2020,-6.66
05/31/2020,-6.66
06/01/2020,-6.66
06/02/2020,-6.66
06/03/2020,-6.66
06/04/2020,-6.66
06/05/2020,-6.66
06/06/2020,-6.31
06/07/2020,-6.31
06/08/2020,-6.31
06/09/2020,-6.31
06/10/2020,-6.31
06/11/2020,-6.31
06/12/2020,-6.31
06/13/2020,-5.62
06/14/2020,-5.62
06/15/2020,-5.62
06/16/2020,-5.62
06/17/2020,-5.62
06/18/2020,-5.62
06/19/2020,-5.62
06/20/2020,-5.05
06/21/2020,-5.05
06/22/2020,-5.05
06/23/2020,-5.05
06/24/2020,-5.05
06/25/2020,-5.05
06/26/2020,-5.05
06/27/2020,-4.86
06/28/2020,-4.86
06/29/2020,-4.86
06/30/2020,-4.86
07/01/2020,-4.86
07/02/2020,-4.86
07/03/2020,-4.86
07/04/2020,-4.38
07/05/2020,-4.38
07/06/2020,-4.38
07/07/2020,-4.38
07/08/2020,-4.38
07/09/2020,-4.38
07/10/2020,-4.38
07/11/2020,-4.17
07/12/2020,-4.17
07/13/2020,-4.17
07/14/2020,-4.17
07/15/2020,-4.17
07/16/2020,-4.17
07/17/2020,-4.17
07/18/2020,-4.84
07/19/2020,-4.84
07/20/2020,-4.84
07/21/2020,-4.84
07/22/2020,-4.84
07/23/2020,-4.84
07/24/2020,-4.84
07/25/2020,-4.25
07/26/2020,-4.25
07/27/2020,-4.25
07/28/2020,-4.25
07/29/2020,-4.25
07/30/2020,-4.25
07/31/2020,-4.25
08/01/2020,-3.99
08/02/2020,-3.99
08/03/2020,-3.99
08/04/2020,-3.99
08/05/2020,-3.99
08/06/2020,-3.99
08/07/2020,-3.99
08/08/2020,-3.56
08/09/2020,-3.56
08/10/2020,-3.56
08/11/2020,-3.56
08/12/2020,-3.56
08/13/2020,-3.56
08/14/2020,-3.56
08/15/2020,-3.54
08/16/2020,-3.54
08/17/2020,-3.54
08/18/2020,-3.54
08/19/2020,-3.54
08/20/2020,-3.54
08/21/2020,-3.54
08/22/2020,-2.82
08/23/2020,-2.82
08/24/2020,-2.82
08/25/2020,-2.82
08/26/2020,-2.82
08/27/2020,-2.82
08/28/2020,-2.82
08/29/2020,-2.21
08/30/2020,-2.21
08/31/2020,-2.21
09/01/2020,-2.21
09/02/2020,-2.21
09/03/2020,-2.21
09/04/2020,-2.21
09/05/2020,-2.3
09/06/2020,-2.3
09/07/2020,-2.3
09/08/2020,-2.3
09/09/2020,-2.3
09/10/2020,-2.3
09/11/2020,-2.3
09/12/2020,-3.38
09/13/2020,-3.38
09/14/2020,-3.38
09/15/2020,-3.38
09/16/2020,-3.38
09/17/2020,-3.38
09/18/2020,-3.38
09/19/2020,-2.42
09/20/2020,-2.42
09/21/2020,-2.42
09/22/2020,-2.42
09/23/2020,-2.42
09/24/2020,-2.42
09/25/2020,-2.42
09/26/2020,-2.45
09/27/2020,-2.45
09/28/2020,-2.45
09/29/2020,-2.45
09/30/2020,-2.45
10/01/2020,-2.45
10/02/2020,-2.45
10/03/2020,-2.1
10/04/2020,-2.1
10/05/2020,-2.1
10/06/2020,-2.1
10/07/2020,-2.1
10/08/2020,-2.1
10/09/2020,-2.1
10/10/2020,-1.75
10/11/2020,-1.75
10/12/2020,-1.75
10/13/2020,-1.75
10/14/2020,-1.75
10/15/2020,-1.75
10/16/2020,-1.75
10/17/2020,-1.84
10/18/2020,-1.84
10/19/2020,-1.84
10/20/2020,-1.84
10/21/2020,-1.84
10/22/2020,-1.84
10/23/2020,-1.84
10/24/2020,-1.36
10/25/2020,-1.36
10/26/2020,-1.36
10/27/2020,-1.36
10/28/2020,-1.36
10/29/2020,-1.36
10/30/2020,-1.36
10/31/2020,-1.15
11/01/2020,-1.15
11/02/2020,-1.15
11/03/2020,-1.15
11/04/2020,-1.15
11/05/2020,-1.15
11/06/2020,-1.15
11/07/2020,-1.08
11/08/2020,-1.08
11/09/2020,-1.08
11/10/2020,-1.08
11/11/2020,-1.08
11/12/2020,-1.08
11/13/2020,-1.08
11/14/2020,-1.16
11/15/2020,-1.16
11/16/2020,-1.16
11/17/2020,-1.16
11/18/2020,-1.16
11/19/2020,-1.16
11/20/2020,-1.16
11/21/2020,-1.09
11/22/2020,-1.09
11/23/2020,-1.09
11/24/2020,-1.09
11/25/2020,-1.09
11/26/2020,-1.09
11/27/2020,-1.09
11/28/2020,-0.42
11/29/2020,-0.42
11/30/2020,-0.42
12/01/2020,-0.42
12/02/2020,-0.42
12/03/2020,-0.42
12/04/2020,-0.42
12/05/2020,-0.73
12/06/2020,-0.73
12/07/2020,-0.73
12/08/2020,-0.73
12/09/2020,-0.73
12/10/2020,-0.73
12/11/2020,-0.73
12/12/2020,-0.91
12/13/2020,-0.91
12/14/2020,-0.91
12/15/2020,-0.91
12/16/2020,-0.91
12/17/2020,-0.91
12/18/2020,-0.91
12/19/2020,-0.29
12/20/2020,-0.29
12/21/2020,-0.29
12/22/2020,-0.29
12/23/2020,-0.29
12/24/2020,-0.29
12/25/2020,-0.29
12/26/2020,0.92
12/27/2020,0.92
12/28/2020,0.92
12/29/2020,0.92
12/30/2020,0.92
12/31/2020,0.92
01/01/2021,0.92
01/02/2021,-0.28
01/03/2021,-0.28
01/04/2021,-0.28
01/05/2021,-0.28
01/06/2021,-0.28
01/07/2021,-0.28
01/08/2021,-0.28
01/09/2021,0.32
01/10/2021,0.32
01/11/2021,0.32
01/12/2021,0.32
01/13/2021,0.32
01/14/2021,0.32
01/15/2021,0.32
01/16/2021,0.33
01/17/2021,0.33
01/18/2021,0.33
01/19/2021,0.33
01/20/2021,0.33
01/21/2021,0.33
01/22/2021,0.33
01/23/2021,0.41
01/24/2021,0.41
01/25/2021,0.41
01/26/2021,0.41
01/27/2021,0.41
01/28/2021,0.41
01/29/2021,0.41
01/30/2021,-0.03
01/31/2021,-0.03
02/01/2021,-0.03
02/02/2021,-0.03
02/03/2021,-0.03
02/04/2021,-0.03
02/05/2021,-0.03
02/06/2021,-0.02
02/07/2021,-0.02
02/08/2021,-0.02
02/09/2021,-0.02
02/10/2021,-0.02
02/11/2021,-0.02
02/12/2021,-0.02
02/13/2021,0.53
02/14/2021,0.53
02/15/2021,0.53
02/16/2021,0.53
02/17/2021,0.53
02/18/2021,0.53
02/19/2021,0.53
02/20/2021,-0.91
02/21/2021,-0.91
02/22/2021,-0.91
02/23/2021,-0.91
02/24/2021,-0.91
02/25/2021,-0.91
02/26/2021,-0.91
02/27/2021,0.14
02/28/2021,0.14
03/01/2021,0.14
03/02/2021,0.14
03/03/2021,0.14
03/04/2021,0.14
03/05/2021,0.14
03/06/2021,1.02
03/07/2021,1.02
03/08/2021,1.02
03/09/2021,1.02
03/10/2021,1.02
03/11/2021,1.02
03/12/2021,1.02
03/13/2021,1.21
03/14/2021,1.21
03/15/2021,1.21
03/16/2021,1.21
03/17/2021,1.21
03/18/2021,1.21
03/19/2021,1.21
03/20/2021,3.85
03/21/2021,3.85
03/22/2021,3.85
03/23/2021,3.85
03/24/2021,3.85
03/25/2021,3.85
03/26/2021,3.85
03/27/2021,6.61
03/28/2021,6.61
03/29/2021,6.61
03/30/2021,6.61
03/31/2021,6.61
04/01/2021,6.61
04/02/2021,6.61
04/03/2021,8.27
04/04/2021,8.27
04/05/2021,8.27
04/06/2021,8.27
04/07/2021,8.27
04/08/2021,8.27
04/09/2021,8.27
04/10/2021,10.27
04/11/2021,10.27
04/12/2021,10.27
04/13/2021,10.27
04/14/2021,10.27
04/15/2021,10.27
04/16/2021,10.27
04/17/2021,10.22
04/18/2021,10.22
04/19/2021,10.22
04/20/2021,10.22
04/21/2021,10.22
04/22/2021,10.22
04/23/2021,10.22
04/24/2021,10.55
04/25/2021,10.55
04/26/2021,10.55
04/27/2021,10.55
04/28/2021,10.55
04/29/2021,10.55
04/30/2021,10.55
05/01/2021,10.57
05/02/2021,10.57
05/03/2021,10.57
05/04/2021,10.57
05/05/2021,10.57
05/06/2021,10.57
05/07/2021,10.57
05/08/2021,9.84
05/09/2021,9.84
05/10/2021,9.84
05/11/2021,9.84
05/12/2021,9.84
05/13/2021,9.84
05/14/2021,9.84
05/15/2021,9.86
05/16/2021,9.86
05/17/2021,9.86
05/18/2021,9.86
05/19/2021,9.86
05/20/2021,9.86
05/21/2021,9.86
05/22/2021,9.77
05/23/2021,9.77
05/24/2021,9.77
05/25/2021,9.77
05/26/2021,9.77
05/27/2021,9.77
05/28/2021,9.77
05/29/2021,9.84
05/30/2021,9.84
05/31/2021,9.84
06/01/2021,9.84
06/02/2021,9.84
06/03/2021,9.84
06/04/2021,9.84
06/05/2021,8.24
06/06/2021,8.24
06/07/2021,8.24
06/08/2021,8.24
06/09/2021,8.24
06/10/2021,8.24
06/11/2021,8.24
06/12/2021,9.02
06/13/2021,9.02
06/14/2021,9.02
06/15/2021,9.02
06/16/2021,9.02
06/17/2021,9.02
06/18/2021,9.02
06/19/2021,8.69
06/20/2021,8.69
06/21/2021,8.69
06/22/2021,8.69
06/23/2021,8.69
06/24/2021,8.69
06/25/2021,8.69
06/26/2021,8.27
06/27/2021,8.27
06/28/2021,8.27
06/29/2021,8.27
06/30/2021,8.27
07/01/2021,8.27
07/02/2021,8.27
07/03/2021,8.63
07/04/2021,8.63
07/05/2021,8.63
07/06/2021,8.63
07/07/2021,8.63
07/08/2021,8.63
07/09/2021,8.63
07/10/2021,6.81
07/11/2021,6.81
07/12/2021,6.81
07/13/2021,6.81
07/14/2021,6.81
07/15/2021,6.81
07/16/2021,6.81
07/17/2021,7.43
07/18/2021,7.43
07/19/2021,7.43
07/20/2021,7.43
07/21/2021,7.43
07/22/2021,7.43
07/23/2021,7.43
07/24/2021,7.34
07/25/2021,7.34
07/26/2021,7.34
07/27/2021,7.34
07/28/2021,7.34
07/29/2021,7.34
07/30/2021,7.34
07/31/2021,7.29
08/01/2021,7.29
08/02/2021,7.29
08/03/2021,7.29
08/04/2021,7.29
08/05/2021,7.29
08/06/2021,7.29
08/07/2021,6.69
08/08/2021,6.69
08/09/2021,6.69
08/10/2021,6.69
08/11/2021,6.69
08/12/2021,6.69
08/13/2021,6.69
08/14/2021,7.1
08/15/2021,7.1
08/16/2021,7.1
08/17/2021,7.1
08/18/2021,7.1
08/19/2021,7.1
08/20/2021,7.1
08/21/2021,6.45
08/22/2021,6.45
08/23/2021,6.45
08/24/2021,6.45
08/25/2021,6.45
08/26/2021,6.45
08/27/2021,6.45
08/28/2021,7.1
08/29/2021,7.1
08/30/2021,7.1
08/31/2021,7.1
09/01/2021,7.1
09/02/2021,7.1
09/03/2021,7.1
09/04/2021,6.78
09/05/2021,6.78
09/06/2021,6.78
09/07/2021,6.78
09/08/2021,6.78
09/09/2021,6.78
09/10/2021,6.78
09/11/2021,6.8
09/12/2021,6.8
09/13/2021,6.8
09/14/2021,6.8
09/15/2021,6.8
09/16/2021,6.8
09/17/2021,6.8
09/18/2021,6.65
09/19/2021,6.65
09/20/2021,6.65
09/21/2021,6.65
09/22/2021,6.65
09/23/2021,6.65
09/24/2021,6.65
09/25/2021,6.65
09/26/2021,6.65
09/27/2021,6.65
09/28/2021,6.65
09/29/2021,6.65
09/30/2021,6.65
10/01/2021,6.65
10/02/2021,6.68
10/03/2021,6.68
10/04/2021,6.68
10/05/2021,6.68
10/06/2021,6.68
10/07/2021,6.68
10/08/2021,6.68
10/09/2021,6.11
10/10/2021,6.11
10/11/2021,6.11
10/12/2021,6.11
10/13/2021,6.11
10/14/2021,6.11
10/15/2021,6.11
10/16/2021,6.55
10/17/2021,6.55
10/18/2021,6.55
10/19/2021,6.55
10/20/2021,6.55
10/21/2021,6.55
10/22/2021,6.55
10/23/2021,5.58
10/24/2021,5.58
10/25/2021,5.58
10/26/2021,5.58
10/27/2021,5.58
10/28/2021,5.58
10/29/2021,5.58
10/30/2021,5.94
10/31/2021,5.94
11/01/2021,5.94
11/02/2021,5.94
11/03/2021,5.94
11/04/2021,5.94
11/05/2021,5.94
11/06/2021,5.48
11/07/2021,5.48
11/08/2021,5.48
11/09/2021,5.48
11/10/2021,5.48
11/11/2021,5.48
11/12/2021,5.48
11/13/2021,5.45
11/14/2021,5.45
11/15/2021,5.45
11/16/2021,5.45
11/17/2021,5.45
11/18/2021,5.45
11/19/2021,5.45
11/20/2021,5.86
11/21/2021,5.86
11/22/2021,5.86
11/23/2021,5.86
11/24/2021,5.86
11/25/2021,5.86
11/26/2021,5.86
11/27/2021,6.44
11/28/2021,6.44
11/29/2021,6.44
11/30/2021,6.44
12/01/2021,6.44
12/02/2021,6.44
12/03/2021,6.44
12/04/2021,5.72
12/05/2021,5.72
12/06/2021,5.72
12/07/2021,5.72
12/08/2021,5.72
12/09/2021,5.72
12/10/2021,5.72
12/11/2021,6.22
12/12/2021,6.22
12/13/2021,6.22
12/14/2021,6.22
12/15/2021,6.22
12/16/2021,6.22
12/17/2021,6.22
12/18/2021,5.48
12/19/2021,5.48
12/20/2021,5.48
12/21/2021,5.48
12/22/2021,5.48
12/23/2021,5.48
12/24/2021,5.48
12/25/2021,6.36
12/26/2021,6.36
12/27/2021,6.36
12/28/2021,6.36
12/29/2021,6.36
12/30/2021,6.36
12/31/2021,6.36
01/01/2022,5.55
01/02/2022,5.55
01/03/2022,5.55
01/04/2022,5.55
01/05/2022,5.55
01/06/2022,5.55
01/07/2022,5.55
01/08/2022,4.6
01/09/2022,4.6
01/10/2022,4.6
01/11/2022,4.6
01/12/2022,4.6
01/13/2022,4.6
01/14/2022,4.6
01/15/2022,4.93
01/16/2022,4.93
01/17/2022,4.93
01/18/2022,4.93
01/19/2022,4.93
01/20/2022,4.93
01/21/2022,4.93
01/22/2022,5.04
01/23/2022,5.04
01/24/2022,5.04
01/25/2022,5.04
01/26/2022,5.04
01/27/2022,5.04
01/28/2022,5.04
01/29/2022,5.42
01/30/2022,5.42
01/31/2022,5.42
02/01/2022,5.42
02/02/2022,5.42
02/03/2022,5.42
02/04/2022,5.42
02/05/2022,5.23
02/06/2022,5.23
02/07/2022,5.23
02/08/2022,5.23
02/09/2022,5.23
02/10/2022,5.23
02/11/2022,5.23
02/12/2022,5.12
02/13/2022,5.12
02/14/2022,5.12
02/15/2022,5.12
02/16/2022,5.12
02/17/2022,5.12
02/18/2022,5.12
02/19/2022,6.23
02/20/2022,6.23
02/21/2022,6.23
02/22/2022,6.23
02/23/2022,6.23
02/24/2022,6.23
02/25/2022,6.23
02/26/2022,5.2
02/27/2022,5.2
02/28/2022,5.2
03/01/2022,5.2
03/02/2022,5.2
03/03/2022,5.2
03/04/2022,5.2
03/05/2022,4.77
03/06/2022,4.77
03/07/2022,4.77
03/08/2022,4.77
03/09/2022,4.77
03/10/2022,4.77
03/11/2022,4.77
03/12/2022,4.72
03/13/2022,4.72
03/14/2022,4.72
03/15/2022,4.72
03/16/2022,4.72
03/17/2022,4.72
03/18/2022,4.72
03/19/2022,4.91
03/20/2022,4.91
03/21/2022,4.91
03/22/2022,4.91
03/23/2022,4.91
03/24/2022,4.91
03/25/2022,4.91
03/26/2022,4.43
03/27/2022,4.43
03/28/2022,4.43
03/29/2022,4.43
03/30/2022,4.43
03/31/2022,4.43
04/01/2022,4.43
04/02/2022,4.71
04/03/2022,4.71
04/04/2022,4.71
04/05/2022,4.71
04/06/2022,4.71
04/07/2022,4.71
04/08/2022,4.71
04/09/2022,4.43
04/10/2022,4.43
04/11/2022,4.43
04/12/2022,4.43
04/13/2022,4.43
04/14/2022,4.43
04/15/2022,4.43
04/16/2022,4.45
04/17/2022,4.45
04/18/2022,4.45
04/19/2022,4.45
04/20/2022,4.45
04/21/2022,4.45
04/22/2022,4.45
04/23/2022,4.37
04/24/2022,4.37
04/25/2022,4.37
04/26/2022,4.37
04/27/2022,4.37
04/28/2022,4.37
04/29/2022,4.37
04/30/2022,4.47
05/01/2022,4.47
05/02/2022,4.47
05/03/2022,4.47
05/04/2022,4.47
05/05/2022,4.47
05/06/2022,4.47
05/07/2022,4.36
05/08/2022,4.36
05/09/2022,4.36
05/10/2022,4.36
05/11/2022,4.36
05/12/2022,4.36
05/13/2022,4.36
05/14/2022,4.26
05/15/2022,4.26
05/16/2022,4.26
05/17/2022,4.26
05/18/2022,4.26
05/19/2022,4.26
05/20/2022,4.26
05/21/2022,3.67
05/22/2022,3.67
05/23/2022,3.67
05/24/2022,3.67
05/25/2022,3.67
05/26/2022,3.67
05/27/2022,3.67
05/28/2022,3.62
05/29/2022,3.62
05/30/2022,3.62
05/31/2022,3.62
06/01/2022,3.62
06/02/2022,3.62
06/03/2022,3.62
06/04/2022,3.96
06/05/2022,3.96
06/06/2022,3.96
06/07/2022,3.96
06/08/2022,3.96
06/09/2022,3.96
06/10/2022,3.96
06/11/2022,2.92
06/12/2022,2.92
06/13/2022,2.92
06/14/2022,2.92
06/15/2022,2.92
06/16/2022,2.92
06/17/2022,2.92
06/18/2022,3.38
06/19/2022,3.38
06/20/2022,3.38
06/21/2022,3.38
06/22/2022,3.38
06/23/2022,3.38
06/24/2022,3.38
06/25/2022,3.12
06/26/2022,3.12
06/27/2022,3.12
06/28/2022,3.12
06/29/2022,3.12
06/30/2022,3.12
07/01/2022,3.12
07/02/2022,3.53
07/03/2022,3.53
07/04/2022,3.53
07/05/2022,3.53
07/06/2022,3.53
07/07/2022,3.53
07/08/2022,3.53
07/09/2022,3.01
07/10/2022,3.01
07/11/2022,3.01
07/12/2022,3.01
07/13/2022,3.01
07/14/2022,3.01
07/15/2022,3.01
07/16/2022,3.33
07/17/2022,3.33
07/18/2022,3.33
07/19/2022,3.33
07/20/2022,3.33
07/21/2022,3.33
07/22/2022,3.33
07/23/2022,3.45
07/24/2022,3.45
07/25/2022,3.45
07/26/2022,3.45
07/27/2022,3.45
07/28/2022,3.45
07/29/2022,3.45
07/30/2022,3.26
07/31/2022,3.26
08/01/2022,3.26
08/02/2022,3.26
08/03/2022,3.26
08/04/2022,3.26
08/05/2022,3.26
08/06/2022,3.46
08/07/2022,3.46
08/08/2022,3.46
08/09/2022,3.46
08/10/2022,3.46
08/11/2022,3.46
08/12/2022,3.46
08/13/2022,3.29
08/14/2022,3.29
08/15/2022,3.29
08/16/2022,3.29
08/17/2022,3.29
08/18/2022,3.29
08/19/2022,3.29
08/20/2022,3.18
08/21/2022,3.18
08/22/2022,3.18
08/23/2022,3.18
08/24/2022,3.18
08/25/2022,3.18
08/26/2022,3.18
08/27/2022,2.9
08/28/2022,2.9
08/29/2022,2.9
08/30/2022,2.9
08/31/2022,2.9
09/01/2022,2.9
09/02/2022,2.9
09/03/2022,3.13
09/04/2022,3.13
09/05/2022,3.13
09/06/2022,3.13
09/07/2022,3.13
09/08/2022,3.13
09/09/2022,3.13
09/10/2022,2.93
09/11/2022,2.93
09/12/2022,2.93
09/13/2022,2.93
09/14/2022,2.93
09/15/2022,2.93
09/16/2022,2.93
09/17/2022,2.21
09/18/2022,2.21
09/19/2022,2.21
09/20/2022,2.21
09/21/2022,2.21
09/22/2022,2.21
09/23/2022,2.21
09/24/2022,3.03
09/25/2022,3.03
09/26/2022,3.03
09/27/2022,3.03
09/28/2022,3.03
09/29/2022,3.03
09/30/2022,3.03
10/01/2022,2.57
10/02/2022,2.57
10/03/2022,2.57
10/04/2022,2.57
10/05/2022,2.57
10/06/2022,2.57
10/07/2022,2.57
10/08/2022,2.22
10/09/2022,2.22
10/10/2022,2.22
10/11/2022,2.22
10/12/2022,2.22
10/13/2022,2.22
10/14/2022,2.22
10/15/2022,2.17
10/16/2022,2.17
10/17/2022,2.17
10/18/2022,2.17
10/19/2022,2.17
10/20/2022,2.17
10/21/2022,2.17
10/22/2022,2.58
10/23/2022,2.58
10/24/2022,2.58
10/25/2022,2.58
10/26/2022,2.58
10/27/2022,2.58
10/28/2022,2.58
10/29/2022,2.61
10/30/2022,2.61
10/31/2022,2.61
11/01/2022,2.61
11/02/2022,2.61
11/03/2022,2.61
11/04/2022,2.61
11/05/2022,2.39
11/06/2022,2.39
11/07/2022,2.39
11/08/2022,2.39
11/09/2022,2.39
11/10/2022,2.39
11/11/2022,2.39
11/12/2022,1.99
11/13/2022,1.99
11/14/2022,1.99
11/15/2022,1.99
11/16/2022,1.99
11/17/2022,1.99
11/18/2022,1.99
11/19/2022,1.66
11/20/2022,1.66
11/21/2022,1.66
11/22/2022,1.66
11/23/2022,1.66
11/24/2022,1.66
11/25/2022,1.66
11/26/2022,1.92
11/27/2022,1.92
11/28/2022,1.92
11/29/2022,1.92
11/30/2022,1.92
12/01/2022,1.92
12/02/2022,1.92
12/03/2022,1.59
12/04/2022,1.59
12/05/2022,1.59
12/06/2022,1.59
12/07/2022,1.59
12/08/2022,1.59
12/09/2022,1.59
12/10/2022,1.06
12/11/2022,1.06
12/12/2022,1.06
12/13/2022,1.06
12/14/2022,1.06
12/15/2022,1.06
12/16/2022,1.06
12/17/2022,1.82
12/18/2022,1.82
12/19/2022,1.82
12/20/2022,1.82
12/21/2022,1.82
12/22/2022,1.82
12/23/2022,1.82
12/24/2022,2.22
12/25/2022,2.22
12/26/2022,2.22
12/27/2022,2.22
12/28/2022,2.22
12/29/2022,2.22
12/30/2022,2.22
12/31/2022,1.75
01/01/2023,1.75
01/02/2023,1.75
01/03/2023,1.75
01/04/2023,1.75
01/05/2023,1.75
01/06/2023,1.75
01/07/2023,1.23
01/08/2023,1.23
01/09/2023,1.23
01/10/2023,1.23
01/11/2023,1.23
01/12/2023,1.23
01/13/2023,1.23
01/14/2023,1.38
01/15/2023,1.38
01/16/2023,1.38
01/17/2023,1.38
01/18/2023,1.38
01/19/2023,1.38
01/20/2023,1.38
01/21/2023,1.25
01/22/2023,1.25
01/23/2023,1.25
01/24/2023,1.25
01/25/2023,1.25
01/26/2023,1.25
01/27/2023,1.25
01/28/2023,1.5
01/29/2023,1.5
01/30/2023,1.5
01/31/2023,1.5
02/01/2023,1.5
02/02/2023,1.5
02/03/2023,1.5
02/04/2023,1.37
02/05/2023,1.37
02/06/2023,1.37
02/07/2023,1.37
02/08/2023,1.37
02/09/2023,1.37
02/10/2023,1.37
02/11/2023,1.28
02/12/2023,1.28
02/13/2023,1.28
02/14/2023,1.28
02/15/2023,1.28
02/16/2023,1.28
02/17/2023,1.28
02/18/2023,1.42
02/19/2023,1.42
02/20/2023,1.42
02/21/2023,1.42
02/22/2023,1.42
02/23/2023,1.42
02/24/2023,1.42
02/25/2023,1.44
02/26/2023,1.44
02/27/2023,1.44
02/28/2023,1.44
03/01/2023,1.44
03/02/2023,1.44
03/03/2023,1.44
03/04/2023,1.08
03/05/2023,1.08
03/06/2023,1.08
03/07/2023,1.08
03/08/2023,1.08
03/09/2023,1.08
03/10/2023,1.08
03/11/2023,1.29
03/12/2023,1.29
03/13/2023,1.29
03/14/2023,1.29
03/15/2023,1.29
03/16/2023,1.29
03/17/2023,1.29
03/18/2023,1.38
03/19/2023,1.38
03/20/2023,1.38
03/21/2023,1.38
03/22/2023,1.38
03/23/2023,1.38
03/24/2023,1.38
03/25/2023,1.73
03/26/2023,1.73
03/27/2023,1.73
03/28/2023,1.73
03/29/2023,1.73
03/30/2023,1.73
03/31/2023,1.73
04/01/2023,1.89
04/02/2023,1.89
04/03/2023,1.89
04/04/2023,1.89
04/05/2023,1.89
04/06/2023,1.89
04/07/2023,1.89
04/08/2023,1.3
04/09/2023,1.3
04/10/2023,1.3
04/11/2023,1.3
04/12/2023,1.3
04/13/2023,1.3
04/14/2023,1.3
04/15/2023,1.14
04/16/2023,1.14
04/17/2023,1.14
04/18/2023,1.14
04/19/2023,1.14
04/20/2023,1.14
04/21/2023,1.14
04/22/2023,1.4
04/23/2023,1.4
04/24/2023,1.4
04/25/2023,1.4
04/26/2023,1.4
04/27/2023,1.4
04/28/2023,1.4
04/29/2023,1.2
04/30/2023,1.2
05/01/2023,1.2
05/02/2023,1.2
05/03/2023,1.2
05/04/2023,1.2
05/05/2023,1.2
05/06/2023,1.38
05/07/2023,1.38
05/08/2023,1.38
05/09/2023,1.38
05/10/2023,1.38
05/11/2023,1.38
05/12/2023,1.38
05/13/2023,1.07
05/14/2023,1.07
05/15/2023,1.07
05/16/2023,1.07
05/17/2023,1.07
05/18/2023,1.07
05/19/2023,1.07
05/20/2023,1.4
05/21/2023,1.4
05/22/2023,1.4
05/23/2023,1.4
05/24/2023,1.4
05/25/2023,1.4
05/26/2023,1.4
05/27/2023,1.2
05/28/2023,1.2
05/29/2023,1.2
05/30/2023,1.2
05/31/2023,1.2
06/01/2023,1.2
06/02/2023,1.2
06/03/2023,1.21
06/04/2023,1.21
06/05/2023,1.21
06/06/2023,1.21
06/07/2023,1.21
06/08/2023,1.21
06/09/2023,1.21
06/10/2023,1.21
06/11/2023,1.21
06/12/2023,1.21
06/13/2023,1.21
06/14/2023,1.21
06/15/2023,1.21
06/16/2023,1.21
06/17/2023,1.43
06/18/2023,1.43
06/19/2023,1.43
06/20/2023,1.43
06/21/2023,1.43
06/22/2023,1.43
06/23/2023,1.43
06/24/2023,1.52
06/25/2023,1.52
06/26/2023,1.52
06/27/2023,1.52
06/28/2023,1.52
06/29/2023,1.52
06/30/2023,1.52
07/01/2023,1.4
07/02/2023,1.4
07/03/2023,1.4
07/04/2023,1.4
07/05/2023,1.4
07/06/2023,1.4
07/07/2023,1.4
07/08/2023,1.44
07/09/2023,1.44
07/10/2023,1.44
07/11/2023,1.44
07/12/2023,1.44
07/13/2023,1.44
07/14/2023,1.44
07/15/2023,1.64
07/16/2023,1.64
07/17/2023,1.64
07/18/2023,1.64
07/19/2023,1.64
07/20/2023,1.64
07/21/2023,1.64
07/22/2023,1.32
07/23/2023,1.32
07/24/2023,1.32
07/25/2023,1.32
07/26/2023,1.32
07/27/2023,1.32
07/28/2023,1.32
07/29/2023,1.87
07/30/2023,1.87
07/31/2023,1.87
08/01/2023,1.87
08/02/2023,1.87
08/03/2023,1.87
08/04/2023,1.87
08/05/2023,1.56
08/06/2023,1.56
08/07/2023,1.56
08/08/2023,1.56
08/09/2023,1.56
08/10/2023,1.56
08/11/2023,1.56
08/12/2023,1.23
08/13/2023,1.23
08/14/2023,1.23
08/15/2023,1.23
08/16/2023,1.23
08/17/2023,1.23
08/18/2023,1.23
08/19/2023,1.92
08/20/2023,1.92
08/21/2023,1.92
08/22/2023,1.92
08/23/2023,1.92
08/24/2023,1.92
08/25/2023,1.92
08/26/2023,1.99
08/27/2023,1.99
08/28/2023,1.99
08/29/2023,1.99
08/30/2023,1.99
08/31/2023,1.99
09/01/2023,1.99
09/02/2023,1.9
09/03/2023,1.9
09/04/2023,1.9
09/05/2023,1.9
09/06/2023,1.9
09/07/2023,1.9
09/08/2023,1.9
09/09/2023,2.07
09/10/2023,2.07
09/11/2023,2.07
09/12/2023,2.07
09/13/2023,2.07
09/14/2023,2.07
09/15/2023,2.07
09/16/2023,2.39
09/17/2023,2.39
09/18/2023,2.39
09/19/2023,2.39
09/20/2023,2.39
09/21/2023,2.39
09/22/2023,2.39
09/23/2023,1.69
09/24/2023,1.69
09/25/2023,1.69
09/26/2023,1.69
09/27/2023,1.69
09/28/2023,1.69
09/29/2023,1.69
09/30/2023,1.81
10/01/2023,1.81
10/02/2023,1.81
10/03/2023,1.81
10/04/2023,1.81
10/05/2023,1.81
10/06/2023,1.81
10/07/2023,2.13
10/08/2023,2.13
10/09/2023,2.13
10/10/2023,2.13
10/11/2023,2.13
10/12/2023,2.13
10/13/2023,2.13
10/14/2023,2.1
10/15/2023,2.1
10/16/2023,2.1
10/17/2023,2.1
10/18/2023,2.1
10/19/2023,2.1
10/20/2023,2.1
10/21/2023,2.16
10/22/2023,2.16
10/23/2023,2.16
10/24/2023,2.16
10/25/2023,2.16
10/26/2023,2.16
10/27/2023,2.16
10/28/2023,2.0
10/29/2023,2.0
10/30/2023,2.0
10/31/2023,2.0
11/01/2023,2.0
11/02/2023,2.0
11/03/2023,2.0
11/04/2023,2.08
11/05/2023,2.08
11/06/2023,2.08
11/07/2023,2.08
11/08/2023,2.08
11/09/2023,2.08
11/10/2023,2.08
11/11/2023,2.15
11/12/2023,2.15
11/13/2023,2.15
11/14/2023,2.15
11/15/2023,2.15
11/16/2023,2.15
11/17/2023,2.15
11/18/2023,2.03
11/19/2023,2.03
11/20/2023,2.03
11/21/2023,2.03
11/22/2023,2.03
11/23/2023,2.03
11/24/2023,2.03
11/25/2023,1.92
11/26/2023,1.92
11/27/2023,1.92
11/28/2023,1.92
11/29/2023,1.92
11/30/2023,1.92
12/01/2023,1.92
12/02/2023,2.28
12/03/2023,2.28
12/04/2023,2.28
12/05/2023,2.28
12/06/2023,2.28
12/07/2023,2.28
12/08/2023,2.28
12/09/2023,2.17
12/10/2023,2.17
12/11/2023,2.17
12/12/2023,2.17
12/13/2023,2.17
12/14/2023,2.17
12/15/2023,2.17
12/16/2023,2.05
12/17/2023,2.05
12/18/2023,2.05
12/19/2023,2.05
12/20/2023,2.05
12/21/2023,2.05
12/22/2023,2.05
12/23/2023,2.49
12/24/2023,2.49
12/25/2023,2.49
12/26/2023,2.49
12/27/2023,2.49
12/28/2023,2.49
12/29/2023,2.49
12/30/2023,2.11
12/31/2023,2.11
01/01/2024,2.11
01/02/2024,2.11
01/03/2024,2.11
01/04/2024,2.11
01/05/2024,2.11
01/06/2024,2.52
01/07/2024,2.52
01/08/2024,2.52
01/09/2024,2.52
01/10/2024,2.52
01/11/2024,2.52
01/12/2024,2.52
01/13/2024,1.85
01/14/2024,1.85
01/15/2024,1.85
01/16/2024,1.85
01/17/2024,1.85
01/18/2024,1.85
01/19/2024,1.85
01/20/2024,1.5
01/21/2024,1.5
01/22/2024,1.5
01/23/2024,1.5
01/24/2024,1.5
01/25/2024,1.5
01/26/2024,1.5
01/27/2024,1.5
01/28/2024,1.5
01/29/2024,1.5
01/30/2024,1.5
01/31/2024,1.5
02/01/2024,1.5
02/02/2024,1.5
02/03/2024,2.14
02/04/2024,2.14
02/05/2024,2.14
02/06/2024,2.14
02/07/2024,2.14
02/08/2024,2.14
02/09/2024,2.14
02/10/2024,1.54
02/11/2024,1.54
02/12/2024,1.54
02/13/2024,1.54
02/14/2024,1.54
02/15/2024,1.54
02/16/2024,1.54
02/17/2024,1.63
02/18/2024,1.63
02/19/2024,1.63
02/20/2024,1.63
02/21/2024,1.63
02/22/2024,1.63
02/23/2024,1.63
02/24/2024,1.75
02/25/2024,1.75
02/26/2024,1.75
02/27/2024,1.75
02/28/2024,1.75
02/29/2024,1.75
03/01/2024,1.75
03/02/2024,2.18
03/03/2024,2.18
03/04/2024,2.18
03/05/2024,2.18
03/06/2024,2.18
03/07/2024,2.18
03/08/2024,2.18
03/09/2024,1.78
03/10/2024,1.78
03/11/2024,1.78
03/12/2024,1.78
03/13/2024,1.78
03/14/2024,1.78
03/15/2024,1.78
03/16/2024,1.66
03/17/2024,1.66
03/18/2024,1.66
03/19/2024,1.66
03/20/2024,1.66
03/21/2024,1.66
03/22/2024,1.66
03/23/2024,1.83
03/24/2024,1.83
03/25/2024,1.83
03/26/2024,1.83
03/27/2024,1.83
03/28/2024,1.83
03/29/2024,1.83
03/30/2024,1.89
03/31/2024,1.89
04/01/2024,1.89
04/02/2024,1.89
04/03/2024,1.89
04/04/2024,1.89
04/05/2024,1.89
04/06/2024,1.77
04/07/2024,1.77
04/08/2024,1.77
04/09/2024,1.77
04/10/2024,1.77
04/11/2024,1.77
04/12/2024,1.77
04/13/2024,1.89
04/14/2024,1.89
04/15/2024,1.89
04/16/2024,1.89
04/17/2024,1.89
04/18/2024,1.89
04/19/2024,1.89
04/20/2024,1.74
04/21/2024,1.74
04/22/2024,1.74
04/23/2024,1.74
04/24/2024,1.74
04/25/2024,1.74
04/26/2024,1.74
04/27/2024,1.8
04/28/2024,1.8
04/29/2024,1.8
04/30/2024,1.8
05/01/2024,1.8
05/02/2024,1.8
05/03/2024,1.8
05/04/2024,1.5
05/05/2024,1.5
05/06/2024,1.5
05/07/2024,1.5
05/08/2024,1.5
05/09/2024,1.5
05/10/2024,1.5
05/11/2024,2.03
05/12/2024,2.03
05/13/2024,2.03
05/14/2024,2.03
05/15/2024,2.03
05/16/2024,2.03
05/17/2024,2.03
05/18/2024,1.86
05/19/2024,1.86
05/20/2024,1.86
05/21/2024,1.86
05/22/2024,1.86
05/23/2024,1.86
05/24/2024,1.86
05/25/2024,2.51
05/26/2024,2.51
05/27/2024,2.51
05/28/2024,2.51
05/29/2024,2.51
05/30/2024,2.51
05/31/2024,2.51
06/01/2024,2.05
06/02/2024,2.05
06/03/2024,2.05
06/04/2024,2.05
06/05/2024,2.05
06/06/2024,2.05
06/07/2024,2.05
06/08/2024,2.38
06/09/2024,2.38
06/10/2024,2.38
06/11/2024,2.38
06/12/2024,2.38
06/13/2024,2.38
06/14/2024,2.38
06/15/2024,2.24
06/16/2024,2.24
06/17/2024,2.24
06/18/2024,2.24
06/19/2024,2.24
06/20/2024,2.24
06/21/2024,2.24
06/22/2024,2.17
06/23/2024,2.17
06/24/2024,2.17
06/25/2024,2.17
06/26/2024,2.17
06/27/2024,2.17
06/28/2024,2.17
06/29/2024,2.39
06/30/2024,2.39
07/01/2024,2.39
07/02/2024,2.39
07/03/2024,2.39
07/04/2024,2.39
07/05/2024,2.39
07/06/2024,2.68
07/07/2024,2.68
07/08/2024,2.68
07/09/2024,2.68
07/10/2024,2.68
07/11/2024,2.68
07/12/2024,2.68
07/13/2024,1.83
07/14/2024,1.83
07/15/2024,1.83
07/16/2024,1.83
07/17/2024,1.83
07/18/2024,1.83
07/19/2024,1.83
07/20/2024,2.0
07/21/2024,2.0
07/22/2024,2.0
07/23/2024,2.0
07/24/2024,2.0
07/25/2024,2.0
07/26/2024,2.0
07/27/2024,1.71
07/28/2024,1.71
07/29/2024,1.71
07/30/2024,1.71
07/31/2024,1.71
08/01/2024,1.71
08/02/2024,1.71
08/03/2024,1.85
08/04/2024,1.85
08/05/2024,1.85
08/06/2024,1.85
08/07/2024,1.85
08/08/2024,1.85
08/09/2024,1.85
08/10/2024,2.01
08/11/2024,2.01
08/12/2024,2.01
08/13/2024,2.01
08/14/2024,2.01
08/15/2024,2.01
08/16/2024,2.01
08/17/2024,2.04
08/18/2024,2.04
08/19/2024,2.04
08/20/2024,2.04
08/21/2024,2.04
08/22/2024,2.04
08/23/2024,2.04
08/24/2024,1.99
08/25/2024,1.99
08/26/2024,1.99
08/27/2024,1.99
08/28/2024,1.99
08/29/2024,1.99
08/30/2024,1.99
08/31/2024,2.36
09/01/2024,2.36
09/02/2024,2.36
09/03/2024,2.36
09/04/2024,2.36
09/05/2024,2.36
09/06/2024,2.36
09/07/2024,2.02
09/08/2024,2.02
09/09/2024,2.02
09/10/2024,2.02
09/11/2024,2.02
09/12/2024,2.02
09/13/2024,2.02
09/14/2024,2.05
09/15/2024,2.05
09/16/2024,2.05
09/17/2024,2.05
09/18/2024,2.05
09/19/2024,2.05
09/20/2024,2.05
09/21/2024,2.41
09/22/2024,2.41
09/23/2024,2.41
09/24/2024,2.41
09/25/2024,2.41
09/26/2024,2.41
09/27/2024,2.41
09/28/2024,2.09
09/29/2024,2.09
09/30/2024,2.09
10/01/2024,2.09
10/02/2024,2.09
10/03/2024,2.09
10/04/2024,2.09
10/05/2024,2.24
10/06/2024,2.24
10/07/2024,2.24
10/08/2024,2.24
10/09/2024,2.24
10/10/2024,2.24
10/11/2024,2.24
10/12/2024,1.95
10/13/2024,1.95
10/14/2024,1.95
10/15/2024,1.95
10/16/2024,1.95
10/17/2024,1.95
10/18/2024,1.95
10/19/2024,1.73
10/20/2024,1.73
10/21/2024,1.73
10/22/2024,1.73
10/23/2024,1.73
10/24/2024,1.73
10/25/2024,1.73
10/26/2024,2.13
10/27/2024,2.13
10/28/2024,2.13
10/29/2024,2.13
10/30/2024,2.13
10/31/2024,2.13
11/01/2024,2.13
11/02/2024,1.66
11/03/2024,1.66
11/04/2024,1.66
11/05/2024,1.66
11/06/2024,1.66
11/07/2024,1.66
11/08/2024,1.66
11/09/2024,2.06
11/10/2024,2.06
11/11/2024,2.06
11/12/2024,2.06
11/13/2024,2.06
11/14/2024,2.06
11/15/2024,2.06
11/16/2024,1.89
11/17/2024,1.89
11/18/2024,1.89
11/19/2024,1.89
11/20/2024,1.89
11/21/2024,1.89
11/22/2024,1.89
11/23/2024,3.21
11/24/2024,3.21
11/25/2024,3.21
11/26/2024,3.21
11/27/2024,3.21
11/28/2024,3.21
11/29/2024,3.21
11/30/2024,1.73
12/01/2024,1.73
12/02/2024,1.73
12/03/2024,1.73
12/04/2024,1.73
12/05/2024,1.73
12/06/2024,1.73
12/07/2024,2.18
12/08/2024,2.18
12/09/2024,2.18
12/10/2024,2.18
12/11/2024,2.18
12/12/2024,2.18
12/13/2024,2.18
12/14/2024,2.79
12/15/2024,2.79
12/16/2024,2.79
12/17/2024,2.79
12/18/2024,2.79
12/19/2024,2.79
12/20/2024,2.79
12/21/2024,2.48
12/22/2024,2.48
12/23/2024,2.48
12/24/2024,2.48
12/25/2024,2.48
12/26/2024,2.48
12/27/2024,2.48
12/28/2024,2.71
12/29/2024,2.71
12/30/2024,2.71
12/31/2024,2.71
01/01/2025,2.71
01/02/2025,2.71
01/03/2025,2.71
01/04/2025,1.98
01/05/2025,1.98
01/06/2025,1.98
01/07/2025,1.98
01/08/2025,1.98
01/09/2025,1.98
01/10/2025,1.98
01/11/2025,2.28
01/12/2025,2.28
01/13/2025,2.28
01/14/2025,2.28
01/15/2025,2.28
01/16/2025,2.28
01/17/2025,2.28
01/18/2025,2.81
01/19/2025,2.81
01/20/2025,2.81
01/21/2025,2.81
01/22/2025,2.81
01/23/2025,2.81
01/24/2025,2.81
01/25/2025,2.79
01/26/2025,2.79
01/27/2025,2.79
01/28/2025,2.79
01/29/2025,2.79
01/30/2025,2.79
01/31/2025,2.79
02/01/2025,2.4
02/02/2025,2.4
02/03/2025,2.4
02/04/2025,2.4
02/05/2025,2.4
02/06/2025,2.4
02/07/2025,2.4
02/08/2025,2.55
02/09/2025,2.55
02/10/2025,2.55
02/11/2025,2.55
02/12/2025,2.55
02/13/2025,2.55
02/14/2025,2.55
02/15/2025,2.51
02/16/2025,2.51
02/17/2025,2.51
02/18/2025,2.51
02/19/2025,2.51
02/20/2025,2.51
02/21/2025,2.51
02/22/2025,2.43
02/23/2025,2.43
02/24/2025,2.43
02/25/2025,2.43
02/26/2025,2.43
02/27/2025,2.43
02/28/2025,2.43
03/01/2025,2.26
03/02/2025,2.26
03/03/2025,2.26
03/04/2025,2.26
03/05/2025,2.26
03/06/2025,2.26
03/07/2025,2.26
03/08/2025,2.61
03/09/2025,2.61
03/10/2025,2.61
03/11/2025,2.61
03/12/2025,2.61
03/13/2025,2.61
03/14/2025,2.61
03/15/2025,2.34
03/16/2025,2.34
03/17/2025,2.34
03/18/2025,2.34
03/19/2025,2.34
03/20/2025,2.34
03/21/2025,2.34
03/22/2025,2.09
03/23/2025,2.09
03/24/2025,2.09
03/25/2025,2.09
03/26/2025,2.09
03/27/2025,2.09
03/28/2025,2.09
03/29/2025,2.29
03/30/2025,2.29
03/31/2025,2.29
04/01/2025,2.29
04/02/2025,2.29
04/03/2025,2.29
04/04/2025,2.29
04/05/2025,3.08
04/06/2025,3.08
04/07/2025,3.08
04/08/2025,3.08
04/09/2025,3.08
04/10/2025,3.08
04/11/2025,3.08
04/12/2025,2.58
04/13/2025,2.58
04/14/2025,2.58
04/15/2025,2.58
04/16/2025,2.58
04/17/2025,2.58
04/18/2025,2.58
04/19/2025,2.68
04/20/2025,2.68
04/21/2025,2.68
04/22/2025,2.68
04/23/2025,2.68
04/24/2025,2.68
04/25/2025,2.68
04/26/2025,2.33
04/27/2025,2.33
04/28/2025,2.33
04/29/2025,2.33
04/30/2025,2.33
05/01/2025,2.33
05/02/2025,2.33
05/03/2025,2.57
05/04/2025,2.57
05/05/2025,2.57
05/06/2025,2.57
05/07/2025,2.57
05/08/2025,2.57
05/09/2025,2.57
05/10/2025,2.1
05/11/2025,2.1
05/12/2025,2.1
05/13/2025,2.1
05/14/2025,2.1
05/15/2025,2.1
05/16/2025,2.1
05/17/2025,1.93
05/18/2025,1.93
05/19/2025,1.93
05/20/2025,1.93
05/21/2025,1.93
05/22/2025,1.93
05/23/2025,1.93
05/24/2025,2.05
05/25/2025,2.05
05/26/2025,2.05
05/27/2025,2.05
05/28/2025,2.05
05/29/2025,2.05
05/30/2025,2.05
05/31/2025,1.78
06/01/2025,1.78
06/02/2025,1.78
06/03/2025,1.78
06/04/2025,1.78
06/05/2025,1.78
06/06/2025,1.78
06/07/2025,1.96
06/08/2025,1.96
06/09/2025,1.96
06/10/2025,1.96
06/11/2025,1.96
06/12/2025,1.96
06/13/2025,1.96
06/14/2025,2.03
06/15/2025,2.03
06/16/2025,2.03
06/17/2025,2.03
06/18/2025,2.03
06/19/2025,2.03
06/20/2025,2.03
06/21/2025,2.37
06/22/2025,2.37
06/23/2025,2.37
06/24/2025,2.37
06/25/2025,2.37
06/26/2025,2.37
06/27/2025,2.37
06/28/2025,2.15
06/29/2025,2.15
06/30/2025,2.15
07/01/2025,2.15
07/02/2025,2.15
07/03/2025,2.15
07/04/2025,2.15
07/05/2025,2.65
07/06/2025,2.65
07/07/2025,2.65
07/08/2025,2.65
07/09/2025,2.65
07/10/2025,2.65
07/11/2025,2.65
07/12/2025,2.36
07/13/2025,2.36
07/14/2025,2.36
07/15/2025,2.36
07/16/2025,2.36
07/17/2025,2.36
07/18/2025,2.36
07/19/2025,2.25
07/20/2025,2.25
07/21/2025,2.25
07/22/2025,2.25
07/23/2025,2.25
07/24/2025,2.25
07/25/2025,2.25
07/26/2025,2.59
07/27/2025,2.59
07/28/2025,2.59
07/29/2025,2.59
07/30/2025,2.59
07/31/2025,2.59
08/01/2025,2.59
08/02/2025,2.61
08/03/2025,2.61
08/04/2025,2.61
08/05/2025,2.61
08/06/2025,2.61
08/07/2025,2.61
08/08/2025,2.61
08/09/2025,2.52
08/10/2025,2.52
08/11/2025,2.52
08/12/2025,2.52
08/13/2025,2.52
08/14/2025,2.52
08/15/2025,2.52
08/16/2025,2.55
08/17/2025,2.55
08/18/2025,2.55
08/19/2025,2.55
08/20/2025,2.55
08/21/2025,2.55
08/22/2025,2.55
08/23/2025,2.63
08/24/2025,2.63
08/25/2025,2.63
08/26/2025,2.63
08/27/2025,2.63
08/28/2025,2.63
08/29/2025,2.63
08/30/2025,2.23
08/31/2025,2.23
09/01/2025,2.23
09/02/2025,2.23
09/03/2025,2.23
09/04/2025,2.23
09/05/2025,2.23
09/06/2025,2.32
09/07/2025,2.32
09/08/2025,2.32
09/09/2025,2.32
09/10/2025,2.32
09/11/2025,2.32
09/12/2025,2.32
09/13/2025,2.31
09/14/2025,2.31
09/15/2025,2.31
09/16/2025,2.31
09/17/2025,2.31
09/18/2025,2.31
09/19/2025,2.31
09/20/2025,2.07
09/21/2025,2.07
09/22/2025,2.07
09/23/2025,2.07
09/24/2025,2.07
09/25/2025,2.07
09/26/2025,2.07
09/27/2025,2.37
09/28/2025,2.37
09/29/2025,2.37
09/30/2025,2.37
10/01/2025,2.37
10/02/2025,2.37
10/03/2025,2.37
10/04/2025,2.44
10/05/2025,2.44
10/06/2025,2.44
10/07/2025,2.44
10/08/2025,2.44
10/09/2025,2.44
10/10/2025,2.44
10/11/2025,2.5
10/12/2025,2.5
10/13/2025,2.5
10/14/2025,2.5
10/15/2025,2.5
10/16/2025,2.5
10/17/2025,2.5
10/18/2025,2.13
10/19/2025,2.13
10/20/2025,2.13
10/21/2025,2.13
10/22/2025,2.13
10/23/2025,2.13
10/24/2025,2.13
10/25/2025,2.02
10/26/2025,2.02
10/27/2025,2.02
10/28/2025,2.02
10/29/2025,2.02
10/30/2025,2.02
10/31/2025,2.02
11/01/2025,2.27
11/02/2025,2.27
11/03/2025,2.27
11/04/2025,2.27
11/05/2025,2.27
11/06/2025,2.27
11/07/2025,2.27
11/08/2025,1.95
11/09/2025,1.95
11/10/2025,1.95
11/11/2025,1.95
11/12/2025,1.95
11/13/2025,1.95
11/14/2025,1.95
11/15/2025,2.33
11/16/2025,2.33
11/17/2025,2.33
11/18/2025,2.33
11/19/2025,2.33
11/20/2025,2.33
11/21/2025,2.33
11/22/2025,2.19
11/23/2025,2.19
11/24/2025,2.19
11/25/2025,2.19
11/26/2025,2.19
11/27/2025,2.19
11/28/2025,2.19
11/29/2025,2.26
11/30/2025,2.26
12/01/2025,2.26
12/02/2025,2.26
12/03/2025,2.26
12/04/2025,2.26
12/05/2025,2.26
12/06/2025,2.3
12/07/2025,2.3
12/08/2025,2.3
12/09/2025,2.3
12/10/2025,2.3
12/11/2025,2.3
12/12/2025,2.3
12/13/2025,2.31
12/14/2025,2.31
12/15/2025,2.31
12/16/2025,2.31
12/17/2025,2.31
12/18/2025,2.31
12/19/2025,2.31
12/20/2025,2.21
12/21/2025,2.21
12/22/2025,2.21
12/23/2025,2.21
12/24/2025,2.21
12/25/2025,2.21
12/26/2025,2.21
12/27/2025,2.51
